meterUid,interval,timeStamp,import,export,isEstimate,energyUnit,display_name,Unnamed: 8
142812,15,2025-02-22T00:00:00+08:00,132271358,35301144,False,Wh,Grid meter,0.0
142812,15,2025-02-22T00:15:00+08:00,132272470,35301144,False,Wh,Grid meter,0.0
142812,15,2025-02-22T00:30:00+08:00,132273280,35301144,False,Wh,Grid meter,0.0
142812,15,2025-02-22T00:45:00+08:00,132274012,35301144,False,Wh,Grid meter,0.0
142812,15,2025-02-22T01:00:00+08:00,132274658,35301144,False,Wh,Grid meter,0.0
142812,15,2025-02-22T01:15:00+08:00,132275268,35301144,False,Wh,Grid meter,0.0
142812,15,2025-02-22T01:30:00+08:00,132275878,35301144,False,Wh,Grid meter,0.0
142812,15,2025-02-22T01:45:00+08:00,132276452,35301144,False,Wh,Grid meter,0.0
142812,15,2025-02-22T02:00:00+08:00,132277555,35301144,False,Wh,Grid meter,0.0
142812,15,2025-02-22T02:15:00+08:00,132278197,35301144,False,Wh,Grid meter,0.0
142812,15,2025-02-22T02:30:00+08:00,132278807,35301144,False,Wh,Grid meter,0.0
142812,15,2025-02-22T02:45:00+08:00,132279444,35301144,False,Wh,Grid meter,0.0
142812,15,2025-02-22T03:00:00+08:00,132280027,35301144,False,Wh,Grid meter,0.0
142812,15,2025-02-22T03:15:00+08:00,132280583,35301144,False,Wh,Grid meter,0.0
142812,15,2025-02-22T03:30:00+08:00,132281437,35301144,False,Wh,Grid meter,0.0
142812,15,2025-02-22T03:45:00+08:00,132281989,35301144,False,Wh,Grid meter,0.0
142812,15,2025-02-22T04:00:00+08:00,132282608,35301144,False,Wh,Grid meter,0.0
142812,15,2025-02-22T04:15:00+08:00,132283633,35301144,False,Wh,Grid meter,0.0
142812,15,2025-02-22T04:30:00+08:00,132285227,35301144,False,Wh,Grid meter,0.0
142812,15,2025-02-22T04:45:00+08:00,132285871,35301144,False,Wh,Grid meter,0.0
142812,15,2025-02-22T05:00:00+08:00,132286525,35301144,False,Wh,Grid meter,0.0
142812,15,2025-02-22T05:15:00+08:00,132287155,35301144,False,Wh,Grid meter,0.0
142812,15,2025-02-22T05:30:00+08:00,132287692,35301144,False,Wh,Grid meter,0.0
142812,15,2025-02-22T05:45:00+08:00,132288242,35301144,False,Wh,Grid meter,0.0
142812,15,2025-02-22T06:00:00+08:00,132288824,35301144,False,Wh,Grid meter,0.0
142812,15,2025-02-22T06:15:00+08:00,132289404,35301144,False,Wh,Grid meter,0.0
142812,15,2025-02-22T06:30:00+08:00,132289965,35301144,False,Wh,Grid meter,0.0
142812,15,2025-02-22T06:45:00+08:00,132291236,35301144,False,Wh,Grid meter,0.0
142812,15,2025-02-22T07:00:00+08:00,132292559,35301144,False,Wh,Grid meter,0.0
142812,15,2025-02-22T07:15:00+08:00,132292807,35301154,False,Wh,Grid meter,0.0
142812,15,2025-02-22T07:30:00+08:00,132293171,35301168,False,Wh,Grid meter,0.0
142812,15,2025-02-22T07:45:00+08:00,132293175,35301180,False,Wh,Grid meter,0.0
142812,15,2025-02-22T08:00:00+08:00,132293220,35301230,False,Wh,Grid meter,0.0
142812,15,2025-02-22T08:15:00+08:00,132293299,35301280,False,Wh,Grid meter,0.0
142812,15,2025-02-22T08:30:00+08:00,132293345,35301394,False,Wh,Grid meter,0.0
142812,15,2025-02-22T08:45:00+08:00,132293725,35301397,False,Wh,Grid meter,0.0
142812,15,2025-02-22T09:00:00+08:00,132293841,35301658,False,Wh,Grid meter,0.0
142812,15,2025-02-22T09:15:00+08:00,132293867,35301734,False,Wh,Grid meter,0.0
142812,15,2025-02-22T09:30:00+08:00,132293921,35301802,False,Wh,Grid meter,0.0
142812,15,2025-02-22T09:45:00+08:00,132293935,35302018,False,Wh,Grid meter,0.0
142812,15,2025-02-22T10:00:00+08:00,132293935,35302824,False,Wh,Grid meter,0.0
142812,15,2025-02-22T10:15:00+08:00,132293935,35303952,False,Wh,Grid meter,0.0
142812,15,2025-02-22T10:30:00+08:00,132293935,35305156,False,Wh,Grid meter,0.0
142812,15,2025-02-22T10:45:00+08:00,132293935,35306456,False,Wh,Grid meter,0.0
142812,15,2025-02-22T11:00:00+08:00,132293935,35307400,False,Wh,Grid meter,0.0
142812,15,2025-02-22T11:15:00+08:00,132293936,35308419,False,Wh,Grid meter,0.0
142812,15,2025-02-22T11:30:00+08:00,132293936,35309605,False,Wh,Grid meter,0.0
142812,15,2025-02-22T11:45:00+08:00,132293936,35310719,False,Wh,Grid meter,0.0
142812,15,2025-02-22T12:00:00+08:00,132293981,35311007,False,Wh,Grid meter,0.0
142812,15,2025-02-22T12:15:00+08:00,132294077,35311297,False,Wh,Grid meter,0.0
142812,15,2025-02-22T12:30:00+08:00,132294095,35311572,False,Wh,Grid meter,0.0
142812,15,2025-02-22T12:45:00+08:00,132294097,35312160,False,Wh,Grid meter,0.0
142812,15,2025-02-22T13:00:00+08:00,132294110,35312668,False,Wh,Grid meter,0.0
142812,15,2025-02-22T13:15:00+08:00,132294118,35313531,False,Wh,Grid meter,0.0
142812,15,2025-02-22T13:30:00+08:00,132294124,35314034,False,Wh,Grid meter,0.0
142812,15,2025-02-22T13:45:00+08:00,132294131,35314900,False,Wh,Grid meter,0.0
142812,15,2025-02-22T14:00:00+08:00,132294131,35315861,False,Wh,Grid meter,0.0
142812,15,2025-02-22T14:15:00+08:00,132294146,35316427,False,Wh,Grid meter,0.0
142812,15,2025-02-22T14:30:00+08:00,132294146,35317362,False,Wh,Grid meter,0.0
142812,15,2025-02-22T14:45:00+08:00,132294147,35318412,False,Wh,Grid meter,0.0
142812,15,2025-02-22T15:00:00+08:00,132294148,35319235,False,Wh,Grid meter,0.0
142812,15,2025-02-22T15:15:00+08:00,132294168,35319840,False,Wh,Grid meter,0.0
142812,15,2025-02-22T15:30:00+08:00,132294169,35320490,False,Wh,Grid meter,0.0
142812,15,2025-02-22T15:45:00+08:00,132294173,35321302,False,Wh,Grid meter,0.0
142812,15,2025-02-22T16:00:00+08:00,132294174,35322055,False,Wh,Grid meter,0.0
142812,15,2025-02-22T16:15:00+08:00,132294176,35322771,False,Wh,Grid meter,0.0
142812,15,2025-02-22T16:30:00+08:00,132294176,35323425,False,Wh,Grid meter,0.0
142812,15,2025-02-22T16:45:00+08:00,132294187,35323523,False,Wh,Grid meter,0.0
142812,15,2025-02-22T17:00:00+08:00,132294233,35323666,False,Wh,Grid meter,0.0
142812,15,2025-02-22T17:15:00+08:00,132294246,35323767,False,Wh,Grid meter,0.0
142812,15,2025-02-22T17:30:00+08:00,132294298,35323820,False,Wh,Grid meter,0.0
142812,15,2025-02-22T17:45:00+08:00,132294310,35323837,False,Wh,Grid meter,0.0
142812,15,2025-02-22T18:00:00+08:00,132294470,35323865,False,Wh,Grid meter,0.0
142812,15,2025-02-22T18:15:00+08:00,132294605,35323900,False,Wh,Grid meter,0.0
142812,15,2025-02-22T18:30:00+08:00,132294703,35323937,False,Wh,Grid meter,0.0
142812,15,2025-02-22T18:45:00+08:00,132294853,35323973,False,Wh,Grid meter,0.0
142812,15,2025-02-22T19:00:00+08:00,132295017,35323993,False,Wh,Grid meter,0.0
142812,15,2025-02-22T19:15:00+08:00,132295334,35324018,False,Wh,Grid meter,0.0
142812,15,2025-02-22T19:30:00+08:00,132296352,35324023,False,Wh,Grid meter,0.0
142812,15,2025-02-22T19:45:00+08:00,132296829,35324040,False,Wh,Grid meter,0.0
142812,15,2025-02-22T20:00:00+08:00,132297217,35324052,False,Wh,Grid meter,0.0
142812,15,2025-02-22T20:15:00+08:00,132297274,35324075,False,Wh,Grid meter,0.0
142812,15,2025-02-22T20:30:00+08:00,132297308,35324113,False,Wh,Grid meter,0.0
142812,15,2025-02-22T20:45:00+08:00,132297314,35324126,False,Wh,Grid meter,0.0
142812,15,2025-02-22T21:00:00+08:00,132297337,35324154,False,Wh,Grid meter,0.0
142812,15,2025-02-22T21:15:00+08:00,132297343,35324163,False,Wh,Grid meter,0.0
142812,15,2025-02-22T21:30:00+08:00,132297436,35324172,False,Wh,Grid meter,0.0
142812,15,2025-02-22T21:45:00+08:00,132297579,35324193,False,Wh,Grid meter,0.0
142812,15,2025-02-22T22:00:00+08:00,132298026,35324201,False,Wh,Grid meter,0.0
142812,15,2025-02-22T22:15:00+08:00,132298119,35324208,False,Wh,Grid meter,0.0
142812,15,2025-02-22T22:30:00+08:00,132299499,35324208,False,Wh,Grid meter,0.0
142812,15,2025-02-22T22:45:00+08:00,132301131,35324208,False,Wh,Grid meter,0.0
142812,15,2025-02-22T23:00:00+08:00,132302467,35324208,False,Wh,Grid meter,0.0
142812,15,2025-02-22T23:15:00+08:00,132303629,35324208,False,Wh,Grid meter,0.0
142812,15,2025-02-22T23:30:00+08:00,132304403,35324208,False,Wh,Grid meter,0.0
142812,15,2025-02-22T23:45:00+08:00,132305093,35324208,False,Wh,Grid meter,0.0
142812,15,2025-02-23T00:00:00+08:00,132306283,35324208,False,Wh,Grid meter,0.0
142812,15,2025-02-23T00:15:00+08:00,132306969,35324208,False,Wh,Grid meter,0.0
142812,15,2025-02-23T00:30:00+08:00,132308189,35324208,False,Wh,Grid meter,0.0
142812,15,2025-02-23T00:45:00+08:00,132309355,35324208,False,Wh,Grid meter,0.0
142812,15,2025-02-23T01:00:00+08:00,132310090,35324208,False,Wh,Grid meter,0.0
142812,15,2025-02-23T01:15:00+08:00,132310804,35324208,False,Wh,Grid meter,0.0
142812,15,2025-02-23T01:30:00+08:00,132311453,35324208,False,Wh,Grid meter,0.0
142812,15,2025-02-23T01:45:00+08:00,132312035,35324208,False,Wh,Grid meter,0.0
142812,15,2025-02-23T02:00:00+08:00,132312872,35324208,False,Wh,Grid meter,0.0
142812,15,2025-02-23T02:15:00+08:00,132313830,35324208,False,Wh,Grid meter,0.0
142812,15,2025-02-23T02:30:00+08:00,132315252,35324208,False,Wh,Grid meter,0.0
142812,15,2025-02-23T02:45:00+08:00,132316648,35324208,False,Wh,Grid meter,0.0
142812,15,2025-02-23T03:00:00+08:00,132317520,35324208,False,Wh,Grid meter,0.0
142812,15,2025-02-23T03:15:00+08:00,132318981,35324208,False,Wh,Grid meter,0.0
142812,15,2025-02-23T03:30:00+08:00,132319636,35324208,False,Wh,Grid meter,0.0
142812,15,2025-02-23T03:45:00+08:00,132320196,35324208,False,Wh,Grid meter,0.0
142812,15,2025-02-23T04:00:00+08:00,132321105,35324208,False,Wh,Grid meter,0.0
142812,15,2025-02-23T04:15:00+08:00,132321713,35324208,False,Wh,Grid meter,0.0
142812,15,2025-02-23T04:30:00+08:00,132322263,35324208,False,Wh,Grid meter,0.0
142812,15,2025-02-23T04:45:00+08:00,132322745,35324208,False,Wh,Grid meter,0.0
142812,15,2025-02-23T05:00:00+08:00,132323265,35324208,False,Wh,Grid meter,0.0
142812,15,2025-02-23T05:15:00+08:00,132323772,35324208,False,Wh,Grid meter,0.0
142812,15,2025-02-23T05:30:00+08:00,132324268,35324208,False,Wh,Grid meter,0.0
142812,15,2025-02-23T05:45:00+08:00,132324813,35324208,False,Wh,Grid meter,0.0
142812,15,2025-02-23T06:00:00+08:00,132325765,35324208,False,Wh,Grid meter,0.0
142812,15,2025-02-23T06:15:00+08:00,132326419,35324208,False,Wh,Grid meter,0.0
142812,15,2025-02-23T06:30:00+08:00,132327147,35324208,False,Wh,Grid meter,0.0
142812,15,2025-02-23T06:45:00+08:00,132327451,35324208,False,Wh,Grid meter,0.0
142812,15,2025-02-23T07:00:00+08:00,132327663,35324208,False,Wh,Grid meter,0.0
142812,15,2025-02-23T07:15:00+08:00,132327733,35324224,False,Wh,Grid meter,0.0
142812,15,2025-02-23T07:30:00+08:00,132327743,35324243,False,Wh,Grid meter,0.0
142812,15,2025-02-23T07:45:00+08:00,132327750,35324256,False,Wh,Grid meter,0.0
142812,15,2025-02-23T08:00:00+08:00,132327763,35324270,False,Wh,Grid meter,0.0
142812,15,2025-02-23T08:15:00+08:00,132327822,35324373,False,Wh,Grid meter,0.0
142812,15,2025-02-23T08:30:00+08:00,132327855,35324489,False,Wh,Grid meter,0.0
142812,15,2025-02-23T08:45:00+08:00,132327871,35324520,False,Wh,Grid meter,0.0
142812,15,2025-02-23T09:00:00+08:00,132327944,35324557,False,Wh,Grid meter,0.0
142812,15,2025-02-23T09:15:00+08:00,132328011,35324738,False,Wh,Grid meter,0.0
142812,15,2025-02-23T09:30:00+08:00,132328038,35324790,False,Wh,Grid meter,0.0
142812,15,2025-02-23T09:45:00+08:00,132328102,35324834,False,Wh,Grid meter,0.0
142812,15,2025-02-23T10:00:00+08:00,132328146,35324910,False,Wh,Grid meter,0.0
142812,15,2025-02-23T10:15:00+08:00,132328173,35325121,False,Wh,Grid meter,0.0
142812,15,2025-02-23T10:30:00+08:00,132328408,35325156,False,Wh,Grid meter,0.0
142812,15,2025-02-23T10:45:00+08:00,132329061,35325374,False,Wh,Grid meter,0.0
142812,15,2025-02-23T11:00:00+08:00,132329085,35325624,False,Wh,Grid meter,0.0
142812,15,2025-02-23T11:15:00+08:00,132329124,35325793,False,Wh,Grid meter,0.0
142812,15,2025-02-23T11:30:00+08:00,132329157,35326354,False,Wh,Grid meter,0.0
142812,15,2025-02-23T11:45:00+08:00,132329176,35327038,False,Wh,Grid meter,0.0
142812,15,2025-02-23T12:00:00+08:00,132329176,35328900,False,Wh,Grid meter,0.0
142812,15,2025-02-23T12:15:00+08:00,132329178,35329967,False,Wh,Grid meter,0.0
142812,15,2025-02-23T12:30:00+08:00,132329180,35330664,False,Wh,Grid meter,0.0
142812,15,2025-02-23T12:45:00+08:00,132329237,35330973,False,Wh,Grid meter,0.0
142812,15,2025-02-23T13:00:00+08:00,132329308,35331214,False,Wh,Grid meter,0.0
142812,15,2025-02-23T13:15:00+08:00,132329361,35331553,False,Wh,Grid meter,0.0
142812,15,2025-02-23T13:30:00+08:00,132329361,35332507,False,Wh,Grid meter,0.0
142812,15,2025-02-23T13:45:00+08:00,132329361,35333540,False,Wh,Grid meter,0.0
142812,15,2025-02-23T14:00:00+08:00,132329362,35334839,False,Wh,Grid meter,0.0
142812,15,2025-02-23T14:15:00+08:00,132329368,35335473,False,Wh,Grid meter,0.0
142812,15,2025-02-23T14:30:00+08:00,132329368,35336760,False,Wh,Grid meter,0.0
142812,15,2025-02-23T14:45:00+08:00,132329368,35338233,False,Wh,Grid meter,0.0
142812,15,2025-02-23T15:00:00+08:00,132329370,35339222,False,Wh,Grid meter,0.0
142812,15,2025-02-23T15:15:00+08:00,132329370,35340427,False,Wh,Grid meter,0.0
142812,15,2025-02-23T15:30:00+08:00,132329380,35340778,False,Wh,Grid meter,0.0
142812,15,2025-02-23T15:45:00+08:00,132329383,35341556,False,Wh,Grid meter,0.0
142812,15,2025-02-23T16:00:00+08:00,132329386,35341895,False,Wh,Grid meter,0.0
142812,15,2025-02-23T16:15:00+08:00,132329387,35342347,False,Wh,Grid meter,0.0
142812,15,2025-02-23T16:30:00+08:00,132329395,35342451,False,Wh,Grid meter,0.0
142812,15,2025-02-23T16:45:00+08:00,132329396,35342666,False,Wh,Grid meter,0.0
142812,15,2025-02-23T17:00:00+08:00,132329403,35342820,False,Wh,Grid meter,0.0
142812,15,2025-02-23T17:15:00+08:00,132329439,35342879,False,Wh,Grid meter,0.0
142812,15,2025-02-23T17:30:00+08:00,132329690,35342898,False,Wh,Grid meter,0.0
142812,15,2025-02-23T17:45:00+08:00,132329730,35342910,False,Wh,Grid meter,0.0
142812,15,2025-02-23T18:00:00+08:00,132329980,35342910,False,Wh,Grid meter,0.0
142812,15,2025-02-23T18:15:00+08:00,132330728,35342910,False,Wh,Grid meter,0.0
142812,15,2025-02-23T18:30:00+08:00,132331541,35342910,False,Wh,Grid meter,0.0
142812,15,2025-02-23T18:45:00+08:00,132332751,35342910,False,Wh,Grid meter,0.0
142812,15,2025-02-23T19:00:00+08:00,132334994,35342910,False,Wh,Grid meter,0.0
142812,15,2025-02-23T19:15:00+08:00,132336332,35342910,False,Wh,Grid meter,0.0
142812,15,2025-02-23T19:30:00+08:00,132337120,35342910,False,Wh,Grid meter,0.0
142812,15,2025-02-23T19:45:00+08:00,132338715,35342910,False,Wh,Grid meter,0.0
142812,15,2025-02-23T20:00:00+08:00,132340236,35342910,False,Wh,Grid meter,0.0
142812,15,2025-02-23T20:15:00+08:00,132341802,35342910,False,Wh,Grid meter,0.0
142812,15,2025-02-23T20:30:00+08:00,132343357,35342910,False,Wh,Grid meter,0.0
142812,15,2025-02-23T20:45:00+08:00,132344797,35342910,False,Wh,Grid meter,0.0
142812,15,2025-02-23T21:00:00+08:00,132346448,35342910,False,Wh,Grid meter,0.0
142812,15,2025-02-23T21:15:00+08:00,132348496,35342910,False,Wh,Grid meter,0.0
142812,15,2025-02-23T21:30:00+08:00,132350289,35342910,False,Wh,Grid meter,0.0
142812,15,2025-02-23T21:45:00+08:00,132352459,35342910,False,Wh,Grid meter,0.0
142812,15,2025-02-23T22:00:00+08:00,132353377,35342910,False,Wh,Grid meter,0.0
142812,15,2025-02-23T22:15:00+08:00,132354405,35342910,False,Wh,Grid meter,0.0
142812,15,2025-02-23T22:30:00+08:00,132355433,35342910,False,Wh,Grid meter,0.0
142812,15,2025-02-23T22:45:00+08:00,132356479,35342910,False,Wh,Grid meter,0.0
142812,15,2025-02-23T23:00:00+08:00,132356925,35342910,False,Wh,Grid meter,0.0
142812,15,2025-02-23T23:15:00+08:00,132357323,35342910,False,Wh,Grid meter,0.0
142812,15,2025-02-23T23:30:00+08:00,132357585,35342910,False,Wh,Grid meter,0.0
142812,15,2025-02-23T23:45:00+08:00,132357733,35342911,False,Wh,Grid meter,0.0
142812,15,2025-02-24T00:00:00+08:00,132357888,35342911,False,Wh,Grid meter,0.0
142812,15,2025-02-24T00:15:00+08:00,132358614,35342911,False,Wh,Grid meter,0.0
142812,15,2025-02-24T00:30:00+08:00,132359174,35342911,False,Wh,Grid meter,0.0
142812,15,2025-02-24T00:45:00+08:00,132359616,35342911,False,Wh,Grid meter,0.0
142812,15,2025-02-24T01:00:00+08:00,132360521,35342911,False,Wh,Grid meter,0.0
142812,15,2025-02-24T01:15:00+08:00,132361108,35342911,False,Wh,Grid meter,0.0
142812,15,2025-02-24T01:30:00+08:00,132361567,35342911,False,Wh,Grid meter,0.0
142812,15,2025-02-24T01:45:00+08:00,132362182,35342911,False,Wh,Grid meter,0.0
142812,15,2025-02-24T02:00:00+08:00,132363190,35342911,False,Wh,Grid meter,0.0
142812,15,2025-02-24T02:15:00+08:00,132363707,35342911,False,Wh,Grid meter,0.0
142812,15,2025-02-24T02:30:00+08:00,132364246,35342911,False,Wh,Grid meter,0.0
142812,15,2025-02-24T02:45:00+08:00,132365114,35342911,False,Wh,Grid meter,0.0
142812,15,2025-02-24T03:00:00+08:00,132365788,35342911,False,Wh,Grid meter,0.0
142812,15,2025-02-24T03:15:00+08:00,132367233,35342911,False,Wh,Grid meter,0.0
142812,15,2025-02-24T03:30:00+08:00,132368179,35342911,False,Wh,Grid meter,0.0
142812,15,2025-02-24T03:45:00+08:00,132368647,35342911,False,Wh,Grid meter,0.0
142812,15,2025-02-24T04:00:00+08:00,132369520,35342911,False,Wh,Grid meter,0.0
142812,15,2025-02-24T04:15:00+08:00,132370337,35342911,False,Wh,Grid meter,0.0
142812,15,2025-02-24T04:30:00+08:00,132371812,35342911,False,Wh,Grid meter,0.0
142812,15,2025-02-24T04:45:00+08:00,132372470,35342911,False,Wh,Grid meter,0.0
142812,15,2025-02-24T05:00:00+08:00,132373017,35342911,False,Wh,Grid meter,0.0
142812,15,2025-02-24T05:15:00+08:00,132373552,35342911,False,Wh,Grid meter,0.0
142812,15,2025-02-24T05:30:00+08:00,132374631,35342911,False,Wh,Grid meter,0.0
142812,15,2025-02-24T05:45:00+08:00,132375595,35342911,False,Wh,Grid meter,0.0
142812,15,2025-02-24T06:00:00+08:00,132376803,35342911,False,Wh,Grid meter,0.0
142812,15,2025-02-24T06:15:00+08:00,132378122,35342911,False,Wh,Grid meter,0.0
142812,15,2025-02-24T06:30:00+08:00,132380133,35342911,False,Wh,Grid meter,0.0
142812,15,2025-02-24T06:45:00+08:00,132381947,35342911,False,Wh,Grid meter,0.0
142812,15,2025-02-24T07:00:00+08:00,132382694,35342911,False,Wh,Grid meter,0.0
142812,15,2025-02-24T07:15:00+08:00,132382813,35342913,False,Wh,Grid meter,0.0
142812,15,2025-02-24T07:30:00+08:00,132382816,35342934,False,Wh,Grid meter,0.0
142812,15,2025-02-24T07:45:00+08:00,132382820,35342945,False,Wh,Grid meter,0.0
142812,15,2025-02-24T08:00:00+08:00,132382823,35342957,False,Wh,Grid meter,0.0
142812,15,2025-02-24T08:15:00+08:00,132382830,35342971,False,Wh,Grid meter,0.0
142812,15,2025-02-24T08:30:00+08:00,132382835,35342984,False,Wh,Grid meter,0.0
142812,15,2025-02-24T08:45:00+08:00,132382840,35343007,False,Wh,Grid meter,0.0
142812,15,2025-02-24T09:00:00+08:00,132382840,35343194,False,Wh,Grid meter,0.0
142812,15,2025-02-24T09:15:00+08:00,132382852,35343468,False,Wh,Grid meter,0.0
142812,15,2025-02-24T09:30:00+08:00,132382853,35343876,False,Wh,Grid meter,0.0
142812,15,2025-02-24T09:45:00+08:00,132382853,35344526,False,Wh,Grid meter,0.0
142812,15,2025-02-24T10:00:00+08:00,132382853,35345151,False,Wh,Grid meter,0.0
142812,15,2025-02-24T10:15:00+08:00,132382853,35346170,False,Wh,Grid meter,0.0
142812,15,2025-02-24T10:30:00+08:00,132382853,35347322,False,Wh,Grid meter,0.0
142812,15,2025-02-24T10:45:00+08:00,132382853,35348589,False,Wh,Grid meter,0.0
142812,15,2025-02-24T11:00:00+08:00,132382854,35349612,False,Wh,Grid meter,0.0
142812,15,2025-02-24T11:15:00+08:00,132382854,35350758,False,Wh,Grid meter,0.0
142812,15,2025-02-24T11:30:00+08:00,132382854,35351888,False,Wh,Grid meter,0.0
142812,15,2025-02-24T11:45:00+08:00,132382860,35352676,False,Wh,Grid meter,0.0
142812,15,2025-02-24T12:00:00+08:00,132382875,35353216,False,Wh,Grid meter,0.0
142812,15,2025-02-24T12:15:00+08:00,132382876,35354291,False,Wh,Grid meter,0.0
142812,15,2025-02-24T12:30:00+08:00,132382876,35356017,False,Wh,Grid meter,0.0
142812,15,2025-02-24T12:45:00+08:00,132382876,35357231,False,Wh,Grid meter,0.0
142812,15,2025-02-24T13:00:00+08:00,132382876,35358873,False,Wh,Grid meter,0.0
142812,15,2025-02-24T13:15:00+08:00,132382876,35360800,False,Wh,Grid meter,0.0
142812,15,2025-02-24T13:30:00+08:00,132382876,35362587,False,Wh,Grid meter,0.0
142812,15,2025-02-24T13:45:00+08:00,132382876,35364333,False,Wh,Grid meter,0.0
142812,15,2025-02-24T14:00:00+08:00,132382876,35366481,False,Wh,Grid meter,0.0
142812,15,2025-02-24T14:15:00+08:00,132382877,35368078,False,Wh,Grid meter,0.0
142812,15,2025-02-24T14:30:00+08:00,132382877,35369570,False,Wh,Grid meter,0.0
142812,15,2025-02-24T14:45:00+08:00,132382877,35371045,False,Wh,Grid meter,0.0
142812,15,2025-02-24T15:00:00+08:00,132382877,35373051,False,Wh,Grid meter,0.0
142812,15,2025-02-24T15:15:00+08:00,132382877,35374650,False,Wh,Grid meter,0.0
142812,15,2025-02-24T15:30:00+08:00,132382877,35376277,False,Wh,Grid meter,0.0
142812,15,2025-02-24T15:45:00+08:00,132382877,35377767,False,Wh,Grid meter,0.0
142812,15,2025-02-24T16:00:00+08:00,132382941,35378153,False,Wh,Grid meter,0.0
142812,15,2025-02-24T16:15:00+08:00,132382962,35378701,False,Wh,Grid meter,0.0
142812,15,2025-02-24T16:30:00+08:00,132382976,35379175,False,Wh,Grid meter,0.0
142812,15,2025-02-24T16:45:00+08:00,132382996,35379637,False,Wh,Grid meter,0.0
142812,15,2025-02-24T17:00:00+08:00,132383073,35379756,False,Wh,Grid meter,0.0
142812,15,2025-02-24T17:15:00+08:00,132383108,35379804,False,Wh,Grid meter,0.0
142812,15,2025-02-24T17:30:00+08:00,132383302,35379833,False,Wh,Grid meter,0.0
142812,15,2025-02-24T17:45:00+08:00,132384245,35379833,False,Wh,Grid meter,0.0
142812,15,2025-02-24T18:00:00+08:00,132385277,35379833,False,Wh,Grid meter,0.0
142812,15,2025-02-24T18:15:00+08:00,132387369,35379833,False,Wh,Grid meter,0.0
142812,15,2025-02-24T18:30:00+08:00,132388656,35379833,False,Wh,Grid meter,0.0
142812,15,2025-02-24T18:45:00+08:00,132391261,35379833,False,Wh,Grid meter,0.0
142812,15,2025-02-24T19:00:00+08:00,132394529,35379833,False,Wh,Grid meter,0.0
142812,15,2025-02-24T19:15:00+08:00,132396913,35379833,False,Wh,Grid meter,0.0
142812,15,2025-02-24T19:30:00+08:00,132398456,35379833,False,Wh,Grid meter,0.0
142812,15,2025-02-24T19:45:00+08:00,132399132,35379833,False,Wh,Grid meter,0.0
142812,15,2025-02-24T20:00:00+08:00,132400022,35379833,False,Wh,Grid meter,0.0
142812,15,2025-02-24T20:15:00+08:00,132400767,35379833,False,Wh,Grid meter,0.0
142812,15,2025-02-24T20:30:00+08:00,132401051,35379833,False,Wh,Grid meter,0.0
142812,15,2025-02-24T20:45:00+08:00,132401844,35379833,False,Wh,Grid meter,0.0
142812,15,2025-02-24T21:00:00+08:00,132402045,35379833,False,Wh,Grid meter,0.0
142812,15,2025-02-24T21:15:00+08:00,132402478,35379833,False,Wh,Grid meter,0.0
142812,15,2025-02-24T21:30:00+08:00,132403656,35379833,False,Wh,Grid meter,0.0
142812,15,2025-02-24T21:45:00+08:00,132404052,35379835,False,Wh,Grid meter,0.0
142812,15,2025-02-24T22:00:00+08:00,132404580,35379835,False,Wh,Grid meter,0.0
142812,15,2025-02-24T22:15:00+08:00,132405796,35379835,False,Wh,Grid meter,0.0
142812,15,2025-02-24T22:30:00+08:00,132406142,35379835,False,Wh,Grid meter,0.0
142812,15,2025-02-24T22:45:00+08:00,132406674,35379835,False,Wh,Grid meter,0.0
142812,15,2025-02-24T23:00:00+08:00,132407233,35379835,False,Wh,Grid meter,0.0
142812,15,2025-02-24T23:15:00+08:00,132407761,35379835,False,Wh,Grid meter,0.0
142812,15,2025-02-24T23:30:00+08:00,132408687,35379835,False,Wh,Grid meter,0.0
142812,15,2025-02-24T23:45:00+08:00,132409162,35379835,False,Wh,Grid meter,0.0
142812,15,2025-02-25T00:00:00+08:00,132409659,35379835,False,Wh,Grid meter,0.0
142812,15,2025-02-25T00:15:00+08:00,132410101,35379835,False,Wh,Grid meter,0.0
142812,15,2025-02-25T00:30:00+08:00,132410653,35379835,False,Wh,Grid meter,0.0
142812,15,2025-02-25T00:45:00+08:00,132411218,35379835,False,Wh,Grid meter,0.0
142812,15,2025-02-25T01:00:00+08:00,132411785,35379835,False,Wh,Grid meter,0.0
142812,15,2025-02-25T01:15:00+08:00,132412333,35379835,False,Wh,Grid meter,0.0
142812,15,2025-02-25T01:30:00+08:00,132412901,35379835,False,Wh,Grid meter,0.0
142812,15,2025-02-25T01:45:00+08:00,132414058,35379835,False,Wh,Grid meter,0.0
142812,15,2025-02-25T02:00:00+08:00,132414620,35379835,False,Wh,Grid meter,0.0
142812,15,2025-02-25T02:15:00+08:00,132415605,35379835,False,Wh,Grid meter,0.0
142812,15,2025-02-25T02:30:00+08:00,132416227,35379835,False,Wh,Grid meter,0.0
142812,15,2025-02-25T02:45:00+08:00,132417149,35379835,False,Wh,Grid meter,0.0
142812,15,2025-02-25T03:00:00+08:00,132417674,35379835,False,Wh,Grid meter,0.0
142812,15,2025-02-25T03:15:00+08:00,132418604,35379835,False,Wh,Grid meter,0.0
142812,15,2025-02-25T03:30:00+08:00,132419238,35379835,False,Wh,Grid meter,0.0
142812,15,2025-02-25T03:45:00+08:00,132420112,35379835,False,Wh,Grid meter,0.0
142812,15,2025-02-25T04:00:00+08:00,132420677,35379835,False,Wh,Grid meter,0.0
142812,15,2025-02-25T04:15:00+08:00,132421168,35379835,False,Wh,Grid meter,0.0
142812,15,2025-02-25T04:30:00+08:00,132422126,35379835,False,Wh,Grid meter,0.0
142812,15,2025-02-25T04:45:00+08:00,132422619,35379835,False,Wh,Grid meter,0.0
142812,15,2025-02-25T05:00:00+08:00,132423159,35379835,False,Wh,Grid meter,0.0
142812,15,2025-02-25T05:15:00+08:00,132423727,35379835,False,Wh,Grid meter,0.0
142812,15,2025-02-25T05:30:00+08:00,132424174,35379835,False,Wh,Grid meter,0.0
142812,15,2025-02-25T05:45:00+08:00,132424836,35379835,False,Wh,Grid meter,0.0
142812,15,2025-02-25T06:00:00+08:00,132425356,35379835,False,Wh,Grid meter,0.0
142812,15,2025-02-25T06:15:00+08:00,132425815,35379835,False,Wh,Grid meter,0.0
142812,15,2025-02-25T06:30:00+08:00,132426565,35379835,False,Wh,Grid meter,0.0
142812,15,2025-02-25T06:45:00+08:00,132427732,35379835,False,Wh,Grid meter,0.0
142812,15,2025-02-25T07:00:00+08:00,132427984,35379874,False,Wh,Grid meter,0.0
142812,15,2025-02-25T07:15:00+08:00,132428040,35379934,False,Wh,Grid meter,0.0
142812,15,2025-02-25T07:30:00+08:00,132428077,35379964,False,Wh,Grid meter,0.0
142812,15,2025-02-25T07:45:00+08:00,132428342,35379970,False,Wh,Grid meter,0.0
142812,15,2025-02-25T08:00:00+08:00,132428436,35380044,False,Wh,Grid meter,0.0
142812,15,2025-02-25T08:15:00+08:00,132428460,35380088,False,Wh,Grid meter,0.0
142812,15,2025-02-25T08:30:00+08:00,132428468,35380171,False,Wh,Grid meter,0.0
142812,15,2025-02-25T08:45:00+08:00,132428488,35380221,False,Wh,Grid meter,0.0
142812,15,2025-02-25T09:00:00+08:00,132428514,35380254,False,Wh,Grid meter,0.0
142812,15,2025-02-25T09:15:00+08:00,132428534,35380431,False,Wh,Grid meter,0.0
142812,15,2025-02-25T09:30:00+08:00,132428541,35380500,False,Wh,Grid meter,0.0
142812,15,2025-02-25T09:45:00+08:00,132428541,35380982,False,Wh,Grid meter,0.0
142812,15,2025-02-25T10:00:00+08:00,132428556,35381312,False,Wh,Grid meter,0.0
142812,15,2025-02-25T10:15:00+08:00,132428558,35381513,False,Wh,Grid meter,0.0
142812,15,2025-02-25T10:30:00+08:00,132428564,35382231,False,Wh,Grid meter,0.0
142812,15,2025-02-25T10:45:00+08:00,132428596,35382558,False,Wh,Grid meter,0.0
142812,15,2025-02-25T11:00:00+08:00,132428673,35382745,False,Wh,Grid meter,0.0
142812,15,2025-02-25T11:15:00+08:00,132428714,35383719,False,Wh,Grid meter,0.0
142812,15,2025-02-25T11:30:00+08:00,132428798,35384633,False,Wh,Grid meter,0.0
142812,15,2025-02-25T11:45:00+08:00,132428798,35385419,False,Wh,Grid meter,0.0
142812,15,2025-02-25T12:00:00+08:00,132428798,35386714,False,Wh,Grid meter,0.0
142812,15,2025-02-25T12:15:00+08:00,132428916,35387473,False,Wh,Grid meter,0.0
142812,15,2025-02-25T12:30:00+08:00,132429048,35387772,False,Wh,Grid meter,0.0
142812,15,2025-02-25T12:45:00+08:00,132429127,35387918,False,Wh,Grid meter,0.0
142812,15,2025-02-25T13:00:00+08:00,132429331,35388416,False,Wh,Grid meter,0.0
142812,15,2025-02-25T13:15:00+08:00,132429384,35389140,False,Wh,Grid meter,0.0
142812,15,2025-02-25T13:30:00+08:00,132429446,35389600,False,Wh,Grid meter,0.0
142812,15,2025-02-25T13:45:00+08:00,132429465,35390595,False,Wh,Grid meter,0.0
142812,15,2025-02-25T14:00:00+08:00,132429732,35390814,False,Wh,Grid meter,0.0
142812,15,2025-02-25T14:15:00+08:00,132429765,35391809,False,Wh,Grid meter,0.0
142812,15,2025-02-25T14:30:00+08:00,132429773,35393247,False,Wh,Grid meter,0.0
142812,15,2025-02-25T14:45:00+08:00,132429790,35394207,False,Wh,Grid meter,0.0
142812,15,2025-02-25T15:00:00+08:00,132429798,35394530,False,Wh,Grid meter,0.0
142812,15,2025-02-25T15:15:00+08:00,132429813,35395243,False,Wh,Grid meter,0.0
142812,15,2025-02-25T15:30:00+08:00,132429872,35395567,False,Wh,Grid meter,0.0
142812,15,2025-02-25T15:45:00+08:00,132430068,35395716,False,Wh,Grid meter,0.0
142812,15,2025-02-25T16:00:00+08:00,132430157,35396112,False,Wh,Grid meter,0.0
142812,15,2025-02-25T16:15:00+08:00,132430183,35396520,False,Wh,Grid meter,0.0
142812,15,2025-02-25T16:30:00+08:00,132430483,35396610,False,Wh,Grid meter,0.0
142812,15,2025-02-25T16:45:00+08:00,132430511,35396854,False,Wh,Grid meter,0.0
142812,15,2025-02-25T17:00:00+08:00,132430751,35396931,False,Wh,Grid meter,0.0
142812,15,2025-02-25T17:15:00+08:00,132430851,35397013,False,Wh,Grid meter,0.0
142812,15,2025-02-25T17:30:00+08:00,132430992,35397074,False,Wh,Grid meter,0.0
142812,15,2025-02-25T17:45:00+08:00,132431136,35397115,False,Wh,Grid meter,0.0
142812,15,2025-02-25T18:00:00+08:00,132432078,35397115,False,Wh,Grid meter,0.0
142812,15,2025-02-25T18:15:00+08:00,132433483,35397115,False,Wh,Grid meter,0.0
142812,15,2025-02-25T18:30:00+08:00,132434044,35397116,False,Wh,Grid meter,0.0
142812,15,2025-02-25T18:45:00+08:00,132435160,35397116,False,Wh,Grid meter,0.0
142812,15,2025-02-25T19:00:00+08:00,132436185,35397116,False,Wh,Grid meter,0.0
142812,15,2025-02-25T19:15:00+08:00,132437500,35397116,False,Wh,Grid meter,0.0
142812,15,2025-02-25T19:30:00+08:00,132438033,35397116,False,Wh,Grid meter,0.0
142812,15,2025-02-25T19:45:00+08:00,132438441,35397130,False,Wh,Grid meter,0.0
142812,15,2025-02-25T20:00:00+08:00,132438579,35397156,False,Wh,Grid meter,0.0
142812,15,2025-02-25T20:15:00+08:00,132439576,35397176,False,Wh,Grid meter,0.0
142812,15,2025-02-25T20:30:00+08:00,132441120,35397187,False,Wh,Grid meter,0.0
142812,15,2025-02-25T20:45:00+08:00,132441413,35397194,False,Wh,Grid meter,0.0
142812,15,2025-02-25T21:00:00+08:00,132441629,35397194,False,Wh,Grid meter,0.0
142812,15,2025-02-25T21:15:00+08:00,132442175,35397194,False,Wh,Grid meter,0.0
142812,15,2025-02-25T21:30:00+08:00,132442776,35397194,False,Wh,Grid meter,0.0
142812,15,2025-02-25T21:45:00+08:00,132443315,35397194,False,Wh,Grid meter,0.0
142812,15,2025-02-25T22:00:00+08:00,132443895,35397194,False,Wh,Grid meter,0.0
142812,15,2025-02-25T22:15:00+08:00,132444449,35397194,False,Wh,Grid meter,0.0
142812,15,2025-02-25T22:30:00+08:00,132444992,35397195,False,Wh,Grid meter,0.0
142812,15,2025-02-25T22:45:00+08:00,132445330,35397195,False,Wh,Grid meter,0.0
142812,15,2025-02-25T23:00:00+08:00,132445670,35397195,False,Wh,Grid meter,0.0
142812,15,2025-02-25T23:15:00+08:00,132445969,35397195,False,Wh,Grid meter,0.0
142812,15,2025-02-25T23:30:00+08:00,132446566,35397195,False,Wh,Grid meter,0.0
142812,15,2025-02-25T23:45:00+08:00,132447427,35397195,False,Wh,Grid meter,0.0
142812,15,2025-02-26T00:00:00+08:00,132447945,35397195,False,Wh,Grid meter,0.0
142812,15,2025-02-26T00:15:00+08:00,132448425,35397195,False,Wh,Grid meter,0.0
142812,15,2025-02-26T00:30:00+08:00,132448835,35397195,False,Wh,Grid meter,0.0
142812,15,2025-02-26T00:45:00+08:00,132449275,35397195,False,Wh,Grid meter,0.0
142812,15,2025-02-26T01:00:00+08:00,132450300,35397195,False,Wh,Grid meter,0.0
142812,15,2025-02-26T01:15:00+08:00,132450986,35397195,False,Wh,Grid meter,0.0
142812,15,2025-02-26T01:30:00+08:00,132451377,35397195,False,Wh,Grid meter,0.0
142812,15,2025-02-26T01:45:00+08:00,132451993,35397195,False,Wh,Grid meter,0.0
142812,15,2025-02-26T02:00:00+08:00,132452770,35397195,False,Wh,Grid meter,0.0
142812,15,2025-02-26T02:15:00+08:00,132453473,35397195,False,Wh,Grid meter,0.0
142812,15,2025-02-26T02:30:00+08:00,132454652,35397195,False,Wh,Grid meter,0.0
142812,15,2025-02-26T02:45:00+08:00,132455092,35397195,False,Wh,Grid meter,0.0
142812,15,2025-02-26T03:00:00+08:00,132455561,35397195,False,Wh,Grid meter,0.0
142812,15,2025-02-26T03:15:00+08:00,132456013,35397195,False,Wh,Grid meter,0.0
142812,15,2025-02-26T03:30:00+08:00,132456467,35397195,False,Wh,Grid meter,0.0
142812,15,2025-02-26T03:45:00+08:00,132456949,35397195,False,Wh,Grid meter,0.0
142812,15,2025-02-26T04:00:00+08:00,132457417,35397195,False,Wh,Grid meter,0.0
142812,15,2025-02-26T04:15:00+08:00,132458225,35397195,False,Wh,Grid meter,0.0
142812,15,2025-02-26T04:30:00+08:00,132459606,35397195,False,Wh,Grid meter,0.0
142812,15,2025-02-26T04:45:00+08:00,132460110,35397195,False,Wh,Grid meter,0.0
142812,15,2025-02-26T05:00:00+08:00,132460598,35397195,False,Wh,Grid meter,0.0
142812,15,2025-02-26T05:15:00+08:00,132461096,35397195,False,Wh,Grid meter,0.0
142812,15,2025-02-26T05:30:00+08:00,132462710,35397195,False,Wh,Grid meter,0.0
142812,15,2025-02-26T05:45:00+08:00,132463775,35397195,False,Wh,Grid meter,0.0
142812,15,2025-02-26T06:00:00+08:00,132464232,35397195,False,Wh,Grid meter,0.0
142812,15,2025-02-26T06:15:00+08:00,132464812,35397195,False,Wh,Grid meter,0.0
142812,15,2025-02-26T06:30:00+08:00,132466426,35397195,False,Wh,Grid meter,0.0
142812,15,2025-02-26T06:45:00+08:00,132467761,35397195,False,Wh,Grid meter,0.0
142812,15,2025-02-26T07:00:00+08:00,132468398,35397195,False,Wh,Grid meter,0.0
142812,15,2025-02-26T07:15:00+08:00,132468603,35397195,False,Wh,Grid meter,0.0
142812,15,2025-02-26T07:30:00+08:00,132468875,35397202,False,Wh,Grid meter,0.0
142812,15,2025-02-26T07:45:00+08:00,132469418,35397210,False,Wh,Grid meter,0.0
142812,15,2025-02-26T08:00:00+08:00,132469446,35397237,False,Wh,Grid meter,0.0
142812,15,2025-02-26T08:15:00+08:00,132469482,35397272,False,Wh,Grid meter,0.0
142812,15,2025-02-26T08:30:00+08:00,132469499,35397300,False,Wh,Grid meter,0.0
142812,15,2025-02-26T08:45:00+08:00,132469522,35397319,False,Wh,Grid meter,0.0
142812,15,2025-02-26T09:00:00+08:00,132469559,35397407,False,Wh,Grid meter,0.0
142812,15,2025-02-26T09:15:00+08:00,132469614,35397648,False,Wh,Grid meter,0.0
142812,15,2025-02-26T09:30:00+08:00,132469701,35397844,False,Wh,Grid meter,0.0
142812,15,2025-02-26T09:45:00+08:00,132469738,35398124,False,Wh,Grid meter,0.0
142812,15,2025-02-26T10:00:00+08:00,132469739,35398608,False,Wh,Grid meter,0.0
142812,15,2025-02-26T10:15:00+08:00,132469739,35399165,False,Wh,Grid meter,0.0
142812,15,2025-02-26T10:30:00+08:00,132469791,35399321,False,Wh,Grid meter,0.0
142812,15,2025-02-26T10:45:00+08:00,132469844,35399531,False,Wh,Grid meter,0.0
142812,15,2025-02-26T11:00:00+08:00,132469894,35399654,False,Wh,Grid meter,0.0
142812,15,2025-02-26T11:15:00+08:00,132469939,35399963,False,Wh,Grid meter,0.0
142812,15,2025-02-26T11:30:00+08:00,132470030,35400215,False,Wh,Grid meter,0.0
142812,15,2025-02-26T11:45:00+08:00,132470051,35400577,False,Wh,Grid meter,0.0
142812,15,2025-02-26T12:00:00+08:00,132470081,35401373,False,Wh,Grid meter,0.0
142812,15,2025-02-26T12:15:00+08:00,132470178,35401600,False,Wh,Grid meter,0.0
142812,15,2025-02-26T12:30:00+08:00,132470265,35402158,False,Wh,Grid meter,0.0
142812,15,2025-02-26T12:45:00+08:00,132470386,35402397,False,Wh,Grid meter,0.0
142812,15,2025-02-26T13:00:00+08:00,132470694,35402543,False,Wh,Grid meter,0.0
142812,15,2025-02-26T13:15:00+08:00,132470766,35402596,False,Wh,Grid meter,0.0
142812,15,2025-02-26T13:30:00+08:00,132470847,35402866,False,Wh,Grid meter,0.0
142812,15,2025-02-26T13:45:00+08:00,132471017,35403015,False,Wh,Grid meter,0.0
142812,15,2025-02-26T14:00:00+08:00,132471121,35403073,False,Wh,Grid meter,0.0
142812,15,2025-02-26T14:15:00+08:00,132471447,35403082,False,Wh,Grid meter,0.0
142812,15,2025-02-26T14:30:00+08:00,132472690,35403082,False,Wh,Grid meter,0.0
142812,15,2025-02-26T14:45:00+08:00,132472988,35403097,False,Wh,Grid meter,0.0
142812,15,2025-02-26T15:00:00+08:00,132473113,35403139,False,Wh,Grid meter,0.0
142812,15,2025-02-26T15:15:00+08:00,132473122,35403152,False,Wh,Grid meter,0.0
142812,15,2025-02-26T15:30:00+08:00,132473127,35403163,False,Wh,Grid meter,0.0
142812,15,2025-02-26T15:45:00+08:00,132473133,35403175,False,Wh,Grid meter,0.0
142812,15,2025-02-26T16:00:00+08:00,132473235,35403235,False,Wh,Grid meter,0.0
142812,15,2025-02-26T16:15:00+08:00,132473247,35403254,False,Wh,Grid meter,0.0
142812,15,2025-02-26T16:30:00+08:00,132473273,35403268,False,Wh,Grid meter,0.0
142812,15,2025-02-26T16:45:00+08:00,132473389,35403270,False,Wh,Grid meter,0.0
142812,15,2025-02-26T17:00:00+08:00,132473691,35403294,False,Wh,Grid meter,0.0
142812,15,2025-02-26T17:15:00+08:00,132474012,35403350,False,Wh,Grid meter,0.0
142812,15,2025-02-26T17:30:00+08:00,132474220,35403370,False,Wh,Grid meter,0.0
142812,15,2025-02-26T17:45:00+08:00,132475799,35403370,False,Wh,Grid meter,0.0
142812,15,2025-02-26T18:00:00+08:00,132476687,35403374,False,Wh,Grid meter,0.0
142812,15,2025-02-26T18:15:00+08:00,132476962,35403397,False,Wh,Grid meter,0.0
142812,15,2025-02-26T18:30:00+08:00,132476989,35403414,False,Wh,Grid meter,0.0
142812,15,2025-02-26T18:45:00+08:00,132476996,35403422,False,Wh,Grid meter,0.0
142812,15,2025-02-26T19:00:00+08:00,132477760,35403425,False,Wh,Grid meter,0.0
142812,15,2025-02-26T19:15:00+08:00,132479495,35403425,False,Wh,Grid meter,0.0
142812,15,2025-02-26T19:30:00+08:00,132481213,35403425,False,Wh,Grid meter,0.0
142812,15,2025-02-26T19:45:00+08:00,132483275,35403425,False,Wh,Grid meter,0.0
142812,15,2025-02-26T20:00:00+08:00,132485029,35403425,False,Wh,Grid meter,0.0
142812,15,2025-02-26T20:15:00+08:00,132487033,35403425,False,Wh,Grid meter,0.0
142812,15,2025-02-26T20:30:00+08:00,132489233,35403425,False,Wh,Grid meter,0.0
142812,15,2025-02-26T20:45:00+08:00,132491074,35403425,False,Wh,Grid meter,0.0
142812,15,2025-02-26T21:00:00+08:00,132493103,35403425,False,Wh,Grid meter,0.0
142812,15,2025-02-26T21:15:00+08:00,132495030,35403425,False,Wh,Grid meter,0.0
142812,15,2025-02-26T21:30:00+08:00,132497314,35403425,False,Wh,Grid meter,0.0
142812,15,2025-02-26T21:45:00+08:00,132500364,35403425,False,Wh,Grid meter,0.0
142812,15,2025-02-26T22:00:00+08:00,132502423,35403425,False,Wh,Grid meter,0.0
142812,15,2025-02-26T22:15:00+08:00,132504079,35403425,False,Wh,Grid meter,0.0
142812,15,2025-02-26T22:30:00+08:00,132505198,35403425,False,Wh,Grid meter,0.0
142812,15,2025-02-26T22:45:00+08:00,132506163,35403425,False,Wh,Grid meter,0.0
142812,15,2025-02-26T23:00:00+08:00,132507151,35403425,False,Wh,Grid meter,0.0
142812,15,2025-02-26T23:15:00+08:00,132508179,35403425,False,Wh,Grid meter,0.0
142812,15,2025-02-26T23:30:00+08:00,132509279,35403425,False,Wh,Grid meter,0.0
142812,15,2025-02-26T23:45:00+08:00,132510504,35403425,False,Wh,Grid meter,0.0
142812,15,2025-02-27T00:00:00+08:00,132511403,35403425,False,Wh,Grid meter,0.0
142812,15,2025-02-27T00:15:00+08:00,132512149,35403425,False,Wh,Grid meter,0.0
142812,15,2025-02-27T00:30:00+08:00,132512913,35403425,False,Wh,Grid meter,0.0
142812,15,2025-02-27T00:45:00+08:00,132513624,35403425,False,Wh,Grid meter,0.0
142812,15,2025-02-27T01:00:00+08:00,132514261,35403425,False,Wh,Grid meter,0.0
142812,15,2025-02-27T01:15:00+08:00,132514885,35403425,False,Wh,Grid meter,0.0
142812,15,2025-02-27T01:30:00+08:00,132515517,35403425,False,Wh,Grid meter,0.0
142812,15,2025-02-27T01:45:00+08:00,132516143,35403425,False,Wh,Grid meter,0.0
142812,15,2025-02-27T02:00:00+08:00,132516763,35403425,False,Wh,Grid meter,0.0
142812,15,2025-02-27T02:15:00+08:00,132518272,35403425,False,Wh,Grid meter,0.0
142812,15,2025-02-27T02:30:00+08:00,132518871,35403425,False,Wh,Grid meter,0.0
142812,15,2025-02-27T02:45:00+08:00,132519516,35403425,False,Wh,Grid meter,0.0
142812,15,2025-02-27T03:00:00+08:00,132520098,35403425,False,Wh,Grid meter,0.0
142812,15,2025-02-27T03:15:00+08:00,132520709,35403425,False,Wh,Grid meter,0.0
142812,15,2025-02-27T03:30:00+08:00,132521987,35403425,False,Wh,Grid meter,0.0
142812,15,2025-02-27T03:45:00+08:00,132523175,35403425,False,Wh,Grid meter,0.0
142812,15,2025-02-27T04:00:00+08:00,132524105,35403425,False,Wh,Grid meter,0.0
142812,15,2025-02-27T04:15:00+08:00,132525844,35403425,False,Wh,Grid meter,0.0
142812,15,2025-02-27T04:30:00+08:00,132527513,35403425,False,Wh,Grid meter,0.0
142812,15,2025-02-27T04:45:00+08:00,132528754,35403425,False,Wh,Grid meter,0.0
142812,15,2025-02-27T05:00:00+08:00,132530268,35403425,False,Wh,Grid meter,0.0
142812,15,2025-02-27T05:15:00+08:00,132531786,35403425,False,Wh,Grid meter,0.0
142812,15,2025-02-27T05:30:00+08:00,132532700,35403425,False,Wh,Grid meter,0.0
142812,15,2025-02-27T05:45:00+08:00,132534461,35403425,False,Wh,Grid meter,0.0
142812,15,2025-02-27T06:00:00+08:00,132535456,35403425,False,Wh,Grid meter,0.0
142812,15,2025-02-27T06:15:00+08:00,132536087,35403425,False,Wh,Grid meter,0.0
142812,15,2025-02-27T06:30:00+08:00,132536588,35403425,False,Wh,Grid meter,0.0
142812,15,2025-02-27T06:45:00+08:00,132537022,35403425,False,Wh,Grid meter,0.0
142812,15,2025-02-27T07:00:00+08:00,132537309,35403425,False,Wh,Grid meter,0.0
142812,15,2025-02-27T07:15:00+08:00,132537897,35403425,False,Wh,Grid meter,0.0
142812,15,2025-02-27T07:30:00+08:00,132538039,35403425,False,Wh,Grid meter,0.0
142812,15,2025-02-27T07:45:00+08:00,132538049,35403449,False,Wh,Grid meter,0.0
142812,15,2025-02-27T08:00:00+08:00,132538052,35403479,False,Wh,Grid meter,0.0
142812,15,2025-02-27T08:15:00+08:00,132538061,35403493,False,Wh,Grid meter,0.0
142812,15,2025-02-27T08:30:00+08:00,132538074,35403516,False,Wh,Grid meter,0.0
142812,15,2025-02-27T08:45:00+08:00,132538403,35403520,False,Wh,Grid meter,0.0
142812,15,2025-02-27T09:00:00+08:00,132539155,35403520,False,Wh,Grid meter,0.0
142812,15,2025-02-27T09:15:00+08:00,132539191,35403590,False,Wh,Grid meter,0.0
142812,15,2025-02-27T09:30:00+08:00,132539230,35403629,False,Wh,Grid meter,0.0
142812,15,2025-02-27T09:45:00+08:00,132539263,35403657,False,Wh,Grid meter,0.0
142812,15,2025-02-27T10:00:00+08:00,132539392,35403753,False,Wh,Grid meter,0.0
142812,15,2025-02-27T10:15:00+08:00,132539804,35403787,False,Wh,Grid meter,0.0
142812,15,2025-02-27T10:30:00+08:00,132539822,35403806,False,Wh,Grid meter,0.0
142812,15,2025-02-27T10:45:00+08:00,132539888,35404174,False,Wh,Grid meter,0.0
142812,15,2025-02-27T11:00:00+08:00,132540036,35404559,False,Wh,Grid meter,0.0
142812,15,2025-02-27T11:15:00+08:00,132540108,35404720,False,Wh,Grid meter,0.0
142812,15,2025-02-27T11:30:00+08:00,132540235,35404776,False,Wh,Grid meter,0.0
142812,15,2025-02-27T11:45:00+08:00,132540732,35404820,False,Wh,Grid meter,0.0
142812,15,2025-02-27T12:00:00+08:00,132540762,35404889,False,Wh,Grid meter,0.0
142812,15,2025-02-27T12:15:00+08:00,132540791,35404924,False,Wh,Grid meter,0.0
142812,15,2025-02-27T12:30:00+08:00,132541813,35404929,False,Wh,Grid meter,0.0
142812,15,2025-02-27T12:45:00+08:00,132542544,35404929,False,Wh,Grid meter,0.0
142812,15,2025-02-27T13:00:00+08:00,132542713,35404940,False,Wh,Grid meter,0.0
142812,15,2025-02-27T13:15:00+08:00,132542796,35405033,False,Wh,Grid meter,0.0
142812,15,2025-02-27T13:30:00+08:00,132542806,35405045,False,Wh,Grid meter,0.0
142812,15,2025-02-27T13:45:00+08:00,132542818,35405060,False,Wh,Grid meter,0.0
142812,15,2025-02-27T14:00:00+08:00,132543956,35405068,False,Wh,Grid meter,0.0
142812,15,2025-02-27T14:15:00+08:00,132544344,35405089,False,Wh,Grid meter,0.0
142812,15,2025-02-27T14:30:00+08:00,132544370,35405183,False,Wh,Grid meter,0.0
142812,15,2025-02-27T14:45:00+08:00,132544395,35405586,False,Wh,Grid meter,0.0
142812,15,2025-02-27T15:00:00+08:00,132544418,35405599,False,Wh,Grid meter,0.0
142812,15,2025-02-27T15:15:00+08:00,132544496,35405629,False,Wh,Grid meter,0.0
142812,15,2025-02-27T15:30:00+08:00,132544501,35405638,False,Wh,Grid meter,0.0
142812,15,2025-02-27T15:45:00+08:00,132544607,35405675,False,Wh,Grid meter,0.0
142812,15,2025-02-27T16:00:00+08:00,132544613,35405685,False,Wh,Grid meter,0.0
142812,15,2025-02-27T16:15:00+08:00,132544696,35405718,False,Wh,Grid meter,0.0
142812,15,2025-02-27T16:30:00+08:00,132544724,35405746,False,Wh,Grid meter,0.0
142812,15,2025-02-27T16:45:00+08:00,132544787,35405773,False,Wh,Grid meter,0.0
142812,15,2025-02-27T17:00:00+08:00,132544964,35405810,False,Wh,Grid meter,0.0
142812,15,2025-02-27T17:15:00+08:00,132545301,35405833,False,Wh,Grid meter,0.0
142812,15,2025-02-27T17:30:00+08:00,132545362,35405898,False,Wh,Grid meter,0.0
142812,15,2025-02-27T17:45:00+08:00,132545376,35405924,False,Wh,Grid meter,0.0
142812,15,2025-02-27T18:00:00+08:00,132545404,35405947,False,Wh,Grid meter,0.0
142812,15,2025-02-27T18:15:00+08:00,132546383,35405949,False,Wh,Grid meter,0.0
142812,15,2025-02-27T18:30:00+08:00,132548688,35405949,False,Wh,Grid meter,0.0
142812,15,2025-02-27T18:45:00+08:00,132551446,35405949,False,Wh,Grid meter,0.0
142812,15,2025-02-27T19:00:00+08:00,132553975,35405949,False,Wh,Grid meter,0.0
142812,15,2025-02-27T19:15:00+08:00,132556324,35405949,False,Wh,Grid meter,0.0
142812,15,2025-02-27T19:30:00+08:00,132557812,35405949,False,Wh,Grid meter,0.0
142812,15,2025-02-27T19:45:00+08:00,132559341,35405949,False,Wh,Grid meter,0.0
142812,15,2025-02-27T20:00:00+08:00,132560921,35405949,False,Wh,Grid meter,0.0
142812,15,2025-02-27T20:15:00+08:00,132562955,35405949,False,Wh,Grid meter,0.0
142812,15,2025-02-27T20:30:00+08:00,132565541,35405949,False,Wh,Grid meter,0.0
142812,15,2025-02-27T20:45:00+08:00,132568087,35405949,False,Wh,Grid meter,0.0
142812,15,2025-02-27T21:00:00+08:00,132570764,35405949,False,Wh,Grid meter,0.0
142812,15,2025-02-27T21:15:00+08:00,132574225,35405949,False,Wh,Grid meter,0.0
142812,15,2025-02-27T21:30:00+08:00,132577771,35405949,False,Wh,Grid meter,0.0
142812,15,2025-02-27T21:45:00+08:00,132580091,35405949,False,Wh,Grid meter,0.0
142812,15,2025-02-27T22:00:00+08:00,132581408,35405949,False,Wh,Grid meter,0.0
142812,15,2025-02-27T22:15:00+08:00,132582818,35405949,False,Wh,Grid meter,0.0
142812,15,2025-02-27T22:30:00+08:00,132584540,35405949,False,Wh,Grid meter,0.0
142812,15,2025-02-27T22:45:00+08:00,132585598,35405949,False,Wh,Grid meter,0.0
142812,15,2025-02-27T23:00:00+08:00,132586467,35405949,False,Wh,Grid meter,0.0
142812,15,2025-02-27T23:15:00+08:00,132587650,35405949,False,Wh,Grid meter,0.0
142812,15,2025-02-27T23:30:00+08:00,132588554,35405949,False,Wh,Grid meter,0.0
142812,15,2025-02-27T23:45:00+08:00,132590254,35405949,False,Wh,Grid meter,0.0
142812,15,2025-02-28T00:00:00+08:00,132592075,35405949,False,Wh,Grid meter,0.0
142812,15,2025-02-28T00:15:00+08:00,132593068,35405949,False,Wh,Grid meter,0.0
142812,15,2025-02-28T00:30:00+08:00,132593997,35405949,False,Wh,Grid meter,0.0
142812,15,2025-02-28T00:45:00+08:00,132594706,35405949,False,Wh,Grid meter,0.0
142812,15,2025-02-28T01:00:00+08:00,132595577,35405949,False,Wh,Grid meter,0.0
142812,15,2025-02-28T01:15:00+08:00,132596522,35405949,False,Wh,Grid meter,0.0
142812,15,2025-02-28T01:30:00+08:00,132597190,35405949,False,Wh,Grid meter,0.0
142812,15,2025-02-28T01:45:00+08:00,132598082,35405949,False,Wh,Grid meter,0.0
142812,15,2025-02-28T02:00:00+08:00,132598889,35405949,False,Wh,Grid meter,0.0
142812,15,2025-02-28T02:15:00+08:00,132599472,35405949,False,Wh,Grid meter,0.0
142812,15,2025-02-28T02:30:00+08:00,132600591,35405949,False,Wh,Grid meter,0.0
142812,15,2025-02-28T02:45:00+08:00,132601644,35405949,False,Wh,Grid meter,0.0
142812,15,2025-02-28T03:00:00+08:00,132602560,35405949,False,Wh,Grid meter,0.0
142812,15,2025-02-28T03:15:00+08:00,132603120,35405949,False,Wh,Grid meter,0.0
142812,15,2025-02-28T03:30:00+08:00,132603709,35405949,False,Wh,Grid meter,0.0
142812,15,2025-02-28T03:45:00+08:00,132604489,35405949,False,Wh,Grid meter,0.0
142812,15,2025-02-28T04:00:00+08:00,132606041,35405949,False,Wh,Grid meter,0.0
142812,15,2025-02-28T04:15:00+08:00,132606846,35405949,False,Wh,Grid meter,0.0
142812,15,2025-02-28T04:30:00+08:00,132608219,35405949,False,Wh,Grid meter,0.0
142812,15,2025-02-28T04:45:00+08:00,132609173,35405949,False,Wh,Grid meter,0.0
142812,15,2025-02-28T05:00:00+08:00,132610580,35405949,False,Wh,Grid meter,0.0
142812,15,2025-02-28T05:15:00+08:00,132611462,35405949,False,Wh,Grid meter,0.0
142812,15,2025-02-28T05:30:00+08:00,132612032,35405949,False,Wh,Grid meter,0.0
142812,15,2025-02-28T05:45:00+08:00,132612533,35405949,False,Wh,Grid meter,0.0
142812,15,2025-02-28T06:00:00+08:00,132613084,35405949,False,Wh,Grid meter,0.0
142812,15,2025-02-28T06:15:00+08:00,132613905,35405949,False,Wh,Grid meter,0.0
142812,15,2025-02-28T06:30:00+08:00,132614561,35405949,False,Wh,Grid meter,0.0
142812,15,2025-02-28T09:30:00+08:00,132615093,35405949,False,Wh,Grid meter,0.0
142812,15,2025-02-28T09:45:00+08:00,132616208,35406018,False,Wh,Grid meter,0.0
142812,15,2025-02-28T10:00:00+08:00,132616267,35406178,False,Wh,Grid meter,0.0
142812,15,2025-02-28T10:15:00+08:00,132616301,35406225,False,Wh,Grid meter,0.0
142812,15,2025-02-28T10:30:00+08:00,132616348,35406381,False,Wh,Grid meter,0.0
142812,15,2025-02-28T10:45:00+08:00,132616400,35406477,False,Wh,Grid meter,0.0
142812,15,2025-02-28T11:00:00+08:00,132616405,35406934,False,Wh,Grid meter,0.0
142812,15,2025-02-28T11:15:00+08:00,132616408,35407746,False,Wh,Grid meter,0.0
142812,15,2025-02-28T11:30:00+08:00,132616408,35408752,False,Wh,Grid meter,0.0
142812,15,2025-02-28T11:45:00+08:00,132616413,35409324,False,Wh,Grid meter,0.0
142812,15,2025-02-28T12:00:00+08:00,132616413,35410350,False,Wh,Grid meter,0.0
142812,15,2025-02-28T12:15:00+08:00,132616413,35411378,False,Wh,Grid meter,0.0
142812,15,2025-02-28T12:30:00+08:00,132616413,35412111,False,Wh,Grid meter,0.0
142812,15,2025-02-28T12:45:00+08:00,132616413,35412956,False,Wh,Grid meter,0.0
142812,15,2025-02-28T13:00:00+08:00,132616414,35413792,False,Wh,Grid meter,0.0
142812,15,2025-02-28T13:15:00+08:00,132616414,35414585,False,Wh,Grid meter,0.0
142812,15,2025-02-28T13:30:00+08:00,132616415,35415250,False,Wh,Grid meter,0.0
142812,15,2025-02-28T13:45:00+08:00,132616423,35415549,False,Wh,Grid meter,0.0
142812,15,2025-02-28T14:00:00+08:00,132616448,35415712,False,Wh,Grid meter,0.0
142812,15,2025-02-28T14:15:00+08:00,132616473,35415768,False,Wh,Grid meter,0.0
142812,15,2025-02-28T14:30:00+08:00,132616618,35415913,False,Wh,Grid meter,0.0
142812,15,2025-02-28T14:45:00+08:00,132616713,35415994,False,Wh,Grid meter,0.0
142812,15,2025-02-28T15:00:00+08:00,132616884,35416025,False,Wh,Grid meter,0.0
142812,15,2025-02-28T15:15:00+08:00,132617086,35416068,False,Wh,Grid meter,0.0
142812,15,2025-02-28T15:30:00+08:00,132617110,35416117,False,Wh,Grid meter,0.0
142812,15,2025-02-28T15:45:00+08:00,132617128,35416138,False,Wh,Grid meter,0.0
142812,15,2025-02-28T16:00:00+08:00,132617219,35416161,False,Wh,Grid meter,0.0
142812,15,2025-02-28T16:15:00+08:00,132617624,35416172,False,Wh,Grid meter,0.0
142812,15,2025-02-28T16:30:00+08:00,132618348,35416173,False,Wh,Grid meter,0.0
142812,15,2025-02-28T16:45:00+08:00,132618656,35416173,False,Wh,Grid meter,0.0
142812,15,2025-02-28T17:00:00+08:00,132619019,35416174,False,Wh,Grid meter,0.0
142812,15,2025-02-28T17:15:00+08:00,132619279,35416174,False,Wh,Grid meter,0.0
142812,15,2025-02-28T17:30:00+08:00,132620319,35416174,False,Wh,Grid meter,0.0
142812,15,2025-02-28T17:45:00+08:00,132622344,35416174,False,Wh,Grid meter,0.0
142812,15,2025-02-28T18:00:00+08:00,132623653,35416174,False,Wh,Grid meter,0.0
142812,15,2025-02-28T18:15:00+08:00,132624888,35416174,False,Wh,Grid meter,0.0
142812,15,2025-02-28T18:30:00+08:00,132626112,35416174,False,Wh,Grid meter,0.0
142812,15,2025-02-28T18:45:00+08:00,132628453,35416174,False,Wh,Grid meter,0.0
142812,15,2025-02-28T19:00:00+08:00,132630059,35416174,False,Wh,Grid meter,0.0
142812,15,2025-02-28T19:15:00+08:00,132631777,35416174,False,Wh,Grid meter,0.0
142812,15,2025-02-28T19:30:00+08:00,132634824,35416174,False,Wh,Grid meter,0.0
142812,15,2025-02-28T19:45:00+08:00,132637608,35416174,False,Wh,Grid meter,0.0
142812,15,2025-02-28T20:00:00+08:00,132639597,35416174,False,Wh,Grid meter,0.0
142812,15,2025-02-28T20:15:00+08:00,132641738,35416174,False,Wh,Grid meter,0.0
142812,15,2025-02-28T20:30:00+08:00,132643872,35416174,False,Wh,Grid meter,0.0
142812,15,2025-02-28T20:45:00+08:00,132645773,35416174,False,Wh,Grid meter,0.0
142812,15,2025-02-28T21:00:00+08:00,132648415,35416174,False,Wh,Grid meter,0.0
142812,15,2025-02-28T21:15:00+08:00,132650652,35416174,False,Wh,Grid meter,0.0
142812,15,2025-02-28T21:30:00+08:00,132652903,35416174,False,Wh,Grid meter,0.0
142812,15,2025-02-28T21:45:00+08:00,132654356,35416174,False,Wh,Grid meter,0.0
142812,15,2025-02-28T22:00:00+08:00,132655342,35416174,False,Wh,Grid meter,0.0
142812,15,2025-02-28T22:15:00+08:00,132656330,35416174,False,Wh,Grid meter,0.0
142812,15,2025-02-28T22:30:00+08:00,132657300,35416174,False,Wh,Grid meter,0.0
142812,15,2025-02-28T22:45:00+08:00,132658792,35416174,False,Wh,Grid meter,0.0
142812,15,2025-02-28T23:00:00+08:00,132660517,35416174,False,Wh,Grid meter,0.0
142812,15,2025-02-28T23:15:00+08:00,132662442,35416174,False,Wh,Grid meter,0.0
142812,15,2025-02-28T23:30:00+08:00,132663861,35416174,False,Wh,Grid meter,0.0
142812,15,2025-02-28T23:45:00+08:00,132665876,35416174,False,Wh,Grid meter,0.0
142812,15,2025-03-01T00:00:00+08:00,132667267,35416174,False,Wh,Grid meter,0.0
142812,15,2025-03-01T00:15:00+08:00,132668739,35416174,False,Wh,Grid meter,0.0
142812,15,2025-03-01T00:30:00+08:00,132669443,35416174,False,Wh,Grid meter,0.0
142812,15,2025-03-01T00:45:00+08:00,132670601,35416174,False,Wh,Grid meter,0.0
142812,15,2025-03-01T01:00:00+08:00,132671389,35416174,False,Wh,Grid meter,0.0
142812,15,2025-03-01T01:15:00+08:00,132672088,35416174,False,Wh,Grid meter,0.0
142812,15,2025-03-01T01:30:00+08:00,132672624,35416174,False,Wh,Grid meter,0.0
142812,15,2025-03-01T01:45:00+08:00,132673209,35416174,False,Wh,Grid meter,0.0
142812,15,2025-03-01T02:00:00+08:00,132673771,35416174,False,Wh,Grid meter,0.0
142812,15,2025-03-01T02:15:00+08:00,132674318,35416174,False,Wh,Grid meter,0.0
142812,15,2025-03-01T02:30:00+08:00,132674879,35416174,False,Wh,Grid meter,0.0
142812,15,2025-03-01T02:45:00+08:00,132675429,35416174,False,Wh,Grid meter,0.0
142812,15,2025-03-01T03:00:00+08:00,132675992,35416174,False,Wh,Grid meter,0.0
142812,15,2025-03-01T03:15:00+08:00,132676517,35416174,False,Wh,Grid meter,0.0
142812,15,2025-03-01T03:30:00+08:00,132677023,35416174,False,Wh,Grid meter,0.0
142812,15,2025-03-01T03:45:00+08:00,132677543,35416174,False,Wh,Grid meter,0.0
142812,15,2025-03-01T04:00:00+08:00,132678268,35416174,False,Wh,Grid meter,0.0
142812,15,2025-03-01T04:15:00+08:00,132679174,35416174,False,Wh,Grid meter,0.0
142812,15,2025-03-01T04:30:00+08:00,132679981,35416174,False,Wh,Grid meter,0.0
142812,15,2025-03-01T04:45:00+08:00,132680487,35416174,False,Wh,Grid meter,0.0
142812,15,2025-03-01T05:00:00+08:00,132681028,35416174,False,Wh,Grid meter,0.0
142812,15,2025-03-01T05:15:00+08:00,132681577,35416174,False,Wh,Grid meter,0.0
142812,15,2025-03-01T05:30:00+08:00,132682083,35416174,False,Wh,Grid meter,0.0
142812,15,2025-03-01T05:45:00+08:00,132682636,35416174,False,Wh,Grid meter,0.0
142812,15,2025-03-01T06:00:00+08:00,132683290,35416174,False,Wh,Grid meter,0.0
142812,15,2025-03-01T06:15:00+08:00,132684282,35416174,False,Wh,Grid meter,0.0
142812,15,2025-03-01T06:30:00+08:00,132684775,35416174,False,Wh,Grid meter,0.0
142812,15,2025-03-01T06:45:00+08:00,132685224,35416174,False,Wh,Grid meter,0.0
142812,15,2025-03-01T07:00:00+08:00,132685898,35416174,False,Wh,Grid meter,0.0
142812,15,2025-03-01T07:15:00+08:00,132686825,35416174,False,Wh,Grid meter,0.0
142812,15,2025-03-01T07:30:00+08:00,132687488,35416183,False,Wh,Grid meter,0.0
142812,15,2025-03-01T07:45:00+08:00,132688167,35416186,False,Wh,Grid meter,0.0
142812,15,2025-03-01T08:00:00+08:00,132688839,35416186,False,Wh,Grid meter,0.0
142812,15,2025-03-01T08:15:00+08:00,132689114,35416217,False,Wh,Grid meter,0.0
142812,15,2025-03-01T08:30:00+08:00,132689169,35416268,False,Wh,Grid meter,0.0
142812,15,2025-03-01T08:45:00+08:00,132689196,35416415,False,Wh,Grid meter,0.0
142812,15,2025-03-01T09:00:00+08:00,132689244,35416472,False,Wh,Grid meter,0.0
142812,15,2025-03-01T09:15:00+08:00,132689287,35416521,False,Wh,Grid meter,0.0
142812,15,2025-03-01T09:30:00+08:00,132689388,35416592,False,Wh,Grid meter,0.0
142812,15,2025-03-01T09:45:00+08:00,132689471,35416786,False,Wh,Grid meter,0.0
142812,15,2025-03-01T10:00:00+08:00,132689508,35416961,False,Wh,Grid meter,0.0
142812,15,2025-03-01T10:15:00+08:00,132689526,35417159,False,Wh,Grid meter,0.0
142812,15,2025-03-01T10:30:00+08:00,132689526,35417815,False,Wh,Grid meter,0.0
142812,15,2025-03-01T10:45:00+08:00,132689527,35418527,False,Wh,Grid meter,0.0
142812,15,2025-03-01T11:00:00+08:00,132689535,35419107,False,Wh,Grid meter,0.0
142812,15,2025-03-01T11:15:00+08:00,132689537,35419938,False,Wh,Grid meter,0.0
142812,15,2025-03-01T11:30:00+08:00,132689562,35420064,False,Wh,Grid meter,0.0
142812,15,2025-03-01T11:45:00+08:00,132689593,35420513,False,Wh,Grid meter,0.0
142812,15,2025-03-01T12:00:00+08:00,132689816,35420614,False,Wh,Grid meter,0.0
142812,15,2025-03-01T12:15:00+08:00,132689935,35420693,False,Wh,Grid meter,0.0
142812,15,2025-03-01T12:30:00+08:00,132690013,35420892,False,Wh,Grid meter,0.0
142812,15,2025-03-01T12:45:00+08:00,132690427,35421113,False,Wh,Grid meter,0.0
142812,15,2025-03-01T13:00:00+08:00,132690560,35421156,False,Wh,Grid meter,0.0
142812,15,2025-03-01T13:15:00+08:00,132690572,35421512,False,Wh,Grid meter,0.0
142812,15,2025-03-01T13:30:00+08:00,132690609,35421819,False,Wh,Grid meter,0.0
142812,15,2025-03-01T13:45:00+08:00,132691023,35421882,False,Wh,Grid meter,0.0
142812,15,2025-03-01T14:00:00+08:00,132691073,35421986,False,Wh,Grid meter,0.0
142812,15,2025-03-01T14:15:00+08:00,132691090,35422016,False,Wh,Grid meter,0.0
142812,15,2025-03-01T14:30:00+08:00,132691210,35422078,False,Wh,Grid meter,0.0
142812,15,2025-03-01T14:45:00+08:00,132692091,35422089,False,Wh,Grid meter,0.0
142812,15,2025-03-01T15:00:00+08:00,132692710,35422091,False,Wh,Grid meter,0.0
142812,15,2025-03-01T15:15:00+08:00,132692825,35422144,False,Wh,Grid meter,0.0
142812,15,2025-03-01T15:30:00+08:00,132692960,35422223,False,Wh,Grid meter,0.0
142812,15,2025-03-01T15:45:00+08:00,132693447,35422270,False,Wh,Grid meter,0.0
142812,15,2025-03-01T16:00:00+08:00,132693933,35422285,False,Wh,Grid meter,0.0
142812,15,2025-03-01T16:15:00+08:00,132694766,35422292,False,Wh,Grid meter,0.0
142812,15,2025-03-01T16:30:00+08:00,132696344,35422292,False,Wh,Grid meter,0.0
142812,15,2025-03-01T16:45:00+08:00,132697322,35422294,False,Wh,Grid meter,0.0
142812,15,2025-03-01T17:00:00+08:00,132697936,35422294,False,Wh,Grid meter,0.0
142812,15,2025-03-01T17:15:00+08:00,132699330,35422294,False,Wh,Grid meter,0.0
142812,15,2025-03-01T17:30:00+08:00,132701697,35422294,False,Wh,Grid meter,0.0
142812,15,2025-03-01T17:45:00+08:00,132705065,35422294,False,Wh,Grid meter,0.0
142812,15,2025-03-01T18:00:00+08:00,132708037,35422294,False,Wh,Grid meter,0.0
142812,15,2025-03-01T18:15:00+08:00,132710457,35422294,False,Wh,Grid meter,0.0
142812,15,2025-03-01T18:30:00+08:00,132712768,35422294,False,Wh,Grid meter,0.0
142812,15,2025-03-01T18:45:00+08:00,132714159,35422294,False,Wh,Grid meter,0.0
142812,15,2025-03-01T19:00:00+08:00,132716637,35422294,False,Wh,Grid meter,0.0
142812,15,2025-03-01T19:15:00+08:00,132718559,35422294,False,Wh,Grid meter,0.0
142812,15,2025-03-01T19:30:00+08:00,132720741,35422294,False,Wh,Grid meter,0.0
142812,15,2025-03-01T19:45:00+08:00,132722895,35422294,False,Wh,Grid meter,0.0
142812,15,2025-03-01T20:00:00+08:00,132725161,35422294,False,Wh,Grid meter,0.0
142812,15,2025-03-01T20:15:00+08:00,132726812,35422294,False,Wh,Grid meter,0.0
142812,15,2025-03-01T20:30:00+08:00,132728208,35422294,False,Wh,Grid meter,0.0
142812,15,2025-03-01T20:45:00+08:00,132729568,35422294,False,Wh,Grid meter,0.0
142812,15,2025-03-01T21:00:00+08:00,132731012,35422294,False,Wh,Grid meter,0.0
142812,15,2025-03-01T21:15:00+08:00,132732302,35422294,False,Wh,Grid meter,0.0
142812,15,2025-03-01T21:30:00+08:00,132735138,35422294,False,Wh,Grid meter,0.0
142812,15,2025-03-01T21:45:00+08:00,132737363,35422294,False,Wh,Grid meter,0.0
142812,15,2025-03-01T22:00:00+08:00,132739308,35422294,False,Wh,Grid meter,0.0
142812,15,2025-03-01T22:15:00+08:00,132742205,35422294,False,Wh,Grid meter,0.0
142812,15,2025-03-01T22:30:00+08:00,132745116,35422294,False,Wh,Grid meter,0.0
142812,15,2025-03-01T22:45:00+08:00,132746464,35422294,False,Wh,Grid meter,0.0
142812,15,2025-03-01T23:00:00+08:00,132747702,35422294,False,Wh,Grid meter,0.0
142812,15,2025-03-01T23:15:00+08:00,132748996,35422294,False,Wh,Grid meter,0.0
142812,15,2025-03-01T23:30:00+08:00,132750372,35422294,False,Wh,Grid meter,0.0
142812,15,2025-03-01T23:45:00+08:00,132752398,35422294,False,Wh,Grid meter,0.0
142812,15,2025-03-02T00:00:00+08:00,132753915,35422294,False,Wh,Grid meter,0.0
142812,15,2025-03-02T00:15:00+08:00,132755156,35422294,False,Wh,Grid meter,0.0
142812,15,2025-03-02T00:30:00+08:00,132756607,35422294,False,Wh,Grid meter,0.0
142812,15,2025-03-02T00:45:00+08:00,132758102,35422294,False,Wh,Grid meter,0.0
142812,15,2025-03-02T01:00:00+08:00,132759305,35422294,False,Wh,Grid meter,0.0
142812,15,2025-03-02T01:15:00+08:00,132760039,35422294,False,Wh,Grid meter,0.0
142812,15,2025-03-02T01:30:00+08:00,132760760,35422294,False,Wh,Grid meter,0.0
142812,15,2025-03-02T01:45:00+08:00,132761802,35422294,False,Wh,Grid meter,0.0
142812,15,2025-03-02T02:00:00+08:00,132762603,35422294,False,Wh,Grid meter,0.0
142812,15,2025-03-02T02:15:00+08:00,132763372,35422294,False,Wh,Grid meter,0.0
142812,15,2025-03-02T02:30:00+08:00,132763922,35422294,False,Wh,Grid meter,0.0
142812,15,2025-03-02T02:45:00+08:00,132764560,35422294,False,Wh,Grid meter,0.0
142812,15,2025-03-02T03:00:00+08:00,132765510,35422294,False,Wh,Grid meter,0.0
142812,15,2025-03-02T03:15:00+08:00,132766104,35422294,False,Wh,Grid meter,0.0
142812,15,2025-03-02T03:30:00+08:00,132766663,35422294,False,Wh,Grid meter,0.0
142812,15,2025-03-02T03:45:00+08:00,132767226,35422294,False,Wh,Grid meter,0.0
142812,15,2025-03-02T04:00:00+08:00,132767804,35422294,False,Wh,Grid meter,0.0
142812,15,2025-03-02T04:15:00+08:00,132768362,35422294,False,Wh,Grid meter,0.0
142812,15,2025-03-02T04:30:00+08:00,132768959,35422294,False,Wh,Grid meter,0.0
142812,15,2025-03-02T04:45:00+08:00,132769450,35422294,False,Wh,Grid meter,0.0
142812,15,2025-03-02T05:00:00+08:00,132769980,35422294,False,Wh,Grid meter,0.0
142812,15,2025-03-02T05:15:00+08:00,132770510,35422294,False,Wh,Grid meter,0.0
142812,15,2025-03-02T05:30:00+08:00,132771093,35422294,False,Wh,Grid meter,0.0
142812,15,2025-03-02T05:45:00+08:00,132771668,35422294,False,Wh,Grid meter,0.0
142812,15,2025-03-02T06:00:00+08:00,132772245,35422294,False,Wh,Grid meter,0.0
142812,15,2025-03-02T06:15:00+08:00,132773176,35422294,False,Wh,Grid meter,0.0
142812,15,2025-03-02T06:30:00+08:00,132773717,35422294,False,Wh,Grid meter,0.0
142812,15,2025-03-02T06:45:00+08:00,132774516,35422294,False,Wh,Grid meter,0.0
142812,15,2025-03-02T07:00:00+08:00,132774722,35422294,False,Wh,Grid meter,0.0
142812,15,2025-03-02T07:15:00+08:00,132775137,35422294,False,Wh,Grid meter,0.0
142812,15,2025-03-02T07:30:00+08:00,132775158,35422307,False,Wh,Grid meter,0.0
142812,15,2025-03-02T07:45:00+08:00,132775198,35422327,False,Wh,Grid meter,0.0
142812,15,2025-03-02T08:00:00+08:00,132775203,35422340,False,Wh,Grid meter,0.0
142812,15,2025-03-02T08:15:00+08:00,132775215,35422354,False,Wh,Grid meter,0.0
142812,15,2025-03-02T08:30:00+08:00,132775230,35422442,False,Wh,Grid meter,0.0
142812,15,2025-03-02T08:45:00+08:00,132775308,35422461,False,Wh,Grid meter,0.0
142812,15,2025-03-02T09:00:00+08:00,132775328,35422504,False,Wh,Grid meter,0.0
142812,15,2025-03-02T09:15:00+08:00,132775348,35422715,False,Wh,Grid meter,0.0
142812,15,2025-03-02T09:30:00+08:00,132775407,35422792,False,Wh,Grid meter,0.0
142812,15,2025-03-02T09:45:00+08:00,132775472,35422878,False,Wh,Grid meter,0.0
142812,15,2025-03-02T10:00:00+08:00,132775475,35423177,False,Wh,Grid meter,0.0
142812,15,2025-03-02T10:15:00+08:00,132775480,35423718,False,Wh,Grid meter,0.0
142812,15,2025-03-02T10:30:00+08:00,132775518,35424098,False,Wh,Grid meter,0.0
142812,15,2025-03-02T10:45:00+08:00,132775518,35424657,False,Wh,Grid meter,0.0
142812,15,2025-03-02T11:00:00+08:00,132775535,35425024,False,Wh,Grid meter,0.0
142812,15,2025-03-02T11:15:00+08:00,132775543,35425819,False,Wh,Grid meter,0.0
142812,15,2025-03-02T11:30:00+08:00,132775582,35425974,False,Wh,Grid meter,0.0
142812,15,2025-03-02T11:45:00+08:00,132775585,35426701,False,Wh,Grid meter,0.0
142812,15,2025-03-02T12:00:00+08:00,132775588,35427372,False,Wh,Grid meter,0.0
142812,15,2025-03-02T12:15:00+08:00,132775644,35427628,False,Wh,Grid meter,0.0
142812,15,2025-03-02T12:30:00+08:00,132775644,35428394,False,Wh,Grid meter,0.0
142812,15,2025-03-02T12:45:00+08:00,132775644,35429314,False,Wh,Grid meter,0.0
142812,15,2025-03-02T13:00:00+08:00,132775785,35429429,False,Wh,Grid meter,0.0
142812,15,2025-03-02T13:15:00+08:00,132775841,35429616,False,Wh,Grid meter,0.0
142812,15,2025-03-02T13:30:00+08:00,132775896,35429698,False,Wh,Grid meter,0.0
142812,15,2025-03-02T13:45:00+08:00,132776373,35429748,False,Wh,Grid meter,0.0
142812,15,2025-03-02T14:00:00+08:00,132778001,35429748,False,Wh,Grid meter,0.0
142812,15,2025-03-02T14:15:00+08:00,132779980,35429748,False,Wh,Grid meter,0.0
142812,15,2025-03-02T14:30:00+08:00,132780903,35429748,False,Wh,Grid meter,0.0
142812,15,2025-03-02T14:45:00+08:00,132781210,35429761,False,Wh,Grid meter,0.0
142812,15,2025-03-02T15:00:00+08:00,132781792,35429772,False,Wh,Grid meter,0.0
142812,15,2025-03-02T15:15:00+08:00,132783542,35429772,False,Wh,Grid meter,0.0
142812,15,2025-03-02T15:30:00+08:00,132784841,35429772,False,Wh,Grid meter,0.0
142812,15,2025-03-02T15:45:00+08:00,132786563,35429772,False,Wh,Grid meter,0.0
142812,15,2025-03-02T16:00:00+08:00,132788292,35429772,False,Wh,Grid meter,0.0
142812,15,2025-03-02T16:15:00+08:00,132790502,35429772,False,Wh,Grid meter,0.0
142812,15,2025-03-02T16:30:00+08:00,132792877,35429772,False,Wh,Grid meter,0.0
142812,15,2025-03-02T16:45:00+08:00,132794983,35429772,False,Wh,Grid meter,0.0
142812,15,2025-03-02T17:00:00+08:00,132796900,35429772,False,Wh,Grid meter,0.0
142812,15,2025-03-02T17:15:00+08:00,132799268,35429772,False,Wh,Grid meter,0.0
142812,15,2025-03-02T17:30:00+08:00,132801668,35429772,False,Wh,Grid meter,0.0
142812,15,2025-03-02T17:45:00+08:00,132804249,35429772,False,Wh,Grid meter,0.0
142812,15,2025-03-02T18:00:00+08:00,132806790,35429772,False,Wh,Grid meter,0.0
142812,15,2025-03-02T18:15:00+08:00,132809268,35429772,False,Wh,Grid meter,0.0
142812,15,2025-03-02T18:30:00+08:00,132811901,35429772,False,Wh,Grid meter,0.0
142812,15,2025-03-02T18:45:00+08:00,132815389,35429772,False,Wh,Grid meter,0.0
142812,15,2025-03-02T19:00:00+08:00,132817902,35429772,False,Wh,Grid meter,0.0
142812,15,2025-03-02T19:15:00+08:00,132820176,35429772,False,Wh,Grid meter,0.0
142812,15,2025-03-02T19:30:00+08:00,132822455,35429772,False,Wh,Grid meter,0.0
142812,15,2025-03-02T19:45:00+08:00,132825225,35429772,False,Wh,Grid meter,0.0
142812,15,2025-03-02T20:00:00+08:00,132828102,35429772,False,Wh,Grid meter,0.0
142812,15,2025-03-02T20:15:00+08:00,132831440,35429772,False,Wh,Grid meter,0.0
142812,15,2025-03-02T20:30:00+08:00,132834831,35429772,False,Wh,Grid meter,0.0
142812,15,2025-03-02T20:45:00+08:00,132838347,35429772,False,Wh,Grid meter,0.0
142812,15,2025-03-02T21:00:00+08:00,132840676,35429772,False,Wh,Grid meter,0.0
142812,15,2025-03-02T21:15:00+08:00,132842841,35429772,False,Wh,Grid meter,0.0
142812,15,2025-03-02T21:30:00+08:00,132845039,35429772,False,Wh,Grid meter,0.0
142812,15,2025-03-02T21:45:00+08:00,132847576,35429772,False,Wh,Grid meter,0.0
142812,15,2025-03-02T22:00:00+08:00,132849329,35429772,False,Wh,Grid meter,0.0
142812,15,2025-03-02T22:15:00+08:00,132852128,35429772,False,Wh,Grid meter,0.0
142812,15,2025-03-02T22:30:00+08:00,132853998,35429772,False,Wh,Grid meter,0.0
142812,15,2025-03-02T22:45:00+08:00,132855889,35429772,False,Wh,Grid meter,0.0
142812,15,2025-03-02T23:00:00+08:00,132857285,35429772,False,Wh,Grid meter,0.0
142812,15,2025-03-02T23:15:00+08:00,132859301,35429772,False,Wh,Grid meter,0.0
142812,15,2025-03-02T23:30:00+08:00,132861403,35429772,False,Wh,Grid meter,0.0
142812,15,2025-03-02T23:45:00+08:00,132863044,35429772,False,Wh,Grid meter,0.0
142812,15,2025-03-03T00:00:00+08:00,132864032,35429772,False,Wh,Grid meter,0.0
142812,15,2025-03-03T00:15:00+08:00,132864993,35429772,False,Wh,Grid meter,0.0
142812,15,2025-03-03T00:30:00+08:00,132865696,35429772,False,Wh,Grid meter,0.0
142812,15,2025-03-03T00:45:00+08:00,132866806,35429772,False,Wh,Grid meter,0.0
142812,15,2025-03-03T01:00:00+08:00,132867928,35429772,False,Wh,Grid meter,0.0
142812,15,2025-03-03T01:15:00+08:00,132868498,35429772,False,Wh,Grid meter,0.0
142812,15,2025-03-03T01:30:00+08:00,132869208,35429772,False,Wh,Grid meter,0.0
142812,15,2025-03-03T01:45:00+08:00,132870004,35429772,False,Wh,Grid meter,0.0
142812,15,2025-03-03T02:00:00+08:00,132870530,35429772,False,Wh,Grid meter,0.0
142812,15,2025-03-03T02:15:00+08:00,132871090,35429772,False,Wh,Grid meter,0.0
142812,15,2025-03-03T02:30:00+08:00,132871661,35429772,False,Wh,Grid meter,0.0
142812,15,2025-03-03T02:45:00+08:00,132872182,35429772,False,Wh,Grid meter,0.0
142812,15,2025-03-03T03:00:00+08:00,132872644,35429772,False,Wh,Grid meter,0.0
142812,15,2025-03-03T03:15:00+08:00,132873423,35429772,False,Wh,Grid meter,0.0
142812,15,2025-03-03T03:30:00+08:00,132874174,35429772,False,Wh,Grid meter,0.0
142812,15,2025-03-03T03:45:00+08:00,132874686,35429772,False,Wh,Grid meter,0.0
142812,15,2025-03-03T04:00:00+08:00,132875645,35429772,False,Wh,Grid meter,0.0
142812,15,2025-03-03T04:15:00+08:00,132877524,35429772,False,Wh,Grid meter,0.0
142812,15,2025-03-03T04:30:00+08:00,132878433,35429772,False,Wh,Grid meter,0.0
142812,15,2025-03-03T04:45:00+08:00,132879329,35429772,False,Wh,Grid meter,0.0
142812,15,2025-03-03T05:00:00+08:00,132879864,35429772,False,Wh,Grid meter,0.0
142812,15,2025-03-03T05:15:00+08:00,132880407,35429772,False,Wh,Grid meter,0.0
142812,15,2025-03-03T05:30:00+08:00,132880894,35429772,False,Wh,Grid meter,0.0
142812,15,2025-03-03T05:45:00+08:00,132881350,35429772,False,Wh,Grid meter,0.0
142812,15,2025-03-03T06:00:00+08:00,132881823,35429772,False,Wh,Grid meter,0.0
142812,15,2025-03-03T06:15:00+08:00,132882381,35429772,False,Wh,Grid meter,0.0
142812,15,2025-03-03T06:30:00+08:00,132882903,35429772,False,Wh,Grid meter,0.0
142812,15,2025-03-03T06:45:00+08:00,132883298,35429772,False,Wh,Grid meter,0.0
142812,15,2025-03-03T07:00:00+08:00,132883639,35429772,False,Wh,Grid meter,0.0
142812,15,2025-03-03T07:15:00+08:00,132883915,35429772,False,Wh,Grid meter,0.0
142812,15,2025-03-03T07:30:00+08:00,132884097,35429787,False,Wh,Grid meter,0.0
142812,15,2025-03-03T07:45:00+08:00,132884359,35429815,False,Wh,Grid meter,0.0
142812,15,2025-03-03T08:00:00+08:00,132885007,35429829,False,Wh,Grid meter,0.0
142812,15,2025-03-03T08:15:00+08:00,132885633,35429926,False,Wh,Grid meter,0.0
142812,15,2025-03-03T08:30:00+08:00,132885743,35430256,False,Wh,Grid meter,0.0
142812,15,2025-03-03T08:45:00+08:00,132885902,35430645,False,Wh,Grid meter,0.0
142812,15,2025-03-03T09:00:00+08:00,132885911,35431815,False,Wh,Grid meter,0.0
142812,15,2025-03-03T09:15:00+08:00,132885911,35433326,False,Wh,Grid meter,0.0
142812,15,2025-03-03T09:30:00+08:00,132885911,35434918,False,Wh,Grid meter,0.0
142812,15,2025-03-03T09:45:00+08:00,132885917,35436622,False,Wh,Grid meter,0.0
142812,15,2025-03-03T10:00:00+08:00,132885917,35438774,False,Wh,Grid meter,0.0
142812,15,2025-03-03T10:15:00+08:00,132885917,35440656,False,Wh,Grid meter,0.0
142812,15,2025-03-03T10:30:00+08:00,132885917,35442643,False,Wh,Grid meter,0.0
142812,15,2025-03-03T10:45:00+08:00,132885917,35444447,False,Wh,Grid meter,0.0
142812,15,2025-03-03T11:00:00+08:00,132885917,35446572,False,Wh,Grid meter,0.0
142812,15,2025-03-03T11:15:00+08:00,132885917,35448276,False,Wh,Grid meter,0.0
142812,15,2025-03-03T11:30:00+08:00,132885917,35450841,False,Wh,Grid meter,0.0
142812,15,2025-03-03T11:45:00+08:00,132885917,35453526,False,Wh,Grid meter,0.0
142812,15,2025-03-03T12:00:00+08:00,132885917,35455320,False,Wh,Grid meter,0.0
142812,15,2025-03-03T12:15:00+08:00,132885917,35457377,False,Wh,Grid meter,0.0
142812,15,2025-03-03T12:30:00+08:00,132885917,35459950,False,Wh,Grid meter,0.0
142812,15,2025-03-03T12:45:00+08:00,132885917,35461742,False,Wh,Grid meter,0.0
142812,15,2025-03-03T13:00:00+08:00,132885917,35464067,False,Wh,Grid meter,0.0
142812,15,2025-03-03T13:15:00+08:00,132885917,35466273,False,Wh,Grid meter,0.0
142812,15,2025-03-03T13:30:00+08:00,132885917,35468166,False,Wh,Grid meter,0.0
142812,15,2025-03-03T13:45:00+08:00,132885917,35470466,False,Wh,Grid meter,0.0
142812,15,2025-03-03T14:00:00+08:00,132885917,35472874,False,Wh,Grid meter,0.0
142812,15,2025-03-03T14:15:00+08:00,132885917,35475279,False,Wh,Grid meter,0.0
142812,15,2025-03-03T14:30:00+08:00,132885917,35477296,False,Wh,Grid meter,0.0
142812,15,2025-03-03T14:45:00+08:00,132885929,35478616,False,Wh,Grid meter,0.0
142812,15,2025-03-03T15:00:00+08:00,132885941,35480236,False,Wh,Grid meter,0.0
142812,15,2025-03-03T15:15:00+08:00,132885941,35481749,False,Wh,Grid meter,0.0
142812,15,2025-03-03T15:30:00+08:00,132885949,35483050,False,Wh,Grid meter,0.0
142812,15,2025-03-03T15:45:00+08:00,132885971,35484104,False,Wh,Grid meter,0.0
142812,15,2025-03-03T16:00:00+08:00,132885971,35485496,False,Wh,Grid meter,0.0
142812,15,2025-03-03T16:15:00+08:00,132885971,35486485,False,Wh,Grid meter,0.0
142812,15,2025-03-03T16:30:00+08:00,132886000,35487114,False,Wh,Grid meter,0.0
142812,15,2025-03-03T16:45:00+08:00,132886718,35487185,False,Wh,Grid meter,0.0
142812,15,2025-03-03T17:00:00+08:00,132887062,35487378,False,Wh,Grid meter,0.0
142812,15,2025-03-03T17:15:00+08:00,132888501,35487378,False,Wh,Grid meter,0.0
142812,15,2025-03-03T17:30:00+08:00,132889503,35487378,False,Wh,Grid meter,0.0
142812,15,2025-03-03T17:45:00+08:00,132890615,35487378,False,Wh,Grid meter,0.0
142812,15,2025-03-03T18:00:00+08:00,132891539,35487378,False,Wh,Grid meter,0.0
142812,15,2025-03-03T18:15:00+08:00,132893092,35487378,False,Wh,Grid meter,0.0
142812,15,2025-03-03T18:30:00+08:00,132894758,35487378,False,Wh,Grid meter,0.0
142812,15,2025-03-03T18:45:00+08:00,132896328,35487378,False,Wh,Grid meter,0.0
142812,15,2025-03-03T19:00:00+08:00,132898807,35487378,False,Wh,Grid meter,0.0
142812,15,2025-03-03T19:15:00+08:00,132900269,35487378,False,Wh,Grid meter,0.0
142812,15,2025-03-03T19:30:00+08:00,132902175,35487378,False,Wh,Grid meter,0.0
142812,15,2025-03-03T19:45:00+08:00,132903668,35487378,False,Wh,Grid meter,0.0
142812,15,2025-03-03T20:00:00+08:00,132905768,35487378,False,Wh,Grid meter,0.0
142812,15,2025-03-03T20:15:00+08:00,132908112,35487378,False,Wh,Grid meter,0.0
142812,15,2025-03-03T20:30:00+08:00,132909451,35487378,False,Wh,Grid meter,0.0
142812,15,2025-03-03T20:45:00+08:00,132910693,35487378,False,Wh,Grid meter,0.0
142812,15,2025-03-03T21:00:00+08:00,132912279,35487378,False,Wh,Grid meter,0.0
142812,15,2025-03-03T21:15:00+08:00,132913547,35487378,False,Wh,Grid meter,0.0
142812,15,2025-03-03T21:30:00+08:00,132914662,35487378,False,Wh,Grid meter,0.0
142812,15,2025-03-03T21:45:00+08:00,132915892,35487378,False,Wh,Grid meter,0.0
142812,15,2025-03-03T22:00:00+08:00,132917946,35487378,False,Wh,Grid meter,0.0
142812,15,2025-03-03T22:15:00+08:00,132919088,35487378,False,Wh,Grid meter,0.0
142812,15,2025-03-03T22:30:00+08:00,132920600,35487378,False,Wh,Grid meter,0.0
142812,15,2025-03-03T22:45:00+08:00,132922212,35487378,False,Wh,Grid meter,0.0
142812,15,2025-03-03T23:00:00+08:00,132923158,35487378,False,Wh,Grid meter,0.0
142812,15,2025-03-03T23:15:00+08:00,132924140,35487378,False,Wh,Grid meter,0.0
142812,15,2025-03-03T23:30:00+08:00,132925110,35487378,False,Wh,Grid meter,0.0
142812,15,2025-03-03T23:45:00+08:00,132926021,35487378,False,Wh,Grid meter,0.0
142813,15,2025-02-22T00:00:00+08:00,22102674,0,False,Wh,101,0.0
142813,15,2025-02-22T00:15:00+08:00,22102754,0,False,Wh,101,0.0
142813,15,2025-02-22T00:30:00+08:00,22102809,0,False,Wh,101,0.0
142813,15,2025-02-22T00:45:00+08:00,22102845,0,False,Wh,101,0.0
142813,15,2025-02-22T01:00:00+08:00,22102864,0,False,Wh,101,0.0
142813,15,2025-02-22T01:15:00+08:00,22102884,0,False,Wh,101,0.0
142813,15,2025-02-22T01:30:00+08:00,22102909,0,False,Wh,101,0.0
142813,15,2025-02-22T01:45:00+08:00,22102931,0,False,Wh,101,0.0
142813,15,2025-02-22T02:00:00+08:00,22102948,0,False,Wh,101,0.0
142813,15,2025-02-22T02:15:00+08:00,22102973,0,False,Wh,101,0.0
142813,15,2025-02-22T02:30:00+08:00,22102998,0,False,Wh,101,0.0
142813,15,2025-02-22T02:45:00+08:00,22103058,0,False,Wh,101,0.0
142813,15,2025-02-22T03:00:00+08:00,22103084,0,False,Wh,101,0.0
142813,15,2025-02-22T03:15:00+08:00,22103109,0,False,Wh,101,0.0
142813,15,2025-02-22T03:30:00+08:00,22103134,0,False,Wh,101,0.0
142813,15,2025-02-22T03:45:00+08:00,22103158,0,False,Wh,101,0.0
142813,15,2025-02-22T04:00:00+08:00,22103181,0,False,Wh,101,0.0
142813,15,2025-02-22T04:15:00+08:00,22103526,0,False,Wh,101,0.0
142813,15,2025-02-22T04:30:00+08:00,22103553,0,False,Wh,101,0.0
142813,15,2025-02-22T04:45:00+08:00,22103581,0,False,Wh,101,0.0
142813,15,2025-02-22T05:00:00+08:00,22103596,0,False,Wh,101,0.0
142813,15,2025-02-22T05:15:00+08:00,22103626,0,False,Wh,101,0.0
142813,15,2025-02-22T05:30:00+08:00,22103640,0,False,Wh,101,0.0
142813,15,2025-02-22T05:45:00+08:00,22103662,0,False,Wh,101,0.0
142813,15,2025-02-22T06:00:00+08:00,22103684,0,False,Wh,101,0.0
142813,15,2025-02-22T06:15:00+08:00,22103697,0,False,Wh,101,0.0
142813,15,2025-02-22T06:30:00+08:00,22103719,0,False,Wh,101,0.0
142813,15,2025-02-22T06:45:00+08:00,22103741,0,False,Wh,101,0.0
142813,15,2025-02-22T07:00:00+08:00,22103754,0,False,Wh,101,0.0
142813,15,2025-02-22T07:15:00+08:00,22103776,0,False,Wh,101,0.0
142813,15,2025-02-22T07:30:00+08:00,22103797,0,False,Wh,101,0.0
142813,15,2025-02-22T07:45:00+08:00,22103810,0,False,Wh,101,0.0
142813,15,2025-02-22T08:00:00+08:00,22103832,0,False,Wh,101,0.0
142813,15,2025-02-22T08:15:00+08:00,22103852,0,False,Wh,101,0.0
142813,15,2025-02-22T08:30:00+08:00,22103866,0,False,Wh,101,0.0
142813,15,2025-02-22T08:45:00+08:00,22103892,0,False,Wh,101,0.0
142813,15,2025-02-22T09:00:00+08:00,22103968,0,False,Wh,101,0.0
142813,15,2025-02-22T09:15:00+08:00,22104053,0,False,Wh,101,0.0
142813,15,2025-02-22T09:30:00+08:00,22104234,0,False,Wh,101,0.0
142813,15,2025-02-22T09:45:00+08:00,22104324,0,False,Wh,101,0.0
142813,15,2025-02-22T10:00:00+08:00,22104431,0,False,Wh,101,0.0
142813,15,2025-02-22T10:15:00+08:00,22104526,0,False,Wh,101,0.0
142813,15,2025-02-22T10:30:00+08:00,22104627,0,False,Wh,101,0.0
142813,15,2025-02-22T10:45:00+08:00,22104740,0,False,Wh,101,0.0
142813,15,2025-02-22T11:00:00+08:00,22104832,0,False,Wh,101,0.0
142813,15,2025-02-22T11:15:00+08:00,22104935,0,False,Wh,101,0.0
142813,15,2025-02-22T11:30:00+08:00,22105041,0,False,Wh,101,0.0
142813,15,2025-02-22T11:45:00+08:00,22105139,0,False,Wh,101,0.0
142813,15,2025-02-22T12:00:00+08:00,22105242,0,False,Wh,101,0.0
142813,15,2025-02-22T12:15:00+08:00,22105709,0,False,Wh,101,0.0
142813,15,2025-02-22T12:30:00+08:00,22106572,0,False,Wh,101,0.0
142813,15,2025-02-22T12:45:00+08:00,22106681,0,False,Wh,101,0.0
142813,15,2025-02-22T13:00:00+08:00,22106779,0,False,Wh,101,0.0
142813,15,2025-02-22T13:15:00+08:00,22106923,0,False,Wh,101,0.0
142813,15,2025-02-22T13:30:00+08:00,22107020,0,False,Wh,101,0.0
142813,15,2025-02-22T13:45:00+08:00,22107102,0,False,Wh,101,0.0
142813,15,2025-02-22T14:00:00+08:00,22107182,0,False,Wh,101,0.0
142813,15,2025-02-22T14:15:00+08:00,22107819,0,False,Wh,101,0.0
142813,15,2025-02-22T14:30:00+08:00,22108142,0,False,Wh,101,0.0
142813,15,2025-02-22T14:45:00+08:00,22108233,0,False,Wh,101,0.0
142813,15,2025-02-22T15:00:00+08:00,22108332,0,False,Wh,101,0.0
142813,15,2025-02-22T15:15:00+08:00,22108450,0,False,Wh,101,0.0
142813,15,2025-02-22T15:30:00+08:00,22108678,0,False,Wh,101,0.0
142813,15,2025-02-22T15:45:00+08:00,22108884,0,False,Wh,101,0.0
142813,15,2025-02-22T16:00:00+08:00,22109145,0,False,Wh,101,0.0
142813,15,2025-02-22T16:15:00+08:00,22109272,0,False,Wh,101,0.0
142813,15,2025-02-22T16:30:00+08:00,22109384,0,False,Wh,101,0.0
142813,15,2025-02-22T16:45:00+08:00,22109544,0,False,Wh,101,0.0
142813,15,2025-02-22T17:00:00+08:00,22109797,0,False,Wh,101,0.0
142813,15,2025-02-22T17:15:00+08:00,22109894,0,False,Wh,101,0.0
142813,15,2025-02-22T17:30:00+08:00,22109979,0,False,Wh,101,0.0
142813,15,2025-02-22T17:45:00+08:00,22110061,0,False,Wh,101,0.0
142813,15,2025-02-22T18:00:00+08:00,22110132,0,False,Wh,101,0.0
142813,15,2025-02-22T18:15:00+08:00,22110210,0,False,Wh,101,0.0
142813,15,2025-02-22T18:30:00+08:00,22110293,0,False,Wh,101,0.0
142813,15,2025-02-22T18:45:00+08:00,22110395,0,False,Wh,101,0.0
142813,15,2025-02-22T19:00:00+08:00,22110796,0,False,Wh,101,0.0
142813,15,2025-02-22T19:15:00+08:00,22111096,0,False,Wh,101,0.0
142813,15,2025-02-22T19:30:00+08:00,22111710,0,False,Wh,101,0.0
142813,15,2025-02-22T19:45:00+08:00,22112207,0,False,Wh,101,0.0
142813,15,2025-02-22T20:00:00+08:00,22112650,0,False,Wh,101,0.0
142813,15,2025-02-22T20:15:00+08:00,22112853,0,False,Wh,101,0.0
142813,15,2025-02-22T20:30:00+08:00,22112950,0,False,Wh,101,0.0
142813,15,2025-02-22T20:45:00+08:00,22113074,0,False,Wh,101,0.0
142813,15,2025-02-22T21:00:00+08:00,22113168,0,False,Wh,101,0.0
142813,15,2025-02-22T21:15:00+08:00,22113261,0,False,Wh,101,0.0
142813,15,2025-02-22T21:30:00+08:00,22113393,0,False,Wh,101,0.0
142813,15,2025-02-22T21:45:00+08:00,22113509,0,False,Wh,101,0.0
142813,15,2025-02-22T22:00:00+08:00,22113597,0,False,Wh,101,0.0
142813,15,2025-02-22T22:15:00+08:00,22113684,0,False,Wh,101,0.0
142813,15,2025-02-22T22:30:00+08:00,22113771,0,False,Wh,101,0.0
142813,15,2025-02-22T22:45:00+08:00,22113857,0,False,Wh,101,0.0
142813,15,2025-02-22T23:00:00+08:00,22113942,0,False,Wh,101,0.0
142813,15,2025-02-22T23:15:00+08:00,22114032,0,False,Wh,101,0.0
142813,15,2025-02-22T23:30:00+08:00,22114122,0,False,Wh,101,0.0
142813,15,2025-02-22T23:45:00+08:00,22114209,0,False,Wh,101,0.0
142813,15,2025-02-23T00:00:00+08:00,22114291,0,False,Wh,101,0.0
142813,15,2025-02-23T00:15:00+08:00,22114381,0,False,Wh,101,0.0
142813,15,2025-02-23T00:30:00+08:00,22114472,0,False,Wh,101,0.0
142813,15,2025-02-23T00:45:00+08:00,22114557,0,False,Wh,101,0.0
142813,15,2025-02-23T01:00:00+08:00,22114641,0,False,Wh,101,0.0
142813,15,2025-02-23T01:15:00+08:00,22114730,0,False,Wh,101,0.0
142813,15,2025-02-23T01:30:00+08:00,22114818,0,False,Wh,101,0.0
142813,15,2025-02-23T01:45:00+08:00,22114870,0,False,Wh,101,0.0
142813,15,2025-02-23T02:00:00+08:00,22114893,0,False,Wh,101,0.0
142813,15,2025-02-23T02:15:00+08:00,22114915,0,False,Wh,101,0.0
142813,15,2025-02-23T02:30:00+08:00,22114928,0,False,Wh,101,0.0
142813,15,2025-02-23T02:45:00+08:00,22114950,0,False,Wh,101,0.0
142813,15,2025-02-23T03:00:00+08:00,22114971,0,False,Wh,101,0.0
142813,15,2025-02-23T03:15:00+08:00,22115393,0,False,Wh,101,0.0
142813,15,2025-02-23T03:30:00+08:00,22115415,0,False,Wh,101,0.0
142813,15,2025-02-23T03:45:00+08:00,22115436,0,False,Wh,101,0.0
142813,15,2025-02-23T04:00:00+08:00,22115449,0,False,Wh,101,0.0
142813,15,2025-02-23T04:15:00+08:00,22115471,0,False,Wh,101,0.0
142813,15,2025-02-23T04:30:00+08:00,22115493,0,False,Wh,101,0.0
142813,15,2025-02-23T04:45:00+08:00,22115505,0,False,Wh,101,0.0
142813,15,2025-02-23T05:00:00+08:00,22115527,0,False,Wh,101,0.0
142813,15,2025-02-23T05:15:00+08:00,22115548,0,False,Wh,101,0.0
142813,15,2025-02-23T05:30:00+08:00,22115560,0,False,Wh,101,0.0
142813,15,2025-02-23T05:45:00+08:00,22115582,0,False,Wh,101,0.0
142813,15,2025-02-23T06:00:00+08:00,22115604,0,False,Wh,101,0.0
142813,15,2025-02-23T06:15:00+08:00,22115616,0,False,Wh,101,0.0
142813,15,2025-02-23T06:30:00+08:00,22115638,0,False,Wh,101,0.0
142813,15,2025-02-23T06:45:00+08:00,22115658,0,False,Wh,101,0.0
142813,15,2025-02-23T07:00:00+08:00,22115671,0,False,Wh,101,0.0
142813,15,2025-02-23T07:15:00+08:00,22115693,0,False,Wh,101,0.0
142813,15,2025-02-23T07:30:00+08:00,22115710,0,False,Wh,101,0.0
142813,15,2025-02-23T07:45:00+08:00,22115727,0,False,Wh,101,0.0
142813,15,2025-02-23T08:00:00+08:00,22115748,0,False,Wh,101,0.0
142813,15,2025-02-23T08:15:00+08:00,22115761,0,False,Wh,101,0.0
142813,15,2025-02-23T08:30:00+08:00,22115781,0,False,Wh,101,0.0
142813,15,2025-02-23T08:45:00+08:00,22115798,0,False,Wh,101,0.0
142813,15,2025-02-23T09:00:00+08:00,22115813,0,False,Wh,101,0.0
142813,15,2025-02-23T09:15:00+08:00,22115833,0,False,Wh,101,0.0
142813,15,2025-02-23T09:30:00+08:00,22115845,0,False,Wh,101,0.0
142813,15,2025-02-23T09:45:00+08:00,22115865,0,False,Wh,101,0.0
142813,15,2025-02-23T10:00:00+08:00,22115886,0,False,Wh,101,0.0
142813,15,2025-02-23T10:15:00+08:00,22115924,0,False,Wh,101,0.0
142813,15,2025-02-23T10:30:00+08:00,22115999,0,False,Wh,101,0.0
142813,15,2025-02-23T10:45:00+08:00,22116077,0,False,Wh,101,0.0
142813,15,2025-02-23T11:00:00+08:00,22116180,0,False,Wh,101,0.0
142813,15,2025-02-23T11:15:00+08:00,22116418,0,False,Wh,101,0.0
142813,15,2025-02-23T11:30:00+08:00,22116898,0,False,Wh,101,0.0
142813,15,2025-02-23T11:45:00+08:00,22117000,0,False,Wh,101,0.0
142813,15,2025-02-23T12:00:00+08:00,22117086,0,False,Wh,101,0.0
142813,15,2025-02-23T12:15:00+08:00,22117225,0,False,Wh,101,0.0
142813,15,2025-02-23T12:30:00+08:00,22117339,0,False,Wh,101,0.0
142813,15,2025-02-23T12:45:00+08:00,22118105,0,False,Wh,101,0.0
142813,15,2025-02-23T13:00:00+08:00,22118283,0,False,Wh,101,0.0
142813,15,2025-02-23T13:15:00+08:00,22118380,0,False,Wh,101,0.0
142813,15,2025-02-23T13:30:00+08:00,22118460,0,False,Wh,101,0.0
142813,15,2025-02-23T13:45:00+08:00,22118540,0,False,Wh,101,0.0
142813,15,2025-02-23T14:00:00+08:00,22118622,0,False,Wh,101,0.0
142813,15,2025-02-23T14:15:00+08:00,22118702,0,False,Wh,101,0.0
142813,15,2025-02-23T14:30:00+08:00,22118850,0,False,Wh,101,0.0
142813,15,2025-02-23T14:45:00+08:00,22118959,0,False,Wh,101,0.0
142813,15,2025-02-23T15:00:00+08:00,22119068,0,False,Wh,101,0.0
142813,15,2025-02-23T15:15:00+08:00,22119162,0,False,Wh,101,0.0
142813,15,2025-02-23T15:30:00+08:00,22119260,0,False,Wh,101,0.0
142813,15,2025-02-23T15:45:00+08:00,22119374,0,False,Wh,101,0.0
142813,15,2025-02-23T16:00:00+08:00,22119483,0,False,Wh,101,0.0
142813,15,2025-02-23T16:15:00+08:00,22119591,0,False,Wh,101,0.0
142813,15,2025-02-23T16:30:00+08:00,22119698,0,False,Wh,101,0.0
142813,15,2025-02-23T16:45:00+08:00,22119806,0,False,Wh,101,0.0
142813,15,2025-02-23T17:00:00+08:00,22119925,0,False,Wh,101,0.0
142813,15,2025-02-23T17:15:00+08:00,22120020,0,False,Wh,101,0.0
142813,15,2025-02-23T17:30:00+08:00,22120132,0,False,Wh,101,0.0
142813,15,2025-02-23T17:45:00+08:00,22120257,0,False,Wh,101,0.0
142813,15,2025-02-23T18:00:00+08:00,22120362,0,False,Wh,101,0.0
142813,15,2025-02-23T18:15:00+08:00,22120470,0,False,Wh,101,0.0
142813,15,2025-02-23T18:30:00+08:00,22120551,0,False,Wh,101,0.0
142813,15,2025-02-23T18:45:00+08:00,22120640,0,False,Wh,101,0.0
142813,15,2025-02-23T19:00:00+08:00,22120725,0,False,Wh,101,0.0
142813,15,2025-02-23T19:15:00+08:00,22121162,0,False,Wh,101,0.0
142813,15,2025-02-23T19:30:00+08:00,22121406,0,False,Wh,101,0.0
142813,15,2025-02-23T19:45:00+08:00,22121856,0,False,Wh,101,0.0
142813,15,2025-02-23T20:00:00+08:00,22122240,0,False,Wh,101,0.0
142813,15,2025-02-23T20:15:00+08:00,22122606,0,False,Wh,101,0.0
142813,15,2025-02-23T20:30:00+08:00,22122982,0,False,Wh,101,0.0
142813,15,2025-02-23T20:45:00+08:00,22123377,0,False,Wh,101,0.0
142813,15,2025-02-23T21:00:00+08:00,22123744,0,False,Wh,101,0.0
142813,15,2025-02-23T21:15:00+08:00,22124092,0,False,Wh,101,0.0
142813,15,2025-02-23T21:30:00+08:00,22124441,0,False,Wh,101,0.0
142813,15,2025-02-23T21:45:00+08:00,22124787,0,False,Wh,101,0.0
142813,15,2025-02-23T22:00:00+08:00,22125124,0,False,Wh,101,0.0
142813,15,2025-02-23T22:15:00+08:00,22125450,0,False,Wh,101,0.0
142813,15,2025-02-23T22:30:00+08:00,22125769,0,False,Wh,101,0.0
142813,15,2025-02-23T22:45:00+08:00,22126045,0,False,Wh,101,0.0
142813,15,2025-02-23T23:00:00+08:00,22126274,0,False,Wh,101,0.0
142813,15,2025-02-23T23:15:00+08:00,22126432,0,False,Wh,101,0.0
142813,15,2025-02-23T23:30:00+08:00,22126582,0,False,Wh,101,0.0
142813,15,2025-02-23T23:45:00+08:00,22126718,0,False,Wh,101,0.0
142813,15,2025-02-24T00:00:00+08:00,22126862,0,False,Wh,101,0.0
142813,15,2025-02-24T00:15:00+08:00,22126962,0,False,Wh,101,0.0
142813,15,2025-02-24T00:30:00+08:00,22126978,0,False,Wh,101,0.0
142813,15,2025-02-24T00:45:00+08:00,22127004,0,False,Wh,101,0.0
142813,15,2025-02-24T01:00:00+08:00,22127026,0,False,Wh,101,0.0
142813,15,2025-02-24T01:15:00+08:00,22127043,0,False,Wh,101,0.0
142813,15,2025-02-24T01:30:00+08:00,22127060,0,False,Wh,101,0.0
142813,15,2025-02-24T01:45:00+08:00,22127083,0,False,Wh,101,0.0
142813,15,2025-02-24T02:00:00+08:00,22127104,0,False,Wh,101,0.0
142813,15,2025-02-24T02:15:00+08:00,22127117,0,False,Wh,101,0.0
142813,15,2025-02-24T02:30:00+08:00,22127139,0,False,Wh,101,0.0
142813,15,2025-02-24T02:45:00+08:00,22127161,0,False,Wh,101,0.0
142813,15,2025-02-24T03:00:00+08:00,22127174,0,False,Wh,101,0.0
142813,15,2025-02-24T03:15:00+08:00,22127196,0,False,Wh,101,0.0
142813,15,2025-02-24T03:30:00+08:00,22127611,0,False,Wh,101,0.0
142813,15,2025-02-24T03:45:00+08:00,22127626,0,False,Wh,101,0.0
142813,15,2025-02-24T04:00:00+08:00,22127645,0,False,Wh,101,0.0
142813,15,2025-02-24T04:15:00+08:00,22127668,0,False,Wh,101,0.0
142813,15,2025-02-24T04:30:00+08:00,22127687,0,False,Wh,101,0.0
142813,15,2025-02-24T04:45:00+08:00,22127702,0,False,Wh,101,0.0
142813,15,2025-02-24T05:00:00+08:00,22127724,0,False,Wh,101,0.0
142813,15,2025-02-24T05:15:00+08:00,22127745,0,False,Wh,101,0.0
142813,15,2025-02-24T05:30:00+08:00,22127758,0,False,Wh,101,0.0
142813,15,2025-02-24T05:45:00+08:00,22127780,0,False,Wh,101,0.0
142813,15,2025-02-24T06:00:00+08:00,22127801,0,False,Wh,101,0.0
142813,15,2025-02-24T06:15:00+08:00,22127814,0,False,Wh,101,0.0
142813,15,2025-02-24T06:30:00+08:00,22127836,0,False,Wh,101,0.0
142813,15,2025-02-24T06:45:00+08:00,22127857,0,False,Wh,101,0.0
142813,15,2025-02-24T07:00:00+08:00,22127869,0,False,Wh,101,0.0
142813,15,2025-02-24T07:15:00+08:00,22127922,0,False,Wh,101,0.0
142813,15,2025-02-24T07:30:00+08:00,22127953,0,False,Wh,101,0.0
142813,15,2025-02-24T07:45:00+08:00,22127976,0,False,Wh,101,0.0
142813,15,2025-02-24T08:00:00+08:00,22128000,0,False,Wh,101,0.0
142813,15,2025-02-24T08:15:00+08:00,22128024,0,False,Wh,101,0.0
142813,15,2025-02-24T08:30:00+08:00,22128047,0,False,Wh,101,0.0
142813,15,2025-02-24T08:45:00+08:00,22128070,0,False,Wh,101,0.0
142813,15,2025-02-24T09:00:00+08:00,22128097,0,False,Wh,101,0.0
142813,15,2025-02-24T09:15:00+08:00,22128158,0,False,Wh,101,0.0
142813,15,2025-02-24T09:30:00+08:00,22128303,0,False,Wh,101,0.0
142813,15,2025-02-24T09:45:00+08:00,22128445,0,False,Wh,101,0.0
142813,15,2025-02-24T10:00:00+08:00,22128522,0,False,Wh,101,0.0
142813,15,2025-02-24T10:15:00+08:00,22128597,0,False,Wh,101,0.0
142813,15,2025-02-24T10:30:00+08:00,22128742,0,False,Wh,101,0.0
142813,15,2025-02-24T10:45:00+08:00,22128885,0,False,Wh,101,0.0
142813,15,2025-02-24T11:00:00+08:00,22129345,0,False,Wh,101,0.0
142813,15,2025-02-24T11:15:00+08:00,22129456,0,False,Wh,101,0.0
142813,15,2025-02-24T11:30:00+08:00,22129568,0,False,Wh,101,0.0
142813,15,2025-02-24T11:45:00+08:00,22129664,0,False,Wh,101,0.0
142813,15,2025-02-24T12:00:00+08:00,22130230,0,False,Wh,101,0.0
142813,15,2025-02-24T12:15:00+08:00,22130517,0,False,Wh,101,0.0
142813,15,2025-02-24T12:30:00+08:00,22130593,0,False,Wh,101,0.0
142813,15,2025-02-24T12:45:00+08:00,22130768,0,False,Wh,101,0.0
142813,15,2025-02-24T13:00:00+08:00,22130880,0,False,Wh,101,0.0
142813,15,2025-02-24T13:15:00+08:00,22130984,0,False,Wh,101,0.0
142813,15,2025-02-24T13:30:00+08:00,22131095,0,False,Wh,101,0.0
142813,15,2025-02-24T13:45:00+08:00,22131226,0,False,Wh,101,0.0
142813,15,2025-02-24T14:00:00+08:00,22131344,0,False,Wh,101,0.0
142813,15,2025-02-24T14:15:00+08:00,22131485,0,False,Wh,101,0.0
142813,15,2025-02-24T14:30:00+08:00,22131610,0,False,Wh,101,0.0
142813,15,2025-02-24T14:45:00+08:00,22131724,0,False,Wh,101,0.0
142813,15,2025-02-24T15:00:00+08:00,22131841,0,False,Wh,101,0.0
142813,15,2025-02-24T15:15:00+08:00,22131955,0,False,Wh,101,0.0
142813,15,2025-02-24T15:30:00+08:00,22132064,0,False,Wh,101,0.0
142813,15,2025-02-24T15:45:00+08:00,22132180,0,False,Wh,101,0.0
142813,15,2025-02-24T16:00:00+08:00,22132291,0,False,Wh,101,0.0
142813,15,2025-02-24T16:15:00+08:00,22132401,0,False,Wh,101,0.0
142813,15,2025-02-24T16:30:00+08:00,22132516,0,False,Wh,101,0.0
142813,15,2025-02-24T16:45:00+08:00,22132683,0,False,Wh,101,0.0
142813,15,2025-02-24T17:00:00+08:00,22132808,0,False,Wh,101,0.0
142813,15,2025-02-24T17:15:00+08:00,22133226,0,False,Wh,101,0.0
142813,15,2025-02-24T17:30:00+08:00,22133654,0,False,Wh,101,0.0
142813,15,2025-02-24T17:45:00+08:00,22134047,0,False,Wh,101,0.0
142813,15,2025-02-24T18:00:00+08:00,22134414,0,False,Wh,101,0.0
142813,15,2025-02-24T18:15:00+08:00,22135183,0,False,Wh,101,0.0
142813,15,2025-02-24T18:30:00+08:00,22135576,0,False,Wh,101,0.0
142813,15,2025-02-24T18:45:00+08:00,22136038,0,False,Wh,101,0.0
142813,15,2025-02-24T19:00:00+08:00,22136745,0,False,Wh,101,0.0
142813,15,2025-02-24T19:15:00+08:00,22137095,0,False,Wh,101,0.0
142813,15,2025-02-24T19:30:00+08:00,22137439,0,False,Wh,101,0.0
142813,15,2025-02-24T19:45:00+08:00,22137816,0,False,Wh,101,0.0
142813,15,2025-02-24T20:00:00+08:00,22138172,0,False,Wh,101,0.0
142813,15,2025-02-24T20:15:00+08:00,22138310,0,False,Wh,101,0.0
142813,15,2025-02-24T20:30:00+08:00,22138409,0,False,Wh,101,0.0
142813,15,2025-02-24T20:45:00+08:00,22138506,0,False,Wh,101,0.0
142813,15,2025-02-24T21:00:00+08:00,22138603,0,False,Wh,101,0.0
142813,15,2025-02-24T21:15:00+08:00,22138692,0,False,Wh,101,0.0
142813,15,2025-02-24T21:30:00+08:00,22138861,0,False,Wh,101,0.0
142813,15,2025-02-24T21:45:00+08:00,22138947,0,False,Wh,101,0.0
142813,15,2025-02-24T22:00:00+08:00,22139037,0,False,Wh,101,0.0
142813,15,2025-02-24T22:15:00+08:00,22139127,0,False,Wh,101,0.0
142813,15,2025-02-24T22:30:00+08:00,22139212,0,False,Wh,101,0.0
142813,15,2025-02-24T22:45:00+08:00,22139289,0,False,Wh,101,0.0
142813,15,2025-02-24T23:00:00+08:00,22139360,0,False,Wh,101,0.0
142813,15,2025-02-24T23:15:00+08:00,22139439,0,False,Wh,101,0.0
142813,15,2025-02-24T23:30:00+08:00,22139519,0,False,Wh,101,0.0
142813,15,2025-02-24T23:45:00+08:00,22139599,0,False,Wh,101,0.0
142813,15,2025-02-25T00:00:00+08:00,22139679,0,False,Wh,101,0.0
142813,15,2025-02-25T00:15:00+08:00,22139731,0,False,Wh,101,0.0
142813,15,2025-02-25T00:30:00+08:00,22139763,0,False,Wh,101,0.0
142813,15,2025-02-25T00:45:00+08:00,22139786,0,False,Wh,101,0.0
142813,15,2025-02-25T01:00:00+08:00,22139808,0,False,Wh,101,0.0
142813,15,2025-02-25T01:15:00+08:00,22139821,0,False,Wh,101,0.0
142813,15,2025-02-25T01:30:00+08:00,22139843,0,False,Wh,101,0.0
142813,15,2025-02-25T01:45:00+08:00,22139865,0,False,Wh,101,0.0
142813,15,2025-02-25T02:00:00+08:00,22139882,0,False,Wh,101,0.0
142813,15,2025-02-25T02:15:00+08:00,22139900,0,False,Wh,101,0.0
142813,15,2025-02-25T02:30:00+08:00,22139923,0,False,Wh,101,0.0
142813,15,2025-02-25T02:45:00+08:00,22140336,0,False,Wh,101,0.0
142813,15,2025-02-25T03:00:00+08:00,22140349,0,False,Wh,101,0.0
142813,15,2025-02-25T03:15:00+08:00,22140372,0,False,Wh,101,0.0
142813,15,2025-02-25T03:30:00+08:00,22140394,0,False,Wh,101,0.0
142813,15,2025-02-25T03:45:00+08:00,22140407,0,False,Wh,101,0.0
142813,15,2025-02-25T04:00:00+08:00,22140428,0,False,Wh,101,0.0
142813,15,2025-02-25T04:15:00+08:00,22140451,0,False,Wh,101,0.0
142813,15,2025-02-25T04:30:00+08:00,22140468,0,False,Wh,101,0.0
142813,15,2025-02-25T04:45:00+08:00,22140485,0,False,Wh,101,0.0
142813,15,2025-02-25T05:00:00+08:00,22140507,0,False,Wh,101,0.0
142813,15,2025-02-25T05:15:00+08:00,22140529,0,False,Wh,101,0.0
142813,15,2025-02-25T05:30:00+08:00,22140541,0,False,Wh,101,0.0
142813,15,2025-02-25T05:45:00+08:00,22140564,0,False,Wh,101,0.0
142813,15,2025-02-25T06:00:00+08:00,22140585,0,False,Wh,101,0.0
142813,15,2025-02-25T06:15:00+08:00,22140598,0,False,Wh,101,0.0
142813,15,2025-02-25T06:30:00+08:00,22140620,0,False,Wh,101,0.0
142813,15,2025-02-25T06:45:00+08:00,22140641,0,False,Wh,101,0.0
142813,15,2025-02-25T07:00:00+08:00,22140656,0,False,Wh,101,0.0
142813,15,2025-02-25T07:15:00+08:00,22140675,0,False,Wh,101,0.0
142813,15,2025-02-25T07:30:00+08:00,22140697,0,False,Wh,101,0.0
142813,15,2025-02-25T07:45:00+08:00,22140714,0,False,Wh,101,0.0
142813,15,2025-02-25T08:00:00+08:00,22140731,0,False,Wh,101,0.0
142813,15,2025-02-25T08:15:00+08:00,22140753,0,False,Wh,101,0.0
142813,15,2025-02-25T08:30:00+08:00,22140771,0,False,Wh,101,0.0
142813,15,2025-02-25T08:45:00+08:00,22140787,0,False,Wh,101,0.0
142813,15,2025-02-25T09:00:00+08:00,22140809,0,False,Wh,101,0.0
142813,15,2025-02-25T09:15:00+08:00,22140829,0,False,Wh,101,0.0
142813,15,2025-02-25T09:30:00+08:00,22140843,0,False,Wh,101,0.0
142813,15,2025-02-25T09:45:00+08:00,22140865,0,False,Wh,101,0.0
142813,15,2025-02-25T10:00:00+08:00,22140941,0,False,Wh,101,0.0
142813,15,2025-02-25T10:15:00+08:00,22141011,0,False,Wh,101,0.0
142813,15,2025-02-25T10:30:00+08:00,22141090,0,False,Wh,101,0.0
142813,15,2025-02-25T10:45:00+08:00,22141226,0,False,Wh,101,0.0
142813,15,2025-02-25T11:00:00+08:00,22141324,0,False,Wh,101,0.0
142813,15,2025-02-25T11:15:00+08:00,22141478,0,False,Wh,101,0.0
142813,15,2025-02-25T11:30:00+08:00,22141606,0,False,Wh,101,0.0
142813,15,2025-02-25T11:45:00+08:00,22141974,0,False,Wh,101,0.0
142813,15,2025-02-25T12:00:00+08:00,22142232,0,False,Wh,101,0.0
142813,15,2025-02-25T12:15:00+08:00,22142462,0,False,Wh,101,0.0
142813,15,2025-02-25T12:30:00+08:00,22143450,0,False,Wh,101,0.0
142813,15,2025-02-25T12:45:00+08:00,22144062,0,False,Wh,101,0.0
142813,15,2025-02-25T13:00:00+08:00,22144182,0,False,Wh,101,0.0
142813,15,2025-02-25T13:15:00+08:00,22144300,0,False,Wh,101,0.0
142813,15,2025-02-25T13:30:00+08:00,22144416,0,False,Wh,101,0.0
142813,15,2025-02-25T13:45:00+08:00,22144541,0,False,Wh,101,0.0
142813,15,2025-02-25T14:00:00+08:00,22144654,0,False,Wh,101,0.0
142813,15,2025-02-25T14:15:00+08:00,22144768,0,False,Wh,101,0.0
142813,15,2025-02-25T14:30:00+08:00,22144878,0,False,Wh,101,0.0
142813,15,2025-02-25T14:45:00+08:00,22144983,0,False,Wh,101,0.0
142813,15,2025-02-25T15:00:00+08:00,22145102,0,False,Wh,101,0.0
142813,15,2025-02-25T15:15:00+08:00,22145222,0,False,Wh,101,0.0
142813,15,2025-02-25T15:30:00+08:00,22145332,0,False,Wh,101,0.0
142813,15,2025-02-25T15:45:00+08:00,22145543,0,False,Wh,101,0.0
142813,15,2025-02-25T16:00:00+08:00,22145664,0,False,Wh,101,0.0
142813,15,2025-02-25T16:15:00+08:00,22145777,0,False,Wh,101,0.0
142813,15,2025-02-25T16:30:00+08:00,22145888,0,False,Wh,101,0.0
142813,15,2025-02-25T16:45:00+08:00,22146001,0,False,Wh,101,0.0
142813,15,2025-02-25T17:00:00+08:00,22146117,0,False,Wh,101,0.0
142813,15,2025-02-25T17:15:00+08:00,22146224,0,False,Wh,101,0.0
142813,15,2025-02-25T17:30:00+08:00,22146344,0,False,Wh,101,0.0
142813,15,2025-02-25T17:45:00+08:00,22146839,0,False,Wh,101,0.0
142813,15,2025-02-25T18:00:00+08:00,22147294,0,False,Wh,101,0.0
142813,15,2025-02-25T18:15:00+08:00,22147706,0,False,Wh,101,0.0
142813,15,2025-02-25T18:30:00+08:00,22148091,0,False,Wh,101,0.0
142813,15,2025-02-25T18:45:00+08:00,22148458,0,False,Wh,101,0.0
142813,15,2025-02-25T19:00:00+08:00,22148802,0,False,Wh,101,0.0
142813,15,2025-02-25T19:15:00+08:00,22149590,0,False,Wh,101,0.0
142813,15,2025-02-25T19:30:00+08:00,22150101,0,False,Wh,101,0.0
142813,15,2025-02-25T19:45:00+08:00,22150665,0,False,Wh,101,0.0
142813,15,2025-02-25T20:00:00+08:00,22151228,0,False,Wh,101,0.0
142813,15,2025-02-25T20:15:00+08:00,22151578,0,False,Wh,101,0.0
142813,15,2025-02-25T20:30:00+08:00,22151699,0,False,Wh,101,0.0
142813,15,2025-02-25T20:45:00+08:00,22152132,0,False,Wh,101,0.0
142813,15,2025-02-25T21:00:00+08:00,22152252,0,False,Wh,101,0.0
142813,15,2025-02-25T21:15:00+08:00,22152339,0,False,Wh,101,0.0
142813,15,2025-02-25T21:30:00+08:00,22152427,0,False,Wh,101,0.0
142813,15,2025-02-25T21:45:00+08:00,22152515,0,False,Wh,101,0.0
142813,15,2025-02-25T22:00:00+08:00,22152680,0,False,Wh,101,0.0
142813,15,2025-02-25T22:15:00+08:00,22152768,0,False,Wh,101,0.0
142813,15,2025-02-25T22:30:00+08:00,22152855,0,False,Wh,101,0.0
142813,15,2025-02-25T22:45:00+08:00,22152944,0,False,Wh,101,0.0
142813,15,2025-02-25T23:00:00+08:00,22153037,0,False,Wh,101,0.0
142813,15,2025-02-25T23:15:00+08:00,22153122,0,False,Wh,101,0.0
142813,15,2025-02-25T23:30:00+08:00,22153209,0,False,Wh,101,0.0
142813,15,2025-02-25T23:45:00+08:00,22153294,0,False,Wh,101,0.0
142813,15,2025-02-26T00:00:00+08:00,22153377,0,False,Wh,101,0.0
142813,15,2025-02-26T00:15:00+08:00,22153440,0,False,Wh,101,0.0
142813,15,2025-02-26T00:30:00+08:00,22153461,0,False,Wh,101,0.0
142813,15,2025-02-26T00:45:00+08:00,22153483,0,False,Wh,101,0.0
142813,15,2025-02-26T01:00:00+08:00,22153506,0,False,Wh,101,0.0
142813,15,2025-02-26T01:15:00+08:00,22153527,0,False,Wh,101,0.0
142813,15,2025-02-26T01:30:00+08:00,22153549,0,False,Wh,101,0.0
142813,15,2025-02-26T01:45:00+08:00,22153571,0,False,Wh,101,0.0
142813,15,2025-02-26T02:00:00+08:00,22153584,0,False,Wh,101,0.0
142813,15,2025-02-26T02:15:00+08:00,22153607,0,False,Wh,101,0.0
142813,15,2025-02-26T02:30:00+08:00,22153629,0,False,Wh,101,0.0
142813,15,2025-02-26T02:45:00+08:00,22153644,0,False,Wh,101,0.0
142813,15,2025-02-26T03:00:00+08:00,22153664,0,False,Wh,101,0.0
142813,15,2025-02-26T03:15:00+08:00,22153686,0,False,Wh,101,0.0
142813,15,2025-02-26T03:30:00+08:00,22153708,0,False,Wh,101,0.0
142813,15,2025-02-26T03:45:00+08:00,22153730,0,False,Wh,101,0.0
142813,15,2025-02-26T04:00:00+08:00,22153752,0,False,Wh,101,0.0
142813,15,2025-02-26T04:15:00+08:00,22153768,0,False,Wh,101,0.0
142813,15,2025-02-26T04:30:00+08:00,22153787,0,False,Wh,101,0.0
142813,15,2025-02-26T04:45:00+08:00,22153810,0,False,Wh,101,0.0
142813,15,2025-02-26T05:00:00+08:00,22153830,0,False,Wh,101,0.0
142813,15,2025-02-26T05:15:00+08:00,22153844,0,False,Wh,101,0.0
142813,15,2025-02-26T05:30:00+08:00,22154015,0,False,Wh,101,0.0
142813,15,2025-02-26T05:45:00+08:00,22154267,0,False,Wh,101,0.0
142813,15,2025-02-26T06:00:00+08:00,22154280,0,False,Wh,101,0.0
142813,15,2025-02-26T06:15:00+08:00,22154302,0,False,Wh,101,0.0
142813,15,2025-02-26T06:30:00+08:00,22154324,0,False,Wh,101,0.0
142813,15,2025-02-26T06:45:00+08:00,22154341,0,False,Wh,101,0.0
142813,15,2025-02-26T07:00:00+08:00,22154359,0,False,Wh,101,0.0
142813,15,2025-02-26T07:15:00+08:00,22154381,0,False,Wh,101,0.0
142813,15,2025-02-26T07:30:00+08:00,22154403,0,False,Wh,101,0.0
142813,15,2025-02-26T07:45:00+08:00,22154415,0,False,Wh,101,0.0
142813,15,2025-02-26T08:00:00+08:00,22154438,0,False,Wh,101,0.0
142813,15,2025-02-26T08:15:00+08:00,22154459,0,False,Wh,101,0.0
142813,15,2025-02-26T08:30:00+08:00,22154472,0,False,Wh,101,0.0
142813,15,2025-02-26T08:45:00+08:00,22154494,0,False,Wh,101,0.0
142813,15,2025-02-26T09:00:00+08:00,22154516,0,False,Wh,101,0.0
142813,15,2025-02-26T09:15:00+08:00,22154531,0,False,Wh,101,0.0
142813,15,2025-02-26T09:30:00+08:00,22154551,0,False,Wh,101,0.0
142813,15,2025-02-26T09:45:00+08:00,22154573,0,False,Wh,101,0.0
142813,15,2025-02-26T10:00:00+08:00,22154591,0,False,Wh,101,0.0
142813,15,2025-02-26T10:15:00+08:00,22154607,0,False,Wh,101,0.0
142813,15,2025-02-26T10:30:00+08:00,22154630,0,False,Wh,101,0.0
142813,15,2025-02-26T10:45:00+08:00,22154650,0,False,Wh,101,0.0
142813,15,2025-02-26T11:00:00+08:00,22154663,0,False,Wh,101,0.0
142813,15,2025-02-26T11:15:00+08:00,22154700,0,False,Wh,101,0.0
142813,15,2025-02-26T11:30:00+08:00,22154803,0,False,Wh,101,0.0
142813,15,2025-02-26T11:45:00+08:00,22154907,0,False,Wh,101,0.0
142813,15,2025-02-26T12:00:00+08:00,22155021,0,False,Wh,101,0.0
142813,15,2025-02-26T12:15:00+08:00,22155136,0,False,Wh,101,0.0
142813,15,2025-02-26T12:30:00+08:00,22155305,0,False,Wh,101,0.0
142813,15,2025-02-26T12:45:00+08:00,22155847,0,False,Wh,101,0.0
142813,15,2025-02-26T13:00:00+08:00,22156640,0,False,Wh,101,0.0
142813,15,2025-02-26T13:15:00+08:00,22156953,0,False,Wh,101,0.0
142813,15,2025-02-26T13:30:00+08:00,22157517,0,False,Wh,101,0.0
142813,15,2025-02-26T13:45:00+08:00,22157973,0,False,Wh,101,0.0
142813,15,2025-02-26T14:00:00+08:00,22158552,0,False,Wh,101,0.0
142813,15,2025-02-26T14:15:00+08:00,22159037,0,False,Wh,101,0.0
142813,15,2025-02-26T14:30:00+08:00,22159594,0,False,Wh,101,0.0
142813,15,2025-02-26T14:45:00+08:00,22160021,0,False,Wh,101,0.0
142813,15,2025-02-26T15:00:00+08:00,22160596,0,False,Wh,101,0.0
142813,15,2025-02-26T15:15:00+08:00,22161012,0,False,Wh,101,0.0
142813,15,2025-02-26T15:30:00+08:00,22161422,0,False,Wh,101,0.0
142813,15,2025-02-26T15:45:00+08:00,22161831,0,False,Wh,101,0.0
142813,15,2025-02-26T16:00:00+08:00,22162243,0,False,Wh,101,0.0
142813,15,2025-02-26T16:15:00+08:00,22162657,0,False,Wh,101,0.0
142813,15,2025-02-26T16:30:00+08:00,22163060,0,False,Wh,101,0.0
142813,15,2025-02-26T16:45:00+08:00,22163450,0,False,Wh,101,0.0
142813,15,2025-02-26T17:00:00+08:00,22163848,0,False,Wh,101,0.0
142813,15,2025-02-26T17:15:00+08:00,22164254,0,False,Wh,101,0.0
142813,15,2025-02-26T17:30:00+08:00,22164744,0,False,Wh,101,0.0
142813,15,2025-02-26T17:45:00+08:00,22165179,0,False,Wh,101,0.0
142813,15,2025-02-26T18:00:00+08:00,22165917,0,False,Wh,101,0.0
142813,15,2025-02-26T18:15:00+08:00,22166310,0,False,Wh,101,0.0
142813,15,2025-02-26T18:30:00+08:00,22166713,0,False,Wh,101,0.0
142813,15,2025-02-26T18:45:00+08:00,22167094,0,False,Wh,101,0.0
142813,15,2025-02-26T19:00:00+08:00,22167450,0,False,Wh,101,0.0
142813,15,2025-02-26T19:15:00+08:00,22167706,0,False,Wh,101,0.0
142813,15,2025-02-26T19:30:00+08:00,22167884,0,False,Wh,101,0.0
142813,15,2025-02-26T19:45:00+08:00,22168030,0,False,Wh,101,0.0
142813,15,2025-02-26T20:00:00+08:00,22168177,0,False,Wh,101,0.0
142813,15,2025-02-26T20:15:00+08:00,22168312,0,False,Wh,101,0.0
142813,15,2025-02-26T20:30:00+08:00,22168462,0,False,Wh,101,0.0
142813,15,2025-02-26T20:45:00+08:00,22168624,0,False,Wh,101,0.0
142813,15,2025-02-26T21:00:00+08:00,22168804,0,False,Wh,101,0.0
142813,15,2025-02-26T21:15:00+08:00,22168940,0,False,Wh,101,0.0
142813,15,2025-02-26T21:30:00+08:00,22169088,0,False,Wh,101,0.0
142813,15,2025-02-26T21:45:00+08:00,22169339,0,False,Wh,101,0.0
142813,15,2025-02-26T22:00:00+08:00,22169482,0,False,Wh,101,0.0
142813,15,2025-02-26T22:15:00+08:00,22169616,0,False,Wh,101,0.0
142813,15,2025-02-26T22:30:00+08:00,22169746,0,False,Wh,101,0.0
142813,15,2025-02-26T22:45:00+08:00,22169878,0,False,Wh,101,0.0
142813,15,2025-02-26T23:00:00+08:00,22170018,0,False,Wh,101,0.0
142813,15,2025-02-26T23:15:00+08:00,22170157,0,False,Wh,101,0.0
142813,15,2025-02-26T23:30:00+08:00,22170298,0,False,Wh,101,0.0
142813,15,2025-02-26T23:45:00+08:00,22170435,0,False,Wh,101,0.0
142813,15,2025-02-27T00:00:00+08:00,22170563,0,False,Wh,101,0.0
142813,15,2025-02-27T00:15:00+08:00,22170588,0,False,Wh,101,0.0
142813,15,2025-02-27T00:30:00+08:00,22170603,0,False,Wh,101,0.0
142813,15,2025-02-27T00:45:00+08:00,22170625,0,False,Wh,101,0.0
142813,15,2025-02-27T01:00:00+08:00,22170647,0,False,Wh,101,0.0
142813,15,2025-02-27T01:15:00+08:00,22170661,0,False,Wh,101,0.0
142813,15,2025-02-27T01:30:00+08:00,22170682,0,False,Wh,101,0.0
142813,15,2025-02-27T01:45:00+08:00,22170704,0,False,Wh,101,0.0
142813,15,2025-02-27T02:00:00+08:00,22170722,0,False,Wh,101,0.0
142813,15,2025-02-27T02:15:00+08:00,22171138,0,False,Wh,101,0.0
142813,15,2025-02-27T02:30:00+08:00,22171160,0,False,Wh,101,0.0
142813,15,2025-02-27T02:45:00+08:00,22171180,0,False,Wh,101,0.0
142813,15,2025-02-27T03:00:00+08:00,22171194,0,False,Wh,101,0.0
142813,15,2025-02-27T03:15:00+08:00,22171217,0,False,Wh,101,0.0
142813,15,2025-02-27T03:30:00+08:00,22171239,0,False,Wh,101,0.0
142813,15,2025-02-27T03:45:00+08:00,22171253,0,False,Wh,101,0.0
142813,15,2025-02-27T04:00:00+08:00,22171283,0,False,Wh,101,0.0
142813,15,2025-02-27T04:15:00+08:00,22171297,0,False,Wh,101,0.0
142813,15,2025-02-27T04:30:00+08:00,22171319,0,False,Wh,101,0.0
142813,15,2025-02-27T04:45:00+08:00,22171341,0,False,Wh,101,0.0
142813,15,2025-02-27T05:00:00+08:00,22171354,0,False,Wh,101,0.0
142813,15,2025-02-27T05:15:00+08:00,22171376,0,False,Wh,101,0.0
142813,15,2025-02-27T05:30:00+08:00,22171398,0,False,Wh,101,0.0
142813,15,2025-02-27T05:45:00+08:00,22171410,0,False,Wh,101,0.0
142813,15,2025-02-27T06:00:00+08:00,22171433,0,False,Wh,101,0.0
142813,15,2025-02-27T06:15:00+08:00,22171455,0,False,Wh,101,0.0
142813,15,2025-02-27T06:30:00+08:00,22171467,0,False,Wh,101,0.0
142813,15,2025-02-27T06:45:00+08:00,22171489,0,False,Wh,101,0.0
142813,15,2025-02-27T07:00:00+08:00,22171511,0,False,Wh,101,0.0
142813,15,2025-02-27T07:15:00+08:00,22171523,0,False,Wh,101,0.0
142813,15,2025-02-27T07:30:00+08:00,22171546,0,False,Wh,101,0.0
142813,15,2025-02-27T07:45:00+08:00,22171568,0,False,Wh,101,0.0
142813,15,2025-02-27T08:00:00+08:00,22171580,0,False,Wh,101,0.0
142813,15,2025-02-27T08:15:00+08:00,22171602,0,False,Wh,101,0.0
142813,15,2025-02-27T08:30:00+08:00,22171623,0,False,Wh,101,0.0
142813,15,2025-02-27T08:45:00+08:00,22171636,0,False,Wh,101,0.0
142813,15,2025-02-27T09:00:00+08:00,22171701,0,False,Wh,101,0.0
142813,15,2025-02-27T09:15:00+08:00,22171776,0,False,Wh,101,0.0
142813,15,2025-02-27T09:30:00+08:00,22171882,0,False,Wh,101,0.0
142813,15,2025-02-27T09:45:00+08:00,22171996,0,False,Wh,101,0.0
142813,15,2025-02-27T10:00:00+08:00,22172186,0,False,Wh,101,0.0
142813,15,2025-02-27T10:15:00+08:00,22172301,0,False,Wh,101,0.0
142813,15,2025-02-27T10:30:00+08:00,22172413,0,False,Wh,101,0.0
142813,15,2025-02-27T10:45:00+08:00,22172647,0,False,Wh,101,0.0
142813,15,2025-02-27T11:00:00+08:00,22173029,0,False,Wh,101,0.0
142813,15,2025-02-27T11:15:00+08:00,22173253,0,False,Wh,101,0.0
142813,15,2025-02-27T11:30:00+08:00,22173354,0,False,Wh,101,0.0
142813,15,2025-02-27T11:45:00+08:00,22174078,0,False,Wh,101,0.0
142813,15,2025-02-27T12:00:00+08:00,22174197,0,False,Wh,101,0.0
142813,15,2025-02-27T12:15:00+08:00,22174305,0,False,Wh,101,0.0
142813,15,2025-02-27T12:30:00+08:00,22174455,0,False,Wh,101,0.0
142813,15,2025-02-27T12:45:00+08:00,22174564,0,False,Wh,101,0.0
142813,15,2025-02-27T13:00:00+08:00,22174684,0,False,Wh,101,0.0
142813,15,2025-02-28T12:15:00+08:00,22186848,0,False,Wh,101,0.0
142813,15,2025-02-28T12:30:00+08:00,22186944,0,False,Wh,101,0.0
142813,15,2025-02-28T12:45:00+08:00,22187030,0,False,Wh,101,0.0
142813,15,2025-02-28T13:00:00+08:00,22187127,0,False,Wh,101,0.0
142813,15,2025-02-28T13:15:00+08:00,22187207,0,False,Wh,101,0.0
142813,15,2025-02-28T13:30:00+08:00,22187297,0,False,Wh,101,0.0
142813,15,2025-02-28T13:45:00+08:00,22187387,0,False,Wh,101,0.0
142813,15,2025-02-28T14:00:00+08:00,22187467,0,False,Wh,101,0.0
142813,15,2025-02-28T14:15:00+08:00,22187603,0,False,Wh,101,0.0
142813,15,2025-02-28T14:30:00+08:00,22188093,0,False,Wh,101,0.0
142813,15,2025-02-28T14:45:00+08:00,22188489,0,False,Wh,101,0.0
142813,15,2025-02-28T15:00:00+08:00,22188892,0,False,Wh,101,0.0
142813,15,2025-02-28T15:15:00+08:00,22189484,0,False,Wh,101,0.0
142813,15,2025-02-28T15:30:00+08:00,22190047,0,False,Wh,101,0.0
142813,15,2025-02-28T15:45:00+08:00,22190457,0,False,Wh,101,0.0
142813,15,2025-02-28T16:00:00+08:00,22190857,0,False,Wh,101,0.0
142813,15,2025-02-28T16:15:00+08:00,22191263,0,False,Wh,101,0.0
142813,15,2025-02-28T16:30:00+08:00,22191659,0,False,Wh,101,0.0
142813,15,2025-02-28T16:45:00+08:00,22192058,0,False,Wh,101,0.0
142813,15,2025-02-28T17:00:00+08:00,22192455,0,False,Wh,101,0.0
142813,15,2025-02-28T17:15:00+08:00,22192841,0,False,Wh,101,0.0
142813,15,2025-02-28T17:30:00+08:00,22193233,0,False,Wh,101,0.0
142813,15,2025-02-28T17:45:00+08:00,22193622,0,False,Wh,101,0.0
142813,15,2025-02-28T18:00:00+08:00,22193993,0,False,Wh,101,0.0
142813,15,2025-02-28T18:15:00+08:00,22194374,0,False,Wh,101,0.0
142813,15,2025-02-28T18:30:00+08:00,22194733,0,False,Wh,101,0.0
142813,15,2025-02-28T18:45:00+08:00,22195090,0,False,Wh,101,0.0
142813,15,2025-02-28T19:00:00+08:00,22195437,0,False,Wh,101,0.0
142813,15,2025-02-28T19:15:00+08:00,22195815,0,False,Wh,101,0.0
142813,15,2025-02-28T19:30:00+08:00,22195973,0,False,Wh,101,0.0
142813,15,2025-02-28T19:45:00+08:00,22196071,0,False,Wh,101,0.0
142813,15,2025-02-28T20:00:00+08:00,22196169,0,False,Wh,101,0.0
142813,15,2025-02-28T20:15:00+08:00,22196266,0,False,Wh,101,0.0
142813,15,2025-02-28T20:30:00+08:00,22196362,0,False,Wh,101,0.0
142813,15,2025-02-28T20:45:00+08:00,22196459,0,False,Wh,101,0.0
142813,15,2025-02-28T21:00:00+08:00,22196556,0,False,Wh,101,0.0
142813,15,2025-02-28T21:15:00+08:00,22196652,0,False,Wh,101,0.0
142813,15,2025-02-28T21:30:00+08:00,22196746,0,False,Wh,101,0.0
142813,15,2025-02-28T21:45:00+08:00,22196826,0,False,Wh,101,0.0
142813,15,2025-02-28T22:00:00+08:00,22196898,0,False,Wh,101,0.0
142813,15,2025-02-28T22:15:00+08:00,22196976,0,False,Wh,101,0.0
142813,15,2025-02-28T22:30:00+08:00,22197056,0,False,Wh,101,0.0
142813,15,2025-02-28T22:45:00+08:00,22197130,0,False,Wh,101,0.0
142813,15,2025-02-28T23:00:00+08:00,22197218,0,False,Wh,101,0.0
142813,15,2025-02-28T23:15:00+08:00,22197303,0,False,Wh,101,0.0
142813,15,2025-02-28T23:30:00+08:00,22197374,0,False,Wh,101,0.0
142813,15,2025-02-28T23:45:00+08:00,22197455,0,False,Wh,101,0.0
142813,15,2025-03-01T00:00:00+08:00,22197878,0,False,Wh,101,0.0
142813,15,2025-03-01T00:15:00+08:00,22197906,0,False,Wh,101,0.0
142813,15,2025-03-01T00:30:00+08:00,22197933,0,False,Wh,101,0.0
142813,15,2025-03-01T00:45:00+08:00,22197951,0,False,Wh,101,0.0
142813,15,2025-03-01T01:00:00+08:00,22197982,0,False,Wh,101,0.0
142813,15,2025-03-01T01:15:00+08:00,22198009,0,False,Wh,101,0.0
142813,15,2025-03-01T01:30:00+08:00,22198030,0,False,Wh,101,0.0
142813,15,2025-03-01T01:45:00+08:00,22198061,0,False,Wh,101,0.0
142813,15,2025-03-01T02:00:00+08:00,22198077,0,False,Wh,101,0.0
142813,15,2025-03-01T02:15:00+08:00,22198102,0,False,Wh,101,0.0
142813,15,2025-03-01T02:30:00+08:00,22198126,0,False,Wh,101,0.0
142813,15,2025-03-01T02:45:00+08:00,22198141,0,False,Wh,101,0.0
142813,15,2025-03-01T03:00:00+08:00,22198166,0,False,Wh,101,0.0
142813,15,2025-03-01T03:15:00+08:00,22198190,0,False,Wh,101,0.0
142813,15,2025-03-01T03:30:00+08:00,22198203,0,False,Wh,101,0.0
142813,15,2025-03-01T03:45:00+08:00,22198226,0,False,Wh,101,0.0
142813,15,2025-03-01T04:00:00+08:00,22198248,0,False,Wh,101,0.0
142813,15,2025-03-01T04:15:00+08:00,22198262,0,False,Wh,101,0.0
142813,15,2025-03-01T04:30:00+08:00,22198283,0,False,Wh,101,0.0
142813,15,2025-03-01T04:45:00+08:00,22198305,0,False,Wh,101,0.0
142813,15,2025-03-01T05:00:00+08:00,22198320,0,False,Wh,101,0.0
142813,15,2025-03-01T05:15:00+08:00,22198341,0,False,Wh,101,0.0
142813,15,2025-03-01T05:30:00+08:00,22198364,0,False,Wh,101,0.0
142813,15,2025-03-01T05:45:00+08:00,22198424,0,False,Wh,101,0.0
142813,15,2025-03-01T06:00:00+08:00,22198450,0,False,Wh,101,0.0
142813,15,2025-03-01T06:15:00+08:00,22198474,0,False,Wh,101,0.0
142813,15,2025-03-01T06:30:00+08:00,22198499,0,False,Wh,101,0.0
142813,15,2025-03-01T06:45:00+08:00,22198524,0,False,Wh,101,0.0
142813,15,2025-03-01T07:00:00+08:00,22198547,0,False,Wh,101,0.0
142813,15,2025-03-01T07:15:00+08:00,22198569,0,False,Wh,101,0.0
142813,15,2025-03-01T07:30:00+08:00,22198616,0,False,Wh,101,0.0
142813,15,2025-03-01T07:45:00+08:00,22198688,0,False,Wh,101,0.0
142813,15,2025-03-01T08:00:00+08:00,22198761,0,False,Wh,101,0.0
142813,15,2025-03-01T08:15:00+08:00,22198833,0,False,Wh,101,0.0
142813,15,2025-03-01T08:30:00+08:00,22199062,0,False,Wh,101,0.0
142813,15,2025-03-01T08:45:00+08:00,22199379,0,False,Wh,101,0.0
142813,15,2025-03-01T09:00:00+08:00,22199451,0,False,Wh,101,0.0
142813,15,2025-03-01T09:15:00+08:00,22199517,0,False,Wh,101,0.0
142813,15,2025-03-01T09:30:00+08:00,22199587,0,False,Wh,101,0.0
142813,15,2025-03-01T09:45:00+08:00,22199659,0,False,Wh,101,0.0
142813,15,2025-03-01T10:00:00+08:00,22199725,0,False,Wh,101,0.0
142813,15,2025-03-01T10:15:00+08:00,22199795,0,False,Wh,101,0.0
142813,15,2025-03-01T10:30:00+08:00,22199903,0,False,Wh,101,0.0
142813,15,2025-03-01T10:45:00+08:00,22200055,0,False,Wh,101,0.0
142813,15,2025-03-01T11:00:00+08:00,22200133,0,False,Wh,101,0.0
142813,15,2025-03-01T11:15:00+08:00,22200212,0,False,Wh,101,0.0
142813,15,2025-03-01T11:30:00+08:00,22200285,0,False,Wh,101,0.0
142813,15,2025-03-01T11:45:00+08:00,22200417,0,False,Wh,101,0.0
142813,15,2025-03-01T12:00:00+08:00,22201146,0,False,Wh,101,0.0
142813,15,2025-03-01T12:15:00+08:00,22201395,0,False,Wh,101,0.0
142813,15,2025-03-01T12:30:00+08:00,22201535,0,False,Wh,101,0.0
142813,15,2025-03-01T12:45:00+08:00,22201640,0,False,Wh,101,0.0
142813,15,2025-03-01T13:00:00+08:00,22201739,0,False,Wh,101,0.0
142813,15,2025-03-01T13:15:00+08:00,22201847,0,False,Wh,101,0.0
142813,15,2025-03-01T13:30:00+08:00,22201947,0,False,Wh,101,0.0
142813,15,2025-03-01T13:45:00+08:00,22202040,0,False,Wh,101,0.0
142813,15,2025-03-01T14:00:00+08:00,22202144,0,False,Wh,101,0.0
142813,15,2025-03-01T14:15:00+08:00,22202248,0,False,Wh,101,0.0
142813,15,2025-03-01T14:30:00+08:00,22202449,0,False,Wh,101,0.0
142813,15,2025-03-01T14:45:00+08:00,22202599,0,False,Wh,101,0.0
142813,15,2025-03-01T15:00:00+08:00,22202686,0,False,Wh,101,0.0
142813,15,2025-03-01T15:15:00+08:00,22202785,0,False,Wh,101,0.0
142813,15,2025-03-01T15:30:00+08:00,22202943,0,False,Wh,101,0.0
142813,15,2025-03-01T15:45:00+08:00,22203052,0,False,Wh,101,0.0
142813,15,2025-03-01T16:00:00+08:00,22203142,0,False,Wh,101,0.0
142813,15,2025-03-01T16:15:00+08:00,22203269,0,False,Wh,101,0.0
142813,15,2025-03-01T16:30:00+08:00,22203366,0,False,Wh,101,0.0
142813,15,2025-03-01T16:45:00+08:00,22203463,0,False,Wh,101,0.0
142813,15,2025-03-01T17:00:00+08:00,22203573,0,False,Wh,101,0.0
142813,15,2025-03-01T17:15:00+08:00,22204026,0,False,Wh,101,0.0
142813,15,2025-03-01T17:30:00+08:00,22204493,0,False,Wh,101,0.0
142813,15,2025-03-01T17:45:00+08:00,22204885,0,False,Wh,101,0.0
142813,15,2025-03-01T18:00:00+08:00,22205621,0,False,Wh,101,0.0
142813,15,2025-03-01T18:15:00+08:00,22206000,0,False,Wh,101,0.0
142813,15,2025-03-01T18:30:00+08:00,22206372,0,False,Wh,101,0.0
142813,15,2025-03-01T18:45:00+08:00,22206742,0,False,Wh,101,0.0
142813,15,2025-03-01T19:00:00+08:00,22207106,0,False,Wh,101,0.0
142813,15,2025-03-01T19:15:00+08:00,22207464,0,False,Wh,101,0.0
142813,15,2025-03-01T19:30:00+08:00,22207815,0,False,Wh,101,0.0
142813,15,2025-03-01T19:45:00+08:00,22208227,0,False,Wh,101,0.0
142813,15,2025-03-01T20:00:00+08:00,22208633,0,False,Wh,101,0.0
142813,15,2025-03-01T20:15:00+08:00,22208978,0,False,Wh,101,0.0
142813,15,2025-03-01T20:30:00+08:00,22209314,0,False,Wh,101,0.0
142813,15,2025-03-01T20:45:00+08:00,22209658,0,False,Wh,101,0.0
142813,15,2025-03-01T21:00:00+08:00,22210120,0,False,Wh,101,0.0
142813,15,2025-03-01T21:15:00+08:00,22210454,0,False,Wh,101,0.0
142813,15,2025-03-01T21:30:00+08:00,22210785,0,False,Wh,101,0.0
142813,15,2025-03-01T21:45:00+08:00,22211086,0,False,Wh,101,0.0
142813,15,2025-03-01T22:00:00+08:00,22211333,0,False,Wh,101,0.0
142813,15,2025-03-01T22:15:00+08:00,22211520,0,False,Wh,101,0.0
142813,15,2025-03-01T22:30:00+08:00,22211729,0,False,Wh,101,0.0
142813,15,2025-03-01T22:45:00+08:00,22211869,0,False,Wh,101,0.0
142813,15,2025-03-01T23:00:00+08:00,22212006,0,False,Wh,101,0.0
142813,15,2025-03-01T23:15:00+08:00,22212136,0,False,Wh,101,0.0
142813,15,2025-03-01T23:30:00+08:00,22212274,0,False,Wh,101,0.0
142813,15,2025-03-01T23:45:00+08:00,22212409,0,False,Wh,101,0.0
142813,15,2025-03-02T00:00:00+08:00,22212459,0,False,Wh,101,0.0
142813,15,2025-03-02T00:15:00+08:00,22212481,0,False,Wh,101,0.0
142813,15,2025-03-02T00:30:00+08:00,22212501,0,False,Wh,101,0.0
142813,15,2025-03-02T00:45:00+08:00,22212517,0,False,Wh,101,0.0
142813,15,2025-03-02T01:00:00+08:00,22212539,0,False,Wh,101,0.0
142813,15,2025-03-02T01:15:00+08:00,22212558,0,False,Wh,101,0.0
142813,15,2025-03-02T01:30:00+08:00,22212573,0,False,Wh,101,0.0
142813,15,2025-03-02T01:45:00+08:00,22212595,0,False,Wh,101,0.0
142813,15,2025-03-02T02:00:00+08:00,22212813,0,False,Wh,101,0.0
142813,15,2025-03-02T02:15:00+08:00,22213004,0,False,Wh,101,0.0
142813,15,2025-03-02T02:30:00+08:00,22213026,0,False,Wh,101,0.0
142813,15,2025-03-02T02:45:00+08:00,22213082,0,False,Wh,101,0.0
142813,15,2025-03-02T03:00:00+08:00,22213113,0,False,Wh,101,0.0
142813,15,2025-03-02T03:15:00+08:00,22213135,0,False,Wh,101,0.0
142813,15,2025-03-02T03:30:00+08:00,22213160,0,False,Wh,101,0.0
142813,15,2025-03-02T03:45:00+08:00,22213184,0,False,Wh,101,0.0
142813,15,2025-03-02T04:00:00+08:00,22213208,0,False,Wh,101,0.0
142813,15,2025-03-02T04:15:00+08:00,22213230,0,False,Wh,101,0.0
142813,15,2025-03-02T04:30:00+08:00,22213253,0,False,Wh,101,0.0
142813,15,2025-03-02T04:45:00+08:00,22213275,0,False,Wh,101,0.0
142813,15,2025-03-02T05:00:00+08:00,22213296,0,False,Wh,101,0.0
142813,15,2025-03-02T05:15:00+08:00,22213319,0,False,Wh,101,0.0
142813,15,2025-03-02T05:30:00+08:00,22213337,0,False,Wh,101,0.0
142813,15,2025-03-02T05:45:00+08:00,22213362,0,False,Wh,101,0.0
142813,15,2025-03-02T06:00:00+08:00,22213385,0,False,Wh,101,0.0
142813,15,2025-03-02T06:15:00+08:00,22213401,0,False,Wh,101,0.0
142813,15,2025-03-02T06:30:00+08:00,22213423,0,False,Wh,101,0.0
142813,15,2025-03-02T06:45:00+08:00,22213438,0,False,Wh,101,0.0
142813,15,2025-03-02T07:00:00+08:00,22213458,0,False,Wh,101,0.0
142813,15,2025-03-02T07:15:00+08:00,22213480,0,False,Wh,101,0.0
142813,15,2025-03-02T07:30:00+08:00,22213494,0,False,Wh,101,0.0
142813,15,2025-03-02T07:45:00+08:00,22213514,0,False,Wh,101,0.0
142813,15,2025-03-02T08:00:00+08:00,22213536,0,False,Wh,101,0.0
142813,15,2025-03-02T08:15:00+08:00,22213550,0,False,Wh,101,0.0
142813,15,2025-03-02T08:30:00+08:00,22213598,0,False,Wh,101,0.0
142813,15,2025-03-02T08:45:00+08:00,22213676,0,False,Wh,101,0.0
142813,15,2025-03-02T09:00:00+08:00,22213748,0,False,Wh,101,0.0
142813,15,2025-03-02T09:15:00+08:00,22213904,0,False,Wh,101,0.0
142813,15,2025-03-02T09:30:00+08:00,22213989,0,False,Wh,101,0.0
142813,15,2025-03-02T09:45:00+08:00,22214060,0,False,Wh,101,0.0
142813,15,2025-03-02T10:00:00+08:00,22214147,0,False,Wh,101,0.0
142813,15,2025-03-02T10:15:00+08:00,22214256,0,False,Wh,101,0.0
142813,15,2025-03-02T10:30:00+08:00,22214777,0,False,Wh,101,0.0
142813,15,2025-03-02T10:45:00+08:00,22214889,0,False,Wh,101,0.0
142813,15,2025-03-02T11:00:00+08:00,22214995,0,False,Wh,101,0.0
142813,15,2025-03-02T11:15:00+08:00,22215113,0,False,Wh,101,0.0
142813,15,2025-03-02T11:30:00+08:00,22215223,0,False,Wh,101,0.0
142813,15,2025-03-02T11:45:00+08:00,22215333,0,False,Wh,101,0.0
142813,15,2025-03-02T12:00:00+08:00,22215720,0,False,Wh,101,0.0
142813,15,2025-03-02T12:15:00+08:00,22215853,0,False,Wh,101,0.0
142813,15,2025-03-02T12:30:00+08:00,22215971,0,False,Wh,101,0.0
142813,15,2025-03-02T12:45:00+08:00,22216094,0,False,Wh,101,0.0
142813,15,2025-03-02T13:00:00+08:00,22216945,0,False,Wh,101,0.0
142813,15,2025-03-02T13:15:00+08:00,22217127,0,False,Wh,101,0.0
142813,15,2025-03-02T13:30:00+08:00,22217251,0,False,Wh,101,0.0
142813,15,2025-03-02T13:45:00+08:00,22217368,0,False,Wh,101,0.0
142813,15,2025-03-02T14:00:00+08:00,22217785,0,False,Wh,101,0.0
142813,15,2025-03-02T14:15:00+08:00,22218344,0,False,Wh,101,0.0
142813,15,2025-03-02T14:30:00+08:00,22218810,0,False,Wh,101,0.0
142813,15,2025-03-02T14:45:00+08:00,22219276,0,False,Wh,101,0.0
142813,15,2025-03-02T15:00:00+08:00,22219748,0,False,Wh,101,0.0
142813,15,2025-03-02T15:15:00+08:00,22220215,0,False,Wh,101,0.0
142813,15,2025-03-02T15:30:00+08:00,22220678,0,False,Wh,101,0.0
142813,15,2025-03-02T15:45:00+08:00,22221140,0,False,Wh,101,0.0
142813,15,2025-03-02T16:00:00+08:00,22221595,0,False,Wh,101,0.0
142813,15,2025-03-02T16:15:00+08:00,22222040,0,False,Wh,101,0.0
142813,15,2025-03-02T16:30:00+08:00,22222496,0,False,Wh,101,0.0
142813,15,2025-03-02T16:45:00+08:00,22223032,0,False,Wh,101,0.0
142813,15,2025-03-02T17:00:00+08:00,22223467,0,False,Wh,101,0.0
142813,15,2025-03-02T17:15:00+08:00,22223886,0,False,Wh,101,0.0
142813,15,2025-03-02T17:30:00+08:00,22224311,0,False,Wh,101,0.0
142813,15,2025-03-02T17:45:00+08:00,22224725,0,False,Wh,101,0.0
142813,15,2025-03-02T18:00:00+08:00,22225136,0,False,Wh,101,0.0
142813,15,2025-03-02T18:15:00+08:00,22225551,0,False,Wh,101,0.0
142813,15,2025-03-02T18:30:00+08:00,22225944,0,False,Wh,101,0.0
142813,15,2025-03-02T18:45:00+08:00,22226722,0,False,Wh,101,0.0
142813,15,2025-03-02T19:00:00+08:00,22227117,0,False,Wh,101,0.0
142813,15,2025-03-02T19:15:00+08:00,22227493,0,False,Wh,101,0.0
142813,15,2025-03-02T19:30:00+08:00,22227880,0,False,Wh,101,0.0
142813,15,2025-03-02T19:45:00+08:00,22228245,0,False,Wh,101,0.0
142813,15,2025-03-02T20:00:00+08:00,22228616,0,False,Wh,101,0.0
142813,15,2025-03-02T20:15:00+08:00,22228986,0,False,Wh,101,0.0
142813,15,2025-03-02T20:30:00+08:00,22229335,0,False,Wh,101,0.0
142813,15,2025-03-02T20:45:00+08:00,22229843,0,False,Wh,101,0.0
142813,15,2025-03-02T21:00:00+08:00,22230209,0,False,Wh,101,0.0
142813,15,2025-03-02T21:15:00+08:00,22230557,0,False,Wh,101,0.0
142813,15,2025-03-02T21:30:00+08:00,22230905,0,False,Wh,101,0.0
142813,15,2025-03-02T21:45:00+08:00,22231298,0,False,Wh,101,0.0
142813,15,2025-03-02T22:00:00+08:00,22231645,0,False,Wh,101,0.0
142813,15,2025-03-02T22:15:00+08:00,22231980,0,False,Wh,101,0.0
142813,15,2025-03-02T22:30:00+08:00,22232260,0,False,Wh,101,0.0
142813,15,2025-03-02T22:45:00+08:00,22232465,0,False,Wh,101,0.0
142813,15,2025-03-02T23:00:00+08:00,22232622,0,False,Wh,101,0.0
142813,15,2025-03-02T23:15:00+08:00,22232772,0,False,Wh,101,0.0
142813,15,2025-03-02T23:30:00+08:00,22232917,0,False,Wh,101,0.0
142813,15,2025-03-02T23:45:00+08:00,22232960,0,False,Wh,101,0.0
142813,15,2025-03-03T00:00:00+08:00,22232983,0,False,Wh,101,0.0
142813,15,2025-03-03T00:15:00+08:00,22233007,0,False,Wh,101,0.0
142813,15,2025-03-03T00:30:00+08:00,22233022,0,False,Wh,101,0.0
142813,15,2025-03-03T00:45:00+08:00,22233044,0,False,Wh,101,0.0
142813,15,2025-03-03T01:00:00+08:00,22233066,0,False,Wh,101,0.0
142813,15,2025-03-03T01:15:00+08:00,22233088,0,False,Wh,101,0.0
142813,15,2025-03-03T01:30:00+08:00,22233250,0,False,Wh,101,0.0
142813,15,2025-03-03T01:45:00+08:00,22233504,0,False,Wh,101,0.0
142813,15,2025-03-03T02:00:00+08:00,22233521,0,False,Wh,101,0.0
142813,15,2025-03-03T02:15:00+08:00,22233543,0,False,Wh,101,0.0
142813,15,2025-03-03T02:30:00+08:00,22233568,0,False,Wh,101,0.0
142813,15,2025-03-03T02:45:00+08:00,22233598,0,False,Wh,101,0.0
142813,15,2025-03-03T03:00:00+08:00,22233610,0,False,Wh,101,0.0
142813,15,2025-03-03T03:15:00+08:00,22233640,0,False,Wh,101,0.0
142813,15,2025-03-03T03:30:00+08:00,22233654,0,False,Wh,101,0.0
142813,15,2025-03-03T03:45:00+08:00,22233675,0,False,Wh,101,0.0
142813,15,2025-03-03T04:00:00+08:00,22233697,0,False,Wh,101,0.0
142813,15,2025-03-03T04:15:00+08:00,22233711,0,False,Wh,101,0.0
142813,15,2025-03-03T04:30:00+08:00,22233732,0,False,Wh,101,0.0
142813,15,2025-03-03T04:45:00+08:00,22233754,0,False,Wh,101,0.0
142813,15,2025-03-03T05:00:00+08:00,22233770,0,False,Wh,101,0.0
142813,15,2025-03-03T05:15:00+08:00,22233789,0,False,Wh,101,0.0
142813,15,2025-03-03T05:30:00+08:00,22233811,0,False,Wh,101,0.0
142813,15,2025-03-03T05:45:00+08:00,22233829,0,False,Wh,101,0.0
142813,15,2025-03-03T06:00:00+08:00,22233845,0,False,Wh,101,0.0
142813,15,2025-03-03T06:15:00+08:00,22233894,0,False,Wh,101,0.0
142813,15,2025-03-03T06:30:00+08:00,22233931,0,False,Wh,101,0.0
142813,15,2025-03-03T06:45:00+08:00,22233951,0,False,Wh,101,0.0
142813,15,2025-03-03T07:00:00+08:00,22233976,0,False,Wh,101,0.0
142813,15,2025-03-03T07:15:00+08:00,22234001,0,False,Wh,101,0.0
142813,15,2025-03-03T07:30:00+08:00,22234024,0,False,Wh,101,0.0
142813,15,2025-03-03T07:45:00+08:00,22234047,0,False,Wh,101,0.0
142813,15,2025-03-03T08:00:00+08:00,22234069,0,False,Wh,101,0.0
142813,15,2025-03-03T08:15:00+08:00,22234092,0,False,Wh,101,0.0
142813,15,2025-03-03T08:30:00+08:00,22234114,0,False,Wh,101,0.0
142813,15,2025-03-03T08:45:00+08:00,22234136,0,False,Wh,101,0.0
142813,15,2025-03-03T09:00:00+08:00,22234158,0,False,Wh,101,0.0
142813,15,2025-03-03T09:15:00+08:00,22234171,0,False,Wh,101,0.0
142813,15,2025-03-03T09:30:00+08:00,22234194,0,False,Wh,101,0.0
142813,15,2025-03-03T09:45:00+08:00,22234215,0,False,Wh,101,0.0
142813,15,2025-03-03T10:00:00+08:00,22234231,0,False,Wh,101,0.0
142813,15,2025-03-03T10:15:00+08:00,22234277,0,False,Wh,101,0.0
142813,15,2025-03-03T10:30:00+08:00,22234700,0,False,Wh,101,0.0
142813,15,2025-03-03T10:45:00+08:00,22234815,0,False,Wh,101,0.0
142813,15,2025-03-03T11:00:00+08:00,22234957,0,False,Wh,101,0.0
142813,15,2025-03-03T11:15:00+08:00,22235114,0,False,Wh,101,0.0
142813,15,2025-03-03T11:30:00+08:00,22235194,0,False,Wh,101,0.0
142813,15,2025-03-03T11:45:00+08:00,22235314,0,False,Wh,101,0.0
142813,15,2025-03-03T12:00:00+08:00,22236146,0,False,Wh,101,0.0
142813,15,2025-03-03T12:15:00+08:00,22236279,0,False,Wh,101,0.0
142813,15,2025-03-03T12:30:00+08:00,22236429,0,False,Wh,101,0.0
142813,15,2025-03-03T12:45:00+08:00,22236566,0,False,Wh,101,0.0
142813,15,2025-03-03T13:00:00+08:00,22236701,0,False,Wh,101,0.0
142813,15,2025-03-03T13:15:00+08:00,22236919,0,False,Wh,101,0.0
142813,15,2025-03-03T13:30:00+08:00,22237043,0,False,Wh,101,0.0
142813,15,2025-03-03T13:45:00+08:00,22237164,0,False,Wh,101,0.0
142813,15,2025-03-03T14:00:00+08:00,22237282,0,False,Wh,101,0.0
142813,15,2025-03-03T14:15:00+08:00,22237413,0,False,Wh,101,0.0
142813,15,2025-03-03T14:30:00+08:00,22237541,0,False,Wh,101,0.0
142813,15,2025-03-03T14:45:00+08:00,22237657,0,False,Wh,101,0.0
142813,15,2025-03-03T15:00:00+08:00,22237786,0,False,Wh,101,0.0
142813,15,2025-03-03T15:15:00+08:00,22237974,0,False,Wh,101,0.0
142813,15,2025-03-03T15:30:00+08:00,22238112,0,False,Wh,101,0.0
142813,15,2025-03-03T15:45:00+08:00,22238270,0,False,Wh,101,0.0
142813,15,2025-03-03T16:00:00+08:00,22238392,0,False,Wh,101,0.0
142813,15,2025-03-03T16:15:00+08:00,22238516,0,False,Wh,101,0.0
142813,15,2025-03-03T16:30:00+08:00,22238669,0,False,Wh,101,0.0
142813,15,2025-03-03T16:45:00+08:00,22238827,0,False,Wh,101,0.0
142813,15,2025-03-03T17:00:00+08:00,22238955,0,False,Wh,101,0.0
142813,15,2025-03-03T17:15:00+08:00,22239075,0,False,Wh,101,0.0
142813,15,2025-03-03T17:30:00+08:00,22239192,0,False,Wh,101,0.0
142813,15,2025-03-03T17:45:00+08:00,22239308,0,False,Wh,101,0.0
142813,15,2025-03-03T18:00:00+08:00,22239407,0,False,Wh,101,0.0
142813,15,2025-03-03T18:15:00+08:00,22239506,0,False,Wh,101,0.0
142813,15,2025-03-03T18:30:00+08:00,22239966,0,False,Wh,101,0.0
142813,15,2025-03-03T18:45:00+08:00,22240064,0,False,Wh,101,0.0
142813,15,2025-03-03T19:00:00+08:00,22240331,0,False,Wh,101,0.0
142813,15,2025-03-03T19:15:00+08:00,22240459,0,False,Wh,101,0.0
142813,15,2025-03-03T19:30:00+08:00,22240679,0,False,Wh,101,0.0
142813,15,2025-03-03T19:45:00+08:00,22241035,0,False,Wh,101,0.0
142813,15,2025-03-03T20:00:00+08:00,22241372,0,False,Wh,101,0.0
142813,15,2025-03-03T20:15:00+08:00,22241725,0,False,Wh,101,0.0
142813,15,2025-03-03T20:30:00+08:00,22242062,0,False,Wh,101,0.0
142813,15,2025-03-03T20:45:00+08:00,22242401,0,False,Wh,101,0.0
142813,15,2025-03-03T21:00:00+08:00,22242800,0,False,Wh,101,0.0
142813,15,2025-03-03T21:15:00+08:00,22242938,0,False,Wh,101,0.0
142813,15,2025-03-03T21:30:00+08:00,22243068,0,False,Wh,101,0.0
142813,15,2025-03-03T21:45:00+08:00,22243175,0,False,Wh,101,0.0
142813,15,2025-03-03T22:00:00+08:00,22243583,0,False,Wh,101,0.0
142813,15,2025-03-03T22:15:00+08:00,22243676,0,False,Wh,101,0.0
142813,15,2025-03-03T22:30:00+08:00,22243785,0,False,Wh,101,0.0
142813,15,2025-03-03T22:45:00+08:00,22243871,0,False,Wh,101,0.0
142813,15,2025-03-03T23:00:00+08:00,22243963,0,False,Wh,101,0.0
142813,15,2025-03-03T23:15:00+08:00,22244086,0,False,Wh,101,0.0
142813,15,2025-03-03T23:30:00+08:00,22244193,0,False,Wh,101,0.0
142813,15,2025-03-03T23:45:00+08:00,22244289,0,False,Wh,101,0.0
142814,15,2025-02-22T00:00:00+08:00,22516921,0,False,Wh,102,0.0
142814,15,2025-02-22T00:15:00+08:00,22517002,0,False,Wh,102,0.0
142814,15,2025-02-22T00:30:00+08:00,22517077,0,False,Wh,102,0.0
142814,15,2025-02-22T00:45:00+08:00,22517152,0,False,Wh,102,0.0
142814,15,2025-02-22T01:00:00+08:00,22517227,0,False,Wh,102,0.0
142814,15,2025-02-22T01:15:00+08:00,22517300,0,False,Wh,102,0.0
142814,15,2025-02-22T01:30:00+08:00,22517373,0,False,Wh,102,0.0
142814,15,2025-02-22T01:45:00+08:00,22517445,0,False,Wh,102,0.0
142814,15,2025-02-22T02:00:00+08:00,22517525,0,False,Wh,102,0.0
142814,15,2025-02-22T02:15:00+08:00,22517611,0,False,Wh,102,0.0
142814,15,2025-02-22T02:30:00+08:00,22517688,0,False,Wh,102,0.0
142814,15,2025-02-22T02:45:00+08:00,22517761,0,False,Wh,102,0.0
142814,15,2025-02-22T03:00:00+08:00,22517831,0,False,Wh,102,0.0
142814,15,2025-02-22T03:15:00+08:00,22517897,0,False,Wh,102,0.0
142814,15,2025-02-22T03:30:00+08:00,22517969,0,False,Wh,102,0.0
142814,15,2025-02-22T03:45:00+08:00,22518038,0,False,Wh,102,0.0
142814,15,2025-02-22T04:00:00+08:00,22518097,0,False,Wh,102,0.0
142814,15,2025-02-22T04:15:00+08:00,22518165,0,False,Wh,102,0.0
142814,15,2025-02-22T04:30:00+08:00,22518237,0,False,Wh,102,0.0
142814,15,2025-02-22T04:45:00+08:00,22518293,0,False,Wh,102,0.0
142814,15,2025-02-22T05:00:00+08:00,22518354,0,False,Wh,102,0.0
142814,15,2025-02-22T05:15:00+08:00,22518409,0,False,Wh,102,0.0
142814,15,2025-02-22T05:30:00+08:00,22518468,0,False,Wh,102,0.0
142814,15,2025-02-22T05:45:00+08:00,22518520,0,False,Wh,102,0.0
142814,15,2025-02-22T06:00:00+08:00,22518575,0,False,Wh,102,0.0
142814,15,2025-02-22T06:15:00+08:00,22518626,0,False,Wh,102,0.0
142814,15,2025-02-22T06:30:00+08:00,22518692,0,False,Wh,102,0.0
142814,15,2025-02-22T06:45:00+08:00,22518756,0,False,Wh,102,0.0
142814,15,2025-02-22T07:00:00+08:00,22518809,0,False,Wh,102,0.0
142814,15,2025-02-22T07:15:00+08:00,22518862,0,False,Wh,102,0.0
142814,15,2025-02-22T07:30:00+08:00,22518913,0,False,Wh,102,0.0
142814,15,2025-02-22T07:45:00+08:00,22518971,0,False,Wh,102,0.0
142814,15,2025-02-22T08:00:00+08:00,22519022,0,False,Wh,102,0.0
142814,15,2025-02-22T08:15:00+08:00,22519079,0,False,Wh,102,0.0
142814,15,2025-02-22T08:30:00+08:00,22519135,0,False,Wh,102,0.0
142814,15,2025-02-22T08:45:00+08:00,22519853,0,False,Wh,102,0.0
142814,15,2025-02-22T09:00:00+08:00,22520443,0,False,Wh,102,0.0
142814,15,2025-02-22T09:15:00+08:00,22520483,0,False,Wh,102,0.0
142814,15,2025-02-22T09:30:00+08:00,22520512,0,False,Wh,102,0.0
142814,15,2025-02-22T09:45:00+08:00,22520532,0,False,Wh,102,0.0
142814,15,2025-02-22T10:00:00+08:00,22520549,0,False,Wh,102,0.0
142814,15,2025-02-22T10:15:00+08:00,22520566,0,False,Wh,102,0.0
142814,15,2025-02-22T10:30:00+08:00,22520583,0,False,Wh,102,0.0
142814,15,2025-02-22T10:45:00+08:00,22520599,0,False,Wh,102,0.0
142814,15,2025-02-22T11:00:00+08:00,22520622,0,False,Wh,102,0.0
142814,15,2025-02-22T11:15:00+08:00,22520652,0,False,Wh,102,0.0
142814,15,2025-02-22T11:30:00+08:00,22520673,0,False,Wh,102,0.0
142814,15,2025-02-22T11:45:00+08:00,22520689,0,False,Wh,102,0.0
142814,15,2025-02-22T12:00:00+08:00,22520765,0,False,Wh,102,0.0
142814,15,2025-02-22T12:15:00+08:00,22520963,0,False,Wh,102,0.0
142814,15,2025-02-22T12:30:00+08:00,22521102,0,False,Wh,102,0.0
142814,15,2025-02-22T12:45:00+08:00,22521182,0,False,Wh,102,0.0
142814,15,2025-02-22T13:00:00+08:00,22521264,0,False,Wh,102,0.0
142814,15,2025-02-22T13:15:00+08:00,22521674,0,False,Wh,102,0.0
142814,15,2025-02-22T13:30:00+08:00,22521875,0,False,Wh,102,0.0
142814,15,2025-02-22T13:45:00+08:00,22521946,0,False,Wh,102,0.0
142814,15,2025-02-22T14:00:00+08:00,22522009,0,False,Wh,102,0.0
142814,15,2025-02-22T14:15:00+08:00,22522075,0,False,Wh,102,0.0
142814,15,2025-02-22T14:30:00+08:00,22522142,0,False,Wh,102,0.0
142814,15,2025-02-22T14:45:00+08:00,22522215,0,False,Wh,102,0.0
142814,15,2025-02-22T15:00:00+08:00,22522325,0,False,Wh,102,0.0
142814,15,2025-02-22T15:15:00+08:00,22522463,0,False,Wh,102,0.0
142814,15,2025-02-22T15:30:00+08:00,22522565,0,False,Wh,102,0.0
142814,15,2025-02-22T15:45:00+08:00,22522685,0,False,Wh,102,0.0
142814,15,2025-02-22T16:00:00+08:00,22522843,0,False,Wh,102,0.0
142814,15,2025-02-22T16:15:00+08:00,22522998,0,False,Wh,102,0.0
142814,15,2025-02-22T16:30:00+08:00,22523170,0,False,Wh,102,0.0
142814,15,2025-02-22T16:45:00+08:00,22523343,0,False,Wh,102,0.0
142814,15,2025-02-22T17:00:00+08:00,22523806,0,False,Wh,102,0.0
142814,15,2025-02-22T17:15:00+08:00,22524155,0,False,Wh,102,0.0
142814,15,2025-02-22T17:30:00+08:00,22524313,0,False,Wh,102,0.0
142814,15,2025-02-22T17:45:00+08:00,22524481,0,False,Wh,102,0.0
142814,15,2025-02-22T18:00:00+08:00,22524650,0,False,Wh,102,0.0
142814,15,2025-02-22T18:15:00+08:00,22524837,0,False,Wh,102,0.0
142814,15,2025-02-22T18:30:00+08:00,22524994,0,False,Wh,102,0.0
142814,15,2025-02-22T18:45:00+08:00,22525131,0,False,Wh,102,0.0
142814,15,2025-02-22T19:00:00+08:00,22525423,0,False,Wh,102,0.0
142814,15,2025-02-22T19:15:00+08:00,22526005,0,False,Wh,102,0.0
142814,15,2025-02-22T19:30:00+08:00,22526534,0,False,Wh,102,0.0
142814,15,2025-02-22T19:45:00+08:00,22526632,0,False,Wh,102,0.0
142814,15,2025-02-22T20:00:00+08:00,22526729,0,False,Wh,102,0.0
142814,15,2025-02-22T20:15:00+08:00,22526799,0,False,Wh,102,0.0
142814,15,2025-02-22T20:30:00+08:00,22526850,0,False,Wh,102,0.0
142814,15,2025-02-22T20:45:00+08:00,22526896,0,False,Wh,102,0.0
142814,15,2025-02-22T21:00:00+08:00,22526937,0,False,Wh,102,0.0
142814,15,2025-02-22T21:15:00+08:00,22526991,0,False,Wh,102,0.0
142814,15,2025-02-22T21:30:00+08:00,22527014,0,False,Wh,102,0.0
142814,15,2025-02-22T21:45:00+08:00,22527035,0,False,Wh,102,0.0
142814,15,2025-02-22T22:00:00+08:00,22527107,0,False,Wh,102,0.0
142814,15,2025-02-22T22:15:00+08:00,22527194,0,False,Wh,102,0.0
142814,15,2025-02-22T22:30:00+08:00,22527289,0,False,Wh,102,0.0
142814,15,2025-02-22T22:45:00+08:00,22527396,0,False,Wh,102,0.0
142814,15,2025-02-22T23:00:00+08:00,22527508,0,False,Wh,102,0.0
142814,15,2025-02-22T23:15:00+08:00,22527620,0,False,Wh,102,0.0
142814,15,2025-02-22T23:30:00+08:00,22527668,0,False,Wh,102,0.0
142814,15,2025-02-22T23:45:00+08:00,22527702,0,False,Wh,102,0.0
142814,15,2025-02-23T00:00:00+08:00,22527735,0,False,Wh,102,0.0
142814,15,2025-02-23T00:15:00+08:00,22527768,0,False,Wh,102,0.0
142814,15,2025-02-23T00:30:00+08:00,22527800,0,False,Wh,102,0.0
142814,15,2025-02-23T00:45:00+08:00,22527842,0,False,Wh,102,0.0
142814,15,2025-02-23T01:00:00+08:00,22527892,0,False,Wh,102,0.0
142814,15,2025-02-23T01:15:00+08:00,22527934,0,False,Wh,102,0.0
142814,15,2025-02-23T01:30:00+08:00,22527970,0,False,Wh,102,0.0
142814,15,2025-02-23T01:45:00+08:00,22528006,0,False,Wh,102,0.0
142814,15,2025-02-23T02:00:00+08:00,22528042,0,False,Wh,102,0.0
142814,15,2025-02-23T02:15:00+08:00,22528078,0,False,Wh,102,0.0
142814,15,2025-02-23T02:30:00+08:00,22528113,0,False,Wh,102,0.0
142814,15,2025-02-23T02:45:00+08:00,22528146,0,False,Wh,102,0.0
142814,15,2025-02-23T03:00:00+08:00,22528187,0,False,Wh,102,0.0
142814,15,2025-02-23T03:15:00+08:00,22528228,0,False,Wh,102,0.0
142814,15,2025-02-23T03:30:00+08:00,22528265,0,False,Wh,102,0.0
142814,15,2025-02-23T03:45:00+08:00,22528301,0,False,Wh,102,0.0
142814,15,2025-02-23T04:00:00+08:00,22528750,0,False,Wh,102,0.0
142814,15,2025-02-23T04:15:00+08:00,22528783,0,False,Wh,102,0.0
142814,15,2025-02-23T04:30:00+08:00,22528816,0,False,Wh,102,0.0
142814,15,2025-02-23T04:45:00+08:00,22528849,0,False,Wh,102,0.0
142814,15,2025-02-23T05:00:00+08:00,22528882,0,False,Wh,102,0.0
142814,15,2025-02-23T05:15:00+08:00,22528916,0,False,Wh,102,0.0
142814,15,2025-02-23T05:30:00+08:00,22528962,0,False,Wh,102,0.0
142814,15,2025-02-23T05:45:00+08:00,22529007,0,False,Wh,102,0.0
142814,15,2025-02-23T06:00:00+08:00,22529039,0,False,Wh,102,0.0
142814,15,2025-02-23T06:15:00+08:00,22529072,0,False,Wh,102,0.0
142814,15,2025-02-23T06:30:00+08:00,22529105,0,False,Wh,102,0.0
142814,15,2025-02-23T06:45:00+08:00,22529138,0,False,Wh,102,0.0
142814,15,2025-02-23T07:00:00+08:00,22529171,0,False,Wh,102,0.0
142814,15,2025-02-23T07:15:00+08:00,22529205,0,False,Wh,102,0.0
142814,15,2025-02-23T07:30:00+08:00,22529277,0,False,Wh,102,0.0
142814,15,2025-02-23T07:45:00+08:00,22529332,0,False,Wh,102,0.0
142814,15,2025-02-23T08:00:00+08:00,22529387,0,False,Wh,102,0.0
142814,15,2025-02-23T08:15:00+08:00,22529502,0,False,Wh,102,0.0
142814,15,2025-02-23T08:30:00+08:00,22530264,0,False,Wh,102,0.0
142814,15,2025-02-23T08:45:00+08:00,22530304,0,False,Wh,102,0.0
142814,15,2025-02-23T09:00:00+08:00,22530342,0,False,Wh,102,0.0
142814,15,2025-02-23T09:15:00+08:00,22530380,0,False,Wh,102,0.0
142814,15,2025-02-23T09:30:00+08:00,22530418,0,False,Wh,102,0.0
142814,15,2025-02-23T09:45:00+08:00,22530822,0,False,Wh,102,0.0
142814,15,2025-02-23T10:00:00+08:00,22532075,0,False,Wh,102,0.0
142814,15,2025-02-23T10:15:00+08:00,22532219,0,False,Wh,102,0.0
142814,15,2025-02-23T10:30:00+08:00,22532260,0,False,Wh,102,0.0
142814,15,2025-02-23T10:45:00+08:00,22532299,0,False,Wh,102,0.0
142814,15,2025-02-23T11:00:00+08:00,22532336,0,False,Wh,102,0.0
142814,15,2025-02-23T11:15:00+08:00,22532351,0,False,Wh,102,0.0
142814,15,2025-02-23T11:30:00+08:00,22532364,0,False,Wh,102,0.0
142814,15,2025-02-23T11:45:00+08:00,22532376,0,False,Wh,102,0.0
142814,15,2025-02-23T12:00:00+08:00,22532388,0,False,Wh,102,0.0
142814,15,2025-02-23T12:15:00+08:00,22532409,0,False,Wh,102,0.0
142814,15,2025-02-23T12:30:00+08:00,22532434,0,False,Wh,102,0.0
142814,15,2025-02-23T12:45:00+08:00,22532452,0,False,Wh,102,0.0
142814,15,2025-02-23T13:00:00+08:00,22532464,0,False,Wh,102,0.0
142814,15,2025-02-23T13:15:00+08:00,22532476,0,False,Wh,102,0.0
142814,15,2025-02-23T13:30:00+08:00,22532488,0,False,Wh,102,0.0
142814,15,2025-02-23T13:45:00+08:00,22532500,0,False,Wh,102,0.0
142814,15,2025-02-23T14:00:00+08:00,22532512,0,False,Wh,102,0.0
142814,15,2025-02-23T14:15:00+08:00,22532524,0,False,Wh,102,0.0
142814,15,2025-02-23T14:30:00+08:00,22532544,0,False,Wh,102,0.0
142814,15,2025-02-23T14:45:00+08:00,22532570,0,False,Wh,102,0.0
142814,15,2025-02-23T15:00:00+08:00,22532588,0,False,Wh,102,0.0
142814,15,2025-02-23T15:15:00+08:00,22532600,0,False,Wh,102,0.0
142814,15,2025-02-23T15:30:00+08:00,22533039,0,False,Wh,102,0.0
142814,15,2025-02-23T15:45:00+08:00,22533051,0,False,Wh,102,0.0
142814,15,2025-02-23T16:00:00+08:00,22533062,0,False,Wh,102,0.0
142814,15,2025-02-23T16:15:00+08:00,22533074,0,False,Wh,102,0.0
142814,15,2025-02-23T16:30:00+08:00,22533086,0,False,Wh,102,0.0
142814,15,2025-02-23T16:45:00+08:00,22533109,0,False,Wh,102,0.0
142814,15,2025-02-23T17:00:00+08:00,22533134,0,False,Wh,102,0.0
142814,15,2025-02-23T17:15:00+08:00,22533153,0,False,Wh,102,0.0
142814,15,2025-02-23T17:30:00+08:00,22533560,0,False,Wh,102,0.0
142814,15,2025-02-23T17:45:00+08:00,22533907,0,False,Wh,102,0.0
142814,15,2025-02-23T18:00:00+08:00,22534234,0,False,Wh,102,0.0
142814,15,2025-02-23T18:15:00+08:00,22534563,0,False,Wh,102,0.0
142814,15,2025-02-23T18:30:00+08:00,22534891,0,False,Wh,102,0.0
142814,15,2025-02-23T18:45:00+08:00,22535217,0,False,Wh,102,0.0
142814,15,2025-02-23T19:00:00+08:00,22535501,0,False,Wh,102,0.0
142814,15,2025-02-23T19:15:00+08:00,22535780,0,False,Wh,102,0.0
142814,15,2025-02-23T19:30:00+08:00,22536062,0,False,Wh,102,0.0
142814,15,2025-02-23T19:45:00+08:00,22536336,0,False,Wh,102,0.0
142814,15,2025-02-23T20:00:00+08:00,22536559,0,False,Wh,102,0.0
142814,15,2025-02-23T20:15:00+08:00,22536936,0,False,Wh,102,0.0
142814,15,2025-02-23T20:30:00+08:00,22537639,0,False,Wh,102,0.0
142814,15,2025-02-23T20:45:00+08:00,22538345,0,False,Wh,102,0.0
142814,15,2025-02-23T21:00:00+08:00,22539395,0,False,Wh,102,0.0
142814,15,2025-02-23T21:15:00+08:00,22540925,0,False,Wh,102,0.0
142814,15,2025-02-23T21:30:00+08:00,22541586,0,False,Wh,102,0.0
142814,15,2025-02-23T21:45:00+08:00,22542005,0,False,Wh,102,0.0
142814,15,2025-02-23T22:00:00+08:00,22542234,0,False,Wh,102,0.0
142814,15,2025-02-23T22:15:00+08:00,22542451,0,False,Wh,102,0.0
142814,15,2025-02-23T22:30:00+08:00,22542660,0,False,Wh,102,0.0
142814,15,2025-02-23T22:45:00+08:00,22542870,0,False,Wh,102,0.0
142814,15,2025-02-23T23:00:00+08:00,22543049,0,False,Wh,102,0.0
142814,15,2025-02-23T23:15:00+08:00,22543216,0,False,Wh,102,0.0
142814,15,2025-02-23T23:30:00+08:00,22543371,0,False,Wh,102,0.0
142814,15,2025-02-23T23:45:00+08:00,22543534,0,False,Wh,102,0.0
142814,15,2025-02-24T00:00:00+08:00,22543687,0,False,Wh,102,0.0
142814,15,2025-02-24T00:15:00+08:00,22543852,0,False,Wh,102,0.0
142814,15,2025-02-24T00:30:00+08:00,22543973,0,False,Wh,102,0.0
142814,15,2025-02-24T00:45:00+08:00,22544104,0,False,Wh,102,0.0
142814,15,2025-02-24T01:00:00+08:00,22544257,0,False,Wh,102,0.0
142814,15,2025-02-24T01:15:00+08:00,22544383,0,False,Wh,102,0.0
142814,15,2025-02-24T01:30:00+08:00,22544516,0,False,Wh,102,0.0
142814,15,2025-02-24T01:45:00+08:00,22544633,0,False,Wh,102,0.0
142814,15,2025-02-24T02:00:00+08:00,22544727,0,False,Wh,102,0.0
142814,15,2025-02-24T02:15:00+08:00,22544823,0,False,Wh,102,0.0
142814,15,2025-02-24T02:30:00+08:00,22544921,0,False,Wh,102,0.0
142814,15,2025-02-24T02:45:00+08:00,22545019,0,False,Wh,102,0.0
142814,15,2025-02-24T03:00:00+08:00,22545122,0,False,Wh,102,0.0
142814,15,2025-02-24T03:15:00+08:00,22545664,0,False,Wh,102,0.0
142814,15,2025-02-24T03:30:00+08:00,22545767,0,False,Wh,102,0.0
142814,15,2025-02-24T03:45:00+08:00,22545858,0,False,Wh,102,0.0
142814,15,2025-02-24T04:00:00+08:00,22545945,0,False,Wh,102,0.0
142814,15,2025-02-24T04:15:00+08:00,22546039,0,False,Wh,102,0.0
142814,15,2025-02-24T04:30:00+08:00,22546135,0,False,Wh,102,0.0
142814,15,2025-02-24T04:45:00+08:00,22546231,0,False,Wh,102,0.0
142814,15,2025-02-24T05:00:00+08:00,22546307,0,False,Wh,102,0.0
142814,15,2025-02-24T05:15:00+08:00,22546425,0,False,Wh,102,0.0
142814,15,2025-02-24T05:30:00+08:00,22547081,0,False,Wh,102,0.0
142814,15,2025-02-24T05:45:00+08:00,22547419,0,False,Wh,102,0.0
142814,15,2025-02-24T06:00:00+08:00,22547495,0,False,Wh,102,0.0
142814,15,2025-02-24T06:15:00+08:00,22547562,0,False,Wh,102,0.0
142814,15,2025-02-24T06:30:00+08:00,22547627,0,False,Wh,102,0.0
142814,15,2025-02-24T06:45:00+08:00,22547692,0,False,Wh,102,0.0
142814,15,2025-02-24T07:00:00+08:00,22547754,0,False,Wh,102,0.0
142814,15,2025-02-24T07:15:00+08:00,22547813,0,False,Wh,102,0.0
142814,15,2025-02-24T07:30:00+08:00,22547881,0,False,Wh,102,0.0
142814,15,2025-02-24T07:45:00+08:00,22547946,0,False,Wh,102,0.0
142814,15,2025-02-24T08:00:00+08:00,22548000,0,False,Wh,102,0.0
142814,15,2025-02-24T08:15:00+08:00,22548054,0,False,Wh,102,0.0
142814,15,2025-02-24T08:30:00+08:00,22548110,0,False,Wh,102,0.0
142814,15,2025-02-24T08:45:00+08:00,22548165,0,False,Wh,102,0.0
142814,15,2025-02-24T09:00:00+08:00,22548222,0,False,Wh,102,0.0
142814,15,2025-02-24T09:15:00+08:00,22548280,0,False,Wh,102,0.0
142814,15,2025-02-24T09:30:00+08:00,22548339,0,False,Wh,102,0.0
142814,15,2025-02-24T09:45:00+08:00,22548413,0,False,Wh,102,0.0
142814,15,2025-02-24T10:00:00+08:00,22548503,0,False,Wh,102,0.0
142814,15,2025-02-24T10:15:00+08:00,22548567,0,False,Wh,102,0.0
142814,15,2025-02-24T10:30:00+08:00,22548622,0,False,Wh,102,0.0
142814,15,2025-02-24T10:45:00+08:00,22548681,0,False,Wh,102,0.0
142814,15,2025-02-24T11:00:00+08:00,22548745,0,False,Wh,102,0.0
142814,15,2025-02-24T11:15:00+08:00,22548808,0,False,Wh,102,0.0
142814,15,2025-02-24T11:30:00+08:00,22548872,0,False,Wh,102,0.0
142814,15,2025-02-24T11:45:00+08:00,22549348,0,False,Wh,102,0.0
142814,15,2025-02-24T12:00:00+08:00,22549418,0,False,Wh,102,0.0
142814,15,2025-02-24T12:15:00+08:00,22549494,0,False,Wh,102,0.0
142814,15,2025-02-24T12:30:00+08:00,22549562,0,False,Wh,102,0.0
142814,15,2025-02-24T12:45:00+08:00,22549627,0,False,Wh,102,0.0
142814,15,2025-02-24T13:00:00+08:00,22549698,0,False,Wh,102,0.0
142814,15,2025-02-24T13:15:00+08:00,22549788,0,False,Wh,102,0.0
142814,15,2025-02-24T13:30:00+08:00,22549888,0,False,Wh,102,0.0
142814,15,2025-02-24T13:45:00+08:00,22550000,0,False,Wh,102,0.0
142814,15,2025-02-24T14:00:00+08:00,22550137,0,False,Wh,102,0.0
142814,15,2025-02-24T14:15:00+08:00,22550266,0,False,Wh,102,0.0
142814,15,2025-02-24T14:30:00+08:00,22550411,0,False,Wh,102,0.0
142814,15,2025-02-24T14:45:00+08:00,22550558,0,False,Wh,102,0.0
142814,15,2025-02-24T15:00:00+08:00,22550727,0,False,Wh,102,0.0
142814,15,2025-02-24T15:15:00+08:00,22550903,0,False,Wh,102,0.0
142814,15,2025-02-24T15:30:00+08:00,22551079,0,False,Wh,102,0.0
142814,15,2025-02-24T15:45:00+08:00,22551256,0,False,Wh,102,0.0
142814,15,2025-02-24T16:00:00+08:00,22552648,0,False,Wh,102,0.0
142814,15,2025-02-24T16:15:00+08:00,22553415,0,False,Wh,102,0.0
142814,15,2025-02-24T16:30:00+08:00,22554123,0,False,Wh,102,0.0
142814,15,2025-02-24T16:45:00+08:00,22554793,0,False,Wh,102,0.0
142814,15,2025-02-24T17:00:00+08:00,22555681,0,False,Wh,102,0.0
142814,15,2025-02-24T17:15:00+08:00,22556051,0,False,Wh,102,0.0
142814,15,2025-02-24T17:30:00+08:00,22556269,0,False,Wh,102,0.0
142814,15,2025-02-24T17:45:00+08:00,22556698,0,False,Wh,102,0.0
142814,15,2025-02-24T18:00:00+08:00,22557395,0,False,Wh,102,0.0
142814,15,2025-02-24T18:15:00+08:00,22557893,0,False,Wh,102,0.0
142814,15,2025-02-24T18:30:00+08:00,22558128,0,False,Wh,102,0.0
142814,15,2025-02-24T18:45:00+08:00,22559191,0,False,Wh,102,0.0
142814,15,2025-02-24T19:00:00+08:00,22560162,0,False,Wh,102,0.0
142814,15,2025-02-24T19:15:00+08:00,22561295,0,False,Wh,102,0.0
142814,15,2025-02-24T19:30:00+08:00,22561525,0,False,Wh,102,0.0
142814,15,2025-02-24T19:45:00+08:00,22561713,0,False,Wh,102,0.0
142814,15,2025-02-24T20:00:00+08:00,22561878,0,False,Wh,102,0.0
142814,15,2025-02-24T20:15:00+08:00,22562040,0,False,Wh,102,0.0
142814,15,2025-02-24T20:30:00+08:00,22562201,0,False,Wh,102,0.0
142814,15,2025-02-24T20:45:00+08:00,22562983,0,False,Wh,102,0.0
142814,15,2025-02-24T21:00:00+08:00,22563122,0,False,Wh,102,0.0
142814,15,2025-02-24T21:15:00+08:00,22563281,0,False,Wh,102,0.0
142814,15,2025-02-24T21:30:00+08:00,22563523,0,False,Wh,102,0.0
142814,15,2025-02-24T21:45:00+08:00,22563651,0,False,Wh,102,0.0
142814,15,2025-02-24T22:00:00+08:00,22563778,0,False,Wh,102,0.0
142814,15,2025-02-24T22:15:00+08:00,22563902,0,False,Wh,102,0.0
142814,15,2025-02-24T22:30:00+08:00,22564026,0,False,Wh,102,0.0
142814,15,2025-02-24T22:45:00+08:00,22564147,0,False,Wh,102,0.0
142814,15,2025-02-24T23:00:00+08:00,22564261,0,False,Wh,102,0.0
142814,15,2025-02-24T23:15:00+08:00,22564372,0,False,Wh,102,0.0
142814,15,2025-02-24T23:30:00+08:00,22564837,0,False,Wh,102,0.0
142814,15,2025-02-24T23:45:00+08:00,22564933,0,False,Wh,102,0.0
142814,15,2025-02-25T00:00:00+08:00,22565013,0,False,Wh,102,0.0
142814,15,2025-02-25T00:15:00+08:00,22565092,0,False,Wh,102,0.0
142814,15,2025-02-25T00:30:00+08:00,22565171,0,False,Wh,102,0.0
142814,15,2025-02-25T00:45:00+08:00,22565250,0,False,Wh,102,0.0
142814,15,2025-02-25T01:00:00+08:00,22565330,0,False,Wh,102,0.0
142814,15,2025-02-25T01:15:00+08:00,22565408,0,False,Wh,102,0.0
142814,15,2025-02-25T01:30:00+08:00,22565486,0,False,Wh,102,0.0
142814,15,2025-02-25T01:45:00+08:00,22565576,0,False,Wh,102,0.0
142814,15,2025-02-25T02:00:00+08:00,22565665,0,False,Wh,102,0.0
142814,15,2025-02-25T02:15:00+08:00,22565742,0,False,Wh,102,0.0
142814,15,2025-02-25T02:30:00+08:00,22565819,0,False,Wh,102,0.0
142814,15,2025-02-25T02:45:00+08:00,22565894,0,False,Wh,102,0.0
142814,15,2025-02-25T03:00:00+08:00,22565969,0,False,Wh,102,0.0
142814,15,2025-02-25T03:15:00+08:00,22566049,0,False,Wh,102,0.0
142814,15,2025-02-25T03:30:00+08:00,22566129,0,False,Wh,102,0.0
142814,15,2025-02-25T03:45:00+08:00,22566202,0,False,Wh,102,0.0
142814,15,2025-02-25T04:00:00+08:00,22566317,0,False,Wh,102,0.0
142814,15,2025-02-25T04:15:00+08:00,22566418,0,False,Wh,102,0.0
142814,15,2025-02-25T04:30:00+08:00,22566510,0,False,Wh,102,0.0
142814,15,2025-02-25T04:45:00+08:00,22566580,0,False,Wh,102,0.0
142814,15,2025-02-25T05:00:00+08:00,22566666,0,False,Wh,102,0.0
142814,15,2025-02-25T05:15:00+08:00,22566735,0,False,Wh,102,0.0
142814,15,2025-02-25T05:30:00+08:00,22566789,0,False,Wh,102,0.0
142814,15,2025-02-25T05:45:00+08:00,22566833,0,False,Wh,102,0.0
142814,15,2025-02-25T06:00:00+08:00,22566904,0,False,Wh,102,0.0
142814,15,2025-02-25T06:15:00+08:00,22566963,0,False,Wh,102,0.0
142814,15,2025-02-25T06:30:00+08:00,22567032,0,False,Wh,102,0.0
142814,15,2025-02-25T06:45:00+08:00,22567106,0,False,Wh,102,0.0
142814,15,2025-02-25T07:00:00+08:00,22567159,0,False,Wh,102,0.0
142814,15,2025-02-25T07:15:00+08:00,22567211,0,False,Wh,102,0.0
142814,15,2025-02-25T07:30:00+08:00,22567262,0,False,Wh,102,0.0
142814,15,2025-02-25T07:45:00+08:00,22567315,0,False,Wh,102,0.0
142814,15,2025-02-25T08:00:00+08:00,22567368,0,False,Wh,102,0.0
142814,15,2025-02-25T08:15:00+08:00,22567832,0,False,Wh,102,0.0
142814,15,2025-02-25T08:30:00+08:00,22567886,0,False,Wh,102,0.0
142814,15,2025-02-25T08:45:00+08:00,22567945,0,False,Wh,102,0.0
142814,15,2025-02-25T09:00:00+08:00,22568003,0,False,Wh,102,0.0
142814,15,2025-02-25T09:15:00+08:00,22568066,0,False,Wh,102,0.0
142814,15,2025-02-25T09:30:00+08:00,22568130,0,False,Wh,102,0.0
142814,15,2025-02-25T09:45:00+08:00,22568190,0,False,Wh,102,0.0
142814,15,2025-02-25T10:00:00+08:00,22568255,0,False,Wh,102,0.0
142814,15,2025-02-25T10:15:00+08:00,22568312,0,False,Wh,102,0.0
142814,15,2025-02-25T10:30:00+08:00,22568371,0,False,Wh,102,0.0
142814,15,2025-02-25T10:45:00+08:00,22568430,0,False,Wh,102,0.0
142814,15,2025-02-25T11:00:00+08:00,22568489,0,False,Wh,102,0.0
142814,15,2025-02-25T11:15:00+08:00,22568556,0,False,Wh,102,0.0
142814,15,2025-02-25T11:30:00+08:00,22568630,0,False,Wh,102,0.0
142814,15,2025-02-25T11:45:00+08:00,22568697,0,False,Wh,102,0.0
142814,15,2025-02-25T12:00:00+08:00,22568759,0,False,Wh,102,0.0
142814,15,2025-02-25T12:15:00+08:00,22568822,0,False,Wh,102,0.0
142814,15,2025-02-25T12:30:00+08:00,22568885,0,False,Wh,102,0.0
142814,15,2025-02-25T12:45:00+08:00,22568942,0,False,Wh,102,0.0
142814,15,2025-02-25T13:00:00+08:00,22569000,0,False,Wh,102,0.0
142814,15,2025-02-25T13:15:00+08:00,22569065,0,False,Wh,102,0.0
142814,15,2025-02-25T13:30:00+08:00,22569128,0,False,Wh,102,0.0
142814,15,2025-02-25T13:45:00+08:00,22569204,0,False,Wh,102,0.0
142814,15,2025-02-25T14:00:00+08:00,22569310,0,False,Wh,102,0.0
142814,15,2025-02-25T14:15:00+08:00,22569407,0,False,Wh,102,0.0
142814,15,2025-02-25T14:30:00+08:00,22569504,0,False,Wh,102,0.0
142814,15,2025-02-25T14:45:00+08:00,22569626,0,False,Wh,102,0.0
142814,15,2025-02-25T15:00:00+08:00,22569764,0,False,Wh,102,0.0
142814,15,2025-02-25T15:15:00+08:00,22569919,0,False,Wh,102,0.0
142814,15,2025-02-25T15:30:00+08:00,22570059,0,False,Wh,102,0.0
142814,15,2025-02-25T15:45:00+08:00,22570185,0,False,Wh,102,0.0
142814,15,2025-02-25T16:00:00+08:00,22570649,0,False,Wh,102,0.0
142814,15,2025-02-25T16:15:00+08:00,22571014,0,False,Wh,102,0.0
142814,15,2025-02-25T16:30:00+08:00,22571225,0,False,Wh,102,0.0
142814,15,2025-02-25T16:45:00+08:00,22571397,0,False,Wh,102,0.0
142814,15,2025-02-25T17:00:00+08:00,22571919,0,False,Wh,102,0.0
142814,15,2025-02-25T17:15:00+08:00,22572610,0,False,Wh,102,0.0
142814,15,2025-02-25T17:30:00+08:00,22572809,0,False,Wh,102,0.0
142814,15,2025-02-25T17:45:00+08:00,22573189,0,False,Wh,102,0.0
142814,15,2025-02-25T18:00:00+08:00,22574245,0,False,Wh,102,0.0
142814,15,2025-02-25T18:15:00+08:00,22574868,0,False,Wh,102,0.0
142814,15,2025-02-25T18:30:00+08:00,22575193,0,False,Wh,102,0.0
142814,15,2025-02-25T18:45:00+08:00,22576139,0,False,Wh,102,0.0
142814,15,2025-02-25T19:00:00+08:00,22576471,0,False,Wh,102,0.0
142814,15,2025-02-25T19:15:00+08:00,22576636,0,False,Wh,102,0.0
142814,15,2025-02-25T19:30:00+08:00,22576765,0,False,Wh,102,0.0
142814,15,2025-02-25T19:45:00+08:00,22576908,0,False,Wh,102,0.0
142814,15,2025-02-25T20:00:00+08:00,22577031,0,False,Wh,102,0.0
142814,15,2025-02-25T20:15:00+08:00,22577223,0,False,Wh,102,0.0
142814,15,2025-02-25T20:30:00+08:00,22577709,0,False,Wh,102,0.0
142814,15,2025-02-25T20:45:00+08:00,22577815,0,False,Wh,102,0.0
142814,15,2025-02-25T21:00:00+08:00,22577934,0,False,Wh,102,0.0
142814,15,2025-02-25T21:15:00+08:00,22577993,0,False,Wh,102,0.0
142814,15,2025-02-25T21:30:00+08:00,22578033,0,False,Wh,102,0.0
142814,15,2025-02-25T21:45:00+08:00,22578072,0,False,Wh,102,0.0
142814,15,2025-02-25T22:00:00+08:00,22578113,0,False,Wh,102,0.0
142814,15,2025-02-25T22:15:00+08:00,22578165,0,False,Wh,102,0.0
142814,15,2025-02-25T22:30:00+08:00,22578228,0,False,Wh,102,0.0
142814,15,2025-02-25T22:45:00+08:00,22578281,0,False,Wh,102,0.0
142814,15,2025-02-25T23:00:00+08:00,22578327,0,False,Wh,102,0.0
142814,15,2025-02-25T23:15:00+08:00,22578380,0,False,Wh,102,0.0
142814,15,2025-02-25T23:30:00+08:00,22578426,0,False,Wh,102,0.0
142814,15,2025-02-25T23:45:00+08:00,22578463,0,False,Wh,102,0.0
142814,15,2025-02-26T00:00:00+08:00,22578502,0,False,Wh,102,0.0
142814,15,2025-02-26T00:15:00+08:00,22578541,0,False,Wh,102,0.0
142814,15,2025-02-26T00:30:00+08:00,22578579,0,False,Wh,102,0.0
142814,15,2025-02-26T00:45:00+08:00,22578616,0,False,Wh,102,0.0
142814,15,2025-02-26T01:00:00+08:00,22579017,0,False,Wh,102,0.0
142814,15,2025-02-26T01:15:00+08:00,22579059,0,False,Wh,102,0.0
142814,15,2025-02-26T01:30:00+08:00,22579111,0,False,Wh,102,0.0
142814,15,2025-02-26T01:45:00+08:00,22579157,0,False,Wh,102,0.0
142814,15,2025-02-26T02:00:00+08:00,22579196,0,False,Wh,102,0.0
142814,15,2025-02-26T02:15:00+08:00,22579234,0,False,Wh,102,0.0
142814,15,2025-02-26T02:30:00+08:00,22579273,0,False,Wh,102,0.0
142814,15,2025-02-26T02:45:00+08:00,22579311,0,False,Wh,102,0.0
142814,15,2025-02-26T03:00:00+08:00,22579349,0,False,Wh,102,0.0
142814,15,2025-02-26T03:15:00+08:00,22579386,0,False,Wh,102,0.0
142814,15,2025-02-26T03:30:00+08:00,22579428,0,False,Wh,102,0.0
142814,15,2025-02-26T03:45:00+08:00,22579478,0,False,Wh,102,0.0
142814,15,2025-02-26T04:00:00+08:00,22579525,0,False,Wh,102,0.0
142814,15,2025-02-26T04:15:00+08:00,22579562,0,False,Wh,102,0.0
142814,15,2025-02-26T04:30:00+08:00,22579592,0,False,Wh,102,0.0
142814,15,2025-02-26T04:45:00+08:00,22579624,0,False,Wh,102,0.0
142814,15,2025-02-26T05:00:00+08:00,22579665,0,False,Wh,102,0.0
142814,15,2025-02-26T05:15:00+08:00,22579703,0,False,Wh,102,0.0
142814,15,2025-02-26T05:30:00+08:00,22579740,0,False,Wh,102,0.0
142814,15,2025-02-26T05:45:00+08:00,22579780,0,False,Wh,102,0.0
142814,15,2025-02-26T06:00:00+08:00,22579821,0,False,Wh,102,0.0
142814,15,2025-02-26T06:15:00+08:00,22579849,0,False,Wh,102,0.0
142814,15,2025-02-26T06:30:00+08:00,22579862,0,False,Wh,102,0.0
142814,15,2025-02-26T06:45:00+08:00,22579876,0,False,Wh,102,0.0
142814,15,2025-02-26T07:00:00+08:00,22579889,0,False,Wh,102,0.0
142814,15,2025-02-26T07:15:00+08:00,22579902,0,False,Wh,102,0.0
142814,15,2025-02-26T07:30:00+08:00,22579915,0,False,Wh,102,0.0
142814,15,2025-02-26T07:45:00+08:00,22579928,0,False,Wh,102,0.0
142814,15,2025-02-26T08:00:00+08:00,22579946,0,False,Wh,102,0.0
142814,15,2025-02-26T08:15:00+08:00,22579972,0,False,Wh,102,0.0
142814,15,2025-02-26T08:30:00+08:00,22579996,0,False,Wh,102,0.0
142814,15,2025-02-26T08:45:00+08:00,22580009,0,False,Wh,102,0.0
142814,15,2025-02-26T09:00:00+08:00,22580022,0,False,Wh,102,0.0
142814,15,2025-02-26T09:15:00+08:00,22580035,0,False,Wh,102,0.0
142814,15,2025-02-26T09:30:00+08:00,22580048,0,False,Wh,102,0.0
142814,15,2025-02-26T09:45:00+08:00,22580061,0,False,Wh,102,0.0
142814,15,2025-02-26T10:00:00+08:00,22580075,0,False,Wh,102,0.0
142814,15,2025-02-26T10:15:00+08:00,22580089,0,False,Wh,102,0.0
142814,15,2025-02-26T10:30:00+08:00,22580108,0,False,Wh,102,0.0
142814,15,2025-02-26T10:45:00+08:00,22580131,0,False,Wh,102,0.0
142814,15,2025-02-26T11:00:00+08:00,22580197,0,False,Wh,102,0.0
142814,15,2025-02-26T11:15:00+08:00,22580595,0,False,Wh,102,0.0
142814,15,2025-02-26T11:30:00+08:00,22580607,0,False,Wh,102,0.0
142814,15,2025-02-26T11:45:00+08:00,22580620,0,False,Wh,102,0.0
142814,15,2025-02-26T12:00:00+08:00,22580633,0,False,Wh,102,0.0
142814,15,2025-02-26T12:15:00+08:00,22580647,0,False,Wh,102,0.0
142814,15,2025-02-26T12:30:00+08:00,22580668,0,False,Wh,102,0.0
142814,15,2025-02-26T12:45:00+08:00,22580695,0,False,Wh,102,0.0
142814,15,2025-02-26T13:00:00+08:00,22580716,0,False,Wh,102,0.0
142814,15,2025-02-26T13:15:00+08:00,22580730,0,False,Wh,102,0.0
142814,15,2025-02-26T13:30:00+08:00,22580744,0,False,Wh,102,0.0
142814,15,2025-02-26T13:45:00+08:00,22580758,0,False,Wh,102,0.0
142814,15,2025-02-26T14:00:00+08:00,22580772,0,False,Wh,102,0.0
142814,15,2025-02-26T14:15:00+08:00,22580786,0,False,Wh,102,0.0
142814,15,2025-02-26T14:30:00+08:00,22580799,0,False,Wh,102,0.0
142814,15,2025-02-26T14:45:00+08:00,22580816,0,False,Wh,102,0.0
142814,15,2025-02-26T15:00:00+08:00,22580838,0,False,Wh,102,0.0
142814,15,2025-02-26T15:15:00+08:00,22580859,0,False,Wh,102,0.0
142814,15,2025-02-26T15:30:00+08:00,22580873,0,False,Wh,102,0.0
142814,15,2025-02-26T15:45:00+08:00,22580887,0,False,Wh,102,0.0
142814,15,2025-02-26T16:00:00+08:00,22581175,0,False,Wh,102,0.0
142814,15,2025-02-26T16:15:00+08:00,22581503,0,False,Wh,102,0.0
142814,15,2025-02-26T16:30:00+08:00,22581808,0,False,Wh,102,0.0
142814,15,2025-02-26T16:45:00+08:00,22582070,0,False,Wh,102,0.0
142814,15,2025-02-26T17:00:00+08:00,22582334,0,False,Wh,102,0.0
142814,15,2025-02-26T17:15:00+08:00,22582588,0,False,Wh,102,0.0
142814,15,2025-02-26T17:30:00+08:00,22582821,0,False,Wh,102,0.0
142814,15,2025-02-26T17:45:00+08:00,22583891,0,False,Wh,102,0.0
142814,15,2025-02-26T18:00:00+08:00,22584433,0,False,Wh,102,0.0
142814,15,2025-02-26T18:15:00+08:00,22584646,0,False,Wh,102,0.0
142814,15,2025-02-26T18:30:00+08:00,22584834,0,False,Wh,102,0.0
142814,15,2025-02-26T18:45:00+08:00,22585003,0,False,Wh,102,0.0
142814,15,2025-02-26T19:00:00+08:00,22585161,0,False,Wh,102,0.0
142814,15,2025-02-26T19:15:00+08:00,22585333,0,False,Wh,102,0.0
142814,15,2025-02-26T19:30:00+08:00,22585502,0,False,Wh,102,0.0
142814,15,2025-02-26T19:45:00+08:00,22585655,0,False,Wh,102,0.0
142814,15,2025-02-26T20:00:00+08:00,22585803,0,False,Wh,102,0.0
142814,15,2025-02-26T20:15:00+08:00,22585946,0,False,Wh,102,0.0
142814,15,2025-02-26T20:30:00+08:00,22586124,0,False,Wh,102,0.0
142814,15,2025-02-26T20:45:00+08:00,22586285,0,False,Wh,102,0.0
142814,15,2025-02-26T21:00:00+08:00,22586768,0,False,Wh,102,0.0
142814,15,2025-02-26T21:15:00+08:00,22587390,0,False,Wh,102,0.0
142814,15,2025-02-26T21:30:00+08:00,22588028,0,False,Wh,102,0.0
142814,15,2025-02-26T21:45:00+08:00,22589337,0,False,Wh,102,0.0
142814,15,2025-02-26T22:00:00+08:00,22590442,0,False,Wh,102,0.0
142814,15,2025-02-26T22:15:00+08:00,22591095,0,False,Wh,102,0.0
142814,15,2025-02-26T22:30:00+08:00,22591346,0,False,Wh,102,0.0
142814,15,2025-02-26T22:45:00+08:00,22591560,0,False,Wh,102,0.0
142814,15,2025-02-26T23:00:00+08:00,22591785,0,False,Wh,102,0.0
142814,15,2025-02-26T23:15:00+08:00,22591979,0,False,Wh,102,0.0
142814,15,2025-02-26T23:30:00+08:00,22592112,0,False,Wh,102,0.0
142814,15,2025-02-26T23:45:00+08:00,22592272,0,False,Wh,102,0.0
142814,15,2025-02-27T00:00:00+08:00,22592425,0,False,Wh,102,0.0
142814,15,2025-02-27T00:15:00+08:00,22592569,0,False,Wh,102,0.0
142814,15,2025-02-27T00:30:00+08:00,22592725,0,False,Wh,102,0.0
142814,15,2025-02-27T00:45:00+08:00,22592849,0,False,Wh,102,0.0
142814,15,2025-02-27T01:00:00+08:00,22592972,0,False,Wh,102,0.0
142814,15,2025-02-27T01:15:00+08:00,22593100,0,False,Wh,102,0.0
142814,15,2025-02-27T01:30:00+08:00,22593215,0,False,Wh,102,0.0
142814,15,2025-02-27T01:45:00+08:00,22593332,0,False,Wh,102,0.0
142814,15,2025-02-27T02:00:00+08:00,22593453,0,False,Wh,102,0.0
142814,15,2025-02-27T02:15:00+08:00,22593570,0,False,Wh,102,0.0
142814,15,2025-02-27T02:30:00+08:00,22593685,0,False,Wh,102,0.0
142814,15,2025-02-27T02:45:00+08:00,22593799,0,False,Wh,102,0.0
142814,15,2025-02-27T03:00:00+08:00,22593911,0,False,Wh,102,0.0
142814,15,2025-02-27T03:15:00+08:00,22594024,0,False,Wh,102,0.0
142814,15,2025-02-27T03:30:00+08:00,22594135,0,False,Wh,102,0.0
142814,15,2025-02-27T03:45:00+08:00,22594695,0,False,Wh,102,0.0
142814,15,2025-02-27T04:00:00+08:00,22594806,0,False,Wh,102,0.0
142814,15,2025-02-27T04:15:00+08:00,22594931,0,False,Wh,102,0.0
142814,15,2025-02-27T04:30:00+08:00,22595054,0,False,Wh,102,0.0
142814,15,2025-02-27T04:45:00+08:00,22595167,0,False,Wh,102,0.0
142814,15,2025-02-27T05:00:00+08:00,22596041,0,False,Wh,102,0.0
142814,15,2025-02-27T05:15:00+08:00,22596556,0,False,Wh,102,0.0
142814,15,2025-02-27T05:30:00+08:00,22596639,0,False,Wh,102,0.0
142814,15,2025-02-27T05:45:00+08:00,22596717,0,False,Wh,102,0.0
142814,15,2025-02-27T06:00:00+08:00,22596782,0,False,Wh,102,0.0
142814,15,2025-02-27T06:15:00+08:00,22596833,0,False,Wh,102,0.0
142814,15,2025-02-27T06:30:00+08:00,22596899,0,False,Wh,102,0.0
142814,15,2025-02-27T06:45:00+08:00,22596963,0,False,Wh,102,0.0
142814,15,2025-02-27T07:00:00+08:00,22597015,0,False,Wh,102,0.0
142814,15,2025-02-27T07:15:00+08:00,22597067,0,False,Wh,102,0.0
142814,15,2025-02-27T07:30:00+08:00,22597119,0,False,Wh,102,0.0
142814,15,2025-02-27T07:45:00+08:00,22597172,0,False,Wh,102,0.0
142814,15,2025-02-27T08:00:00+08:00,22597224,0,False,Wh,102,0.0
142814,15,2025-02-27T08:15:00+08:00,22597277,0,False,Wh,102,0.0
142814,15,2025-02-27T08:30:00+08:00,22597331,0,False,Wh,102,0.0
142814,15,2025-02-27T08:45:00+08:00,22597396,0,False,Wh,102,0.0
142814,15,2025-02-27T09:00:00+08:00,22597461,0,False,Wh,102,0.0
142814,15,2025-02-27T09:15:00+08:00,22597513,0,False,Wh,102,0.0
142814,15,2025-02-27T09:30:00+08:00,22597590,0,False,Wh,102,0.0
142814,15,2025-02-27T09:45:00+08:00,22597662,0,False,Wh,102,0.0
142814,15,2025-02-27T10:00:00+08:00,22598060,0,False,Wh,102,0.0
142814,15,2025-02-27T10:15:00+08:00,22598194,0,False,Wh,102,0.0
142814,15,2025-02-27T10:30:00+08:00,22598256,0,False,Wh,102,0.0
142814,15,2025-02-27T10:45:00+08:00,22598319,0,False,Wh,102,0.0
142814,15,2025-02-27T11:00:00+08:00,22598389,0,False,Wh,102,0.0
142814,15,2025-02-27T11:15:00+08:00,22598466,0,False,Wh,102,0.0
142814,15,2025-02-27T11:30:00+08:00,22598537,0,False,Wh,102,0.0
142814,15,2025-02-27T11:45:00+08:00,22598602,0,False,Wh,102,0.0
142814,15,2025-02-27T12:00:00+08:00,22598666,0,False,Wh,102,0.0
142814,15,2025-02-27T12:15:00+08:00,22598731,0,False,Wh,102,0.0
142814,15,2025-02-27T12:30:00+08:00,22598794,0,False,Wh,102,0.0
142814,15,2025-02-27T12:45:00+08:00,22598858,0,False,Wh,102,0.0
142814,15,2025-02-27T13:00:00+08:00,22598920,0,False,Wh,102,0.0
142814,15,2025-02-27T13:15:00+08:00,22598978,0,False,Wh,102,0.0
142814,15,2025-02-27T13:30:00+08:00,22599067,0,False,Wh,102,0.0
142814,15,2025-02-27T13:45:00+08:00,22599149,0,False,Wh,102,0.0
142814,15,2025-02-27T14:00:00+08:00,22599218,0,False,Wh,102,0.0
142814,15,2025-02-27T14:15:00+08:00,22599285,0,False,Wh,102,0.0
142814,15,2025-02-27T14:30:00+08:00,22599355,0,False,Wh,102,0.0
142814,15,2025-02-27T14:45:00+08:00,22599440,0,False,Wh,102,0.0
142814,15,2025-02-27T15:00:00+08:00,22599546,0,False,Wh,102,0.0
142814,15,2025-02-27T15:15:00+08:00,22599650,0,False,Wh,102,0.0
142814,15,2025-02-27T15:30:00+08:00,22599754,0,False,Wh,102,0.0
142814,15,2025-02-27T15:45:00+08:00,22599864,0,False,Wh,102,0.0
142814,15,2025-02-27T16:00:00+08:00,22599980,0,False,Wh,102,0.0
142814,15,2025-02-27T16:15:00+08:00,22600088,0,False,Wh,102,0.0
142814,15,2025-02-27T16:30:00+08:00,22600193,0,False,Wh,102,0.0
142814,15,2025-02-27T16:45:00+08:00,22600308,0,False,Wh,102,0.0
142814,15,2025-02-27T17:00:00+08:00,22600445,0,False,Wh,102,0.0
142814,15,2025-02-27T17:15:00+08:00,22600584,0,False,Wh,102,0.0
142814,15,2025-02-27T17:30:00+08:00,22600739,0,False,Wh,102,0.0
142814,15,2025-02-27T17:45:00+08:00,22600917,0,False,Wh,102,0.0
142814,15,2025-02-27T18:00:00+08:00,22601093,0,False,Wh,102,0.0
142814,15,2025-02-27T18:15:00+08:00,22601517,0,False,Wh,102,0.0
142814,15,2025-02-27T18:30:00+08:00,22601731,0,False,Wh,102,0.0
142814,15,2025-02-27T18:45:00+08:00,22602896,0,False,Wh,102,0.0
142814,15,2025-02-27T19:00:00+08:00,22604050,0,False,Wh,102,0.0
142814,15,2025-02-27T19:15:00+08:00,22604913,0,False,Wh,102,0.0
142814,15,2025-02-27T19:30:00+08:00,22605195,0,False,Wh,102,0.0
142814,15,2025-02-27T19:45:00+08:00,22605489,0,False,Wh,102,0.0
142814,15,2025-02-27T20:00:00+08:00,22605752,0,False,Wh,102,0.0
142814,15,2025-02-27T20:15:00+08:00,22605958,0,False,Wh,102,0.0
142814,15,2025-02-27T20:30:00+08:00,22606161,0,False,Wh,102,0.0
142814,15,2025-02-27T20:45:00+08:00,22606343,0,False,Wh,102,0.0
142814,15,2025-02-27T21:00:00+08:00,22606494,0,False,Wh,102,0.0
142814,15,2025-02-27T21:15:00+08:00,22606641,0,False,Wh,102,0.0
142814,15,2025-02-27T21:30:00+08:00,22606824,0,False,Wh,102,0.0
142814,15,2025-02-27T21:45:00+08:00,22606961,0,False,Wh,102,0.0
142814,15,2025-02-27T22:00:00+08:00,22607077,0,False,Wh,102,0.0
142814,15,2025-02-27T22:15:00+08:00,22607183,0,False,Wh,102,0.0
142814,15,2025-02-27T22:30:00+08:00,22607669,0,False,Wh,102,0.0
142814,15,2025-02-27T22:45:00+08:00,22607753,0,False,Wh,102,0.0
142814,15,2025-02-27T23:00:00+08:00,22607807,0,False,Wh,102,0.0
142814,15,2025-02-27T23:15:00+08:00,22607848,0,False,Wh,102,0.0
142814,15,2025-02-27T23:30:00+08:00,22607886,0,False,Wh,102,0.0
142814,15,2025-02-27T23:45:00+08:00,22607924,0,False,Wh,102,0.0
142814,15,2025-02-28T00:00:00+08:00,22607962,0,False,Wh,102,0.0
142814,15,2025-02-28T00:15:00+08:00,22608000,0,False,Wh,102,0.0
142814,15,2025-02-28T00:30:00+08:00,22608038,0,False,Wh,102,0.0
142814,15,2025-02-28T00:45:00+08:00,22608076,0,False,Wh,102,0.0
142814,15,2025-02-28T01:00:00+08:00,22608117,0,False,Wh,102,0.0
142814,15,2025-02-28T01:15:00+08:00,22608163,0,False,Wh,102,0.0
142814,15,2025-02-28T01:30:00+08:00,22608209,0,False,Wh,102,0.0
142814,15,2025-02-28T01:45:00+08:00,22608252,0,False,Wh,102,0.0
142814,15,2025-02-28T02:00:00+08:00,22608291,0,False,Wh,102,0.0
142814,15,2025-02-28T02:15:00+08:00,22608330,0,False,Wh,102,0.0
142814,15,2025-02-28T02:30:00+08:00,22608367,0,False,Wh,102,0.0
142814,15,2025-02-28T02:45:00+08:00,22608404,0,False,Wh,102,0.0
142814,15,2025-02-28T03:00:00+08:00,22608441,0,False,Wh,102,0.0
142814,15,2025-02-28T03:15:00+08:00,22608486,0,False,Wh,102,0.0
142814,15,2025-02-28T03:30:00+08:00,22608536,0,False,Wh,102,0.0
142814,15,2025-02-28T03:45:00+08:00,22608580,0,False,Wh,102,0.0
142814,15,2025-02-28T04:00:00+08:00,22608617,0,False,Wh,102,0.0
142814,15,2025-02-28T04:15:00+08:00,22608653,0,False,Wh,102,0.0
142814,15,2025-02-28T04:30:00+08:00,22608690,0,False,Wh,102,0.0
142814,15,2025-02-28T04:45:00+08:00,22608811,0,False,Wh,102,0.0
142814,15,2025-02-28T05:00:00+08:00,22609700,0,False,Wh,102,0.0
142814,15,2025-02-28T05:15:00+08:00,22610114,0,False,Wh,102,0.0
142814,15,2025-02-28T05:30:00+08:00,22610163,0,False,Wh,102,0.0
142814,15,2025-02-28T05:45:00+08:00,22610220,0,False,Wh,102,0.0
142814,15,2025-02-28T06:00:00+08:00,22610262,0,False,Wh,102,0.0
142814,15,2025-02-28T06:15:00+08:00,22610373,0,False,Wh,102,0.0
142814,15,2025-02-28T06:30:00+08:00,22610486,0,False,Wh,102,0.0
142814,15,2025-02-28T06:45:00+08:00,22610614,0,False,Wh,102,0.0
142814,15,2025-02-28T07:00:00+08:00,22610704,0,False,Wh,102,0.0
142814,15,2025-02-28T07:15:00+08:00,22610778,0,False,Wh,102,0.0
142814,15,2025-02-28T07:30:00+08:00,22610863,0,False,Wh,102,0.0
142814,15,2025-02-28T07:45:00+08:00,22610959,0,False,Wh,102,0.0
142814,15,2025-02-28T08:00:00+08:00,22611060,0,False,Wh,102,0.0
142814,15,2025-02-28T08:15:00+08:00,22611157,0,False,Wh,102,0.0
142814,15,2025-02-28T09:30:00+08:00,22611305,0,False,Wh,102,0.0
142814,15,2025-02-28T09:45:00+08:00,22611771,0,False,Wh,102,0.0
142814,15,2025-02-28T10:00:00+08:00,22611879,0,False,Wh,102,0.0
142814,15,2025-02-28T10:15:00+08:00,22611959,0,False,Wh,102,0.0
142814,15,2025-02-28T10:30:00+08:00,22612033,0,False,Wh,102,0.0
142814,15,2025-02-28T10:45:00+08:00,22612096,0,False,Wh,102,0.0
142814,15,2025-02-28T11:00:00+08:00,22612159,0,False,Wh,102,0.0
142814,15,2025-02-28T11:15:00+08:00,22612223,0,False,Wh,102,0.0
142814,15,2025-02-28T11:30:00+08:00,22612293,0,False,Wh,102,0.0
142814,15,2025-02-28T11:45:00+08:00,22612389,0,False,Wh,102,0.0
142814,15,2025-02-28T12:00:00+08:00,22612491,0,False,Wh,102,0.0
142814,15,2025-02-28T12:15:00+08:00,22612625,0,False,Wh,102,0.0
142814,15,2025-02-28T12:30:00+08:00,22612781,0,False,Wh,102,0.0
142814,15,2025-02-28T12:45:00+08:00,22612904,0,False,Wh,102,0.0
142814,15,2025-02-28T13:00:00+08:00,22613066,0,False,Wh,102,0.0
142814,15,2025-02-28T13:15:00+08:00,22613194,0,False,Wh,102,0.0
142814,15,2025-02-28T13:30:00+08:00,22613335,0,False,Wh,102,0.0
142814,15,2025-02-28T13:45:00+08:00,22613506,0,False,Wh,102,0.0
142814,15,2025-02-28T14:00:00+08:00,22613659,0,False,Wh,102,0.0
142814,15,2025-02-28T14:15:00+08:00,22613834,0,False,Wh,102,0.0
142814,15,2025-02-28T14:30:00+08:00,22614016,0,False,Wh,102,0.0
142814,15,2025-02-28T14:45:00+08:00,22614197,0,False,Wh,102,0.0
142814,15,2025-02-28T15:00:00+08:00,22614417,0,False,Wh,102,0.0
142814,15,2025-02-28T15:15:00+08:00,22614628,0,False,Wh,102,0.0
142814,15,2025-02-28T15:30:00+08:00,22614833,0,False,Wh,102,0.0
142814,15,2025-02-28T15:45:00+08:00,22615029,0,False,Wh,102,0.0
142814,15,2025-02-28T16:00:00+08:00,22615235,0,False,Wh,102,0.0
142814,15,2025-02-28T16:15:00+08:00,22615436,0,False,Wh,102,0.0
142814,15,2025-02-28T16:30:00+08:00,22615648,0,False,Wh,102,0.0
142814,15,2025-02-28T16:45:00+08:00,22615866,0,False,Wh,102,0.0
142814,15,2025-02-28T17:00:00+08:00,22616099,0,False,Wh,102,0.0
142814,15,2025-02-28T17:15:00+08:00,22616322,0,False,Wh,102,0.0
142814,15,2025-02-28T17:30:00+08:00,22616567,0,False,Wh,102,0.0
142814,15,2025-02-28T17:45:00+08:00,22617455,0,False,Wh,102,0.0
142814,15,2025-02-28T18:00:00+08:00,22618082,0,False,Wh,102,0.0
142814,15,2025-02-28T18:15:00+08:00,22618318,0,False,Wh,102,0.0
142814,15,2025-02-28T18:30:00+08:00,22618543,0,False,Wh,102,0.0
142814,15,2025-02-28T18:45:00+08:00,22618991,0,False,Wh,102,0.0
142814,15,2025-02-28T19:00:00+08:00,22619347,0,False,Wh,102,0.0
142814,15,2025-02-28T19:15:00+08:00,22619516,0,False,Wh,102,0.0
142814,15,2025-02-28T19:30:00+08:00,22619940,0,False,Wh,102,0.0
142814,15,2025-02-28T19:45:00+08:00,22620927,0,False,Wh,102,0.0
142814,15,2025-02-28T20:00:00+08:00,22621659,0,False,Wh,102,0.0
142814,15,2025-02-28T20:15:00+08:00,22621821,0,False,Wh,102,0.0
142814,15,2025-02-28T20:30:00+08:00,22621973,0,False,Wh,102,0.0
142814,15,2025-02-28T20:45:00+08:00,22622090,0,False,Wh,102,0.0
142814,15,2025-02-28T21:00:00+08:00,22622208,0,False,Wh,102,0.0
142814,15,2025-02-28T21:15:00+08:00,22622342,0,False,Wh,102,0.0
142814,15,2025-02-28T21:30:00+08:00,22622494,0,False,Wh,102,0.0
142814,15,2025-02-28T21:45:00+08:00,22622616,0,False,Wh,102,0.0
142814,15,2025-02-28T22:00:00+08:00,22622712,0,False,Wh,102,0.0
142814,15,2025-02-28T22:15:00+08:00,22622794,0,False,Wh,102,0.0
142814,15,2025-02-28T22:30:00+08:00,22622870,0,False,Wh,102,0.0
142814,15,2025-02-28T22:45:00+08:00,22622965,0,False,Wh,102,0.0
142814,15,2025-02-28T23:00:00+08:00,22623895,0,False,Wh,102,0.0
142814,15,2025-02-28T23:15:00+08:00,22624722,0,False,Wh,102,0.0
142814,15,2025-02-28T23:30:00+08:00,22624798,0,False,Wh,102,0.0
142814,15,2025-02-28T23:45:00+08:00,22624872,0,False,Wh,102,0.0
142814,15,2025-03-01T00:00:00+08:00,22624956,0,False,Wh,102,0.0
142814,15,2025-03-01T00:15:00+08:00,22625042,0,False,Wh,102,0.0
142814,15,2025-03-01T00:30:00+08:00,22625115,0,False,Wh,102,0.0
142814,15,2025-03-01T00:45:00+08:00,22625187,0,False,Wh,102,0.0
142814,15,2025-03-01T01:00:00+08:00,22625256,0,False,Wh,102,0.0
142814,15,2025-03-01T01:15:00+08:00,22625324,0,False,Wh,102,0.0
142814,15,2025-03-01T01:30:00+08:00,22625391,0,False,Wh,102,0.0
142814,15,2025-03-01T01:45:00+08:00,22625465,0,False,Wh,102,0.0
142814,15,2025-03-01T02:00:00+08:00,22625541,0,False,Wh,102,0.0
142814,15,2025-03-01T02:15:00+08:00,22625611,0,False,Wh,102,0.0
142814,15,2025-03-01T02:30:00+08:00,22625691,0,False,Wh,102,0.0
142814,15,2025-03-01T02:45:00+08:00,22625767,0,False,Wh,102,0.0
142814,15,2025-03-01T03:00:00+08:00,22625835,0,False,Wh,102,0.0
142814,15,2025-03-01T03:15:00+08:00,22625902,0,False,Wh,102,0.0
142814,15,2025-03-01T03:30:00+08:00,22625968,0,False,Wh,102,0.0
142814,15,2025-03-01T03:45:00+08:00,22626033,0,False,Wh,102,0.0
142814,15,2025-03-01T04:00:00+08:00,22626098,0,False,Wh,102,0.0
142814,15,2025-03-01T04:15:00+08:00,22626290,0,False,Wh,102,0.0
142814,15,2025-03-01T04:30:00+08:00,22626661,0,False,Wh,102,0.0
142814,15,2025-03-01T04:45:00+08:00,22626731,0,False,Wh,102,0.0
142814,15,2025-03-01T05:00:00+08:00,22626817,0,False,Wh,102,0.0
142814,15,2025-03-01T05:15:00+08:00,22626885,0,False,Wh,102,0.0
142814,15,2025-03-01T05:30:00+08:00,22626951,0,False,Wh,102,0.0
142814,15,2025-03-01T05:45:00+08:00,22627019,0,False,Wh,102,0.0
142814,15,2025-03-01T06:00:00+08:00,22627086,0,False,Wh,102,0.0
142814,15,2025-03-01T06:15:00+08:00,22627152,0,False,Wh,102,0.0
142814,15,2025-03-01T06:30:00+08:00,22627212,0,False,Wh,102,0.0
142814,15,2025-03-01T06:45:00+08:00,22627274,0,False,Wh,102,0.0
142814,15,2025-03-01T07:00:00+08:00,22627437,0,False,Wh,102,0.0
142814,15,2025-03-01T07:15:00+08:00,22628366,0,False,Wh,102,0.0
142814,15,2025-03-01T07:30:00+08:00,22629131,0,False,Wh,102,0.0
142814,15,2025-03-01T07:45:00+08:00,22629204,0,False,Wh,102,0.0
142814,15,2025-03-01T08:00:00+08:00,22629257,0,False,Wh,102,0.0
142814,15,2025-03-01T08:15:00+08:00,22629320,0,False,Wh,102,0.0
142814,15,2025-03-01T08:30:00+08:00,22629378,0,False,Wh,102,0.0
142814,15,2025-03-01T08:45:00+08:00,22629431,0,False,Wh,102,0.0
142814,15,2025-03-01T09:00:00+08:00,22629484,0,False,Wh,102,0.0
142814,15,2025-03-01T09:15:00+08:00,22629538,0,False,Wh,102,0.0
142814,15,2025-03-01T09:30:00+08:00,22629602,0,False,Wh,102,0.0
142814,15,2025-03-01T09:45:00+08:00,22630080,0,False,Wh,102,0.0
142814,15,2025-03-01T10:00:00+08:00,22630140,0,False,Wh,102,0.0
142814,15,2025-03-01T10:15:00+08:00,22630197,0,False,Wh,102,0.0
142814,15,2025-03-01T10:30:00+08:00,22630257,0,False,Wh,102,0.0
142814,15,2025-03-01T10:45:00+08:00,22630319,0,False,Wh,102,0.0
142814,15,2025-03-01T11:00:00+08:00,22630405,0,False,Wh,102,0.0
142814,15,2025-03-01T11:15:00+08:00,22630776,0,False,Wh,102,0.0
142814,15,2025-03-01T11:30:00+08:00,22630962,0,False,Wh,102,0.0
142814,15,2025-03-01T11:45:00+08:00,22631079,0,False,Wh,102,0.0
142814,15,2025-03-01T12:00:00+08:00,22631190,0,False,Wh,102,0.0
142814,15,2025-03-01T12:15:00+08:00,22631306,0,False,Wh,102,0.0
142814,15,2025-03-01T12:30:00+08:00,22631399,0,False,Wh,102,0.0
142814,15,2025-03-01T12:45:00+08:00,22631487,0,False,Wh,102,0.0
142814,15,2025-03-01T13:00:00+08:00,22631583,0,False,Wh,102,0.0
142814,15,2025-03-01T13:15:00+08:00,22631726,0,False,Wh,102,0.0
142814,15,2025-03-01T13:30:00+08:00,22631916,0,False,Wh,102,0.0
142814,15,2025-03-01T13:45:00+08:00,22632064,0,False,Wh,102,0.0
142814,15,2025-03-01T14:00:00+08:00,22632253,0,False,Wh,102,0.0
142814,15,2025-03-01T14:15:00+08:00,22632456,0,False,Wh,102,0.0
142814,15,2025-03-01T14:30:00+08:00,22632764,0,False,Wh,102,0.0
142814,15,2025-03-01T14:45:00+08:00,22633871,0,False,Wh,102,0.0
142814,15,2025-03-01T15:00:00+08:00,22634472,0,False,Wh,102,0.0
142814,15,2025-03-01T15:15:00+08:00,22634703,0,False,Wh,102,0.0
142814,15,2025-03-01T15:30:00+08:00,22634952,0,False,Wh,102,0.0
142814,15,2025-03-01T15:45:00+08:00,22635196,0,False,Wh,102,0.0
142814,15,2025-03-01T16:00:00+08:00,22635474,0,False,Wh,102,0.0
142814,15,2025-03-01T16:15:00+08:00,22635858,0,False,Wh,102,0.0
142814,15,2025-03-01T16:30:00+08:00,22636147,0,False,Wh,102,0.0
142814,15,2025-03-01T16:45:00+08:00,22636444,0,False,Wh,102,0.0
142814,15,2025-03-01T17:00:00+08:00,22636747,0,False,Wh,102,0.0
142814,15,2025-03-01T17:15:00+08:00,22637038,0,False,Wh,102,0.0
142814,15,2025-03-01T17:30:00+08:00,22637362,0,False,Wh,102,0.0
142814,15,2025-03-01T17:45:00+08:00,22637603,0,False,Wh,102,0.0
142814,15,2025-03-01T18:00:00+08:00,22637855,0,False,Wh,102,0.0
142814,15,2025-03-01T18:15:00+08:00,22638091,0,False,Wh,102,0.0
142814,15,2025-03-01T18:30:00+08:00,22638317,0,False,Wh,102,0.0
142814,15,2025-03-01T18:45:00+08:00,22638568,0,False,Wh,102,0.0
142814,15,2025-03-01T19:00:00+08:00,22639147,0,False,Wh,102,0.0
142814,15,2025-03-01T19:15:00+08:00,22639338,0,False,Wh,102,0.0
142814,15,2025-03-01T19:30:00+08:00,22639511,0,False,Wh,102,0.0
142814,15,2025-03-01T19:45:00+08:00,22639684,0,False,Wh,102,0.0
142814,15,2025-03-01T20:00:00+08:00,22639852,0,False,Wh,102,0.0
142814,15,2025-03-01T20:15:00+08:00,22640011,0,False,Wh,102,0.0
142814,15,2025-03-01T20:30:00+08:00,22640165,0,False,Wh,102,0.0
142814,15,2025-03-01T20:45:00+08:00,22640300,0,False,Wh,102,0.0
142814,15,2025-03-01T21:00:00+08:00,22640336,0,False,Wh,102,0.0
142814,15,2025-03-01T21:15:00+08:00,22640385,0,False,Wh,102,0.0
142814,15,2025-03-01T21:30:00+08:00,22640434,0,False,Wh,102,0.0
142814,15,2025-03-01T21:45:00+08:00,22640470,0,False,Wh,102,0.0
142814,15,2025-03-01T22:00:00+08:00,22640632,0,False,Wh,102,0.0
142814,15,2025-03-01T22:15:00+08:00,22641523,0,False,Wh,102,0.0
142814,15,2025-03-01T22:30:00+08:00,22642068,0,False,Wh,102,0.0
142814,15,2025-03-01T22:45:00+08:00,22642103,0,False,Wh,102,0.0
142814,15,2025-03-01T23:00:00+08:00,22642128,0,False,Wh,102,0.0
142814,15,2025-03-01T23:15:00+08:00,22642156,0,False,Wh,102,0.0
142814,15,2025-03-01T23:30:00+08:00,22642297,0,False,Wh,102,0.0
142814,15,2025-03-01T23:45:00+08:00,22643200,0,False,Wh,102,0.0
142814,15,2025-03-02T00:00:00+08:00,22643929,0,False,Wh,102,0.0
142814,15,2025-03-02T00:15:00+08:00,22644427,0,False,Wh,102,0.0
142814,15,2025-03-02T00:30:00+08:00,22644923,0,False,Wh,102,0.0
142814,15,2025-03-02T00:45:00+08:00,22645152,0,False,Wh,102,0.0
142814,15,2025-03-02T01:00:00+08:00,22645232,0,False,Wh,102,0.0
142814,15,2025-03-02T01:15:00+08:00,22645313,0,False,Wh,102,0.0
142814,15,2025-03-02T01:30:00+08:00,22645386,0,False,Wh,102,0.0
142814,15,2025-03-02T01:45:00+08:00,22645442,0,False,Wh,102,0.0
142814,15,2025-03-02T02:00:00+08:00,22645500,0,False,Wh,102,0.0
142814,15,2025-03-02T02:15:00+08:00,22645548,0,False,Wh,102,0.0
142814,15,2025-03-02T02:30:00+08:00,22645593,0,False,Wh,102,0.0
142814,15,2025-03-02T02:45:00+08:00,22645637,0,False,Wh,102,0.0
142814,15,2025-03-02T03:00:00+08:00,22645684,0,False,Wh,102,0.0
142814,15,2025-03-02T03:15:00+08:00,22645732,0,False,Wh,102,0.0
142814,15,2025-03-02T03:30:00+08:00,22645780,0,False,Wh,102,0.0
142814,15,2025-03-02T03:45:00+08:00,22645822,0,False,Wh,102,0.0
142814,15,2025-03-02T04:00:00+08:00,22645870,0,False,Wh,102,0.0
142814,15,2025-03-02T04:15:00+08:00,22645928,0,False,Wh,102,0.0
142814,15,2025-03-02T04:30:00+08:00,22645980,0,False,Wh,102,0.0
142814,15,2025-03-02T04:45:00+08:00,22646026,0,False,Wh,102,0.0
142814,15,2025-03-02T05:00:00+08:00,22646070,0,False,Wh,102,0.0
142814,15,2025-03-02T05:15:00+08:00,22646113,0,False,Wh,102,0.0
142814,15,2025-03-02T05:30:00+08:00,22646173,0,False,Wh,102,0.0
142814,15,2025-03-02T05:45:00+08:00,22646239,0,False,Wh,102,0.0
142814,15,2025-03-02T06:00:00+08:00,22646299,0,False,Wh,102,0.0
142814,15,2025-03-02T06:15:00+08:00,22646356,0,False,Wh,102,0.0
142814,15,2025-03-02T06:30:00+08:00,22646416,0,False,Wh,102,0.0
142814,15,2025-03-02T06:45:00+08:00,22646877,0,False,Wh,102,0.0
142814,15,2025-03-02T07:00:00+08:00,22646922,0,False,Wh,102,0.0
142814,15,2025-03-02T07:15:00+08:00,22646966,0,False,Wh,102,0.0
142814,15,2025-03-02T07:30:00+08:00,22647010,0,False,Wh,102,0.0
142814,15,2025-03-02T07:45:00+08:00,22647055,0,False,Wh,102,0.0
142814,15,2025-03-02T08:00:00+08:00,22647099,0,False,Wh,102,0.0
142814,15,2025-03-02T08:15:00+08:00,22647143,0,False,Wh,102,0.0
142814,15,2025-03-02T08:30:00+08:00,22647196,0,False,Wh,102,0.0
142814,15,2025-03-02T08:45:00+08:00,22647253,0,False,Wh,102,0.0
142814,15,2025-03-02T09:00:00+08:00,22647289,0,False,Wh,102,0.0
142814,15,2025-03-02T09:15:00+08:00,22647319,0,False,Wh,102,0.0
142814,15,2025-03-02T09:30:00+08:00,22647350,0,False,Wh,102,0.0
142814,15,2025-03-02T09:45:00+08:00,22648059,0,False,Wh,102,0.0
142814,15,2025-03-02T10:00:00+08:00,22648155,0,False,Wh,102,0.0
142814,15,2025-03-02T10:15:00+08:00,22648179,0,False,Wh,102,0.0
142814,15,2025-03-02T10:30:00+08:00,22648297,0,False,Wh,102,0.0
142814,15,2025-03-02T10:45:00+08:00,22648402,0,False,Wh,102,0.0
142814,15,2025-03-02T11:00:00+08:00,22648489,0,False,Wh,102,0.0
142814,15,2025-03-02T11:15:00+08:00,22648570,0,False,Wh,102,0.0
142814,15,2025-03-02T11:30:00+08:00,22648643,0,False,Wh,102,0.0
142814,15,2025-03-02T11:45:00+08:00,22648718,0,False,Wh,102,0.0
142814,15,2025-03-02T12:00:00+08:00,22648794,0,False,Wh,102,0.0
142814,15,2025-03-02T12:15:00+08:00,22648869,0,False,Wh,102,0.0
142814,15,2025-03-02T12:30:00+08:00,22648947,0,False,Wh,102,0.0
142814,15,2025-03-02T12:45:00+08:00,22649066,0,False,Wh,102,0.0
142814,15,2025-03-02T13:00:00+08:00,22649204,0,False,Wh,102,0.0
142814,15,2025-03-02T13:15:00+08:00,22649347,0,False,Wh,102,0.0
142814,15,2025-03-02T13:30:00+08:00,22649823,0,False,Wh,102,0.0
142814,15,2025-03-02T13:45:00+08:00,22650456,0,False,Wh,102,0.0
142814,15,2025-03-02T14:00:00+08:00,22651108,0,False,Wh,102,0.0
142814,15,2025-03-02T14:15:00+08:00,22651817,0,False,Wh,102,0.0
142814,15,2025-03-02T14:30:00+08:00,22652586,0,False,Wh,102,0.0
142814,15,2025-03-02T14:45:00+08:00,22653216,0,False,Wh,102,0.0
142814,15,2025-03-02T15:00:00+08:00,22653574,0,False,Wh,102,0.0
142814,15,2025-03-02T15:15:00+08:00,22653940,0,False,Wh,102,0.0
142814,15,2025-03-02T15:30:00+08:00,22654307,0,False,Wh,102,0.0
142814,15,2025-03-02T15:45:00+08:00,22654664,0,False,Wh,102,0.0
142814,15,2025-03-02T16:00:00+08:00,22654992,0,False,Wh,102,0.0
142814,15,2025-03-02T16:15:00+08:00,22655314,0,False,Wh,102,0.0
142814,15,2025-03-02T16:30:00+08:00,22655638,0,False,Wh,102,0.0
142814,15,2025-03-02T16:45:00+08:00,22655965,0,False,Wh,102,0.0
142814,15,2025-03-02T17:00:00+08:00,22656704,0,False,Wh,102,0.0
142814,15,2025-03-02T17:15:00+08:00,22657027,0,False,Wh,102,0.0
142814,15,2025-03-02T17:30:00+08:00,22657354,0,False,Wh,102,0.0
142814,15,2025-03-02T17:45:00+08:00,22657682,0,False,Wh,102,0.0
142814,15,2025-03-02T18:00:00+08:00,22657996,0,False,Wh,102,0.0
142814,15,2025-03-02T18:15:00+08:00,22658289,0,False,Wh,102,0.0
142814,15,2025-03-02T18:30:00+08:00,22658564,0,False,Wh,102,0.0
142814,15,2025-03-02T18:45:00+08:00,22658807,0,False,Wh,102,0.0
142814,15,2025-03-02T19:00:00+08:00,22659009,0,False,Wh,102,0.0
142814,15,2025-03-02T19:15:00+08:00,22659161,0,False,Wh,102,0.0
142814,15,2025-03-02T19:30:00+08:00,22659262,0,False,Wh,102,0.0
142814,15,2025-03-02T19:45:00+08:00,22659377,0,False,Wh,102,0.0
142814,15,2025-03-02T20:00:00+08:00,22659476,0,False,Wh,102,0.0
142814,15,2025-03-02T20:15:00+08:00,22660022,0,False,Wh,102,0.0
142814,15,2025-03-02T20:30:00+08:00,22661114,0,False,Wh,102,0.0
142814,15,2025-03-02T20:45:00+08:00,22661832,0,False,Wh,102,0.0
142814,15,2025-03-02T21:00:00+08:00,22661967,0,False,Wh,102,0.0
142814,15,2025-03-02T21:15:00+08:00,22662100,0,False,Wh,102,0.0
142814,15,2025-03-02T21:30:00+08:00,22662222,0,False,Wh,102,0.0
142814,15,2025-03-02T21:45:00+08:00,22662320,0,False,Wh,102,0.0
142814,15,2025-03-02T22:00:00+08:00,22662467,0,False,Wh,102,0.0
142814,15,2025-03-02T22:15:00+08:00,22662601,0,False,Wh,102,0.0
142814,15,2025-03-02T22:30:00+08:00,22662724,0,False,Wh,102,0.0
142814,15,2025-03-02T22:45:00+08:00,22662817,0,False,Wh,102,0.0
142814,15,2025-03-02T23:00:00+08:00,22662903,0,False,Wh,102,0.0
142814,15,2025-03-02T23:15:00+08:00,22662988,0,False,Wh,102,0.0
142814,15,2025-03-02T23:30:00+08:00,22663071,0,False,Wh,102,0.0
142814,15,2025-03-02T23:45:00+08:00,22663153,0,False,Wh,102,0.0
142814,15,2025-03-03T00:00:00+08:00,22663245,0,False,Wh,102,0.0
142814,15,2025-03-03T00:15:00+08:00,22663338,0,False,Wh,102,0.0
142814,15,2025-03-03T00:30:00+08:00,22663413,0,False,Wh,102,0.0
142814,15,2025-03-03T00:45:00+08:00,22663861,0,False,Wh,102,0.0
142814,15,2025-03-03T01:00:00+08:00,22663938,0,False,Wh,102,0.0
142814,15,2025-03-03T01:15:00+08:00,22664018,0,False,Wh,102,0.0
142814,15,2025-03-03T01:30:00+08:00,22664095,0,False,Wh,102,0.0
142814,15,2025-03-03T01:45:00+08:00,22664162,0,False,Wh,102,0.0
142814,15,2025-03-03T02:00:00+08:00,22664242,0,False,Wh,102,0.0
142814,15,2025-03-03T02:15:00+08:00,22664330,0,False,Wh,102,0.0
142814,15,2025-03-03T02:30:00+08:00,22664410,0,False,Wh,102,0.0
142814,15,2025-03-03T02:45:00+08:00,22664479,0,False,Wh,102,0.0
142814,15,2025-03-03T03:00:00+08:00,22664544,0,False,Wh,102,0.0
142814,15,2025-03-03T03:15:00+08:00,22664611,0,False,Wh,102,0.0
142814,15,2025-03-03T03:30:00+08:00,22664678,0,False,Wh,102,0.0
142814,15,2025-03-03T03:45:00+08:00,22664744,0,False,Wh,102,0.0
142814,15,2025-03-03T04:00:00+08:00,22665248,0,False,Wh,102,0.0
142814,15,2025-03-03T04:15:00+08:00,22665983,0,False,Wh,102,0.0
142814,15,2025-03-03T04:30:00+08:00,22666051,0,False,Wh,102,0.0
142814,15,2025-03-03T04:45:00+08:00,22666072,0,False,Wh,102,0.0
142814,15,2025-03-03T05:00:00+08:00,22666087,0,False,Wh,102,0.0
142814,15,2025-03-03T05:15:00+08:00,22666101,0,False,Wh,102,0.0
142814,15,2025-03-03T05:30:00+08:00,22666116,0,False,Wh,102,0.0
142814,15,2025-03-03T05:45:00+08:00,22666130,0,False,Wh,102,0.0
142814,15,2025-03-03T06:00:00+08:00,22666145,0,False,Wh,102,0.0
142814,15,2025-03-03T06:15:00+08:00,22666163,0,False,Wh,102,0.0
142814,15,2025-03-03T06:30:00+08:00,22666191,0,False,Wh,102,0.0
142814,15,2025-03-03T06:45:00+08:00,22666223,0,False,Wh,102,0.0
142814,15,2025-03-03T07:00:00+08:00,22666264,0,False,Wh,102,0.0
142814,15,2025-03-03T07:15:00+08:00,22666290,0,False,Wh,102,0.0
142814,15,2025-03-03T07:30:00+08:00,22666309,0,False,Wh,102,0.0
142814,15,2025-03-03T07:45:00+08:00,22666325,0,False,Wh,102,0.0
142814,15,2025-03-03T08:00:00+08:00,22666340,0,False,Wh,102,0.0
142814,15,2025-03-03T08:15:00+08:00,22666354,0,False,Wh,102,0.0
142814,15,2025-03-03T08:30:00+08:00,22666379,0,False,Wh,102,0.0
142814,15,2025-03-03T08:45:00+08:00,22666406,0,False,Wh,102,0.0
142814,15,2025-03-03T09:00:00+08:00,22666425,0,False,Wh,102,0.0
142814,15,2025-03-03T09:15:00+08:00,22666438,0,False,Wh,102,0.0
142814,15,2025-03-03T09:30:00+08:00,22666451,0,False,Wh,102,0.0
142814,15,2025-03-03T09:45:00+08:00,22666464,0,False,Wh,102,0.0
142814,15,2025-03-03T10:00:00+08:00,22666477,0,False,Wh,102,0.0
142814,15,2025-03-03T10:15:00+08:00,22666489,0,False,Wh,102,0.0
142814,15,2025-03-03T10:30:00+08:00,22666506,0,False,Wh,102,0.0
142814,15,2025-03-03T10:45:00+08:00,22666695,0,False,Wh,102,0.0
142814,15,2025-03-03T11:00:00+08:00,22666984,0,False,Wh,102,0.0
142814,15,2025-03-03T11:15:00+08:00,22666997,0,False,Wh,102,0.0
142814,15,2025-03-03T11:30:00+08:00,22667010,0,False,Wh,102,0.0
142814,15,2025-03-03T11:45:00+08:00,22667023,0,False,Wh,102,0.0
142814,15,2025-03-03T12:00:00+08:00,22667036,0,False,Wh,102,0.0
142814,15,2025-03-03T12:15:00+08:00,22667050,0,False,Wh,102,0.0
142814,15,2025-03-03T12:30:00+08:00,22667063,0,False,Wh,102,0.0
142814,15,2025-03-03T12:45:00+08:00,22667088,0,False,Wh,102,0.0
142814,15,2025-03-03T13:00:00+08:00,22667115,0,False,Wh,102,0.0
142814,15,2025-03-03T13:15:00+08:00,22667135,0,False,Wh,102,0.0
142814,15,2025-03-03T13:30:00+08:00,22667148,0,False,Wh,102,0.0
142814,15,2025-03-03T13:45:00+08:00,22667163,0,False,Wh,102,0.0
142814,15,2025-03-03T14:00:00+08:00,22667170,0,False,Wh,102,0.0
142814,15,2025-03-03T14:15:00+08:00,22667176,0,False,Wh,102,0.0
142814,15,2025-03-03T14:30:00+08:00,22667191,0,False,Wh,102,0.0
142814,15,2025-03-03T14:45:00+08:00,22667210,0,False,Wh,102,0.0
142814,15,2025-03-03T15:00:00+08:00,22667239,0,False,Wh,102,0.0
142814,15,2025-03-03T15:15:00+08:00,22667266,0,False,Wh,102,0.0
142814,15,2025-03-03T15:30:00+08:00,22667279,0,False,Wh,102,0.0
142814,15,2025-03-03T15:45:00+08:00,22667292,0,False,Wh,102,0.0
142814,15,2025-03-03T16:00:00+08:00,22667305,0,False,Wh,102,0.0
142814,15,2025-03-03T16:15:00+08:00,22667318,0,False,Wh,102,0.0
142814,15,2025-03-03T16:30:00+08:00,22667331,0,False,Wh,102,0.0
142814,15,2025-03-03T16:45:00+08:00,22667343,0,False,Wh,102,0.0
142814,15,2025-03-03T17:00:00+08:00,22667368,0,False,Wh,102,0.0
142814,15,2025-03-03T17:15:00+08:00,22667395,0,False,Wh,102,0.0
142814,15,2025-03-03T17:30:00+08:00,22667413,0,False,Wh,102,0.0
142814,15,2025-03-03T17:45:00+08:00,22667425,0,False,Wh,102,0.0
142814,15,2025-03-03T18:00:00+08:00,22667438,0,False,Wh,102,0.0
142814,15,2025-03-03T18:15:00+08:00,22667450,0,False,Wh,102,0.0
142814,15,2025-03-03T18:30:00+08:00,22667463,0,False,Wh,102,0.0
142814,15,2025-03-03T18:45:00+08:00,22667475,0,False,Wh,102,0.0
142814,15,2025-03-03T19:00:00+08:00,22667495,0,False,Wh,102,0.0
142814,15,2025-03-03T19:15:00+08:00,22667522,0,False,Wh,102,0.0
142814,15,2025-03-03T19:30:00+08:00,22667546,0,False,Wh,102,0.0
142814,15,2025-03-03T19:45:00+08:00,22667558,0,False,Wh,102,0.0
142814,15,2025-03-03T20:00:00+08:00,22667571,0,False,Wh,102,0.0
142814,15,2025-03-03T20:15:00+08:00,22667584,0,False,Wh,102,0.0
142814,15,2025-03-03T20:30:00+08:00,22667597,0,False,Wh,102,0.0
142814,15,2025-03-03T20:45:00+08:00,22667609,0,False,Wh,102,0.0
142814,15,2025-03-03T21:00:00+08:00,22667624,0,False,Wh,102,0.0
142814,15,2025-03-03T21:15:00+08:00,22667651,0,False,Wh,102,0.0
142814,15,2025-03-03T21:30:00+08:00,22667677,0,False,Wh,102,0.0
142814,15,2025-03-03T21:45:00+08:00,22667693,0,False,Wh,102,0.0
142814,15,2025-03-03T22:00:00+08:00,22668176,0,False,Wh,102,0.0
142814,15,2025-03-03T22:15:00+08:00,22668189,0,False,Wh,102,0.0
142814,15,2025-03-03T22:30:00+08:00,22668201,0,False,Wh,102,0.0
142814,15,2025-03-03T22:45:00+08:00,22668214,0,False,Wh,102,0.0
142814,15,2025-03-03T23:00:00+08:00,22668227,0,False,Wh,102,0.0
142814,15,2025-03-03T23:15:00+08:00,22668251,0,False,Wh,102,0.0
142814,15,2025-03-03T23:30:00+08:00,22668278,0,False,Wh,102,0.0
142814,15,2025-03-03T23:45:00+08:00,22668299,0,False,Wh,102,0.0
142815,15,2025-02-22T00:00:00+08:00,19745351,0,False,Wh,103,0.0
142815,15,2025-02-22T00:15:00+08:00,19745420,0,False,Wh,103,0.0
142815,15,2025-02-22T00:30:00+08:00,19745489,0,False,Wh,103,0.0
142815,15,2025-02-22T00:45:00+08:00,19745564,0,False,Wh,103,0.0
142815,15,2025-02-22T01:00:00+08:00,19745645,0,False,Wh,103,0.0
142815,15,2025-02-22T01:15:00+08:00,19745725,0,False,Wh,103,0.0
142815,15,2025-02-22T01:30:00+08:00,19745778,0,False,Wh,103,0.0
142815,15,2025-02-22T01:45:00+08:00,19745819,0,False,Wh,103,0.0
142815,15,2025-02-22T02:00:00+08:00,19746334,0,False,Wh,103,0.0
142815,15,2025-02-22T02:15:00+08:00,19746397,0,False,Wh,103,0.0
142815,15,2025-02-22T02:30:00+08:00,19746442,0,False,Wh,103,0.0
142815,15,2025-02-22T02:45:00+08:00,19746484,0,False,Wh,103,0.0
142815,15,2025-02-22T03:00:00+08:00,19746529,0,False,Wh,103,0.0
142815,15,2025-02-22T03:15:00+08:00,19746568,0,False,Wh,103,0.0
142815,15,2025-02-22T03:30:00+08:00,19746591,0,False,Wh,103,0.0
142815,15,2025-02-22T03:45:00+08:00,19746609,0,False,Wh,103,0.0
142815,15,2025-02-22T04:00:00+08:00,19746636,0,False,Wh,103,0.0
142815,15,2025-02-22T04:15:00+08:00,19746675,0,False,Wh,103,0.0
142815,15,2025-02-22T04:30:00+08:00,19746694,0,False,Wh,103,0.0
142815,15,2025-02-22T04:45:00+08:00,19746711,0,False,Wh,103,0.0
142815,15,2025-02-22T05:00:00+08:00,19746738,0,False,Wh,103,0.0
142815,15,2025-02-22T05:15:00+08:00,19746770,0,False,Wh,103,0.0
142815,15,2025-02-22T05:30:00+08:00,19746788,0,False,Wh,103,0.0
142815,15,2025-02-22T05:45:00+08:00,19746806,0,False,Wh,103,0.0
142815,15,2025-02-22T06:00:00+08:00,19746831,0,False,Wh,103,0.0
142815,15,2025-02-22T06:15:00+08:00,19746862,0,False,Wh,103,0.0
142815,15,2025-02-22T06:30:00+08:00,19746881,0,False,Wh,103,0.0
142815,15,2025-02-22T06:45:00+08:00,19746921,0,False,Wh,103,0.0
142815,15,2025-02-22T07:00:00+08:00,19747801,0,False,Wh,103,0.0
142815,15,2025-02-22T07:15:00+08:00,19748048,0,False,Wh,103,0.0
142815,15,2025-02-22T07:30:00+08:00,19748338,0,False,Wh,103,0.0
142815,15,2025-02-22T07:45:00+08:00,19748352,0,False,Wh,103,0.0
142815,15,2025-02-22T08:00:00+08:00,19748371,0,False,Wh,103,0.0
142815,15,2025-02-22T08:15:00+08:00,19748398,0,False,Wh,103,0.0
142815,15,2025-02-22T08:30:00+08:00,19748416,0,False,Wh,103,0.0
142815,15,2025-02-22T08:45:00+08:00,19748430,0,False,Wh,103,0.0
142815,15,2025-02-22T09:00:00+08:00,19748455,0,False,Wh,103,0.0
142815,15,2025-02-22T09:15:00+08:00,19748479,0,False,Wh,103,0.0
142815,15,2025-02-22T09:30:00+08:00,19748492,0,False,Wh,103,0.0
142815,15,2025-02-22T09:45:00+08:00,19748509,0,False,Wh,103,0.0
142815,15,2025-02-22T10:00:00+08:00,19748536,0,False,Wh,103,0.0
142815,15,2025-02-22T10:15:00+08:00,19748554,0,False,Wh,103,0.0
142815,15,2025-02-22T10:30:00+08:00,19748567,0,False,Wh,103,0.0
142815,15,2025-02-22T10:45:00+08:00,19748588,0,False,Wh,103,0.0
142815,15,2025-02-22T11:00:00+08:00,19748611,0,False,Wh,103,0.0
142815,15,2025-02-22T11:15:00+08:00,19748622,0,False,Wh,103,0.0
142815,15,2025-02-22T11:30:00+08:00,19748632,0,False,Wh,103,0.0
142815,15,2025-02-22T11:45:00+08:00,19748695,0,False,Wh,103,0.0
142815,15,2025-02-22T12:00:00+08:00,19749374,0,False,Wh,103,0.0
142815,15,2025-02-22T12:15:00+08:00,19749382,0,False,Wh,103,0.0
142815,15,2025-02-22T12:30:00+08:00,19749425,0,False,Wh,103,0.0
142815,15,2025-02-22T12:45:00+08:00,19750030,0,False,Wh,103,0.0
142815,15,2025-02-22T13:00:00+08:00,19750931,0,False,Wh,103,0.0
142815,15,2025-02-22T13:15:00+08:00,19751172,0,False,Wh,103,0.0
142815,15,2025-02-22T13:30:00+08:00,19751191,0,False,Wh,103,0.0
142815,15,2025-02-22T13:45:00+08:00,19751213,0,False,Wh,103,0.0
142815,15,2025-02-22T14:00:00+08:00,19751225,0,False,Wh,103,0.0
142815,15,2025-02-22T14:15:00+08:00,19751233,0,False,Wh,103,0.0
142815,15,2025-02-22T14:30:00+08:00,19751244,0,False,Wh,103,0.0
142815,15,2025-02-22T14:45:00+08:00,19751265,0,False,Wh,103,0.0
142815,15,2025-02-22T15:00:00+08:00,19751276,0,False,Wh,103,0.0
142815,15,2025-02-22T15:15:00+08:00,19751283,0,False,Wh,103,0.0
142815,15,2025-02-22T15:30:00+08:00,19751297,0,False,Wh,103,0.0
142815,15,2025-02-22T15:45:00+08:00,19751318,0,False,Wh,103,0.0
142815,15,2025-02-22T16:00:00+08:00,19751326,0,False,Wh,103,0.0
142815,15,2025-02-22T16:15:00+08:00,19751334,0,False,Wh,103,0.0
142815,15,2025-02-22T16:30:00+08:00,19751350,0,False,Wh,103,0.0
142815,15,2025-02-22T16:45:00+08:00,19751369,0,False,Wh,103,0.0
142815,15,2025-02-22T17:00:00+08:00,19751377,0,False,Wh,103,0.0
142815,15,2025-02-22T17:15:00+08:00,19751384,0,False,Wh,103,0.0
142815,15,2025-02-22T17:30:00+08:00,19751392,0,False,Wh,103,0.0
142815,15,2025-02-22T17:45:00+08:00,19751400,0,False,Wh,103,0.0
142815,15,2025-02-22T18:00:00+08:00,19751690,0,False,Wh,103,0.0
142815,15,2025-02-22T18:15:00+08:00,19752690,0,False,Wh,103,0.0
142815,15,2025-02-22T18:30:00+08:00,19752762,0,False,Wh,103,0.0
142815,15,2025-02-22T18:45:00+08:00,19752873,0,False,Wh,103,0.0
142815,15,2025-02-22T19:00:00+08:00,19752932,0,False,Wh,103,0.0
142815,15,2025-02-22T19:15:00+08:00,19752991,0,False,Wh,103,0.0
142815,15,2025-02-22T19:30:00+08:00,19753049,0,False,Wh,103,0.0
142815,15,2025-02-22T19:45:00+08:00,19753108,0,False,Wh,103,0.0
142815,15,2025-02-22T20:00:00+08:00,19753173,0,False,Wh,103,0.0
142815,15,2025-02-22T20:15:00+08:00,19753237,0,False,Wh,103,0.0
142815,15,2025-02-22T20:30:00+08:00,19753296,0,False,Wh,103,0.0
142815,15,2025-02-22T20:45:00+08:00,19753345,0,False,Wh,103,0.0
142815,15,2025-02-22T21:00:00+08:00,19753393,0,False,Wh,103,0.0
142815,15,2025-02-22T21:15:00+08:00,19753447,0,False,Wh,103,0.0
142815,15,2025-02-22T21:30:00+08:00,19753538,0,False,Wh,103,0.0
142815,15,2025-02-22T21:45:00+08:00,19753718,0,False,Wh,103,0.0
142815,15,2025-02-22T22:00:00+08:00,19753829,0,False,Wh,103,0.0
142815,15,2025-02-22T22:15:00+08:00,19753911,0,False,Wh,103,0.0
142815,15,2025-02-22T22:30:00+08:00,19754001,0,False,Wh,103,0.0
142815,15,2025-02-22T22:45:00+08:00,19754098,0,False,Wh,103,0.0
142815,15,2025-02-22T23:00:00+08:00,19754197,0,False,Wh,103,0.0
142815,15,2025-02-22T23:15:00+08:00,19754749,0,False,Wh,103,0.0
142815,15,2025-02-22T23:30:00+08:00,19754840,0,False,Wh,103,0.0
142815,15,2025-02-22T23:45:00+08:00,19754912,0,False,Wh,103,0.0
142815,15,2025-02-23T00:00:00+08:00,19754965,0,False,Wh,103,0.0
142815,15,2025-02-23T00:15:00+08:00,19755017,0,False,Wh,103,0.0
142815,15,2025-02-23T00:30:00+08:00,19755077,0,False,Wh,103,0.0
142815,15,2025-02-23T00:45:00+08:00,19755134,0,False,Wh,103,0.0
142815,15,2025-02-23T01:00:00+08:00,19755179,0,False,Wh,103,0.0
142815,15,2025-02-23T01:00:00+08:00,19755179,0,False,Wh,103,0.0
142815,15,2025-02-23T01:15:00+08:00,19755231,0,False,Wh,103,0.0
142815,15,2025-02-23T01:30:00+08:00,19755288,0,False,Wh,103,0.0
142815,15,2025-02-23T01:45:00+08:00,19755336,0,False,Wh,103,0.0
142815,15,2025-02-23T02:00:00+08:00,19755380,0,False,Wh,103,0.0
142815,15,2025-02-23T02:15:00+08:00,19755430,0,False,Wh,103,0.0
142815,15,2025-02-23T02:30:00+08:00,19755487,0,False,Wh,103,0.0
142815,15,2025-02-23T02:45:00+08:00,19755521,0,False,Wh,103,0.0
142815,15,2025-02-23T03:00:00+08:00,19755557,0,False,Wh,103,0.0
142815,15,2025-02-23T03:15:00+08:00,19755603,0,False,Wh,103,0.0
142815,15,2025-02-23T03:30:00+08:00,19755651,0,False,Wh,103,0.0
142815,15,2025-02-23T03:45:00+08:00,19755687,0,False,Wh,103,0.0
142815,15,2025-02-23T04:00:00+08:00,19755723,0,False,Wh,103,0.0
142815,15,2025-02-23T04:15:00+08:00,19755753,0,False,Wh,103,0.0
142815,15,2025-02-23T04:30:00+08:00,19755784,0,False,Wh,103,0.0
142815,15,2025-02-23T04:45:00+08:00,19755804,0,False,Wh,103,0.0
142815,15,2025-02-23T05:00:00+08:00,19755823,0,False,Wh,103,0.0
142815,15,2025-02-23T05:15:00+08:00,19755849,0,False,Wh,103,0.0
142815,15,2025-02-23T05:30:00+08:00,19755880,0,False,Wh,103,0.0
142815,15,2025-02-23T05:45:00+08:00,19755898,0,False,Wh,103,0.0
142815,15,2025-02-23T06:00:00+08:00,19755916,0,False,Wh,103,0.0
142815,15,2025-02-23T06:15:00+08:00,19755939,0,False,Wh,103,0.0
142815,15,2025-02-23T06:30:00+08:00,19755972,0,False,Wh,103,0.0
142815,15,2025-02-23T06:45:00+08:00,19755991,0,False,Wh,103,0.0
142815,15,2025-02-23T07:00:00+08:00,19756009,0,False,Wh,103,0.0
142815,15,2025-02-23T07:15:00+08:00,19756028,0,False,Wh,103,0.0
142815,15,2025-02-23T07:30:00+08:00,19756056,0,False,Wh,103,0.0
142815,15,2025-02-23T07:45:00+08:00,19756075,0,False,Wh,103,0.0
142815,15,2025-02-23T08:00:00+08:00,19756107,0,False,Wh,103,0.0
142815,15,2025-02-23T08:15:00+08:00,19756139,0,False,Wh,103,0.0
142815,15,2025-02-23T08:30:00+08:00,19756245,0,False,Wh,103,0.0
142815,15,2025-02-23T08:45:00+08:00,19756285,0,False,Wh,103,0.0
142815,15,2025-02-23T09:00:00+08:00,19756813,0,False,Wh,103,0.0
142815,15,2025-02-23T09:15:00+08:00,19756839,0,False,Wh,103,0.0
142815,15,2025-02-23T09:30:00+08:00,19756873,0,False,Wh,103,0.0
142815,15,2025-02-23T09:45:00+08:00,19756889,0,False,Wh,103,0.0
142815,15,2025-02-23T10:00:00+08:00,19756897,0,False,Wh,103,0.0
142815,15,2025-02-23T10:15:00+08:00,19757312,0,False,Wh,103,0.0
142815,15,2025-02-23T10:30:00+08:00,19758204,0,False,Wh,103,0.0
142815,15,2025-02-23T10:45:00+08:00,19759107,0,False,Wh,103,0.0
142815,15,2025-02-23T11:00:00+08:00,19759115,0,False,Wh,103,0.0
142815,15,2025-02-23T11:15:00+08:00,19759137,0,False,Wh,103,0.0
142815,15,2025-02-23T11:30:00+08:00,19759159,0,False,Wh,103,0.0
142815,15,2025-02-23T11:45:00+08:00,19759176,0,False,Wh,103,0.0
142815,15,2025-02-23T12:00:00+08:00,19759184,0,False,Wh,103,0.0
142815,15,2025-02-23T12:15:00+08:00,19759204,0,False,Wh,103,0.0
142815,15,2025-02-23T12:30:00+08:00,19759226,0,False,Wh,103,0.0
142815,15,2025-02-23T12:45:00+08:00,19759237,0,False,Wh,103,0.0
142815,15,2025-02-23T13:00:00+08:00,19759249,0,False,Wh,103,0.0
142815,15,2025-02-23T13:15:00+08:00,19759271,0,False,Wh,103,0.0
142815,15,2025-02-23T13:30:00+08:00,19759280,0,False,Wh,103,0.0
142815,15,2025-02-23T13:45:00+08:00,19759288,0,False,Wh,103,0.0
142815,15,2025-02-23T14:00:00+08:00,19759295,0,False,Wh,103,0.0
142815,15,2025-02-23T14:15:00+08:00,19759303,0,False,Wh,103,0.0
142815,15,2025-02-23T14:30:00+08:00,19759311,0,False,Wh,103,0.0
142815,15,2025-02-23T14:45:00+08:00,19759318,0,False,Wh,103,0.0
142815,15,2025-02-23T15:00:00+08:00,19759326,0,False,Wh,103,0.0
142815,15,2025-02-23T15:15:00+08:00,19759337,0,False,Wh,103,0.0
142815,15,2025-02-23T15:30:00+08:00,19759354,0,False,Wh,103,0.0
142815,15,2025-02-23T15:45:00+08:00,19759362,0,False,Wh,103,0.0
142815,15,2025-02-23T16:00:00+08:00,19759855,0,False,Wh,103,0.0
142815,15,2025-02-23T16:15:00+08:00,19759866,0,False,Wh,103,0.0
142815,15,2025-02-23T16:30:00+08:00,19759876,0,False,Wh,103,0.0
142815,15,2025-02-23T16:45:00+08:00,19759909,0,False,Wh,103,0.0
142815,15,2025-02-23T17:00:00+08:00,19759954,0,False,Wh,103,0.0
142815,15,2025-02-23T17:15:00+08:00,19760163,0,False,Wh,103,0.0
142815,15,2025-02-23T17:30:00+08:00,19760328,0,False,Wh,103,0.0
142815,15,2025-02-23T17:45:00+08:00,19760378,0,False,Wh,103,0.0
142815,15,2025-02-23T18:00:00+08:00,19760419,0,False,Wh,103,0.0
142815,15,2025-02-23T18:15:00+08:00,19760462,0,False,Wh,103,0.0
142815,15,2025-02-23T18:30:00+08:00,19760794,0,False,Wh,103,0.0
142815,15,2025-02-23T18:45:00+08:00,19761466,0,False,Wh,103,0.0
142815,15,2025-02-23T19:00:00+08:00,19762412,0,False,Wh,103,0.0
142815,15,2025-02-23T19:15:00+08:00,19762768,0,False,Wh,103,0.0
142815,15,2025-02-23T19:30:00+08:00,19763111,0,False,Wh,103,0.0
142815,15,2025-02-23T19:45:00+08:00,19763396,0,False,Wh,103,0.0
142815,15,2025-02-23T20:00:00+08:00,19763674,0,False,Wh,103,0.0
142815,15,2025-02-23T20:15:00+08:00,19763947,0,False,Wh,103,0.0
142815,15,2025-02-23T20:30:00+08:00,19764185,0,False,Wh,103,0.0
142815,15,2025-02-23T20:45:00+08:00,19764395,0,False,Wh,103,0.0
142815,15,2025-02-23T21:00:00+08:00,19764572,0,False,Wh,103,0.0
142815,15,2025-02-23T21:15:00+08:00,19764710,0,False,Wh,103,0.0
142815,15,2025-02-23T21:30:00+08:00,19764851,0,False,Wh,103,0.0
142815,15,2025-02-23T21:45:00+08:00,19764979,0,False,Wh,103,0.0
142815,15,2025-02-23T22:00:00+08:00,19765103,0,False,Wh,103,0.0
142815,15,2025-02-23T22:15:00+08:00,19765232,0,False,Wh,103,0.0
142815,15,2025-02-23T22:30:00+08:00,19765356,0,False,Wh,103,0.0
142815,15,2025-02-23T22:45:00+08:00,19765462,0,False,Wh,103,0.0
142815,15,2025-02-23T23:00:00+08:00,19765565,0,False,Wh,103,0.0
142815,15,2025-02-23T23:15:00+08:00,19765658,0,False,Wh,103,0.0
142815,15,2025-02-23T23:30:00+08:00,19765750,0,False,Wh,103,0.0
142815,15,2025-02-23T23:45:00+08:00,19765835,0,False,Wh,103,0.0
142815,15,2025-02-24T00:00:00+08:00,19765918,0,False,Wh,103,0.0
142815,15,2025-02-24T00:15:00+08:00,19766008,0,False,Wh,103,0.0
142815,15,2025-02-24T00:30:00+08:00,19766087,0,False,Wh,103,0.0
142815,15,2025-02-24T00:45:00+08:00,19766161,0,False,Wh,103,0.0
142815,15,2025-02-24T01:00:00+08:00,19766240,0,False,Wh,103,0.0
142815,15,2025-02-24T01:15:00+08:00,19766323,0,False,Wh,103,0.0
142815,15,2025-02-24T01:30:00+08:00,19766407,0,False,Wh,103,0.0
142815,15,2025-02-24T01:45:00+08:00,19766489,0,False,Wh,103,0.0
142815,15,2025-02-24T02:00:00+08:00,19766572,0,False,Wh,103,0.0
142815,15,2025-02-24T02:15:00+08:00,19766653,0,False,Wh,103,0.0
142815,15,2025-02-24T02:30:00+08:00,19766722,0,False,Wh,103,0.0
142815,15,2025-02-24T02:45:00+08:00,19766794,0,False,Wh,103,0.0
142815,15,2025-02-24T03:00:00+08:00,19766862,0,False,Wh,103,0.0
142815,15,2025-02-24T03:15:00+08:00,19767386,0,False,Wh,103,0.0
142815,15,2025-02-24T03:30:00+08:00,19767429,0,False,Wh,103,0.0
142815,15,2025-02-24T03:45:00+08:00,19767475,0,False,Wh,103,0.0
142815,15,2025-02-24T04:00:00+08:00,19767534,0,False,Wh,103,0.0
142815,15,2025-02-24T04:15:00+08:00,19767589,0,False,Wh,103,0.0
142815,15,2025-02-24T04:30:00+08:00,19767633,0,False,Wh,103,0.0
142815,15,2025-02-24T04:45:00+08:00,19767682,0,False,Wh,103,0.0
142815,15,2025-02-24T05:00:00+08:00,19767740,0,False,Wh,103,0.0
142815,15,2025-02-24T05:15:00+08:00,19767791,0,False,Wh,103,0.0
142815,15,2025-02-24T05:30:00+08:00,19767832,0,False,Wh,103,0.0
142815,15,2025-02-24T05:45:00+08:00,19767880,0,False,Wh,103,0.0
142815,15,2025-02-24T06:00:00+08:00,19767932,0,False,Wh,103,0.0
142815,15,2025-02-24T06:15:00+08:00,19767979,0,False,Wh,103,0.0
142815,15,2025-02-24T06:30:00+08:00,19768280,0,False,Wh,103,0.0
142815,15,2025-02-24T06:45:00+08:00,19769132,0,False,Wh,103,0.0
142815,15,2025-02-24T07:00:00+08:00,19769211,0,False,Wh,103,0.0
142815,15,2025-02-24T07:15:00+08:00,19769233,0,False,Wh,103,0.0
142815,15,2025-02-24T07:30:00+08:00,19769255,0,False,Wh,103,0.0
142815,15,2025-02-24T07:45:00+08:00,19769276,0,False,Wh,103,0.0
142815,15,2025-02-24T08:00:00+08:00,19769298,0,False,Wh,103,0.0
142815,15,2025-02-24T08:15:00+08:00,19769333,0,False,Wh,103,0.0
142815,15,2025-02-24T08:30:00+08:00,19769379,0,False,Wh,103,0.0
142815,15,2025-02-24T08:45:00+08:00,19769411,0,False,Wh,103,0.0
142815,15,2025-02-24T09:00:00+08:00,19769437,0,False,Wh,103,0.0
142815,15,2025-02-24T09:15:00+08:00,19769450,0,False,Wh,103,0.0
142815,15,2025-02-24T09:30:00+08:00,19769458,0,False,Wh,103,0.0
142815,15,2025-02-24T09:45:00+08:00,19769465,0,False,Wh,103,0.0
142815,15,2025-02-24T10:00:00+08:00,19769473,0,False,Wh,103,0.0
142815,15,2025-02-24T10:15:00+08:00,19769481,0,False,Wh,103,0.0
142815,15,2025-02-24T10:30:00+08:00,19769488,0,False,Wh,103,0.0
142815,15,2025-02-24T10:45:00+08:00,19769496,0,False,Wh,103,0.0
142815,15,2025-02-24T11:00:00+08:00,19769503,0,False,Wh,103,0.0
142815,15,2025-02-24T11:15:00+08:00,19769511,0,False,Wh,103,0.0
142815,15,2025-02-24T11:30:00+08:00,19769519,0,False,Wh,103,0.0
142815,15,2025-02-24T11:45:00+08:00,19769526,0,False,Wh,103,0.0
142815,15,2025-02-24T12:00:00+08:00,19769633,0,False,Wh,103,0.0
142815,15,2025-02-24T12:15:00+08:00,19769994,0,False,Wh,103,0.0
142815,15,2025-02-24T12:30:00+08:00,19770002,0,False,Wh,103,0.0
142815,15,2025-02-24T12:45:00+08:00,19770010,0,False,Wh,103,0.0
142815,15,2025-02-24T13:00:00+08:00,19770017,0,False,Wh,103,0.0
142815,15,2025-02-24T13:15:00+08:00,19770033,0,False,Wh,103,0.0
142815,15,2025-02-24T13:30:00+08:00,19770045,0,False,Wh,103,0.0
142815,15,2025-02-24T13:45:00+08:00,19770053,0,False,Wh,103,0.0
142815,15,2025-02-24T14:00:00+08:00,19770060,0,False,Wh,103,0.0
142815,15,2025-02-24T14:15:00+08:00,19770068,0,False,Wh,103,0.0
142815,15,2025-02-24T14:30:00+08:00,19770086,0,False,Wh,103,0.0
142815,15,2025-02-24T14:45:00+08:00,19770097,0,False,Wh,103,0.0
142815,15,2025-02-24T15:00:00+08:00,19770105,0,False,Wh,103,0.0
142815,15,2025-02-24T15:15:00+08:00,19770112,0,False,Wh,103,0.0
142815,15,2025-02-24T15:30:00+08:00,19770130,0,False,Wh,103,0.0
142815,15,2025-02-24T15:45:00+08:00,19770142,0,False,Wh,103,0.0
142815,15,2025-02-24T16:00:00+08:00,19770150,0,False,Wh,103,0.0
142815,15,2025-02-24T16:15:00+08:00,19770159,0,False,Wh,103,0.0
142815,15,2025-02-24T16:30:00+08:00,19770177,0,False,Wh,103,0.0
142815,15,2025-02-24T16:45:00+08:00,19770189,0,False,Wh,103,0.0
142815,15,2025-02-24T17:00:00+08:00,19770197,0,False,Wh,103,0.0
142815,15,2025-02-24T17:15:00+08:00,19770208,0,False,Wh,103,0.0
142815,15,2025-02-24T17:30:00+08:00,19770226,0,False,Wh,103,0.0
142815,15,2025-02-24T17:45:00+08:00,19770237,0,False,Wh,103,0.0
142815,15,2025-02-24T18:00:00+08:00,19770244,0,False,Wh,103,0.0
142815,15,2025-02-24T18:15:00+08:00,19770655,0,False,Wh,103,0.0
142815,15,2025-02-24T18:30:00+08:00,19770798,0,False,Wh,103,0.0
142815,15,2025-02-24T18:45:00+08:00,19770846,0,False,Wh,103,0.0
142815,15,2025-02-24T19:00:00+08:00,19770904,0,False,Wh,103,0.0
142815,15,2025-02-24T19:15:00+08:00,19771002,0,False,Wh,103,0.0
142815,15,2025-02-24T19:30:00+08:00,19771605,0,False,Wh,103,0.0
142815,15,2025-02-24T19:45:00+08:00,19771703,0,False,Wh,103,0.0
142815,15,2025-02-24T20:00:00+08:00,19771757,0,False,Wh,103,0.0
142815,15,2025-02-24T20:15:00+08:00,19772532,0,False,Wh,103,0.0
142815,15,2025-02-24T20:30:00+08:00,19772947,0,False,Wh,103,0.0
142815,15,2025-02-24T20:45:00+08:00,19773209,0,False,Wh,103,0.0
142815,15,2025-02-24T21:00:00+08:00,19773445,0,False,Wh,103,0.0
142815,15,2025-02-24T21:15:00+08:00,19773657,0,False,Wh,103,0.0
142815,15,2025-02-24T21:30:00+08:00,19773852,0,False,Wh,103,0.0
142815,15,2025-02-24T21:45:00+08:00,19774034,0,False,Wh,103,0.0
142815,15,2025-02-24T22:00:00+08:00,19774196,0,False,Wh,103,0.0
142815,15,2025-02-24T22:15:00+08:00,19774724,0,False,Wh,103,0.0
142815,15,2025-02-24T22:30:00+08:00,19774874,0,False,Wh,103,0.0
142815,15,2025-02-24T22:45:00+08:00,19775032,0,False,Wh,103,0.0
142815,15,2025-02-24T23:00:00+08:00,19775174,0,False,Wh,103,0.0
142815,15,2025-02-24T23:15:00+08:00,19775304,0,False,Wh,103,0.0
142815,15,2025-02-24T23:30:00+08:00,19775422,0,False,Wh,103,0.0
142815,15,2025-02-24T23:45:00+08:00,19775535,0,False,Wh,103,0.0
142815,15,2025-02-25T00:00:00+08:00,19775645,0,False,Wh,103,0.0
142815,15,2025-02-25T00:15:00+08:00,19775741,0,False,Wh,103,0.0
142815,15,2025-02-25T00:30:00+08:00,19775819,0,False,Wh,103,0.0
142815,15,2025-02-25T00:45:00+08:00,19775890,0,False,Wh,103,0.0
142815,15,2025-02-25T01:00:00+08:00,19775966,0,False,Wh,103,0.0
142815,15,2025-02-25T01:15:00+08:00,19776049,0,False,Wh,103,0.0
142815,15,2025-02-25T01:30:00+08:00,19776126,0,False,Wh,103,0.0
142815,15,2025-02-25T01:45:00+08:00,19776192,0,False,Wh,103,0.0
142815,15,2025-02-25T02:00:00+08:00,19776270,0,False,Wh,103,0.0
142815,15,2025-02-25T02:15:00+08:00,19776348,0,False,Wh,103,0.0
142815,15,2025-02-25T02:30:00+08:00,19776411,0,False,Wh,103,0.0
142815,15,2025-02-25T02:45:00+08:00,19776488,0,False,Wh,103,0.0
142815,15,2025-02-25T03:00:00+08:00,19776560,0,False,Wh,103,0.0
142815,15,2025-02-25T03:15:00+08:00,19776629,0,False,Wh,103,0.0
142815,15,2025-02-25T03:30:00+08:00,19776671,0,False,Wh,103,0.0
142815,15,2025-02-25T03:45:00+08:00,19776709,0,False,Wh,103,0.0
142815,15,2025-02-25T04:00:00+08:00,19776762,0,False,Wh,103,0.0
142815,15,2025-02-25T04:15:00+08:00,19776811,0,False,Wh,103,0.0
142815,15,2025-02-25T04:30:00+08:00,19776855,0,False,Wh,103,0.0
142815,15,2025-02-25T04:45:00+08:00,19776907,0,False,Wh,103,0.0
142815,15,2025-02-25T05:00:00+08:00,19776954,0,False,Wh,103,0.0
142815,15,2025-02-25T05:15:00+08:00,19777005,0,False,Wh,103,0.0
142815,15,2025-02-25T05:30:00+08:00,19777037,0,False,Wh,103,0.0
142815,15,2025-02-25T05:45:00+08:00,19777079,0,False,Wh,103,0.0
142815,15,2025-02-25T06:00:00+08:00,19777127,0,False,Wh,103,0.0
142815,15,2025-02-25T06:15:00+08:00,19777174,0,False,Wh,103,0.0
142815,15,2025-02-25T06:30:00+08:00,19777538,0,False,Wh,103,0.0
142815,15,2025-02-25T06:45:00+08:00,19778421,0,False,Wh,103,0.0
142815,15,2025-02-25T07:00:00+08:00,19778575,0,False,Wh,103,0.0
142815,15,2025-02-25T07:15:00+08:00,19778605,0,False,Wh,103,0.0
142815,15,2025-02-25T07:30:00+08:00,19778633,0,False,Wh,103,0.0
142815,15,2025-02-25T07:45:00+08:00,19778647,0,False,Wh,103,0.0
142815,15,2025-02-25T08:00:00+08:00,19778660,0,False,Wh,103,0.0
142815,15,2025-02-25T08:15:00+08:00,19778684,0,False,Wh,103,0.0
142815,15,2025-02-25T08:30:00+08:00,19778711,0,False,Wh,103,0.0
142815,15,2025-02-25T08:45:00+08:00,19778726,0,False,Wh,103,0.0
142815,15,2025-02-25T09:00:00+08:00,19778740,0,False,Wh,103,0.0
142815,15,2025-02-25T09:15:00+08:00,19778759,0,False,Wh,103,0.0
142815,15,2025-02-25T09:30:00+08:00,19778786,0,False,Wh,103,0.0
142815,15,2025-02-25T09:45:00+08:00,19778805,0,False,Wh,103,0.0
142815,15,2025-02-25T10:00:00+08:00,19778819,0,False,Wh,103,0.0
142815,15,2025-02-25T10:15:00+08:00,19778834,0,False,Wh,103,0.0
142815,15,2025-02-25T10:30:00+08:00,19778861,0,False,Wh,103,0.0
142815,15,2025-02-25T10:45:00+08:00,19778884,0,False,Wh,103,0.0
142815,15,2025-02-25T11:00:00+08:00,19778897,0,False,Wh,103,0.0
142815,15,2025-02-25T11:15:00+08:00,19778911,0,False,Wh,103,0.0
142815,15,2025-02-25T11:30:00+08:00,19778937,0,False,Wh,103,0.0
142815,15,2025-02-25T11:45:00+08:00,19778960,0,False,Wh,103,0.0
142815,15,2025-02-25T12:00:00+08:00,19778974,0,False,Wh,103,0.0
142815,15,2025-02-25T12:15:00+08:00,19778994,0,False,Wh,103,0.0
142815,15,2025-02-25T12:30:00+08:00,19779169,0,False,Wh,103,0.0
142815,15,2025-02-25T12:45:00+08:00,19779606,0,False,Wh,103,0.0
142815,15,2025-02-25T13:00:00+08:00,19780258,0,False,Wh,103,0.0
142815,15,2025-02-25T13:15:00+08:00,19780324,0,False,Wh,103,0.0
142815,15,2025-02-25T13:30:00+08:00,19780380,0,False,Wh,103,0.0
142815,15,2025-02-25T13:45:00+08:00,19780439,0,False,Wh,103,0.0
142815,15,2025-02-25T14:00:00+08:00,19780487,0,False,Wh,103,0.0
142815,15,2025-02-25T14:15:00+08:00,19780540,0,False,Wh,103,0.0
142815,15,2025-02-25T14:30:00+08:00,19780585,0,False,Wh,103,0.0
142815,15,2025-02-25T14:45:00+08:00,19780628,0,False,Wh,103,0.0
142815,15,2025-02-25T15:00:00+08:00,19780675,0,False,Wh,103,0.0
142815,15,2025-02-25T15:15:00+08:00,19780728,0,False,Wh,103,0.0
142815,15,2025-02-25T15:30:00+08:00,19781166,0,False,Wh,103,0.0
142815,15,2025-02-25T15:45:00+08:00,19781372,0,False,Wh,103,0.0
142815,15,2025-02-25T16:00:00+08:00,19781382,0,False,Wh,103,0.0
142815,15,2025-02-25T16:15:00+08:00,19781400,0,False,Wh,103,0.0
142815,15,2025-02-25T16:30:00+08:00,19781416,0,False,Wh,103,0.0
142815,15,2025-02-25T16:45:00+08:00,19781424,0,False,Wh,103,0.0
142815,15,2025-02-25T17:00:00+08:00,19781431,0,False,Wh,103,0.0
142815,15,2025-02-25T17:15:00+08:00,19781446,0,False,Wh,103,0.0
142815,15,2025-02-25T17:30:00+08:00,19781464,0,False,Wh,103,0.0
142815,15,2025-02-25T17:45:00+08:00,19781482,0,False,Wh,103,0.0
142815,15,2025-02-25T18:00:00+08:00,19781607,0,False,Wh,103,0.0
142815,15,2025-02-25T18:15:00+08:00,19781898,0,False,Wh,103,0.0
142815,15,2025-02-25T18:30:00+08:00,19781915,0,False,Wh,103,0.0
142815,15,2025-02-25T18:45:00+08:00,19781932,0,False,Wh,103,0.0
142815,15,2025-02-25T19:00:00+08:00,19781940,0,False,Wh,103,0.0
142815,15,2025-02-25T19:15:00+08:00,19781950,0,False,Wh,103,0.0
142815,15,2025-02-25T19:30:00+08:00,19781968,0,False,Wh,103,0.0
142815,15,2025-02-25T19:45:00+08:00,19781985,0,False,Wh,103,0.0
142815,15,2025-02-25T20:00:00+08:00,19781998,0,False,Wh,103,0.0
142815,15,2025-02-25T20:15:00+08:00,19782840,0,False,Wh,103,0.0
142815,15,2025-02-25T20:30:00+08:00,19783677,0,False,Wh,103,0.0
142815,15,2025-02-25T20:45:00+08:00,19783965,0,False,Wh,103,0.0
142815,15,2025-02-25T21:00:00+08:00,19784221,0,False,Wh,103,0.0
142815,15,2025-02-25T21:15:00+08:00,19784436,0,False,Wh,103,0.0
142815,15,2025-02-25T21:30:00+08:00,19784655,0,False,Wh,103,0.0
142815,15,2025-02-25T21:45:00+08:00,19784831,0,False,Wh,103,0.0
142815,15,2025-02-25T22:00:00+08:00,19784859,0,False,Wh,103,0.0
142815,15,2025-02-25T22:15:00+08:00,19784880,0,False,Wh,103,0.0
142815,15,2025-02-25T22:30:00+08:00,19784898,0,False,Wh,103,0.0
142815,15,2025-02-25T22:45:00+08:00,19784917,0,False,Wh,103,0.0
142815,15,2025-02-25T23:00:00+08:00,19784934,0,False,Wh,103,0.0
142815,15,2025-02-25T23:15:00+08:00,19784955,0,False,Wh,103,0.0
142815,15,2025-02-25T23:30:00+08:00,19785001,0,False,Wh,103,0.0
142815,15,2025-02-25T23:45:00+08:00,19785061,0,False,Wh,103,0.0
142815,15,2025-02-26T00:00:00+08:00,19785111,0,False,Wh,103,0.0
142815,15,2025-02-26T00:15:00+08:00,19785157,0,False,Wh,103,0.0
142815,15,2025-02-26T00:30:00+08:00,19785188,0,False,Wh,103,0.0
142815,15,2025-02-26T00:45:00+08:00,19785220,0,False,Wh,103,0.0
142815,15,2025-02-26T01:00:00+08:00,19785239,0,False,Wh,103,0.0
142815,15,2025-02-26T01:15:00+08:00,19785264,0,False,Wh,103,0.0
142815,15,2025-02-26T01:30:00+08:00,19785284,0,False,Wh,103,0.0
142815,15,2025-02-26T01:45:00+08:00,19785300,0,False,Wh,103,0.0
142815,15,2025-02-26T02:00:00+08:00,19785316,0,False,Wh,103,0.0
142815,15,2025-02-26T02:15:00+08:00,19785341,0,False,Wh,103,0.0
142815,15,2025-02-26T02:30:00+08:00,19785756,0,False,Wh,103,0.0
142815,15,2025-02-26T02:45:00+08:00,19785771,0,False,Wh,103,0.0
142815,15,2025-02-26T03:00:00+08:00,19785785,0,False,Wh,103,0.0
142815,15,2025-02-26T03:15:00+08:00,19785809,0,False,Wh,103,0.0
142815,15,2025-02-26T03:30:00+08:00,19785833,0,False,Wh,103,0.0
142815,15,2025-02-26T03:45:00+08:00,19785848,0,False,Wh,103,0.0
142815,15,2025-02-26T04:00:00+08:00,19785862,0,False,Wh,103,0.0
142815,15,2025-02-26T04:15:00+08:00,19785887,0,False,Wh,103,0.0
142815,15,2025-02-26T04:30:00+08:00,19785910,0,False,Wh,103,0.0
142815,15,2025-02-26T04:45:00+08:00,19785925,0,False,Wh,103,0.0
142815,15,2025-02-26T05:00:00+08:00,19785939,0,False,Wh,103,0.0
142815,15,2025-02-26T05:15:00+08:00,19785962,0,False,Wh,103,0.0
142815,15,2025-02-26T05:30:00+08:00,19785984,0,False,Wh,103,0.0
142815,15,2025-02-26T05:45:00+08:00,19785998,0,False,Wh,103,0.0
142815,15,2025-02-26T06:00:00+08:00,19786012,0,False,Wh,103,0.0
142815,15,2025-02-26T06:15:00+08:00,19786036,0,False,Wh,103,0.0
142815,15,2025-02-26T06:30:00+08:00,19786610,0,False,Wh,103,0.0
142815,15,2025-02-26T06:45:00+08:00,19787639,0,False,Wh,103,0.0
142815,15,2025-02-26T07:00:00+08:00,19788177,0,False,Wh,103,0.0
142815,15,2025-02-26T07:15:00+08:00,19788433,0,False,Wh,103,0.0
142815,15,2025-02-26T07:30:00+08:00,19788525,0,False,Wh,103,0.0
142815,15,2025-02-26T07:45:00+08:00,19788549,0,False,Wh,103,0.0
142815,15,2025-02-26T08:00:00+08:00,19788578,0,False,Wh,103,0.0
142815,15,2025-02-26T08:15:00+08:00,19788684,0,False,Wh,103,0.0
142815,15,2025-02-26T08:30:00+08:00,19788740,0,False,Wh,103,0.0
142815,15,2025-02-26T08:45:00+08:00,19789024,0,False,Wh,103,0.0
142815,15,2025-02-26T09:00:00+08:00,19789393,0,False,Wh,103,0.0
142815,15,2025-02-26T09:15:00+08:00,19789406,0,False,Wh,103,0.0
142815,15,2025-02-26T09:30:00+08:00,19789424,0,False,Wh,103,0.0
142815,15,2025-02-26T09:45:00+08:00,19789440,0,False,Wh,103,0.0
142815,15,2025-02-26T10:00:00+08:00,19789448,0,False,Wh,103,0.0
142815,15,2025-02-26T10:15:00+08:00,19789458,0,False,Wh,103,0.0
142815,15,2025-02-26T10:30:00+08:00,19789476,0,False,Wh,103,0.0
142815,15,2025-02-26T10:45:00+08:00,19789492,0,False,Wh,103,0.0
142815,15,2025-02-26T11:00:00+08:00,19789500,0,False,Wh,103,0.0
142815,15,2025-02-26T11:15:00+08:00,19789510,0,False,Wh,103,0.0
142815,15,2025-02-26T11:30:00+08:00,19789527,0,False,Wh,103,0.0
142815,15,2025-02-26T11:45:00+08:00,19789543,0,False,Wh,103,0.0
142815,15,2025-02-26T12:00:00+08:00,19789550,0,False,Wh,103,0.0
142815,15,2025-02-26T12:15:00+08:00,19789561,0,False,Wh,103,0.0
142815,15,2025-02-26T12:30:00+08:00,19789578,0,False,Wh,103,0.0
142815,15,2025-02-26T12:45:00+08:00,19789593,0,False,Wh,103,0.0
142815,15,2025-02-26T13:00:00+08:00,19789600,0,False,Wh,103,0.0
142815,15,2025-02-26T13:15:00+08:00,19789611,0,False,Wh,103,0.0
142815,15,2025-02-26T13:30:00+08:00,19789628,0,False,Wh,103,0.0
142815,15,2025-02-26T13:45:00+08:00,19789642,0,False,Wh,103,0.0
142815,15,2025-02-26T14:00:00+08:00,19789650,0,False,Wh,103,0.0
142815,15,2025-02-26T14:15:00+08:00,19789662,0,False,Wh,103,0.0
142815,15,2025-02-26T14:30:00+08:00,19789679,0,False,Wh,103,0.0
142815,15,2025-02-26T14:45:00+08:00,19789692,0,False,Wh,103,0.0
142815,15,2025-02-26T15:00:00+08:00,19789700,0,False,Wh,103,0.0
142815,15,2025-02-26T15:15:00+08:00,19789713,0,False,Wh,103,0.0
142815,15,2025-02-26T15:30:00+08:00,19789731,0,False,Wh,103,0.0
142815,15,2025-02-26T15:45:00+08:00,19789743,0,False,Wh,103,0.0
142815,15,2025-02-26T16:00:00+08:00,19789751,0,False,Wh,103,0.0
142815,15,2025-02-26T16:15:00+08:00,19789765,0,False,Wh,103,0.0
142815,15,2025-02-26T16:30:00+08:00,19789782,0,False,Wh,103,0.0
142815,15,2025-02-26T16:45:00+08:00,19789794,0,False,Wh,103,0.0
142815,15,2025-02-26T17:00:00+08:00,19790044,0,False,Wh,103,0.0
142815,15,2025-02-26T17:15:00+08:00,19790581,0,False,Wh,103,0.0
142815,15,2025-02-26T17:30:00+08:00,19790631,0,False,Wh,103,0.0
142815,15,2025-02-26T17:45:00+08:00,19790674,0,False,Wh,103,0.0
142815,15,2025-02-26T18:00:00+08:00,19790714,0,False,Wh,103,0.0
142815,15,2025-02-26T18:15:00+08:00,19790762,0,False,Wh,103,0.0
142815,15,2025-02-26T18:30:00+08:00,19790812,0,False,Wh,103,0.0
142815,15,2025-02-26T18:45:00+08:00,19790855,0,False,Wh,103,0.0
142815,15,2025-02-26T19:00:00+08:00,19791332,0,False,Wh,103,0.0
142815,15,2025-02-26T19:15:00+08:00,19791882,0,False,Wh,103,0.0
142815,15,2025-02-26T19:30:00+08:00,19792399,0,False,Wh,103,0.0
142815,15,2025-02-26T19:45:00+08:00,19793222,0,False,Wh,103,0.0
142815,15,2025-02-26T20:00:00+08:00,19793542,0,False,Wh,103,0.0
142815,15,2025-02-26T20:15:00+08:00,19793848,0,False,Wh,103,0.0
142815,15,2025-02-26T20:30:00+08:00,19794142,0,False,Wh,103,0.0
142815,15,2025-02-26T20:45:00+08:00,19794391,0,False,Wh,103,0.0
142815,15,2025-02-26T21:00:00+08:00,19794636,0,False,Wh,103,0.0
142815,15,2025-02-26T21:15:00+08:00,19794885,0,False,Wh,103,0.0
142815,15,2025-02-26T21:30:00+08:00,19795122,0,False,Wh,103,0.0
142815,15,2025-02-26T21:45:00+08:00,19795340,0,False,Wh,103,0.0
142815,15,2025-02-26T22:00:00+08:00,19795524,0,False,Wh,103,0.0
142815,15,2025-02-26T22:15:00+08:00,19795710,0,False,Wh,103,0.0
142815,15,2025-02-26T22:30:00+08:00,19795900,0,False,Wh,103,0.0
142815,15,2025-02-26T22:45:00+08:00,19796040,0,False,Wh,103,0.0
142815,15,2025-02-26T23:00:00+08:00,19796193,0,False,Wh,103,0.0
142815,15,2025-02-26T23:15:00+08:00,19796353,0,False,Wh,103,0.0
142815,15,2025-02-26T23:30:00+08:00,19796513,0,False,Wh,103,0.0
142815,15,2025-02-26T23:45:00+08:00,19796664,0,False,Wh,103,0.0
142815,15,2025-02-27T00:00:00+08:00,19796819,0,False,Wh,103,0.0
142815,15,2025-02-27T00:15:00+08:00,19796978,0,False,Wh,103,0.0
142815,15,2025-02-27T00:30:00+08:00,19797125,0,False,Wh,103,0.0
142815,15,2025-02-27T00:45:00+08:00,19797240,0,False,Wh,103,0.0
142815,15,2025-02-27T01:00:00+08:00,19797319,0,False,Wh,103,0.0
142815,15,2025-02-27T01:15:00+08:00,19797392,0,False,Wh,103,0.0
142815,15,2025-02-27T01:30:00+08:00,19797472,0,False,Wh,103,0.0
142815,15,2025-02-27T01:45:00+08:00,19797554,0,False,Wh,103,0.0
142815,15,2025-02-27T02:00:00+08:00,19797628,0,False,Wh,103,0.0
142815,15,2025-02-27T02:15:00+08:00,19798124,0,False,Wh,103,0.0
142815,15,2025-02-27T02:30:00+08:00,19798191,0,False,Wh,103,0.0
142815,15,2025-02-27T02:45:00+08:00,19798266,0,False,Wh,103,0.0
142815,15,2025-02-27T03:00:00+08:00,19798334,0,False,Wh,103,0.0
142815,15,2025-02-27T03:15:00+08:00,19798405,0,False,Wh,103,0.0
142815,15,2025-02-27T03:30:00+08:00,19798476,0,False,Wh,103,0.0
142815,15,2025-02-27T03:45:00+08:00,19798551,0,False,Wh,103,0.0
142815,15,2025-02-27T04:00:00+08:00,19798636,0,False,Wh,103,0.0
142815,15,2025-02-27T04:15:00+08:00,19798720,0,False,Wh,103,0.0
142815,15,2025-02-27T04:30:00+08:00,19798805,0,False,Wh,103,0.0
142815,15,2025-02-27T04:45:00+08:00,19798885,0,False,Wh,103,0.0
142815,15,2025-02-27T05:00:00+08:00,19798970,0,False,Wh,103,0.0
142815,15,2025-02-27T05:15:00+08:00,19799036,0,False,Wh,103,0.0
142815,15,2025-02-27T05:30:00+08:00,19799106,0,False,Wh,103,0.0
142815,15,2025-02-27T05:45:00+08:00,19799186,0,False,Wh,103,0.0
142815,15,2025-02-27T06:00:00+08:00,19799270,0,False,Wh,103,0.0
142815,15,2025-02-27T06:15:00+08:00,19799335,0,False,Wh,103,0.0
142815,15,2025-02-27T06:30:00+08:00,19799353,0,False,Wh,103,0.0
142815,15,2025-02-27T06:45:00+08:00,19799375,0,False,Wh,103,0.0
142815,15,2025-02-27T07:00:00+08:00,19799389,0,False,Wh,103,0.0
142815,15,2025-02-27T07:15:00+08:00,19799397,0,False,Wh,103,0.0
142815,15,2025-02-27T07:30:00+08:00,19799413,0,False,Wh,103,0.0
142815,15,2025-02-27T07:45:00+08:00,19799440,0,False,Wh,103,0.0
142815,15,2025-02-27T08:00:00+08:00,19799467,0,False,Wh,103,0.0
142815,15,2025-02-27T08:15:00+08:00,19799500,0,False,Wh,103,0.0
142815,15,2025-02-27T08:30:00+08:00,19799538,0,False,Wh,103,0.0
142815,15,2025-02-27T08:45:00+08:00,19799945,0,False,Wh,103,0.0
142815,15,2025-02-27T09:00:00+08:00,19800268,0,False,Wh,103,0.0
142815,15,2025-02-27T09:15:00+08:00,19800276,0,False,Wh,103,0.0
142815,15,2025-02-27T09:30:00+08:00,19800283,0,False,Wh,103,0.0
142815,15,2025-02-27T09:45:00+08:00,19800291,0,False,Wh,103,0.0
142815,15,2025-02-27T10:00:00+08:00,19800298,0,False,Wh,103,0.0
142815,15,2025-02-27T10:15:00+08:00,19800306,0,False,Wh,103,0.0
142815,15,2025-02-27T10:30:00+08:00,19800314,0,False,Wh,103,0.0
142815,15,2025-02-27T10:45:00+08:00,19800321,0,False,Wh,103,0.0
142815,15,2025-02-27T11:00:00+08:00,19800587,0,False,Wh,103,0.0
142815,15,2025-02-27T11:15:00+08:00,19801099,0,False,Wh,103,0.0
142815,15,2025-02-27T11:30:00+08:00,19802121,0,False,Wh,103,0.0
142815,15,2025-02-27T11:45:00+08:00,19803245,0,False,Wh,103,0.0
142815,15,2025-02-27T12:00:00+08:00,19803804,0,False,Wh,103,0.0
142815,15,2025-02-27T12:15:00+08:00,19804016,0,False,Wh,103,0.0
142815,15,2025-02-27T12:30:00+08:00,19804217,0,False,Wh,103,0.0
142815,15,2025-02-27T12:45:00+08:00,19804419,0,False,Wh,103,0.0
142815,15,2025-02-27T13:00:00+08:00,19804627,0,False,Wh,103,0.0
142815,15,2025-02-27T13:15:00+08:00,19804825,0,False,Wh,103,0.0
142815,15,2025-02-27T13:30:00+08:00,19804988,0,False,Wh,103,0.0
142815,15,2025-02-27T13:45:00+08:00,19805133,0,False,Wh,103,0.0
142815,15,2025-02-27T14:00:00+08:00,19805255,0,False,Wh,103,0.0
142815,15,2025-02-27T14:15:00+08:00,19805264,0,False,Wh,103,0.0
142815,15,2025-02-27T14:30:00+08:00,19805281,0,False,Wh,103,0.0
142815,15,2025-02-27T14:45:00+08:00,19805293,0,False,Wh,103,0.0
142815,15,2025-02-27T15:00:00+08:00,19805301,0,False,Wh,103,0.0
142815,15,2025-02-27T15:15:00+08:00,19805309,0,False,Wh,103,0.0
142815,15,2025-02-27T15:30:00+08:00,19805326,0,False,Wh,103,0.0
142815,15,2025-02-27T15:45:00+08:00,19805340,0,False,Wh,103,0.0
142815,15,2025-02-27T16:00:00+08:00,19805347,0,False,Wh,103,0.0
142815,15,2025-02-27T16:15:00+08:00,19805356,0,False,Wh,103,0.0
142815,15,2025-02-27T16:30:00+08:00,19805373,0,False,Wh,103,0.0
142815,15,2025-02-27T16:45:00+08:00,19805387,0,False,Wh,103,0.0
142815,15,2025-02-27T17:00:00+08:00,19805395,0,False,Wh,103,0.0
142815,15,2025-02-27T17:15:00+08:00,19805404,0,False,Wh,103,0.0
142815,15,2025-02-27T17:30:00+08:00,19805421,0,False,Wh,103,0.0
142815,15,2025-02-27T17:45:00+08:00,19805435,0,False,Wh,103,0.0
142815,15,2025-02-27T18:00:00+08:00,19805443,0,False,Wh,103,0.0
142815,15,2025-02-27T18:15:00+08:00,19805979,0,False,Wh,103,0.0
142815,15,2025-02-27T18:30:00+08:00,19806298,0,False,Wh,103,0.0
142815,15,2025-02-27T18:45:00+08:00,19806370,0,False,Wh,103,0.0
142815,15,2025-02-27T19:00:00+08:00,19806442,0,False,Wh,103,0.0
142815,15,2025-02-27T19:15:00+08:00,19806507,0,False,Wh,103,0.0
142815,15,2025-02-27T19:30:00+08:00,19806581,0,False,Wh,103,0.0
142815,15,2025-02-27T19:45:00+08:00,19806637,0,False,Wh,103,0.0
142815,15,2025-02-27T20:00:00+08:00,19806694,0,False,Wh,103,0.0
142815,15,2025-02-27T20:15:00+08:00,19806750,0,False,Wh,103,0.0
142815,15,2025-02-27T20:30:00+08:00,19807372,0,False,Wh,103,0.0
142815,15,2025-02-27T20:45:00+08:00,19808041,0,False,Wh,103,0.0
142815,15,2025-02-27T21:00:00+08:00,19808575,0,False,Wh,103,0.0
142815,15,2025-02-27T21:15:00+08:00,19809097,0,False,Wh,103,0.0
142815,15,2025-02-27T21:30:00+08:00,19809544,0,False,Wh,103,0.0
142815,15,2025-02-27T21:45:00+08:00,19809664,0,False,Wh,103,0.0
142815,15,2025-02-27T22:00:00+08:00,19809728,0,False,Wh,103,0.0
142815,15,2025-02-27T22:15:00+08:00,19809772,0,False,Wh,103,0.0
142815,15,2025-02-27T22:30:00+08:00,19809816,0,False,Wh,103,0.0
142815,15,2025-02-27T22:45:00+08:00,19809860,0,False,Wh,103,0.0
142815,15,2025-02-27T23:00:00+08:00,19809891,0,False,Wh,103,0.0
142815,15,2025-02-27T23:15:00+08:00,19809930,0,False,Wh,103,0.0
142815,15,2025-02-27T23:30:00+08:00,19809983,0,False,Wh,103,0.0
142815,15,2025-02-27T23:45:00+08:00,19810238,0,False,Wh,103,0.0
142815,15,2025-02-28T00:00:00+08:00,19811300,0,False,Wh,103,0.0
142815,15,2025-02-28T00:15:00+08:00,19811652,0,False,Wh,103,0.0
142815,15,2025-02-28T00:30:00+08:00,19812036,0,False,Wh,103,0.0
142815,15,2025-02-28T00:45:00+08:00,19812241,0,False,Wh,103,0.0
142815,15,2025-02-28T01:00:00+08:00,19812416,0,False,Wh,103,0.0
142815,15,2025-02-28T01:15:00+08:00,19812588,0,False,Wh,103,0.0
142815,15,2025-02-28T01:30:00+08:00,19812728,0,False,Wh,103,0.0
142815,15,2025-02-28T01:45:00+08:00,19812849,0,False,Wh,103,0.0
142815,15,2025-02-28T02:00:00+08:00,19812967,0,False,Wh,103,0.0
142815,15,2025-02-28T02:15:00+08:00,19813079,0,False,Wh,103,0.0
142815,15,2025-02-28T02:30:00+08:00,19813169,0,False,Wh,103,0.0
142815,15,2025-02-28T02:45:00+08:00,19813251,0,False,Wh,103,0.0
142815,15,2025-02-28T03:00:00+08:00,19813329,0,False,Wh,103,0.0
142815,15,2025-02-28T03:15:00+08:00,19813409,0,False,Wh,103,0.0
142815,15,2025-02-28T03:30:00+08:00,19813498,0,False,Wh,103,0.0
142815,15,2025-02-28T03:45:00+08:00,19813594,0,False,Wh,103,0.0
142815,15,2025-02-28T04:00:00+08:00,19813694,0,False,Wh,103,0.0
142815,15,2025-02-28T04:15:00+08:00,19813786,0,False,Wh,103,0.0
142815,15,2025-02-28T04:30:00+08:00,19813871,0,False,Wh,103,0.0
142815,15,2025-02-28T04:45:00+08:00,19813940,0,False,Wh,103,0.0
142815,15,2025-02-28T05:00:00+08:00,19814012,0,False,Wh,103,0.0
142815,15,2025-02-28T05:15:00+08:00,19814090,0,False,Wh,103,0.0
142815,15,2025-02-28T05:30:00+08:00,19814165,0,False,Wh,103,0.0
142815,15,2025-02-28T05:45:00+08:00,19814228,0,False,Wh,103,0.0
142815,15,2025-02-28T06:00:00+08:00,19814290,0,False,Wh,103,0.0
142815,15,2025-02-28T06:15:00+08:00,19814363,0,False,Wh,103,0.0
142815,15,2025-02-28T06:30:00+08:00,19814425,0,False,Wh,103,0.0
142815,15,2025-02-28T06:45:00+08:00,19814484,0,False,Wh,103,0.0
142815,15,2025-02-28T07:00:00+08:00,19814552,0,False,Wh,103,0.0
142815,15,2025-02-28T07:15:00+08:00,19814644,0,False,Wh,103,0.0
142815,15,2025-02-28T07:30:00+08:00,19814722,0,False,Wh,103,0.0
142815,15,2025-02-28T07:45:00+08:00,19814765,0,False,Wh,103,0.0
142815,15,2025-02-28T08:00:00+08:00,19814822,0,False,Wh,103,0.0
142815,15,2025-02-28T08:15:00+08:00,19814874,0,False,Wh,103,0.0
142815,15,2025-02-28T09:30:00+08:00,19814961,0,False,Wh,103,0.0
142815,15,2025-02-28T09:45:00+08:00,19815815,0,False,Wh,103,0.0
142815,15,2025-02-28T10:00:00+08:00,19816735,0,False,Wh,103,0.0
142815,15,2025-02-28T10:15:00+08:00,19817190,0,False,Wh,103,0.0
142815,15,2025-02-28T10:30:00+08:00,19817649,0,False,Wh,103,0.0
142815,15,2025-02-28T10:45:00+08:00,19818068,0,False,Wh,103,0.0
142815,15,2025-02-28T11:00:00+08:00,19818129,0,False,Wh,103,0.0
142815,15,2025-02-28T11:15:00+08:00,19818139,0,False,Wh,103,0.0
142815,15,2025-02-28T11:30:00+08:00,19818146,0,False,Wh,103,0.0
142815,15,2025-02-28T11:45:00+08:00,19818154,0,False,Wh,103,0.0
142815,15,2025-02-28T12:00:00+08:00,19818171,0,False,Wh,103,0.0
142815,15,2025-02-28T12:15:00+08:00,19818180,0,False,Wh,103,0.0
142815,15,2025-02-28T12:30:00+08:00,19818187,0,False,Wh,103,0.0
142815,15,2025-02-28T12:45:00+08:00,19818194,0,False,Wh,103,0.0
142815,15,2025-02-28T13:00:00+08:00,19818206,0,False,Wh,103,0.0
142815,15,2025-02-28T13:15:00+08:00,19818222,0,False,Wh,103,0.0
142815,15,2025-02-28T13:30:00+08:00,19818236,0,False,Wh,103,0.0
142815,15,2025-02-28T13:45:00+08:00,19818253,0,False,Wh,103,0.0
142815,15,2025-02-28T14:00:00+08:00,19818269,0,False,Wh,103,0.0
142815,15,2025-02-28T14:15:00+08:00,19818286,0,False,Wh,103,0.0
142815,15,2025-02-28T14:30:00+08:00,19818303,0,False,Wh,103,0.0
142815,15,2025-02-28T14:45:00+08:00,19818320,0,False,Wh,103,0.0
142815,15,2025-02-28T15:00:00+08:00,19818337,0,False,Wh,103,0.0
142815,15,2025-02-28T15:15:00+08:00,19818353,0,False,Wh,103,0.0
142815,15,2025-02-28T15:30:00+08:00,19818390,0,False,Wh,103,0.0
142815,15,2025-02-28T15:45:00+08:00,19818430,0,False,Wh,103,0.0
142815,15,2025-02-28T16:00:00+08:00,19818751,0,False,Wh,103,0.0
142815,15,2025-02-28T16:15:00+08:00,19819294,0,False,Wh,103,0.0
142815,15,2025-02-28T16:30:00+08:00,19819599,0,False,Wh,103,0.0
142815,15,2025-02-28T16:45:00+08:00,19819899,0,False,Wh,103,0.0
142815,15,2025-02-28T17:00:00+08:00,19820184,0,False,Wh,103,0.0
142815,15,2025-02-28T17:15:00+08:00,19820459,0,False,Wh,103,0.0
142815,15,2025-02-28T17:30:00+08:00,19820728,0,False,Wh,103,0.0
142815,15,2025-02-28T17:45:00+08:00,19820992,0,False,Wh,103,0.0
142815,15,2025-02-28T18:00:00+08:00,19821017,0,False,Wh,103,0.0
142815,15,2025-02-28T18:15:00+08:00,19821024,0,False,Wh,103,0.0
142815,15,2025-02-28T18:30:00+08:00,19821036,0,False,Wh,103,0.0
142815,15,2025-02-28T18:45:00+08:00,19821054,0,False,Wh,103,0.0
142815,15,2025-02-28T19:00:00+08:00,19821066,0,False,Wh,103,0.0
142815,15,2025-02-28T19:15:00+08:00,19821073,0,False,Wh,103,0.0
142815,15,2025-02-28T19:30:00+08:00,19821084,0,False,Wh,103,0.0
142815,15,2025-02-28T19:45:00+08:00,19821102,0,False,Wh,103,0.0
142815,15,2025-02-28T20:00:00+08:00,19821114,0,False,Wh,103,0.0
142815,15,2025-02-28T20:15:00+08:00,19821615,0,False,Wh,103,0.0
142815,15,2025-02-28T20:30:00+08:00,19822323,0,False,Wh,103,0.0
142815,15,2025-02-28T20:45:00+08:00,19822549,0,False,Wh,103,0.0
142815,15,2025-02-28T21:00:00+08:00,19822750,0,False,Wh,103,0.0
142815,15,2025-02-28T21:15:00+08:00,19822943,0,False,Wh,103,0.0
142815,15,2025-02-28T21:30:00+08:00,19823122,0,False,Wh,103,0.0
142815,15,2025-02-28T21:45:00+08:00,19823298,0,False,Wh,103,0.0
142815,15,2025-02-28T22:00:00+08:00,19823424,0,False,Wh,103,0.0
142815,15,2025-02-28T22:15:00+08:00,19823563,0,False,Wh,103,0.0
142815,15,2025-02-28T22:30:00+08:00,19823729,0,False,Wh,103,0.0
142815,15,2025-02-28T22:45:00+08:00,19823886,0,False,Wh,103,0.0
142815,15,2025-02-28T23:00:00+08:00,19823989,0,False,Wh,103,0.0
142815,15,2025-02-28T23:15:00+08:00,19824065,0,False,Wh,103,0.0
142815,15,2025-02-28T23:30:00+08:00,19824152,0,False,Wh,103,0.0
142815,15,2025-02-28T23:45:00+08:00,19824236,0,False,Wh,103,0.0
142815,15,2025-03-01T00:00:00+08:00,19824315,0,False,Wh,103,0.0
142815,15,2025-03-01T00:15:00+08:00,19824393,0,False,Wh,103,0.0
142815,15,2025-03-01T00:30:00+08:00,19824477,0,False,Wh,103,0.0
142815,15,2025-03-01T00:45:00+08:00,19824577,0,False,Wh,103,0.0
142815,15,2025-03-01T01:00:00+08:00,19824667,0,False,Wh,103,0.0
142815,15,2025-03-01T01:15:00+08:00,19824750,0,False,Wh,103,0.0
142815,15,2025-03-01T01:30:00+08:00,19824828,0,False,Wh,103,0.0
142815,15,2025-03-01T01:45:00+08:00,19824909,0,False,Wh,103,0.0
142815,15,2025-03-01T02:00:00+08:00,19824987,0,False,Wh,103,0.0
142815,15,2025-03-01T02:15:00+08:00,19825049,0,False,Wh,103,0.0
142815,15,2025-03-01T02:30:00+08:00,19825107,0,False,Wh,103,0.0
142815,15,2025-03-01T02:45:00+08:00,19825162,0,False,Wh,103,0.0
142815,15,2025-03-01T03:00:00+08:00,19825219,0,False,Wh,103,0.0
142815,15,2025-03-01T03:15:00+08:00,19825273,0,False,Wh,103,0.0
142815,15,2025-03-01T03:30:00+08:00,19825316,0,False,Wh,103,0.0
142815,15,2025-03-01T03:45:00+08:00,19825369,0,False,Wh,103,0.0
142815,15,2025-03-01T04:00:00+08:00,19825638,0,False,Wh,103,0.0
142815,15,2025-03-01T04:15:00+08:00,19825963,0,False,Wh,103,0.0
142815,15,2025-03-01T04:30:00+08:00,19826004,0,False,Wh,103,0.0
142815,15,2025-03-01T04:45:00+08:00,19826055,0,False,Wh,103,0.0
142815,15,2025-03-01T05:00:00+08:00,19826111,0,False,Wh,103,0.0
142815,15,2025-03-01T05:15:00+08:00,19826145,0,False,Wh,103,0.0
142815,15,2025-03-01T05:30:00+08:00,19826177,0,False,Wh,103,0.0
142815,15,2025-03-01T05:45:00+08:00,19826224,0,False,Wh,103,0.0
142815,15,2025-03-01T06:00:00+08:00,19826275,0,False,Wh,103,0.0
142815,15,2025-03-01T06:15:00+08:00,19826312,0,False,Wh,103,0.0
142815,15,2025-03-01T06:30:00+08:00,19826340,0,False,Wh,103,0.0
142815,15,2025-03-01T06:45:00+08:00,19826400,0,False,Wh,103,0.0
142815,15,2025-03-01T07:00:00+08:00,19826428,0,False,Wh,103,0.0
142815,15,2025-03-01T07:15:00+08:00,19826438,0,False,Wh,103,0.0
142815,15,2025-03-01T07:30:00+08:00,19826455,0,False,Wh,103,0.0
142815,15,2025-03-01T07:45:00+08:00,19826476,0,False,Wh,103,0.0
142815,15,2025-03-01T08:00:00+08:00,19826492,0,False,Wh,103,0.0
142815,15,2025-03-01T08:15:00+08:00,19826499,0,False,Wh,103,0.0
142815,15,2025-03-01T08:30:00+08:00,19826514,0,False,Wh,103,0.0
142815,15,2025-03-01T08:45:00+08:00,19826535,0,False,Wh,103,0.0
142815,15,2025-03-01T09:00:00+08:00,19826546,0,False,Wh,103,0.0
142815,15,2025-03-01T09:15:00+08:00,19826553,0,False,Wh,103,0.0
142815,15,2025-03-01T09:30:00+08:00,19826570,0,False,Wh,103,0.0
142815,15,2025-03-01T09:45:00+08:00,19826590,0,False,Wh,103,0.0
142815,15,2025-03-01T10:00:00+08:00,19826685,0,False,Wh,103,0.0
142815,15,2025-03-01T10:15:00+08:00,19826893,0,False,Wh,103,0.0
142815,15,2025-03-01T10:30:00+08:00,19827023,0,False,Wh,103,0.0
142815,15,2025-03-01T10:45:00+08:00,19827128,0,False,Wh,103,0.0
142815,15,2025-03-01T11:00:00+08:00,19827321,0,False,Wh,103,0.0
142815,15,2025-03-01T11:15:00+08:00,19827436,0,False,Wh,103,0.0
142815,15,2025-03-01T11:30:00+08:00,19828378,0,False,Wh,103,0.0
142815,15,2025-03-01T11:45:00+08:00,19829039,0,False,Wh,103,0.0
142815,15,2025-03-01T12:00:00+08:00,19829146,0,False,Wh,103,0.0
142815,15,2025-03-01T12:15:00+08:00,19829234,0,False,Wh,103,0.0
142815,15,2025-03-01T12:30:00+08:00,19829261,0,False,Wh,103,0.0
142815,15,2025-03-01T12:45:00+08:00,19829277,0,False,Wh,103,0.0
142815,15,2025-03-01T13:00:00+08:00,19829307,0,False,Wh,103,0.0
142815,15,2025-03-01T13:15:00+08:00,19829336,0,False,Wh,103,0.0
142815,15,2025-03-01T13:30:00+08:00,19829359,0,False,Wh,103,0.0
142815,15,2025-03-01T13:45:00+08:00,19829807,0,False,Wh,103,0.0
142815,15,2025-03-01T14:00:00+08:00,19829814,0,False,Wh,103,0.0
142815,15,2025-03-01T14:15:00+08:00,19829830,0,False,Wh,103,0.0
142815,15,2025-03-01T14:30:00+08:00,19829981,0,False,Wh,103,0.0
142815,15,2025-03-01T14:45:00+08:00,19830466,0,False,Wh,103,0.0
142815,15,2025-03-01T15:00:00+08:00,19830950,0,False,Wh,103,0.0
142815,15,2025-03-01T15:15:00+08:00,19831414,0,False,Wh,103,0.0
142815,15,2025-03-01T15:30:00+08:00,19831552,0,False,Wh,103,0.0
142815,15,2025-03-01T15:45:00+08:00,19832116,0,False,Wh,103,0.0
142815,15,2025-03-01T16:00:00+08:00,19832129,0,False,Wh,103,0.0
142815,15,2025-03-01T16:15:00+08:00,19832137,0,False,Wh,103,0.0
142815,15,2025-03-01T16:30:00+08:00,19832144,0,False,Wh,103,0.0
142815,15,2025-03-01T16:45:00+08:00,19832151,0,False,Wh,103,0.0
142815,15,2025-03-01T17:00:00+08:00,19832159,0,False,Wh,103,0.0
142815,15,2025-03-01T17:15:00+08:00,19832166,0,False,Wh,103,0.0
142815,15,2025-03-01T17:30:00+08:00,19832174,0,False,Wh,103,0.0
142815,15,2025-03-01T17:45:00+08:00,19832182,0,False,Wh,103,0.0
142815,15,2025-03-01T18:00:00+08:00,19832190,0,False,Wh,103,0.0
142815,15,2025-03-01T18:15:00+08:00,19832197,0,False,Wh,103,0.0
142815,15,2025-03-01T18:30:00+08:00,19832214,0,False,Wh,103,0.0
142815,15,2025-03-01T18:45:00+08:00,19832225,0,False,Wh,103,0.0
142815,15,2025-03-01T19:00:00+08:00,19832233,0,False,Wh,103,0.0
142815,15,2025-03-01T19:15:00+08:00,19832240,0,False,Wh,103,0.0
142815,15,2025-03-01T19:30:00+08:00,19832255,0,False,Wh,103,0.0
142815,15,2025-03-01T19:45:00+08:00,19832269,0,False,Wh,103,0.0
142815,15,2025-03-01T20:00:00+08:00,19832277,0,False,Wh,103,0.0
142815,15,2025-03-01T20:15:00+08:00,19832284,0,False,Wh,103,0.0
142815,15,2025-03-01T20:30:00+08:00,19832301,0,False,Wh,103,0.0
142815,15,2025-03-01T20:45:00+08:00,19832314,0,False,Wh,103,0.0
142815,15,2025-03-01T21:00:00+08:00,19832322,0,False,Wh,103,0.0
142815,15,2025-03-01T21:15:00+08:00,19832348,0,False,Wh,103,0.0
142815,15,2025-03-01T21:30:00+08:00,19833192,0,False,Wh,103,0.0
142815,15,2025-03-01T21:45:00+08:00,19833770,0,False,Wh,103,0.0
142815,15,2025-03-01T22:00:00+08:00,19834007,0,False,Wh,103,0.0
142815,15,2025-03-01T22:15:00+08:00,19834223,0,False,Wh,103,0.0
142815,15,2025-03-01T22:30:00+08:00,19834424,0,False,Wh,103,0.0
142815,15,2025-03-01T22:45:00+08:00,19834592,0,False,Wh,103,0.0
142815,15,2025-03-01T23:00:00+08:00,19834745,0,False,Wh,103,0.0
142815,15,2025-03-01T23:15:00+08:00,19834904,0,False,Wh,103,0.0
142815,15,2025-03-01T23:30:00+08:00,19835059,0,False,Wh,103,0.0
142815,15,2025-03-01T23:45:00+08:00,19835202,0,False,Wh,103,0.0
142815,15,2025-03-02T00:00:00+08:00,19835342,0,False,Wh,103,0.0
142815,15,2025-03-02T00:15:00+08:00,19835446,0,False,Wh,103,0.0
142815,15,2025-03-02T00:30:00+08:00,19835540,0,False,Wh,103,0.0
142815,15,2025-03-02T00:45:00+08:00,19835632,0,False,Wh,103,0.0
142815,15,2025-03-02T01:00:00+08:00,19835732,0,False,Wh,103,0.0
142815,15,2025-03-02T01:15:00+08:00,19835831,0,False,Wh,103,0.0
142815,15,2025-03-02T01:30:00+08:00,19835934,0,False,Wh,103,0.0
142815,15,2025-03-02T01:45:00+08:00,19836022,0,False,Wh,103,0.0
142815,15,2025-03-02T02:00:00+08:00,19836102,0,False,Wh,103,0.0
142815,15,2025-03-02T02:15:00+08:00,19836185,0,False,Wh,103,0.0
142815,15,2025-03-02T02:30:00+08:00,19836273,0,False,Wh,103,0.0
142815,15,2025-03-02T02:45:00+08:00,19836359,0,False,Wh,103,0.0
142815,15,2025-03-02T03:00:00+08:00,19836442,0,False,Wh,103,0.0
142815,15,2025-03-02T03:15:00+08:00,19836525,0,False,Wh,103,0.0
142815,15,2025-03-02T03:30:00+08:00,19836609,0,False,Wh,103,0.0
142815,15,2025-03-02T03:45:00+08:00,19836694,0,False,Wh,103,0.0
142815,15,2025-03-02T04:00:00+08:00,19836762,0,False,Wh,103,0.0
142815,15,2025-03-02T04:15:00+08:00,19836812,0,False,Wh,103,0.0
142815,15,2025-03-02T04:30:00+08:00,19836866,0,False,Wh,103,0.0
142815,15,2025-03-02T04:45:00+08:00,19836923,0,False,Wh,103,0.0
142815,15,2025-03-02T05:00:00+08:00,19836976,0,False,Wh,103,0.0
142815,15,2025-03-02T05:15:00+08:00,19837025,0,False,Wh,103,0.0
142815,15,2025-03-02T05:30:00+08:00,19837083,0,False,Wh,103,0.0
142815,15,2025-03-02T05:45:00+08:00,19837144,0,False,Wh,103,0.0
142815,15,2025-03-02T06:00:00+08:00,19837191,0,False,Wh,103,0.0
142815,15,2025-03-02T06:15:00+08:00,19837661,0,False,Wh,103,0.0
142815,15,2025-03-02T06:30:00+08:00,19837777,0,False,Wh,103,0.0
142815,15,2025-03-02T06:45:00+08:00,19837836,0,False,Wh,103,0.0
142815,15,2025-03-02T07:00:00+08:00,19837885,0,False,Wh,103,0.0
142815,15,2025-03-02T07:15:00+08:00,19837899,0,False,Wh,103,0.0
142815,15,2025-03-02T07:30:00+08:00,19837921,0,False,Wh,103,0.0
142815,15,2025-03-02T07:45:00+08:00,19837949,0,False,Wh,103,0.0
142815,15,2025-03-02T08:00:00+08:00,19837963,0,False,Wh,103,0.0
142815,15,2025-03-02T08:15:00+08:00,19837980,0,False,Wh,103,0.0
142815,15,2025-03-02T08:30:00+08:00,19838001,0,False,Wh,103,0.0
142815,15,2025-03-02T08:45:00+08:00,19838028,0,False,Wh,103,0.0
142815,15,2025-03-02T09:00:00+08:00,19838043,0,False,Wh,103,0.0
142815,15,2025-03-02T09:15:00+08:00,19838057,0,False,Wh,103,0.0
142815,15,2025-03-02T09:30:00+08:00,19838079,0,False,Wh,103,0.0
142815,15,2025-03-02T09:45:00+08:00,19838106,0,False,Wh,103,0.0
142815,15,2025-03-02T10:00:00+08:00,19838120,0,False,Wh,103,0.0
142815,15,2025-03-02T10:15:00+08:00,19838133,0,False,Wh,103,0.0
142815,15,2025-03-02T10:30:00+08:00,19838156,0,False,Wh,103,0.0
142815,15,2025-03-02T10:45:00+08:00,19838181,0,False,Wh,103,0.0
142815,15,2025-03-02T11:00:00+08:00,19838189,0,False,Wh,103,0.0
142815,15,2025-03-02T11:15:00+08:00,19838197,0,False,Wh,103,0.0
142815,15,2025-03-02T11:30:00+08:00,19838214,0,False,Wh,103,0.0
142815,15,2025-03-02T11:45:00+08:00,19838245,0,False,Wh,103,0.0
142815,15,2025-03-02T12:00:00+08:00,19838270,0,False,Wh,103,0.0
142815,15,2025-03-02T12:15:00+08:00,19838295,0,False,Wh,103,0.0
142815,15,2025-03-02T12:30:00+08:00,19838321,0,False,Wh,103,0.0
142815,15,2025-03-02T12:45:00+08:00,19838548,0,False,Wh,103,0.0
142815,15,2025-03-02T13:00:00+08:00,19838742,0,False,Wh,103,0.0
142815,15,2025-03-02T13:15:00+08:00,19839080,0,False,Wh,103,0.0
142815,15,2025-03-02T13:30:00+08:00,19839416,0,False,Wh,103,0.0
142815,15,2025-03-02T13:45:00+08:00,19840283,0,False,Wh,103,0.0
142815,15,2025-03-02T14:00:00+08:00,19841503,0,False,Wh,103,0.0
142815,15,2025-03-02T14:15:00+08:00,19842011,0,False,Wh,103,0.0
142815,15,2025-03-02T14:30:00+08:00,19842167,0,False,Wh,103,0.0
142815,15,2025-03-02T14:45:00+08:00,19842191,0,False,Wh,103,0.0
142815,15,2025-03-02T15:00:00+08:00,19842216,0,False,Wh,103,0.0
142815,15,2025-03-02T15:15:00+08:00,19842621,0,False,Wh,103,0.0
142815,15,2025-03-02T15:30:00+08:00,19842755,0,False,Wh,103,0.0
142815,15,2025-03-02T15:45:00+08:00,19842763,0,False,Wh,103,0.0
142815,15,2025-03-02T16:00:00+08:00,19842771,0,False,Wh,103,0.0
142815,15,2025-03-02T16:15:00+08:00,19842789,0,False,Wh,103,0.0
142815,15,2025-03-02T16:30:00+08:00,19842799,0,False,Wh,103,0.0
142815,15,2025-03-02T16:45:00+08:00,19842806,0,False,Wh,103,0.0
142815,15,2025-03-02T17:00:00+08:00,19842814,0,False,Wh,103,0.0
142815,15,2025-03-02T17:15:00+08:00,19842828,0,False,Wh,103,0.0
142815,15,2025-03-02T17:30:00+08:00,19842846,0,False,Wh,103,0.0
142815,15,2025-03-02T17:45:00+08:00,19842854,0,False,Wh,103,0.0
142815,15,2025-03-02T18:00:00+08:00,19842862,0,False,Wh,103,0.0
142815,15,2025-03-02T18:15:00+08:00,19842875,0,False,Wh,103,0.0
142815,15,2025-03-02T18:30:00+08:00,19842892,0,False,Wh,103,0.0
142815,15,2025-03-02T18:45:00+08:00,19842903,0,False,Wh,103,0.0
142815,15,2025-03-02T19:00:00+08:00,19842910,0,False,Wh,103,0.0
142815,15,2025-03-02T19:15:00+08:00,19842925,0,False,Wh,103,0.0
142815,15,2025-03-02T19:30:00+08:00,19842942,0,False,Wh,103,0.0
142815,15,2025-03-02T19:45:00+08:00,19842953,0,False,Wh,103,0.0
142815,15,2025-03-02T20:00:00+08:00,19842962,0,False,Wh,103,0.0
142815,15,2025-03-02T20:15:00+08:00,19842987,0,False,Wh,103,0.0
142815,15,2025-03-02T20:30:00+08:00,19843014,0,False,Wh,103,0.0
142815,15,2025-03-02T20:45:00+08:00,19843035,0,False,Wh,103,0.0
142815,15,2025-03-02T21:00:00+08:00,19843052,0,False,Wh,103,0.0
142815,15,2025-03-02T21:15:00+08:00,19843077,0,False,Wh,103,0.0
142815,15,2025-03-02T21:30:00+08:00,19843138,0,False,Wh,103,0.0
142815,15,2025-03-02T21:45:00+08:00,19843211,0,False,Wh,103,0.0
142815,15,2025-03-02T22:00:00+08:00,19843279,0,False,Wh,103,0.0
142815,15,2025-03-02T22:15:00+08:00,19843357,0,False,Wh,103,0.0
142815,15,2025-03-02T22:30:00+08:00,19843579,0,False,Wh,103,0.0
142815,15,2025-03-02T22:45:00+08:00,19844014,0,False,Wh,103,0.0
142815,15,2025-03-02T23:00:00+08:00,19844082,0,False,Wh,103,0.0
142815,15,2025-03-02T23:15:00+08:00,19844158,0,False,Wh,103,0.0
142815,15,2025-03-02T23:30:00+08:00,19844320,0,False,Wh,103,0.0
142815,15,2025-03-02T23:45:00+08:00,19844621,0,False,Wh,103,0.0
142815,15,2025-03-03T00:00:00+08:00,19844917,0,False,Wh,103,0.0
142815,15,2025-03-03T00:15:00+08:00,19845183,0,False,Wh,103,0.0
142815,15,2025-03-03T00:30:00+08:00,19845230,0,False,Wh,103,0.0
142815,15,2025-03-03T00:45:00+08:00,19845268,0,False,Wh,103,0.0
142815,15,2025-03-03T01:00:00+08:00,19845302,0,False,Wh,103,0.0
142815,15,2025-03-03T01:15:00+08:00,19845343,0,False,Wh,103,0.0
142815,15,2025-03-03T01:30:00+08:00,19845387,0,False,Wh,103,0.0
142815,15,2025-03-03T01:45:00+08:00,19845425,0,False,Wh,103,0.0
142815,15,2025-03-03T02:00:00+08:00,19845443,0,False,Wh,103,0.0
142815,15,2025-03-03T02:15:00+08:00,19845468,0,False,Wh,103,0.0
142815,15,2025-03-03T02:30:00+08:00,19845497,0,False,Wh,103,0.0
142815,15,2025-03-03T02:45:00+08:00,19845519,0,False,Wh,103,0.0
142815,15,2025-03-03T03:00:00+08:00,19845537,0,False,Wh,103,0.0
142815,15,2025-03-03T03:15:00+08:00,19845560,0,False,Wh,103,0.0
142815,15,2025-03-03T03:30:00+08:00,19845587,0,False,Wh,103,0.0
142815,15,2025-03-03T03:45:00+08:00,19845609,0,False,Wh,103,0.0
142815,15,2025-03-03T04:00:00+08:00,19845626,0,False,Wh,103,0.0
142815,15,2025-03-03T04:15:00+08:00,19845648,0,False,Wh,103,0.0
142815,15,2025-03-03T04:30:00+08:00,19845675,0,False,Wh,103,0.0
142815,15,2025-03-03T04:45:00+08:00,19845697,0,False,Wh,103,0.0
142815,15,2025-03-03T05:00:00+08:00,19845714,0,False,Wh,103,0.0
142815,15,2025-03-03T05:15:00+08:00,19845736,0,False,Wh,103,0.0
142815,15,2025-03-03T05:30:00+08:00,19845763,0,False,Wh,103,0.0
142815,15,2025-03-03T05:45:00+08:00,19845786,0,False,Wh,103,0.0
142815,15,2025-03-03T06:00:00+08:00,19845803,0,False,Wh,103,0.0
142815,15,2025-03-03T06:15:00+08:00,19845823,0,False,Wh,103,0.0
142815,15,2025-03-03T06:30:00+08:00,19845850,0,False,Wh,103,0.0
142815,15,2025-03-03T06:45:00+08:00,19845873,0,False,Wh,103,0.0
142815,15,2025-03-03T07:00:00+08:00,19845890,0,False,Wh,103,0.0
142815,15,2025-03-03T07:15:00+08:00,19845911,0,False,Wh,103,0.0
142815,15,2025-03-03T07:30:00+08:00,19845938,0,False,Wh,103,0.0
142815,15,2025-03-03T07:45:00+08:00,19845963,0,False,Wh,103,0.0
142815,15,2025-03-03T08:00:00+08:00,19845980,0,False,Wh,103,0.0
142815,15,2025-03-03T08:15:00+08:00,19846000,0,False,Wh,103,0.0
142815,15,2025-03-03T08:30:00+08:00,19846026,0,False,Wh,103,0.0
142815,15,2025-03-03T08:45:00+08:00,19846051,0,False,Wh,103,0.0
142815,15,2025-03-03T09:00:00+08:00,19846294,0,False,Wh,103,0.0
142815,15,2025-03-03T09:15:00+08:00,19846583,0,False,Wh,103,0.0
142815,15,2025-03-03T09:30:00+08:00,19846610,0,False,Wh,103,0.0
142815,15,2025-03-03T09:45:00+08:00,19846635,0,False,Wh,103,0.0
142815,15,2025-03-03T10:00:00+08:00,19846652,0,False,Wh,103,0.0
142815,15,2025-03-03T10:15:00+08:00,19846670,0,False,Wh,103,0.0
142815,15,2025-03-03T10:30:00+08:00,19846697,0,False,Wh,103,0.0
142815,15,2025-03-03T10:45:00+08:00,19846734,0,False,Wh,103,0.0
142815,15,2025-03-03T11:00:00+08:00,19846763,0,False,Wh,103,0.0
142815,15,2025-03-03T11:15:00+08:00,19847194,0,False,Wh,103,0.0
142815,15,2025-03-03T11:30:00+08:00,19847215,0,False,Wh,103,0.0
142815,15,2025-03-03T11:45:00+08:00,19847232,0,False,Wh,103,0.0
142815,15,2025-03-03T12:00:00+08:00,19847242,0,False,Wh,103,0.0
142815,15,2025-03-03T12:15:00+08:00,19847249,0,False,Wh,103,0.0
142815,15,2025-03-03T12:30:00+08:00,19847266,0,False,Wh,103,0.0
142815,15,2025-03-03T12:45:00+08:00,19847284,0,False,Wh,103,0.0
142815,15,2025-03-03T13:00:00+08:00,19847294,0,False,Wh,103,0.0
142815,15,2025-03-03T13:15:00+08:00,19847302,0,False,Wh,103,0.0
142815,15,2025-03-03T13:30:00+08:00,19847318,0,False,Wh,103,0.0
142815,15,2025-03-03T13:45:00+08:00,19847335,0,False,Wh,103,0.0
142815,15,2025-03-03T14:00:00+08:00,19847346,0,False,Wh,103,0.0
142815,15,2025-03-03T14:15:00+08:00,19847353,0,False,Wh,103,0.0
142815,15,2025-03-03T14:30:00+08:00,19847369,0,False,Wh,103,0.0
142815,15,2025-03-03T14:45:00+08:00,19847386,0,False,Wh,103,0.0
142815,15,2025-03-03T15:00:00+08:00,19847397,0,False,Wh,103,0.0
142815,15,2025-03-03T15:15:00+08:00,19847405,0,False,Wh,103,0.0
142815,15,2025-03-03T15:30:00+08:00,19847420,0,False,Wh,103,0.0
142815,15,2025-03-03T15:45:00+08:00,19847437,0,False,Wh,103,0.0
142815,15,2025-03-03T16:00:00+08:00,19847450,0,False,Wh,103,0.0
142815,15,2025-03-03T16:15:00+08:00,19847457,0,False,Wh,103,0.0
142815,15,2025-03-03T16:30:00+08:00,19847471,0,False,Wh,103,0.0
142815,15,2025-03-03T16:45:00+08:00,19847518,0,False,Wh,103,0.0
142815,15,2025-03-03T17:00:00+08:00,19848018,0,False,Wh,103,0.0
142815,15,2025-03-03T17:15:00+08:00,19848829,0,False,Wh,103,0.0
142815,15,2025-03-03T17:30:00+08:00,19849152,0,False,Wh,103,0.0
142815,15,2025-03-03T17:45:00+08:00,19849654,0,False,Wh,103,0.0
142815,15,2025-03-03T18:00:00+08:00,19849921,0,False,Wh,103,0.0
142815,15,2025-03-03T18:15:00+08:00,19850166,0,False,Wh,103,0.0
142815,15,2025-03-03T18:30:00+08:00,19850407,0,False,Wh,103,0.0
142815,15,2025-03-03T18:45:00+08:00,19850634,0,False,Wh,103,0.0
142815,15,2025-03-03T19:00:00+08:00,19851145,0,False,Wh,103,0.0
142815,15,2025-03-03T19:15:00+08:00,19851443,0,False,Wh,103,0.0
142815,15,2025-03-03T19:30:00+08:00,19851636,0,False,Wh,103,0.0
142815,15,2025-03-03T19:45:00+08:00,19851828,0,False,Wh,103,0.0
142815,15,2025-03-03T20:00:00+08:00,19852030,0,False,Wh,103,0.0
142815,15,2025-03-03T20:15:00+08:00,19852231,0,False,Wh,103,0.0
142815,15,2025-03-03T20:30:00+08:00,19852403,0,False,Wh,103,0.0
142815,15,2025-03-03T20:45:00+08:00,19852565,0,False,Wh,103,0.0
142815,15,2025-03-03T21:00:00+08:00,19852706,0,False,Wh,103,0.0
142815,15,2025-03-03T21:15:00+08:00,19852869,0,False,Wh,103,0.0
142815,15,2025-03-03T21:30:00+08:00,19853030,0,False,Wh,103,0.0
142815,15,2025-03-03T21:45:00+08:00,19853180,0,False,Wh,103,0.0
142815,15,2025-03-03T22:00:00+08:00,19853310,0,False,Wh,103,0.0
142815,15,2025-03-03T22:15:00+08:00,19853392,0,False,Wh,103,0.0
142815,15,2025-03-03T22:30:00+08:00,19853997,0,False,Wh,103,0.0
142815,15,2025-03-03T22:45:00+08:00,19854752,0,False,Wh,103,0.0
142815,15,2025-03-03T23:00:00+08:00,19854875,0,False,Wh,103,0.0
142815,15,2025-03-03T23:15:00+08:00,19854998,0,False,Wh,103,0.0
142815,15,2025-03-03T23:30:00+08:00,19855116,0,False,Wh,103,0.0
142815,15,2025-03-03T23:45:00+08:00,19855239,0,False,Wh,103,0.0
142816,15,2025-02-22T00:00:00+08:00,27235548,0,False,Wh,201,0.0
142816,15,2025-02-22T00:15:00+08:00,27235575,0,False,Wh,201,0.0
142816,15,2025-02-22T00:30:00+08:00,27235591,0,False,Wh,201,0.0
142816,15,2025-02-22T00:45:00+08:00,27235606,0,False,Wh,201,0.0
142816,15,2025-02-22T01:00:00+08:00,27235631,0,False,Wh,201,0.0
142816,15,2025-02-22T01:15:00+08:00,27235658,0,False,Wh,201,0.0
142816,15,2025-02-22T01:30:00+08:00,27235678,0,False,Wh,201,0.0
142816,15,2025-02-22T01:45:00+08:00,27235696,0,False,Wh,201,0.0
142816,15,2025-02-22T02:00:00+08:00,27235724,0,False,Wh,201,0.0
142816,15,2025-02-22T02:15:00+08:00,27235743,0,False,Wh,201,0.0
142816,15,2025-02-22T02:30:00+08:00,27235765,0,False,Wh,201,0.0
142816,15,2025-02-22T02:45:00+08:00,27235793,0,False,Wh,201,0.0
142816,15,2025-02-22T03:00:00+08:00,27235810,0,False,Wh,201,0.0
142816,15,2025-02-22T03:15:00+08:00,27235835,0,False,Wh,201,0.0
142816,15,2025-02-22T03:30:00+08:00,27236149,0,False,Wh,201,0.0
142816,15,2025-02-22T03:45:00+08:00,27236167,0,False,Wh,201,0.0
142816,15,2025-02-22T04:00:00+08:00,27236191,0,False,Wh,201,0.0
142816,15,2025-02-22T04:15:00+08:00,27236219,0,False,Wh,201,0.0
142816,15,2025-02-22T04:30:00+08:00,27236240,0,False,Wh,201,0.0
142816,15,2025-02-22T04:45:00+08:00,27236266,0,False,Wh,201,0.0
142816,15,2025-02-22T05:00:00+08:00,27236296,0,False,Wh,201,0.0
142816,15,2025-02-22T05:15:00+08:00,27236320,0,False,Wh,201,0.0
142816,15,2025-02-22T05:30:00+08:00,27236341,0,False,Wh,201,0.0
142816,15,2025-02-22T05:45:00+08:00,27236370,0,False,Wh,201,0.0
142816,15,2025-02-22T06:00:00+08:00,27236397,0,False,Wh,201,0.0
142816,15,2025-02-22T06:15:00+08:00,27236413,0,False,Wh,201,0.0
142816,15,2025-02-22T06:30:00+08:00,27236441,0,False,Wh,201,0.0
142816,15,2025-02-22T06:45:00+08:00,27236469,0,False,Wh,201,0.0
142816,15,2025-02-22T07:00:00+08:00,27236489,0,False,Wh,201,0.0
142816,15,2025-02-22T07:15:00+08:00,27236512,0,False,Wh,201,0.0
142816,15,2025-02-22T07:30:00+08:00,27236539,0,False,Wh,201,0.0
142816,15,2025-02-22T07:45:00+08:00,27236565,0,False,Wh,201,0.0
142816,15,2025-02-22T08:00:00+08:00,27236582,0,False,Wh,201,0.0
142816,15,2025-02-22T08:15:00+08:00,27236611,0,False,Wh,201,0.0
142816,15,2025-02-22T08:30:00+08:00,27236717,0,False,Wh,201,0.0
142816,15,2025-02-22T08:45:00+08:00,27237092,0,False,Wh,201,0.0
142816,15,2025-02-22T09:00:00+08:00,27237122,0,False,Wh,201,0.0
142816,15,2025-02-22T09:15:00+08:00,27237537,0,False,Wh,201,0.0
142816,15,2025-02-22T09:30:00+08:00,27238451,0,False,Wh,201,0.0
142816,15,2025-02-22T09:45:00+08:00,27239070,0,False,Wh,201,0.0
142816,15,2025-02-22T10:00:00+08:00,27239109,0,False,Wh,201,0.0
142816,15,2025-02-22T10:15:00+08:00,27239150,0,False,Wh,201,0.0
142816,15,2025-02-22T10:30:00+08:00,27239198,0,False,Wh,201,0.0
142816,15,2025-02-22T10:45:00+08:00,27239246,0,False,Wh,201,0.0
142816,15,2025-02-22T11:00:00+08:00,27239394,0,False,Wh,201,0.0
142816,15,2025-02-22T11:15:00+08:00,27239622,0,False,Wh,201,0.0
142816,15,2025-02-22T11:30:00+08:00,27239858,0,False,Wh,201,0.0
142816,15,2025-02-22T11:45:00+08:00,27240092,0,False,Wh,201,0.0
142816,15,2025-02-22T12:00:00+08:00,27240320,0,False,Wh,201,0.0
142816,15,2025-02-22T12:15:00+08:00,27240550,0,False,Wh,201,0.0
142816,15,2025-02-22T12:30:00+08:00,27240755,0,False,Wh,201,0.0
142816,15,2025-02-22T12:45:00+08:00,27240956,0,False,Wh,201,0.0
142816,15,2025-02-22T13:00:00+08:00,27241172,0,False,Wh,201,0.0
142816,15,2025-02-22T13:15:00+08:00,27241326,0,False,Wh,201,0.0
142816,15,2025-02-22T13:30:00+08:00,27241667,0,False,Wh,201,0.0
142816,15,2025-02-22T13:45:00+08:00,27242023,0,False,Wh,201,0.0
142816,15,2025-02-22T14:00:00+08:00,27242175,0,False,Wh,201,0.0
142816,15,2025-02-22T14:15:00+08:00,27242325,0,False,Wh,201,0.0
142816,15,2025-02-22T14:30:00+08:00,27242471,0,False,Wh,201,0.0
142816,15,2025-02-22T14:45:00+08:00,27242618,0,False,Wh,201,0.0
142816,15,2025-02-22T15:00:00+08:00,27242781,0,False,Wh,201,0.0
142816,15,2025-02-22T15:15:00+08:00,27242969,0,False,Wh,201,0.0
142816,15,2025-02-22T15:30:00+08:00,27243153,0,False,Wh,201,0.0
142816,15,2025-02-22T15:45:00+08:00,27243354,0,False,Wh,201,0.0
142816,15,2025-02-22T16:00:00+08:00,27243555,0,False,Wh,201,0.0
142816,15,2025-02-22T16:15:00+08:00,27243771,0,False,Wh,201,0.0
142816,15,2025-02-22T16:30:00+08:00,27243983,0,False,Wh,201,0.0
142816,15,2025-02-22T16:45:00+08:00,27244181,0,False,Wh,201,0.0
142816,15,2025-02-22T17:00:00+08:00,27244375,0,False,Wh,201,0.0
142816,15,2025-02-22T17:15:00+08:00,27244576,0,False,Wh,201,0.0
142816,15,2025-02-22T17:30:00+08:00,27244780,0,False,Wh,201,0.0
142816,15,2025-02-22T17:45:00+08:00,27244976,0,False,Wh,201,0.0
142816,15,2025-02-22T18:00:00+08:00,27245072,0,False,Wh,201,0.0
142816,15,2025-02-22T18:15:00+08:00,27245109,0,False,Wh,201,0.0
142816,15,2025-02-22T18:30:00+08:00,27245138,0,False,Wh,201,0.0
142816,15,2025-02-22T18:45:00+08:00,27245167,0,False,Wh,201,0.0
142816,15,2025-02-22T19:00:00+08:00,27245205,0,False,Wh,201,0.0
142816,15,2025-02-22T19:15:00+08:00,27245227,0,False,Wh,201,0.0
142816,15,2025-02-22T19:30:00+08:00,27245717,0,False,Wh,201,0.0
142816,15,2025-02-22T19:45:00+08:00,27246154,0,False,Wh,201,0.0
142816,15,2025-02-22T20:00:00+08:00,27246450,0,False,Wh,201,0.0
142816,15,2025-02-22T20:15:00+08:00,27246498,0,False,Wh,201,0.0
142816,15,2025-02-22T20:30:00+08:00,27246551,0,False,Wh,201,0.0
142816,15,2025-02-22T20:45:00+08:00,27246591,0,False,Wh,201,0.0
142816,15,2025-02-22T21:00:00+08:00,27246658,0,False,Wh,201,0.0
142816,15,2025-02-22T21:15:00+08:00,27246750,0,False,Wh,201,0.0
142816,15,2025-02-22T21:30:00+08:00,27246826,0,False,Wh,201,0.0
142816,15,2025-02-22T21:45:00+08:00,27247026,0,False,Wh,201,0.0
142816,15,2025-02-22T22:00:00+08:00,27247556,0,False,Wh,201,0.0
142816,15,2025-02-22T22:15:00+08:00,27248084,0,False,Wh,201,0.0
142816,15,2025-02-22T22:30:00+08:00,27249104,0,False,Wh,201,0.0
142816,15,2025-02-22T22:45:00+08:00,27250554,0,False,Wh,201,0.0
142816,15,2025-02-22T23:00:00+08:00,27251772,0,False,Wh,201,0.0
142816,15,2025-02-22T23:15:00+08:00,27251876,0,False,Wh,201,0.0
142816,15,2025-02-22T23:30:00+08:00,27251973,0,False,Wh,201,0.0
142816,15,2025-02-22T23:45:00+08:00,27252055,0,False,Wh,201,0.0
142816,15,2025-02-23T00:00:00+08:00,27252119,0,False,Wh,201,0.0
142816,15,2025-02-23T00:15:00+08:00,27252184,0,False,Wh,201,0.0
142816,15,2025-02-23T00:30:00+08:00,27252234,0,False,Wh,201,0.0
142816,15,2025-02-23T00:45:00+08:00,27252293,0,False,Wh,201,0.0
142816,15,2025-02-23T01:00:00+08:00,27252339,0,False,Wh,201,0.0
142816,15,2025-02-23T01:15:00+08:00,27252398,0,False,Wh,201,0.0
142816,15,2025-02-23T01:30:00+08:00,27252449,0,False,Wh,201,0.0
142816,15,2025-02-23T01:45:00+08:00,27252494,0,False,Wh,201,0.0
142816,15,2025-02-23T02:00:00+08:00,27252765,0,False,Wh,201,0.0
142816,15,2025-02-23T02:15:00+08:00,27253023,0,False,Wh,201,0.0
142816,15,2025-02-23T02:30:00+08:00,27253079,0,False,Wh,201,0.0
142816,15,2025-02-23T02:45:00+08:00,27253124,0,False,Wh,201,0.0
142816,15,2025-02-23T03:00:00+08:00,27253180,0,False,Wh,201,0.0
142816,15,2025-02-23T03:15:00+08:00,27253224,0,False,Wh,201,0.0
142816,15,2025-02-23T03:30:00+08:00,27253278,0,False,Wh,201,0.0
142816,15,2025-02-23T03:45:00+08:00,27253326,0,False,Wh,201,0.0
142816,15,2025-02-23T04:00:00+08:00,27253371,0,False,Wh,201,0.0
142816,15,2025-02-23T04:15:00+08:00,27253428,0,False,Wh,201,0.0
142816,15,2025-02-23T04:30:00+08:00,27253474,0,False,Wh,201,0.0
142816,15,2025-02-23T04:45:00+08:00,27253521,0,False,Wh,201,0.0
142816,15,2025-02-23T05:00:00+08:00,27253555,0,False,Wh,201,0.0
142816,15,2025-02-23T05:15:00+08:00,27253589,0,False,Wh,201,0.0
142816,15,2025-02-23T05:30:00+08:00,27253624,0,False,Wh,201,0.0
142816,15,2025-02-23T05:45:00+08:00,27253667,0,False,Wh,201,0.0
142816,15,2025-02-23T06:00:00+08:00,27253716,0,False,Wh,201,0.0
142816,15,2025-02-23T06:15:00+08:00,27253775,0,False,Wh,201,0.0
142816,15,2025-02-23T06:30:00+08:00,27253835,0,False,Wh,201,0.0
142816,15,2025-02-23T06:45:00+08:00,27253890,0,False,Wh,201,0.0
142816,15,2025-02-23T07:00:00+08:00,27253939,0,False,Wh,201,0.0
142816,15,2025-02-23T07:15:00+08:00,27253999,0,False,Wh,201,0.0
142816,15,2025-02-23T07:30:00+08:00,27254046,0,False,Wh,201,0.0
142816,15,2025-02-23T07:45:00+08:00,27254126,0,False,Wh,201,0.0
142816,15,2025-02-23T08:00:00+08:00,27254511,0,False,Wh,201,0.0
142816,15,2025-02-23T08:15:00+08:00,27254599,0,False,Wh,201,0.0
142816,15,2025-02-23T08:30:00+08:00,27254643,0,False,Wh,201,0.0
142816,15,2025-02-23T08:45:00+08:00,27254680,0,False,Wh,201,0.0
142816,15,2025-02-23T09:00:00+08:00,27255092,0,False,Wh,201,0.0
142816,15,2025-02-23T09:15:00+08:00,27256181,0,False,Wh,201,0.0
142816,15,2025-02-23T09:30:00+08:00,27256687,0,False,Wh,201,0.0
142816,15,2025-02-23T09:45:00+08:00,27257196,0,False,Wh,201,0.0
142816,15,2025-02-23T10:00:00+08:00,27257707,0,False,Wh,201,0.0
142816,15,2025-02-23T10:15:00+08:00,27257912,0,False,Wh,201,0.0
142816,15,2025-02-23T10:30:00+08:00,27258004,0,False,Wh,201,0.0
142816,15,2025-02-23T10:45:00+08:00,27258114,0,False,Wh,201,0.0
142816,15,2025-02-23T11:00:00+08:00,27258215,0,False,Wh,201,0.0
142816,15,2025-02-23T11:15:00+08:00,27258483,0,False,Wh,201,0.0
142816,15,2025-02-23T11:30:00+08:00,27258595,0,False,Wh,201,0.0
142816,15,2025-02-23T11:45:00+08:00,27259434,0,False,Wh,201,0.0
142816,15,2025-02-23T12:00:00+08:00,27259491,0,False,Wh,201,0.0
142816,15,2025-02-23T12:15:00+08:00,27260274,0,False,Wh,201,0.0
142816,15,2025-02-23T12:30:00+08:00,27261174,0,False,Wh,201,0.0
142816,15,2025-02-23T12:45:00+08:00,27261308,0,False,Wh,201,0.0
142816,15,2025-02-23T13:00:00+08:00,27262157,0,False,Wh,201,0.0
142816,15,2025-02-23T13:15:00+08:00,27262639,0,False,Wh,201,0.0
142816,15,2025-02-23T13:30:00+08:00,27262666,0,False,Wh,201,0.0
142816,15,2025-02-23T13:45:00+08:00,27262712,0,False,Wh,201,0.0
142816,15,2025-02-23T14:00:00+08:00,27262754,0,False,Wh,201,0.0
142816,15,2025-02-23T14:15:00+08:00,27262802,0,False,Wh,201,0.0
142816,15,2025-02-23T14:30:00+08:00,27262854,0,False,Wh,201,0.0
142816,15,2025-02-23T14:45:00+08:00,27262901,0,False,Wh,201,0.0
142816,15,2025-02-23T15:00:00+08:00,27262942,0,False,Wh,201,0.0
142816,15,2025-02-23T15:15:00+08:00,27263180,0,False,Wh,201,0.0
142816,15,2025-02-23T15:30:00+08:00,27264058,0,False,Wh,201,0.0
142816,15,2025-02-23T15:45:00+08:00,27264580,0,False,Wh,201,0.0
142816,15,2025-02-23T16:00:00+08:00,27265090,0,False,Wh,201,0.0
142816,15,2025-02-23T16:15:00+08:00,27265606,0,False,Wh,201,0.0
142816,15,2025-02-23T16:30:00+08:00,27266123,0,False,Wh,201,0.0
142816,15,2025-02-23T16:45:00+08:00,27266312,0,False,Wh,201,0.0
142816,15,2025-02-23T17:00:00+08:00,27266436,0,False,Wh,201,0.0
142816,15,2025-02-23T17:15:00+08:00,27266504,0,False,Wh,201,0.0
142816,15,2025-02-23T17:30:00+08:00,27266569,0,False,Wh,201,0.0
142816,15,2025-02-23T17:45:00+08:00,27266632,0,False,Wh,201,0.0
142816,15,2025-02-23T18:00:00+08:00,27266702,0,False,Wh,201,0.0
142816,15,2025-02-23T18:15:00+08:00,27266763,0,False,Wh,201,0.0
142816,15,2025-02-23T18:30:00+08:00,27266823,0,False,Wh,201,0.0
142816,15,2025-02-23T18:45:00+08:00,27266882,0,False,Wh,201,0.0
142816,15,2025-02-23T19:00:00+08:00,27266941,0,False,Wh,201,0.0
142816,15,2025-02-23T19:15:00+08:00,27267019,0,False,Wh,201,0.0
142816,15,2025-02-23T19:30:00+08:00,27267132,0,False,Wh,201,0.0
142816,15,2025-02-23T19:45:00+08:00,27267792,0,False,Wh,201,0.0
142816,15,2025-02-23T20:00:00+08:00,27268554,0,False,Wh,201,0.0
142816,15,2025-02-23T20:15:00+08:00,27268930,0,False,Wh,201,0.0
142816,15,2025-02-23T20:30:00+08:00,27269301,0,False,Wh,201,0.0
142816,15,2025-02-23T20:45:00+08:00,27269656,0,False,Wh,201,0.0
142816,15,2025-02-23T21:00:00+08:00,27269987,0,False,Wh,201,0.0
142816,15,2025-02-23T21:15:00+08:00,27270315,0,False,Wh,201,0.0
142816,15,2025-02-23T21:30:00+08:00,27271174,0,False,Wh,201,0.0
142816,15,2025-02-23T21:45:00+08:00,27272321,0,False,Wh,201,0.0
142816,15,2025-02-23T22:00:00+08:00,27272624,0,False,Wh,201,0.0
142816,15,2025-02-23T22:15:00+08:00,27272945,0,False,Wh,201,0.0
142816,15,2025-02-23T22:30:00+08:00,27273452,0,False,Wh,201,0.0
142816,15,2025-02-23T22:45:00+08:00,27273982,0,False,Wh,201,0.0
142816,15,2025-02-23T23:00:00+08:00,27274037,0,False,Wh,201,0.0
142816,15,2025-02-23T23:15:00+08:00,27274090,0,False,Wh,201,0.0
142816,15,2025-02-23T23:30:00+08:00,27274140,0,False,Wh,201,0.0
142816,15,2025-02-23T23:45:00+08:00,27274188,0,False,Wh,201,0.0
142816,15,2025-02-24T00:00:00+08:00,27274236,0,False,Wh,201,0.0
142816,15,2025-02-24T00:15:00+08:00,27274284,0,False,Wh,201,0.0
142816,15,2025-02-24T00:30:00+08:00,27274332,0,False,Wh,201,0.0
142816,15,2025-02-24T00:45:00+08:00,27274379,0,False,Wh,201,0.0
142816,15,2025-02-24T01:00:00+08:00,27274427,0,False,Wh,201,0.0
142816,15,2025-02-24T01:15:00+08:00,27274474,0,False,Wh,201,0.0
142816,15,2025-02-24T01:30:00+08:00,27274521,0,False,Wh,201,0.0
142816,15,2025-02-24T01:45:00+08:00,27274567,0,False,Wh,201,0.0
142816,15,2025-02-24T02:00:00+08:00,27274604,0,False,Wh,201,0.0
142816,15,2025-02-24T02:15:00+08:00,27274619,0,False,Wh,201,0.0
142816,15,2025-02-24T02:30:00+08:00,27274638,0,False,Wh,201,0.0
142816,15,2025-02-24T02:45:00+08:00,27274989,0,False,Wh,201,0.0
142816,15,2025-02-24T03:00:00+08:00,27275128,0,False,Wh,201,0.0
142816,15,2025-02-24T03:15:00+08:00,27275175,0,False,Wh,201,0.0
142816,15,2025-02-24T03:30:00+08:00,27275222,0,False,Wh,201,0.0
142816,15,2025-02-24T03:45:00+08:00,27275241,0,False,Wh,201,0.0
142816,15,2025-02-24T04:00:00+08:00,27275254,0,False,Wh,201,0.0
142816,15,2025-02-24T04:15:00+08:00,27275544,0,False,Wh,201,0.0
142816,15,2025-02-24T04:30:00+08:00,27276555,0,False,Wh,201,0.0
142816,15,2025-02-24T04:45:00+08:00,27276746,0,False,Wh,201,0.0
142816,15,2025-02-24T05:00:00+08:00,27276770,0,False,Wh,201,0.0
142816,15,2025-02-24T05:15:00+08:00,27276790,0,False,Wh,201,0.0
142816,15,2025-02-24T05:30:00+08:00,27276814,0,False,Wh,201,0.0
142816,15,2025-02-24T05:45:00+08:00,27276836,0,False,Wh,201,0.0
142816,15,2025-02-24T06:00:00+08:00,27276859,0,False,Wh,201,0.0
142816,15,2025-02-24T06:15:00+08:00,27276884,0,False,Wh,201,0.0
142816,15,2025-02-24T06:30:00+08:00,27277228,0,False,Wh,201,0.0
142816,15,2025-02-24T06:45:00+08:00,27277257,0,False,Wh,201,0.0
142816,15,2025-02-24T07:00:00+08:00,27277347,0,False,Wh,201,0.0
142816,15,2025-02-24T07:15:00+08:00,27277365,0,False,Wh,201,0.0
142816,15,2025-02-24T07:30:00+08:00,27277393,0,False,Wh,201,0.0
142816,15,2025-02-24T07:45:00+08:00,27277408,0,False,Wh,201,0.0
142816,15,2025-02-24T08:00:00+08:00,27277431,0,False,Wh,201,0.0
142816,15,2025-02-24T08:15:00+08:00,27277448,0,False,Wh,201,0.0
142816,15,2025-02-24T08:30:00+08:00,27277470,0,False,Wh,201,0.0
142816,15,2025-02-24T08:45:00+08:00,27277491,0,False,Wh,201,0.0
142816,15,2025-02-24T09:00:00+08:00,27277508,0,False,Wh,201,0.0
142816,15,2025-02-24T09:15:00+08:00,27277534,0,False,Wh,201,0.0
142816,15,2025-02-24T09:30:00+08:00,27277550,0,False,Wh,201,0.0
142816,15,2025-02-24T09:45:00+08:00,27277572,0,False,Wh,201,0.0
142816,15,2025-02-24T10:00:00+08:00,27277595,0,False,Wh,201,0.0
142816,15,2025-02-24T10:15:00+08:00,27277611,0,False,Wh,201,0.0
142816,15,2025-02-24T10:30:00+08:00,27277637,0,False,Wh,201,0.0
142816,15,2025-02-24T10:45:00+08:00,27277656,0,False,Wh,201,0.0
142816,15,2025-02-24T11:00:00+08:00,27277726,0,False,Wh,201,0.0
142816,15,2025-02-24T11:15:00+08:00,27278051,0,False,Wh,201,0.0
142816,15,2025-02-24T11:30:00+08:00,27278358,0,False,Wh,201,0.0
142816,15,2025-02-24T11:45:00+08:00,27278664,0,False,Wh,201,0.0
142816,15,2025-02-24T12:00:00+08:00,27278719,0,False,Wh,201,0.0
142816,15,2025-02-24T12:15:00+08:00,27278751,0,False,Wh,201,0.0
142816,15,2025-02-24T12:30:00+08:00,27278777,0,False,Wh,201,0.0
142816,15,2025-02-24T12:45:00+08:00,27279164,0,False,Wh,201,0.0
142816,15,2025-02-24T13:00:00+08:00,27279189,0,False,Wh,201,0.0
142816,15,2025-02-24T13:15:00+08:00,27279217,0,False,Wh,201,0.0
142816,15,2025-02-24T13:30:00+08:00,27279250,0,False,Wh,201,0.0
142816,15,2025-02-24T13:45:00+08:00,27279275,0,False,Wh,201,0.0
142816,15,2025-02-24T14:00:00+08:00,27279302,0,False,Wh,201,0.0
142816,15,2025-02-24T14:15:00+08:00,27279729,0,False,Wh,201,0.0
142816,15,2025-02-24T14:30:00+08:00,27280145,0,False,Wh,201,0.0
142816,15,2025-02-24T14:45:00+08:00,27280169,0,False,Wh,201,0.0
142816,15,2025-02-24T15:00:00+08:00,27280209,0,False,Wh,201,0.0
142816,15,2025-02-24T15:15:00+08:00,27280257,0,False,Wh,201,0.0
142816,15,2025-02-24T15:30:00+08:00,27280305,0,False,Wh,201,0.0
142816,15,2025-02-24T15:45:00+08:00,27280349,0,False,Wh,201,0.0
142816,15,2025-02-24T16:00:00+08:00,27280394,0,False,Wh,201,0.0
142816,15,2025-02-24T16:15:00+08:00,27280439,0,False,Wh,201,0.0
142816,15,2025-02-24T16:30:00+08:00,27280484,0,False,Wh,201,0.0
142816,15,2025-02-24T16:45:00+08:00,27280525,0,False,Wh,201,0.0
142816,15,2025-02-24T17:00:00+08:00,27280579,0,False,Wh,201,0.0
142816,15,2025-02-24T17:15:00+08:00,27280634,0,False,Wh,201,0.0
142816,15,2025-02-24T17:30:00+08:00,27280839,0,False,Wh,201,0.0
142816,15,2025-02-24T17:45:00+08:00,27281207,0,False,Wh,201,0.0
142816,15,2025-02-24T18:00:00+08:00,27281521,0,False,Wh,201,0.0
142816,15,2025-02-24T18:15:00+08:00,27281870,0,False,Wh,201,0.0
142816,15,2025-02-24T18:30:00+08:00,27282300,0,False,Wh,201,0.0
142816,15,2025-02-24T18:45:00+08:00,27282657,0,False,Wh,201,0.0
142816,15,2025-02-24T19:00:00+08:00,27283779,0,False,Wh,201,0.0
142816,15,2025-02-24T19:15:00+08:00,27284550,0,False,Wh,201,0.0
142816,15,2025-02-24T19:30:00+08:00,27285309,0,False,Wh,201,0.0
142816,15,2025-02-24T19:45:00+08:00,27285784,0,False,Wh,201,0.0
142816,15,2025-02-24T20:00:00+08:00,27286125,0,False,Wh,201,0.0
142816,15,2025-02-24T20:15:00+08:00,27286218,0,False,Wh,201,0.0
142816,15,2025-02-24T20:30:00+08:00,27286299,0,False,Wh,201,0.0
142816,15,2025-02-24T20:45:00+08:00,27286368,0,False,Wh,201,0.0
142816,15,2025-02-24T21:00:00+08:00,27286534,0,False,Wh,201,0.0
142816,15,2025-02-24T21:15:00+08:00,27286707,0,False,Wh,201,0.0
142816,15,2025-02-24T21:30:00+08:00,27286760,0,False,Wh,201,0.0
142816,15,2025-02-24T21:45:00+08:00,27286809,0,False,Wh,201,0.0
142816,15,2025-02-24T22:00:00+08:00,27287253,0,False,Wh,201,0.0
142816,15,2025-02-24T22:15:00+08:00,27287654,0,False,Wh,201,0.0
142816,15,2025-02-24T22:30:00+08:00,27287698,0,False,Wh,201,0.0
142816,15,2025-02-24T22:45:00+08:00,27287754,0,False,Wh,201,0.0
142816,15,2025-02-24T23:00:00+08:00,27287811,0,False,Wh,201,0.0
142816,15,2025-02-24T23:15:00+08:00,27287865,0,False,Wh,201,0.0
142816,15,2025-02-24T23:30:00+08:00,27287916,0,False,Wh,201,0.0
142816,15,2025-02-24T23:45:00+08:00,27287964,0,False,Wh,201,0.0
142816,15,2025-02-25T00:00:00+08:00,27288008,0,False,Wh,201,0.0
142816,15,2025-02-25T00:15:00+08:00,27288047,0,False,Wh,201,0.0
142816,15,2025-02-25T00:30:00+08:00,27288092,0,False,Wh,201,0.0
142816,15,2025-02-25T00:45:00+08:00,27288137,0,False,Wh,201,0.0
142816,15,2025-02-25T01:00:00+08:00,27288169,0,False,Wh,201,0.0
142816,15,2025-02-25T01:15:00+08:00,27288204,0,False,Wh,201,0.0
142816,15,2025-02-25T01:30:00+08:00,27288242,0,False,Wh,201,0.0
142816,15,2025-02-25T01:45:00+08:00,27288272,0,False,Wh,201,0.0
142816,15,2025-02-25T02:00:00+08:00,27288296,0,False,Wh,201,0.0
142816,15,2025-02-25T02:15:00+08:00,27288334,0,False,Wh,201,0.0
142816,15,2025-02-25T02:30:00+08:00,27288371,0,False,Wh,201,0.0
142816,15,2025-02-25T02:45:00+08:00,27288396,0,False,Wh,201,0.0
142816,15,2025-02-25T03:00:00+08:00,27288434,0,False,Wh,201,0.0
142816,15,2025-02-25T03:15:00+08:00,27288454,0,False,Wh,201,0.0
142816,15,2025-02-25T03:30:00+08:00,27288467,0,False,Wh,201,0.0
142816,15,2025-02-25T03:45:00+08:00,27288829,0,False,Wh,201,0.0
142816,15,2025-02-25T04:00:00+08:00,27288862,0,False,Wh,201,0.0
142816,15,2025-02-25T04:15:00+08:00,27288889,0,False,Wh,201,0.0
142816,15,2025-02-25T04:30:00+08:00,27288913,0,False,Wh,201,0.0
142816,15,2025-02-25T04:45:00+08:00,27288931,0,False,Wh,201,0.0
142816,15,2025-02-25T05:00:00+08:00,27288945,0,False,Wh,201,0.0
142816,15,2025-02-25T05:15:00+08:00,27288969,0,False,Wh,201,0.0
142816,15,2025-02-25T05:30:00+08:00,27288992,0,False,Wh,201,0.0
142816,15,2025-02-25T05:45:00+08:00,27289006,0,False,Wh,201,0.0
142816,15,2025-02-25T06:00:00+08:00,27289027,0,False,Wh,201,0.0
142816,15,2025-02-25T06:15:00+08:00,27289051,0,False,Wh,201,0.0
142816,15,2025-02-25T06:30:00+08:00,27289069,0,False,Wh,201,0.0
142816,15,2025-02-25T06:45:00+08:00,27289085,0,False,Wh,201,0.0
142816,15,2025-02-25T07:00:00+08:00,27289142,0,False,Wh,201,0.0
142816,15,2025-02-25T07:15:00+08:00,27289254,0,False,Wh,201,0.0
142816,15,2025-02-25T07:30:00+08:00,27289279,0,False,Wh,201,0.0
142816,15,2025-02-25T07:45:00+08:00,27289306,0,False,Wh,201,0.0
142816,15,2025-02-25T08:00:00+08:00,27289337,0,False,Wh,201,0.0
142816,15,2025-02-25T08:15:00+08:00,27289364,0,False,Wh,201,0.0
142816,15,2025-02-25T08:30:00+08:00,27289386,0,False,Wh,201,0.0
142816,15,2025-02-25T08:45:00+08:00,27289416,0,False,Wh,201,0.0
142816,15,2025-02-25T09:00:00+08:00,27289447,0,False,Wh,201,0.0
142816,15,2025-02-25T09:15:00+08:00,27289467,0,False,Wh,201,0.0
142816,15,2025-02-25T09:30:00+08:00,27289496,0,False,Wh,201,0.0
142816,15,2025-02-25T09:45:00+08:00,27289527,0,False,Wh,201,0.0
142816,15,2025-02-25T10:00:00+08:00,27290004,0,False,Wh,201,0.0
142816,15,2025-02-25T10:15:00+08:00,27290748,0,False,Wh,201,0.0
142816,15,2025-02-25T10:30:00+08:00,27290815,0,False,Wh,201,0.0
142816,15,2025-02-25T10:45:00+08:00,27290896,0,False,Wh,201,0.0
142816,15,2025-02-25T11:00:00+08:00,27291108,0,False,Wh,201,0.0
142816,15,2025-02-25T11:15:00+08:00,27291410,0,False,Wh,201,0.0
142816,15,2025-02-25T11:30:00+08:00,27291721,0,False,Wh,201,0.0
142816,15,2025-02-25T11:45:00+08:00,27292026,0,False,Wh,201,0.0
142816,15,2025-02-25T12:00:00+08:00,27292231,0,False,Wh,201,0.0
142816,15,2025-02-25T12:15:00+08:00,27292597,0,False,Wh,201,0.0
142816,15,2025-02-25T12:30:00+08:00,27293489,0,False,Wh,201,0.0
142816,15,2025-02-25T12:45:00+08:00,27294386,0,False,Wh,201,0.0
142816,15,2025-02-25T13:00:00+08:00,27295050,0,False,Wh,201,0.0
142816,15,2025-02-25T13:15:00+08:00,27295083,0,False,Wh,201,0.0
142816,15,2025-02-25T13:30:00+08:00,27295111,0,False,Wh,201,0.0
142816,15,2025-02-25T13:45:00+08:00,27295138,0,False,Wh,201,0.0
142816,15,2025-02-25T14:00:00+08:00,27295171,0,False,Wh,201,0.0
142816,15,2025-02-25T14:15:00+08:00,27295208,0,False,Wh,201,0.0
142816,15,2025-02-25T14:30:00+08:00,27295246,0,False,Wh,201,0.0
142816,15,2025-02-25T14:45:00+08:00,27295435,0,False,Wh,201,0.0
142816,15,2025-02-25T15:00:00+08:00,27295771,0,False,Wh,201,0.0
142816,15,2025-02-25T15:15:00+08:00,27296121,0,False,Wh,201,0.0
142816,15,2025-02-25T15:30:00+08:00,27296474,0,False,Wh,201,0.0
142816,15,2025-02-25T15:45:00+08:00,27296824,0,False,Wh,201,0.0
142816,15,2025-02-25T16:00:00+08:00,27297174,0,False,Wh,201,0.0
142816,15,2025-02-25T16:15:00+08:00,27297302,0,False,Wh,201,0.0
142816,15,2025-02-25T16:30:00+08:00,27297778,0,False,Wh,201,0.0
142816,15,2025-02-25T16:45:00+08:00,27297837,0,False,Wh,201,0.0
142816,15,2025-02-25T17:00:00+08:00,27297895,0,False,Wh,201,0.0
142816,15,2025-02-25T17:15:00+08:00,27298111,0,False,Wh,201,0.0
142816,15,2025-02-25T17:30:00+08:00,27299001,0,False,Wh,201,0.0
142816,15,2025-02-25T17:45:00+08:00,27299515,0,False,Wh,201,0.0
142816,15,2025-02-25T18:00:00+08:00,27299714,0,False,Wh,201,0.0
142816,15,2025-02-25T18:15:00+08:00,27300324,0,False,Wh,201,0.0
142816,15,2025-02-25T18:30:00+08:00,27300694,0,False,Wh,201,0.0
142816,15,2025-02-25T18:45:00+08:00,27300941,0,False,Wh,201,0.0
142816,15,2025-02-25T19:00:00+08:00,27301681,0,False,Wh,201,0.0
142816,15,2025-02-25T19:15:00+08:00,27302306,0,False,Wh,201,0.0
142816,15,2025-02-25T19:30:00+08:00,27302595,0,False,Wh,201,0.0
142816,15,2025-02-25T19:45:00+08:00,27302864,0,False,Wh,201,0.0
142816,15,2025-02-25T20:00:00+08:00,27302916,0,False,Wh,201,0.0
142816,15,2025-02-25T20:15:00+08:00,27302966,0,False,Wh,201,0.0
142816,15,2025-02-25T20:30:00+08:00,27303014,0,False,Wh,201,0.0
142816,15,2025-02-25T20:45:00+08:00,27303038,0,False,Wh,201,0.0
142816,15,2025-02-25T21:00:00+08:00,27303219,0,False,Wh,201,0.0
142816,15,2025-02-25T21:15:00+08:00,27303543,0,False,Wh,201,0.0
142816,15,2025-02-25T21:30:00+08:00,27303846,0,False,Wh,201,0.0
142816,15,2025-02-25T21:45:00+08:00,27304147,0,False,Wh,201,0.0
142816,15,2025-02-25T22:00:00+08:00,27304444,0,False,Wh,201,0.0
142816,15,2025-02-25T22:15:00+08:00,27304580,0,False,Wh,201,0.0
142816,15,2025-02-25T22:30:00+08:00,27304992,0,False,Wh,201,0.0
142816,15,2025-02-25T22:45:00+08:00,27305028,0,False,Wh,201,0.0
142816,15,2025-02-25T23:00:00+08:00,27305068,0,False,Wh,201,0.0
142816,15,2025-02-25T23:15:00+08:00,27305104,0,False,Wh,201,0.0
142816,15,2025-02-25T23:30:00+08:00,27305135,0,False,Wh,201,0.0
142816,15,2025-02-25T23:45:00+08:00,27305165,0,False,Wh,201,0.0
142816,15,2025-02-26T00:00:00+08:00,27305195,0,False,Wh,201,0.0
142816,15,2025-02-26T00:15:00+08:00,27305210,0,False,Wh,201,0.0
142816,15,2025-02-26T00:30:00+08:00,27305232,0,False,Wh,201,0.0
142816,15,2025-02-26T00:45:00+08:00,27305257,0,False,Wh,201,0.0
142816,15,2025-02-26T01:00:00+08:00,27305281,0,False,Wh,201,0.0
142816,15,2025-02-26T01:15:00+08:00,27305305,0,False,Wh,201,0.0
142816,15,2025-02-26T01:30:00+08:00,27305320,0,False,Wh,201,0.0
142816,15,2025-02-26T01:45:00+08:00,27305345,0,False,Wh,201,0.0
142816,15,2025-02-26T02:00:00+08:00,27305370,0,False,Wh,201,0.0
142816,15,2025-02-26T02:15:00+08:00,27305395,0,False,Wh,201,0.0
142816,15,2025-02-26T02:30:00+08:00,27305419,0,False,Wh,201,0.0
142816,15,2025-02-26T02:45:00+08:00,27305432,0,False,Wh,201,0.0
142816,15,2025-02-26T03:00:00+08:00,27305457,0,False,Wh,201,0.0
142816,15,2025-02-26T03:15:00+08:00,27305482,0,False,Wh,201,0.0
142816,15,2025-02-26T03:30:00+08:00,27305508,0,False,Wh,201,0.0
142816,15,2025-02-26T03:45:00+08:00,27305530,0,False,Wh,201,0.0
142816,15,2025-02-26T04:00:00+08:00,27305547,0,False,Wh,201,0.0
142816,15,2025-02-26T04:15:00+08:00,27305925,0,False,Wh,201,0.0
142816,15,2025-02-26T04:30:00+08:00,27306872,0,False,Wh,201,0.0
142816,15,2025-02-26T04:45:00+08:00,27306963,0,False,Wh,201,0.0
142816,15,2025-02-26T05:00:00+08:00,27306997,0,False,Wh,201,0.0
142816,15,2025-02-26T05:15:00+08:00,27307030,0,False,Wh,201,0.0
142816,15,2025-02-26T05:30:00+08:00,27307058,0,False,Wh,201,0.0
142816,15,2025-02-26T05:45:00+08:00,27307086,0,False,Wh,201,0.0
142816,15,2025-02-26T06:00:00+08:00,27307120,0,False,Wh,201,0.0
142816,15,2025-02-26T06:15:00+08:00,27307153,0,False,Wh,201,0.0
142816,15,2025-02-26T06:30:00+08:00,27307184,0,False,Wh,201,0.0
142816,15,2025-02-26T06:45:00+08:00,27307217,0,False,Wh,201,0.0
142816,15,2025-02-26T07:00:00+08:00,27307252,0,False,Wh,201,0.0
142816,15,2025-02-26T07:15:00+08:00,27307288,0,False,Wh,201,0.0
142816,15,2025-02-26T07:30:00+08:00,27307374,0,False,Wh,201,0.0
142816,15,2025-02-26T07:45:00+08:00,27307826,0,False,Wh,201,0.0
142816,15,2025-02-26T08:00:00+08:00,27307863,0,False,Wh,201,0.0
142816,15,2025-02-26T08:15:00+08:00,27307903,0,False,Wh,201,0.0
142816,15,2025-02-26T08:30:00+08:00,27307941,0,False,Wh,201,0.0
142816,15,2025-02-26T08:45:00+08:00,27307979,0,False,Wh,201,0.0
142816,15,2025-02-26T09:00:00+08:00,27308017,0,False,Wh,201,0.0
142816,15,2025-02-26T09:15:00+08:00,27308037,0,False,Wh,201,0.0
142816,15,2025-02-26T09:30:00+08:00,27308067,0,False,Wh,201,0.0
142816,15,2025-02-26T09:45:00+08:00,27308097,0,False,Wh,201,0.0
142816,15,2025-02-26T10:00:00+08:00,27308129,0,False,Wh,201,0.0
142816,15,2025-02-26T10:15:00+08:00,27308160,0,False,Wh,201,0.0
142816,15,2025-02-26T10:30:00+08:00,27308191,0,False,Wh,201,0.0
142816,15,2025-02-26T10:45:00+08:00,27308217,0,False,Wh,201,0.0
142816,15,2025-02-26T11:00:00+08:00,27308372,0,False,Wh,201,0.0
142816,15,2025-02-26T11:15:00+08:00,27308700,0,False,Wh,201,0.0
142816,15,2025-02-26T11:30:00+08:00,27309018,0,False,Wh,201,0.0
142816,15,2025-02-26T11:45:00+08:00,27309341,0,False,Wh,201,0.0
142816,15,2025-02-26T12:00:00+08:00,27309669,0,False,Wh,201,0.0
142816,15,2025-02-26T12:15:00+08:00,27309987,0,False,Wh,201,0.0
142816,15,2025-02-26T12:30:00+08:00,27310316,0,False,Wh,201,0.0
142816,15,2025-02-26T12:45:00+08:00,27310653,0,False,Wh,201,0.0
142816,15,2025-02-26T13:00:00+08:00,27310985,0,False,Wh,201,0.0
142816,15,2025-02-26T13:15:00+08:00,27311316,0,False,Wh,201,0.0
142816,15,2025-02-26T13:30:00+08:00,27311654,0,False,Wh,201,0.0
142816,15,2025-02-26T13:45:00+08:00,27311990,0,False,Wh,201,0.0
142816,15,2025-02-26T14:00:00+08:00,27312325,0,False,Wh,201,0.0
142816,15,2025-02-26T14:15:00+08:00,27312661,0,False,Wh,201,0.0
142816,15,2025-02-26T14:30:00+08:00,27313207,0,False,Wh,201,0.0
142816,15,2025-02-26T14:45:00+08:00,27313683,0,False,Wh,201,0.0
142816,15,2025-02-26T15:00:00+08:00,27314004,0,False,Wh,201,0.0
142816,15,2025-02-26T15:15:00+08:00,27314334,0,False,Wh,201,0.0
142816,15,2025-02-26T15:30:00+08:00,27314659,0,False,Wh,201,0.0
142816,15,2025-02-26T15:45:00+08:00,27314977,0,False,Wh,201,0.0
142816,15,2025-02-26T16:00:00+08:00,27315295,0,False,Wh,201,0.0
142816,15,2025-02-26T16:15:00+08:00,27315622,0,False,Wh,201,0.0
142816,15,2025-02-26T16:30:00+08:00,27315944,0,False,Wh,201,0.0
142816,15,2025-02-26T16:45:00+08:00,27316254,0,False,Wh,201,0.0
142816,15,2025-02-26T17:00:00+08:00,27316572,0,False,Wh,201,0.0
142816,15,2025-02-26T17:15:00+08:00,27316900,0,False,Wh,201,0.0
142816,15,2025-02-26T17:30:00+08:00,27317220,0,False,Wh,201,0.0
142816,15,2025-02-26T17:45:00+08:00,27317526,0,False,Wh,201,0.0
142816,15,2025-02-26T18:00:00+08:00,27317824,0,False,Wh,201,0.0
142816,15,2025-02-26T18:15:00+08:00,27317861,0,False,Wh,201,0.0
142816,15,2025-02-26T18:30:00+08:00,27317902,0,False,Wh,201,0.0
142816,15,2025-02-26T18:45:00+08:00,27317928,0,False,Wh,201,0.0
142816,15,2025-02-26T19:00:00+08:00,27318140,0,False,Wh,201,0.0
142816,15,2025-02-26T19:15:00+08:00,27318663,0,False,Wh,201,0.0
142816,15,2025-02-26T19:30:00+08:00,27318927,0,False,Wh,201,0.0
142816,15,2025-02-26T19:45:00+08:00,27319053,0,False,Wh,201,0.0
142816,15,2025-02-26T20:00:00+08:00,27319142,0,False,Wh,201,0.0
142816,15,2025-02-26T20:15:00+08:00,27319226,0,False,Wh,201,0.0
142816,15,2025-02-26T20:30:00+08:00,27319637,0,False,Wh,201,0.0
142816,15,2025-02-26T20:45:00+08:00,27319710,0,False,Wh,201,0.0
142816,15,2025-02-26T21:00:00+08:00,27319783,0,False,Wh,201,0.0
142816,15,2025-02-26T21:15:00+08:00,27319907,0,False,Wh,201,0.0
142816,15,2025-02-26T21:30:00+08:00,27320183,0,False,Wh,201,0.0
142816,15,2025-02-26T21:45:00+08:00,27320258,0,False,Wh,201,0.0
142816,15,2025-02-26T22:00:00+08:00,27320331,0,False,Wh,201,0.0
142816,15,2025-02-26T22:15:00+08:00,27320401,0,False,Wh,201,0.0
142816,15,2025-02-26T22:30:00+08:00,27320478,0,False,Wh,201,0.0
142816,15,2025-02-26T22:45:00+08:00,27320538,0,False,Wh,201,0.0
142816,15,2025-02-26T23:00:00+08:00,27320581,0,False,Wh,201,0.0
142816,15,2025-02-26T23:15:00+08:00,27320609,0,False,Wh,201,0.0
142816,15,2025-02-26T23:30:00+08:00,27320646,0,False,Wh,201,0.0
142816,15,2025-02-26T23:45:00+08:00,27320679,0,False,Wh,201,0.0
142816,15,2025-02-27T00:00:00+08:00,27320709,0,False,Wh,201,0.0
142816,15,2025-02-27T00:15:00+08:00,27320726,0,False,Wh,201,0.0
142816,15,2025-02-27T00:30:00+08:00,27320753,0,False,Wh,201,0.0
142816,15,2025-02-27T00:45:00+08:00,27320779,0,False,Wh,201,0.0
142816,15,2025-02-27T01:00:00+08:00,27320806,0,False,Wh,201,0.0
142816,15,2025-02-27T01:15:00+08:00,27320833,0,False,Wh,201,0.0
142816,15,2025-02-27T01:30:00+08:00,27320849,0,False,Wh,201,0.0
142816,15,2025-02-27T01:45:00+08:00,27320877,0,False,Wh,201,0.0
142816,15,2025-02-27T02:00:00+08:00,27320904,0,False,Wh,201,0.0
142816,15,2025-02-27T02:15:00+08:00,27320930,0,False,Wh,201,0.0
142816,15,2025-02-27T02:30:00+08:00,27320946,0,False,Wh,201,0.0
142816,15,2025-02-27T02:45:00+08:00,27320974,0,False,Wh,201,0.0
142816,15,2025-02-27T03:00:00+08:00,27321001,0,False,Wh,201,0.0
142816,15,2025-02-27T03:15:00+08:00,27321028,0,False,Wh,201,0.0
142816,15,2025-02-27T03:30:00+08:00,27321214,0,False,Wh,201,0.0
142816,15,2025-02-27T03:45:00+08:00,27321433,0,False,Wh,201,0.0
142816,15,2025-02-27T04:00:00+08:00,27321767,0,False,Wh,201,0.0
142816,15,2025-02-27T04:15:00+08:00,27322920,0,False,Wh,201,0.0
142816,15,2025-02-27T04:30:00+08:00,27323895,0,False,Wh,201,0.0
142816,15,2025-02-27T04:45:00+08:00,27324067,0,False,Wh,201,0.0
142816,15,2025-02-27T05:00:00+08:00,27324107,0,False,Wh,201,0.0
142816,15,2025-02-27T05:15:00+08:00,27324147,0,False,Wh,201,0.0
142816,15,2025-02-27T05:30:00+08:00,27324176,0,False,Wh,201,0.0
142816,15,2025-02-27T05:45:00+08:00,27324210,0,False,Wh,201,0.0
142816,15,2025-02-27T06:00:00+08:00,27324248,0,False,Wh,201,0.0
142816,15,2025-02-27T06:15:00+08:00,27324286,0,False,Wh,201,0.0
142816,15,2025-02-27T06:30:00+08:00,27324310,0,False,Wh,201,0.0
142816,15,2025-02-27T06:45:00+08:00,27324346,0,False,Wh,201,0.0
142816,15,2025-02-27T07:00:00+08:00,27324382,0,False,Wh,201,0.0
142816,15,2025-02-27T07:15:00+08:00,27324810,0,False,Wh,201,0.0
142816,15,2025-02-27T07:30:00+08:00,27324838,0,False,Wh,201,0.0
142816,15,2025-02-27T07:45:00+08:00,27324873,0,False,Wh,201,0.0
142816,15,2025-02-27T08:00:00+08:00,27324909,0,False,Wh,201,0.0
142816,15,2025-02-27T08:15:00+08:00,27324942,0,False,Wh,201,0.0
142816,15,2025-02-27T08:30:00+08:00,27324975,0,False,Wh,201,0.0
142816,15,2025-02-27T08:45:00+08:00,27325016,0,False,Wh,201,0.0
142816,15,2025-02-27T09:00:00+08:00,27325079,0,False,Wh,201,0.0
142816,15,2025-02-27T09:15:00+08:00,27325135,0,False,Wh,201,0.0
142816,15,2025-02-27T09:30:00+08:00,27325176,0,False,Wh,201,0.0
142816,15,2025-02-27T09:45:00+08:00,27325231,0,False,Wh,201,0.0
142816,15,2025-02-27T10:00:00+08:00,27325285,0,False,Wh,201,0.0
142816,15,2025-02-27T10:15:00+08:00,27325332,0,False,Wh,201,0.0
142816,15,2025-02-27T10:30:00+08:00,27325376,0,False,Wh,201,0.0
142816,15,2025-02-27T10:45:00+08:00,27325428,0,False,Wh,201,0.0
142816,15,2025-02-27T11:00:00+08:00,27325608,0,False,Wh,201,0.0
142816,15,2025-02-27T11:15:00+08:00,27325945,0,False,Wh,201,0.0
142816,15,2025-02-27T11:30:00+08:00,27326266,0,False,Wh,201,0.0
142816,15,2025-02-27T11:45:00+08:00,27326593,0,False,Wh,201,0.0
142816,15,2025-02-27T12:00:00+08:00,27326919,0,False,Wh,201,0.0
142816,15,2025-02-27T12:15:00+08:00,27327118,0,False,Wh,201,0.0
142816,15,2025-02-27T12:30:00+08:00,27327977,0,False,Wh,201,0.0
142816,15,2025-02-27T12:45:00+08:00,27328289,0,False,Wh,201,0.0
142816,15,2025-02-27T13:00:00+08:00,27328337,0,False,Wh,201,0.0
142816,15,2025-02-27T13:15:00+08:00,27328415,0,False,Wh,201,0.0
142816,15,2025-02-27T13:30:00+08:00,27328469,0,False,Wh,201,0.0
142816,15,2025-02-27T13:45:00+08:00,27328527,0,False,Wh,201,0.0
142816,15,2025-02-27T14:00:00+08:00,27328589,0,False,Wh,201,0.0
142816,15,2025-02-27T14:15:00+08:00,27328651,0,False,Wh,201,0.0
142816,15,2025-02-27T14:30:00+08:00,27328768,0,False,Wh,201,0.0
142816,15,2025-02-27T14:45:00+08:00,27328846,0,False,Wh,201,0.0
142816,15,2025-02-27T15:00:00+08:00,27328908,0,False,Wh,201,0.0
142816,15,2025-02-27T15:15:00+08:00,27328966,0,False,Wh,201,0.0
142816,15,2025-02-27T15:30:00+08:00,27329024,0,False,Wh,201,0.0
142816,15,2025-02-27T15:45:00+08:00,27329080,0,False,Wh,201,0.0
142816,15,2025-02-27T16:00:00+08:00,27329140,0,False,Wh,201,0.0
142816,15,2025-02-27T16:15:00+08:00,27329579,0,False,Wh,201,0.0
142816,15,2025-02-27T16:30:00+08:00,27329634,0,False,Wh,201,0.0
142816,15,2025-02-27T16:45:00+08:00,27329767,0,False,Wh,201,0.0
142816,15,2025-02-27T17:00:00+08:00,27330706,0,False,Wh,201,0.0
142816,15,2025-02-27T17:15:00+08:00,27331270,0,False,Wh,201,0.0
142816,15,2025-02-27T17:30:00+08:00,27331315,0,False,Wh,201,0.0
142816,15,2025-02-27T17:45:00+08:00,27331362,0,False,Wh,201,0.0
142816,15,2025-02-27T18:00:00+08:00,27331408,0,False,Wh,201,0.0
142816,15,2025-02-27T18:15:00+08:00,27331454,0,False,Wh,201,0.0
142816,15,2025-02-27T18:30:00+08:00,27331521,0,False,Wh,201,0.0
142816,15,2025-02-27T18:45:00+08:00,27331667,0,False,Wh,201,0.0
142816,15,2025-02-27T19:00:00+08:00,27331822,0,False,Wh,201,0.0
142816,15,2025-02-27T19:15:00+08:00,27331986,0,False,Wh,201,0.0
142816,15,2025-02-27T19:30:00+08:00,27332110,0,False,Wh,201,0.0
142816,15,2025-02-27T19:45:00+08:00,27332198,0,False,Wh,201,0.0
142816,15,2025-02-27T20:00:00+08:00,27332422,0,False,Wh,201,0.0
142816,15,2025-02-27T20:15:00+08:00,27332689,0,False,Wh,201,0.0
142816,15,2025-02-27T20:30:00+08:00,27332769,0,False,Wh,201,0.0
142816,15,2025-02-27T20:45:00+08:00,27332834,0,False,Wh,201,0.0
142816,15,2025-02-27T21:00:00+08:00,27332900,0,False,Wh,201,0.0
142816,15,2025-02-27T21:15:00+08:00,27333806,0,False,Wh,201,0.0
142816,15,2025-02-27T21:30:00+08:00,27334892,0,False,Wh,201,0.0
142816,15,2025-02-27T21:45:00+08:00,27335234,0,False,Wh,201,0.0
142816,15,2025-02-27T22:00:00+08:00,27335446,0,False,Wh,201,0.0
142816,15,2025-02-27T22:15:00+08:00,27335564,0,False,Wh,201,0.0
142816,15,2025-02-27T22:30:00+08:00,27335675,0,False,Wh,201,0.0
142816,15,2025-02-27T22:45:00+08:00,27335784,0,False,Wh,201,0.0
142816,15,2025-02-27T23:00:00+08:00,27335898,0,False,Wh,201,0.0
142816,15,2025-02-27T23:15:00+08:00,27335999,0,False,Wh,201,0.0
142816,15,2025-02-27T23:30:00+08:00,27336112,0,False,Wh,201,0.0
142816,15,2025-02-27T23:45:00+08:00,27336224,0,False,Wh,201,0.0
142816,15,2025-02-28T00:00:00+08:00,27336325,0,False,Wh,201,0.0
142816,15,2025-02-28T00:15:00+08:00,27336381,0,False,Wh,201,0.0
142816,15,2025-02-28T00:30:00+08:00,27336405,0,False,Wh,201,0.0
142816,15,2025-02-28T00:45:00+08:00,27336440,0,False,Wh,201,0.0
142816,15,2025-02-28T01:00:00+08:00,27336475,0,False,Wh,201,0.0
142816,15,2025-02-28T01:15:00+08:00,27336507,0,False,Wh,201,0.0
142816,15,2025-02-28T01:30:00+08:00,27336526,0,False,Wh,201,0.0
142816,15,2025-02-28T01:45:00+08:00,27336831,0,False,Wh,201,0.0
142816,15,2025-02-28T02:00:00+08:00,27336982,0,False,Wh,201,0.0
142816,15,2025-02-28T02:15:00+08:00,27337011,0,False,Wh,201,0.0
142816,15,2025-02-28T02:30:00+08:00,27337031,0,False,Wh,201,0.0
142816,15,2025-02-28T02:45:00+08:00,27337058,0,False,Wh,201,0.0
142816,15,2025-02-28T03:00:00+08:00,27337087,0,False,Wh,201,0.0
142816,15,2025-02-28T03:15:00+08:00,27337116,0,False,Wh,201,0.0
142816,15,2025-02-28T03:30:00+08:00,27337137,0,False,Wh,201,0.0
142816,15,2025-02-28T03:45:00+08:00,27337407,0,False,Wh,201,0.0
142816,15,2025-02-28T04:00:00+08:00,27338364,0,False,Wh,201,0.0
142816,15,2025-02-28T04:15:00+08:00,27338675,0,False,Wh,201,0.0
142816,15,2025-02-28T04:30:00+08:00,27339569,0,False,Wh,201,0.0
142816,15,2025-02-28T04:45:00+08:00,27339953,0,False,Wh,201,0.0
142816,15,2025-02-28T05:00:00+08:00,27339996,0,False,Wh,201,0.0
142816,15,2025-02-28T05:15:00+08:00,27340026,0,False,Wh,201,0.0
142816,15,2025-02-28T05:30:00+08:00,27340063,0,False,Wh,201,0.0
142816,15,2025-02-28T05:45:00+08:00,27340102,0,False,Wh,201,0.0
142816,15,2025-02-28T06:00:00+08:00,27340132,0,False,Wh,201,0.0
142816,15,2025-02-28T06:15:00+08:00,27340166,0,False,Wh,201,0.0
142816,15,2025-02-28T06:30:00+08:00,27340202,0,False,Wh,201,0.0
142816,15,2025-02-28T06:45:00+08:00,27340231,0,False,Wh,201,0.0
142816,15,2025-02-28T07:00:00+08:00,27340262,0,False,Wh,201,0.0
142816,15,2025-02-28T07:15:00+08:00,27340297,0,False,Wh,201,0.0
142816,15,2025-02-28T07:30:00+08:00,27340333,0,False,Wh,201,0.0
142816,15,2025-02-28T07:45:00+08:00,27340361,0,False,Wh,201,0.0
142816,15,2025-02-28T08:00:00+08:00,27340396,0,False,Wh,201,0.0
142816,15,2025-02-28T08:15:00+08:00,27340433,0,False,Wh,201,0.0
142816,15,2025-02-28T09:30:00+08:00,27340523,0,False,Wh,201,0.0
142816,15,2025-02-28T09:45:00+08:00,27340887,0,False,Wh,201,0.0
142816,15,2025-02-28T10:00:00+08:00,27340951,0,False,Wh,201,0.0
142816,15,2025-02-28T10:15:00+08:00,27341032,0,False,Wh,201,0.0
142816,15,2025-02-28T10:30:00+08:00,27341106,0,False,Wh,201,0.0
142816,15,2025-02-28T10:45:00+08:00,27341177,0,False,Wh,201,0.0
142816,15,2025-02-28T11:00:00+08:00,27341250,0,False,Wh,201,0.0
142816,15,2025-02-28T11:15:00+08:00,27341361,0,False,Wh,201,0.0
142816,15,2025-02-28T11:30:00+08:00,27341432,0,False,Wh,201,0.0
142816,15,2025-02-28T11:45:00+08:00,27341495,0,False,Wh,201,0.0
142816,15,2025-02-28T12:00:00+08:00,27341571,0,False,Wh,201,0.0
142816,15,2025-02-28T12:15:00+08:00,27341696,0,False,Wh,201,0.0
142816,15,2025-02-28T12:30:00+08:00,27342105,0,False,Wh,201,0.0
142816,15,2025-02-28T12:45:00+08:00,27342528,0,False,Wh,201,0.0
142816,15,2025-02-28T13:00:00+08:00,27342950,0,False,Wh,201,0.0
142816,15,2025-02-28T13:15:00+08:00,27343384,0,False,Wh,201,0.0
142816,15,2025-02-28T13:30:00+08:00,27343829,0,False,Wh,201,0.0
142816,15,2025-02-28T13:45:00+08:00,27344674,0,False,Wh,201,0.0
142816,15,2025-02-28T14:00:00+08:00,27345857,0,False,Wh,201,0.0
142816,15,2025-02-28T14:15:00+08:00,27346226,0,False,Wh,201,0.0
142816,15,2025-02-28T14:30:00+08:00,27346596,0,False,Wh,201,0.0
142816,15,2025-02-28T14:45:00+08:00,27346976,0,False,Wh,201,0.0
142816,15,2025-02-28T15:00:00+08:00,27347359,0,False,Wh,201,0.0
142816,15,2025-02-28T15:15:00+08:00,27347737,0,False,Wh,201,0.0
142816,15,2025-02-28T15:30:00+08:00,27348121,0,False,Wh,201,0.0
142816,15,2025-02-28T15:45:00+08:00,27348513,0,False,Wh,201,0.0
142816,15,2025-02-28T16:00:00+08:00,27348907,0,False,Wh,201,0.0
142816,15,2025-02-28T16:15:00+08:00,27349292,0,False,Wh,201,0.0
142816,15,2025-02-28T16:30:00+08:00,27349686,0,False,Wh,201,0.0
142816,15,2025-02-28T16:45:00+08:00,27350077,0,False,Wh,201,0.0
142816,15,2025-02-28T17:00:00+08:00,27350473,0,False,Wh,201,0.0
142816,15,2025-02-28T17:15:00+08:00,27350905,0,False,Wh,201,0.0
142816,15,2025-02-28T17:30:00+08:00,27351334,0,False,Wh,201,0.0
142816,15,2025-02-28T17:45:00+08:00,27352141,0,False,Wh,201,0.0
142816,15,2025-02-28T18:00:00+08:00,27352557,0,False,Wh,201,0.0
142816,15,2025-02-28T18:15:00+08:00,27352733,0,False,Wh,201,0.0
142816,15,2025-02-28T18:30:00+08:00,27352818,0,False,Wh,201,0.0
142816,15,2025-02-28T18:45:00+08:00,27353086,0,False,Wh,201,0.0
142816,15,2025-02-28T19:00:00+08:00,27353251,0,False,Wh,201,0.0
142816,15,2025-02-28T19:15:00+08:00,27353439,0,False,Wh,201,0.0
142816,15,2025-02-28T19:30:00+08:00,27353698,0,False,Wh,201,0.0
142816,15,2025-02-28T19:45:00+08:00,27353793,0,False,Wh,201,0.0
142816,15,2025-02-28T20:00:00+08:00,27353873,0,False,Wh,201,0.0
142816,15,2025-02-28T20:15:00+08:00,27353967,0,False,Wh,201,0.0
142816,15,2025-02-28T20:30:00+08:00,27354063,0,False,Wh,201,0.0
142816,15,2025-02-28T20:45:00+08:00,27354156,0,False,Wh,201,0.0
142816,15,2025-02-28T21:00:00+08:00,27354242,0,False,Wh,201,0.0
142816,15,2025-02-28T21:15:00+08:00,27354319,0,False,Wh,201,0.0
142816,15,2025-02-28T21:30:00+08:00,27354389,0,False,Wh,201,0.0
142816,15,2025-02-28T21:45:00+08:00,27354457,0,False,Wh,201,0.0
142816,15,2025-02-28T22:00:00+08:00,27354525,0,False,Wh,201,0.0
142816,15,2025-02-28T22:15:00+08:00,27354577,0,False,Wh,201,0.0
142816,15,2025-02-28T22:30:00+08:00,27354665,0,False,Wh,201,0.0
142816,15,2025-02-28T22:45:00+08:00,27354764,0,False,Wh,201,0.0
142816,15,2025-02-28T23:00:00+08:00,27354865,0,False,Wh,201,0.0
142816,15,2025-02-28T23:15:00+08:00,27354966,0,False,Wh,201,0.0
142816,15,2025-02-28T23:30:00+08:00,27355400,0,False,Wh,201,0.0
142816,15,2025-02-28T23:45:00+08:00,27355791,0,False,Wh,201,0.0
142816,15,2025-03-01T00:00:00+08:00,27356048,0,False,Wh,201,0.0
142816,15,2025-03-01T00:15:00+08:00,27356293,0,False,Wh,201,0.0
142816,15,2025-03-01T00:30:00+08:00,27356358,0,False,Wh,201,0.0
142816,15,2025-03-01T00:45:00+08:00,27356379,0,False,Wh,201,0.0
142816,15,2025-03-01T01:00:00+08:00,27356409,0,False,Wh,201,0.0
142816,15,2025-03-01T01:15:00+08:00,27356435,0,False,Wh,201,0.0
142816,15,2025-03-01T01:30:00+08:00,27356460,0,False,Wh,201,0.0
142816,15,2025-03-01T01:45:00+08:00,27356488,0,False,Wh,201,0.0
142816,15,2025-03-01T02:00:00+08:00,27356507,0,False,Wh,201,0.0
142816,15,2025-03-01T02:15:00+08:00,27356534,0,False,Wh,201,0.0
142816,15,2025-03-01T02:30:00+08:00,27356561,0,False,Wh,201,0.0
142816,15,2025-03-01T02:45:00+08:00,27356579,0,False,Wh,201,0.0
142816,15,2025-03-01T03:00:00+08:00,27356609,0,False,Wh,201,0.0
142816,15,2025-03-01T03:15:00+08:00,27356633,0,False,Wh,201,0.0
142816,15,2025-03-01T03:30:00+08:00,27356656,0,False,Wh,201,0.0
142816,15,2025-03-01T03:45:00+08:00,27356685,0,False,Wh,201,0.0
142816,15,2025-03-01T04:00:00+08:00,27356710,0,False,Wh,201,0.0
142816,15,2025-03-01T04:15:00+08:00,27356731,0,False,Wh,201,0.0
142816,15,2025-03-01T04:30:00+08:00,27356760,0,False,Wh,201,0.0
142816,15,2025-03-01T04:45:00+08:00,27356784,0,False,Wh,201,0.0
142816,15,2025-03-01T05:00:00+08:00,27356806,0,False,Wh,201,0.0
142816,15,2025-03-01T05:15:00+08:00,27356836,0,False,Wh,201,0.0
142816,15,2025-03-01T05:30:00+08:00,27356864,0,False,Wh,201,0.0
142816,15,2025-03-01T05:45:00+08:00,27356885,0,False,Wh,201,0.0
142816,15,2025-03-01T06:00:00+08:00,27356916,0,False,Wh,201,0.0
142816,15,2025-03-01T06:15:00+08:00,27356945,0,False,Wh,201,0.0
142816,15,2025-03-01T06:30:00+08:00,27356963,0,False,Wh,201,0.0
142816,15,2025-03-01T06:45:00+08:00,27357061,0,False,Wh,201,0.0
142816,15,2025-03-01T07:00:00+08:00,27357407,0,False,Wh,201,0.0
142816,15,2025-03-01T07:15:00+08:00,27357429,0,False,Wh,201,0.0
142816,15,2025-03-01T07:30:00+08:00,27357453,0,False,Wh,201,0.0
142816,15,2025-03-01T07:45:00+08:00,27357508,0,False,Wh,201,0.0
142816,15,2025-03-01T08:00:00+08:00,27357597,0,False,Wh,201,0.0
142816,15,2025-03-01T08:15:00+08:00,27357636,0,False,Wh,201,0.0
142816,15,2025-03-01T08:30:00+08:00,27357680,0,False,Wh,201,0.0
142816,15,2025-03-01T08:45:00+08:00,27357746,0,False,Wh,201,0.0
142816,15,2025-03-01T09:00:00+08:00,27358673,0,False,Wh,201,0.0
142816,15,2025-03-01T09:15:00+08:00,27359604,0,False,Wh,201,0.0
142816,15,2025-03-01T09:30:00+08:00,27360520,0,False,Wh,201,0.0
142816,15,2025-03-01T09:45:00+08:00,27360939,0,False,Wh,201,0.0
142816,15,2025-03-01T10:00:00+08:00,27361003,0,False,Wh,201,0.0
142816,15,2025-03-01T10:15:00+08:00,27361076,0,False,Wh,201,0.0
142816,15,2025-03-01T10:30:00+08:00,27361149,0,False,Wh,201,0.0
142816,15,2025-03-01T10:45:00+08:00,27361213,0,False,Wh,201,0.0
142816,15,2025-03-01T11:00:00+08:00,27361310,0,False,Wh,201,0.0
142816,15,2025-03-01T11:15:00+08:00,27361365,0,False,Wh,201,0.0
142816,15,2025-03-01T11:30:00+08:00,27361410,0,False,Wh,201,0.0
142816,15,2025-03-01T11:45:00+08:00,27361459,0,False,Wh,201,0.0
142816,15,2025-03-01T12:00:00+08:00,27362866,0,False,Wh,201,0.0
142816,15,2025-03-01T12:15:00+08:00,27364725,0,False,Wh,201,0.0
142816,15,2025-03-01T12:30:00+08:00,27366020,0,False,Wh,201,0.0
142816,15,2025-03-01T12:45:00+08:00,27367161,0,False,Wh,201,0.0
142816,15,2025-03-01T13:00:00+08:00,27367882,0,False,Wh,201,0.0
142816,15,2025-03-01T13:15:00+08:00,27368251,0,False,Wh,201,0.0
142816,15,2025-03-01T13:30:00+08:00,27368803,0,False,Wh,201,0.0
142816,15,2025-03-01T13:45:00+08:00,27369644,0,False,Wh,201,0.0
142816,15,2025-03-01T14:00:00+08:00,27370407,0,False,Wh,201,0.0
142816,15,2025-03-01T14:15:00+08:00,27371430,0,False,Wh,201,0.0
142816,15,2025-03-01T14:30:00+08:00,27372370,0,False,Wh,201,0.0
142816,15,2025-03-01T14:45:00+08:00,27372920,0,False,Wh,201,0.0
142816,15,2025-03-01T15:00:00+08:00,27374245,0,False,Wh,201,0.0
142816,15,2025-03-01T15:15:00+08:00,27376300,0,False,Wh,201,0.0
142816,15,2025-03-01T15:30:00+08:00,27377989,0,False,Wh,201,0.0
142816,15,2025-03-01T15:45:00+08:00,27378908,0,False,Wh,201,0.0
142816,15,2025-03-01T16:00:00+08:00,27379245,0,False,Wh,201,0.0
142816,15,2025-03-01T16:15:00+08:00,27379589,0,False,Wh,201,0.0
142816,15,2025-03-01T16:30:00+08:00,27380331,0,False,Wh,201,0.0
142816,15,2025-03-01T16:45:00+08:00,27380743,0,False,Wh,201,0.0
142816,15,2025-03-01T17:00:00+08:00,27381022,0,False,Wh,201,0.0
142816,15,2025-03-01T17:15:00+08:00,27381305,0,False,Wh,201,0.0
142816,15,2025-03-01T17:30:00+08:00,27381945,0,False,Wh,201,0.0
142816,15,2025-03-01T17:45:00+08:00,27383076,0,False,Wh,201,0.0
142816,15,2025-03-01T18:00:00+08:00,27383879,0,False,Wh,201,0.0
142816,15,2025-03-01T18:15:00+08:00,27384114,0,False,Wh,201,0.0
142816,15,2025-03-01T18:30:00+08:00,27384325,0,False,Wh,201,0.0
142816,15,2025-03-01T18:45:00+08:00,27384549,0,False,Wh,201,0.0
142816,15,2025-03-01T19:00:00+08:00,27384746,0,False,Wh,201,0.0
142816,15,2025-03-01T19:15:00+08:00,27384940,0,False,Wh,201,0.0
142816,15,2025-03-01T19:30:00+08:00,27385139,0,False,Wh,201,0.0
142816,15,2025-03-01T19:45:00+08:00,27385331,0,False,Wh,201,0.0
142816,15,2025-03-01T20:00:00+08:00,27385521,0,False,Wh,201,0.0
142816,15,2025-03-01T20:15:00+08:00,27385716,0,False,Wh,201,0.0
142816,15,2025-03-01T20:30:00+08:00,27385908,0,False,Wh,201,0.0
142816,15,2025-03-01T20:45:00+08:00,27386091,0,False,Wh,201,0.0
142816,15,2025-03-01T21:00:00+08:00,27386284,0,False,Wh,201,0.0
142816,15,2025-03-01T21:15:00+08:00,27386475,0,False,Wh,201,0.0
142816,15,2025-03-01T20:45:00+08:00,27386091,0,False,Wh,201,0.0
142816,15,2025-03-01T21:00:00+08:00,27386284,0,False,Wh,201,0.0
142816,15,2025-03-01T21:15:00+08:00,27386475,0,False,Wh,201,0.0
142816,15,2025-03-01T21:30:00+08:00,27386654,0,False,Wh,201,0.0
142816,15,2025-03-01T21:45:00+08:00,27386835,0,False,Wh,201,0.0
142816,15,2025-03-01T22:00:00+08:00,27387318,0,False,Wh,201,0.0
142816,15,2025-03-01T22:15:00+08:00,27388003,0,False,Wh,201,0.0
142816,15,2025-03-01T22:30:00+08:00,27389013,0,False,Wh,201,0.0
142816,15,2025-03-01T22:45:00+08:00,27389160,0,False,Wh,201,0.0
142816,15,2025-03-01T23:00:00+08:00,27389280,0,False,Wh,201,0.0
142816,15,2025-03-01T23:15:00+08:00,27389396,0,False,Wh,201,0.0
142816,15,2025-03-01T23:30:00+08:00,27389465,0,False,Wh,201,0.0
142816,15,2025-03-01T23:45:00+08:00,27389514,0,False,Wh,201,0.0
142816,15,2025-03-02T00:00:00+08:00,27389575,0,False,Wh,201,0.0
142816,15,2025-03-02T00:15:00+08:00,27389632,0,False,Wh,201,0.0
142816,15,2025-03-02T00:30:00+08:00,27389689,0,False,Wh,201,0.0
142816,15,2025-03-02T00:45:00+08:00,27389745,0,False,Wh,201,0.0
142816,15,2025-03-02T01:00:00+08:00,27389799,0,False,Wh,201,0.0
142816,15,2025-03-02T01:15:00+08:00,27389852,0,False,Wh,201,0.0
142816,15,2025-03-02T01:30:00+08:00,27389906,0,False,Wh,201,0.0
142816,15,2025-03-02T01:45:00+08:00,27389960,0,False,Wh,201,0.0
142816,15,2025-03-02T02:00:00+08:00,27390012,0,False,Wh,201,0.0
142816,15,2025-03-02T02:15:00+08:00,27390064,0,False,Wh,201,0.0
142816,15,2025-03-02T02:30:00+08:00,27390116,0,False,Wh,201,0.0
142816,15,2025-03-02T02:45:00+08:00,27390167,0,False,Wh,201,0.0
142816,15,2025-03-02T03:00:00+08:00,27390595,0,False,Wh,201,0.0
142816,15,2025-03-02T03:15:00+08:00,27390613,0,False,Wh,201,0.0
142816,15,2025-03-02T03:30:00+08:00,27390630,0,False,Wh,201,0.0
142816,15,2025-03-02T03:45:00+08:00,27390679,0,False,Wh,201,0.0
142816,15,2025-03-02T04:00:00+08:00,27390728,0,False,Wh,201,0.0
142816,15,2025-03-02T04:15:00+08:00,27390777,0,False,Wh,201,0.0
142816,15,2025-03-02T04:30:00+08:00,27390803,0,False,Wh,201,0.0
142816,15,2025-03-02T04:45:00+08:00,27390821,0,False,Wh,201,0.0
142816,15,2025-03-02T05:00:00+08:00,27390867,0,False,Wh,201,0.0
142816,15,2025-03-02T05:15:00+08:00,27390917,0,False,Wh,201,0.0
142816,15,2025-03-02T05:30:00+08:00,27390944,0,False,Wh,201,0.0
142816,15,2025-03-02T05:45:00+08:00,27390959,0,False,Wh,201,0.0
142816,15,2025-03-02T06:00:00+08:00,27390975,0,False,Wh,201,0.0
142816,15,2025-03-02T06:15:00+08:00,27390999,0,False,Wh,201,0.0
142816,15,2025-03-02T06:30:00+08:00,27391017,0,False,Wh,201,0.0
142816,15,2025-03-02T06:45:00+08:00,27391056,0,False,Wh,201,0.0
142816,15,2025-03-02T07:00:00+08:00,27391070,0,False,Wh,201,0.0
142816,15,2025-03-02T07:15:00+08:00,27391094,0,False,Wh,201,0.0
142816,15,2025-03-02T07:30:00+08:00,27391131,0,False,Wh,201,0.0
142816,15,2025-03-02T07:45:00+08:00,27391147,0,False,Wh,201,0.0
142816,15,2025-03-02T08:00:00+08:00,27391174,0,False,Wh,201,0.0
142816,15,2025-03-02T08:15:00+08:00,27391212,0,False,Wh,201,0.0
142816,15,2025-03-02T08:30:00+08:00,27391226,0,False,Wh,201,0.0
142816,15,2025-03-02T08:45:00+08:00,27391524,0,False,Wh,201,0.0
142816,15,2025-03-02T09:00:00+08:00,27392032,0,False,Wh,201,0.0
142816,15,2025-03-02T09:15:00+08:00,27392046,0,False,Wh,201,0.0
142816,15,2025-03-02T09:30:00+08:00,27392345,0,False,Wh,201,0.0
142816,15,2025-03-02T09:45:00+08:00,27392757,0,False,Wh,201,0.0
142816,15,2025-03-02T10:00:00+08:00,27392825,0,False,Wh,201,0.0
142816,15,2025-03-02T10:15:00+08:00,27392888,0,False,Wh,201,0.0
142816,15,2025-03-02T10:30:00+08:00,27392989,0,False,Wh,201,0.0
142816,15,2025-03-02T10:45:00+08:00,27393091,0,False,Wh,201,0.0
142816,15,2025-03-02T11:00:00+08:00,27393175,0,False,Wh,201,0.0
142816,15,2025-03-02T11:15:00+08:00,27393269,0,False,Wh,201,0.0
142816,15,2025-03-02T11:30:00+08:00,27393358,0,False,Wh,201,0.0
142816,15,2025-03-02T11:45:00+08:00,27393431,0,False,Wh,201,0.0
142816,15,2025-03-02T12:00:00+08:00,27393596,0,False,Wh,201,0.0
142816,15,2025-03-02T12:15:00+08:00,27394630,0,False,Wh,201,0.0
142816,15,2025-03-02T12:30:00+08:00,27394925,0,False,Wh,201,0.0
142816,15,2025-03-02T12:45:00+08:00,27395017,0,False,Wh,201,0.0
142816,15,2025-03-02T13:00:00+08:00,27395100,0,False,Wh,201,0.0
142816,15,2025-03-02T13:15:00+08:00,27395172,0,False,Wh,201,0.0
142816,15,2025-03-02T13:30:00+08:00,27395217,0,False,Wh,201,0.0
142816,15,2025-03-02T13:45:00+08:00,27395429,0,False,Wh,201,0.0
142816,15,2025-03-02T14:00:00+08:00,27395816,0,False,Wh,201,0.0
142816,15,2025-03-02T14:15:00+08:00,27396192,0,False,Wh,201,0.0
142816,15,2025-03-02T14:30:00+08:00,27396573,0,False,Wh,201,0.0
142816,15,2025-03-02T14:45:00+08:00,27396942,0,False,Wh,201,0.0
142816,15,2025-03-02T15:00:00+08:00,27397319,0,False,Wh,201,0.0
142816,15,2025-03-02T15:15:00+08:00,27398022,0,False,Wh,201,0.0
142816,15,2025-03-02T15:30:00+08:00,27398555,0,False,Wh,201,0.0
142816,15,2025-03-02T15:45:00+08:00,27398959,0,False,Wh,201,0.0
142816,15,2025-03-02T16:00:00+08:00,27399350,0,False,Wh,201,0.0
142816,15,2025-03-02T16:15:00+08:00,27400147,0,False,Wh,201,0.0
142816,15,2025-03-02T16:30:00+08:00,27401409,0,False,Wh,201,0.0
142816,15,2025-03-02T16:45:00+08:00,27402416,0,False,Wh,201,0.0
142816,15,2025-03-02T17:00:00+08:00,27402816,0,False,Wh,201,0.0
142816,15,2025-03-02T17:15:00+08:00,27403634,0,False,Wh,201,0.0
142816,15,2025-03-02T17:30:00+08:00,27404022,0,False,Wh,201,0.0
142816,15,2025-03-02T17:45:00+08:00,27404512,0,False,Wh,201,0.0
142816,15,2025-03-02T18:00:00+08:00,27404977,0,False,Wh,201,0.0
142816,15,2025-03-02T18:15:00+08:00,27405389,0,False,Wh,201,0.0
142816,15,2025-03-02T18:30:00+08:00,27405775,0,False,Wh,201,0.0
142816,15,2025-03-02T18:45:00+08:00,27405885,0,False,Wh,201,0.0
142816,15,2025-03-02T19:00:00+08:00,27406037,0,False,Wh,201,0.0
142816,15,2025-03-02T19:15:00+08:00,27406192,0,False,Wh,201,0.0
142816,15,2025-03-02T19:30:00+08:00,27406559,0,False,Wh,201,0.0
142816,15,2025-03-02T19:45:00+08:00,27406923,0,False,Wh,201,0.0
142816,15,2025-03-02T20:00:00+08:00,27407287,0,False,Wh,201,0.0
142816,15,2025-03-02T20:15:00+08:00,27407969,0,False,Wh,201,0.0
142816,15,2025-03-02T20:30:00+08:00,27408353,0,False,Wh,201,0.0
142816,15,2025-03-02T20:45:00+08:00,27408751,0,False,Wh,201,0.0
142816,15,2025-03-02T21:00:00+08:00,27409169,0,False,Wh,201,0.0
142816,15,2025-03-02T21:15:00+08:00,27409624,0,False,Wh,201,0.0
142816,15,2025-03-02T21:30:00+08:00,27410312,0,False,Wh,201,0.0
142816,15,2025-03-02T21:45:00+08:00,27410674,0,False,Wh,201,0.0
142816,15,2025-03-02T22:00:00+08:00,27411004,0,False,Wh,201,0.0
142816,15,2025-03-02T22:15:00+08:00,27411873,0,False,Wh,201,0.0
142816,15,2025-03-02T22:30:00+08:00,27412232,0,False,Wh,201,0.0
142816,15,2025-03-02T22:45:00+08:00,27412627,0,False,Wh,201,0.0
142816,15,2025-03-02T23:00:00+08:00,27413074,0,False,Wh,201,0.0
142816,15,2025-03-02T23:15:00+08:00,27413472,0,False,Wh,201,0.0
142816,15,2025-03-02T23:30:00+08:00,27414597,0,False,Wh,201,0.0
142816,15,2025-03-02T23:45:00+08:00,27415172,0,False,Wh,201,0.0
142816,15,2025-03-03T00:00:00+08:00,27415213,0,False,Wh,201,0.0
142816,15,2025-03-03T00:15:00+08:00,27415252,0,False,Wh,201,0.0
142816,15,2025-03-03T00:30:00+08:00,27415287,0,False,Wh,201,0.0
142816,15,2025-03-03T00:45:00+08:00,27415317,0,False,Wh,201,0.0
142816,15,2025-03-03T01:00:00+08:00,27415330,0,False,Wh,201,0.0
142816,15,2025-03-03T01:15:00+08:00,27415351,0,False,Wh,201,0.0
142816,15,2025-03-03T01:30:00+08:00,27415378,0,False,Wh,201,0.0
142816,15,2025-03-03T01:45:00+08:00,27415405,0,False,Wh,201,0.0
142816,15,2025-03-03T02:00:00+08:00,27415432,0,False,Wh,201,0.0
142816,15,2025-03-03T02:15:00+08:00,27415459,0,False,Wh,201,0.0
142816,15,2025-03-03T02:30:00+08:00,27415490,0,False,Wh,201,0.0
142816,15,2025-03-03T02:45:00+08:00,27415509,0,False,Wh,201,0.0
142816,15,2025-03-03T03:00:00+08:00,27415528,0,False,Wh,201,0.0
142816,15,2025-03-03T03:15:00+08:00,27415552,0,False,Wh,201,0.0
142816,15,2025-03-03T03:30:00+08:00,27415576,0,False,Wh,201,0.0
142816,15,2025-03-03T03:45:00+08:00,27415600,0,False,Wh,201,0.0
142816,15,2025-03-03T04:00:00+08:00,27415625,0,False,Wh,201,0.0
142816,15,2025-03-03T04:15:00+08:00,27416339,0,False,Wh,201,0.0
142816,15,2025-03-03T04:30:00+08:00,27416686,0,False,Wh,201,0.0
142816,15,2025-03-03T04:45:00+08:00,27417003,0,False,Wh,201,0.0
142816,15,2025-03-03T05:00:00+08:00,27417105,0,False,Wh,201,0.0
142816,15,2025-03-03T05:15:00+08:00,27417127,0,False,Wh,201,0.0
142816,15,2025-03-03T05:30:00+08:00,27417143,0,False,Wh,201,0.0
142816,15,2025-03-03T05:45:00+08:00,27417159,0,False,Wh,201,0.0
142816,15,2025-03-03T06:00:00+08:00,27417181,0,False,Wh,201,0.0
142816,15,2025-03-03T06:15:00+08:00,27417203,0,False,Wh,201,0.0
142816,15,2025-03-03T06:30:00+08:00,27417225,0,False,Wh,201,0.0
142816,15,2025-03-03T06:45:00+08:00,27417238,0,False,Wh,201,0.0
142816,15,2025-03-03T07:00:00+08:00,27417257,0,False,Wh,201,0.0
142816,15,2025-03-03T07:15:00+08:00,27417280,0,False,Wh,201,0.0
142816,15,2025-03-03T07:30:00+08:00,27417303,0,False,Wh,201,0.0
142816,15,2025-03-03T07:45:00+08:00,27417326,0,False,Wh,201,0.0
142816,15,2025-03-03T08:00:00+08:00,27417337,0,False,Wh,201,0.0
142816,15,2025-03-03T08:15:00+08:00,27417358,0,False,Wh,201,0.0
142816,15,2025-03-03T08:30:00+08:00,27417380,0,False,Wh,201,0.0
142816,15,2025-03-03T08:45:00+08:00,27417401,0,False,Wh,201,0.0
142816,15,2025-03-03T09:00:00+08:00,27417419,0,False,Wh,201,0.0
142816,15,2025-03-03T09:15:00+08:00,27417433,0,False,Wh,201,0.0
142816,15,2025-03-03T09:30:00+08:00,27417455,0,False,Wh,201,0.0
142816,15,2025-03-03T09:45:00+08:00,27417477,0,False,Wh,201,0.0
142816,15,2025-03-03T10:00:00+08:00,27417501,0,False,Wh,201,0.0
142816,15,2025-03-03T10:15:00+08:00,27417516,0,False,Wh,201,0.0
142816,15,2025-03-03T10:30:00+08:00,27417535,0,False,Wh,201,0.0
142816,15,2025-03-03T10:45:00+08:00,27417882,0,False,Wh,201,0.0
142816,15,2025-03-03T11:00:00+08:00,27417904,0,False,Wh,201,0.0
142816,15,2025-03-03T11:15:00+08:00,27417925,0,False,Wh,201,0.0
142816,15,2025-03-03T11:30:00+08:00,27417947,0,False,Wh,201,0.0
142816,15,2025-03-03T11:45:00+08:00,27417969,0,False,Wh,201,0.0
142816,15,2025-03-03T12:00:00+08:00,27417990,0,False,Wh,201,0.0
142816,15,2025-03-03T12:15:00+08:00,27418010,0,False,Wh,201,0.0
142816,15,2025-03-03T12:30:00+08:00,27418059,0,False,Wh,201,0.0
142816,15,2025-03-03T12:45:00+08:00,27418133,0,False,Wh,201,0.0
142816,15,2025-03-03T13:00:00+08:00,27418163,0,False,Wh,201,0.0
142816,15,2025-03-03T13:15:00+08:00,27418193,0,False,Wh,201,0.0
142816,15,2025-03-03T13:30:00+08:00,27418223,0,False,Wh,201,0.0
142816,15,2025-03-03T13:45:00+08:00,27418254,0,False,Wh,201,0.0
142816,15,2025-03-03T14:00:00+08:00,27418283,0,False,Wh,201,0.0
142816,15,2025-03-03T14:15:00+08:00,27418312,0,False,Wh,201,0.0
142816,15,2025-03-03T14:30:00+08:00,27418326,0,False,Wh,201,0.0
142816,15,2025-03-03T14:45:00+08:00,27418344,0,False,Wh,201,0.0
142816,15,2025-03-03T15:00:00+08:00,27418366,0,False,Wh,201,0.0
142816,15,2025-03-03T15:15:00+08:00,27418389,0,False,Wh,201,0.0
142816,15,2025-03-03T15:30:00+08:00,27418405,0,False,Wh,201,0.0
142816,15,2025-03-03T15:45:00+08:00,27418428,0,False,Wh,201,0.0
142816,15,2025-03-03T16:00:00+08:00,27418464,0,False,Wh,201,0.0
142816,15,2025-03-03T16:15:00+08:00,27418500,0,False,Wh,201,0.0
142816,15,2025-03-03T16:30:00+08:00,27418511,0,False,Wh,201,0.0
142816,15,2025-03-03T16:45:00+08:00,27418536,0,False,Wh,201,0.0
142816,15,2025-03-03T17:00:00+08:00,27418572,0,False,Wh,201,0.0
142816,15,2025-03-03T17:15:00+08:00,27418588,0,False,Wh,201,0.0
142816,15,2025-03-03T17:30:00+08:00,27418605,0,False,Wh,201,0.0
142816,15,2025-03-03T17:45:00+08:00,27418632,0,False,Wh,201,0.0
142816,15,2025-03-03T18:00:00+08:00,27418655,0,False,Wh,201,0.0
142816,15,2025-03-03T18:15:00+08:00,27419045,0,False,Wh,201,0.0
142816,15,2025-03-03T18:30:00+08:00,27419073,0,False,Wh,201,0.0
142816,15,2025-03-03T18:45:00+08:00,27419097,0,False,Wh,201,0.0
142816,15,2025-03-03T19:00:00+08:00,27419108,0,False,Wh,201,0.0
142816,15,2025-03-03T19:15:00+08:00,27419135,0,False,Wh,201,0.0
142816,15,2025-03-03T19:30:00+08:00,27419160,0,False,Wh,201,0.0
142816,15,2025-03-03T19:45:00+08:00,27419170,0,False,Wh,201,0.0
142816,15,2025-03-03T20:00:00+08:00,27419197,0,False,Wh,201,0.0
142816,15,2025-03-03T20:15:00+08:00,27419223,0,False,Wh,201,0.0
142816,15,2025-03-03T20:30:00+08:00,27419233,0,False,Wh,201,0.0
142816,15,2025-03-03T20:45:00+08:00,27419259,0,False,Wh,201,0.0
142816,15,2025-03-03T21:00:00+08:00,27419285,0,False,Wh,201,0.0
142816,15,2025-03-03T21:15:00+08:00,27419295,0,False,Wh,201,0.0
142816,15,2025-03-03T21:30:00+08:00,27419321,0,False,Wh,201,0.0
142816,15,2025-03-03T21:45:00+08:00,27419346,0,False,Wh,201,0.0
142816,15,2025-03-03T22:00:00+08:00,27419356,0,False,Wh,201,0.0
142816,15,2025-03-03T22:15:00+08:00,27419383,0,False,Wh,201,0.0
142816,15,2025-03-03T22:30:00+08:00,27419407,0,False,Wh,201,0.0
142816,15,2025-03-03T22:45:00+08:00,27419417,0,False,Wh,201,0.0
142816,15,2025-03-03T23:00:00+08:00,27419440,0,False,Wh,201,0.0
142816,15,2025-03-03T23:15:00+08:00,27419462,0,False,Wh,201,0.0
142816,15,2025-03-03T23:30:00+08:00,27419483,0,False,Wh,201,0.0
142816,15,2025-03-03T23:45:00+08:00,27419498,0,False,Wh,201,0.0
142817,15,2025-02-22T00:00:00+08:00,28073385,0,False,Wh,203,0.0
142817,15,2025-02-22T00:15:00+08:00,28073552,0,False,Wh,203,0.0
142817,15,2025-02-22T00:30:00+08:00,28073716,0,False,Wh,203,0.0
142817,15,2025-02-22T00:45:00+08:00,28073877,0,False,Wh,203,0.0
142817,15,2025-02-22T01:00:00+08:00,28074046,0,False,Wh,203,0.0
142817,15,2025-02-22T01:15:00+08:00,28074212,0,False,Wh,203,0.0
142817,15,2025-02-22T01:30:00+08:00,28074381,0,False,Wh,203,0.0
142817,15,2025-02-22T01:45:00+08:00,28074549,0,False,Wh,203,0.0
142817,15,2025-02-22T02:00:00+08:00,28074717,0,False,Wh,203,0.0
142817,15,2025-02-22T02:15:00+08:00,28074875,0,False,Wh,203,0.0
142817,15,2025-02-22T02:30:00+08:00,28075031,0,False,Wh,203,0.0
142817,15,2025-02-22T02:45:00+08:00,28075204,0,False,Wh,203,0.0
142817,15,2025-02-22T03:00:00+08:00,28075367,0,False,Wh,203,0.0
142817,15,2025-02-22T03:15:00+08:00,28075520,0,False,Wh,203,0.0
142817,15,2025-02-22T03:30:00+08:00,28075671,0,False,Wh,203,0.0
142817,15,2025-02-22T03:45:00+08:00,28075828,0,False,Wh,203,0.0
142817,15,2025-02-22T04:00:00+08:00,28075988,0,False,Wh,203,0.0
142817,15,2025-02-22T04:15:00+08:00,28076143,0,False,Wh,203,0.0
142817,15,2025-02-22T04:30:00+08:00,28076279,0,False,Wh,203,0.0
142817,15,2025-02-22T04:45:00+08:00,28076422,0,False,Wh,203,0.0
142817,15,2025-02-22T05:00:00+08:00,28076571,0,False,Wh,203,0.0
142817,15,2025-02-22T05:15:00+08:00,28076716,0,False,Wh,203,0.0
142817,15,2025-02-22T05:30:00+08:00,28076852,0,False,Wh,203,0.0
142817,15,2025-02-22T05:45:00+08:00,28076989,0,False,Wh,203,0.0
142817,15,2025-02-22T06:00:00+08:00,28077137,0,False,Wh,203,0.0
142817,15,2025-02-22T06:15:00+08:00,28077284,0,False,Wh,203,0.0
142817,15,2025-02-22T06:30:00+08:00,28077420,0,False,Wh,203,0.0
142817,15,2025-02-22T06:45:00+08:00,28077555,0,False,Wh,203,0.0
142817,15,2025-02-22T07:00:00+08:00,28077705,0,False,Wh,203,0.0
142817,15,2025-02-22T07:15:00+08:00,28077852,0,False,Wh,203,0.0
142817,15,2025-02-22T07:30:00+08:00,28078001,0,False,Wh,203,0.0
142817,15,2025-02-22T07:45:00+08:00,28078136,0,False,Wh,203,0.0
142817,15,2025-02-22T08:00:00+08:00,28078278,0,False,Wh,203,0.0
142817,15,2025-02-22T08:15:00+08:00,28078421,0,False,Wh,203,0.0
142817,15,2025-02-22T08:30:00+08:00,28078565,0,False,Wh,203,0.0
142817,15,2025-02-22T08:45:00+08:00,28078703,0,False,Wh,203,0.0
142817,15,2025-02-22T09:00:00+08:00,28078843,0,False,Wh,203,0.0
142817,15,2025-02-22T09:15:00+08:00,28079472,0,False,Wh,203,0.0
142817,15,2025-02-22T09:30:00+08:00,28079631,0,False,Wh,203,0.0
142817,15,2025-02-22T09:45:00+08:00,28079780,0,False,Wh,203,0.0
142817,15,2025-02-22T10:00:00+08:00,28079926,0,False,Wh,203,0.0
142817,15,2025-02-22T10:15:00+08:00,28080089,0,False,Wh,203,0.0
142817,15,2025-02-22T10:30:00+08:00,28080258,0,False,Wh,203,0.0
142817,15,2025-02-22T10:45:00+08:00,28080401,0,False,Wh,203,0.0
142817,15,2025-02-22T11:00:00+08:00,28080876,0,False,Wh,203,0.0
142817,15,2025-02-22T11:15:00+08:00,28081287,0,False,Wh,203,0.0
142817,15,2025-02-22T11:30:00+08:00,28081682,0,False,Wh,203,0.0
142817,15,2025-02-22T11:45:00+08:00,28082167,0,False,Wh,203,0.0
142817,15,2025-02-22T12:00:00+08:00,28083365,0,False,Wh,203,0.0
142817,15,2025-02-22T12:15:00+08:00,28084460,0,False,Wh,203,0.0
142817,15,2025-02-22T12:30:00+08:00,28084620,0,False,Wh,203,0.0
142817,15,2025-02-22T12:45:00+08:00,28084753,0,False,Wh,203,0.0
142817,15,2025-02-22T13:00:00+08:00,28084887,0,False,Wh,203,0.0
142817,15,2025-02-22T13:15:00+08:00,28085017,0,False,Wh,203,0.0
142817,15,2025-02-22T13:30:00+08:00,28085289,0,False,Wh,203,0.0
142817,15,2025-02-22T13:45:00+08:00,28085435,0,False,Wh,203,0.0
142817,15,2025-02-22T14:00:00+08:00,28085587,0,False,Wh,203,0.0
142817,15,2025-02-22T14:15:00+08:00,28085736,0,False,Wh,203,0.0
142817,15,2025-02-22T14:30:00+08:00,28085886,0,False,Wh,203,0.0
142817,15,2025-02-22T14:45:00+08:00,28086033,0,False,Wh,203,0.0
142817,15,2025-02-22T15:00:00+08:00,28086190,0,False,Wh,203,0.0
142817,15,2025-02-22T15:15:00+08:00,28086343,0,False,Wh,203,0.0
142817,15,2025-02-22T15:30:00+08:00,28086490,0,False,Wh,203,0.0
142817,15,2025-02-22T15:45:00+08:00,28086650,0,False,Wh,203,0.0
142817,15,2025-02-22T16:00:00+08:00,28086794,0,False,Wh,203,0.0
142817,15,2025-02-22T16:15:00+08:00,28086955,0,False,Wh,203,0.0
142817,15,2025-02-22T16:30:00+08:00,28087113,0,False,Wh,203,0.0
142817,15,2025-02-22T16:45:00+08:00,28087283,0,False,Wh,203,0.0
142817,15,2025-02-22T17:00:00+08:00,28087462,0,False,Wh,203,0.0
142817,15,2025-02-22T17:15:00+08:00,28087645,0,False,Wh,203,0.0
142817,15,2025-02-22T17:30:00+08:00,28088297,0,False,Wh,203,0.0
142817,15,2025-02-22T17:45:00+08:00,28088447,0,False,Wh,203,0.0
142817,15,2025-02-22T18:00:00+08:00,28088629,0,False,Wh,203,0.0
142817,15,2025-02-22T18:15:00+08:00,28088773,0,False,Wh,203,0.0
142817,15,2025-02-22T18:30:00+08:00,28088916,0,False,Wh,203,0.0
142817,15,2025-02-22T18:45:00+08:00,28089049,0,False,Wh,203,0.0
142817,15,2025-02-22T19:00:00+08:00,28089192,0,False,Wh,203,0.0
142817,15,2025-02-22T19:15:00+08:00,28089322,0,False,Wh,203,0.0
142817,15,2025-02-22T19:30:00+08:00,28089448,0,False,Wh,203,0.0
142817,15,2025-02-22T19:45:00+08:00,28089573,0,False,Wh,203,0.0
142817,15,2025-02-22T20:00:00+08:00,28089696,0,False,Wh,203,0.0
142817,15,2025-02-22T20:15:00+08:00,28089820,0,False,Wh,203,0.0
142817,15,2025-02-22T20:30:00+08:00,28089971,0,False,Wh,203,0.0
142817,15,2025-02-22T20:45:00+08:00,28090113,0,False,Wh,203,0.0
142817,15,2025-02-22T21:00:00+08:00,28090247,0,False,Wh,203,0.0
142817,15,2025-02-22T21:15:00+08:00,28090382,0,False,Wh,203,0.0
142817,15,2025-02-22T21:30:00+08:00,28090512,0,False,Wh,203,0.0
142817,15,2025-02-22T21:45:00+08:00,28090644,0,False,Wh,203,0.0
142817,15,2025-02-22T22:00:00+08:00,28090776,0,False,Wh,203,0.0
142817,15,2025-02-22T22:15:00+08:00,28090912,0,False,Wh,203,0.0
142817,15,2025-02-22T22:30:00+08:00,28091039,0,False,Wh,203,0.0
142817,15,2025-02-22T22:45:00+08:00,28091177,0,False,Wh,203,0.0
142817,15,2025-02-22T23:00:00+08:00,28091304,0,False,Wh,203,0.0
142817,15,2025-02-22T23:15:00+08:00,28091431,0,False,Wh,203,0.0
142817,15,2025-02-22T23:30:00+08:00,28091562,0,False,Wh,203,0.0
142817,15,2025-02-22T23:45:00+08:00,28091692,0,False,Wh,203,0.0
142817,15,2025-02-23T00:00:00+08:00,28092275,0,False,Wh,203,0.0
142817,15,2025-02-23T00:15:00+08:00,28092407,0,False,Wh,203,0.0
142817,15,2025-02-23T00:30:00+08:00,28092565,0,False,Wh,203,0.0
142817,15,2025-02-23T00:45:00+08:00,28092689,0,False,Wh,203,0.0
142817,15,2025-02-23T01:00:00+08:00,28092808,0,False,Wh,203,0.0
142817,15,2025-02-23T01:15:00+08:00,28092937,0,False,Wh,203,0.0
142817,15,2025-02-23T01:30:00+08:00,28093066,0,False,Wh,203,0.0
142817,15,2025-02-23T01:45:00+08:00,28093190,0,False,Wh,203,0.0
142817,15,2025-02-23T02:00:00+08:00,28093314,0,False,Wh,203,0.0
142817,15,2025-02-23T02:15:00+08:00,28093613,0,False,Wh,203,0.0
142817,15,2025-02-23T02:30:00+08:00,28094610,0,False,Wh,203,0.0
142817,15,2025-02-23T02:45:00+08:00,28095606,0,False,Wh,203,0.0
142817,15,2025-02-23T03:00:00+08:00,28096090,0,False,Wh,203,0.0
142817,15,2025-02-23T03:15:00+08:00,28096221,0,False,Wh,203,0.0
142817,15,2025-02-23T03:30:00+08:00,28096360,0,False,Wh,203,0.0
142817,15,2025-02-23T03:45:00+08:00,28096480,0,False,Wh,203,0.0
142817,15,2025-02-23T04:00:00+08:00,28096607,0,False,Wh,203,0.0
142817,15,2025-02-23T04:15:00+08:00,28096731,0,False,Wh,203,0.0
142817,15,2025-02-23T04:30:00+08:00,28096855,0,False,Wh,203,0.0
142817,15,2025-02-23T04:45:00+08:00,28096979,0,False,Wh,203,0.0
142817,15,2025-02-23T05:00:00+08:00,28097090,0,False,Wh,203,0.0
142817,15,2025-02-23T05:15:00+08:00,28097204,0,False,Wh,203,0.0
142817,15,2025-02-23T05:30:00+08:00,28097320,0,False,Wh,203,0.0
142817,15,2025-02-23T05:45:00+08:00,28097434,0,False,Wh,203,0.0
142817,15,2025-02-23T06:00:00+08:00,28097540,0,False,Wh,203,0.0
142817,15,2025-02-23T06:15:00+08:00,28097653,0,False,Wh,203,0.0
142817,15,2025-02-23T06:30:00+08:00,28097759,0,False,Wh,203,0.0
142817,15,2025-02-23T06:45:00+08:00,28097871,0,False,Wh,203,0.0
142817,15,2025-02-23T07:00:00+08:00,28098005,0,False,Wh,203,0.0
142817,15,2025-02-23T07:15:00+08:00,28098130,0,False,Wh,203,0.0
142817,15,2025-02-23T07:30:00+08:00,28098223,0,False,Wh,203,0.0
142817,15,2025-02-23T07:45:00+08:00,28098335,0,False,Wh,203,0.0
142817,15,2025-02-23T08:00:00+08:00,28098444,0,False,Wh,203,0.0
142817,15,2025-02-23T08:15:00+08:00,28098730,0,False,Wh,203,0.0
142817,15,2025-02-23T08:30:00+08:00,28099246,0,False,Wh,203,0.0
142817,15,2025-02-23T08:45:00+08:00,28099356,0,False,Wh,203,0.0
142817,15,2025-02-23T09:00:00+08:00,28099466,0,False,Wh,203,0.0
142817,15,2025-02-23T09:15:00+08:00,28099578,0,False,Wh,203,0.0
142817,15,2025-02-23T09:30:00+08:00,28099701,0,False,Wh,203,0.0
142817,15,2025-02-23T09:45:00+08:00,28100814,0,False,Wh,203,0.0
142817,15,2025-02-23T10:00:00+08:00,28101296,0,False,Wh,203,0.0
142817,15,2025-02-23T10:15:00+08:00,28101493,0,False,Wh,203,0.0
142817,15,2025-02-23T10:30:00+08:00,28102944,0,False,Wh,203,0.0
142817,15,2025-02-23T10:45:00+08:00,28104498,0,False,Wh,203,0.0
142817,15,2025-02-23T11:00:00+08:00,28105384,0,False,Wh,203,0.0
142817,15,2025-02-23T11:15:00+08:00,28105990,0,False,Wh,203,0.0
142817,15,2025-02-23T11:30:00+08:00,28106492,0,False,Wh,203,0.0
142817,15,2025-02-23T11:45:00+08:00,28107001,0,False,Wh,203,0.0
142817,15,2025-02-23T12:00:00+08:00,28107092,0,False,Wh,203,0.0
142817,15,2025-02-23T12:15:00+08:00,28107199,0,False,Wh,203,0.0
142817,15,2025-02-23T12:30:00+08:00,28107317,0,False,Wh,203,0.0
142817,15,2025-02-23T12:45:00+08:00,28108060,0,False,Wh,203,0.0
142817,15,2025-02-23T13:00:00+08:00,28109155,0,False,Wh,203,0.0
142817,15,2025-02-23T13:15:00+08:00,28109991,0,False,Wh,203,0.0
142817,15,2025-02-23T13:30:00+08:00,28110863,0,False,Wh,203,0.0
142817,15,2025-02-23T13:45:00+08:00,28111279,0,False,Wh,203,0.0
142817,15,2025-02-23T14:00:00+08:00,28111791,0,False,Wh,203,0.0
142817,15,2025-02-23T14:15:00+08:00,28112892,0,False,Wh,203,0.0
142817,15,2025-02-23T14:30:00+08:00,28113137,0,False,Wh,203,0.0
142817,15,2025-02-23T14:45:00+08:00,28113201,0,False,Wh,203,0.0
142817,15,2025-02-23T15:00:00+08:00,28113263,0,False,Wh,203,0.0
142817,15,2025-02-23T15:15:00+08:00,28113318,0,False,Wh,203,0.0
142817,15,2025-02-23T15:30:00+08:00,28113374,0,False,Wh,203,0.0
142817,15,2025-02-23T15:45:00+08:00,28113430,0,False,Wh,203,0.0
142817,15,2025-02-23T16:00:00+08:00,28113481,0,False,Wh,203,0.0
142817,15,2025-02-23T16:15:00+08:00,28113532,0,False,Wh,203,0.0
142817,15,2025-02-23T16:30:00+08:00,28113586,0,False,Wh,203,0.0
142817,15,2025-02-23T16:45:00+08:00,28113628,0,False,Wh,203,0.0
142817,15,2025-02-23T17:00:00+08:00,28113684,0,False,Wh,203,0.0
142817,15,2025-02-23T17:15:00+08:00,28113739,0,False,Wh,203,0.0
142817,15,2025-02-23T17:30:00+08:00,28113791,0,False,Wh,203,0.0
142817,15,2025-02-23T17:45:00+08:00,28113828,0,False,Wh,203,0.0
142817,15,2025-02-23T18:00:00+08:00,28113878,0,False,Wh,203,0.0
142817,15,2025-02-23T18:15:00+08:00,28113932,0,False,Wh,203,0.0
142817,15,2025-02-23T18:30:00+08:00,28113983,0,False,Wh,203,0.0
142817,15,2025-02-23T18:45:00+08:00,28114265,0,False,Wh,203,0.0
142817,15,2025-02-23T19:00:00+08:00,28114970,0,False,Wh,203,0.0
142817,15,2025-02-23T19:15:00+08:00,28115066,0,False,Wh,203,0.0
142817,15,2025-02-23T19:30:00+08:00,28115117,0,False,Wh,203,0.0
142817,15,2025-02-23T19:45:00+08:00,28115158,0,False,Wh,203,0.0
142817,15,2025-02-23T20:00:00+08:00,28115196,0,False,Wh,203,0.0
142817,15,2025-02-23T20:15:00+08:00,28115248,0,False,Wh,203,0.0
142817,15,2025-02-23T20:30:00+08:00,28115296,0,False,Wh,203,0.0
142817,15,2025-02-23T20:45:00+08:00,28115355,0,False,Wh,203,0.0
142817,15,2025-02-23T21:00:00+08:00,28115390,0,False,Wh,203,0.0
142817,15,2025-02-23T21:15:00+08:00,28115438,0,False,Wh,203,0.0
142817,15,2025-02-23T21:30:00+08:00,28115489,0,False,Wh,203,0.0
142817,15,2025-02-23T21:45:00+08:00,28115537,0,False,Wh,203,0.0
142817,15,2025-02-23T22:00:00+08:00,28115591,0,False,Wh,203,0.0
142817,15,2025-02-23T22:15:00+08:00,28115639,0,False,Wh,203,0.0
142817,15,2025-02-23T22:30:00+08:00,28115685,0,False,Wh,203,0.0
142817,15,2025-02-23T22:45:00+08:00,28115725,0,False,Wh,203,0.0
142817,15,2025-02-23T23:00:00+08:00,28115767,0,False,Wh,203,0.0
142817,15,2025-02-23T23:15:00+08:00,28115822,0,False,Wh,203,0.0
142817,15,2025-02-23T23:30:00+08:00,28115870,0,False,Wh,203,0.0
142817,15,2025-02-23T23:45:00+08:00,28115919,0,False,Wh,203,0.0
142817,15,2025-02-24T00:00:00+08:00,28115966,0,False,Wh,203,0.0
142817,15,2025-02-24T00:15:00+08:00,28116009,0,False,Wh,203,0.0
142817,15,2025-02-24T00:30:00+08:00,28116043,0,False,Wh,203,0.0
142817,15,2025-02-24T00:45:00+08:00,28116097,0,False,Wh,203,0.0
142817,15,2025-02-24T01:00:00+08:00,28116142,0,False,Wh,203,0.0
142817,15,2025-02-24T01:15:00+08:00,28116191,0,False,Wh,203,0.0
142817,15,2025-02-24T01:30:00+08:00,28116240,0,False,Wh,203,0.0
142817,15,2025-02-24T01:45:00+08:00,28116287,0,False,Wh,203,0.0
142817,15,2025-02-24T02:00:00+08:00,28116321,0,False,Wh,203,0.0
142817,15,2025-02-24T02:15:00+08:00,28116364,0,False,Wh,203,0.0
142817,15,2025-02-24T02:30:00+08:00,28116413,0,False,Wh,203,0.0
142817,15,2025-02-24T02:45:00+08:00,28116460,0,False,Wh,203,0.0
142817,15,2025-02-24T03:00:00+08:00,28116505,0,False,Wh,203,0.0
142817,15,2025-02-24T03:15:00+08:00,28116558,0,False,Wh,203,0.0
142817,15,2025-02-24T03:30:00+08:00,28116601,0,False,Wh,203,0.0
142817,15,2025-02-24T03:45:00+08:00,28116638,0,False,Wh,203,0.0
142817,15,2025-02-24T04:00:00+08:00,28116684,0,False,Wh,203,0.0
142817,15,2025-02-24T04:15:00+08:00,28116731,0,False,Wh,203,0.0
142817,15,2025-02-24T04:30:00+08:00,28116780,0,False,Wh,203,0.0
142817,15,2025-02-24T04:45:00+08:00,28116830,0,False,Wh,203,0.0
142817,15,2025-02-24T05:00:00+08:00,28116875,0,False,Wh,203,0.0
142817,15,2025-02-24T05:15:00+08:00,28116917,0,False,Wh,203,0.0
142817,15,2025-02-24T05:30:00+08:00,28116950,0,False,Wh,203,0.0
142817,15,2025-02-24T05:45:00+08:00,28117097,0,False,Wh,203,0.0
142817,15,2025-02-24T06:00:00+08:00,28117535,0,False,Wh,203,0.0
142817,15,2025-02-24T06:15:00+08:00,28117578,0,False,Wh,203,0.0
142817,15,2025-02-24T06:30:00+08:00,28117626,0,False,Wh,203,0.0
142817,15,2025-02-24T06:45:00+08:00,28117674,0,False,Wh,203,0.0
142817,15,2025-02-24T07:00:00+08:00,28117705,0,False,Wh,203,0.0
142817,15,2025-02-24T07:15:00+08:00,28117747,0,False,Wh,203,0.0
142817,15,2025-02-24T07:30:00+08:00,28117793,0,False,Wh,203,0.0
142817,15,2025-02-24T07:45:00+08:00,28117840,0,False,Wh,203,0.0
142817,15,2025-02-24T08:00:00+08:00,28117890,0,False,Wh,203,0.0
142817,15,2025-02-24T08:15:00+08:00,28117933,0,False,Wh,203,0.0
142817,15,2025-02-24T08:30:00+08:00,28117976,0,False,Wh,203,0.0
142817,15,2025-02-24T08:45:00+08:00,28118011,0,False,Wh,203,0.0
142817,15,2025-02-24T09:00:00+08:00,28118053,0,False,Wh,203,0.0
142817,15,2025-02-24T09:15:00+08:00,28118104,0,False,Wh,203,0.0
142817,15,2025-02-24T09:30:00+08:00,28118150,0,False,Wh,203,0.0
142817,15,2025-02-24T09:45:00+08:00,28118194,0,False,Wh,203,0.0
142817,15,2025-02-24T10:00:00+08:00,28118244,0,False,Wh,203,0.0
142817,15,2025-02-24T10:15:00+08:00,28118279,0,False,Wh,203,0.0
142817,15,2025-02-24T10:30:00+08:00,28118315,0,False,Wh,203,0.0
142817,15,2025-02-24T10:45:00+08:00,28118366,0,False,Wh,203,0.0
142817,15,2025-02-24T11:00:00+08:00,28118412,0,False,Wh,203,0.0
142817,15,2025-02-24T11:15:00+08:00,28118456,0,False,Wh,203,0.0
142817,15,2025-02-24T11:30:00+08:00,28118506,0,False,Wh,203,0.0
142817,15,2025-02-24T11:45:00+08:00,28118547,0,False,Wh,203,0.0
142817,15,2025-02-24T12:00:00+08:00,28118580,0,False,Wh,203,0.0
142817,15,2025-02-24T12:15:00+08:00,28118626,0,False,Wh,203,0.0
142817,15,2025-02-24T12:30:00+08:00,28118671,0,False,Wh,203,0.0
142817,15,2025-02-24T12:45:00+08:00,28118716,0,False,Wh,203,0.0
142817,15,2025-02-24T13:00:00+08:00,28118766,0,False,Wh,203,0.0
142817,15,2025-02-24T13:15:00+08:00,28118808,0,False,Wh,203,0.0
142817,15,2025-02-24T13:30:00+08:00,28118846,0,False,Wh,203,0.0
142817,15,2025-02-24T13:45:00+08:00,28118885,0,False,Wh,203,0.0
142817,15,2025-02-24T14:00:00+08:00,28118927,0,False,Wh,203,0.0
142817,15,2025-02-24T14:15:00+08:00,28118975,0,False,Wh,203,0.0
142817,15,2025-02-24T14:30:00+08:00,28119021,0,False,Wh,203,0.0
142817,15,2025-02-24T14:45:00+08:00,28119052,0,False,Wh,203,0.0
142817,15,2025-02-24T15:00:00+08:00,28119101,0,False,Wh,203,0.0
142817,15,2025-02-24T15:15:00+08:00,28119146,0,False,Wh,203,0.0
142817,15,2025-02-24T15:30:00+08:00,28119193,0,False,Wh,203,0.0
142817,15,2025-02-24T15:45:00+08:00,28119228,0,False,Wh,203,0.0
142817,15,2025-02-24T16:00:00+08:00,28119267,0,False,Wh,203,0.0
142817,15,2025-02-24T16:15:00+08:00,28119624,0,False,Wh,203,0.0
142817,15,2025-02-24T16:30:00+08:00,28119894,0,False,Wh,203,0.0
142817,15,2025-02-24T16:45:00+08:00,28119926,0,False,Wh,203,0.0
142817,15,2025-02-24T17:00:00+08:00,28119974,0,False,Wh,203,0.0
142817,15,2025-02-24T17:15:00+08:00,28120024,0,False,Wh,203,0.0
142817,15,2025-02-24T17:30:00+08:00,28120069,0,False,Wh,203,0.0
142817,15,2025-02-24T17:45:00+08:00,28120098,0,False,Wh,203,0.0
142817,15,2025-02-24T18:00:00+08:00,28120146,0,False,Wh,203,0.0
142817,15,2025-02-24T18:15:00+08:00,28120200,0,False,Wh,203,0.0
142817,15,2025-02-24T18:30:00+08:00,28120233,0,False,Wh,203,0.0
142817,15,2025-02-24T18:45:00+08:00,28120270,0,False,Wh,203,0.0
142817,15,2025-02-24T19:00:00+08:00,28120317,0,False,Wh,203,0.0
142817,15,2025-02-24T19:15:00+08:00,28120368,0,False,Wh,203,0.0
142817,15,2025-02-24T19:30:00+08:00,28120403,0,False,Wh,203,0.0
142817,15,2025-02-24T19:45:00+08:00,28120434,0,False,Wh,203,0.0
142817,15,2025-02-24T20:00:00+08:00,28120489,0,False,Wh,203,0.0
142817,15,2025-02-24T20:15:00+08:00,28120537,0,False,Wh,203,0.0
142817,15,2025-02-24T20:30:00+08:00,28120569,0,False,Wh,203,0.0
142817,15,2025-02-24T20:45:00+08:00,28120615,0,False,Wh,203,0.0
142817,15,2025-02-24T21:00:00+08:00,28120664,0,False,Wh,203,0.0
142817,15,2025-02-24T21:15:00+08:00,28120711,0,False,Wh,203,0.0
142817,15,2025-02-24T21:30:00+08:00,28120747,0,False,Wh,203,0.0
142817,15,2025-02-24T21:45:00+08:00,28120790,0,False,Wh,203,0.0
142817,15,2025-02-24T22:00:00+08:00,28120845,0,False,Wh,203,0.0
142817,15,2025-02-24T22:15:00+08:00,28120887,0,False,Wh,203,0.0
142817,15,2025-02-24T22:30:00+08:00,28120917,0,False,Wh,203,0.0
142817,15,2025-02-24T22:45:00+08:00,28120971,0,False,Wh,203,0.0
142817,15,2025-02-24T23:00:00+08:00,28121022,0,False,Wh,203,0.0
142817,15,2025-02-24T23:15:00+08:00,28121059,0,False,Wh,203,0.0
142817,15,2025-02-24T23:30:00+08:00,28121097,0,False,Wh,203,0.0
142817,15,2025-02-24T23:45:00+08:00,28121146,0,False,Wh,203,0.0
142817,15,2025-02-25T00:00:00+08:00,28121199,0,False,Wh,203,0.0
142817,15,2025-02-25T00:15:00+08:00,28121235,0,False,Wh,203,0.0
142817,15,2025-02-25T00:30:00+08:00,28121269,0,False,Wh,203,0.0
142817,15,2025-02-25T00:45:00+08:00,28121319,0,False,Wh,203,0.0
142817,15,2025-02-25T01:00:00+08:00,28121371,0,False,Wh,203,0.0
142817,15,2025-02-25T01:15:00+08:00,28121408,0,False,Wh,203,0.0
142817,15,2025-02-25T01:30:00+08:00,28121447,0,False,Wh,203,0.0
142817,15,2025-02-25T01:45:00+08:00,28121490,0,False,Wh,203,0.0
142817,15,2025-02-25T02:00:00+08:00,28121544,0,False,Wh,203,0.0
142817,15,2025-02-25T02:15:00+08:00,28121587,0,False,Wh,203,0.0
142817,15,2025-02-25T02:30:00+08:00,28121617,0,False,Wh,203,0.0
142817,15,2025-02-25T02:45:00+08:00,28121667,0,False,Wh,203,0.0
142817,15,2025-02-25T03:00:00+08:00,28121713,0,False,Wh,203,0.0
142817,15,2025-02-25T03:15:00+08:00,28122149,0,False,Wh,203,0.0
142817,15,2025-02-25T03:30:00+08:00,28122316,0,False,Wh,203,0.0
142817,15,2025-02-25T03:45:00+08:00,28122359,0,False,Wh,203,0.0
142817,15,2025-02-25T04:00:00+08:00,28122409,0,False,Wh,203,0.0
142817,15,2025-02-25T04:15:00+08:00,28122455,0,False,Wh,203,0.0
142817,15,2025-02-25T04:30:00+08:00,28122493,0,False,Wh,203,0.0
142817,15,2025-02-25T04:45:00+08:00,28122532,0,False,Wh,203,0.0
142817,15,2025-02-25T05:00:00+08:00,28122578,0,False,Wh,203,0.0
142817,15,2025-02-25T05:15:00+08:00,28122628,0,False,Wh,203,0.0
142817,15,2025-02-25T05:30:00+08:00,28122658,0,False,Wh,203,0.0
142817,15,2025-02-25T05:45:00+08:00,28122699,0,False,Wh,203,0.0
142817,15,2025-02-25T06:00:00+08:00,28122738,0,False,Wh,203,0.0
142817,15,2025-02-25T06:15:00+08:00,28122788,0,False,Wh,203,0.0
142817,15,2025-02-25T06:30:00+08:00,28122825,0,False,Wh,203,0.0
142817,15,2025-02-25T06:45:00+08:00,28122860,0,False,Wh,203,0.0
142817,15,2025-02-25T07:00:00+08:00,28122905,0,False,Wh,203,0.0
142817,15,2025-02-25T07:15:00+08:00,28122945,0,False,Wh,203,0.0
142817,15,2025-02-25T07:30:00+08:00,28122994,0,False,Wh,203,0.0
142817,15,2025-02-25T07:45:00+08:00,28123022,0,False,Wh,203,0.0
142817,15,2025-02-25T08:00:00+08:00,28123067,0,False,Wh,203,0.0
142817,15,2025-02-25T08:15:00+08:00,28123113,0,False,Wh,203,0.0
142817,15,2025-02-25T08:30:00+08:00,28123156,0,False,Wh,203,0.0
142817,15,2025-02-25T08:45:00+08:00,28123191,0,False,Wh,203,0.0
142817,15,2025-02-25T09:00:00+08:00,28123232,0,False,Wh,203,0.0
142817,15,2025-02-25T09:15:00+08:00,28123274,0,False,Wh,203,0.0
142817,15,2025-02-25T09:30:00+08:00,28123323,0,False,Wh,203,0.0
142817,15,2025-02-25T09:45:00+08:00,28123354,0,False,Wh,203,0.0
142817,15,2025-02-25T10:00:00+08:00,28123397,0,False,Wh,203,0.0
142817,15,2025-02-25T10:15:00+08:00,28123439,0,False,Wh,203,0.0
142817,15,2025-02-25T10:30:00+08:00,28123486,0,False,Wh,203,0.0
142817,15,2025-02-25T10:45:00+08:00,28123525,0,False,Wh,203,0.0
142817,15,2025-02-25T11:00:00+08:00,28123557,0,False,Wh,203,0.0
142817,15,2025-02-25T11:15:00+08:00,28123606,0,False,Wh,203,0.0
142817,15,2025-02-25T11:30:00+08:00,28123651,0,False,Wh,203,0.0
142817,15,2025-02-25T11:45:00+08:00,28123691,0,False,Wh,203,0.0
142817,15,2025-02-25T12:00:00+08:00,28123728,0,False,Wh,203,0.0
142817,15,2025-02-25T12:15:00+08:00,28123768,0,False,Wh,203,0.0
142817,15,2025-02-25T12:30:00+08:00,28123821,0,False,Wh,203,0.0
142817,15,2025-02-25T12:45:00+08:00,28123860,0,False,Wh,203,0.0
142817,15,2025-02-25T13:00:00+08:00,28123891,0,False,Wh,203,0.0
142817,15,2025-02-25T13:15:00+08:00,28123938,0,False,Wh,203,0.0
142817,15,2025-02-25T13:30:00+08:00,28123982,0,False,Wh,203,0.0
142817,15,2025-02-25T13:45:00+08:00,28124029,0,False,Wh,203,0.0
142817,15,2025-02-25T14:00:00+08:00,28124573,0,False,Wh,203,0.0
142817,15,2025-02-25T14:15:00+08:00,28124631,0,False,Wh,203,0.0
142817,15,2025-02-25T14:30:00+08:00,28124681,0,False,Wh,203,0.0
142817,15,2025-02-25T14:45:00+08:00,28124722,0,False,Wh,203,0.0
142817,15,2025-02-25T15:00:00+08:00,28124756,0,False,Wh,203,0.0
142817,15,2025-02-25T15:15:00+08:00,28124799,0,False,Wh,203,0.0
142817,15,2025-02-25T15:30:00+08:00,28124855,0,False,Wh,203,0.0
142817,15,2025-02-25T15:45:00+08:00,28124887,0,False,Wh,203,0.0
142817,15,2025-02-25T16:00:00+08:00,28124922,0,False,Wh,203,0.0
142817,15,2025-02-25T16:15:00+08:00,28124972,0,False,Wh,203,0.0
142817,15,2025-02-25T16:30:00+08:00,28125020,0,False,Wh,203,0.0
142817,15,2025-02-25T16:45:00+08:00,28125057,0,False,Wh,203,0.0
142817,15,2025-02-25T17:00:00+08:00,28125090,0,False,Wh,203,0.0
142817,15,2025-02-25T17:15:00+08:00,28125146,0,False,Wh,203,0.0
142817,15,2025-02-25T17:30:00+08:00,28125191,0,False,Wh,203,0.0
142817,15,2025-02-25T17:45:00+08:00,28125222,0,False,Wh,203,0.0
142817,15,2025-02-25T18:00:00+08:00,28125264,0,False,Wh,203,0.0
142817,15,2025-02-25T18:15:00+08:00,28125311,0,False,Wh,203,0.0
142817,15,2025-02-25T18:30:00+08:00,28125357,0,False,Wh,203,0.0
142817,15,2025-02-25T18:45:00+08:00,28125384,0,False,Wh,203,0.0
142817,15,2025-02-25T19:00:00+08:00,28125430,0,False,Wh,203,0.0
142817,15,2025-02-25T19:15:00+08:00,28125481,0,False,Wh,203,0.0
142817,15,2025-02-25T19:30:00+08:00,28125533,0,False,Wh,203,0.0
142817,15,2025-02-25T19:45:00+08:00,28125619,0,False,Wh,203,0.0
142817,15,2025-02-25T20:00:00+08:00,28125659,0,False,Wh,203,0.0
142817,15,2025-02-25T20:15:00+08:00,28125715,0,False,Wh,203,0.0
142817,15,2025-02-25T20:30:00+08:00,28125771,0,False,Wh,203,0.0
142817,15,2025-02-25T20:45:00+08:00,28125821,0,False,Wh,203,0.0
142817,15,2025-02-25T21:00:00+08:00,28125879,0,False,Wh,203,0.0
142817,15,2025-02-25T21:15:00+08:00,28125927,0,False,Wh,203,0.0
142817,15,2025-02-25T21:30:00+08:00,28125960,0,False,Wh,203,0.0
142817,15,2025-02-25T21:45:00+08:00,28126010,0,False,Wh,203,0.0
142817,15,2025-02-25T22:00:00+08:00,28126059,0,False,Wh,203,0.0
142817,15,2025-02-25T22:15:00+08:00,28126102,0,False,Wh,203,0.0
142817,15,2025-02-25T22:30:00+08:00,28126134,0,False,Wh,203,0.0
142817,15,2025-02-25T22:45:00+08:00,28126180,0,False,Wh,203,0.0
142817,15,2025-02-25T23:00:00+08:00,28126236,0,False,Wh,203,0.0
142817,15,2025-02-25T23:15:00+08:00,28126272,0,False,Wh,203,0.0
142817,15,2025-02-25T23:30:00+08:00,28126307,0,False,Wh,203,0.0
142817,15,2025-02-25T23:45:00+08:00,28126355,0,False,Wh,203,0.0
142817,15,2025-02-26T00:00:00+08:00,28126405,0,False,Wh,203,0.0
142817,15,2025-02-26T00:15:00+08:00,28126447,0,False,Wh,203,0.0
142817,15,2025-02-26T00:30:00+08:00,28126476,0,False,Wh,203,0.0
142817,15,2025-02-26T00:45:00+08:00,28126530,0,False,Wh,203,0.0
142817,15,2025-02-26T01:00:00+08:00,28126814,0,False,Wh,203,0.0
142817,15,2025-02-26T01:15:00+08:00,28127131,0,False,Wh,203,0.0
142817,15,2025-02-26T01:30:00+08:00,28127164,0,False,Wh,203,0.0
142817,15,2025-02-26T01:45:00+08:00,28127215,0,False,Wh,203,0.0
142817,15,2025-02-26T02:00:00+08:00,28127268,0,False,Wh,203,0.0
142817,15,2025-02-26T02:15:00+08:00,28127301,0,False,Wh,203,0.0
142817,15,2025-02-26T02:30:00+08:00,28127338,0,False,Wh,203,0.0
142817,15,2025-02-26T02:45:00+08:00,28127386,0,False,Wh,203,0.0
142817,15,2025-02-26T03:00:00+08:00,28127443,0,False,Wh,203,0.0
142817,15,2025-02-26T03:15:00+08:00,28127473,0,False,Wh,203,0.0
142817,15,2025-02-26T03:30:00+08:00,28127512,0,False,Wh,203,0.0
142817,15,2025-02-26T03:45:00+08:00,28127562,0,False,Wh,203,0.0
142817,15,2025-02-26T04:00:00+08:00,28127612,0,False,Wh,203,0.0
142817,15,2025-02-26T04:15:00+08:00,28127646,0,False,Wh,203,0.0
142817,15,2025-02-26T04:30:00+08:00,28127682,0,False,Wh,203,0.0
142817,15,2025-02-26T04:45:00+08:00,28127730,0,False,Wh,203,0.0
142817,15,2025-02-26T05:00:00+08:00,28127779,0,False,Wh,203,0.0
142817,15,2025-02-26T05:15:00+08:00,28127815,0,False,Wh,203,0.0
142817,15,2025-02-26T05:30:00+08:00,28127845,0,False,Wh,203,0.0
142817,15,2025-02-26T05:45:00+08:00,28127890,0,False,Wh,203,0.0
142817,15,2025-02-26T06:00:00+08:00,28127936,0,False,Wh,203,0.0
142817,15,2025-02-26T06:15:00+08:00,28127979,0,False,Wh,203,0.0
142817,15,2025-02-26T06:30:00+08:00,28128005,0,False,Wh,203,0.0
142817,15,2025-02-26T06:45:00+08:00,28128051,0,False,Wh,203,0.0
142817,15,2025-02-26T07:00:00+08:00,28128094,0,False,Wh,203,0.0
142817,15,2025-02-26T07:15:00+08:00,28128144,0,False,Wh,203,0.0
142817,15,2025-02-26T07:30:00+08:00,28128170,0,False,Wh,203,0.0
142817,15,2025-02-26T07:45:00+08:00,28128211,0,False,Wh,203,0.0
142817,15,2025-02-26T08:00:00+08:00,28128256,0,False,Wh,203,0.0
142817,15,2025-02-26T08:15:00+08:00,28128305,0,False,Wh,203,0.0
142817,15,2025-02-26T08:30:00+08:00,28128337,0,False,Wh,203,0.0
142817,15,2025-02-26T08:45:00+08:00,28128372,0,False,Wh,203,0.0
142817,15,2025-02-26T09:00:00+08:00,28128425,0,False,Wh,203,0.0
142817,15,2025-02-26T09:15:00+08:00,28128466,0,False,Wh,203,0.0
142817,15,2025-02-26T09:30:00+08:00,28128501,0,False,Wh,203,0.0
142817,15,2025-02-26T09:45:00+08:00,28128538,0,False,Wh,203,0.0
142817,15,2025-02-26T10:00:00+08:00,28128590,0,False,Wh,203,0.0
142817,15,2025-02-26T10:15:00+08:00,28128631,0,False,Wh,203,0.0
142817,15,2025-02-26T10:30:00+08:00,28128662,0,False,Wh,203,0.0
142817,15,2025-02-26T10:45:00+08:00,28128705,0,False,Wh,203,0.0
142817,15,2025-02-26T11:00:00+08:00,28128754,0,False,Wh,203,0.0
142817,15,2025-02-26T11:15:00+08:00,28128794,0,False,Wh,203,0.0
142817,15,2025-02-26T11:30:00+08:00,28128824,0,False,Wh,203,0.0
142817,15,2025-02-26T11:45:00+08:00,28128870,0,False,Wh,203,0.0
142817,15,2025-02-26T12:00:00+08:00,28129149,0,False,Wh,203,0.0
142817,15,2025-02-26T12:15:00+08:00,28129505,0,False,Wh,203,0.0
142817,15,2025-02-26T12:30:00+08:00,28129535,0,False,Wh,203,0.0
142817,15,2025-02-26T12:45:00+08:00,28129584,0,False,Wh,203,0.0
142817,15,2025-02-26T13:00:00+08:00,28129631,0,False,Wh,203,0.0
142817,15,2025-02-26T13:15:00+08:00,28129669,0,False,Wh,203,0.0
142817,15,2025-02-26T13:30:00+08:00,28129697,0,False,Wh,203,0.0
142817,15,2025-02-26T13:45:00+08:00,28129751,0,False,Wh,203,0.0
142817,15,2025-02-26T14:00:00+08:00,28129797,0,False,Wh,203,0.0
142817,15,2025-02-26T14:15:00+08:00,28129831,0,False,Wh,203,0.0
142817,15,2025-02-26T14:30:00+08:00,28129864,0,False,Wh,203,0.0
142817,15,2025-02-26T14:45:00+08:00,28129912,0,False,Wh,203,0.0
142817,15,2025-02-26T15:00:00+08:00,28129962,0,False,Wh,203,0.0
142817,15,2025-02-26T15:15:00+08:00,28129990,0,False,Wh,203,0.0
142817,15,2025-02-26T15:30:00+08:00,28130029,0,False,Wh,203,0.0
142817,15,2025-02-26T15:45:00+08:00,28130073,0,False,Wh,203,0.0
142817,15,2025-02-26T16:00:00+08:00,28130125,0,False,Wh,203,0.0
142817,15,2025-02-26T16:15:00+08:00,28130149,0,False,Wh,203,0.0
142817,15,2025-02-26T16:30:00+08:00,28130190,0,False,Wh,203,0.0
142817,15,2025-02-26T16:45:00+08:00,28130234,0,False,Wh,203,0.0
142817,15,2025-02-26T17:00:00+08:00,28130286,0,False,Wh,203,0.0
142817,15,2025-02-26T17:15:00+08:00,28130312,0,False,Wh,203,0.0
142817,15,2025-02-26T17:30:00+08:00,28130353,0,False,Wh,203,0.0
142817,15,2025-02-26T17:45:00+08:00,28130400,0,False,Wh,203,0.0
142817,15,2025-02-26T18:00:00+08:00,28130442,0,False,Wh,203,0.0
142817,15,2025-02-26T18:15:00+08:00,28130472,0,False,Wh,203,0.0
142817,15,2025-02-26T18:30:00+08:00,28130510,0,False,Wh,203,0.0
142817,15,2025-02-26T18:45:00+08:00,28130562,0,False,Wh,203,0.0
142817,15,2025-02-26T19:00:00+08:00,28130598,0,False,Wh,203,0.0
142817,15,2025-02-26T19:15:00+08:00,28130628,0,False,Wh,203,0.0
142817,15,2025-02-26T19:30:00+08:00,28130671,0,False,Wh,203,0.0
142817,15,2025-02-26T19:45:00+08:00,28130717,0,False,Wh,203,0.0
142817,15,2025-02-26T20:00:00+08:00,28130757,0,False,Wh,203,0.0
142817,15,2025-02-26T20:15:00+08:00,28130784,0,False,Wh,203,0.0
142817,15,2025-02-26T20:30:00+08:00,28130835,0,False,Wh,203,0.0
142817,15,2025-02-26T20:45:00+08:00,28130884,0,False,Wh,203,0.0
142817,15,2025-02-26T21:00:00+08:00,28130920,0,False,Wh,203,0.0
142817,15,2025-02-26T21:15:00+08:00,28130954,0,False,Wh,203,0.0
142817,15,2025-02-26T21:30:00+08:00,28131001,0,False,Wh,203,0.0
142817,15,2025-02-26T21:45:00+08:00,28131055,0,False,Wh,203,0.0
142817,15,2025-02-26T22:00:00+08:00,28131087,0,False,Wh,203,0.0
142817,15,2025-02-26T22:15:00+08:00,28131121,0,False,Wh,203,0.0
142817,15,2025-02-26T22:30:00+08:00,28131174,0,False,Wh,203,0.0
142817,15,2025-02-26T22:45:00+08:00,28131220,0,False,Wh,203,0.0
142817,15,2025-02-26T23:00:00+08:00,28131256,0,False,Wh,203,0.0
142817,15,2025-02-26T23:15:00+08:00,28131292,0,False,Wh,203,0.0
142817,15,2025-02-26T23:30:00+08:00,28131527,0,False,Wh,203,0.0
142817,15,2025-02-26T23:45:00+08:00,28131903,0,False,Wh,203,0.0
142817,15,2025-02-27T00:00:00+08:00,28131930,0,False,Wh,203,0.0
142817,15,2025-02-27T00:15:00+08:00,28131974,0,False,Wh,203,0.0
142817,15,2025-02-27T00:30:00+08:00,28132024,0,False,Wh,203,0.0
142817,15,2025-02-27T00:45:00+08:00,28132066,0,False,Wh,203,0.0
142817,15,2025-02-27T01:00:00+08:00,28132100,0,False,Wh,203,0.0
142817,15,2025-02-27T01:15:00+08:00,28132142,0,False,Wh,203,0.0
142817,15,2025-02-27T01:30:00+08:00,28132195,0,False,Wh,203,0.0
142817,15,2025-02-27T01:45:00+08:00,28132233,0,False,Wh,203,0.0
142817,15,2025-02-27T02:00:00+08:00,28132263,0,False,Wh,203,0.0
142817,15,2025-02-27T02:15:00+08:00,28132314,0,False,Wh,203,0.0
142817,15,2025-02-27T02:30:00+08:00,28132361,0,False,Wh,203,0.0
142817,15,2025-02-27T02:45:00+08:00,28132401,0,False,Wh,203,0.0
142817,15,2025-02-27T03:00:00+08:00,28132431,0,False,Wh,203,0.0
142817,15,2025-02-27T03:15:00+08:00,28132484,0,False,Wh,203,0.0
142817,15,2025-02-27T03:30:00+08:00,28132534,0,False,Wh,203,0.0
142817,15,2025-02-27T03:45:00+08:00,28132565,0,False,Wh,203,0.0
142817,15,2025-02-27T04:00:00+08:00,28132605,0,False,Wh,203,0.0
142817,15,2025-02-27T04:15:00+08:00,28132652,0,False,Wh,203,0.0
142817,15,2025-02-27T04:30:00+08:00,28132704,0,False,Wh,203,0.0
142817,15,2025-02-27T04:45:00+08:00,28132732,0,False,Wh,203,0.0
142817,15,2025-02-27T05:00:00+08:00,28132775,0,False,Wh,203,0.0
142817,15,2025-02-27T05:15:00+08:00,28132822,0,False,Wh,203,0.0
142817,15,2025-02-27T05:30:00+08:00,28132862,0,False,Wh,203,0.0
142817,15,2025-02-27T05:45:00+08:00,28132891,0,False,Wh,203,0.0
142817,15,2025-02-27T06:00:00+08:00,28132933,0,False,Wh,203,0.0
142817,15,2025-02-27T06:15:00+08:00,28132984,0,False,Wh,203,0.0
142817,15,2025-02-27T06:30:00+08:00,28133016,0,False,Wh,203,0.0
142817,15,2025-02-27T06:45:00+08:00,28133050,0,False,Wh,203,0.0
142817,15,2025-02-27T07:00:00+08:00,28133093,0,False,Wh,203,0.0
142817,15,2025-02-27T07:15:00+08:00,28133144,0,False,Wh,203,0.0
142817,15,2025-02-27T07:30:00+08:00,28133173,0,False,Wh,203,0.0
142817,15,2025-02-27T07:45:00+08:00,28133207,0,False,Wh,203,0.0
142817,15,2025-02-27T08:00:00+08:00,28133255,0,False,Wh,203,0.0
142817,15,2025-02-27T08:15:00+08:00,28133303,0,False,Wh,203,0.0
142817,15,2025-02-27T08:30:00+08:00,28133334,0,False,Wh,203,0.0
142817,15,2025-02-27T08:45:00+08:00,28133385,0,False,Wh,203,0.0
142817,15,2025-02-27T09:00:00+08:00,28134161,0,False,Wh,203,0.0
142817,15,2025-02-27T09:15:00+08:00,28134238,0,False,Wh,203,0.0
142817,15,2025-02-27T09:30:00+08:00,28134275,0,False,Wh,203,0.0
142817,15,2025-02-27T09:45:00+08:00,28134319,0,False,Wh,203,0.0
142817,15,2025-02-27T10:00:00+08:00,28134398,0,False,Wh,203,0.0
142817,15,2025-02-27T10:15:00+08:00,28134856,0,False,Wh,203,0.0
142817,15,2025-02-27T10:30:00+08:00,28134887,0,False,Wh,203,0.0
142817,15,2025-02-27T10:45:00+08:00,28134938,0,False,Wh,203,0.0
142817,15,2025-02-27T11:00:00+08:00,28134985,0,False,Wh,203,0.0
142817,15,2025-02-27T11:15:00+08:00,28135020,0,False,Wh,203,0.0
142817,15,2025-02-27T11:30:00+08:00,28135053,0,False,Wh,203,0.0
142817,15,2025-02-27T11:45:00+08:00,28135106,0,False,Wh,203,0.0
142817,15,2025-02-27T12:00:00+08:00,28135151,0,False,Wh,203,0.0
142817,15,2025-02-27T12:15:00+08:00,28135338,0,False,Wh,203,0.0
142817,15,2025-02-27T12:30:00+08:00,28135611,0,False,Wh,203,0.0
142817,15,2025-02-27T12:45:00+08:00,28135847,0,False,Wh,203,0.0
142817,15,2025-02-27T13:00:00+08:00,28136048,0,False,Wh,203,0.0
142817,15,2025-02-27T13:15:00+08:00,28136219,0,False,Wh,203,0.0
142817,15,2025-02-27T13:30:00+08:00,28136411,0,False,Wh,203,0.0
142817,15,2025-02-27T13:45:00+08:00,28136514,0,False,Wh,203,0.0
142817,15,2025-02-27T14:00:00+08:00,28137372,0,False,Wh,203,0.0
142817,15,2025-02-27T14:15:00+08:00,28137670,0,False,Wh,203,0.0
142817,15,2025-02-27T14:30:00+08:00,28137929,0,False,Wh,203,0.0
142817,15,2025-02-27T14:45:00+08:00,28138201,0,False,Wh,203,0.0
142817,15,2025-02-27T15:00:00+08:00,28138430,0,False,Wh,203,0.0
142817,15,2025-02-27T15:15:00+08:00,28138658,0,False,Wh,203,0.0
142817,15,2025-02-27T15:30:00+08:00,28138872,0,False,Wh,203,0.0
142817,15,2025-02-27T15:45:00+08:00,28139080,0,False,Wh,203,0.0
142817,15,2025-02-27T16:00:00+08:00,28139283,0,False,Wh,203,0.0
142817,15,2025-02-27T16:15:00+08:00,28139494,0,False,Wh,203,0.0
142817,15,2025-02-27T16:30:00+08:00,28139711,0,False,Wh,203,0.0
142817,15,2025-02-27T16:45:00+08:00,28139924,0,False,Wh,203,0.0
142817,15,2025-02-27T17:00:00+08:00,28140624,0,False,Wh,203,0.0
142817,15,2025-02-27T17:15:00+08:00,28141590,0,False,Wh,203,0.0
142817,15,2025-02-27T17:30:00+08:00,28142251,0,False,Wh,203,0.0
142817,15,2025-02-27T17:45:00+08:00,28142569,0,False,Wh,203,0.0
142817,15,2025-02-27T18:00:00+08:00,28142811,0,False,Wh,203,0.0
142817,15,2025-02-27T18:15:00+08:00,28143036,0,False,Wh,203,0.0
142817,15,2025-02-27T18:30:00+08:00,28143266,0,False,Wh,203,0.0
142817,15,2025-02-27T18:45:00+08:00,28143476,0,False,Wh,203,0.0
142817,15,2025-02-27T19:00:00+08:00,28143641,0,False,Wh,203,0.0
142817,15,2025-02-27T19:15:00+08:00,28143780,0,False,Wh,203,0.0
142817,15,2025-02-27T19:30:00+08:00,28143900,0,False,Wh,203,0.0
142817,15,2025-02-27T19:45:00+08:00,28144007,0,False,Wh,203,0.0
142817,15,2025-02-27T20:00:00+08:00,28144288,0,False,Wh,203,0.0
142817,15,2025-02-27T20:15:00+08:00,28145058,0,False,Wh,203,0.0
142817,15,2025-02-27T20:30:00+08:00,28145931,0,False,Wh,203,0.0
142817,15,2025-02-27T20:45:00+08:00,28146715,0,False,Wh,203,0.0
142817,15,2025-02-27T21:00:00+08:00,28147238,0,False,Wh,203,0.0
142817,15,2025-02-27T21:15:00+08:00,28147462,0,False,Wh,203,0.0
142817,15,2025-02-27T21:30:00+08:00,28147679,0,False,Wh,203,0.0
142817,15,2025-02-27T21:45:00+08:00,28147916,0,False,Wh,203,0.0
142817,15,2025-02-27T22:00:00+08:00,28148147,0,False,Wh,203,0.0
142817,15,2025-02-27T22:15:00+08:00,28148587,0,False,Wh,203,0.0
142817,15,2025-02-27T22:30:00+08:00,28148970,0,False,Wh,203,0.0
142817,15,2025-02-27T22:45:00+08:00,28149168,0,False,Wh,203,0.0
142817,15,2025-02-27T23:00:00+08:00,28149369,0,False,Wh,203,0.0
142817,15,2025-02-27T23:15:00+08:00,28149906,0,False,Wh,203,0.0
142817,15,2025-02-27T23:30:00+08:00,28150108,0,False,Wh,203,0.0
142817,15,2025-02-27T23:45:00+08:00,28150898,0,False,Wh,203,0.0
142817,15,2025-02-28T00:00:00+08:00,28151042,0,False,Wh,203,0.0
142817,15,2025-02-28T00:15:00+08:00,28151152,0,False,Wh,203,0.0
142817,15,2025-02-28T00:30:00+08:00,28151256,0,False,Wh,203,0.0
142817,15,2025-02-28T00:45:00+08:00,28151353,0,False,Wh,203,0.0
142817,15,2025-02-28T01:00:00+08:00,28151453,0,False,Wh,203,0.0
142817,15,2025-02-28T01:15:00+08:00,28151547,0,False,Wh,203,0.0
142817,15,2025-02-28T01:30:00+08:00,28151635,0,False,Wh,203,0.0
142817,15,2025-02-28T01:45:00+08:00,28151757,0,False,Wh,203,0.0
142817,15,2025-02-28T02:00:00+08:00,28151876,0,False,Wh,203,0.0
142817,15,2025-02-28T02:15:00+08:00,28151976,0,False,Wh,203,0.0
142817,15,2025-02-28T02:30:00+08:00,28152074,0,False,Wh,203,0.0
142817,15,2025-02-28T02:45:00+08:00,28152176,0,False,Wh,203,0.0
142817,15,2025-02-28T03:00:00+08:00,28152274,0,False,Wh,203,0.0
142817,15,2025-02-28T03:15:00+08:00,28152373,0,False,Wh,203,0.0
142817,15,2025-02-28T03:30:00+08:00,28152473,0,False,Wh,203,0.0
142817,15,2025-02-28T03:45:00+08:00,28152570,0,False,Wh,203,0.0
142817,15,2025-02-28T04:00:00+08:00,28152676,0,False,Wh,203,0.0
142817,15,2025-02-28T04:15:00+08:00,28152742,0,False,Wh,203,0.0
142817,15,2025-02-28T04:30:00+08:00,28152799,0,False,Wh,203,0.0
142817,15,2025-02-28T04:45:00+08:00,28152843,0,False,Wh,203,0.0
142817,15,2025-02-28T05:00:00+08:00,28152908,0,False,Wh,203,0.0
142817,15,2025-02-28T05:15:00+08:00,28152966,0,False,Wh,203,0.0
142817,15,2025-02-28T05:30:00+08:00,28153026,0,False,Wh,203,0.0
142817,15,2025-02-28T05:45:00+08:00,28153075,0,False,Wh,203,0.0
142817,15,2025-02-28T06:00:00+08:00,28153130,0,False,Wh,203,0.0
142817,15,2025-02-28T06:15:00+08:00,28153194,0,False,Wh,203,0.0
142817,15,2025-02-28T06:30:00+08:00,28153249,0,False,Wh,203,0.0
142817,15,2025-02-28T06:45:00+08:00,28153303,0,False,Wh,203,0.0
142817,15,2025-02-28T07:00:00+08:00,28153353,0,False,Wh,203,0.0
142817,15,2025-02-28T07:15:00+08:00,28153416,0,False,Wh,203,0.0
142817,15,2025-02-28T07:30:00+08:00,28153471,0,False,Wh,203,0.0
142817,15,2025-02-28T07:45:00+08:00,28153529,0,False,Wh,203,0.0
142817,15,2025-02-28T08:00:00+08:00,28153573,0,False,Wh,203,0.0
142817,15,2025-02-28T08:15:00+08:00,28153635,0,False,Wh,203,0.0
142817,15,2025-02-28T09:30:00+08:00,28153732,0,False,Wh,203,0.0
142817,15,2025-02-28T09:45:00+08:00,28154171,0,False,Wh,203,0.0
142817,15,2025-02-28T10:00:00+08:00,28154242,0,False,Wh,203,0.0
142817,15,2025-02-28T10:15:00+08:00,28154312,0,False,Wh,203,0.0
142817,15,2025-02-28T10:30:00+08:00,28154563,0,False,Wh,203,0.0
142817,15,2025-02-28T10:45:00+08:00,28154724,0,False,Wh,203,0.0
142817,15,2025-02-28T11:00:00+08:00,28154916,0,False,Wh,203,0.0
142817,15,2025-02-28T11:15:00+08:00,28154986,0,False,Wh,203,0.0
142817,15,2025-02-28T11:30:00+08:00,28155066,0,False,Wh,203,0.0
142817,15,2025-02-28T11:45:00+08:00,28155628,0,False,Wh,203,0.0
142817,15,2025-02-28T12:00:00+08:00,28155699,0,False,Wh,203,0.0
142817,15,2025-02-28T12:15:00+08:00,28155762,0,False,Wh,203,0.0
142817,15,2025-02-28T12:30:00+08:00,28155832,0,False,Wh,203,0.0
142817,15,2025-02-28T12:45:00+08:00,28155878,0,False,Wh,203,0.0
142817,15,2025-02-28T13:00:00+08:00,28155937,0,False,Wh,203,0.0
142817,15,2025-02-28T13:15:00+08:00,28156002,0,False,Wh,203,0.0
142817,15,2025-02-28T13:30:00+08:00,28156064,0,False,Wh,203,0.0
142817,15,2025-02-28T13:45:00+08:00,28156106,0,False,Wh,203,0.0
142817,15,2025-02-28T14:00:00+08:00,28156304,0,False,Wh,203,0.0
142817,15,2025-02-28T14:15:00+08:00,28156778,0,False,Wh,203,0.0
142817,15,2025-02-28T14:30:00+08:00,28157524,0,False,Wh,203,0.0
142817,15,2025-02-28T14:45:00+08:00,28158169,0,False,Wh,203,0.0
142817,15,2025-02-28T15:00:00+08:00,28158446,0,False,Wh,203,0.0
142817,15,2025-02-28T15:15:00+08:00,28158713,0,False,Wh,203,0.0
142817,15,2025-02-28T15:30:00+08:00,28158981,0,False,Wh,203,0.0
142817,15,2025-02-28T15:45:00+08:00,28159229,0,False,Wh,203,0.0
142817,15,2025-02-28T16:00:00+08:00,28159479,0,False,Wh,203,0.0
142817,15,2025-02-28T16:15:00+08:00,28159719,0,False,Wh,203,0.0
142817,15,2025-02-28T16:30:00+08:00,28159950,0,False,Wh,203,0.0
142817,15,2025-02-28T16:45:00+08:00,28160198,0,False,Wh,203,0.0
142817,15,2025-02-28T17:00:00+08:00,28160448,0,False,Wh,203,0.0
142817,15,2025-02-28T17:15:00+08:00,28160689,0,False,Wh,203,0.0
142817,15,2025-02-28T17:30:00+08:00,28161498,0,False,Wh,203,0.0
142817,15,2025-02-28T17:45:00+08:00,28161940,0,False,Wh,203,0.0
142817,15,2025-02-28T18:00:00+08:00,28162300,0,False,Wh,203,0.0
142817,15,2025-02-28T18:15:00+08:00,28162879,0,False,Wh,203,0.0
142817,15,2025-02-28T18:30:00+08:00,28163439,0,False,Wh,203,0.0
142817,15,2025-02-28T18:45:00+08:00,28163974,0,False,Wh,203,0.0
142817,15,2025-02-28T19:00:00+08:00,28164510,0,False,Wh,203,0.0
142817,15,2025-02-28T19:15:00+08:00,28165038,0,False,Wh,203,0.0
142817,15,2025-02-28T19:30:00+08:00,28165499,0,False,Wh,203,0.0
142817,15,2025-02-28T19:45:00+08:00,28165726,0,False,Wh,203,0.0
142817,15,2025-02-28T20:00:00+08:00,28165950,0,False,Wh,203,0.0
142817,15,2025-02-28T20:15:00+08:00,28166165,0,False,Wh,203,0.0
142817,15,2025-02-28T20:30:00+08:00,28166384,0,False,Wh,203,0.0
142817,15,2025-02-28T20:45:00+08:00,28166613,0,False,Wh,203,0.0
142817,15,2025-02-28T21:00:00+08:00,28167134,0,False,Wh,203,0.0
142817,15,2025-02-28T21:15:00+08:00,28167668,0,False,Wh,203,0.0
142817,15,2025-02-28T21:30:00+08:00,28168602,0,False,Wh,203,0.0
142817,15,2025-02-28T21:45:00+08:00,28169133,0,False,Wh,203,0.0
142817,15,2025-02-28T22:00:00+08:00,28169328,0,False,Wh,203,0.0
142817,15,2025-02-28T22:15:00+08:00,28169502,0,False,Wh,203,0.0
142817,15,2025-02-28T22:30:00+08:00,28169684,0,False,Wh,203,0.0
142817,15,2025-02-28T22:45:00+08:00,28169859,0,False,Wh,203,0.0
142817,15,2025-02-28T23:00:00+08:00,28169999,0,False,Wh,203,0.0
142817,15,2025-02-28T23:15:00+08:00,28170449,0,False,Wh,203,0.0
142817,15,2025-02-28T23:30:00+08:00,28170648,0,False,Wh,203,0.0
142817,15,2025-02-28T23:45:00+08:00,28170764,0,False,Wh,203,0.0
142817,15,2025-03-01T00:00:00+08:00,28170901,0,False,Wh,203,0.0
142817,15,2025-03-01T00:15:00+08:00,28171018,0,False,Wh,203,0.0
142817,15,2025-03-01T00:30:00+08:00,28171133,0,False,Wh,203,0.0
142817,15,2025-03-01T00:45:00+08:00,28171771,0,False,Wh,203,0.0
142817,15,2025-03-01T01:00:00+08:00,28171960,0,False,Wh,203,0.0
142817,15,2025-03-01T01:15:00+08:00,28172039,0,False,Wh,203,0.0
142817,15,2025-03-01T01:30:00+08:00,28172101,0,False,Wh,203,0.0
142817,15,2025-03-01T01:45:00+08:00,28172165,0,False,Wh,203,0.0
142817,15,2025-03-01T02:00:00+08:00,28172225,0,False,Wh,203,0.0
142817,15,2025-03-01T02:15:00+08:00,28172280,0,False,Wh,203,0.0
142817,15,2025-03-01T02:30:00+08:00,28172330,0,False,Wh,203,0.0
142817,15,2025-03-01T02:45:00+08:00,28172423,0,False,Wh,203,0.0
142817,15,2025-03-01T03:00:00+08:00,28172499,0,False,Wh,203,0.0
142817,15,2025-03-01T03:15:00+08:00,28172553,0,False,Wh,203,0.0
142817,15,2025-03-01T03:30:00+08:00,28172617,0,False,Wh,203,0.0
142817,15,2025-03-01T03:45:00+08:00,28172677,0,False,Wh,203,0.0
142817,15,2025-03-01T04:00:00+08:00,28172740,0,False,Wh,203,0.0
142817,15,2025-03-01T04:15:00+08:00,28172810,0,False,Wh,203,0.0
142817,15,2025-03-01T04:30:00+08:00,28172867,0,False,Wh,203,0.0
142817,15,2025-03-01T04:45:00+08:00,28172917,0,False,Wh,203,0.0
142817,15,2025-03-01T05:00:00+08:00,28172975,0,False,Wh,203,0.0
142817,15,2025-03-01T05:15:00+08:00,28173032,0,False,Wh,203,0.0
142817,15,2025-03-01T05:30:00+08:00,28173094,0,False,Wh,203,0.0
142817,15,2025-03-01T05:45:00+08:00,28173148,0,False,Wh,203,0.0
142817,15,2025-03-01T06:00:00+08:00,28173208,0,False,Wh,203,0.0
142817,15,2025-03-01T06:15:00+08:00,28173255,0,False,Wh,203,0.0
142817,15,2025-03-01T06:30:00+08:00,28173305,0,False,Wh,203,0.0
142817,15,2025-03-01T06:45:00+08:00,28173367,0,False,Wh,203,0.0
142817,15,2025-03-01T07:00:00+08:00,28173422,0,False,Wh,203,0.0
142817,15,2025-03-01T07:15:00+08:00,28173478,0,False,Wh,203,0.0
142817,15,2025-03-01T07:30:00+08:00,28173539,0,False,Wh,203,0.0
142817,15,2025-03-01T07:45:00+08:00,28173583,0,False,Wh,203,0.0
142817,15,2025-03-01T08:00:00+08:00,28173633,0,False,Wh,203,0.0
142817,15,2025-03-01T08:15:00+08:00,28173690,0,False,Wh,203,0.0
142817,15,2025-03-01T08:30:00+08:00,28174189,0,False,Wh,203,0.0
142817,15,2025-03-01T08:45:00+08:00,28174251,0,False,Wh,203,0.0
142817,15,2025-03-01T09:00:00+08:00,28174304,0,False,Wh,203,0.0
142817,15,2025-03-01T09:15:00+08:00,28174359,0,False,Wh,203,0.0
142817,15,2025-03-01T09:30:00+08:00,28174403,0,False,Wh,203,0.0
142817,15,2025-03-01T09:45:00+08:00,28174474,0,False,Wh,203,0.0
142817,15,2025-03-01T10:00:00+08:00,28174542,0,False,Wh,203,0.0
142817,15,2025-03-01T10:15:00+08:00,28174613,0,False,Wh,203,0.0
142817,15,2025-03-01T10:30:00+08:00,28174680,0,False,Wh,203,0.0
142817,15,2025-03-01T10:45:00+08:00,28174746,0,False,Wh,203,0.0
142817,15,2025-03-01T11:00:00+08:00,28175138,0,False,Wh,203,0.0
142817,15,2025-03-01T11:15:00+08:00,28175213,0,False,Wh,203,0.0
142817,15,2025-03-01T11:30:00+08:00,28175554,0,False,Wh,203,0.0
142817,15,2025-03-01T11:45:00+08:00,28175913,0,False,Wh,203,0.0
142817,15,2025-03-01T12:00:00+08:00,28175978,0,False,Wh,203,0.0
142817,15,2025-03-01T12:15:00+08:00,28176079,0,False,Wh,203,0.0
142817,15,2025-03-01T12:30:00+08:00,28176174,0,False,Wh,203,0.0
142817,15,2025-03-01T12:45:00+08:00,28176245,0,False,Wh,203,0.0
142817,15,2025-03-01T13:00:00+08:00,28176763,0,False,Wh,203,0.0
142817,15,2025-03-01T13:15:00+08:00,28176863,0,False,Wh,203,0.0
142817,15,2025-03-01T13:30:00+08:00,28176946,0,False,Wh,203,0.0
142817,15,2025-03-01T13:45:00+08:00,28177017,0,False,Wh,203,0.0
142817,15,2025-03-01T14:00:00+08:00,28177091,0,False,Wh,203,0.0
142817,15,2025-03-01T14:15:00+08:00,28177147,0,False,Wh,203,0.0
142817,15,2025-03-01T14:30:00+08:00,28177226,0,False,Wh,203,0.0
142817,15,2025-03-01T14:45:00+08:00,28177294,0,False,Wh,203,0.0
142817,15,2025-03-01T15:00:00+08:00,28177352,0,False,Wh,203,0.0
142817,15,2025-03-01T15:15:00+08:00,28177420,0,False,Wh,203,0.0
142817,15,2025-03-01T15:30:00+08:00,28177495,0,False,Wh,203,0.0
142817,15,2025-03-01T15:45:00+08:00,28177562,0,False,Wh,203,0.0
142817,15,2025-03-01T16:00:00+08:00,28177798,0,False,Wh,203,0.0
142817,15,2025-03-01T16:15:00+08:00,28178720,0,False,Wh,203,0.0
142817,15,2025-03-01T16:30:00+08:00,28179382,0,False,Wh,203,0.0
142817,15,2025-03-01T16:45:00+08:00,28179859,0,False,Wh,203,0.0
142817,15,2025-03-01T17:00:00+08:00,28180209,0,False,Wh,203,0.0
142817,15,2025-03-01T17:15:00+08:00,28180910,0,False,Wh,203,0.0
142817,15,2025-03-01T17:30:00+08:00,28181632,0,False,Wh,203,0.0
142817,15,2025-03-01T17:45:00+08:00,28182287,0,False,Wh,203,0.0
142817,15,2025-03-01T18:00:00+08:00,28182620,0,False,Wh,203,0.0
142817,15,2025-03-01T18:15:00+08:00,28182901,0,False,Wh,203,0.0
142817,15,2025-03-01T18:30:00+08:00,28183160,0,False,Wh,203,0.0
142817,15,2025-03-01T18:45:00+08:00,28183424,0,False,Wh,203,0.0
142817,15,2025-03-01T19:00:00+08:00,28183984,0,False,Wh,203,0.0
142817,15,2025-03-01T19:15:00+08:00,28184437,0,False,Wh,203,0.0
142817,15,2025-03-01T19:30:00+08:00,28185162,0,False,Wh,203,0.0
142817,15,2025-03-01T19:45:00+08:00,28185919,0,False,Wh,203,0.0
142817,15,2025-03-01T20:00:00+08:00,28186894,0,False,Wh,203,0.0
142817,15,2025-03-01T20:15:00+08:00,28187368,0,False,Wh,203,0.0
142817,15,2025-03-01T20:30:00+08:00,28187622,0,False,Wh,203,0.0
142817,15,2025-03-01T20:45:00+08:00,28187882,0,False,Wh,203,0.0
142817,15,2025-03-01T21:00:00+08:00,28188159,0,False,Wh,203,0.0
142817,15,2025-03-01T21:15:00+08:00,28188370,0,False,Wh,203,0.0
142817,15,2025-03-01T21:30:00+08:00,28188569,0,False,Wh,203,0.0
142817,15,2025-03-01T21:45:00+08:00,28188757,0,False,Wh,203,0.0
142817,15,2025-03-01T22:00:00+08:00,28188945,0,False,Wh,203,0.0
142817,15,2025-03-01T22:15:00+08:00,28189124,0,False,Wh,203,0.0
142817,15,2025-03-01T22:30:00+08:00,28189302,0,False,Wh,203,0.0
142817,15,2025-03-01T22:45:00+08:00,28189475,0,False,Wh,203,0.0
142817,15,2025-03-01T23:00:00+08:00,28189642,0,False,Wh,203,0.0
142817,15,2025-03-01T23:15:00+08:00,28189805,0,False,Wh,203,0.0
142817,15,2025-03-01T23:30:00+08:00,28189969,0,False,Wh,203,0.0
142817,15,2025-03-01T23:45:00+08:00,28190121,0,False,Wh,203,0.0
142817,15,2025-03-02T00:00:00+08:00,28190272,0,False,Wh,203,0.0
142817,15,2025-03-02T00:15:00+08:00,28190435,0,False,Wh,203,0.0
142817,15,2025-03-02T00:30:00+08:00,28190615,0,False,Wh,203,0.0
142817,15,2025-03-02T00:45:00+08:00,28190778,0,False,Wh,203,0.0
142817,15,2025-03-02T01:00:00+08:00,28191357,0,False,Wh,203,0.0
142817,15,2025-03-02T01:15:00+08:00,28191524,0,False,Wh,203,0.0
142817,15,2025-03-02T01:30:00+08:00,28191680,0,False,Wh,203,0.0
142817,15,2025-03-02T01:45:00+08:00,28191769,0,False,Wh,203,0.0
142817,15,2025-03-02T02:00:00+08:00,28191823,0,False,Wh,203,0.0
142817,15,2025-03-02T02:15:00+08:00,28191878,0,False,Wh,203,0.0
142817,15,2025-03-02T02:30:00+08:00,28191942,0,False,Wh,203,0.0
142817,15,2025-03-02T02:45:00+08:00,28191996,0,False,Wh,203,0.0
142817,15,2025-03-02T03:00:00+08:00,28192047,0,False,Wh,203,0.0
142817,15,2025-03-02T03:15:00+08:00,28192099,0,False,Wh,203,0.0
142817,15,2025-03-02T03:30:00+08:00,28192163,0,False,Wh,203,0.0
142817,15,2025-03-02T03:45:00+08:00,28192217,0,False,Wh,203,0.0
142817,15,2025-03-02T04:00:00+08:00,28192270,0,False,Wh,203,0.0
142817,15,2025-03-02T04:15:00+08:00,28192319,0,False,Wh,203,0.0
142817,15,2025-03-02T04:30:00+08:00,28192383,0,False,Wh,203,0.0
142817,15,2025-03-02T04:45:00+08:00,28192438,0,False,Wh,203,0.0
142817,15,2025-03-02T05:00:00+08:00,28192494,0,False,Wh,203,0.0
142817,15,2025-03-02T05:15:00+08:00,28192541,0,False,Wh,203,0.0
142817,15,2025-03-02T05:30:00+08:00,28192602,0,False,Wh,203,0.0
142817,15,2025-03-02T05:45:00+08:00,28192657,0,False,Wh,203,0.0
142817,15,2025-03-02T06:00:00+08:00,28192715,0,False,Wh,203,0.0
142817,15,2025-03-02T06:15:00+08:00,28192762,0,False,Wh,203,0.0
142817,15,2025-03-02T06:30:00+08:00,28192819,0,False,Wh,203,0.0
142817,15,2025-03-02T06:45:00+08:00,28192879,0,False,Wh,203,0.0
142817,15,2025-03-02T07:00:00+08:00,28192934,0,False,Wh,203,0.0
142817,15,2025-03-02T07:15:00+08:00,28192984,0,False,Wh,203,0.0
142817,15,2025-03-02T07:30:00+08:00,28193042,0,False,Wh,203,0.0
142817,15,2025-03-02T07:45:00+08:00,28193248,0,False,Wh,203,0.0
142817,15,2025-03-02T08:00:00+08:00,28193356,0,False,Wh,203,0.0
142817,15,2025-03-02T08:15:00+08:00,28193406,0,False,Wh,203,0.0
142817,15,2025-03-02T08:30:00+08:00,28193460,0,False,Wh,203,0.0
142817,15,2025-03-02T08:45:00+08:00,28193517,0,False,Wh,203,0.0
142817,15,2025-03-02T09:00:00+08:00,28193577,0,False,Wh,203,0.0
142817,15,2025-03-02T09:15:00+08:00,28193627,0,False,Wh,203,0.0
142817,15,2025-03-02T09:30:00+08:00,28193675,0,False,Wh,203,0.0
142817,15,2025-03-02T09:45:00+08:00,28193732,0,False,Wh,203,0.0
142817,15,2025-03-02T10:00:00+08:00,28193791,0,False,Wh,203,0.0
142817,15,2025-03-02T10:15:00+08:00,28193843,0,False,Wh,203,0.0
142817,15,2025-03-02T10:30:00+08:00,28193892,0,False,Wh,203,0.0
142817,15,2025-03-02T10:45:00+08:00,28193945,0,False,Wh,203,0.0
142817,15,2025-03-02T11:00:00+08:00,28194311,0,False,Wh,203,0.0
142817,15,2025-03-02T11:15:00+08:00,28194549,0,False,Wh,203,0.0
142817,15,2025-03-02T11:30:00+08:00,28194854,0,False,Wh,203,0.0
142817,15,2025-03-02T11:45:00+08:00,28195215,0,False,Wh,203,0.0
142817,15,2025-03-02T12:00:00+08:00,28195578,0,False,Wh,203,0.0
142817,15,2025-03-02T12:15:00+08:00,28196107,0,False,Wh,203,0.0
142817,15,2025-03-02T12:30:00+08:00,28196475,0,False,Wh,203,0.0
142817,15,2025-03-02T12:45:00+08:00,28196827,0,False,Wh,203,0.0
142817,15,2025-03-02T13:00:00+08:00,28197800,0,False,Wh,203,0.0
142817,15,2025-03-02T13:15:00+08:00,28198119,0,False,Wh,203,0.0
142817,15,2025-03-02T13:30:00+08:00,28198522,0,False,Wh,203,0.0
142817,15,2025-03-02T13:45:00+08:00,28199282,0,False,Wh,203,0.0
142817,15,2025-03-02T14:00:00+08:00,28200044,0,False,Wh,203,0.0
142817,15,2025-03-02T14:15:00+08:00,28200806,0,False,Wh,203,0.0
142817,15,2025-03-02T14:30:00+08:00,28201468,0,False,Wh,203,0.0
142817,15,2025-03-02T14:45:00+08:00,28201828,0,False,Wh,203,0.0
142817,15,2025-03-02T15:00:00+08:00,28202762,0,False,Wh,203,0.0
142817,15,2025-03-02T15:15:00+08:00,28203534,0,False,Wh,203,0.0
142817,15,2025-03-02T15:30:00+08:00,28203954,0,False,Wh,203,0.0
142817,15,2025-03-02T15:45:00+08:00,28204714,0,False,Wh,203,0.0
142817,15,2025-03-02T16:00:00+08:00,28205107,0,False,Wh,203,0.0
142817,15,2025-03-02T16:15:00+08:00,28205825,0,False,Wh,203,0.0
142817,15,2025-03-02T16:30:00+08:00,28206156,0,False,Wh,203,0.0
142817,15,2025-03-02T16:45:00+08:00,28206513,0,False,Wh,203,0.0
142817,15,2025-03-02T17:00:00+08:00,28206861,0,False,Wh,203,0.0
142817,15,2025-03-02T17:15:00+08:00,28207197,0,False,Wh,203,0.0
142817,15,2025-03-02T17:30:00+08:00,28207513,0,False,Wh,203,0.0
142817,15,2025-03-02T17:45:00+08:00,28207822,0,False,Wh,203,0.0
142817,15,2025-03-02T18:00:00+08:00,28208102,0,False,Wh,203,0.0
142817,15,2025-03-02T18:15:00+08:00,28208395,0,False,Wh,203,0.0
142817,15,2025-03-02T18:30:00+08:00,28208680,0,False,Wh,203,0.0
142817,15,2025-03-02T18:45:00+08:00,28208964,0,False,Wh,203,0.0
142817,15,2025-03-02T19:00:00+08:00,28209217,0,False,Wh,203,0.0
142817,15,2025-03-02T19:15:00+08:00,28209322,0,False,Wh,203,0.0
142817,15,2025-03-02T19:30:00+08:00,28209386,0,False,Wh,203,0.0
142817,15,2025-03-02T19:45:00+08:00,28209481,0,False,Wh,203,0.0
142817,15,2025-03-02T20:00:00+08:00,28209587,0,False,Wh,203,0.0
142817,15,2025-03-02T20:15:00+08:00,28209658,0,False,Wh,203,0.0
142817,15,2025-03-02T20:30:00+08:00,28209902,0,False,Wh,203,0.0
142817,15,2025-03-02T20:45:00+08:00,28210136,0,False,Wh,203,0.0
142817,15,2025-03-02T21:00:00+08:00,28210569,0,False,Wh,203,0.0
142817,15,2025-03-02T21:15:00+08:00,28210894,0,False,Wh,203,0.0
142817,15,2025-03-02T21:30:00+08:00,28211171,0,False,Wh,203,0.0
142817,15,2025-03-02T21:45:00+08:00,28211444,0,False,Wh,203,0.0
142817,15,2025-03-02T22:00:00+08:00,28211710,0,False,Wh,203,0.0
142817,15,2025-03-02T22:15:00+08:00,28212533,0,False,Wh,203,0.0
142817,15,2025-03-02T22:30:00+08:00,28212788,0,False,Wh,203,0.0
142817,15,2025-03-02T22:45:00+08:00,28213015,0,False,Wh,203,0.0
142817,15,2025-03-02T23:00:00+08:00,28213239,0,False,Wh,203,0.0
142817,15,2025-03-02T23:15:00+08:00,28213477,0,False,Wh,203,0.0
142817,15,2025-03-02T23:30:00+08:00,28213694,0,False,Wh,203,0.0
142817,15,2025-03-02T23:45:00+08:00,28213911,0,False,Wh,203,0.0
142817,15,2025-03-03T00:00:00+08:00,28214102,0,False,Wh,203,0.0
142817,15,2025-03-03T00:15:00+08:00,28214303,0,False,Wh,203,0.0
142817,15,2025-03-03T00:30:00+08:00,28214510,0,False,Wh,203,0.0
142817,15,2025-03-03T00:45:00+08:00,28214719,0,False,Wh,203,0.0
142817,15,2025-03-03T01:00:00+08:00,28214790,0,False,Wh,203,0.0
142817,15,2025-03-03T01:15:00+08:00,28214878,0,False,Wh,203,0.0
142817,15,2025-03-03T01:30:00+08:00,28214978,0,False,Wh,203,0.0
142817,15,2025-03-03T01:45:00+08:00,28215089,0,False,Wh,203,0.0
142817,15,2025-03-03T02:00:00+08:00,28215180,0,False,Wh,203,0.0
142817,15,2025-03-03T02:15:00+08:00,28215299,0,False,Wh,203,0.0
142817,15,2025-03-03T02:30:00+08:00,28215393,0,False,Wh,203,0.0
142817,15,2025-03-03T02:45:00+08:00,28215487,0,False,Wh,203,0.0
142817,15,2025-03-03T03:00:00+08:00,28215578,0,False,Wh,203,0.0
142817,15,2025-03-03T03:15:00+08:00,28215696,0,False,Wh,203,0.0
142817,15,2025-03-03T03:30:00+08:00,28215827,0,False,Wh,203,0.0
142817,15,2025-03-03T03:45:00+08:00,28215939,0,False,Wh,203,0.0
142817,15,2025-03-03T04:00:00+08:00,28216041,0,False,Wh,203,0.0
142817,15,2025-03-03T04:15:00+08:00,28216142,0,False,Wh,203,0.0
142817,15,2025-03-03T04:30:00+08:00,28216254,0,False,Wh,203,0.0
142817,15,2025-03-03T04:45:00+08:00,28216354,0,False,Wh,203,0.0
142817,15,2025-03-03T05:00:00+08:00,28216457,0,False,Wh,203,0.0
142817,15,2025-03-03T05:15:00+08:00,28216570,0,False,Wh,203,0.0
142817,15,2025-03-03T05:30:00+08:00,28216673,0,False,Wh,203,0.0
142817,15,2025-03-03T05:45:00+08:00,28216770,0,False,Wh,203,0.0
142817,15,2025-03-03T06:00:00+08:00,28216883,0,False,Wh,203,0.0
142817,15,2025-03-03T06:15:00+08:00,28216979,0,False,Wh,203,0.0
142817,15,2025-03-03T06:30:00+08:00,28217094,0,False,Wh,203,0.0
142817,15,2025-03-03T06:45:00+08:00,28217189,0,False,Wh,203,0.0
142817,15,2025-03-03T07:00:00+08:00,28217287,0,False,Wh,203,0.0
142817,15,2025-03-03T07:15:00+08:00,28217382,0,False,Wh,203,0.0
142817,15,2025-03-03T07:30:00+08:00,28217483,0,False,Wh,203,0.0
142817,15,2025-03-03T07:45:00+08:00,28217583,0,False,Wh,203,0.0
142817,15,2025-03-03T08:00:00+08:00,28217682,0,False,Wh,203,0.0
142817,15,2025-03-03T08:15:00+08:00,28218247,0,False,Wh,203,0.0
142817,15,2025-03-03T08:30:00+08:00,28218342,0,False,Wh,203,0.0
142817,15,2025-03-03T08:45:00+08:00,28218436,0,False,Wh,203,0.0
142817,15,2025-03-03T09:00:00+08:00,28218522,0,False,Wh,203,0.0
142817,15,2025-03-03T09:15:00+08:00,28218626,0,False,Wh,203,0.0
142817,15,2025-03-03T09:30:00+08:00,28218720,0,False,Wh,203,0.0
142817,15,2025-03-03T09:45:00+08:00,28218828,0,False,Wh,203,0.0
142817,15,2025-03-03T10:00:00+08:00,28218916,0,False,Wh,203,0.0
142817,15,2025-03-03T10:15:00+08:00,28219025,0,False,Wh,203,0.0
142817,15,2025-03-03T10:30:00+08:00,28219121,0,False,Wh,203,0.0
142817,15,2025-03-03T10:45:00+08:00,28219206,0,False,Wh,203,0.0
142817,15,2025-03-03T11:00:00+08:00,28219334,0,False,Wh,203,0.0
142817,15,2025-03-03T11:15:00+08:00,28219440,0,False,Wh,203,0.0
142817,15,2025-03-03T11:30:00+08:00,28219703,0,False,Wh,203,0.0
142817,15,2025-03-03T11:45:00+08:00,28219845,0,False,Wh,203,0.0
142817,15,2025-03-03T12:00:00+08:00,28220017,0,False,Wh,203,0.0
142817,15,2025-03-03T12:15:00+08:00,28220161,0,False,Wh,203,0.0
142817,15,2025-03-03T12:30:00+08:00,28220282,0,False,Wh,203,0.0
142817,15,2025-03-03T12:45:00+08:00,28221092,0,False,Wh,203,0.0
142817,15,2025-03-03T13:00:00+08:00,28221219,0,False,Wh,203,0.0
142817,15,2025-03-03T13:15:00+08:00,28221358,0,False,Wh,203,0.0
142817,15,2025-03-03T13:30:00+08:00,28221489,0,False,Wh,203,0.0
142817,15,2025-03-03T13:45:00+08:00,28221622,0,False,Wh,203,0.0
142817,15,2025-03-03T14:00:00+08:00,28221743,0,False,Wh,203,0.0
142817,15,2025-03-03T14:15:00+08:00,28221863,0,False,Wh,203,0.0
142817,15,2025-03-03T14:30:00+08:00,28222260,0,False,Wh,203,0.0
142817,15,2025-03-03T14:45:00+08:00,28223119,0,False,Wh,203,0.0
142817,15,2025-03-03T15:00:00+08:00,28223352,0,False,Wh,203,0.0
142817,15,2025-03-03T15:15:00+08:00,28223750,0,False,Wh,203,0.0
142817,15,2025-03-03T15:30:00+08:00,28224173,0,False,Wh,203,0.0
142817,15,2025-03-03T15:45:00+08:00,28224310,0,False,Wh,203,0.0
142817,15,2025-03-03T16:00:00+08:00,28224434,0,False,Wh,203,0.0
142817,15,2025-03-03T16:15:00+08:00,28224579,0,False,Wh,203,0.0
142817,15,2025-03-03T16:30:00+08:00,28224696,0,False,Wh,203,0.0
142817,15,2025-03-03T16:45:00+08:00,28224814,0,False,Wh,203,0.0
142817,15,2025-03-03T17:00:00+08:00,28225050,0,False,Wh,203,0.0
142817,15,2025-03-03T17:15:00+08:00,28225174,0,False,Wh,203,0.0
142817,15,2025-03-03T17:30:00+08:00,28225313,0,False,Wh,203,0.0
142817,15,2025-03-03T17:45:00+08:00,28225418,0,False,Wh,203,0.0
142817,15,2025-03-03T18:00:00+08:00,28225530,0,False,Wh,203,0.0
142817,15,2025-03-03T18:15:00+08:00,28225661,0,False,Wh,203,0.0
142817,15,2025-03-03T18:30:00+08:00,28225781,0,False,Wh,203,0.0
142817,15,2025-03-03T18:45:00+08:00,28225878,0,False,Wh,203,0.0
142817,15,2025-03-03T19:00:00+08:00,28226002,0,False,Wh,203,0.0
142817,15,2025-03-03T19:15:00+08:00,28226121,0,False,Wh,203,0.0
142817,15,2025-03-03T19:30:00+08:00,28226264,0,False,Wh,203,0.0
142817,15,2025-03-03T19:45:00+08:00,28226392,0,False,Wh,203,0.0
142817,15,2025-03-03T20:00:00+08:00,28226524,0,False,Wh,203,0.0
142817,15,2025-03-03T20:15:00+08:00,28227154,0,False,Wh,203,0.0
142817,15,2025-03-03T20:30:00+08:00,28227320,0,False,Wh,203,0.0
142817,15,2025-03-03T20:45:00+08:00,28227462,0,False,Wh,203,0.0
142817,15,2025-03-03T21:00:00+08:00,28227605,0,False,Wh,203,0.0
142817,15,2025-03-03T21:15:00+08:00,28227730,0,False,Wh,203,0.0
142817,15,2025-03-03T21:30:00+08:00,28227868,0,False,Wh,203,0.0
142817,15,2025-03-03T21:45:00+08:00,28228008,0,False,Wh,203,0.0
142817,15,2025-03-03T22:00:00+08:00,28228147,0,False,Wh,203,0.0
142817,15,2025-03-03T22:15:00+08:00,28228272,0,False,Wh,203,0.0
142817,15,2025-03-03T22:30:00+08:00,28228403,0,False,Wh,203,0.0
142817,15,2025-03-03T22:45:00+08:00,28228523,0,False,Wh,203,0.0
142817,15,2025-03-03T23:00:00+08:00,28228639,0,False,Wh,203,0.0
142817,15,2025-03-03T23:15:00+08:00,28228740,0,False,Wh,203,0.0
142817,15,2025-03-03T23:30:00+08:00,28228843,0,False,Wh,203,0.0
142817,15,2025-03-03T23:45:00+08:00,28228937,0,False,Wh,203,0.0
142818,15,2025-02-22T00:00:00+08:00,25606965,0,False,Wh,301,0.0
142818,15,2025-02-22T00:15:00+08:00,25606994,0,False,Wh,301,0.0
142818,15,2025-02-22T00:30:00+08:00,25607012,0,False,Wh,301,0.0
142818,15,2025-02-22T00:45:00+08:00,25607041,0,False,Wh,301,0.0
142818,15,2025-02-22T01:00:00+08:00,25607071,0,False,Wh,301,0.0
142818,15,2025-02-22T01:15:00+08:00,25607101,0,False,Wh,301,0.0
142818,15,2025-02-22T01:30:00+08:00,25607131,0,False,Wh,301,0.0
142818,15,2025-02-22T01:45:00+08:00,25607160,0,False,Wh,301,0.0
142818,15,2025-02-22T02:00:00+08:00,25607190,0,False,Wh,301,0.0
142818,15,2025-02-22T02:15:00+08:00,25607219,0,False,Wh,301,0.0
142818,15,2025-02-22T02:30:00+08:00,25607244,0,False,Wh,301,0.0
142818,15,2025-02-22T02:45:00+08:00,25607268,0,False,Wh,301,0.0
142818,15,2025-02-22T03:00:00+08:00,25607298,0,False,Wh,301,0.0
142818,15,2025-02-22T03:15:00+08:00,25607327,0,False,Wh,301,0.0
142818,15,2025-02-22T03:30:00+08:00,25607357,0,False,Wh,301,0.0
142818,15,2025-02-22T03:45:00+08:00,25607387,0,False,Wh,301,0.0
142818,15,2025-02-22T04:00:00+08:00,25607411,0,False,Wh,301,0.0
142818,15,2025-02-22T04:15:00+08:00,25607433,0,False,Wh,301,0.0
142818,15,2025-02-22T04:30:00+08:00,25607945,0,False,Wh,301,0.0
142818,15,2025-02-22T04:45:00+08:00,25607975,0,False,Wh,301,0.0
142818,15,2025-02-22T05:00:00+08:00,25608004,0,False,Wh,301,0.0
142818,15,2025-02-22T05:15:00+08:00,25608033,0,False,Wh,301,0.0
142818,15,2025-02-22T05:30:00+08:00,25608058,0,False,Wh,301,0.0
142818,15,2025-02-22T05:45:00+08:00,25608078,0,False,Wh,301,0.0
142818,15,2025-02-22T06:00:00+08:00,25608108,0,False,Wh,301,0.0
142818,15,2025-02-22T06:15:00+08:00,25608137,0,False,Wh,301,0.0
142818,15,2025-02-22T06:30:00+08:00,25608166,0,False,Wh,301,0.0
142818,15,2025-02-22T06:45:00+08:00,25608196,0,False,Wh,301,0.0
142818,15,2025-02-22T07:00:00+08:00,25608221,0,False,Wh,301,0.0
142818,15,2025-02-22T07:15:00+08:00,25608239,0,False,Wh,301,0.0
142818,15,2025-02-22T07:30:00+08:00,25608270,0,False,Wh,301,0.0
142818,15,2025-02-22T07:45:00+08:00,25608299,0,False,Wh,301,0.0
142818,15,2025-02-22T08:00:00+08:00,25608328,0,False,Wh,301,0.0
142818,15,2025-02-22T08:15:00+08:00,25608357,0,False,Wh,301,0.0
142818,15,2025-02-22T08:30:00+08:00,25608384,0,False,Wh,301,0.0
142818,15,2025-02-22T08:45:00+08:00,25608402,0,False,Wh,301,0.0
142818,15,2025-02-22T09:00:00+08:00,25608432,0,False,Wh,301,0.0
142818,15,2025-02-22T09:15:00+08:00,25608461,0,False,Wh,301,0.0
142818,15,2025-02-22T09:30:00+08:00,25608489,0,False,Wh,301,0.0
142818,15,2025-02-22T09:45:00+08:00,25608518,0,False,Wh,301,0.0
142818,15,2025-02-22T10:00:00+08:00,25608544,0,False,Wh,301,0.0
142818,15,2025-02-22T10:15:00+08:00,25608567,0,False,Wh,301,0.0
142818,15,2025-02-22T10:30:00+08:00,25608596,0,False,Wh,301,0.0
142818,15,2025-02-22T10:45:00+08:00,25608624,0,False,Wh,301,0.0
142818,15,2025-02-22T11:00:00+08:00,25608643,0,False,Wh,301,0.0
142818,15,2025-02-22T11:15:00+08:00,25608671,0,False,Wh,301,0.0
142818,15,2025-02-22T11:30:00+08:00,25608700,0,False,Wh,301,0.0
142818,15,2025-02-22T11:45:00+08:00,25608729,0,False,Wh,301,0.0
142818,15,2025-02-22T12:00:00+08:00,25608758,0,False,Wh,301,0.0
142818,15,2025-02-22T12:15:00+08:00,25608786,0,False,Wh,301,0.0
142818,15,2025-02-22T12:30:00+08:00,25608807,0,False,Wh,301,0.0
142818,15,2025-02-22T12:45:00+08:00,25608837,0,False,Wh,301,0.0
142818,15,2025-02-22T13:00:00+08:00,25608866,0,False,Wh,301,0.0
142818,15,2025-02-22T13:15:00+08:00,25608887,0,False,Wh,301,0.0
142818,15,2025-02-22T13:30:00+08:00,25608912,0,False,Wh,301,0.0
142818,15,2025-02-22T13:45:00+08:00,25608941,0,False,Wh,301,0.0
142818,15,2025-02-22T14:00:00+08:00,25608970,0,False,Wh,301,0.0
142818,15,2025-02-22T14:15:00+08:00,25609000,0,False,Wh,301,0.0
142818,15,2025-02-22T14:30:00+08:00,25609028,0,False,Wh,301,0.0
142818,15,2025-02-22T14:45:00+08:00,25609051,0,False,Wh,301,0.0
142818,15,2025-02-22T15:00:00+08:00,25609078,0,False,Wh,301,0.0
142818,15,2025-02-22T15:15:00+08:00,25609107,0,False,Wh,301,0.0
142818,15,2025-02-22T15:30:00+08:00,25609433,0,False,Wh,301,0.0
142818,15,2025-02-22T15:45:00+08:00,25609638,0,False,Wh,301,0.0
142818,15,2025-02-22T16:00:00+08:00,25609667,0,False,Wh,301,0.0
142818,15,2025-02-22T16:15:00+08:00,25609697,0,False,Wh,301,0.0
142818,15,2025-02-22T16:30:00+08:00,25609725,0,False,Wh,301,0.0
142818,15,2025-02-22T16:45:00+08:00,25609755,0,False,Wh,301,0.0
142818,15,2025-02-22T17:00:00+08:00,25609784,0,False,Wh,301,0.0
142818,15,2025-02-22T17:15:00+08:00,25609803,0,False,Wh,301,0.0
142818,15,2025-02-22T17:30:00+08:00,25609829,0,False,Wh,301,0.0
142818,15,2025-02-22T17:45:00+08:00,25609858,0,False,Wh,301,0.0
142818,15,2025-02-22T18:00:00+08:00,25609887,0,False,Wh,301,0.0
142818,15,2025-02-22T18:15:00+08:00,25609917,0,False,Wh,301,0.0
142818,15,2025-02-22T18:30:00+08:00,25609946,0,False,Wh,301,0.0
142818,15,2025-02-22T18:45:00+08:00,25609969,0,False,Wh,301,0.0
142818,15,2025-02-22T19:00:00+08:00,25609991,0,False,Wh,301,0.0
142818,15,2025-02-22T19:15:00+08:00,25610021,0,False,Wh,301,0.0
142818,15,2025-02-22T19:30:00+08:00,25610050,0,False,Wh,301,0.0
142818,15,2025-02-22T19:45:00+08:00,25610079,0,False,Wh,301,0.0
142818,15,2025-02-22T20:00:00+08:00,25610109,0,False,Wh,301,0.0
142818,15,2025-02-22T20:15:00+08:00,25610136,0,False,Wh,301,0.0
142818,15,2025-02-22T20:30:00+08:00,25610154,0,False,Wh,301,0.0
142818,15,2025-02-22T20:45:00+08:00,25610182,0,False,Wh,301,0.0
142818,15,2025-02-22T21:00:00+08:00,25610212,0,False,Wh,301,0.0
142818,15,2025-02-22T21:15:00+08:00,25610241,0,False,Wh,301,0.0
142818,15,2025-02-22T21:30:00+08:00,25610270,0,False,Wh,301,0.0
142818,15,2025-02-22T21:45:00+08:00,25610299,0,False,Wh,301,0.0
142818,15,2025-02-22T22:00:00+08:00,25610321,0,False,Wh,301,0.0
142818,15,2025-02-22T22:15:00+08:00,25610344,0,False,Wh,301,0.0
142818,15,2025-02-22T22:30:00+08:00,25610374,0,False,Wh,301,0.0
142818,15,2025-02-22T22:45:00+08:00,25610403,0,False,Wh,301,0.0
142818,15,2025-02-22T23:00:00+08:00,25610432,0,False,Wh,301,0.0
142818,15,2025-02-22T23:15:00+08:00,25610461,0,False,Wh,301,0.0
142818,15,2025-02-22T23:30:00+08:00,25610488,0,False,Wh,301,0.0
142818,15,2025-02-22T23:45:00+08:00,25610505,0,False,Wh,301,0.0
142818,15,2025-02-23T00:00:00+08:00,25610535,0,False,Wh,301,0.0
142818,15,2025-02-23T00:15:00+08:00,25610564,0,False,Wh,301,0.0
142818,15,2025-02-23T00:30:00+08:00,25610593,0,False,Wh,301,0.0
142818,15,2025-02-23T00:45:00+08:00,25610623,0,False,Wh,301,0.0
142818,15,2025-02-23T01:00:00+08:00,25610652,0,False,Wh,301,0.0
142818,15,2025-02-23T01:15:00+08:00,25610671,0,False,Wh,301,0.0
142818,15,2025-02-23T01:30:00+08:00,25610696,0,False,Wh,301,0.0
142818,15,2025-02-23T01:45:00+08:00,25610726,0,False,Wh,301,0.0
142818,15,2025-02-23T02:00:00+08:00,25610755,0,False,Wh,301,0.0
142818,15,2025-02-23T02:15:00+08:00,25610784,0,False,Wh,301,0.0
142818,15,2025-02-23T02:30:00+08:00,25610813,0,False,Wh,301,0.0
142818,15,2025-02-23T02:45:00+08:00,25610834,0,False,Wh,301,0.0
142818,15,2025-02-23T03:00:00+08:00,25610857,0,False,Wh,301,0.0
142818,15,2025-02-23T03:15:00+08:00,25611363,0,False,Wh,301,0.0
142818,15,2025-02-23T03:30:00+08:00,25611392,0,False,Wh,301,0.0
142818,15,2025-02-23T03:45:00+08:00,25611421,0,False,Wh,301,0.0
142818,15,2025-02-23T04:00:00+08:00,25611450,0,False,Wh,301,0.0
142818,15,2025-02-23T04:15:00+08:00,25611473,0,False,Wh,301,0.0
142818,15,2025-02-23T04:30:00+08:00,25611494,0,False,Wh,301,0.0
142818,15,2025-02-23T04:45:00+08:00,25611524,0,False,Wh,301,0.0
142818,15,2025-02-23T05:00:00+08:00,25611553,0,False,Wh,301,0.0
142818,15,2025-02-23T05:15:00+08:00,25611581,0,False,Wh,301,0.0
142818,15,2025-02-23T05:30:00+08:00,25611601,0,False,Wh,301,0.0
142818,15,2025-02-23T05:45:00+08:00,25611630,0,False,Wh,301,0.0
142818,15,2025-02-23T06:00:00+08:00,25611659,0,False,Wh,301,0.0
142818,15,2025-02-23T06:15:00+08:00,25611688,0,False,Wh,301,0.0
142818,15,2025-02-23T06:30:00+08:00,25611710,0,False,Wh,301,0.0
142818,15,2025-02-23T06:45:00+08:00,25611731,0,False,Wh,301,0.0
142818,15,2025-02-23T07:00:00+08:00,25611761,0,False,Wh,301,0.0
142818,15,2025-02-23T07:15:00+08:00,25611790,0,False,Wh,301,0.0
142818,15,2025-02-23T07:30:00+08:00,25611812,0,False,Wh,301,0.0
142818,15,2025-02-23T07:45:00+08:00,25611833,0,False,Wh,301,0.0
142818,15,2025-02-23T08:00:00+08:00,25611863,0,False,Wh,301,0.0
142818,15,2025-02-23T08:15:00+08:00,25611891,0,False,Wh,301,0.0
142818,15,2025-02-23T08:30:00+08:00,25611915,0,False,Wh,301,0.0
142818,15,2025-02-23T08:45:00+08:00,25611934,0,False,Wh,301,0.0
142818,15,2025-02-23T09:00:00+08:00,25611964,0,False,Wh,301,0.0
142818,15,2025-02-23T09:15:00+08:00,25611993,0,False,Wh,301,0.0
142818,15,2025-02-23T09:30:00+08:00,25612019,0,False,Wh,301,0.0
142818,15,2025-02-23T09:45:00+08:00,25612036,0,False,Wh,301,0.0
142818,15,2025-02-23T10:00:00+08:00,25612065,0,False,Wh,301,0.0
142818,15,2025-02-23T10:15:00+08:00,25612094,0,False,Wh,301,0.0
142818,15,2025-02-23T10:30:00+08:00,25612121,0,False,Wh,301,0.0
142818,15,2025-02-23T10:45:00+08:00,25612139,0,False,Wh,301,0.0
142818,15,2025-02-23T11:00:00+08:00,25612168,0,False,Wh,301,0.0
142818,15,2025-02-23T11:15:00+08:00,25612197,0,False,Wh,301,0.0
142818,15,2025-02-23T11:30:00+08:00,25612223,0,False,Wh,301,0.0
142818,15,2025-02-23T11:45:00+08:00,25612241,0,False,Wh,301,0.0
142818,15,2025-02-23T12:00:00+08:00,25612269,0,False,Wh,301,0.0
142818,15,2025-02-23T12:15:00+08:00,25612298,0,False,Wh,301,0.0
142818,15,2025-02-23T12:30:00+08:00,25612326,0,False,Wh,301,0.0
142818,15,2025-02-23T12:45:00+08:00,25612344,0,False,Wh,301,0.0
142818,15,2025-02-23T13:00:00+08:00,25612370,0,False,Wh,301,0.0
142818,15,2025-02-23T13:15:00+08:00,25612400,0,False,Wh,301,0.0
142818,15,2025-02-23T13:30:00+08:00,25612428,0,False,Wh,301,0.0
142818,15,2025-02-23T13:45:00+08:00,25612915,0,False,Wh,301,0.0
142818,15,2025-02-23T14:00:00+08:00,25612947,0,False,Wh,301,0.0
142818,15,2025-02-23T14:15:00+08:00,25612976,0,False,Wh,301,0.0
142818,15,2025-02-23T14:30:00+08:00,25613005,0,False,Wh,301,0.0
142818,15,2025-02-23T14:45:00+08:00,25613027,0,False,Wh,301,0.0
142818,15,2025-02-23T15:00:00+08:00,25613048,0,False,Wh,301,0.0
142818,15,2025-02-23T15:15:00+08:00,25613078,0,False,Wh,301,0.0
142818,15,2025-02-23T15:30:00+08:00,25613107,0,False,Wh,301,0.0
142818,15,2025-02-23T15:45:00+08:00,25613136,0,False,Wh,301,0.0
142818,15,2025-02-23T16:00:00+08:00,25613165,0,False,Wh,301,0.0
142818,15,2025-02-23T16:15:00+08:00,25613189,0,False,Wh,301,0.0
142818,15,2025-02-23T16:30:00+08:00,25613214,0,False,Wh,301,0.0
142818,15,2025-02-23T16:45:00+08:00,25613243,0,False,Wh,301,0.0
142818,15,2025-02-23T17:00:00+08:00,25613270,0,False,Wh,301,0.0
142818,15,2025-02-23T17:15:00+08:00,25613288,0,False,Wh,301,0.0
142818,15,2025-02-23T17:30:00+08:00,25613318,0,False,Wh,301,0.0
142818,15,2025-02-23T17:45:00+08:00,25613347,0,False,Wh,301,0.0
142818,15,2025-02-23T18:00:00+08:00,25613375,0,False,Wh,301,0.0
142818,15,2025-02-23T18:15:00+08:00,25613405,0,False,Wh,301,0.0
142818,15,2025-02-23T18:30:00+08:00,25613433,0,False,Wh,301,0.0
142818,15,2025-02-23T18:45:00+08:00,25613451,0,False,Wh,301,0.0
142818,15,2025-02-23T19:00:00+08:00,25613479,0,False,Wh,301,0.0
142818,15,2025-02-23T19:15:00+08:00,25613509,0,False,Wh,301,0.0
142818,15,2025-02-23T19:30:00+08:00,25613538,0,False,Wh,301,0.0
142818,15,2025-02-23T19:45:00+08:00,25613567,0,False,Wh,301,0.0
142818,15,2025-02-23T20:00:00+08:00,25613596,0,False,Wh,301,0.0
142818,15,2025-02-23T20:15:00+08:00,25613616,0,False,Wh,301,0.0
142818,15,2025-02-23T20:30:00+08:00,25613642,0,False,Wh,301,0.0
142818,15,2025-02-23T20:45:00+08:00,25613672,0,False,Wh,301,0.0
142818,15,2025-02-23T21:00:00+08:00,25613701,0,False,Wh,301,0.0
142818,15,2025-02-23T21:15:00+08:00,25613730,0,False,Wh,301,0.0
142818,15,2025-02-23T21:30:00+08:00,25613759,0,False,Wh,301,0.0
142818,15,2025-02-23T21:45:00+08:00,25613783,0,False,Wh,301,0.0
142818,15,2025-02-23T22:00:00+08:00,25613804,0,False,Wh,301,0.0
142818,15,2025-02-23T22:15:00+08:00,25613835,0,False,Wh,301,0.0
142818,15,2025-02-23T22:30:00+08:00,25613864,0,False,Wh,301,0.0
142818,15,2025-02-23T22:45:00+08:00,25613893,0,False,Wh,301,0.0
142818,15,2025-02-23T23:00:00+08:00,25613922,0,False,Wh,301,0.0
142818,15,2025-02-23T23:15:00+08:00,25613949,0,False,Wh,301,0.0
142818,15,2025-02-23T23:30:00+08:00,25613969,0,False,Wh,301,0.0
142818,15,2025-02-23T23:45:00+08:00,25613999,0,False,Wh,301,0.0
142818,15,2025-02-24T00:00:00+08:00,25614037,0,False,Wh,301,0.0
142818,15,2025-02-24T00:15:00+08:00,25614132,0,False,Wh,301,0.0
142818,15,2025-02-24T00:30:00+08:00,25614175,0,False,Wh,301,0.0
142818,15,2025-02-24T00:45:00+08:00,25614224,0,False,Wh,301,0.0
142818,15,2025-02-24T01:00:00+08:00,25614267,0,False,Wh,301,0.0
142818,15,2025-02-24T01:15:00+08:00,25614310,0,False,Wh,301,0.0
142818,15,2025-02-24T01:30:00+08:00,25614351,0,False,Wh,301,0.0
142818,15,2025-02-24T01:45:00+08:00,25614386,0,False,Wh,301,0.0
142818,15,2025-02-24T02:00:00+08:00,25614887,0,False,Wh,301,0.0
142818,15,2025-02-24T02:15:00+08:00,25614918,0,False,Wh,301,0.0
142818,15,2025-02-24T02:30:00+08:00,25614948,0,False,Wh,301,0.0
142818,15,2025-02-24T02:45:00+08:00,25614978,0,False,Wh,301,0.0
142818,15,2025-02-24T03:00:00+08:00,25615007,0,False,Wh,301,0.0
142818,15,2025-02-24T03:15:00+08:00,25615036,0,False,Wh,301,0.0
142818,15,2025-02-24T03:30:00+08:00,25615066,0,False,Wh,301,0.0
142818,15,2025-02-24T03:45:00+08:00,25615096,0,False,Wh,301,0.0
142818,15,2025-02-24T04:00:00+08:00,25615125,0,False,Wh,301,0.0
142818,15,2025-02-24T04:15:00+08:00,25615154,0,False,Wh,301,0.0
142818,15,2025-02-24T04:30:00+08:00,25615181,0,False,Wh,301,0.0
142818,15,2025-02-24T04:45:00+08:00,25615199,0,False,Wh,301,0.0
142818,15,2025-02-24T05:00:00+08:00,25615229,0,False,Wh,301,0.0
142818,15,2025-02-24T05:15:00+08:00,25615258,0,False,Wh,301,0.0
142818,15,2025-02-24T05:30:00+08:00,25615287,0,False,Wh,301,0.0
142818,15,2025-02-24T05:45:00+08:00,25615317,0,False,Wh,301,0.0
142818,15,2025-02-24T06:00:00+08:00,25615346,0,False,Wh,301,0.0
142818,15,2025-02-24T06:15:00+08:00,25615365,0,False,Wh,301,0.0
142818,15,2025-02-24T06:30:00+08:00,25615391,0,False,Wh,301,0.0
142818,15,2025-02-24T06:45:00+08:00,25615421,0,False,Wh,301,0.0
142818,15,2025-02-24T07:00:00+08:00,25615450,0,False,Wh,301,0.0
142818,15,2025-02-24T07:15:00+08:00,25615480,0,False,Wh,301,0.0
142818,15,2025-02-24T07:30:00+08:00,25615509,0,False,Wh,301,0.0
142818,15,2025-02-24T07:45:00+08:00,25615530,0,False,Wh,301,0.0
142818,15,2025-02-24T08:00:00+08:00,25615554,0,False,Wh,301,0.0
142818,15,2025-02-24T08:15:00+08:00,25615584,0,False,Wh,301,0.0
142818,15,2025-02-24T08:30:00+08:00,25615613,0,False,Wh,301,0.0
142818,15,2025-02-24T08:45:00+08:00,25615642,0,False,Wh,301,0.0
142818,15,2025-02-24T09:00:00+08:00,25615672,0,False,Wh,301,0.0
142818,15,2025-02-24T09:15:00+08:00,25615695,0,False,Wh,301,0.0
142818,15,2025-02-24T09:30:00+08:00,25615715,0,False,Wh,301,0.0
142818,15,2025-02-24T09:45:00+08:00,25615745,0,False,Wh,301,0.0
142818,15,2025-02-24T10:00:00+08:00,25615774,0,False,Wh,301,0.0
142818,15,2025-02-24T10:15:00+08:00,25615803,0,False,Wh,301,0.0
142818,15,2025-02-24T10:30:00+08:00,25615833,0,False,Wh,301,0.0
142818,15,2025-02-24T10:45:00+08:00,25615858,0,False,Wh,301,0.0
142818,15,2025-02-24T11:00:00+08:00,25615877,0,False,Wh,301,0.0
142818,15,2025-02-24T11:15:00+08:00,25615908,0,False,Wh,301,0.0
142818,15,2025-02-24T11:30:00+08:00,25615937,0,False,Wh,301,0.0
142818,15,2025-02-24T11:45:00+08:00,25615966,0,False,Wh,301,0.0
142818,15,2025-02-24T12:00:00+08:00,25615995,0,False,Wh,301,0.0
142818,15,2025-02-24T12:15:00+08:00,25616021,0,False,Wh,301,0.0
142818,15,2025-02-24T12:30:00+08:00,25616039,0,False,Wh,301,0.0
142818,15,2025-02-24T12:45:00+08:00,25616069,0,False,Wh,301,0.0
142818,15,2025-02-24T13:00:00+08:00,25616098,0,False,Wh,301,0.0
142818,15,2025-02-24T13:15:00+08:00,25616127,0,False,Wh,301,0.0
142818,15,2025-02-24T13:30:00+08:00,25616157,0,False,Wh,301,0.0
142818,15,2025-02-24T13:45:00+08:00,25616666,0,False,Wh,301,0.0
142818,15,2025-02-24T14:00:00+08:00,25616684,0,False,Wh,301,0.0
142818,15,2025-02-24T14:15:00+08:00,25616712,0,False,Wh,301,0.0
142818,15,2025-02-24T14:30:00+08:00,25616741,0,False,Wh,301,0.0
142818,15,2025-02-24T14:45:00+08:00,25616770,0,False,Wh,301,0.0
142818,15,2025-02-24T15:00:00+08:00,25616800,0,False,Wh,301,0.0
142818,15,2025-02-24T15:15:00+08:00,25616829,0,False,Wh,301,0.0
142818,15,2025-02-24T15:30:00+08:00,25616850,0,False,Wh,301,0.0
142818,15,2025-02-24T15:45:00+08:00,25616874,0,False,Wh,301,0.0
142818,15,2025-02-24T16:00:00+08:00,25616904,0,False,Wh,301,0.0
142818,15,2025-02-24T16:15:00+08:00,25616933,0,False,Wh,301,0.0
142818,15,2025-02-24T16:30:00+08:00,25616962,0,False,Wh,301,0.0
142818,15,2025-02-24T16:45:00+08:00,25616992,0,False,Wh,301,0.0
142818,15,2025-02-24T17:00:00+08:00,25617021,0,False,Wh,301,0.0
142818,15,2025-02-24T17:15:00+08:00,25617051,0,False,Wh,301,0.0
142818,15,2025-02-24T17:30:00+08:00,25617080,0,False,Wh,301,0.0
142818,15,2025-02-24T17:45:00+08:00,25617099,0,False,Wh,301,0.0
142818,15,2025-02-24T18:00:00+08:00,25617125,0,False,Wh,301,0.0
142818,15,2025-02-24T18:15:00+08:00,25617155,0,False,Wh,301,0.0
142818,15,2025-02-24T18:30:00+08:00,25617184,0,False,Wh,301,0.0
142818,15,2025-02-24T18:45:00+08:00,25617214,0,False,Wh,301,0.0
142818,15,2025-02-24T19:00:00+08:00,25617243,0,False,Wh,301,0.0
142818,15,2025-02-24T19:15:00+08:00,25617273,0,False,Wh,301,0.0
142818,15,2025-02-24T19:30:00+08:00,25617303,0,False,Wh,301,0.0
142818,15,2025-02-24T19:45:00+08:00,25617332,0,False,Wh,301,0.0
142818,15,2025-02-24T20:00:00+08:00,25617362,0,False,Wh,301,0.0
142818,15,2025-02-24T20:15:00+08:00,25617391,0,False,Wh,301,0.0
142818,15,2025-02-24T20:30:00+08:00,25617411,0,False,Wh,301,0.0
142818,15,2025-02-24T20:45:00+08:00,25617437,0,False,Wh,301,0.0
142818,15,2025-02-24T21:00:00+08:00,25617467,0,False,Wh,301,0.0
142818,15,2025-02-24T21:15:00+08:00,25617496,0,False,Wh,301,0.0
142818,15,2025-02-24T21:30:00+08:00,25617526,0,False,Wh,301,0.0
142818,15,2025-02-24T21:45:00+08:00,25617555,0,False,Wh,301,0.0
142818,15,2025-02-24T22:00:00+08:00,25617584,0,False,Wh,301,0.0
142818,15,2025-02-24T22:15:00+08:00,25617614,0,False,Wh,301,0.0
142818,15,2025-02-24T22:30:00+08:00,25617642,0,False,Wh,301,0.0
142818,15,2025-02-24T22:45:00+08:00,25617672,0,False,Wh,301,0.0
142818,15,2025-02-24T23:00:00+08:00,25617700,0,False,Wh,301,0.0
142818,15,2025-02-24T23:15:00+08:00,25617722,0,False,Wh,301,0.0
142818,15,2025-02-24T23:30:00+08:00,25617750,0,False,Wh,301,0.0
142818,15,2025-02-24T23:45:00+08:00,25617779,0,False,Wh,301,0.0
142818,15,2025-02-25T00:00:00+08:00,25617808,0,False,Wh,301,0.0
142818,15,2025-02-25T00:15:00+08:00,25617838,0,False,Wh,301,0.0
142818,15,2025-02-25T00:30:00+08:00,25617867,0,False,Wh,301,0.0
142818,15,2025-02-25T00:45:00+08:00,25617897,0,False,Wh,301,0.0
142818,15,2025-02-25T01:00:00+08:00,25617925,0,False,Wh,301,0.0
142818,15,2025-02-25T01:15:00+08:00,25617950,0,False,Wh,301,0.0
142818,15,2025-02-25T01:30:00+08:00,25617974,0,False,Wh,301,0.0
142818,15,2025-02-25T01:45:00+08:00,25618004,0,False,Wh,301,0.0
142818,15,2025-02-25T02:00:00+08:00,25618033,0,False,Wh,301,0.0
142818,15,2025-02-25T02:15:00+08:00,25618478,0,False,Wh,301,0.0
142818,15,2025-02-25T02:30:00+08:00,25618575,0,False,Wh,301,0.0
142818,15,2025-02-25T02:45:00+08:00,25618604,0,False,Wh,301,0.0
142818,15,2025-02-25T03:00:00+08:00,25618626,0,False,Wh,301,0.0
142818,15,2025-02-25T03:15:00+08:00,25618655,0,False,Wh,301,0.0
142818,15,2025-02-25T03:30:00+08:00,25618684,0,False,Wh,301,0.0
142818,15,2025-02-25T03:45:00+08:00,25618713,0,False,Wh,301,0.0
142818,15,2025-02-25T04:00:00+08:00,25618742,0,False,Wh,301,0.0
142818,15,2025-02-25T04:15:00+08:00,25618771,0,False,Wh,301,0.0
142818,15,2025-02-25T04:30:00+08:00,25618799,0,False,Wh,301,0.0
142818,15,2025-02-25T04:45:00+08:00,25618820,0,False,Wh,301,0.0
142818,15,2025-02-25T05:00:00+08:00,25618850,0,False,Wh,301,0.0
142818,15,2025-02-25T05:15:00+08:00,25618879,0,False,Wh,301,0.0
142818,15,2025-02-25T05:30:00+08:00,25618908,0,False,Wh,301,0.0
142818,15,2025-02-25T05:45:00+08:00,25618938,0,False,Wh,301,0.0
142818,15,2025-02-25T06:00:00+08:00,25618963,0,False,Wh,301,0.0
142818,15,2025-02-25T06:15:00+08:00,25618982,0,False,Wh,301,0.0
142818,15,2025-02-25T06:30:00+08:00,25619013,0,False,Wh,301,0.0
142818,15,2025-02-25T06:45:00+08:00,25619042,0,False,Wh,301,0.0
142818,15,2025-02-25T07:00:00+08:00,25619071,0,False,Wh,301,0.0
142818,15,2025-02-25T07:15:00+08:00,25619101,0,False,Wh,301,0.0
142818,15,2025-02-25T07:30:00+08:00,25619129,0,False,Wh,301,0.0
142818,15,2025-02-25T07:45:00+08:00,25619147,0,False,Wh,301,0.0
142818,15,2025-02-25T08:00:00+08:00,25619175,0,False,Wh,301,0.0
142818,15,2025-02-25T08:15:00+08:00,25619204,0,False,Wh,301,0.0
142818,15,2025-02-25T08:30:00+08:00,25619233,0,False,Wh,301,0.0
142818,15,2025-02-25T08:45:00+08:00,25619262,0,False,Wh,301,0.0
142818,15,2025-02-25T09:00:00+08:00,25619291,0,False,Wh,301,0.0
142818,15,2025-02-25T09:15:00+08:00,25619312,0,False,Wh,301,0.0
142818,15,2025-02-25T09:30:00+08:00,25619336,0,False,Wh,301,0.0
142818,15,2025-02-25T09:45:00+08:00,25619366,0,False,Wh,301,0.0
142818,15,2025-02-25T10:00:00+08:00,25619395,0,False,Wh,301,0.0
142818,15,2025-02-25T10:15:00+08:00,25619425,0,False,Wh,301,0.0
142818,15,2025-02-25T10:30:00+08:00,25619454,0,False,Wh,301,0.0
142818,15,2025-02-25T10:45:00+08:00,25619478,0,False,Wh,301,0.0
142818,15,2025-02-25T11:00:00+08:00,25619497,0,False,Wh,301,0.0
142818,15,2025-02-25T11:15:00+08:00,25619527,0,False,Wh,301,0.0
142818,15,2025-02-25T11:30:00+08:00,25619557,0,False,Wh,301,0.0
142818,15,2025-02-25T11:45:00+08:00,25619586,0,False,Wh,301,0.0
142818,15,2025-02-25T12:00:00+08:00,25619615,0,False,Wh,301,0.0
142818,15,2025-02-25T12:15:00+08:00,25619644,0,False,Wh,301,0.0
142818,15,2025-02-25T12:30:00+08:00,25619661,0,False,Wh,301,0.0
142818,15,2025-02-25T12:45:00+08:00,25619689,0,False,Wh,301,0.0
142818,15,2025-02-25T13:00:00+08:00,25619718,0,False,Wh,301,0.0
142818,15,2025-02-25T13:15:00+08:00,25619747,0,False,Wh,301,0.0
142818,15,2025-02-25T13:30:00+08:00,25619777,0,False,Wh,301,0.0
142818,15,2025-02-25T13:45:00+08:00,25619806,0,False,Wh,301,0.0
142818,15,2025-02-25T14:00:00+08:00,25620296,0,False,Wh,301,0.0
142818,15,2025-02-25T14:15:00+08:00,25620320,0,False,Wh,301,0.0
142818,15,2025-02-25T14:30:00+08:00,25620350,0,False,Wh,301,0.0
142818,15,2025-02-25T14:45:00+08:00,25620379,0,False,Wh,301,0.0
142818,15,2025-02-25T15:00:00+08:00,25620409,0,False,Wh,301,0.0
142818,15,2025-02-25T15:15:00+08:00,25620438,0,False,Wh,301,0.0
142818,15,2025-02-25T15:30:00+08:00,25620462,0,False,Wh,301,0.0
142818,15,2025-02-25T15:45:00+08:00,25620482,0,False,Wh,301,0.0
142818,15,2025-02-25T16:00:00+08:00,25620513,0,False,Wh,301,0.0
142818,15,2025-02-25T16:15:00+08:00,25620542,0,False,Wh,301,0.0
142818,15,2025-02-25T16:30:00+08:00,25620571,0,False,Wh,301,0.0
142818,15,2025-02-25T16:45:00+08:00,25620601,0,False,Wh,301,0.0
142818,15,2025-02-25T17:00:00+08:00,25620629,0,False,Wh,301,0.0
142818,15,2025-02-25T17:15:00+08:00,25620647,0,False,Wh,301,0.0
142818,15,2025-02-25T17:30:00+08:00,25620676,0,False,Wh,301,0.0
142818,15,2025-02-25T17:45:00+08:00,25620706,0,False,Wh,301,0.0
142818,15,2025-02-25T18:00:00+08:00,25620735,0,False,Wh,301,0.0
142818,15,2025-02-25T18:15:00+08:00,25620765,0,False,Wh,301,0.0
142818,15,2025-02-25T18:30:00+08:00,25620794,0,False,Wh,301,0.0
142818,15,2025-02-25T18:45:00+08:00,25620823,0,False,Wh,301,0.0
142818,15,2025-02-25T19:00:00+08:00,25620852,0,False,Wh,301,0.0
142818,15,2025-02-25T19:15:00+08:00,25620876,0,False,Wh,301,0.0
142818,15,2025-02-25T19:30:00+08:00,25620897,0,False,Wh,301,0.0
142818,15,2025-02-25T19:45:00+08:00,25620928,0,False,Wh,301,0.0
142818,15,2025-02-25T20:00:00+08:00,25620957,0,False,Wh,301,0.0
142818,15,2025-02-25T20:15:00+08:00,25620987,0,False,Wh,301,0.0
142818,15,2025-02-25T20:30:00+08:00,25621016,0,False,Wh,301,0.0
142818,15,2025-02-25T20:45:00+08:00,25621046,0,False,Wh,301,0.0
142818,15,2025-02-25T21:00:00+08:00,25621075,0,False,Wh,301,0.0
142818,15,2025-02-25T21:15:00+08:00,25621104,0,False,Wh,301,0.0
142818,15,2025-02-25T21:30:00+08:00,25621123,0,False,Wh,301,0.0
142818,15,2025-02-25T21:45:00+08:00,25621151,0,False,Wh,301,0.0
142818,15,2025-02-25T22:00:00+08:00,25621180,0,False,Wh,301,0.0
142818,15,2025-02-25T22:15:00+08:00,25621210,0,False,Wh,301,0.0
142818,15,2025-02-25T22:30:00+08:00,25621239,0,False,Wh,301,0.0
142818,15,2025-02-25T22:45:00+08:00,25621268,0,False,Wh,301,0.0
142818,15,2025-02-25T23:00:00+08:00,25621298,0,False,Wh,301,0.0
142818,15,2025-02-25T23:15:00+08:00,25621326,0,False,Wh,301,0.0
142818,15,2025-02-25T23:30:00+08:00,25621349,0,False,Wh,301,0.0
142818,15,2025-02-25T23:45:00+08:00,25621373,0,False,Wh,301,0.0
142818,15,2025-02-26T00:00:00+08:00,25621403,0,False,Wh,301,0.0
142818,15,2025-02-26T00:15:00+08:00,25621432,0,False,Wh,301,0.0
142818,15,2025-02-26T00:30:00+08:00,25621462,0,False,Wh,301,0.0
142818,15,2025-02-26T00:45:00+08:00,25621491,0,False,Wh,301,0.0
142818,15,2025-02-26T01:00:00+08:00,25621515,0,False,Wh,301,0.0
142818,15,2025-02-26T01:15:00+08:00,25621536,0,False,Wh,301,0.0
142818,15,2025-02-26T01:30:00+08:00,25621566,0,False,Wh,301,0.0
142818,15,2025-02-26T01:45:00+08:00,25621595,0,False,Wh,301,0.0
142818,15,2025-02-26T02:00:00+08:00,25621625,0,False,Wh,301,0.0
142818,15,2025-02-26T02:15:00+08:00,25621865,0,False,Wh,301,0.0
142818,15,2025-02-26T02:30:00+08:00,25622173,0,False,Wh,301,0.0
142818,15,2025-02-26T02:45:00+08:00,25622191,0,False,Wh,301,0.0
142818,15,2025-02-26T03:00:00+08:00,25622221,0,False,Wh,301,0.0
142818,15,2025-02-26T03:15:00+08:00,25622250,0,False,Wh,301,0.0
142818,15,2025-02-26T03:30:00+08:00,25622279,0,False,Wh,301,0.0
142818,15,2025-02-26T03:45:00+08:00,25622309,0,False,Wh,301,0.0
142818,15,2025-02-26T04:00:00+08:00,25622338,0,False,Wh,301,0.0
142818,15,2025-02-26T04:15:00+08:00,25622368,0,False,Wh,301,0.0
142818,15,2025-02-26T04:30:00+08:00,25622396,0,False,Wh,301,0.0
142818,15,2025-02-26T04:45:00+08:00,25622419,0,False,Wh,301,0.0
142818,15,2025-02-26T05:00:00+08:00,25622444,0,False,Wh,301,0.0
142818,15,2025-02-26T05:15:00+08:00,25622473,0,False,Wh,301,0.0
142818,15,2025-02-26T05:30:00+08:00,25622502,0,False,Wh,301,0.0
142818,15,2025-02-26T05:45:00+08:00,25622532,0,False,Wh,301,0.0
142818,15,2025-02-26T06:00:00+08:00,25622561,0,False,Wh,301,0.0
142818,15,2025-02-26T06:15:00+08:00,25622581,0,False,Wh,301,0.0
142818,15,2025-02-26T06:30:00+08:00,25622607,0,False,Wh,301,0.0
142818,15,2025-02-26T06:45:00+08:00,25622636,0,False,Wh,301,0.0
142818,15,2025-02-26T07:00:00+08:00,25622665,0,False,Wh,301,0.0
142818,15,2025-02-26T07:15:00+08:00,25622695,0,False,Wh,301,0.0
142818,15,2025-02-26T07:30:00+08:00,25622724,0,False,Wh,301,0.0
142818,15,2025-02-26T07:45:00+08:00,25622746,0,False,Wh,301,0.0
142818,15,2025-02-26T08:00:00+08:00,25622769,0,False,Wh,301,0.0
142818,15,2025-02-26T08:15:00+08:00,25622799,0,False,Wh,301,0.0
142818,15,2025-02-26T08:30:00+08:00,25622828,0,False,Wh,301,0.0
142818,15,2025-02-26T08:45:00+08:00,25622857,0,False,Wh,301,0.0
142818,15,2025-02-26T09:00:00+08:00,25622886,0,False,Wh,301,0.0
142818,15,2025-02-26T09:15:00+08:00,25622910,0,False,Wh,301,0.0
142818,15,2025-02-26T09:30:00+08:00,25622930,0,False,Wh,301,0.0
142818,15,2025-02-26T09:45:00+08:00,25622961,0,False,Wh,301,0.0
142818,15,2025-02-26T10:00:00+08:00,25622990,0,False,Wh,301,0.0
142818,15,2025-02-26T10:15:00+08:00,25623019,0,False,Wh,301,0.0
142818,15,2025-02-26T10:30:00+08:00,25623048,0,False,Wh,301,0.0
142818,15,2025-02-26T10:45:00+08:00,25623075,0,False,Wh,301,0.0
142818,15,2025-02-26T11:00:00+08:00,25623093,0,False,Wh,301,0.0
142818,15,2025-02-26T11:15:00+08:00,25623122,0,False,Wh,301,0.0
142818,15,2025-02-26T11:30:00+08:00,25623152,0,False,Wh,301,0.0
142818,15,2025-02-26T11:45:00+08:00,25623181,0,False,Wh,301,0.0
142818,15,2025-02-26T12:00:00+08:00,25623211,0,False,Wh,301,0.0
142818,15,2025-02-26T12:15:00+08:00,25623240,0,False,Wh,301,0.0
142818,15,2025-02-26T12:30:00+08:00,25623259,0,False,Wh,301,0.0
142818,15,2025-02-26T12:45:00+08:00,25623285,0,False,Wh,301,0.0
142818,15,2025-02-26T13:00:00+08:00,25623315,0,False,Wh,301,0.0
142818,15,2025-02-26T13:15:00+08:00,25623344,0,False,Wh,301,0.0
142818,15,2025-02-26T13:30:00+08:00,25623374,0,False,Wh,301,0.0
142818,15,2025-02-26T13:45:00+08:00,25623403,0,False,Wh,301,0.0
142818,15,2025-02-26T14:00:00+08:00,25623427,0,False,Wh,301,0.0
142818,15,2025-02-26T14:15:00+08:00,25623447,0,False,Wh,301,0.0
142818,15,2025-02-26T14:30:00+08:00,25623968,0,False,Wh,301,0.0
142818,15,2025-02-26T14:45:00+08:00,25623997,0,False,Wh,301,0.0
142818,15,2025-02-26T15:00:00+08:00,25624026,0,False,Wh,301,0.0
142818,15,2025-02-26T15:15:00+08:00,25624056,0,False,Wh,301,0.0
142818,15,2025-02-26T15:30:00+08:00,25624085,0,False,Wh,301,0.0
142818,15,2025-02-26T15:45:00+08:00,25624115,0,False,Wh,301,0.0
142818,15,2025-02-26T16:00:00+08:00,25624144,0,False,Wh,301,0.0
142818,15,2025-02-26T16:15:00+08:00,25624165,0,False,Wh,301,0.0
142818,15,2025-02-26T16:30:00+08:00,25624190,0,False,Wh,301,0.0
142818,15,2025-02-26T16:45:00+08:00,25624220,0,False,Wh,301,0.0
142818,15,2025-02-26T17:00:00+08:00,25624249,0,False,Wh,301,0.0
142818,15,2025-02-26T17:15:00+08:00,25624279,0,False,Wh,301,0.0
142818,15,2025-02-26T17:30:00+08:00,25624308,0,False,Wh,301,0.0
142818,15,2025-02-26T17:30:00+08:00,25624308,0,False,Wh,301,0.0
142818,15,2025-02-26T17:45:00+08:00,25624339,0,False,Wh,301,0.0
142818,15,2025-02-26T18:00:00+08:00,25624370,0,False,Wh,301,0.0
142818,15,2025-02-26T18:15:00+08:00,25624395,0,False,Wh,301,0.0
142818,15,2025-02-26T18:30:00+08:00,25624426,0,False,Wh,301,0.0
142818,15,2025-02-26T18:45:00+08:00,25624457,0,False,Wh,301,0.0
142818,15,2025-02-26T19:00:00+08:00,25624480,0,False,Wh,301,0.0
142818,15,2025-02-26T19:15:00+08:00,25624507,0,False,Wh,301,0.0
142818,15,2025-02-26T19:30:00+08:00,25624539,0,False,Wh,301,0.0
142818,15,2025-02-26T19:45:00+08:00,25624570,0,False,Wh,301,0.0
142818,15,2025-02-26T20:00:00+08:00,25624601,0,False,Wh,301,0.0
142818,15,2025-02-26T20:15:00+08:00,25624631,0,False,Wh,301,0.0
142818,15,2025-02-26T20:30:00+08:00,25624651,0,False,Wh,301,0.0
142818,15,2025-02-26T20:45:00+08:00,25624684,0,False,Wh,301,0.0
142818,15,2025-02-26T21:00:00+08:00,25624715,0,False,Wh,301,0.0
142818,15,2025-02-26T21:15:00+08:00,25624746,0,False,Wh,301,0.0
142818,15,2025-02-26T21:30:00+08:00,25624777,0,False,Wh,301,0.0
142818,15,2025-02-26T21:45:00+08:00,25624799,0,False,Wh,301,0.0
142818,15,2025-02-26T22:00:00+08:00,25624828,0,False,Wh,301,0.0
142818,15,2025-02-26T22:15:00+08:00,25624859,0,False,Wh,301,0.0
142818,15,2025-02-26T22:30:00+08:00,25624890,0,False,Wh,301,0.0
142818,15,2025-02-26T22:45:00+08:00,25624921,0,False,Wh,301,0.0
142818,15,2025-02-26T23:00:00+08:00,25624948,0,False,Wh,301,0.0
142818,15,2025-02-26T23:15:00+08:00,25624971,0,False,Wh,301,0.0
142818,15,2025-02-26T23:30:00+08:00,25625003,0,False,Wh,301,0.0
142818,15,2025-02-26T23:45:00+08:00,25625033,0,False,Wh,301,0.0
142818,15,2025-02-27T02:15:00+08:00,25625432,0,False,Wh,301,0.0
142818,15,2025-02-27T02:30:00+08:00,25625448,0,False,Wh,301,0.0
142818,15,2025-02-27T02:45:00+08:00,25625495,0,False,Wh,301,0.0
142818,15,2025-02-27T03:00:00+08:00,25625538,0,False,Wh,301,0.0
142818,15,2025-02-27T03:15:00+08:00,25625581,0,False,Wh,301,0.0
142818,15,2025-02-27T03:30:00+08:00,25626115,0,False,Wh,301,0.0
142818,15,2025-02-27T03:45:00+08:00,25626136,0,False,Wh,301,0.0
142818,15,2025-02-27T04:00:00+08:00,25626168,0,False,Wh,301,0.0
142818,15,2025-02-27T04:15:00+08:00,25626199,0,False,Wh,301,0.0
142818,15,2025-02-27T04:30:00+08:00,25626231,0,False,Wh,301,0.0
142818,15,2025-02-27T04:45:00+08:00,25626262,0,False,Wh,301,0.0
142818,15,2025-02-27T05:00:00+08:00,25626293,0,False,Wh,301,0.0
142818,15,2025-02-27T05:15:00+08:00,25626325,0,False,Wh,301,0.0
142818,15,2025-02-27T05:30:00+08:00,25626353,0,False,Wh,301,0.0
142818,15,2025-02-27T05:45:00+08:00,25626374,0,False,Wh,301,0.0
142818,15,2025-02-27T06:00:00+08:00,25626406,0,False,Wh,301,0.0
142818,15,2025-02-27T06:15:00+08:00,25626437,0,False,Wh,301,0.0
142818,15,2025-02-27T06:30:00+08:00,25626469,0,False,Wh,301,0.0
142818,15,2025-02-27T06:45:00+08:00,25626500,0,False,Wh,301,0.0
142818,15,2025-02-27T07:00:00+08:00,25626520,0,False,Wh,301,0.0
142818,15,2025-02-27T07:15:00+08:00,25626551,0,False,Wh,301,0.0
142818,15,2025-02-27T07:30:00+08:00,25626582,0,False,Wh,301,0.0
142818,15,2025-02-27T07:45:00+08:00,25626613,0,False,Wh,301,0.0
142818,15,2025-02-27T08:00:00+08:00,25626644,0,False,Wh,301,0.0
142818,15,2025-02-27T08:15:00+08:00,25626666,0,False,Wh,301,0.0
142818,15,2025-02-27T08:30:00+08:00,25626694,0,False,Wh,301,0.0
142818,15,2025-02-27T08:45:00+08:00,25626725,0,False,Wh,301,0.0
142818,15,2025-02-27T09:00:00+08:00,25626753,0,False,Wh,301,0.0
142818,15,2025-02-27T09:15:00+08:00,25626774,0,False,Wh,301,0.0
142818,15,2025-02-27T09:30:00+08:00,25626806,0,False,Wh,301,0.0
142818,15,2025-02-27T09:45:00+08:00,25626837,0,False,Wh,301,0.0
142818,15,2025-02-27T10:00:00+08:00,25626868,0,False,Wh,301,0.0
142818,15,2025-02-27T10:15:00+08:00,25626899,0,False,Wh,301,0.0
142818,15,2025-02-27T10:30:00+08:00,25626923,0,False,Wh,301,0.0
142818,15,2025-02-27T10:45:00+08:00,25626955,0,False,Wh,301,0.0
142818,15,2025-02-27T11:00:00+08:00,25626985,0,False,Wh,301,0.0
142818,15,2025-02-27T11:15:00+08:00,25627003,0,False,Wh,301,0.0
142818,15,2025-02-27T11:30:00+08:00,25627035,0,False,Wh,301,0.0
142818,15,2025-02-27T11:45:00+08:00,25627066,0,False,Wh,301,0.0
142818,15,2025-02-27T12:00:00+08:00,25627097,0,False,Wh,301,0.0
142818,15,2025-02-27T12:15:00+08:00,25627129,0,False,Wh,301,0.0
142818,15,2025-02-27T12:30:00+08:00,25627150,0,False,Wh,301,0.0
142818,15,2025-02-27T12:45:00+08:00,25627179,0,False,Wh,301,0.0
142818,15,2025-02-27T13:00:00+08:00,25627210,0,False,Wh,301,0.0
142818,15,2025-02-27T13:15:00+08:00,25627240,0,False,Wh,301,0.0
142818,15,2025-02-27T13:30:00+08:00,25627266,0,False,Wh,301,0.0
142818,15,2025-02-27T13:45:00+08:00,25627297,0,False,Wh,301,0.0
142818,15,2025-02-27T14:00:00+08:00,25627329,0,False,Wh,301,0.0
142818,15,2025-02-27T14:15:00+08:00,25627359,0,False,Wh,301,0.0
142818,15,2025-02-27T14:30:00+08:00,25627377,0,False,Wh,301,0.0
142818,15,2025-02-27T14:45:00+08:00,25627410,0,False,Wh,301,0.0
142818,15,2025-02-27T15:00:00+08:00,25627440,0,False,Wh,301,0.0
142818,15,2025-02-27T15:15:00+08:00,25627472,0,False,Wh,301,0.0
142818,15,2025-02-27T15:30:00+08:00,25627497,0,False,Wh,301,0.0
142818,15,2025-02-27T15:45:00+08:00,25628010,0,False,Wh,301,0.0
142818,15,2025-02-27T16:00:00+08:00,25628042,0,False,Wh,301,0.0
142818,15,2025-02-27T16:15:00+08:00,25628069,0,False,Wh,301,0.0
142818,15,2025-02-27T16:30:00+08:00,25628090,0,False,Wh,301,0.0
142818,15,2025-02-27T16:45:00+08:00,25628123,0,False,Wh,301,0.0
142818,15,2025-02-27T17:00:00+08:00,25628153,0,False,Wh,301,0.0
142818,15,2025-02-27T17:15:00+08:00,25628175,0,False,Wh,301,0.0
142818,15,2025-02-27T17:30:00+08:00,25628204,0,False,Wh,301,0.0
142818,15,2025-02-27T17:45:00+08:00,25628235,0,False,Wh,301,0.0
142818,15,2025-02-27T18:00:00+08:00,25628266,0,False,Wh,301,0.0
142818,15,2025-02-27T18:15:00+08:00,25628298,0,False,Wh,301,0.0
142818,15,2025-02-27T18:30:00+08:00,25628326,0,False,Wh,301,0.0
142818,15,2025-02-27T18:45:00+08:00,25628347,0,False,Wh,301,0.0
142818,15,2025-02-27T19:00:00+08:00,25628380,0,False,Wh,301,0.0
142818,15,2025-02-27T19:15:00+08:00,25628411,0,False,Wh,301,0.0
142818,15,2025-02-27T19:30:00+08:00,25628442,0,False,Wh,301,0.0
142818,15,2025-02-27T19:45:00+08:00,25628473,0,False,Wh,301,0.0
142818,15,2025-02-27T20:00:00+08:00,25628494,0,False,Wh,301,0.0
142818,15,2025-02-27T20:15:00+08:00,25628524,0,False,Wh,301,0.0
142818,15,2025-02-27T20:30:00+08:00,25628593,0,False,Wh,301,0.0
142818,15,2025-02-27T20:45:00+08:00,25628805,0,False,Wh,301,0.0
142818,15,2025-02-27T21:00:00+08:00,25629211,0,False,Wh,301,0.0
142818,15,2025-02-27T21:15:00+08:00,25629925,0,False,Wh,301,0.0
142818,15,2025-02-27T21:30:00+08:00,25630971,0,False,Wh,301,0.0
142818,15,2025-02-27T21:45:00+08:00,25631264,0,False,Wh,301,0.0
142818,15,2025-02-27T22:00:00+08:00,25631549,0,False,Wh,301,0.0
142818,15,2025-02-27T22:15:00+08:00,25631822,0,False,Wh,301,0.0
142818,15,2025-02-27T22:30:00+08:00,25632032,0,False,Wh,301,0.0
142818,15,2025-02-27T22:45:00+08:00,25632167,0,False,Wh,301,0.0
142818,15,2025-02-27T23:00:00+08:00,25632255,0,False,Wh,301,0.0
142818,15,2025-02-27T23:15:00+08:00,25632337,0,False,Wh,301,0.0
142818,15,2025-02-27T23:30:00+08:00,25632408,0,False,Wh,301,0.0
142818,15,2025-02-27T23:45:00+08:00,25632488,0,False,Wh,301,0.0
142818,15,2025-02-28T00:00:00+08:00,25632568,0,False,Wh,301,0.0
142818,15,2025-02-28T00:15:00+08:00,25632655,0,False,Wh,301,0.0
142818,15,2025-02-28T00:30:00+08:00,25632732,0,False,Wh,301,0.0
142818,15,2025-02-28T00:45:00+08:00,25632762,0,False,Wh,301,0.0
142818,15,2025-02-28T01:00:00+08:00,25632831,0,False,Wh,301,0.0
142818,15,2025-02-28T01:15:00+08:00,25632879,0,False,Wh,301,0.0
142818,15,2025-02-28T01:30:00+08:00,25632947,0,False,Wh,301,0.0
142818,15,2025-02-28T01:45:00+08:00,25632986,0,False,Wh,301,0.0
142818,15,2025-02-28T02:00:00+08:00,25633060,0,False,Wh,301,0.0
142818,15,2025-02-28T02:15:00+08:00,25633100,0,False,Wh,301,0.0
142818,15,2025-02-28T02:30:00+08:00,25633155,0,False,Wh,301,0.0
142818,15,2025-02-28T02:45:00+08:00,25633661,0,False,Wh,301,0.0
142818,15,2025-02-28T03:00:00+08:00,25633697,0,False,Wh,301,0.0
142818,15,2025-02-28T03:15:00+08:00,25633755,0,False,Wh,301,0.0
142818,15,2025-02-28T03:30:00+08:00,25633787,0,False,Wh,301,0.0
142818,15,2025-02-28T03:45:00+08:00,25633839,0,False,Wh,301,0.0
142818,15,2025-02-28T04:00:00+08:00,25633892,0,False,Wh,301,0.0
142818,15,2025-02-28T04:15:00+08:00,25633915,0,False,Wh,301,0.0
142818,15,2025-02-28T04:30:00+08:00,25633971,0,False,Wh,301,0.0
142818,15,2025-02-28T04:45:00+08:00,25634005,0,False,Wh,301,0.0
142818,15,2025-02-28T05:00:00+08:00,25634042,0,False,Wh,301,0.0
142818,15,2025-02-28T05:15:00+08:00,25634079,0,False,Wh,301,0.0
142818,15,2025-02-28T05:30:00+08:00,25634110,0,False,Wh,301,0.0
142818,15,2025-02-28T05:45:00+08:00,25634133,0,False,Wh,301,0.0
142818,15,2025-02-28T06:00:00+08:00,25634175,0,False,Wh,301,0.0
142818,15,2025-02-28T06:15:00+08:00,25634223,0,False,Wh,301,0.0
142818,15,2025-02-28T06:30:00+08:00,25634306,0,False,Wh,301,0.0
142818,15,2025-02-28T06:45:00+08:00,25634446,0,False,Wh,301,0.0
142818,15,2025-02-28T07:00:00+08:00,25634554,0,False,Wh,301,0.0
142818,15,2025-02-28T07:15:00+08:00,25634667,0,False,Wh,301,0.0
142818,15,2025-02-28T07:30:00+08:00,25634775,0,False,Wh,301,0.0
142818,15,2025-02-28T07:45:00+08:00,25634903,0,False,Wh,301,0.0
142818,15,2025-02-28T08:00:00+08:00,25635002,0,False,Wh,301,0.0
142818,15,2025-02-28T08:15:00+08:00,25635126,0,False,Wh,301,0.0
142818,15,2025-02-28T09:30:00+08:00,25635142,0,False,Wh,301,0.0
142818,15,2025-02-28T09:45:00+08:00,25635296,0,False,Wh,301,0.0
142818,15,2025-02-28T10:00:00+08:00,25635445,0,False,Wh,301,0.0
142818,15,2025-02-28T10:15:00+08:00,25635648,0,False,Wh,301,0.0
142818,15,2025-02-28T10:30:00+08:00,25636317,0,False,Wh,301,0.0
142818,15,2025-02-28T10:45:00+08:00,25636526,0,False,Wh,301,0.0
142818,15,2025-02-28T11:00:00+08:00,25636738,0,False,Wh,301,0.0
142818,15,2025-02-28T11:15:00+08:00,25636959,0,False,Wh,301,0.0
142818,15,2025-02-28T11:30:00+08:00,25637191,0,False,Wh,301,0.0
142818,15,2025-02-28T11:45:00+08:00,25637422,0,False,Wh,301,0.0
142818,15,2025-02-28T12:00:00+08:00,25637651,0,False,Wh,301,0.0
142818,15,2025-02-28T12:15:00+08:00,25637862,0,False,Wh,301,0.0
142818,15,2025-02-28T12:30:00+08:00,25638111,0,False,Wh,301,0.0
142818,15,2025-02-28T12:45:00+08:00,25638375,0,False,Wh,301,0.0
142818,15,2025-02-28T13:00:00+08:00,25638621,0,False,Wh,301,0.0
142818,15,2025-02-28T13:15:00+08:00,25638913,0,False,Wh,301,0.0
142818,15,2025-02-28T13:30:00+08:00,25639229,0,False,Wh,301,0.0
142818,15,2025-02-28T13:45:00+08:00,25639540,0,False,Wh,301,0.0
142818,15,2025-02-28T14:00:00+08:00,25639878,0,False,Wh,301,0.0
142818,15,2025-02-28T14:15:00+08:00,25640259,0,False,Wh,301,0.0
142818,15,2025-02-28T14:30:00+08:00,25640674,0,False,Wh,301,0.0
142818,15,2025-02-28T14:45:00+08:00,25641149,0,False,Wh,301,0.0
142818,15,2025-02-28T15:00:00+08:00,25641693,0,False,Wh,301,0.0
142818,15,2025-02-28T15:15:00+08:00,25643062,0,False,Wh,301,0.0
142818,15,2025-02-28T15:30:00+08:00,25643621,0,False,Wh,301,0.0
142818,15,2025-02-28T15:45:00+08:00,25644177,0,False,Wh,301,0.0
142818,15,2025-02-28T16:00:00+08:00,25644739,0,False,Wh,301,0.0
142818,15,2025-02-28T16:15:00+08:00,25645747,0,False,Wh,301,0.0
142818,15,2025-02-28T16:30:00+08:00,25647018,0,False,Wh,301,0.0
142818,15,2025-02-28T16:45:00+08:00,25647563,0,False,Wh,301,0.0
142818,15,2025-02-28T17:00:00+08:00,25648117,0,False,Wh,301,0.0
142818,15,2025-02-28T17:15:00+08:00,25648667,0,False,Wh,301,0.0
142818,15,2025-02-28T17:30:00+08:00,25649211,0,False,Wh,301,0.0
142818,15,2025-02-28T17:45:00+08:00,25649750,0,False,Wh,301,0.0
142818,15,2025-02-28T18:00:00+08:00,25650274,0,False,Wh,301,0.0
142818,15,2025-02-28T18:15:00+08:00,25650802,0,False,Wh,301,0.0
142818,15,2025-02-28T18:30:00+08:00,25651332,0,False,Wh,301,0.0
142818,15,2025-02-28T18:45:00+08:00,25651715,0,False,Wh,301,0.0
142818,15,2025-02-28T19:00:00+08:00,25651919,0,False,Wh,301,0.0
142818,15,2025-02-28T19:15:00+08:00,25652034,0,False,Wh,301,0.0
142818,15,2025-02-28T19:30:00+08:00,25652121,0,False,Wh,301,0.0
142818,15,2025-02-28T19:45:00+08:00,25652214,0,False,Wh,301,0.0
142818,15,2025-02-28T20:00:00+08:00,25652316,0,False,Wh,301,0.0
142818,15,2025-02-28T20:15:00+08:00,25652475,0,False,Wh,301,0.0
142818,15,2025-02-28T20:30:00+08:00,25652581,0,False,Wh,301,0.0
142818,15,2025-02-28T20:45:00+08:00,25652689,0,False,Wh,301,0.0
142818,15,2025-02-28T21:00:00+08:00,25652793,0,False,Wh,301,0.0
142818,15,2025-02-28T21:15:00+08:00,25652896,0,False,Wh,301,0.0
142818,15,2025-02-28T21:30:00+08:00,25652981,0,False,Wh,301,0.0
142818,15,2025-02-28T21:45:00+08:00,25653011,0,False,Wh,301,0.0
142818,15,2025-02-28T22:00:00+08:00,25653050,0,False,Wh,301,0.0
142818,15,2025-02-28T22:15:00+08:00,25653092,0,False,Wh,301,0.0
142818,15,2025-02-28T22:30:00+08:00,25653133,0,False,Wh,301,0.0
142818,15,2025-02-28T22:45:00+08:00,25653615,0,False,Wh,301,0.0
142818,15,2025-02-28T23:00:00+08:00,25653658,0,False,Wh,301,0.0
142818,15,2025-02-28T23:15:00+08:00,25653738,0,False,Wh,301,0.0
142818,15,2025-02-28T23:30:00+08:00,25653813,0,False,Wh,301,0.0
142818,15,2025-02-28T23:45:00+08:00,25653871,0,False,Wh,301,0.0
142818,15,2025-03-01T00:00:00+08:00,25653912,0,False,Wh,301,0.0
142818,15,2025-03-01T00:15:00+08:00,25653958,0,False,Wh,301,0.0
142818,15,2025-03-01T00:30:00+08:00,25654045,0,False,Wh,301,0.0
142818,15,2025-03-01T00:45:00+08:00,25654091,0,False,Wh,301,0.0
142818,15,2025-03-01T01:00:00+08:00,25654130,0,False,Wh,301,0.0
142818,15,2025-03-01T01:15:00+08:00,25654191,0,False,Wh,301,0.0
142818,15,2025-03-01T01:30:00+08:00,25654242,0,False,Wh,301,0.0
142818,15,2025-03-01T01:45:00+08:00,25654300,0,False,Wh,301,0.0
142818,15,2025-03-01T02:00:00+08:00,25654349,0,False,Wh,301,0.0
142818,15,2025-03-01T02:15:00+08:00,25654386,0,False,Wh,301,0.0
142818,15,2025-03-01T02:30:00+08:00,25654435,0,False,Wh,301,0.0
142818,15,2025-03-01T02:45:00+08:00,25654478,0,False,Wh,301,0.0
142818,15,2025-03-01T03:00:00+08:00,25654524,0,False,Wh,301,0.0
142818,15,2025-03-01T03:15:00+08:00,25654566,0,False,Wh,301,0.0
142818,15,2025-03-01T03:30:00+08:00,25654613,0,False,Wh,301,0.0
142818,15,2025-03-01T03:45:00+08:00,25654649,0,False,Wh,301,0.0
142818,15,2025-03-01T04:00:00+08:00,25654693,0,False,Wh,301,0.0
142818,15,2025-03-01T04:15:00+08:00,25654735,0,False,Wh,301,0.0
142818,15,2025-03-01T04:30:00+08:00,25654777,0,False,Wh,301,0.0
142818,15,2025-03-01T04:45:00+08:00,25654810,0,False,Wh,301,0.0
142818,15,2025-03-01T05:00:00+08:00,25654853,0,False,Wh,301,0.0
142818,15,2025-03-01T05:15:00+08:00,25654894,0,False,Wh,301,0.0
142818,15,2025-03-01T05:30:00+08:00,25654941,0,False,Wh,301,0.0
142818,15,2025-03-01T05:45:00+08:00,25654971,0,False,Wh,301,0.0
142818,15,2025-03-01T06:00:00+08:00,25655013,0,False,Wh,301,0.0
142818,15,2025-03-01T06:15:00+08:00,25655054,0,False,Wh,301,0.0
142818,15,2025-03-01T06:30:00+08:00,25655095,0,False,Wh,301,0.0
142818,15,2025-03-01T06:45:00+08:00,25655136,0,False,Wh,301,0.0
142818,15,2025-03-01T07:00:00+08:00,25655173,0,False,Wh,301,0.0
142818,15,2025-03-01T07:15:00+08:00,25655209,0,False,Wh,301,0.0
142818,15,2025-03-01T07:30:00+08:00,25655250,0,False,Wh,301,0.0
142818,15,2025-03-01T07:45:00+08:00,25655289,0,False,Wh,301,0.0
142818,15,2025-03-01T08:00:00+08:00,25655319,0,False,Wh,301,0.0
142818,15,2025-03-01T08:15:00+08:00,25655360,0,False,Wh,301,0.0
142818,15,2025-03-01T08:30:00+08:00,25655401,0,False,Wh,301,0.0
142818,15,2025-03-01T08:45:00+08:00,25655440,0,False,Wh,301,0.0
142818,15,2025-03-01T09:00:00+08:00,25655470,0,False,Wh,301,0.0
142818,15,2025-03-01T09:15:00+08:00,25655509,0,False,Wh,301,0.0
142818,15,2025-03-01T09:30:00+08:00,25655908,0,False,Wh,301,0.0
142818,15,2025-03-01T09:45:00+08:00,25656065,0,False,Wh,301,0.0
142818,15,2025-03-01T10:00:00+08:00,25656116,0,False,Wh,301,0.0
142818,15,2025-03-01T10:15:00+08:00,25656175,0,False,Wh,301,0.0
142818,15,2025-03-01T10:30:00+08:00,25656235,0,False,Wh,301,0.0
142818,15,2025-03-01T10:45:00+08:00,25656314,0,False,Wh,301,0.0
142818,15,2025-03-01T11:00:00+08:00,25656387,0,False,Wh,301,0.0
142818,15,2025-03-01T11:15:00+08:00,25656466,0,False,Wh,301,0.0
142818,15,2025-03-01T11:30:00+08:00,25656566,0,False,Wh,301,0.0
142818,15,2025-03-01T11:45:00+08:00,25656705,0,False,Wh,301,0.0
142818,15,2025-03-01T12:00:00+08:00,25656863,0,False,Wh,301,0.0
142818,15,2025-03-01T12:15:00+08:00,25657092,0,False,Wh,301,0.0
142818,15,2025-03-01T12:30:00+08:00,25657436,0,False,Wh,301,0.0
142818,15,2025-03-01T12:45:00+08:00,25658248,0,False,Wh,301,0.0
142818,15,2025-03-01T13:00:00+08:00,25658912,0,False,Wh,301,0.0
142818,15,2025-03-01T13:15:00+08:00,25659390,0,False,Wh,301,0.0
142818,15,2025-03-01T13:30:00+08:00,25660144,0,False,Wh,301,0.0
142818,15,2025-03-01T13:45:00+08:00,25661003,0,False,Wh,301,0.0
142818,15,2025-03-01T14:00:00+08:00,25661588,0,False,Wh,301,0.0
142818,15,2025-03-01T14:15:00+08:00,25662218,0,False,Wh,301,0.0
142818,15,2025-03-01T14:30:00+08:00,25662832,0,False,Wh,301,0.0
142818,15,2025-03-01T14:45:00+08:00,25663674,0,False,Wh,301,0.0
142818,15,2025-03-01T15:00:00+08:00,25664294,0,False,Wh,301,0.0
142818,15,2025-03-01T15:15:00+08:00,25664915,0,False,Wh,301,0.0
142818,15,2025-03-01T15:30:00+08:00,25665548,0,False,Wh,301,0.0
142818,15,2025-03-01T15:45:00+08:00,25666356,0,False,Wh,301,0.0
142818,15,2025-03-01T16:00:00+08:00,25667407,0,False,Wh,301,0.0
142818,15,2025-03-01T16:15:00+08:00,25668440,0,False,Wh,301,0.0
142818,15,2025-03-01T16:30:00+08:00,25669464,0,False,Wh,301,0.0
142818,15,2025-03-01T16:45:00+08:00,25670456,0,False,Wh,301,0.0
142818,15,2025-03-01T17:00:00+08:00,25671068,0,False,Wh,301,0.0
142818,15,2025-03-01T17:15:00+08:00,25671847,0,False,Wh,301,0.0
142818,15,2025-03-01T17:30:00+08:00,25672868,0,False,Wh,301,0.0
142818,15,2025-03-01T17:45:00+08:00,25674114,0,False,Wh,301,0.0
142818,15,2025-03-01T18:00:00+08:00,25674714,0,False,Wh,301,0.0
142818,15,2025-03-01T18:15:00+08:00,25675823,0,False,Wh,301,0.0
142818,15,2025-03-01T18:30:00+08:00,25676889,0,False,Wh,301,0.0
142818,15,2025-03-01T18:45:00+08:00,25677457,0,False,Wh,301,0.0
142818,15,2025-03-01T19:00:00+08:00,25677946,0,False,Wh,301,0.0
142818,15,2025-03-01T19:15:00+08:00,25678307,0,False,Wh,301,0.0
142818,15,2025-03-01T19:30:00+08:00,25678659,0,False,Wh,301,0.0
142818,15,2025-03-01T19:45:00+08:00,25678952,0,False,Wh,301,0.0
142818,15,2025-03-01T20:00:00+08:00,25679166,0,False,Wh,301,0.0
142818,15,2025-03-01T20:15:00+08:00,25679325,0,False,Wh,301,0.0
142818,15,2025-03-01T20:30:00+08:00,25679476,0,False,Wh,301,0.0
142818,15,2025-03-01T20:45:00+08:00,25679624,0,False,Wh,301,0.0
142818,15,2025-03-01T21:00:00+08:00,25679765,0,False,Wh,301,0.0
142818,15,2025-03-01T21:15:00+08:00,25679908,0,False,Wh,301,0.0
142818,15,2025-03-01T21:30:00+08:00,25680201,0,False,Wh,301,0.0
142818,15,2025-03-01T21:45:00+08:00,25680845,0,False,Wh,301,0.0
142818,15,2025-03-01T22:00:00+08:00,25681150,0,False,Wh,301,0.0
142818,15,2025-03-01T22:15:00+08:00,25681448,0,False,Wh,301,0.0
142818,15,2025-03-01T22:30:00+08:00,25681731,0,False,Wh,301,0.0
142818,15,2025-03-01T22:45:00+08:00,25682019,0,False,Wh,301,0.0
142818,15,2025-03-01T23:00:00+08:00,25682315,0,False,Wh,301,0.0
142818,15,2025-03-01T23:15:00+08:00,25682614,0,False,Wh,301,0.0
142818,15,2025-03-01T23:30:00+08:00,25682916,0,False,Wh,301,0.0
142818,15,2025-03-01T23:45:00+08:00,25683176,0,False,Wh,301,0.0
142818,15,2025-03-02T00:00:00+08:00,25683282,0,False,Wh,301,0.0
142818,15,2025-03-02T00:15:00+08:00,25683370,0,False,Wh,301,0.0
142818,15,2025-03-02T00:30:00+08:00,25683421,0,False,Wh,301,0.0
142818,15,2025-03-02T00:45:00+08:00,25683507,0,False,Wh,301,0.0
142818,15,2025-03-02T01:00:00+08:00,25683547,0,False,Wh,301,0.0
142818,15,2025-03-02T01:15:00+08:00,25683587,0,False,Wh,301,0.0
142818,15,2025-03-02T01:30:00+08:00,25683657,0,False,Wh,301,0.0
142818,15,2025-03-02T01:45:00+08:00,25683715,0,False,Wh,301,0.0
142818,15,2025-03-02T02:00:00+08:00,25683752,0,False,Wh,301,0.0
142818,15,2025-03-02T02:15:00+08:00,25683818,0,False,Wh,301,0.0
142818,15,2025-03-02T02:30:00+08:00,25683850,0,False,Wh,301,0.0
142818,15,2025-03-02T02:45:00+08:00,25683913,0,False,Wh,301,0.0
142818,15,2025-03-02T03:00:00+08:00,25683944,0,False,Wh,301,0.0
142818,15,2025-03-02T03:15:00+08:00,25683987,0,False,Wh,301,0.0
142818,15,2025-03-02T03:30:00+08:00,25684034,0,False,Wh,301,0.0
142818,15,2025-03-02T03:45:00+08:00,25684065,0,False,Wh,301,0.0
142818,15,2025-03-02T04:00:00+08:00,25684111,0,False,Wh,301,0.0
142818,15,2025-03-02T04:15:00+08:00,25684140,0,False,Wh,301,0.0
142818,15,2025-03-02T04:30:00+08:00,25684179,0,False,Wh,301,0.0
142818,15,2025-03-02T04:45:00+08:00,25684214,0,False,Wh,301,0.0
142818,15,2025-03-02T05:00:00+08:00,25684246,0,False,Wh,301,0.0
142818,15,2025-03-02T05:15:00+08:00,25684284,0,False,Wh,301,0.0
142818,15,2025-03-02T05:30:00+08:00,25684304,0,False,Wh,301,0.0
142818,15,2025-03-02T05:45:00+08:00,25684335,0,False,Wh,301,0.0
142818,15,2025-03-02T06:00:00+08:00,25684373,0,False,Wh,301,0.0
142818,15,2025-03-02T06:15:00+08:00,25684413,0,False,Wh,301,0.0
142818,15,2025-03-02T06:30:00+08:00,25684445,0,False,Wh,301,0.0
142818,15,2025-03-02T06:45:00+08:00,25684481,0,False,Wh,301,0.0
142818,15,2025-03-02T07:00:00+08:00,25684503,0,False,Wh,301,0.0
142818,15,2025-03-02T07:15:00+08:00,25684934,0,False,Wh,301,0.0
142818,15,2025-03-02T07:30:00+08:00,25685094,0,False,Wh,301,0.0
142818,15,2025-03-02T07:45:00+08:00,25685348,0,False,Wh,301,0.0
142818,15,2025-03-02T08:00:00+08:00,25685630,0,False,Wh,301,0.0
142818,15,2025-03-02T08:15:00+08:00,25685932,0,False,Wh,301,0.0
142818,15,2025-03-02T08:30:00+08:00,25686606,0,False,Wh,301,0.0
142818,15,2025-03-02T08:45:00+08:00,25686867,0,False,Wh,301,0.0
142818,15,2025-03-02T09:00:00+08:00,25687147,0,False,Wh,301,0.0
142818,15,2025-03-02T09:15:00+08:00,25687418,0,False,Wh,301,0.0
142818,15,2025-03-02T09:30:00+08:00,25687707,0,False,Wh,301,0.0
142818,15,2025-03-02T09:45:00+08:00,25687997,0,False,Wh,301,0.0
142818,15,2025-03-02T10:00:00+08:00,25688269,0,False,Wh,301,0.0
142818,15,2025-03-02T10:15:00+08:00,25688673,0,False,Wh,301,0.0
142818,15,2025-03-02T10:30:00+08:00,25689102,0,False,Wh,301,0.0
142818,15,2025-03-02T10:45:00+08:00,25689320,0,False,Wh,301,0.0
142818,15,2025-03-02T11:00:00+08:00,25689531,0,False,Wh,301,0.0
142818,15,2025-03-02T11:15:00+08:00,25689759,0,False,Wh,301,0.0
142818,15,2025-03-02T11:30:00+08:00,25690805,0,False,Wh,301,0.0
142818,15,2025-03-02T11:45:00+08:00,25691099,0,False,Wh,301,0.0
142818,15,2025-03-02T12:00:00+08:00,25691258,0,False,Wh,301,0.0
142818,15,2025-03-02T12:15:00+08:00,25691428,0,False,Wh,301,0.0
142818,15,2025-03-02T12:30:00+08:00,25691602,0,False,Wh,301,0.0
142818,15,2025-03-02T12:45:00+08:00,25691775,0,False,Wh,301,0.0
142818,15,2025-03-02T13:00:00+08:00,25691949,0,False,Wh,301,0.0
142818,15,2025-03-02T13:15:00+08:00,25692123,0,False,Wh,301,0.0
142818,15,2025-03-02T13:30:00+08:00,25692292,0,False,Wh,301,0.0
142818,15,2025-03-02T13:45:00+08:00,25692492,0,False,Wh,301,0.0
142818,15,2025-03-02T14:00:00+08:00,25692740,0,False,Wh,301,0.0
142818,15,2025-03-02T14:15:00+08:00,25693098,0,False,Wh,301,0.0
142818,15,2025-03-02T14:30:00+08:00,25693546,0,False,Wh,301,0.0
142818,15,2025-03-02T14:45:00+08:00,25694039,0,False,Wh,301,0.0
142818,15,2025-03-02T15:00:00+08:00,25694553,0,False,Wh,301,0.0
142818,15,2025-03-02T15:15:00+08:00,25695466,0,False,Wh,301,0.0
142818,15,2025-03-02T15:30:00+08:00,25696062,0,False,Wh,301,0.0
142818,15,2025-03-02T15:45:00+08:00,25697051,0,False,Wh,301,0.0
142818,15,2025-03-02T16:00:00+08:00,25698235,0,False,Wh,301,0.0
142818,15,2025-03-02T16:15:00+08:00,25699033,0,False,Wh,301,0.0
142818,15,2025-03-02T16:30:00+08:00,25699836,0,False,Wh,301,0.0
142818,15,2025-03-02T16:45:00+08:00,25700601,0,False,Wh,301,0.0
142818,15,2025-03-02T17:00:00+08:00,25701309,0,False,Wh,301,0.0
142818,15,2025-03-02T17:15:00+08:00,25701750,0,False,Wh,301,0.0
142818,15,2025-03-02T17:30:00+08:00,25702383,0,False,Wh,301,0.0
142818,15,2025-03-02T17:45:00+08:00,25702886,0,False,Wh,301,0.0
142818,15,2025-03-02T18:00:00+08:00,25703293,0,False,Wh,301,0.0
142818,15,2025-03-02T18:15:00+08:00,25703694,0,False,Wh,301,0.0
142818,15,2025-03-02T18:30:00+08:00,25704159,0,False,Wh,301,0.0
142818,15,2025-03-02T18:45:00+08:00,25704618,0,False,Wh,301,0.0
142818,15,2025-03-02T19:00:00+08:00,25705130,0,False,Wh,301,0.0
142818,15,2025-03-02T19:15:00+08:00,25705759,0,False,Wh,301,0.0
142818,15,2025-03-02T19:30:00+08:00,25706221,0,False,Wh,301,0.0
142818,15,2025-03-02T19:45:00+08:00,25706913,0,False,Wh,301,0.0
142818,15,2025-03-02T20:00:00+08:00,25707794,0,False,Wh,301,0.0
142818,15,2025-03-02T20:15:00+08:00,25708124,0,False,Wh,301,0.0
142818,15,2025-03-02T20:30:00+08:00,25708344,0,False,Wh,301,0.0
142818,15,2025-03-02T20:45:00+08:00,25708487,0,False,Wh,301,0.0
142818,15,2025-03-02T21:00:00+08:00,25708582,0,False,Wh,301,0.0
142818,15,2025-03-02T21:15:00+08:00,25708672,0,False,Wh,301,0.0
142818,15,2025-03-02T21:30:00+08:00,25708772,0,False,Wh,301,0.0
142818,15,2025-03-02T21:45:00+08:00,25708862,0,False,Wh,301,0.0
142818,15,2025-03-02T22:00:00+08:00,25708962,0,False,Wh,301,0.0
142818,15,2025-03-02T22:15:00+08:00,25709049,0,False,Wh,301,0.0
142818,15,2025-03-02T22:30:00+08:00,25709135,0,False,Wh,301,0.0
142818,15,2025-03-02T22:45:00+08:00,25709204,0,False,Wh,301,0.0
142818,15,2025-03-02T23:00:00+08:00,25709288,0,False,Wh,301,0.0
142818,15,2025-03-02T23:15:00+08:00,25709357,0,False,Wh,301,0.0
142818,15,2025-03-02T23:30:00+08:00,25709423,0,False,Wh,301,0.0
142818,15,2025-03-02T23:45:00+08:00,25709492,0,False,Wh,301,0.0
142818,15,2025-03-03T00:00:00+08:00,25709552,0,False,Wh,301,0.0
142818,15,2025-03-03T00:15:00+08:00,25709605,0,False,Wh,301,0.0
142818,15,2025-03-03T00:30:00+08:00,25709668,0,False,Wh,301,0.0
142818,15,2025-03-03T00:45:00+08:00,25709729,0,False,Wh,301,0.0
142818,15,2025-03-03T01:00:00+08:00,25709785,0,False,Wh,301,0.0
142818,15,2025-03-03T01:15:00+08:00,25709840,0,False,Wh,301,0.0
142818,15,2025-03-03T01:30:00+08:00,25709892,0,False,Wh,301,0.0
142818,15,2025-03-03T01:45:00+08:00,25709944,0,False,Wh,301,0.0
142818,15,2025-03-03T02:00:00+08:00,25709998,0,False,Wh,301,0.0
142818,15,2025-03-03T02:15:00+08:00,25710044,0,False,Wh,301,0.0
142818,15,2025-03-03T02:30:00+08:00,25710084,0,False,Wh,301,0.0
142818,15,2025-03-03T02:45:00+08:00,25710140,0,False,Wh,301,0.0
142818,15,2025-03-03T03:00:00+08:00,25710165,0,False,Wh,301,0.0
142818,15,2025-03-03T03:15:00+08:00,25710409,0,False,Wh,301,0.0
142818,15,2025-03-03T03:30:00+08:00,25710651,0,False,Wh,301,0.0
142818,15,2025-03-03T03:45:00+08:00,25710685,0,False,Wh,301,0.0
142818,15,2025-03-03T04:00:00+08:00,25710732,0,False,Wh,301,0.0
142818,15,2025-03-03T04:15:00+08:00,25710784,0,False,Wh,301,0.0
142818,15,2025-03-03T04:30:00+08:00,25710825,0,False,Wh,301,0.0
142818,15,2025-03-03T04:45:00+08:00,25710856,0,False,Wh,301,0.0
142818,15,2025-03-03T05:00:00+08:00,25710908,0,False,Wh,301,0.0
142818,15,2025-03-03T05:15:00+08:00,25710933,0,False,Wh,301,0.0
142818,15,2025-03-03T05:30:00+08:00,25710975,0,False,Wh,301,0.0
142818,15,2025-03-03T05:45:00+08:00,25711011,0,False,Wh,301,0.0
142818,15,2025-03-03T06:00:00+08:00,25711058,0,False,Wh,301,0.0
142818,15,2025-03-03T06:15:00+08:00,25711108,0,False,Wh,301,0.0
142818,15,2025-03-03T06:30:00+08:00,25711138,0,False,Wh,301,0.0
142818,15,2025-03-03T06:45:00+08:00,25711169,0,False,Wh,301,0.0
142818,15,2025-03-03T07:00:00+08:00,25711218,0,False,Wh,301,0.0
142818,15,2025-03-03T07:15:00+08:00,25711255,0,False,Wh,301,0.0
142818,15,2025-03-03T07:30:00+08:00,25711284,0,False,Wh,301,0.0
142818,15,2025-03-03T07:45:00+08:00,25711324,0,False,Wh,301,0.0
142818,15,2025-03-03T08:00:00+08:00,25711366,0,False,Wh,301,0.0
142818,15,2025-03-03T08:15:00+08:00,25711424,0,False,Wh,301,0.0
142818,15,2025-03-03T08:30:00+08:00,25711468,0,False,Wh,301,0.0
142818,15,2025-03-03T08:45:00+08:00,25711522,0,False,Wh,301,0.0
142818,15,2025-03-03T09:00:00+08:00,25711580,0,False,Wh,301,0.0
142818,15,2025-03-03T09:15:00+08:00,25711639,0,False,Wh,301,0.0
142818,15,2025-03-03T09:30:00+08:00,25711703,0,False,Wh,301,0.0
142818,15,2025-03-03T09:45:00+08:00,25711763,0,False,Wh,301,0.0
142818,15,2025-03-03T10:00:00+08:00,25711810,0,False,Wh,301,0.0
142818,15,2025-03-03T10:15:00+08:00,25711881,0,False,Wh,301,0.0
142818,15,2025-03-03T10:30:00+08:00,25711959,0,False,Wh,301,0.0
142818,15,2025-03-03T10:45:00+08:00,25712031,0,False,Wh,301,0.0
142818,15,2025-03-03T11:00:00+08:00,25712099,0,False,Wh,301,0.0
142818,15,2025-03-03T11:15:00+08:00,25712178,0,False,Wh,301,0.0
142818,15,2025-03-03T11:30:00+08:00,25712255,0,False,Wh,301,0.0
142818,15,2025-03-03T11:45:00+08:00,25712334,0,False,Wh,301,0.0
142818,15,2025-03-03T12:00:00+08:00,25712651,0,False,Wh,301,0.0
142818,15,2025-03-03T12:15:00+08:00,25713446,0,False,Wh,301,0.0
142818,15,2025-03-03T12:30:00+08:00,25713638,0,False,Wh,301,0.0
142818,15,2025-03-03T12:45:00+08:00,25713916,0,False,Wh,301,0.0
142818,15,2025-03-03T13:00:00+08:00,25714234,0,False,Wh,301,0.0
142818,15,2025-03-03T13:15:00+08:00,25714529,0,False,Wh,301,0.0
142818,15,2025-03-03T13:30:00+08:00,25714830,0,False,Wh,301,0.0
142818,15,2025-03-03T13:45:00+08:00,25715094,0,False,Wh,301,0.0
142818,15,2025-03-03T14:00:00+08:00,25715322,0,False,Wh,301,0.0
142818,15,2025-03-03T14:15:00+08:00,25715554,0,False,Wh,301,0.0
142818,15,2025-03-03T14:30:00+08:00,25715788,0,False,Wh,301,0.0
142818,15,2025-03-03T14:45:00+08:00,25716109,0,False,Wh,301,0.0
142818,15,2025-03-03T15:00:00+08:00,25716393,0,False,Wh,301,0.0
142818,15,2025-03-03T15:15:00+08:00,25716710,0,False,Wh,301,0.0
142818,15,2025-03-03T15:30:00+08:00,25717037,0,False,Wh,301,0.0
142818,15,2025-03-03T15:45:00+08:00,25717367,0,False,Wh,301,0.0
142818,15,2025-03-03T16:00:00+08:00,25717713,0,False,Wh,301,0.0
142818,15,2025-03-03T16:15:00+08:00,25718088,0,False,Wh,301,0.0
142818,15,2025-03-03T16:30:00+08:00,25718485,0,False,Wh,301,0.0
142818,15,2025-03-03T16:45:00+08:00,25719251,0,False,Wh,301,0.0
142818,15,2025-03-03T17:00:00+08:00,25719632,0,False,Wh,301,0.0
142818,15,2025-03-03T17:15:00+08:00,25720007,0,False,Wh,301,0.0
142818,15,2025-03-03T17:30:00+08:00,25720376,0,False,Wh,301,0.0
142818,15,2025-03-03T17:45:00+08:00,25720743,0,False,Wh,301,0.0
142818,15,2025-03-03T18:00:00+08:00,25721112,0,False,Wh,301,0.0
142818,15,2025-03-03T18:15:00+08:00,25721488,0,False,Wh,301,0.0
142818,15,2025-03-03T18:30:00+08:00,25721859,0,False,Wh,301,0.0
142818,15,2025-03-03T18:45:00+08:00,25722209,0,False,Wh,301,0.0
142818,15,2025-03-03T19:00:00+08:00,25722531,0,False,Wh,301,0.0
142818,15,2025-03-03T19:15:00+08:00,25723003,0,False,Wh,301,0.0
142818,15,2025-03-03T19:30:00+08:00,25723230,0,False,Wh,301,0.0
142818,15,2025-03-03T19:45:00+08:00,25723449,0,False,Wh,301,0.0
142818,15,2025-03-03T20:00:00+08:00,25724265,0,False,Wh,301,0.0
142818,15,2025-03-03T20:15:00+08:00,25724773,0,False,Wh,301,0.0
142818,15,2025-03-03T20:30:00+08:00,25724938,0,False,Wh,301,0.0
142818,15,2025-03-03T20:45:00+08:00,25725101,0,False,Wh,301,0.0
142818,15,2025-03-03T21:00:00+08:00,25725269,0,False,Wh,301,0.0
142818,15,2025-03-03T21:15:00+08:00,25725529,0,False,Wh,301,0.0
142818,15,2025-03-03T21:30:00+08:00,25725800,0,False,Wh,301,0.0
142818,15,2025-03-03T21:45:00+08:00,25726070,0,False,Wh,301,0.0
142818,15,2025-03-03T22:00:00+08:00,25726389,0,False,Wh,301,0.0
142818,15,2025-03-03T22:15:00+08:00,25726688,0,False,Wh,301,0.0
142818,15,2025-03-03T22:30:00+08:00,25726913,0,False,Wh,301,0.0
142818,15,2025-03-03T22:45:00+08:00,25727207,0,False,Wh,301,0.0
142818,15,2025-03-03T23:00:00+08:00,25727502,0,False,Wh,301,0.0
142818,15,2025-03-03T23:15:00+08:00,25727800,0,False,Wh,301,0.0
142818,15,2025-03-03T23:30:00+08:00,25728097,0,False,Wh,301,0.0
142818,15,2025-03-03T23:45:00+08:00,25728381,0,False,Wh,301,0.0
142819,15,2025-02-22T00:00:00+08:00,20460800,0,False,Wh,302,0.0
142819,15,2025-02-22T00:15:00+08:00,20461256,0,False,Wh,302,0.0
142819,15,2025-02-22T00:30:00+08:00,20461461,0,False,Wh,302,0.0
142819,15,2025-02-22T00:45:00+08:00,20461513,0,False,Wh,302,0.0
142819,15,2025-02-22T01:00:00+08:00,20461563,0,False,Wh,302,0.0
142819,15,2025-02-22T01:15:00+08:00,20461596,0,False,Wh,302,0.0
142819,15,2025-02-22T01:30:00+08:00,20461649,0,False,Wh,302,0.0
142819,15,2025-02-22T01:45:00+08:00,20461698,0,False,Wh,302,0.0
142819,15,2025-02-22T02:00:00+08:00,20461776,0,False,Wh,302,0.0
142819,15,2025-02-22T02:15:00+08:00,20461840,0,False,Wh,302,0.0
142819,15,2025-02-22T02:30:00+08:00,20461895,0,False,Wh,302,0.0
142819,15,2025-02-22T02:45:00+08:00,20461950,0,False,Wh,302,0.0
142819,15,2025-02-22T03:00:00+08:00,20462004,0,False,Wh,302,0.0
142819,15,2025-02-22T03:15:00+08:00,20462044,0,False,Wh,302,0.0
142819,15,2025-02-22T03:30:00+08:00,20462091,0,False,Wh,302,0.0
142819,15,2025-02-22T03:45:00+08:00,20462147,0,False,Wh,302,0.0
142819,15,2025-02-22T04:00:00+08:00,20462262,0,False,Wh,302,0.0
142819,15,2025-02-22T04:15:00+08:00,20462374,0,False,Wh,302,0.0
142819,15,2025-02-22T04:30:00+08:00,20462487,0,False,Wh,302,0.0
142819,15,2025-02-22T04:45:00+08:00,20462565,0,False,Wh,302,0.0
142819,15,2025-02-22T05:00:00+08:00,20462660,0,False,Wh,302,0.0
142819,15,2025-02-22T05:15:00+08:00,20462759,0,False,Wh,302,0.0
142819,15,2025-02-22T05:30:00+08:00,20462833,0,False,Wh,302,0.0
142819,15,2025-02-22T05:45:00+08:00,20462918,0,False,Wh,302,0.0
142819,15,2025-02-22T06:00:00+08:00,20462966,0,False,Wh,302,0.0
142819,15,2025-02-22T06:15:00+08:00,20463036,0,False,Wh,302,0.0
142819,15,2025-02-22T06:30:00+08:00,20463183,0,False,Wh,302,0.0
142819,15,2025-02-22T06:45:00+08:00,20464144,0,False,Wh,302,0.0
142819,15,2025-02-22T07:00:00+08:00,20464450,0,False,Wh,302,0.0
142819,15,2025-02-22T07:15:00+08:00,20464504,0,False,Wh,302,0.0
142819,15,2025-02-22T07:30:00+08:00,20464660,0,False,Wh,302,0.0
142819,15,2025-02-22T07:45:00+08:00,20464705,0,False,Wh,302,0.0
142819,15,2025-02-22T08:00:00+08:00,20465792,0,False,Wh,302,0.0
142819,15,2025-02-22T08:15:00+08:00,20466841,0,False,Wh,302,0.0
142819,15,2025-02-22T08:30:00+08:00,20467761,0,False,Wh,302,0.0
142819,15,2025-02-22T08:45:00+08:00,20468760,0,False,Wh,302,0.0
142819,15,2025-02-22T09:00:00+08:00,20469338,0,False,Wh,302,0.0
142819,15,2025-02-22T09:15:00+08:00,20469405,0,False,Wh,302,0.0
142819,15,2025-02-22T09:30:00+08:00,20469445,0,False,Wh,302,0.0
142819,15,2025-02-22T09:45:00+08:00,20469467,0,False,Wh,302,0.0
142819,15,2025-02-22T10:00:00+08:00,20469514,0,False,Wh,302,0.0
142819,15,2025-02-22T10:15:00+08:00,20469561,0,False,Wh,302,0.0
142819,15,2025-02-22T10:30:00+08:00,20469617,0,False,Wh,302,0.0
142819,15,2025-02-22T10:45:00+08:00,20469649,0,False,Wh,302,0.0
142819,15,2025-02-22T11:00:00+08:00,20469673,0,False,Wh,302,0.0
142819,15,2025-02-22T11:15:00+08:00,20469688,0,False,Wh,302,0.0
142819,15,2025-02-22T11:30:00+08:00,20469724,0,False,Wh,302,0.0
142819,15,2025-02-22T11:45:00+08:00,20469744,0,False,Wh,302,0.0
142819,15,2025-02-22T12:00:00+08:00,20469763,0,False,Wh,302,0.0
142819,15,2025-02-22T12:15:00+08:00,20469796,0,False,Wh,302,0.0
142819,15,2025-02-22T12:30:00+08:00,20470153,0,False,Wh,302,0.0
142819,15,2025-02-22T12:45:00+08:00,20470484,0,False,Wh,302,0.0
142819,15,2025-02-22T13:00:00+08:00,20470517,0,False,Wh,302,0.0
142819,15,2025-02-22T13:15:00+08:00,20470529,0,False,Wh,302,0.0
142819,15,2025-02-22T13:30:00+08:00,20470556,0,False,Wh,302,0.0
142819,15,2025-02-22T13:45:00+08:00,20470585,0,False,Wh,302,0.0
142819,15,2025-02-22T14:00:00+08:00,20470598,0,False,Wh,302,0.0
142819,15,2025-02-22T14:15:00+08:00,20470630,0,False,Wh,302,0.0
142819,15,2025-02-22T14:30:00+08:00,20470666,0,False,Wh,302,0.0
142819,15,2025-02-22T14:45:00+08:00,20470690,0,False,Wh,302,0.0
142819,15,2025-02-22T15:00:00+08:00,20470752,0,False,Wh,302,0.0
142819,15,2025-02-22T15:15:00+08:00,20470810,0,False,Wh,302,0.0
142819,15,2025-02-22T15:30:00+08:00,20470845,0,False,Wh,302,0.0
142819,15,2025-02-22T15:45:00+08:00,20470901,0,False,Wh,302,0.0
142819,15,2025-02-22T16:00:00+08:00,20470945,0,False,Wh,302,0.0
142819,15,2025-02-22T16:15:00+08:00,20470985,0,False,Wh,302,0.0
142819,15,2025-02-22T16:30:00+08:00,20471040,0,False,Wh,302,0.0
142819,15,2025-02-22T16:45:00+08:00,20471730,0,False,Wh,302,0.0
142819,15,2025-02-22T17:00:00+08:00,20471776,0,False,Wh,302,0.0
142819,15,2025-02-22T17:15:00+08:00,20471834,0,False,Wh,302,0.0
142819,15,2025-02-22T17:30:00+08:00,20471858,0,False,Wh,302,0.0
142819,15,2025-02-22T17:45:00+08:00,20471895,0,False,Wh,302,0.0
142819,15,2025-02-22T18:00:00+08:00,20471927,0,False,Wh,302,0.0
142819,15,2025-02-22T18:15:00+08:00,20471940,0,False,Wh,302,0.0
142819,15,2025-02-22T18:30:00+08:00,20472286,0,False,Wh,302,0.0
142819,15,2025-02-22T18:45:00+08:00,20472693,0,False,Wh,302,0.0
142819,15,2025-02-22T19:00:00+08:00,20472707,0,False,Wh,302,0.0
142819,15,2025-02-22T19:15:00+08:00,20472741,0,False,Wh,302,0.0
142819,15,2025-02-22T19:30:00+08:00,20472783,0,False,Wh,302,0.0
142819,15,2025-02-22T19:45:00+08:00,20472817,0,False,Wh,302,0.0
142819,15,2025-02-22T20:00:00+08:00,20472878,0,False,Wh,302,0.0
142819,15,2025-02-22T20:15:00+08:00,20472931,0,False,Wh,302,0.0
142819,15,2025-02-22T20:30:00+08:00,20472972,0,False,Wh,302,0.0
142819,15,2025-02-22T20:45:00+08:00,20473031,0,False,Wh,302,0.0
142819,15,2025-02-22T21:00:00+08:00,20473081,0,False,Wh,302,0.0
142819,15,2025-02-22T21:15:00+08:00,20473124,0,False,Wh,302,0.0
142819,15,2025-02-22T21:30:00+08:00,20473182,0,False,Wh,302,0.0
142819,15,2025-02-22T21:45:00+08:00,20473224,0,False,Wh,302,0.0
142819,15,2025-02-22T22:00:00+08:00,20473274,0,False,Wh,302,0.0
142819,15,2025-02-22T22:15:00+08:00,20473322,0,False,Wh,302,0.0
142819,15,2025-02-22T22:30:00+08:00,20474138,0,False,Wh,302,0.0
142819,15,2025-02-22T22:45:00+08:00,20474325,0,False,Wh,302,0.0
142819,15,2025-02-22T23:00:00+08:00,20474349,0,False,Wh,302,0.0
142819,15,2025-02-22T23:15:00+08:00,20474369,0,False,Wh,302,0.0
142819,15,2025-02-22T23:30:00+08:00,20474403,0,False,Wh,302,0.0
142819,15,2025-02-22T23:45:00+08:00,20474421,0,False,Wh,302,0.0
142819,15,2025-02-23T00:00:00+08:00,20474445,0,False,Wh,302,0.0
142819,15,2025-02-23T00:15:00+08:00,20474479,0,False,Wh,302,0.0
142819,15,2025-02-23T00:30:00+08:00,20474520,0,False,Wh,302,0.0
142819,15,2025-02-23T00:45:00+08:00,20474590,0,False,Wh,302,0.0
142819,15,2025-02-23T01:00:00+08:00,20474664,0,False,Wh,302,0.0
142819,15,2025-02-23T01:15:00+08:00,20474723,0,False,Wh,302,0.0
142819,15,2025-02-23T01:30:00+08:00,20474792,0,False,Wh,302,0.0
142819,15,2025-02-23T01:45:00+08:00,20474862,0,False,Wh,302,0.0
142819,15,2025-02-23T02:00:00+08:00,20474931,0,False,Wh,302,0.0
142819,15,2025-02-23T02:15:00+08:00,20474977,0,False,Wh,302,0.0
142819,15,2025-02-23T02:30:00+08:00,20475018,0,False,Wh,302,0.0
142819,15,2025-02-23T02:45:00+08:00,20475079,0,False,Wh,302,0.0
142819,15,2025-02-23T03:00:00+08:00,20475112,0,False,Wh,302,0.0
142819,15,2025-02-23T03:15:00+08:00,20475159,0,False,Wh,302,0.0
142819,15,2025-02-23T03:30:00+08:00,20475189,0,False,Wh,302,0.0
142819,15,2025-02-23T03:45:00+08:00,20475251,0,False,Wh,302,0.0
142819,15,2025-02-23T04:00:00+08:00,20475264,0,False,Wh,302,0.0
142819,15,2025-02-23T04:15:00+08:00,20475298,0,False,Wh,302,0.0
142819,15,2025-02-23T04:30:00+08:00,20475356,0,False,Wh,302,0.0
142819,15,2025-02-23T04:45:00+08:00,20475375,0,False,Wh,302,0.0
142819,15,2025-02-23T05:00:00+08:00,20475424,0,False,Wh,302,0.0
142819,15,2025-02-23T05:15:00+08:00,20475461,0,False,Wh,302,0.0
142819,15,2025-02-23T05:30:00+08:00,20475485,0,False,Wh,302,0.0
142819,15,2025-02-23T05:45:00+08:00,20475518,0,False,Wh,302,0.0
142819,15,2025-02-23T06:00:00+08:00,20476024,0,False,Wh,302,0.0
142819,15,2025-02-23T06:15:00+08:00,20476126,0,False,Wh,302,0.0
142819,15,2025-02-23T06:30:00+08:00,20476155,0,False,Wh,302,0.0
142819,15,2025-02-23T06:45:00+08:00,20476168,0,False,Wh,302,0.0
142819,15,2025-02-23T07:00:00+08:00,20476210,0,False,Wh,302,0.0
142819,15,2025-02-23T07:15:00+08:00,20476263,0,False,Wh,302,0.0
142819,15,2025-02-23T07:30:00+08:00,20476326,0,False,Wh,302,0.0
142819,15,2025-02-23T07:45:00+08:00,20476365,0,False,Wh,302,0.0
142819,15,2025-02-23T08:00:00+08:00,20476407,0,False,Wh,302,0.0
142819,15,2025-02-23T08:15:00+08:00,20476475,0,False,Wh,302,0.0
142819,15,2025-02-23T08:30:00+08:00,20476490,0,False,Wh,302,0.0
142819,15,2025-02-23T08:45:00+08:00,20476518,0,False,Wh,302,0.0
142819,15,2025-02-23T09:00:00+08:00,20476583,0,False,Wh,302,0.0
142819,15,2025-02-23T09:15:00+08:00,20476612,0,False,Wh,302,0.0
142819,15,2025-02-23T09:30:00+08:00,20476641,0,False,Wh,302,0.0
142819,15,2025-02-23T09:45:00+08:00,20476703,0,False,Wh,302,0.0
142819,15,2025-02-23T10:00:00+08:00,20476717,0,False,Wh,302,0.0
142819,15,2025-02-23T10:15:00+08:00,20476928,0,False,Wh,302,0.0
142819,15,2025-02-23T10:30:00+08:00,20476962,0,False,Wh,302,0.0
142819,15,2025-02-23T10:45:00+08:00,20477013,0,False,Wh,302,0.0
142819,15,2025-02-23T11:00:00+08:00,20477162,0,False,Wh,302,0.0
142819,15,2025-02-23T11:15:00+08:00,20478063,0,False,Wh,302,0.0
142819,15,2025-02-23T11:30:00+08:00,20478197,0,False,Wh,302,0.0
142819,15,2025-02-23T11:45:00+08:00,20478231,0,False,Wh,302,0.0
142819,15,2025-02-23T12:00:00+08:00,20478254,0,False,Wh,302,0.0
142819,15,2025-02-23T12:15:00+08:00,20478271,0,False,Wh,302,0.0
142819,15,2025-02-23T12:30:00+08:00,20478386,0,False,Wh,302,0.0
142819,15,2025-02-23T12:45:00+08:00,20478429,0,False,Wh,302,0.0
142819,15,2025-02-23T13:00:00+08:00,20478467,0,False,Wh,302,0.0
142819,15,2025-02-23T13:15:00+08:00,20478512,0,False,Wh,302,0.0
142819,15,2025-02-23T13:30:00+08:00,20478533,0,False,Wh,302,0.0
142819,15,2025-02-23T13:45:00+08:00,20478553,0,False,Wh,302,0.0
142819,15,2025-02-23T14:00:00+08:00,20478587,0,False,Wh,302,0.0
142819,15,2025-02-23T14:15:00+08:00,20478609,0,False,Wh,302,0.0
142819,15,2025-02-23T14:30:00+08:00,20478656,0,False,Wh,302,0.0
142819,15,2025-02-23T14:45:00+08:00,20478717,0,False,Wh,302,0.0
142819,15,2025-02-23T15:00:00+08:00,20479121,0,False,Wh,302,0.0
142819,15,2025-02-23T15:15:00+08:00,20479420,0,False,Wh,302,0.0
142819,15,2025-02-23T15:30:00+08:00,20479706,0,False,Wh,302,0.0
142819,15,2025-02-23T15:45:00+08:00,20479795,0,False,Wh,302,0.0
142819,15,2025-02-23T16:00:00+08:00,20480130,0,False,Wh,302,0.0
142819,15,2025-02-23T16:15:00+08:00,20480469,0,False,Wh,302,0.0
142819,15,2025-02-23T16:30:00+08:00,20480822,0,False,Wh,302,0.0
142819,15,2025-02-23T16:45:00+08:00,20481176,0,False,Wh,302,0.0
142819,15,2025-02-23T17:00:00+08:00,20481523,0,False,Wh,302,0.0
142819,15,2025-02-23T17:15:00+08:00,20481851,0,False,Wh,302,0.0
142819,15,2025-02-23T17:30:00+08:00,20482931,0,False,Wh,302,0.0
142819,15,2025-02-23T17:45:00+08:00,20483482,0,False,Wh,302,0.0
142819,15,2025-02-23T18:00:00+08:00,20484014,0,False,Wh,302,0.0
142819,15,2025-02-23T18:15:00+08:00,20484549,0,False,Wh,302,0.0
142819,15,2025-02-23T18:30:00+08:00,20485054,0,False,Wh,302,0.0
142819,15,2025-02-23T18:45:00+08:00,20485467,0,False,Wh,302,0.0
142819,15,2025-02-23T19:00:00+08:00,20486193,0,False,Wh,302,0.0
142819,15,2025-02-23T19:15:00+08:00,20486773,0,False,Wh,302,0.0
142819,15,2025-02-23T19:30:00+08:00,20487200,0,False,Wh,302,0.0
142819,15,2025-02-23T19:45:00+08:00,20487466,0,False,Wh,302,0.0
142819,15,2025-02-23T20:00:00+08:00,20487728,0,False,Wh,302,0.0
142819,15,2025-02-23T20:15:00+08:00,20487905,0,False,Wh,302,0.0
142819,15,2025-02-23T20:30:00+08:00,20488051,0,False,Wh,302,0.0
142819,15,2025-02-23T20:45:00+08:00,20488151,0,False,Wh,302,0.0
142819,15,2025-02-23T21:00:00+08:00,20488217,0,False,Wh,302,0.0
142819,15,2025-02-23T21:15:00+08:00,20488283,0,False,Wh,302,0.0
142819,15,2025-02-23T21:30:00+08:00,20488358,0,False,Wh,302,0.0
142819,15,2025-02-23T21:45:00+08:00,20488412,0,False,Wh,302,0.0
142819,15,2025-02-23T22:00:00+08:00,20488483,0,False,Wh,302,0.0
142819,15,2025-02-23T22:15:00+08:00,20488545,0,False,Wh,302,0.0
142819,15,2025-02-23T22:30:00+08:00,20488576,0,False,Wh,302,0.0
142819,15,2025-02-23T22:45:00+08:00,20488662,0,False,Wh,302,0.0
142819,15,2025-02-23T23:00:00+08:00,20488703,0,False,Wh,302,0.0
142819,15,2025-02-23T23:15:00+08:00,20488775,0,False,Wh,302,0.0
142819,15,2025-02-23T23:30:00+08:00,20488817,0,False,Wh,302,0.0
142819,15,2025-02-23T23:45:00+08:00,20488869,0,False,Wh,302,0.0
142819,15,2025-02-24T00:00:00+08:00,20488934,0,False,Wh,302,0.0
142819,15,2025-02-24T00:15:00+08:00,20489001,0,False,Wh,302,0.0
142819,15,2025-02-24T00:30:00+08:00,20489053,0,False,Wh,302,0.0
142819,15,2025-02-24T00:45:00+08:00,20489086,0,False,Wh,302,0.0
142819,15,2025-02-24T01:00:00+08:00,20489575,0,False,Wh,302,0.0
142819,15,2025-02-24T01:15:00+08:00,20489782,0,False,Wh,302,0.0
142819,15,2025-02-24T01:30:00+08:00,20489837,0,False,Wh,302,0.0
142819,15,2025-02-24T01:45:00+08:00,20489897,0,False,Wh,302,0.0
142819,15,2025-02-24T02:00:00+08:00,20489936,0,False,Wh,302,0.0
142819,15,2025-02-24T02:15:00+08:00,20489988,0,False,Wh,302,0.0
142819,15,2025-02-24T02:30:00+08:00,20490031,0,False,Wh,302,0.0
142819,15,2025-02-24T02:45:00+08:00,20490065,0,False,Wh,302,0.0
142819,15,2025-02-24T03:00:00+08:00,20490133,0,False,Wh,302,0.0
142819,15,2025-02-24T03:15:00+08:00,20490165,0,False,Wh,302,0.0
142819,15,2025-02-24T03:30:00+08:00,20490216,0,False,Wh,302,0.0
142819,15,2025-02-24T03:45:00+08:00,20490246,0,False,Wh,302,0.0
142819,15,2025-02-24T04:00:00+08:00,20490262,0,False,Wh,302,0.0
142819,15,2025-02-24T04:15:00+08:00,20490328,0,False,Wh,302,0.0
142819,15,2025-02-24T04:30:00+08:00,20490354,0,False,Wh,302,0.0
142819,15,2025-02-24T04:45:00+08:00,20490391,0,False,Wh,302,0.0
142819,15,2025-02-24T05:00:00+08:00,20490475,0,False,Wh,302,0.0
142819,15,2025-02-24T05:15:00+08:00,20490510,0,False,Wh,302,0.0
142819,15,2025-02-24T05:30:00+08:00,20490573,0,False,Wh,302,0.0
142819,15,2025-02-24T05:45:00+08:00,20490623,0,False,Wh,302,0.0
142819,15,2025-02-24T06:00:00+08:00,20490682,0,False,Wh,302,0.0
142819,15,2025-02-24T06:15:00+08:00,20491127,0,False,Wh,302,0.0
142819,15,2025-02-24T06:30:00+08:00,20492058,0,False,Wh,302,0.0
142819,15,2025-02-24T06:45:00+08:00,20492697,0,False,Wh,302,0.0
142819,15,2025-02-24T07:00:00+08:00,20492735,0,False,Wh,302,0.0
142819,15,2025-02-24T07:15:00+08:00,20492755,0,False,Wh,302,0.0
142819,15,2025-02-24T07:30:00+08:00,20492787,0,False,Wh,302,0.0
142819,15,2025-02-24T07:45:00+08:00,20492820,0,False,Wh,302,0.0
142819,15,2025-02-24T08:00:00+08:00,20492834,0,False,Wh,302,0.0
142819,15,2025-02-24T08:15:00+08:00,20492868,0,False,Wh,302,0.0
142819,15,2025-02-24T08:30:00+08:00,20492894,0,False,Wh,302,0.0
142819,15,2025-02-24T08:45:00+08:00,20492917,0,False,Wh,302,0.0
142819,15,2025-02-24T09:00:00+08:00,20492971,0,False,Wh,302,0.0
142819,15,2025-02-24T09:15:00+08:00,20493015,0,False,Wh,302,0.0
142819,15,2025-02-24T09:30:00+08:00,20493059,0,False,Wh,302,0.0
142819,15,2025-02-24T09:45:00+08:00,20493112,0,False,Wh,302,0.0
142819,15,2025-02-24T10:00:00+08:00,20493378,0,False,Wh,302,0.0
142819,15,2025-02-24T10:15:00+08:00,20493417,0,False,Wh,302,0.0
142819,15,2025-02-24T10:30:00+08:00,20493454,0,False,Wh,302,0.0
142819,15,2025-02-24T10:45:00+08:00,20493504,0,False,Wh,302,0.0
142819,15,2025-02-24T11:00:00+08:00,20493539,0,False,Wh,302,0.0
142819,15,2025-02-24T11:15:00+08:00,20493579,0,False,Wh,302,0.0
142819,15,2025-02-24T11:30:00+08:00,20493629,0,False,Wh,302,0.0
142819,15,2025-02-24T11:45:00+08:00,20493732,0,False,Wh,302,0.0
142819,15,2025-02-24T12:00:00+08:00,20494315,0,False,Wh,302,0.0
142819,15,2025-02-24T12:15:00+08:00,20494367,0,False,Wh,302,0.0
142819,15,2025-02-24T12:30:00+08:00,20494398,0,False,Wh,302,0.0
142819,15,2025-02-24T12:45:00+08:00,20494444,0,False,Wh,302,0.0
142819,15,2025-02-24T13:00:00+08:00,20494489,0,False,Wh,302,0.0
142819,15,2025-02-24T13:15:00+08:00,20494524,0,False,Wh,302,0.0
142819,15,2025-02-24T13:30:00+08:00,20494578,0,False,Wh,302,0.0
142819,15,2025-02-24T13:45:00+08:00,20494611,0,False,Wh,302,0.0
142819,15,2025-02-24T14:00:00+08:00,20494644,0,False,Wh,302,0.0
142819,15,2025-02-24T14:15:00+08:00,20494695,0,False,Wh,302,0.0
142819,15,2025-02-24T14:30:00+08:00,20494735,0,False,Wh,302,0.0
142819,15,2025-02-24T14:45:00+08:00,20494764,0,False,Wh,302,0.0
142819,15,2025-02-24T15:00:00+08:00,20494783,0,False,Wh,302,0.0
142819,15,2025-02-24T15:15:00+08:00,20494820,0,False,Wh,302,0.0
142819,15,2025-02-24T15:30:00+08:00,20494858,0,False,Wh,302,0.0
142819,15,2025-02-24T15:45:00+08:00,20494895,0,False,Wh,302,0.0
142819,15,2025-02-24T16:00:00+08:00,20494930,0,False,Wh,302,0.0
142819,15,2025-02-24T16:15:00+08:00,20494949,0,False,Wh,302,0.0
142819,15,2025-02-24T16:30:00+08:00,20494975,0,False,Wh,302,0.0
142819,15,2025-02-24T16:45:00+08:00,20495009,0,False,Wh,302,0.0
142819,15,2025-02-24T17:00:00+08:00,20495098,0,False,Wh,302,0.0
142819,15,2025-02-24T17:15:00+08:00,20495597,0,False,Wh,302,0.0
142819,15,2025-02-24T17:30:00+08:00,20496280,0,False,Wh,302,0.0
142819,15,2025-02-24T17:45:00+08:00,20496937,0,False,Wh,302,0.0
142819,15,2025-02-24T18:00:00+08:00,20497793,0,False,Wh,302,0.0
142819,15,2025-02-24T18:15:00+08:00,20498552,0,False,Wh,302,0.0
142819,15,2025-02-24T18:30:00+08:00,20499327,0,False,Wh,302,0.0
142819,15,2025-02-24T18:45:00+08:00,20500182,0,False,Wh,302,0.0
142819,15,2025-02-24T19:00:00+08:00,20500529,0,False,Wh,302,0.0
142819,15,2025-02-24T19:15:00+08:00,20500857,0,False,Wh,302,0.0
142819,15,2025-02-24T19:30:00+08:00,20501156,0,False,Wh,302,0.0
142819,15,2025-02-24T19:45:00+08:00,20501262,0,False,Wh,302,0.0
142819,15,2025-02-24T20:00:00+08:00,20501327,0,False,Wh,302,0.0
142819,15,2025-02-24T20:15:00+08:00,20501388,0,False,Wh,302,0.0
142819,15,2025-02-24T20:30:00+08:00,20501450,0,False,Wh,302,0.0
142819,15,2025-02-24T20:45:00+08:00,20501508,0,False,Wh,302,0.0
142819,15,2025-02-24T21:00:00+08:00,20501566,0,False,Wh,302,0.0
142819,15,2025-02-24T21:15:00+08:00,20501624,0,False,Wh,302,0.0
142819,15,2025-02-24T21:30:00+08:00,20501681,0,False,Wh,302,0.0
142819,15,2025-02-24T21:45:00+08:00,20501738,0,False,Wh,302,0.0
142819,15,2025-02-24T22:00:00+08:00,20501801,0,False,Wh,302,0.0
142819,15,2025-02-24T22:15:00+08:00,20501887,0,False,Wh,302,0.0
142819,15,2025-02-24T22:30:00+08:00,20501942,0,False,Wh,302,0.0
142819,15,2025-02-24T22:45:00+08:00,20502001,0,False,Wh,302,0.0
142819,15,2025-02-24T23:00:00+08:00,20502061,0,False,Wh,302,0.0
142819,15,2025-02-24T23:15:00+08:00,20502118,0,False,Wh,302,0.0
142819,15,2025-02-24T23:30:00+08:00,20502252,0,False,Wh,302,0.0
142819,15,2025-02-24T23:45:00+08:00,20502345,0,False,Wh,302,0.0
142819,15,2025-02-25T00:00:00+08:00,20502436,0,False,Wh,302,0.0
142819,15,2025-02-25T00:15:00+08:00,20502520,0,False,Wh,302,0.0
142819,15,2025-02-25T00:30:00+08:00,20502589,0,False,Wh,302,0.0
142819,15,2025-02-25T00:45:00+08:00,20502656,0,False,Wh,302,0.0
142819,15,2025-02-25T01:00:00+08:00,20502739,0,False,Wh,302,0.0
142819,15,2025-02-25T01:15:00+08:00,20502805,0,False,Wh,302,0.0
142819,15,2025-02-25T01:30:00+08:00,20502875,0,False,Wh,302,0.0
142819,15,2025-02-25T01:45:00+08:00,20503534,0,False,Wh,302,0.0
142819,15,2025-02-25T02:00:00+08:00,20503596,0,False,Wh,302,0.0
142819,15,2025-02-25T02:15:00+08:00,20503671,0,False,Wh,302,0.0
142819,15,2025-02-25T02:30:00+08:00,20503752,0,False,Wh,302,0.0
142819,15,2025-02-25T02:45:00+08:00,20503806,0,False,Wh,302,0.0
142819,15,2025-02-25T03:00:00+08:00,20503867,0,False,Wh,302,0.0
142819,15,2025-02-25T03:15:00+08:00,20503951,0,False,Wh,302,0.0
142819,15,2025-02-25T03:30:00+08:00,20503983,0,False,Wh,302,0.0
142819,15,2025-02-25T03:45:00+08:00,20504055,0,False,Wh,302,0.0
142819,15,2025-02-25T04:00:00+08:00,20504114,0,False,Wh,302,0.0
142819,15,2025-02-25T04:15:00+08:00,20504148,0,False,Wh,302,0.0
142819,15,2025-02-25T04:30:00+08:00,20504194,0,False,Wh,302,0.0
142819,15,2025-02-25T04:45:00+08:00,20504255,0,False,Wh,302,0.0
142819,15,2025-02-25T05:00:00+08:00,20504303,0,False,Wh,302,0.0
142819,15,2025-02-25T05:15:00+08:00,20504338,0,False,Wh,302,0.0
142819,15,2025-02-25T05:30:00+08:00,20504385,0,False,Wh,302,0.0
142819,15,2025-02-25T05:45:00+08:00,20504430,0,False,Wh,302,0.0
142819,15,2025-02-25T06:00:00+08:00,20504505,0,False,Wh,302,0.0
142819,15,2025-02-25T06:15:00+08:00,20504548,0,False,Wh,302,0.0
142819,15,2025-02-25T06:30:00+08:00,20504617,0,False,Wh,302,0.0
142819,15,2025-02-25T06:45:00+08:00,20504687,0,False,Wh,302,0.0
142819,15,2025-02-25T07:00:00+08:00,20504737,0,False,Wh,302,0.0
142819,15,2025-02-25T07:15:00+08:00,20504787,0,False,Wh,302,0.0
142819,15,2025-02-25T07:30:00+08:00,20504853,0,False,Wh,302,0.0
142819,15,2025-02-25T07:45:00+08:00,20505598,0,False,Wh,302,0.0
142819,15,2025-02-25T08:00:00+08:00,20505942,0,False,Wh,302,0.0
142819,15,2025-02-25T08:15:00+08:00,20505970,0,False,Wh,302,0.0
142819,15,2025-02-25T08:30:00+08:00,20505989,0,False,Wh,302,0.0
142819,15,2025-02-25T08:45:00+08:00,20506023,0,False,Wh,302,0.0
142819,15,2025-02-25T09:00:00+08:00,20506230,0,False,Wh,302,0.0
142819,15,2025-02-25T09:15:00+08:00,20506419,0,False,Wh,302,0.0
142819,15,2025-02-25T09:30:00+08:00,20506904,0,False,Wh,302,0.0
142819,15,2025-02-25T09:45:00+08:00,20507199,0,False,Wh,302,0.0
142819,15,2025-02-25T10:00:00+08:00,20507476,0,False,Wh,302,0.0
142819,15,2025-02-25T10:15:00+08:00,20507530,0,False,Wh,302,0.0
142819,15,2025-02-25T10:30:00+08:00,20507586,0,False,Wh,302,0.0
142819,15,2025-02-25T10:45:00+08:00,20507628,0,False,Wh,302,0.0
142819,15,2025-02-25T11:00:00+08:00,20507667,0,False,Wh,302,0.0
142819,15,2025-02-25T11:15:00+08:00,20507695,0,False,Wh,302,0.0
142819,15,2025-02-25T11:30:00+08:00,20507728,0,False,Wh,302,0.0
142819,15,2025-02-25T11:45:00+08:00,20507771,0,False,Wh,302,0.0
142819,15,2025-02-25T12:00:00+08:00,20507794,0,False,Wh,302,0.0
142819,15,2025-02-25T12:15:00+08:00,20507831,0,False,Wh,302,0.0
142819,15,2025-02-25T12:30:00+08:00,20507880,0,False,Wh,302,0.0
142819,15,2025-02-25T12:45:00+08:00,20507919,0,False,Wh,302,0.0
142819,15,2025-02-25T13:00:00+08:00,20507991,0,False,Wh,302,0.0
142819,15,2025-02-25T13:15:00+08:00,20508582,0,False,Wh,302,0.0
142819,15,2025-02-25T13:30:00+08:00,20508791,0,False,Wh,302,0.0
142819,15,2025-02-25T13:45:00+08:00,20508847,0,False,Wh,302,0.0
142819,15,2025-02-25T14:00:00+08:00,20508894,0,False,Wh,302,0.0
142819,15,2025-02-25T14:15:00+08:00,20508931,0,False,Wh,302,0.0
142819,15,2025-02-25T14:30:00+08:00,20508982,0,False,Wh,302,0.0
142819,15,2025-02-25T14:45:00+08:00,20509031,0,False,Wh,302,0.0
142819,15,2025-02-25T15:00:00+08:00,20509060,0,False,Wh,302,0.0
142819,15,2025-02-25T15:15:00+08:00,20509094,0,False,Wh,302,0.0
142819,15,2025-02-25T15:30:00+08:00,20509113,0,False,Wh,302,0.0
142819,15,2025-02-25T15:45:00+08:00,20509146,0,False,Wh,302,0.0
142819,15,2025-02-25T16:00:00+08:00,20509180,0,False,Wh,302,0.0
142819,15,2025-02-25T16:15:00+08:00,20509216,0,False,Wh,302,0.0
142819,15,2025-02-25T16:30:00+08:00,20509955,0,False,Wh,302,0.0
142819,15,2025-02-25T16:45:00+08:00,20510404,0,False,Wh,302,0.0
142819,15,2025-02-25T17:00:00+08:00,20510700,0,False,Wh,302,0.0
142819,15,2025-02-25T17:15:00+08:00,20510999,0,False,Wh,302,0.0
142819,15,2025-02-25T17:30:00+08:00,20511498,0,False,Wh,302,0.0
142819,15,2025-02-25T17:45:00+08:00,20511869,0,False,Wh,302,0.0
142819,15,2025-02-25T18:00:00+08:00,20512315,0,False,Wh,302,0.0
142819,15,2025-02-25T18:15:00+08:00,20512797,0,False,Wh,302,0.0
142819,15,2025-02-25T18:30:00+08:00,20513204,0,False,Wh,302,0.0
142819,15,2025-02-25T18:45:00+08:00,20513658,0,False,Wh,302,0.0
142819,15,2025-02-25T19:00:00+08:00,20514090,0,False,Wh,302,0.0
142819,15,2025-02-25T19:15:00+08:00,20514616,0,False,Wh,302,0.0
142819,15,2025-02-25T19:30:00+08:00,20515001,0,False,Wh,302,0.0
142819,15,2025-02-25T19:45:00+08:00,20515137,0,False,Wh,302,0.0
142819,15,2025-02-25T20:00:00+08:00,20515286,0,False,Wh,302,0.0
142819,15,2025-02-25T20:15:00+08:00,20515541,0,False,Wh,302,0.0
142819,15,2025-02-25T20:30:00+08:00,20516317,0,False,Wh,302,0.0
142819,15,2025-02-25T20:45:00+08:00,20516375,0,False,Wh,302,0.0
142819,15,2025-02-25T21:00:00+08:00,20516417,0,False,Wh,302,0.0
142819,15,2025-02-25T21:15:00+08:00,20516742,0,False,Wh,302,0.0
142819,15,2025-02-25T21:30:00+08:00,20517110,0,False,Wh,302,0.0
142819,15,2025-02-25T21:45:00+08:00,20517398,0,False,Wh,302,0.0
142819,15,2025-02-25T22:00:00+08:00,20517451,0,False,Wh,302,0.0
142819,15,2025-02-25T22:15:00+08:00,20517501,0,False,Wh,302,0.0
142819,15,2025-02-25T22:30:00+08:00,20517533,0,False,Wh,302,0.0
142819,15,2025-02-25T22:45:00+08:00,20517582,0,False,Wh,302,0.0
142819,15,2025-02-25T23:00:00+08:00,20517629,0,False,Wh,302,0.0
142819,15,2025-02-25T23:15:00+08:00,20517662,0,False,Wh,302,0.0
142819,15,2025-02-25T23:30:00+08:00,20517712,0,False,Wh,302,0.0
142819,15,2025-02-25T23:45:00+08:00,20517757,0,False,Wh,302,0.0
142819,15,2025-02-26T00:00:00+08:00,20517792,0,False,Wh,302,0.0
142819,15,2025-02-26T00:15:00+08:00,20517842,0,False,Wh,302,0.0
142819,15,2025-02-26T00:30:00+08:00,20517884,0,False,Wh,302,0.0
142819,15,2025-02-26T00:45:00+08:00,20517922,0,False,Wh,302,0.0
142819,15,2025-02-26T01:00:00+08:00,20517972,0,False,Wh,302,0.0
142819,15,2025-02-26T01:15:00+08:00,20518010,0,False,Wh,302,0.0
142819,15,2025-02-26T01:30:00+08:00,20518051,0,False,Wh,302,0.0
142819,15,2025-02-26T01:45:00+08:00,20518289,0,False,Wh,302,0.0
142819,15,2025-02-26T02:00:00+08:00,20518704,0,False,Wh,302,0.0
142819,15,2025-02-26T02:15:00+08:00,20518832,0,False,Wh,302,0.0
142819,15,2025-02-26T02:30:00+08:00,20518991,0,False,Wh,302,0.0
142819,15,2025-02-26T02:45:00+08:00,20519097,0,False,Wh,302,0.0
142819,15,2025-02-26T03:00:00+08:00,20519202,0,False,Wh,302,0.0
142819,15,2025-02-26T03:15:00+08:00,20519296,0,False,Wh,302,0.0
142819,15,2025-02-26T03:30:00+08:00,20519379,0,False,Wh,302,0.0
142819,15,2025-02-26T03:45:00+08:00,20519476,0,False,Wh,302,0.0
142819,15,2025-02-26T04:00:00+08:00,20519567,0,False,Wh,302,0.0
142819,15,2025-02-26T04:15:00+08:00,20519652,0,False,Wh,302,0.0
142819,15,2025-02-26T04:30:00+08:00,20519748,0,False,Wh,302,0.0
142819,15,2025-02-26T04:45:00+08:00,20519840,0,False,Wh,302,0.0
142819,15,2025-02-26T05:00:00+08:00,20519935,0,False,Wh,302,0.0
142819,15,2025-02-26T05:15:00+08:00,20520037,0,False,Wh,302,0.0
142819,15,2025-02-26T05:30:00+08:00,20521129,0,False,Wh,302,0.0
142819,15,2025-02-26T05:45:00+08:00,20521592,0,False,Wh,302,0.0
142819,15,2025-02-26T06:00:00+08:00,20521695,0,False,Wh,302,0.0
142819,15,2025-02-26T06:15:00+08:00,20521758,0,False,Wh,302,0.0
142819,15,2025-02-26T06:30:00+08:00,20521793,0,False,Wh,302,0.0
142819,15,2025-02-26T06:45:00+08:00,20521827,0,False,Wh,302,0.0
142819,15,2025-02-26T07:00:00+08:00,20521860,0,False,Wh,302,0.0
142819,15,2025-02-26T07:15:00+08:00,20521884,0,False,Wh,302,0.0
142819,15,2025-02-26T07:30:00+08:00,20521908,0,False,Wh,302,0.0
142819,15,2025-02-26T07:45:00+08:00,20521941,0,False,Wh,302,0.0
142819,15,2025-02-26T08:00:00+08:00,20521962,0,False,Wh,302,0.0
142819,15,2025-02-26T08:15:00+08:00,20521987,0,False,Wh,302,0.0
142819,15,2025-02-26T08:30:00+08:00,20522020,0,False,Wh,302,0.0
142819,15,2025-02-26T08:45:00+08:00,20522060,0,False,Wh,302,0.0
142819,15,2025-02-26T09:00:00+08:00,20522118,0,False,Wh,302,0.0
142819,15,2025-02-26T09:15:00+08:00,20522151,0,False,Wh,302,0.0
142819,15,2025-02-26T09:30:00+08:00,20522556,0,False,Wh,302,0.0
142819,15,2025-02-26T09:45:00+08:00,20522821,0,False,Wh,302,0.0
142819,15,2025-02-26T10:00:00+08:00,20522843,0,False,Wh,302,0.0
142819,15,2025-02-26T10:15:00+08:00,20522868,0,False,Wh,302,0.0
142819,15,2025-02-26T10:30:00+08:00,20522902,0,False,Wh,302,0.0
142819,15,2025-02-26T10:45:00+08:00,20522919,0,False,Wh,302,0.0
142819,15,2025-02-26T11:00:00+08:00,20522947,0,False,Wh,302,0.0
142819,15,2025-02-26T11:15:00+08:00,20522981,0,False,Wh,302,0.0
142819,15,2025-02-26T11:30:00+08:00,20522993,0,False,Wh,302,0.0
142819,15,2025-02-26T11:45:00+08:00,20523025,0,False,Wh,302,0.0
142819,15,2025-02-26T12:00:00+08:00,20523054,0,False,Wh,302,0.0
142819,15,2025-02-26T12:15:00+08:00,20523068,0,False,Wh,302,0.0
142819,15,2025-02-26T12:30:00+08:00,20523102,0,False,Wh,302,0.0
142819,15,2025-02-26T12:45:00+08:00,20523127,0,False,Wh,302,0.0
142819,15,2025-02-26T13:00:00+08:00,20523146,0,False,Wh,302,0.0
142819,15,2025-02-26T13:15:00+08:00,20523180,0,False,Wh,302,0.0
142819,15,2025-02-26T13:30:00+08:00,20523200,0,False,Wh,302,0.0
142819,15,2025-02-26T13:45:00+08:00,20523222,0,False,Wh,302,0.0
142819,15,2025-02-26T14:00:00+08:00,20523256,0,False,Wh,302,0.0
142819,15,2025-02-26T14:15:00+08:00,20523273,0,False,Wh,302,0.0
142819,15,2025-02-26T14:30:00+08:00,20523298,0,False,Wh,302,0.0
142819,15,2025-02-26T14:45:00+08:00,20523332,0,False,Wh,302,0.0
142819,15,2025-02-26T15:00:00+08:00,20523347,0,False,Wh,302,0.0
142819,15,2025-02-26T15:15:00+08:00,20523374,0,False,Wh,302,0.0
142819,15,2025-02-26T15:30:00+08:00,20523408,0,False,Wh,302,0.0
142819,15,2025-02-26T15:45:00+08:00,20523422,0,False,Wh,302,0.0
142819,15,2025-02-26T16:00:00+08:00,20523450,0,False,Wh,302,0.0
142819,15,2025-02-26T16:15:00+08:00,20523484,0,False,Wh,302,0.0
142819,15,2025-02-26T16:30:00+08:00,20523496,0,False,Wh,302,0.0
142819,15,2025-02-26T16:45:00+08:00,20523528,0,False,Wh,302,0.0
142819,15,2025-02-26T17:00:00+08:00,20523571,0,False,Wh,302,0.0
142819,15,2025-02-26T17:15:00+08:00,20523618,0,False,Wh,302,0.0
142819,15,2025-02-26T17:30:00+08:00,20523785,0,False,Wh,302,0.0
142819,15,2025-02-26T17:45:00+08:00,20524346,0,False,Wh,302,0.0
142819,15,2025-02-26T18:00:00+08:00,20524382,0,False,Wh,302,0.0
142819,15,2025-02-26T18:15:00+08:00,20524420,0,False,Wh,302,0.0
142819,15,2025-02-26T18:30:00+08:00,20524437,0,False,Wh,302,0.0
142819,15,2025-02-26T18:45:00+08:00,20524472,0,False,Wh,302,0.0
142819,15,2025-02-26T19:00:00+08:00,20524509,0,False,Wh,302,0.0
142819,15,2025-02-26T19:15:00+08:00,20524783,0,False,Wh,302,0.0
142819,15,2025-02-26T19:30:00+08:00,20525238,0,False,Wh,302,0.0
142819,15,2025-02-26T19:45:00+08:00,20525563,0,False,Wh,302,0.0
142819,15,2025-02-26T20:00:00+08:00,20526214,0,False,Wh,302,0.0
142819,15,2025-02-26T20:15:00+08:00,20527079,0,False,Wh,302,0.0
142819,15,2025-02-26T20:30:00+08:00,20527651,0,False,Wh,302,0.0
142819,15,2025-02-26T20:45:00+08:00,20528278,0,False,Wh,302,0.0
142819,15,2025-02-26T21:00:00+08:00,20528928,0,False,Wh,302,0.0
142819,15,2025-02-26T21:15:00+08:00,20529265,0,False,Wh,302,0.0
142819,15,2025-02-26T21:30:00+08:00,20529501,0,False,Wh,302,0.0
142819,15,2025-02-26T21:45:00+08:00,20529711,0,False,Wh,302,0.0
142819,15,2025-02-26T22:00:00+08:00,20529898,0,False,Wh,302,0.0
142819,15,2025-02-26T22:15:00+08:00,20530066,0,False,Wh,302,0.0
142819,15,2025-02-26T22:30:00+08:00,20530233,0,False,Wh,302,0.0
142819,15,2025-02-26T22:45:00+08:00,20530370,0,False,Wh,302,0.0
142819,15,2025-02-26T23:00:00+08:00,20530524,0,False,Wh,302,0.0
142819,15,2025-02-26T23:15:00+08:00,20530681,0,False,Wh,302,0.0
142819,15,2025-02-26T23:30:00+08:00,20530819,0,False,Wh,302,0.0
142819,15,2025-02-26T23:45:00+08:00,20530958,0,False,Wh,302,0.0
142819,15,2025-02-27T00:00:00+08:00,20531125,0,False,Wh,302,0.0
142819,15,2025-02-27T00:15:00+08:00,20531261,0,False,Wh,302,0.0
142819,15,2025-02-27T00:30:00+08:00,20531407,0,False,Wh,302,0.0
142819,15,2025-02-27T00:45:00+08:00,20531568,0,False,Wh,302,0.0
142819,15,2025-02-27T01:00:00+08:00,20531695,0,False,Wh,302,0.0
142819,15,2025-02-27T01:15:00+08:00,20531841,0,False,Wh,302,0.0
142819,15,2025-02-27T01:30:00+08:00,20531965,0,False,Wh,302,0.0
142819,15,2025-02-27T01:45:00+08:00,20532085,0,False,Wh,302,0.0
142819,15,2025-02-27T02:00:00+08:00,20532189,0,False,Wh,302,0.0
142819,15,2025-02-27T02:15:00+08:00,20532310,0,False,Wh,302,0.0
142819,15,2025-02-27T02:30:00+08:00,20532409,0,False,Wh,302,0.0
142819,15,2025-02-27T02:45:00+08:00,20532530,0,False,Wh,302,0.0
142819,15,2025-02-27T03:00:00+08:00,20532610,0,False,Wh,302,0.0
142819,15,2025-02-27T03:15:00+08:00,20532692,0,False,Wh,302,0.0
142819,15,2025-02-27T03:30:00+08:00,20532797,0,False,Wh,302,0.0
142819,15,2025-02-27T03:45:00+08:00,20532870,0,False,Wh,302,0.0
142819,15,2025-02-27T04:00:00+08:00,20532975,0,False,Wh,302,0.0
142819,15,2025-02-27T04:15:00+08:00,20533061,0,False,Wh,302,0.0
142819,15,2025-02-27T04:30:00+08:00,20533204,0,False,Wh,302,0.0
142819,15,2025-02-27T04:45:00+08:00,20533755,0,False,Wh,302,0.0
142819,15,2025-02-27T05:00:00+08:00,20533984,0,False,Wh,302,0.0
142819,15,2025-02-27T05:15:00+08:00,20534077,0,False,Wh,302,0.0
142819,15,2025-02-27T05:30:00+08:00,20534433,0,False,Wh,302,0.0
142819,15,2025-02-27T05:45:00+08:00,20535510,0,False,Wh,302,0.0
142819,15,2025-02-27T06:00:00+08:00,20535922,0,False,Wh,302,0.0
142819,15,2025-02-27T06:15:00+08:00,20535991,0,False,Wh,302,0.0
142819,15,2025-02-27T06:30:00+08:00,20536054,0,False,Wh,302,0.0
142819,15,2025-02-27T06:45:00+08:00,20536106,0,False,Wh,302,0.0
142819,15,2025-02-27T07:00:00+08:00,20536138,0,False,Wh,302,0.0
142819,15,2025-02-27T07:15:00+08:00,20536149,0,False,Wh,302,0.0
142819,15,2025-02-27T07:30:00+08:00,20536179,0,False,Wh,302,0.0
142819,15,2025-02-27T07:45:00+08:00,20536206,0,False,Wh,302,0.0
142819,15,2025-02-27T08:00:00+08:00,20536218,0,False,Wh,302,0.0
142819,15,2025-02-27T08:15:00+08:00,20536250,0,False,Wh,302,0.0
142819,15,2025-02-27T08:30:00+08:00,20536273,0,False,Wh,302,0.0
142819,15,2025-02-27T08:45:00+08:00,20536288,0,False,Wh,302,0.0
142819,15,2025-02-27T09:00:00+08:00,20536320,0,False,Wh,302,0.0
142819,15,2025-02-27T09:15:00+08:00,20536339,0,False,Wh,302,0.0
142819,15,2025-02-27T09:30:00+08:00,20536358,0,False,Wh,302,0.0
142819,15,2025-02-27T09:45:00+08:00,20536390,0,False,Wh,302,0.0
142819,15,2025-02-27T10:00:00+08:00,20536405,0,False,Wh,302,0.0
142819,15,2025-02-27T10:15:00+08:00,20536427,0,False,Wh,302,0.0
142819,15,2025-02-27T10:30:00+08:00,20536458,0,False,Wh,302,0.0
142819,15,2025-02-27T10:45:00+08:00,20536469,0,False,Wh,302,0.0
142819,15,2025-02-27T11:00:00+08:00,20536494,0,False,Wh,302,0.0
142819,15,2025-02-27T11:15:00+08:00,20536521,0,False,Wh,302,0.0
142819,15,2025-02-27T11:30:00+08:00,20536531,0,False,Wh,302,0.0
142819,15,2025-02-27T11:45:00+08:00,20536558,0,False,Wh,302,0.0
142819,15,2025-02-27T12:00:00+08:00,20536583,0,False,Wh,302,0.0
142819,15,2025-02-27T12:15:00+08:00,20536592,0,False,Wh,302,0.0
142819,15,2025-02-27T12:30:00+08:00,20536623,0,False,Wh,302,0.0
142819,15,2025-02-27T12:45:00+08:00,20536644,0,False,Wh,302,0.0
142819,15,2025-02-27T13:00:00+08:00,20536658,0,False,Wh,302,0.0
142819,15,2025-02-27T13:15:00+08:00,20536689,0,False,Wh,302,0.0
142819,15,2025-02-27T13:30:00+08:00,20536705,0,False,Wh,302,0.0
142819,15,2025-02-27T13:45:00+08:00,20536723,0,False,Wh,302,0.0
142819,15,2025-02-27T14:00:00+08:00,20537040,0,False,Wh,302,0.0
142819,15,2025-02-27T14:15:00+08:00,20537355,0,False,Wh,302,0.0
142819,15,2025-02-27T14:30:00+08:00,20537375,0,False,Wh,302,0.0
142819,15,2025-02-27T14:45:00+08:00,20537406,0,False,Wh,302,0.0
142819,15,2025-02-27T15:00:00+08:00,20537417,0,False,Wh,302,0.0
142819,15,2025-02-27T15:15:00+08:00,20537441,0,False,Wh,302,0.0
142819,15,2025-02-27T15:30:00+08:00,20537470,0,False,Wh,302,0.0
142819,15,2025-02-27T15:45:00+08:00,20537479,0,False,Wh,302,0.0
142819,15,2025-02-27T16:00:00+08:00,20537507,0,False,Wh,302,0.0
142819,15,2025-02-27T16:15:00+08:00,20537532,0,False,Wh,302,0.0
142819,15,2025-02-27T16:30:00+08:00,20537541,0,False,Wh,302,0.0
142819,15,2025-02-27T16:45:00+08:00,20537572,0,False,Wh,302,0.0
142819,15,2025-02-27T17:00:00+08:00,20537595,0,False,Wh,302,0.0
142819,15,2025-02-27T17:15:00+08:00,20537609,0,False,Wh,302,0.0
142819,15,2025-02-27T17:30:00+08:00,20537641,0,False,Wh,302,0.0
142819,15,2025-02-27T17:45:00+08:00,20537689,0,False,Wh,302,0.0
142819,15,2025-02-27T18:00:00+08:00,20537739,0,False,Wh,302,0.0
142819,15,2025-02-27T18:15:00+08:00,20537814,0,False,Wh,302,0.0
142819,15,2025-02-27T18:30:00+08:00,20538337,0,False,Wh,302,0.0
142819,15,2025-02-27T18:45:00+08:00,20538807,0,False,Wh,302,0.0
142819,15,2025-02-27T19:00:00+08:00,20538863,0,False,Wh,302,0.0
142819,15,2025-02-27T19:15:00+08:00,20538905,0,False,Wh,302,0.0
142819,15,2025-02-27T19:30:00+08:00,20538955,0,False,Wh,302,0.0
142819,15,2025-02-27T19:45:00+08:00,20539014,0,False,Wh,302,0.0
142819,15,2025-02-27T20:00:00+08:00,20539056,0,False,Wh,302,0.0
142819,15,2025-02-27T20:15:00+08:00,20539108,0,False,Wh,302,0.0
142819,15,2025-02-27T20:30:00+08:00,20539164,0,False,Wh,302,0.0
142819,15,2025-02-27T20:45:00+08:00,20539201,0,False,Wh,302,0.0
142819,15,2025-02-27T21:00:00+08:00,20539258,0,False,Wh,302,0.0
142819,15,2025-02-27T21:15:00+08:00,20539312,0,False,Wh,302,0.0
142819,15,2025-02-27T21:30:00+08:00,20539352,0,False,Wh,302,0.0
142819,15,2025-02-27T21:45:00+08:00,20539411,0,False,Wh,302,0.0
142819,15,2025-02-27T22:00:00+08:00,20539461,0,False,Wh,302,0.0
142819,15,2025-02-27T22:15:00+08:00,20539586,0,False,Wh,302,0.0
142819,15,2025-02-27T22:30:00+08:00,20539698,0,False,Wh,302,0.0
142819,15,2025-02-27T22:45:00+08:00,20539780,0,False,Wh,302,0.0
142819,15,2025-02-27T23:00:00+08:00,20539856,0,False,Wh,302,0.0
142819,15,2025-02-27T23:15:00+08:00,20539946,0,False,Wh,302,0.0
142819,15,2025-02-27T23:30:00+08:00,20540015,0,False,Wh,302,0.0
142819,15,2025-02-27T23:45:00+08:00,20540086,0,False,Wh,302,0.0
142819,15,2025-02-28T00:00:00+08:00,20540164,0,False,Wh,302,0.0
142819,15,2025-02-28T00:15:00+08:00,20540229,0,False,Wh,302,0.0
142819,15,2025-02-28T00:30:00+08:00,20540300,0,False,Wh,302,0.0
142819,15,2025-02-28T00:45:00+08:00,20540381,0,False,Wh,302,0.0
142819,15,2025-02-28T01:00:00+08:00,20540442,0,False,Wh,302,0.0
142819,15,2025-02-28T01:15:00+08:00,20540485,0,False,Wh,302,0.0
142819,15,2025-02-28T01:30:00+08:00,20540563,0,False,Wh,302,0.0
142819,15,2025-02-28T01:45:00+08:00,20540588,0,False,Wh,302,0.0
142819,15,2025-02-28T02:00:00+08:00,20540646,0,False,Wh,302,0.0
142819,15,2025-02-28T02:15:00+08:00,20540678,0,False,Wh,302,0.0
142819,15,2025-02-28T02:30:00+08:00,20541263,0,False,Wh,302,0.0
142819,15,2025-02-28T02:45:00+08:00,20541348,0,False,Wh,302,0.0
142819,15,2025-02-28T03:00:00+08:00,20541386,0,False,Wh,302,0.0
142819,15,2025-02-28T03:15:00+08:00,20541408,0,False,Wh,302,0.0
142819,15,2025-02-28T03:30:00+08:00,20541475,0,False,Wh,302,0.0
142819,15,2025-02-28T03:45:00+08:00,20541490,0,False,Wh,302,0.0
142819,15,2025-02-28T04:00:00+08:00,20541562,0,False,Wh,302,0.0
142819,15,2025-02-28T04:15:00+08:00,20541609,0,False,Wh,302,0.0
142819,15,2025-02-28T04:30:00+08:00,20541622,0,False,Wh,302,0.0
142819,15,2025-02-28T04:45:00+08:00,20541666,0,False,Wh,302,0.0
142819,15,2025-02-28T05:00:00+08:00,20541726,0,False,Wh,302,0.0
142819,15,2025-02-28T05:15:00+08:00,20541739,0,False,Wh,302,0.0
142819,15,2025-02-28T05:30:00+08:00,20541802,0,False,Wh,302,0.0
142819,15,2025-02-28T05:45:00+08:00,20541844,0,False,Wh,302,0.0
142819,15,2025-02-28T06:00:00+08:00,20541857,0,False,Wh,302,0.0
142819,15,2025-02-28T06:15:00+08:00,20541936,0,False,Wh,302,0.0
142819,15,2025-02-28T06:30:00+08:00,20541962,0,False,Wh,302,0.0
142819,15,2025-02-28T06:45:00+08:00,20541977,0,False,Wh,302,0.0
142819,15,2025-02-28T07:00:00+08:00,20542059,0,False,Wh,302,0.0
142819,15,2025-02-28T07:15:00+08:00,20542123,0,False,Wh,302,0.0
142819,15,2025-02-28T07:30:00+08:00,20542708,0,False,Wh,302,0.0
142819,15,2025-02-28T07:45:00+08:00,20543613,0,False,Wh,302,0.0
142819,15,2025-02-28T08:00:00+08:00,20543681,0,False,Wh,302,0.0
142819,15,2025-02-28T08:15:00+08:00,20543694,0,False,Wh,302,0.0
142819,15,2025-02-28T09:30:00+08:00,20543700,0,False,Wh,302,0.0
142819,15,2025-02-28T09:45:00+08:00,20543733,0,False,Wh,302,0.0
142819,15,2025-02-28T10:00:00+08:00,20543755,0,False,Wh,302,0.0
142819,15,2025-02-28T10:15:00+08:00,20543783,0,False,Wh,302,0.0
142819,15,2025-02-28T10:30:00+08:00,20543814,0,False,Wh,302,0.0
142819,15,2025-02-28T10:45:00+08:00,20543828,0,False,Wh,302,0.0
142819,15,2025-02-28T11:00:00+08:00,20543854,0,False,Wh,302,0.0
142819,15,2025-02-28T11:15:00+08:00,20543885,0,False,Wh,302,0.0
142819,15,2025-02-28T11:30:00+08:00,20543896,0,False,Wh,302,0.0
142819,15,2025-02-28T11:45:00+08:00,20543923,0,False,Wh,302,0.0
142819,15,2025-02-28T12:00:00+08:00,20543952,0,False,Wh,302,0.0
142819,15,2025-02-28T12:15:00+08:00,20543962,0,False,Wh,302,0.0
142819,15,2025-02-28T12:30:00+08:00,20543991,0,False,Wh,302,0.0
142819,15,2025-02-28T12:45:00+08:00,20544017,0,False,Wh,302,0.0
142819,15,2025-02-28T13:00:00+08:00,20544028,0,False,Wh,302,0.0
142819,15,2025-02-28T13:15:00+08:00,20544060,0,False,Wh,302,0.0
142819,15,2025-02-28T13:30:00+08:00,20544081,0,False,Wh,302,0.0
142819,15,2025-02-28T13:45:00+08:00,20544096,0,False,Wh,302,0.0
142819,15,2025-02-28T14:00:00+08:00,20544127,0,False,Wh,302,0.0
142819,15,2025-02-28T14:15:00+08:00,20544146,0,False,Wh,302,0.0
142819,15,2025-02-28T14:30:00+08:00,20544164,0,False,Wh,302,0.0
142819,15,2025-02-28T14:45:00+08:00,20544195,0,False,Wh,302,0.0
142819,15,2025-02-28T15:00:00+08:00,20544570,0,False,Wh,302,0.0
142819,15,2025-02-28T15:15:00+08:00,20544794,0,False,Wh,302,0.0
142819,15,2025-02-28T15:30:00+08:00,20544818,0,False,Wh,302,0.0
142819,15,2025-02-28T15:45:00+08:00,20544832,0,False,Wh,302,0.0
142819,15,2025-02-28T16:00:00+08:00,20544863,0,False,Wh,302,0.0
142819,15,2025-02-28T16:15:00+08:00,20544887,0,False,Wh,302,0.0
142819,15,2025-02-28T16:30:00+08:00,20544900,0,False,Wh,302,0.0
142819,15,2025-02-28T16:45:00+08:00,20544936,0,False,Wh,302,0.0
142819,15,2025-02-28T17:00:00+08:00,20544959,0,False,Wh,302,0.0
142819,15,2025-02-28T17:15:00+08:00,20544974,0,False,Wh,302,0.0
142819,15,2025-02-28T17:30:00+08:00,20545005,0,False,Wh,302,0.0
142819,15,2025-02-28T17:45:00+08:00,20545024,0,False,Wh,302,0.0
142819,15,2025-02-28T18:00:00+08:00,20545065,0,False,Wh,302,0.0
142819,15,2025-02-28T18:15:00+08:00,20545427,0,False,Wh,302,0.0
142819,15,2025-02-28T18:30:00+08:00,20545825,0,False,Wh,302,0.0
142819,15,2025-02-28T18:45:00+08:00,20546904,0,False,Wh,302,0.0
142819,15,2025-02-28T19:00:00+08:00,20547431,0,False,Wh,302,0.0
142819,15,2025-02-28T19:15:00+08:00,20548270,0,False,Wh,302,0.0
142819,15,2025-02-28T19:30:00+08:00,20549814,0,False,Wh,302,0.0
142819,15,2025-02-28T19:45:00+08:00,20550584,0,False,Wh,302,0.0
142819,15,2025-02-28T20:00:00+08:00,20550891,0,False,Wh,302,0.0
142819,15,2025-02-28T20:15:00+08:00,20551297,0,False,Wh,302,0.0
142819,15,2025-02-28T20:30:00+08:00,20551676,0,False,Wh,302,0.0
142819,15,2025-02-28T20:45:00+08:00,20551942,0,False,Wh,302,0.0
142819,15,2025-02-28T21:00:00+08:00,20552539,0,False,Wh,302,0.0
142819,15,2025-02-28T21:15:00+08:00,20553075,0,False,Wh,302,0.0
142819,15,2025-02-28T21:30:00+08:00,20553506,0,False,Wh,302,0.0
142819,15,2025-02-28T21:45:00+08:00,20553645,0,False,Wh,302,0.0
142819,15,2025-02-28T22:00:00+08:00,20553751,0,False,Wh,302,0.0
142819,15,2025-02-28T22:15:00+08:00,20553846,0,False,Wh,302,0.0
142819,15,2025-02-28T22:30:00+08:00,20553930,0,False,Wh,302,0.0
142819,15,2025-02-28T22:45:00+08:00,20554031,0,False,Wh,302,0.0
142819,15,2025-02-28T23:00:00+08:00,20554125,0,False,Wh,302,0.0
142819,15,2025-02-28T23:15:00+08:00,20554219,0,False,Wh,302,0.0
142819,15,2025-02-28T23:30:00+08:00,20554317,0,False,Wh,302,0.0
142819,15,2025-02-28T23:45:00+08:00,20554408,0,False,Wh,302,0.0
142819,15,2025-03-01T00:00:00+08:00,20554495,0,False,Wh,302,0.0
142819,15,2025-03-01T00:15:00+08:00,20555158,0,False,Wh,302,0.0
142819,15,2025-03-01T00:30:00+08:00,20555234,0,False,Wh,302,0.0
142819,15,2025-03-01T00:45:00+08:00,20555300,0,False,Wh,302,0.0
142819,15,2025-03-01T01:00:00+08:00,20555377,0,False,Wh,302,0.0
142819,15,2025-03-01T01:15:00+08:00,20555460,0,False,Wh,302,0.0
142819,15,2025-03-01T01:30:00+08:00,20555511,0,False,Wh,302,0.0
142819,15,2025-03-01T01:45:00+08:00,20555580,0,False,Wh,302,0.0
142819,15,2025-03-01T02:00:00+08:00,20555655,0,False,Wh,302,0.0
142819,15,2025-03-01T02:15:00+08:00,20555724,0,False,Wh,302,0.0
142819,15,2025-03-01T02:30:00+08:00,20555794,0,False,Wh,302,0.0
142819,15,2025-03-01T02:45:00+08:00,20555850,0,False,Wh,302,0.0
142819,15,2025-03-01T03:00:00+08:00,20555917,0,False,Wh,302,0.0
142819,15,2025-03-01T03:15:00+08:00,20555974,0,False,Wh,302,0.0
142819,15,2025-03-01T03:30:00+08:00,20556023,0,False,Wh,302,0.0
142819,15,2025-03-01T03:45:00+08:00,20556092,0,False,Wh,302,0.0
142819,15,2025-03-01T04:00:00+08:00,20556152,0,False,Wh,302,0.0
142819,15,2025-03-01T04:15:00+08:00,20556212,0,False,Wh,302,0.0
142819,15,2025-03-01T04:30:00+08:00,20556262,0,False,Wh,302,0.0
142819,15,2025-03-01T04:45:00+08:00,20556332,0,False,Wh,302,0.0
142819,15,2025-03-01T05:00:00+08:00,20556373,0,False,Wh,302,0.0
142819,15,2025-03-01T05:15:00+08:00,20556446,0,False,Wh,302,0.0
142819,15,2025-03-01T05:30:00+08:00,20556494,0,False,Wh,302,0.0
142819,15,2025-03-01T05:45:00+08:00,20556535,0,False,Wh,302,0.0
142819,15,2025-03-01T06:00:00+08:00,20556623,0,False,Wh,302,0.0
142819,15,2025-03-01T06:15:00+08:00,20556684,0,False,Wh,302,0.0
142819,15,2025-03-01T06:30:00+08:00,20556737,0,False,Wh,302,0.0
142819,15,2025-03-01T06:45:00+08:00,20556781,0,False,Wh,302,0.0
142819,15,2025-03-01T07:00:00+08:00,20556852,0,False,Wh,302,0.0
142819,15,2025-03-01T07:15:00+08:00,20556902,0,False,Wh,302,0.0
142819,15,2025-03-01T07:30:00+08:00,20556955,0,False,Wh,302,0.0
142819,15,2025-03-01T07:45:00+08:00,20557930,0,False,Wh,302,0.0
142819,15,2025-03-01T08:00:00+08:00,20559116,0,False,Wh,302,0.0
142819,15,2025-03-01T08:15:00+08:00,20559785,0,False,Wh,302,0.0
142819,15,2025-03-01T08:30:00+08:00,20560154,0,False,Wh,302,0.0
142819,15,2025-03-01T08:45:00+08:00,20560190,0,False,Wh,302,0.0
142819,15,2025-03-01T09:00:00+08:00,20560237,0,False,Wh,302,0.0
142819,15,2025-03-01T09:15:00+08:00,20560263,0,False,Wh,302,0.0
142819,15,2025-03-01T09:30:00+08:00,20560289,0,False,Wh,302,0.0
142819,15,2025-03-01T09:45:00+08:00,20560720,0,False,Wh,302,0.0
142819,15,2025-03-01T10:00:00+08:00,20561397,0,False,Wh,302,0.0
142819,15,2025-03-01T10:15:00+08:00,20561551,0,False,Wh,302,0.0
142819,15,2025-03-01T10:30:00+08:00,20561596,0,False,Wh,302,0.0
142819,15,2025-03-01T10:45:00+08:00,20561639,0,False,Wh,302,0.0
142819,15,2025-03-01T11:00:00+08:00,20561682,0,False,Wh,302,0.0
142819,15,2025-03-01T11:15:00+08:00,20561712,0,False,Wh,302,0.0
142819,15,2025-03-01T11:30:00+08:00,20561739,0,False,Wh,302,0.0
142819,15,2025-03-01T11:45:00+08:00,20561790,0,False,Wh,302,0.0
142819,15,2025-03-01T12:00:00+08:00,20561832,0,False,Wh,302,0.0
142819,15,2025-03-01T12:15:00+08:00,20561880,0,False,Wh,302,0.0
142819,15,2025-03-01T12:30:00+08:00,20561930,0,False,Wh,302,0.0
142819,15,2025-03-01T12:45:00+08:00,20561975,0,False,Wh,302,0.0
142819,15,2025-03-01T13:00:00+08:00,20562030,0,False,Wh,302,0.0
142819,15,2025-03-01T13:15:00+08:00,20562051,0,False,Wh,302,0.0
142819,15,2025-03-01T13:30:00+08:00,20562073,0,False,Wh,302,0.0
142819,15,2025-03-01T13:45:00+08:00,20562104,0,False,Wh,302,0.0
142819,15,2025-03-01T14:00:00+08:00,20562125,0,False,Wh,302,0.0
142819,15,2025-03-01T14:15:00+08:00,20562144,0,False,Wh,302,0.0
142819,15,2025-03-01T14:30:00+08:00,20562175,0,False,Wh,302,0.0
142819,15,2025-03-01T14:45:00+08:00,20562198,0,False,Wh,302,0.0
142819,15,2025-03-01T15:00:00+08:00,20562216,0,False,Wh,302,0.0
142819,15,2025-03-01T15:15:00+08:00,20562247,0,False,Wh,302,0.0
142819,15,2025-03-01T15:30:00+08:00,20562442,0,False,Wh,302,0.0
142819,15,2025-03-01T15:45:00+08:00,20562603,0,False,Wh,302,0.0
142819,15,2025-03-01T16:00:00+08:00,20563396,0,False,Wh,302,0.0
142819,15,2025-03-01T16:15:00+08:00,20564071,0,False,Wh,302,0.0
142819,15,2025-03-01T16:30:00+08:00,20564570,0,False,Wh,302,0.0
142819,15,2025-03-01T16:45:00+08:00,20564939,0,False,Wh,302,0.0
142819,15,2025-03-01T17:00:00+08:00,20565494,0,False,Wh,302,0.0
142819,15,2025-03-01T17:15:00+08:00,20565751,0,False,Wh,302,0.0
142819,15,2025-03-01T17:30:00+08:00,20565862,0,False,Wh,302,0.0
142819,15,2025-03-01T17:45:00+08:00,20565896,0,False,Wh,302,0.0
142819,15,2025-03-01T18:00:00+08:00,20565930,0,False,Wh,302,0.0
142819,15,2025-03-01T18:15:00+08:00,20565945,0,False,Wh,302,0.0
142819,15,2025-03-01T18:30:00+08:00,20565979,0,False,Wh,302,0.0
142819,15,2025-03-01T18:45:00+08:00,20566012,0,False,Wh,302,0.0
142819,15,2025-03-01T19:00:00+08:00,20566032,0,False,Wh,302,0.0
142819,15,2025-03-01T19:15:00+08:00,20566061,0,False,Wh,302,0.0
142819,15,2025-03-01T19:30:00+08:00,20566095,0,False,Wh,302,0.0
142819,15,2025-03-01T19:45:00+08:00,20566120,0,False,Wh,302,0.0
142819,15,2025-03-01T20:00:00+08:00,20566143,0,False,Wh,302,0.0
142819,15,2025-03-01T20:15:00+08:00,20566177,0,False,Wh,302,0.0
142819,15,2025-03-01T20:30:00+08:00,20566206,0,False,Wh,302,0.0
142819,15,2025-03-01T20:45:00+08:00,20566222,0,False,Wh,302,0.0
142819,15,2025-03-01T21:00:00+08:00,20566254,0,False,Wh,302,0.0
142819,15,2025-03-01T21:15:00+08:00,20566287,0,False,Wh,302,0.0
142819,15,2025-03-01T21:30:00+08:00,20566910,0,False,Wh,302,0.0
142819,15,2025-03-01T21:45:00+08:00,20566942,0,False,Wh,302,0.0
142819,15,2025-03-01T22:00:00+08:00,20566974,0,False,Wh,302,0.0
142819,15,2025-03-01T22:15:00+08:00,20567066,0,False,Wh,302,0.0
142819,15,2025-03-01T22:30:00+08:00,20567243,0,False,Wh,302,0.0
142819,15,2025-03-01T22:45:00+08:00,20567420,0,False,Wh,302,0.0
142819,15,2025-03-01T23:00:00+08:00,20567562,0,False,Wh,302,0.0
142819,15,2025-03-01T23:15:00+08:00,20567683,0,False,Wh,302,0.0
142819,15,2025-03-01T23:30:00+08:00,20567796,0,False,Wh,302,0.0
142819,15,2025-03-01T23:45:00+08:00,20567926,0,False,Wh,302,0.0
142819,15,2025-03-02T00:00:00+08:00,20568021,0,False,Wh,302,0.0
142819,15,2025-03-02T00:15:00+08:00,20568126,0,False,Wh,302,0.0
142819,15,2025-03-02T00:30:00+08:00,20568369,0,False,Wh,302,0.0
142819,15,2025-03-02T00:45:00+08:00,20568940,0,False,Wh,302,0.0
142819,15,2025-03-02T01:00:00+08:00,20569014,0,False,Wh,302,0.0
142819,15,2025-03-02T01:15:00+08:00,20569087,0,False,Wh,302,0.0
142819,15,2025-03-02T01:30:00+08:00,20569154,0,False,Wh,302,0.0
142819,15,2025-03-02T01:45:00+08:00,20569209,0,False,Wh,302,0.0
142819,15,2025-03-02T02:00:00+08:00,20569280,0,False,Wh,302,0.0
142819,15,2025-03-02T02:15:00+08:00,20569345,0,False,Wh,302,0.0
142819,15,2025-03-02T02:30:00+08:00,20569397,0,False,Wh,302,0.0
142819,15,2025-03-02T02:45:00+08:00,20569476,0,False,Wh,302,0.0
142819,15,2025-03-02T03:00:00+08:00,20569562,0,False,Wh,302,0.0
142819,15,2025-03-02T03:15:00+08:00,20569626,0,False,Wh,302,0.0
142819,15,2025-03-02T03:30:00+08:00,20569711,0,False,Wh,302,0.0
142819,15,2025-03-02T03:45:00+08:00,20569794,0,False,Wh,302,0.0
142819,15,2025-03-02T04:00:00+08:00,20569852,0,False,Wh,302,0.0
142819,15,2025-03-02T04:15:00+08:00,20569940,0,False,Wh,302,0.0
142819,15,2025-03-02T04:30:00+08:00,20570020,0,False,Wh,302,0.0
142819,15,2025-03-02T04:45:00+08:00,20570076,0,False,Wh,302,0.0
142819,15,2025-03-02T05:00:00+08:00,20570167,0,False,Wh,302,0.0
142819,15,2025-03-02T05:15:00+08:00,20570245,0,False,Wh,302,0.0
142819,15,2025-03-02T05:30:00+08:00,20570306,0,False,Wh,302,0.0
142819,15,2025-03-02T05:45:00+08:00,20570376,0,False,Wh,302,0.0
142819,15,2025-03-02T06:00:00+08:00,20570437,0,False,Wh,302,0.0
142819,15,2025-03-02T06:15:00+08:00,20570478,0,False,Wh,302,0.0
142819,15,2025-03-02T06:30:00+08:00,20570538,0,False,Wh,302,0.0
142819,15,2025-03-02T06:45:00+08:00,20570600,0,False,Wh,302,0.0
142819,15,2025-03-02T07:00:00+08:00,20570651,0,False,Wh,302,0.0
142819,15,2025-03-02T07:15:00+08:00,20570682,0,False,Wh,302,0.0
142819,15,2025-03-02T07:30:00+08:00,20570743,0,False,Wh,302,0.0
142819,15,2025-03-02T07:45:00+08:00,20570769,0,False,Wh,302,0.0
142819,15,2025-03-02T08:00:00+08:00,20570842,0,False,Wh,302,0.0
142819,15,2025-03-02T08:15:00+08:00,20570893,0,False,Wh,302,0.0
142819,15,2025-03-02T08:30:00+08:00,20570940,0,False,Wh,302,0.0
142819,15,2025-03-02T08:45:00+08:00,20571002,0,False,Wh,302,0.0
142819,15,2025-03-02T09:00:00+08:00,20571068,0,False,Wh,302,0.0
142819,15,2025-03-02T09:15:00+08:00,20571189,0,False,Wh,302,0.0
142819,15,2025-03-02T09:30:00+08:00,20571711,0,False,Wh,302,0.0
142819,15,2025-03-02T09:45:00+08:00,20572231,0,False,Wh,302,0.0
142819,15,2025-03-02T10:00:00+08:00,20572323,0,False,Wh,302,0.0
142819,15,2025-03-02T10:15:00+08:00,20572439,0,False,Wh,302,0.0
142819,15,2025-03-02T10:30:00+08:00,20572544,0,False,Wh,302,0.0
142819,15,2025-03-02T10:45:00+08:00,20572856,0,False,Wh,302,0.0
142819,15,2025-03-02T11:00:00+08:00,20573345,0,False,Wh,302,0.0
142819,15,2025-03-02T11:15:00+08:00,20573460,0,False,Wh,302,0.0
142819,15,2025-03-02T11:30:00+08:00,20573493,0,False,Wh,302,0.0
142819,15,2025-03-02T11:45:00+08:00,20573526,0,False,Wh,302,0.0
142819,15,2025-03-02T12:00:00+08:00,20573558,0,False,Wh,302,0.0
142819,15,2025-03-02T12:15:00+08:00,20573590,0,False,Wh,302,0.0
142819,15,2025-03-02T12:30:00+08:00,20573621,0,False,Wh,302,0.0
142819,15,2025-03-02T12:45:00+08:00,20573632,0,False,Wh,302,0.0
142819,15,2025-03-02T13:00:00+08:00,20573670,0,False,Wh,302,0.0
142819,15,2025-03-02T13:15:00+08:00,20574024,0,False,Wh,302,0.0
142819,15,2025-03-02T13:30:00+08:00,20574381,0,False,Wh,302,0.0
142819,15,2025-03-02T13:45:00+08:00,20574732,0,False,Wh,302,0.0
142819,15,2025-03-02T14:00:00+08:00,20575130,0,False,Wh,302,0.0
142819,15,2025-03-02T14:15:00+08:00,20576097,0,False,Wh,302,0.0
142819,15,2025-03-02T14:30:00+08:00,20576441,0,False,Wh,302,0.0
142819,15,2025-03-02T14:45:00+08:00,20576797,0,False,Wh,302,0.0
142819,15,2025-03-02T15:00:00+08:00,20577152,0,False,Wh,302,0.0
142819,15,2025-03-02T15:15:00+08:00,20577493,0,False,Wh,302,0.0
142819,15,2025-03-02T15:30:00+08:00,20577839,0,False,Wh,302,0.0
142819,15,2025-03-02T15:45:00+08:00,20578212,0,False,Wh,302,0.0
142819,15,2025-03-02T16:00:00+08:00,20578790,0,False,Wh,302,0.0
142819,15,2025-03-02T16:15:00+08:00,20579565,0,False,Wh,302,0.0
142819,15,2025-03-02T16:30:00+08:00,20580284,0,False,Wh,302,0.0
142819,15,2025-03-02T16:45:00+08:00,20580686,0,False,Wh,302,0.0
142819,15,2025-03-02T17:00:00+08:00,20581075,0,False,Wh,302,0.0
142819,15,2025-03-02T17:15:00+08:00,20581476,0,False,Wh,302,0.0
142819,15,2025-03-02T17:30:00+08:00,20581884,0,False,Wh,302,0.0
142819,15,2025-03-02T17:45:00+08:00,20582256,0,False,Wh,302,0.0
142819,15,2025-03-02T18:00:00+08:00,20582626,0,False,Wh,302,0.0
142819,15,2025-03-02T18:15:00+08:00,20582980,0,False,Wh,302,0.0
142819,15,2025-03-02T18:30:00+08:00,20583366,0,False,Wh,302,0.0
142819,15,2025-03-02T18:45:00+08:00,20584474,0,False,Wh,302,0.0
142819,15,2025-03-02T19:00:00+08:00,20584888,0,False,Wh,302,0.0
142819,15,2025-03-02T19:15:00+08:00,20585208,0,False,Wh,302,0.0
142819,15,2025-03-02T19:30:00+08:00,20585732,0,False,Wh,302,0.0
142819,15,2025-03-02T19:45:00+08:00,20586517,0,False,Wh,302,0.0
142819,15,2025-03-02T20:00:00+08:00,20587064,0,False,Wh,302,0.0
142819,15,2025-03-02T20:15:00+08:00,20587356,0,False,Wh,302,0.0
142819,15,2025-03-02T20:30:00+08:00,20587571,0,False,Wh,302,0.0
142819,15,2025-03-02T20:45:00+08:00,20587760,0,False,Wh,302,0.0
142819,15,2025-03-02T21:00:00+08:00,20587933,0,False,Wh,302,0.0
142819,15,2025-03-02T21:15:00+08:00,20588114,0,False,Wh,302,0.0
142819,15,2025-03-02T21:30:00+08:00,20588268,0,False,Wh,302,0.0
142819,15,2025-03-02T21:45:00+08:00,20588410,0,False,Wh,302,0.0
142819,15,2025-03-02T22:00:00+08:00,20588558,0,False,Wh,302,0.0
142819,15,2025-03-02T22:15:00+08:00,20588675,0,False,Wh,302,0.0
142819,15,2025-03-02T22:30:00+08:00,20588763,0,False,Wh,302,0.0
142819,15,2025-03-02T22:45:00+08:00,20588889,0,False,Wh,302,0.0
142819,15,2025-03-02T23:00:00+08:00,20588970,0,False,Wh,302,0.0
142819,15,2025-03-02T23:15:00+08:00,20589027,0,False,Wh,302,0.0
142819,15,2025-03-02T23:30:00+08:00,20589101,0,False,Wh,302,0.0
142819,15,2025-03-02T23:45:00+08:00,20589177,0,False,Wh,302,0.0
142819,15,2025-03-03T00:00:00+08:00,20589272,0,False,Wh,302,0.0
142819,15,2025-03-03T00:15:00+08:00,20589372,0,False,Wh,302,0.0
142819,15,2025-03-03T00:30:00+08:00,20589453,0,False,Wh,302,0.0
142819,15,2025-03-03T00:45:00+08:00,20589539,0,False,Wh,302,0.0
142819,15,2025-03-03T01:00:00+08:00,20590163,0,False,Wh,302,0.0
142819,15,2025-03-03T01:15:00+08:00,20590243,0,False,Wh,302,0.0
142819,15,2025-03-03T01:30:00+08:00,20590308,0,False,Wh,302,0.0
142819,15,2025-03-03T01:45:00+08:00,20590379,0,False,Wh,302,0.0
142819,15,2025-03-03T02:00:00+08:00,20590431,0,False,Wh,302,0.0
142819,15,2025-03-03T02:15:00+08:00,20590469,0,False,Wh,302,0.0
142819,15,2025-03-03T02:30:00+08:00,20590551,0,False,Wh,302,0.0
142819,15,2025-03-03T02:45:00+08:00,20590596,0,False,Wh,302,0.0
142819,15,2025-03-03T03:00:00+08:00,20590639,0,False,Wh,302,0.0
142819,15,2025-03-03T03:15:00+08:00,20590708,0,False,Wh,302,0.0
142819,15,2025-03-03T03:30:00+08:00,20590768,0,False,Wh,302,0.0
142819,15,2025-03-03T03:45:00+08:00,20590821,0,False,Wh,302,0.0
142819,15,2025-03-03T04:00:00+08:00,20590890,0,False,Wh,302,0.0
142819,15,2025-03-03T04:15:00+08:00,20590935,0,False,Wh,302,0.0
142819,15,2025-03-03T04:30:00+08:00,20590984,0,False,Wh,302,0.0
142819,15,2025-03-03T04:45:00+08:00,20591068,0,False,Wh,302,0.0
142819,15,2025-03-03T05:00:00+08:00,20591099,0,False,Wh,302,0.0
142819,15,2025-03-03T05:15:00+08:00,20591159,0,False,Wh,302,0.0
142819,15,2025-03-03T05:30:00+08:00,20591222,0,False,Wh,302,0.0
142819,15,2025-03-03T05:45:00+08:00,20591273,0,False,Wh,302,0.0
142819,15,2025-03-03T06:00:00+08:00,20591324,0,False,Wh,302,0.0
142819,15,2025-03-03T06:15:00+08:00,20591406,0,False,Wh,302,0.0
142819,15,2025-03-03T06:30:00+08:00,20591461,0,False,Wh,302,0.0
142819,15,2025-03-03T06:45:00+08:00,20591518,0,False,Wh,302,0.0
142819,15,2025-03-03T07:00:00+08:00,20591568,0,False,Wh,302,0.0
142819,15,2025-03-03T07:15:00+08:00,20591640,0,False,Wh,302,0.0
142819,15,2025-03-03T07:30:00+08:00,20591685,0,False,Wh,302,0.0
142819,15,2025-03-03T07:45:00+08:00,20592262,0,False,Wh,302,0.0
142819,15,2025-03-03T08:00:00+08:00,20593288,0,False,Wh,302,0.0
142819,15,2025-03-03T08:15:00+08:00,20593450,0,False,Wh,302,0.0
142819,15,2025-03-03T08:30:00+08:00,20593860,0,False,Wh,302,0.0
142819,15,2025-03-03T08:45:00+08:00,20594211,0,False,Wh,302,0.0
142819,15,2025-03-03T09:00:00+08:00,20594250,0,False,Wh,302,0.0
142819,15,2025-03-03T09:15:00+08:00,20594285,0,False,Wh,302,0.0
142819,15,2025-03-03T09:30:00+08:00,20594307,0,False,Wh,302,0.0
142819,15,2025-03-03T09:45:00+08:00,20594329,0,False,Wh,302,0.0
142819,15,2025-03-03T10:00:00+08:00,20594364,0,False,Wh,302,0.0
142819,15,2025-03-03T10:15:00+08:00,20594388,0,False,Wh,302,0.0
142819,15,2025-03-03T10:30:00+08:00,20594410,0,False,Wh,302,0.0
142819,15,2025-03-03T10:45:00+08:00,20594454,0,False,Wh,302,0.0
142819,15,2025-03-03T11:00:00+08:00,20594477,0,False,Wh,302,0.0
142819,15,2025-03-03T11:15:00+08:00,20594501,0,False,Wh,302,0.0
142819,15,2025-03-03T11:30:00+08:00,20594541,0,False,Wh,302,0.0
142819,15,2025-03-03T11:45:00+08:00,20594569,0,False,Wh,302,0.0
142819,15,2025-03-03T12:00:00+08:00,20594596,0,False,Wh,302,0.0
142819,15,2025-03-03T12:15:00+08:00,20594640,0,False,Wh,302,0.0
142819,15,2025-03-03T12:30:00+08:00,20594679,0,False,Wh,302,0.0
142819,15,2025-03-03T12:45:00+08:00,20594724,0,False,Wh,302,0.0
142819,15,2025-03-03T13:00:00+08:00,20594759,0,False,Wh,302,0.0
142819,15,2025-03-03T13:15:00+08:00,20594919,0,False,Wh,302,0.0
142819,15,2025-03-03T13:30:00+08:00,20595639,0,False,Wh,302,0.0
142819,15,2025-03-03T13:45:00+08:00,20595698,0,False,Wh,302,0.0
142819,15,2025-03-03T14:00:00+08:00,20595753,0,False,Wh,302,0.0
142819,15,2025-03-03T14:15:00+08:00,20595790,0,False,Wh,302,0.0
142819,15,2025-03-03T14:30:00+08:00,20595840,0,False,Wh,302,0.0
142819,15,2025-03-03T14:45:00+08:00,20595895,0,False,Wh,302,0.0
142819,15,2025-03-03T15:00:00+08:00,20595931,0,False,Wh,302,0.0
142819,15,2025-03-03T15:15:00+08:00,20595977,0,False,Wh,302,0.0
142819,15,2025-03-03T15:30:00+08:00,20596028,0,False,Wh,302,0.0
142819,15,2025-03-03T15:45:00+08:00,20596081,0,False,Wh,302,0.0
142819,15,2025-03-03T16:00:00+08:00,20596111,0,False,Wh,302,0.0
142819,15,2025-03-03T16:15:00+08:00,20596146,0,False,Wh,302,0.0
142819,15,2025-03-03T16:30:00+08:00,20596172,0,False,Wh,302,0.0
142819,15,2025-03-03T16:45:00+08:00,20596196,0,False,Wh,302,0.0
142819,15,2025-03-03T17:00:00+08:00,20596230,0,False,Wh,302,0.0
142819,15,2025-03-03T17:15:00+08:00,20596264,0,False,Wh,302,0.0
142819,15,2025-03-03T17:30:00+08:00,20596280,0,False,Wh,302,0.0
142819,15,2025-03-03T17:45:00+08:00,20596310,0,False,Wh,302,0.0
142819,15,2025-03-03T18:00:00+08:00,20596345,0,False,Wh,302,0.0
142819,15,2025-03-03T18:15:00+08:00,20596369,0,False,Wh,302,0.0
142819,15,2025-03-03T18:30:00+08:00,20596423,0,False,Wh,302,0.0
142819,15,2025-03-03T18:45:00+08:00,20596490,0,False,Wh,302,0.0
142819,15,2025-03-03T19:00:00+08:00,20597211,0,False,Wh,302,0.0
142819,15,2025-03-03T19:15:00+08:00,20597264,0,False,Wh,302,0.0
142819,15,2025-03-03T19:30:00+08:00,20597326,0,False,Wh,302,0.0
142819,15,2025-03-03T19:45:00+08:00,20597377,0,False,Wh,302,0.0
142819,15,2025-03-03T20:00:00+08:00,20597424,0,False,Wh,302,0.0
142819,15,2025-03-03T20:15:00+08:00,20597483,0,False,Wh,302,0.0
142819,15,2025-03-03T20:30:00+08:00,20597543,0,False,Wh,302,0.0
142819,15,2025-03-03T20:45:00+08:00,20597594,0,False,Wh,302,0.0
142819,15,2025-03-03T21:00:00+08:00,20597646,0,False,Wh,302,0.0
142819,15,2025-03-03T21:15:00+08:00,20597706,0,False,Wh,302,0.0
142819,15,2025-03-03T21:30:00+08:00,20597800,0,False,Wh,302,0.0
142819,15,2025-03-03T21:45:00+08:00,20598064,0,False,Wh,302,0.0
142819,15,2025-03-03T22:00:00+08:00,20598357,0,False,Wh,302,0.0
142819,15,2025-03-03T22:15:00+08:00,20598614,0,False,Wh,302,0.0
142819,15,2025-03-03T22:30:00+08:00,20598744,0,False,Wh,302,0.0
142819,15,2025-03-03T22:45:00+08:00,20598882,0,False,Wh,302,0.0
142819,15,2025-03-03T23:00:00+08:00,20598972,0,False,Wh,302,0.0
142819,15,2025-03-03T23:15:00+08:00,20599074,0,False,Wh,302,0.0
142819,15,2025-03-03T23:30:00+08:00,20599171,0,False,Wh,302,0.0
142819,15,2025-03-03T23:45:00+08:00,20599255,0,False,Wh,302,0.0
142820,15,2025-02-22T00:00:00+08:00,17118428,0,False,Wh,303,0.0
142820,15,2025-02-22T00:15:00+08:00,17118433,0,False,Wh,303,0.0
142820,15,2025-02-22T00:30:00+08:00,17118444,0,False,Wh,303,0.0
142820,15,2025-02-22T00:45:00+08:00,17118448,0,False,Wh,303,0.0
142820,15,2025-02-22T01:00:00+08:00,17118459,0,False,Wh,303,0.0
142820,15,2025-02-22T01:15:00+08:00,17118463,0,False,Wh,303,0.0
142820,15,2025-02-22T01:30:00+08:00,17118474,0,False,Wh,303,0.0
142820,15,2025-02-22T01:45:00+08:00,17118478,0,False,Wh,303,0.0
142820,15,2025-02-22T02:00:00+08:00,17118489,0,False,Wh,303,0.0
142820,15,2025-02-22T02:15:00+08:00,17118493,0,False,Wh,303,0.0
142820,15,2025-02-22T02:30:00+08:00,17118504,0,False,Wh,303,0.0
142820,15,2025-02-22T02:45:00+08:00,17118508,0,False,Wh,303,0.0
142820,15,2025-02-22T03:00:00+08:00,17118519,0,False,Wh,303,0.0
142820,15,2025-02-22T03:15:00+08:00,17118523,0,False,Wh,303,0.0
142820,15,2025-02-22T03:30:00+08:00,17118534,0,False,Wh,303,0.0
142820,15,2025-02-22T03:45:00+08:00,17118537,0,False,Wh,303,0.0
142820,15,2025-02-22T04:00:00+08:00,17118549,0,False,Wh,303,0.0
142820,15,2025-02-22T04:15:00+08:00,17118552,0,False,Wh,303,0.0
142820,15,2025-02-22T04:30:00+08:00,17118999,0,False,Wh,303,0.0
142820,15,2025-02-22T04:45:00+08:00,17119002,0,False,Wh,303,0.0
142820,15,2025-02-22T05:00:00+08:00,17119013,0,False,Wh,303,0.0
142820,15,2025-02-22T05:15:00+08:00,17119016,0,False,Wh,303,0.0
142820,15,2025-02-22T05:30:00+08:00,17119027,0,False,Wh,303,0.0
142820,15,2025-02-22T05:45:00+08:00,17119030,0,False,Wh,303,0.0
142820,15,2025-02-22T06:00:00+08:00,17119042,0,False,Wh,303,0.0
142820,15,2025-02-22T06:15:00+08:00,17119044,0,False,Wh,303,0.0
142820,15,2025-02-22T06:30:00+08:00,17119056,0,False,Wh,303,0.0
142820,15,2025-02-22T06:45:00+08:00,17119058,0,False,Wh,303,0.0
142820,15,2025-02-22T07:00:00+08:00,17119070,0,False,Wh,303,0.0
142820,15,2025-02-22T07:15:00+08:00,17119072,0,False,Wh,303,0.0
142820,15,2025-02-22T07:30:00+08:00,17119083,0,False,Wh,303,0.0
142820,15,2025-02-22T07:45:00+08:00,17119086,0,False,Wh,303,0.0
142820,15,2025-02-22T08:00:00+08:00,17119097,0,False,Wh,303,0.0
142820,15,2025-02-22T08:15:00+08:00,17119100,0,False,Wh,303,0.0
142820,15,2025-02-22T08:30:00+08:00,17119111,0,False,Wh,303,0.0
142820,15,2025-02-22T08:45:00+08:00,17119114,0,False,Wh,303,0.0
142820,15,2025-02-22T09:00:00+08:00,17119125,0,False,Wh,303,0.0
142820,15,2025-02-22T09:15:00+08:00,17119127,0,False,Wh,303,0.0
142820,15,2025-02-22T09:30:00+08:00,17119138,0,False,Wh,303,0.0
142820,15,2025-02-22T09:45:00+08:00,17119141,0,False,Wh,303,0.0
142820,15,2025-02-22T10:00:00+08:00,17119152,0,False,Wh,303,0.0
142820,15,2025-02-22T10:15:00+08:00,17119155,0,False,Wh,303,0.0
142820,15,2025-02-22T10:30:00+08:00,17119166,0,False,Wh,303,0.0
142820,15,2025-02-22T10:45:00+08:00,17119168,0,False,Wh,303,0.0
142820,15,2025-02-22T11:00:00+08:00,17119179,0,False,Wh,303,0.0
142820,15,2025-02-22T11:15:00+08:00,17119182,0,False,Wh,303,0.0
142820,15,2025-02-22T11:30:00+08:00,17119193,0,False,Wh,303,0.0
142820,15,2025-02-22T11:45:00+08:00,17119196,0,False,Wh,303,0.0
142820,15,2025-02-22T12:00:00+08:00,17119206,0,False,Wh,303,0.0
142820,15,2025-02-22T12:15:00+08:00,17119209,0,False,Wh,303,0.0
142820,15,2025-02-22T12:30:00+08:00,17119220,0,False,Wh,303,0.0
142820,15,2025-02-22T12:45:00+08:00,17119223,0,False,Wh,303,0.0
142820,15,2025-02-22T13:00:00+08:00,17119445,0,False,Wh,303,0.0
142820,15,2025-02-22T13:15:00+08:00,17119673,0,False,Wh,303,0.0
142820,15,2025-02-22T13:30:00+08:00,17119683,0,False,Wh,303,0.0
142820,15,2025-02-22T13:45:00+08:00,17119687,0,False,Wh,303,0.0
142820,15,2025-02-22T14:00:00+08:00,17119697,0,False,Wh,303,0.0
142820,15,2025-02-22T14:15:00+08:00,17119701,0,False,Wh,303,0.0
142820,15,2025-02-22T14:30:00+08:00,17119711,0,False,Wh,303,0.0
142820,15,2025-02-22T14:45:00+08:00,17119715,0,False,Wh,303,0.0
142820,15,2025-02-22T15:00:00+08:00,17119725,0,False,Wh,303,0.0
142820,15,2025-02-22T15:15:00+08:00,17119729,0,False,Wh,303,0.0
142820,15,2025-02-22T15:30:00+08:00,17119739,0,False,Wh,303,0.0
142820,15,2025-02-22T15:45:00+08:00,17119743,0,False,Wh,303,0.0
142820,15,2025-02-22T16:00:00+08:00,17119753,0,False,Wh,303,0.0
142820,15,2025-02-22T16:15:00+08:00,17119757,0,False,Wh,303,0.0
142820,15,2025-02-22T16:30:00+08:00,17119767,0,False,Wh,303,0.0
142820,15,2025-02-22T16:45:00+08:00,17119771,0,False,Wh,303,0.0
142820,15,2025-02-22T17:00:00+08:00,17119782,0,False,Wh,303,0.0
142820,15,2025-02-22T17:15:00+08:00,17119786,0,False,Wh,303,0.0
142820,15,2025-02-22T17:30:00+08:00,17119796,0,False,Wh,303,0.0
142820,15,2025-02-22T17:45:00+08:00,17119800,0,False,Wh,303,0.0
142820,15,2025-02-22T18:00:00+08:00,17119810,0,False,Wh,303,0.0
142820,15,2025-02-22T18:15:00+08:00,17119815,0,False,Wh,303,0.0
142820,15,2025-02-22T18:30:00+08:00,17119825,0,False,Wh,303,0.0
142820,15,2025-02-22T18:45:00+08:00,17119830,0,False,Wh,303,0.0
142820,15,2025-02-22T19:00:00+08:00,17119840,0,False,Wh,303,0.0
142820,15,2025-02-22T19:15:00+08:00,17119845,0,False,Wh,303,0.0
142820,15,2025-02-22T19:30:00+08:00,17119855,0,False,Wh,303,0.0
142820,15,2025-02-22T19:45:00+08:00,17119859,0,False,Wh,303,0.0
142820,15,2025-02-22T20:00:00+08:00,17119870,0,False,Wh,303,0.0
142820,15,2025-02-22T20:15:00+08:00,17119874,0,False,Wh,303,0.0
142820,15,2025-02-22T20:30:00+08:00,17119885,0,False,Wh,303,0.0
142820,15,2025-02-22T20:45:00+08:00,17119888,0,False,Wh,303,0.0
142820,15,2025-02-22T21:00:00+08:00,17119899,0,False,Wh,303,0.0
142820,15,2025-02-22T21:15:00+08:00,17119903,0,False,Wh,303,0.0
142820,15,2025-02-22T21:30:00+08:00,17119913,0,False,Wh,303,0.0
142820,15,2025-02-22T21:45:00+08:00,17119917,0,False,Wh,303,0.0
142820,15,2025-02-22T22:00:00+08:00,17120358,0,False,Wh,303,0.0
142820,15,2025-02-22T22:15:00+08:00,17120362,0,False,Wh,303,0.0
142820,15,2025-02-22T22:30:00+08:00,17120372,0,False,Wh,303,0.0
142820,15,2025-02-22T22:45:00+08:00,17120376,0,False,Wh,303,0.0
142820,15,2025-02-22T23:00:00+08:00,17120386,0,False,Wh,303,0.0
142820,15,2025-02-22T23:15:00+08:00,17120391,0,False,Wh,303,0.0
142820,15,2025-02-22T23:30:00+08:00,17120400,0,False,Wh,303,0.0
142820,15,2025-02-22T23:45:00+08:00,17120405,0,False,Wh,303,0.0
142820,15,2025-02-23T00:00:00+08:00,17120415,0,False,Wh,303,0.0
142820,15,2025-02-23T00:15:00+08:00,17120419,0,False,Wh,303,0.0
142820,15,2025-02-23T00:30:00+08:00,17120429,0,False,Wh,303,0.0
142820,15,2025-02-23T00:45:00+08:00,17120433,0,False,Wh,303,0.0
142820,15,2025-02-23T01:00:00+08:00,17120442,0,False,Wh,303,0.0
142820,15,2025-02-23T01:15:00+08:00,17120447,0,False,Wh,303,0.0
142820,15,2025-02-23T01:30:00+08:00,17120456,0,False,Wh,303,0.0
142820,15,2025-02-23T01:45:00+08:00,17120461,0,False,Wh,303,0.0
142820,15,2025-02-23T02:00:00+08:00,17120470,0,False,Wh,303,0.0
142820,15,2025-02-23T02:15:00+08:00,17120474,0,False,Wh,303,0.0
142820,15,2025-02-23T02:30:00+08:00,17120483,0,False,Wh,303,0.0
142820,15,2025-02-23T02:45:00+08:00,17120488,0,False,Wh,303,0.0
142820,15,2025-02-23T03:00:00+08:00,17120497,0,False,Wh,303,0.0
142820,15,2025-02-23T03:15:00+08:00,17120502,0,False,Wh,303,0.0
142820,15,2025-02-23T03:30:00+08:00,17120510,0,False,Wh,303,0.0
142820,15,2025-02-23T03:45:00+08:00,17120515,0,False,Wh,303,0.0
142820,15,2025-02-23T04:00:00+08:00,17120523,0,False,Wh,303,0.0
142820,15,2025-02-23T04:15:00+08:00,17120530,0,False,Wh,303,0.0
142820,15,2025-02-23T04:30:00+08:00,17120540,0,False,Wh,303,0.0
142820,15,2025-02-23T04:45:00+08:00,17120549,0,False,Wh,303,0.0
142820,15,2025-02-23T05:00:00+08:00,17120591,0,False,Wh,303,0.0
142820,15,2025-02-23T05:15:00+08:00,17120622,0,False,Wh,303,0.0
142820,15,2025-02-23T05:30:00+08:00,17120643,0,False,Wh,303,0.0
142820,15,2025-02-23T05:45:00+08:00,17120660,0,False,Wh,303,0.0
142820,15,2025-02-23T06:00:00+08:00,17120666,0,False,Wh,303,0.0
142820,15,2025-02-23T06:15:00+08:00,17120803,0,False,Wh,303,0.0
142820,15,2025-02-23T06:30:00+08:00,17121129,0,False,Wh,303,0.0
142820,15,2025-02-23T06:45:00+08:00,17121138,0,False,Wh,303,0.0
142820,15,2025-02-23T07:00:00+08:00,17121143,0,False,Wh,303,0.0
142820,15,2025-02-23T07:15:00+08:00,17121152,0,False,Wh,303,0.0
142820,15,2025-02-23T07:30:00+08:00,17121155,0,False,Wh,303,0.0
142820,15,2025-02-23T07:45:00+08:00,17121165,0,False,Wh,303,0.0
142820,15,2025-02-23T08:00:00+08:00,17121168,0,False,Wh,303,0.0
142820,15,2025-02-23T08:15:00+08:00,17121178,0,False,Wh,303,0.0
142820,15,2025-02-23T08:30:00+08:00,17121181,0,False,Wh,303,0.0
142820,15,2025-02-23T08:45:00+08:00,17121190,0,False,Wh,303,0.0
142820,15,2025-02-23T09:00:00+08:00,17121194,0,False,Wh,303,0.0
142820,15,2025-02-23T09:15:00+08:00,17121203,0,False,Wh,303,0.0
142820,15,2025-02-23T09:30:00+08:00,17121207,0,False,Wh,303,0.0
142820,15,2025-02-23T09:45:00+08:00,17121216,0,False,Wh,303,0.0
142820,15,2025-02-23T10:00:00+08:00,17121220,0,False,Wh,303,0.0
142820,15,2025-02-23T10:15:00+08:00,17121228,0,False,Wh,303,0.0
142820,15,2025-02-23T10:30:00+08:00,17121233,0,False,Wh,303,0.0
142820,15,2025-02-23T10:45:00+08:00,17121241,0,False,Wh,303,0.0
142820,15,2025-02-23T11:00:00+08:00,17121246,0,False,Wh,303,0.0
142820,15,2025-02-23T11:15:00+08:00,17121254,0,False,Wh,303,0.0
142820,15,2025-02-23T11:30:00+08:00,17121260,0,False,Wh,303,0.0
142820,15,2025-02-23T11:45:00+08:00,17121267,0,False,Wh,303,0.0
142820,15,2025-02-23T12:00:00+08:00,17121273,0,False,Wh,303,0.0
142820,15,2025-02-23T12:15:00+08:00,17121280,0,False,Wh,303,0.0
142820,15,2025-02-23T12:30:00+08:00,17121286,0,False,Wh,303,0.0
142820,15,2025-02-23T12:45:00+08:00,17121293,0,False,Wh,303,0.0
142820,15,2025-02-23T13:00:00+08:00,17121300,0,False,Wh,303,0.0
142820,15,2025-02-23T13:15:00+08:00,17121306,0,False,Wh,303,0.0
142820,15,2025-02-23T13:30:00+08:00,17121313,0,False,Wh,303,0.0
142820,15,2025-02-23T13:45:00+08:00,17121319,0,False,Wh,303,0.0
142820,15,2025-02-23T14:00:00+08:00,17121327,0,False,Wh,303,0.0
142820,15,2025-02-23T14:15:00+08:00,17121332,0,False,Wh,303,0.0
142820,15,2025-02-23T14:30:00+08:00,17121340,0,False,Wh,303,0.0
142820,15,2025-02-23T14:45:00+08:00,17121346,0,False,Wh,303,0.0
142820,15,2025-02-23T15:00:00+08:00,17121780,0,False,Wh,303,0.0
142820,15,2025-02-23T15:15:00+08:00,17121791,0,False,Wh,303,0.0
142820,15,2025-02-23T15:30:00+08:00,17121800,0,False,Wh,303,0.0
142820,15,2025-02-23T15:45:00+08:00,17121806,0,False,Wh,303,0.0
142820,15,2025-02-23T16:00:00+08:00,17121814,0,False,Wh,303,0.0
142820,15,2025-02-23T16:15:00+08:00,17121820,0,False,Wh,303,0.0
142820,15,2025-02-23T16:30:00+08:00,17121828,0,False,Wh,303,0.0
142820,15,2025-02-23T16:45:00+08:00,17121834,0,False,Wh,303,0.0
142820,15,2025-02-23T17:00:00+08:00,17121842,0,False,Wh,303,0.0
142820,15,2025-02-23T17:15:00+08:00,17121849,0,False,Wh,303,0.0
142820,15,2025-02-23T17:30:00+08:00,17121857,0,False,Wh,303,0.0
142820,15,2025-02-23T17:45:00+08:00,17121864,0,False,Wh,303,0.0
142820,15,2025-02-23T18:00:00+08:00,17121872,0,False,Wh,303,0.0
142820,15,2025-02-23T18:15:00+08:00,17121879,0,False,Wh,303,0.0
142820,15,2025-02-23T18:30:00+08:00,17121888,0,False,Wh,303,0.0
142820,15,2025-02-23T18:45:00+08:00,17121894,0,False,Wh,303,0.0
142820,15,2025-02-23T19:00:00+08:00,17121903,0,False,Wh,303,0.0
142820,15,2025-02-23T19:15:00+08:00,17121910,0,False,Wh,303,0.0
142820,15,2025-02-23T19:30:00+08:00,17121919,0,False,Wh,303,0.0
142820,15,2025-02-23T19:45:00+08:00,17121926,0,False,Wh,303,0.0
142820,15,2025-02-23T20:00:00+08:00,17121935,0,False,Wh,303,0.0
142820,15,2025-02-23T20:15:00+08:00,17121942,0,False,Wh,303,0.0
142820,15,2025-02-23T20:30:00+08:00,17121950,0,False,Wh,303,0.0
142820,15,2025-02-23T20:45:00+08:00,17121958,0,False,Wh,303,0.0
142820,15,2025-02-23T21:00:00+08:00,17121966,0,False,Wh,303,0.0
142820,15,2025-02-23T21:15:00+08:00,17121974,0,False,Wh,303,0.0
142820,15,2025-02-23T21:30:00+08:00,17121982,0,False,Wh,303,0.0
142820,15,2025-02-23T21:45:00+08:00,17121990,0,False,Wh,303,0.0
142820,15,2025-02-23T22:00:00+08:00,17121997,0,False,Wh,303,0.0
142820,15,2025-02-23T22:15:00+08:00,17122006,0,False,Wh,303,0.0
142820,15,2025-02-23T22:30:00+08:00,17122013,0,False,Wh,303,0.0
142820,15,2025-02-23T22:45:00+08:00,17122021,0,False,Wh,303,0.0
142820,15,2025-02-23T23:00:00+08:00,17122028,0,False,Wh,303,0.0
142820,15,2025-02-23T23:15:00+08:00,17122037,0,False,Wh,303,0.0
142820,15,2025-02-23T23:30:00+08:00,17122044,0,False,Wh,303,0.0
142820,15,2025-02-23T23:45:00+08:00,17122052,0,False,Wh,303,0.0
142820,15,2025-02-24T00:00:00+08:00,17122059,0,False,Wh,303,0.0
142820,15,2025-02-24T00:15:00+08:00,17122335,0,False,Wh,303,0.0
142820,15,2025-02-24T00:30:00+08:00,17122501,0,False,Wh,303,0.0
142820,15,2025-02-24T00:45:00+08:00,17122510,0,False,Wh,303,0.0
142820,15,2025-02-24T01:00:00+08:00,17122516,0,False,Wh,303,0.0
142820,15,2025-02-24T01:15:00+08:00,17122526,0,False,Wh,303,0.0
142820,15,2025-02-24T01:30:00+08:00,17122532,0,False,Wh,303,0.0
142820,15,2025-02-24T01:45:00+08:00,17122541,0,False,Wh,303,0.0
142820,15,2025-02-24T02:00:00+08:00,17122547,0,False,Wh,303,0.0
142820,15,2025-02-24T02:15:00+08:00,17122556,0,False,Wh,303,0.0
142820,15,2025-02-24T02:30:00+08:00,17122562,0,False,Wh,303,0.0
142820,15,2025-02-24T02:45:00+08:00,17122572,0,False,Wh,303,0.0
142820,15,2025-02-24T03:00:00+08:00,17122578,0,False,Wh,303,0.0
142820,15,2025-02-24T03:15:00+08:00,17122587,0,False,Wh,303,0.0
142820,15,2025-02-24T03:30:00+08:00,17122593,0,False,Wh,303,0.0
142820,15,2025-02-24T03:45:00+08:00,17122602,0,False,Wh,303,0.0
142820,15,2025-02-24T04:00:00+08:00,17122608,0,False,Wh,303,0.0
142820,15,2025-02-24T04:15:00+08:00,17122618,0,False,Wh,303,0.0
142820,15,2025-02-24T04:30:00+08:00,17122623,0,False,Wh,303,0.0
142820,15,2025-02-24T04:45:00+08:00,17122633,0,False,Wh,303,0.0
142820,15,2025-02-24T05:00:00+08:00,17122637,0,False,Wh,303,0.0
142820,15,2025-02-24T05:15:00+08:00,17122648,0,False,Wh,303,0.0
142820,15,2025-02-24T05:30:00+08:00,17122652,0,False,Wh,303,0.0
142820,15,2025-02-24T05:45:00+08:00,17122663,0,False,Wh,303,0.0
142820,15,2025-02-24T06:00:00+08:00,17122667,0,False,Wh,303,0.0
142820,15,2025-02-24T06:15:00+08:00,17122678,0,False,Wh,303,0.0
142820,15,2025-02-24T06:30:00+08:00,17122682,0,False,Wh,303,0.0
142820,15,2025-02-24T06:45:00+08:00,17122693,0,False,Wh,303,0.0
142820,15,2025-02-24T07:00:00+08:00,17122697,0,False,Wh,303,0.0
142820,15,2025-02-24T07:15:00+08:00,17122708,0,False,Wh,303,0.0
142820,15,2025-02-24T07:30:00+08:00,17122711,0,False,Wh,303,0.0
142820,15,2025-02-24T07:45:00+08:00,17122723,0,False,Wh,303,0.0
142820,15,2025-02-24T08:00:00+08:00,17122726,0,False,Wh,303,0.0
142820,15,2025-02-24T08:15:00+08:00,17122738,0,False,Wh,303,0.0
142820,15,2025-02-24T08:30:00+08:00,17122741,0,False,Wh,303,0.0
142820,15,2025-02-24T08:45:00+08:00,17122752,0,False,Wh,303,0.0
142820,15,2025-02-24T09:00:00+08:00,17122756,0,False,Wh,303,0.0
142820,15,2025-02-24T09:15:00+08:00,17123072,0,False,Wh,303,0.0
142820,15,2025-02-24T09:30:00+08:00,17123205,0,False,Wh,303,0.0
142820,15,2025-02-24T09:45:00+08:00,17123217,0,False,Wh,303,0.0
142820,15,2025-02-24T10:00:00+08:00,17123220,0,False,Wh,303,0.0
142820,15,2025-02-24T10:15:00+08:00,17123231,0,False,Wh,303,0.0
142820,15,2025-02-24T10:30:00+08:00,17123235,0,False,Wh,303,0.0
142820,15,2025-02-24T10:45:00+08:00,17123246,0,False,Wh,303,0.0
142820,15,2025-02-24T11:00:00+08:00,17123250,0,False,Wh,303,0.0
142820,15,2025-02-24T11:15:00+08:00,17123261,0,False,Wh,303,0.0
142820,15,2025-02-24T11:30:00+08:00,17123265,0,False,Wh,303,0.0
142820,15,2025-02-24T11:45:00+08:00,17123277,0,False,Wh,303,0.0
142820,15,2025-02-24T12:00:00+08:00,17123280,0,False,Wh,303,0.0
142820,15,2025-02-24T12:15:00+08:00,17123292,0,False,Wh,303,0.0
142820,15,2025-02-24T12:30:00+08:00,17123295,0,False,Wh,303,0.0
142820,15,2025-02-24T12:45:00+08:00,17123307,0,False,Wh,303,0.0
142820,15,2025-02-24T13:00:00+08:00,17123311,0,False,Wh,303,0.0
142820,15,2025-02-24T13:15:00+08:00,17123322,0,False,Wh,303,0.0
142820,15,2025-02-24T13:30:00+08:00,17123326,0,False,Wh,303,0.0
142820,15,2025-02-24T13:45:00+08:00,17123338,0,False,Wh,303,0.0
142820,15,2025-02-24T14:00:00+08:00,17123342,0,False,Wh,303,0.0
142820,15,2025-02-24T14:15:00+08:00,17123353,0,False,Wh,303,0.0
142820,15,2025-02-24T14:30:00+08:00,17123357,0,False,Wh,303,0.0
142820,15,2025-02-24T14:45:00+08:00,17123369,0,False,Wh,303,0.0
142820,15,2025-02-24T15:00:00+08:00,17123373,0,False,Wh,303,0.0
142820,15,2025-02-24T15:15:00+08:00,17123385,0,False,Wh,303,0.0
142820,15,2025-02-24T15:30:00+08:00,17123389,0,False,Wh,303,0.0
142820,15,2025-02-24T15:45:00+08:00,17123401,0,False,Wh,303,0.0
142820,15,2025-02-24T16:00:00+08:00,17123405,0,False,Wh,303,0.0
142820,15,2025-02-24T16:15:00+08:00,17123417,0,False,Wh,303,0.0
142820,15,2025-02-24T16:30:00+08:00,17123421,0,False,Wh,303,0.0
142820,15,2025-02-24T16:45:00+08:00,17123432,0,False,Wh,303,0.0
142820,15,2025-02-24T17:00:00+08:00,17123437,0,False,Wh,303,0.0
142820,15,2025-02-24T17:15:00+08:00,17123448,0,False,Wh,303,0.0
142820,15,2025-02-24T17:30:00+08:00,17123453,0,False,Wh,303,0.0
142820,15,2025-02-24T17:45:00+08:00,17123464,0,False,Wh,303,0.0
142820,15,2025-02-24T18:00:00+08:00,17123469,0,False,Wh,303,0.0
142820,15,2025-02-24T18:15:00+08:00,17123480,0,False,Wh,303,0.0
142820,15,2025-02-24T18:30:00+08:00,17123486,0,False,Wh,303,0.0
142820,15,2025-02-24T18:45:00+08:00,17123943,0,False,Wh,303,0.0
142820,15,2025-02-24T19:00:00+08:00,17123949,0,False,Wh,303,0.0
142820,15,2025-02-24T19:15:00+08:00,17123959,0,False,Wh,303,0.0
142820,15,2025-02-24T19:30:00+08:00,17123966,0,False,Wh,303,0.0
142820,15,2025-02-24T19:45:00+08:00,17123975,0,False,Wh,303,0.0
142820,15,2025-02-24T20:00:00+08:00,17123982,0,False,Wh,303,0.0
142820,15,2025-02-24T20:15:00+08:00,17123992,0,False,Wh,303,0.0
142820,15,2025-02-24T20:30:00+08:00,17123998,0,False,Wh,303,0.0
142820,15,2025-02-24T20:45:00+08:00,17124007,0,False,Wh,303,0.0
142820,15,2025-02-24T21:00:00+08:00,17124015,0,False,Wh,303,0.0
142820,15,2025-02-24T21:15:00+08:00,17124023,0,False,Wh,303,0.0
142820,15,2025-02-24T21:30:00+08:00,17124031,0,False,Wh,303,0.0
142820,15,2025-02-24T21:45:00+08:00,17124039,0,False,Wh,303,0.0
142820,15,2025-02-24T22:00:00+08:00,17124047,0,False,Wh,303,0.0
142820,15,2025-02-24T22:15:00+08:00,17124055,0,False,Wh,303,0.0
142820,15,2025-02-24T22:30:00+08:00,17124064,0,False,Wh,303,0.0
142820,15,2025-02-24T22:45:00+08:00,17124071,0,False,Wh,303,0.0
142820,15,2025-02-24T23:00:00+08:00,17124080,0,False,Wh,303,0.0
142820,15,2025-02-24T23:15:00+08:00,17124087,0,False,Wh,303,0.0
142820,15,2025-02-24T23:30:00+08:00,17124096,0,False,Wh,303,0.0
142820,15,2025-02-24T23:45:00+08:00,17124102,0,False,Wh,303,0.0
142820,15,2025-02-25T00:00:00+08:00,17124112,0,False,Wh,303,0.0
142820,15,2025-02-25T00:15:00+08:00,17124118,0,False,Wh,303,0.0
142820,15,2025-02-25T00:30:00+08:00,17124128,0,False,Wh,303,0.0
142820,15,2025-02-25T00:45:00+08:00,17124134,0,False,Wh,303,0.0
142820,15,2025-02-25T01:00:00+08:00,17124144,0,False,Wh,303,0.0
142820,15,2025-02-25T01:15:00+08:00,17124149,0,False,Wh,303,0.0
142820,15,2025-02-25T01:30:00+08:00,17124160,0,False,Wh,303,0.0
142820,15,2025-02-25T01:45:00+08:00,17124165,0,False,Wh,303,0.0
142820,15,2025-02-25T02:00:00+08:00,17124176,0,False,Wh,303,0.0
142820,15,2025-02-25T02:15:00+08:00,17124180,0,False,Wh,303,0.0
142820,15,2025-02-25T02:30:00+08:00,17124192,0,False,Wh,303,0.0
142820,15,2025-02-25T02:45:00+08:00,17124196,0,False,Wh,303,0.0
142820,15,2025-02-25T03:00:00+08:00,17124207,0,False,Wh,303,0.0
142820,15,2025-02-25T03:15:00+08:00,17124212,0,False,Wh,303,0.0
142820,15,2025-02-25T03:30:00+08:00,17124223,0,False,Wh,303,0.0
142820,15,2025-02-25T03:45:00+08:00,17124227,0,False,Wh,303,0.0
142820,15,2025-02-25T04:00:00+08:00,17124239,0,False,Wh,303,0.0
142820,15,2025-02-25T04:15:00+08:00,17124243,0,False,Wh,303,0.0
142820,15,2025-02-25T04:30:00+08:00,17124703,0,False,Wh,303,0.0
142820,15,2025-02-25T04:45:00+08:00,17124707,0,False,Wh,303,0.0
142820,15,2025-02-25T05:00:00+08:00,17124719,0,False,Wh,303,0.0
142820,15,2025-02-25T05:15:00+08:00,17124723,0,False,Wh,303,0.0
142820,15,2025-02-25T05:30:00+08:00,17124734,0,False,Wh,303,0.0
142820,15,2025-02-25T05:45:00+08:00,17124738,0,False,Wh,303,0.0
142820,15,2025-02-25T06:00:00+08:00,17124750,0,False,Wh,303,0.0
142820,15,2025-02-25T06:15:00+08:00,17124754,0,False,Wh,303,0.0
142820,15,2025-02-25T06:30:00+08:00,17124765,0,False,Wh,303,0.0
142820,15,2025-02-25T06:45:00+08:00,17124769,0,False,Wh,303,0.0
142820,15,2025-02-25T07:00:00+08:00,17124781,0,False,Wh,303,0.0
142820,15,2025-02-25T07:15:00+08:00,17124784,0,False,Wh,303,0.0
142820,15,2025-02-25T07:30:00+08:00,17124796,0,False,Wh,303,0.0
142820,15,2025-02-25T07:45:00+08:00,17124799,0,False,Wh,303,0.0
142820,15,2025-02-25T08:00:00+08:00,17124811,0,False,Wh,303,0.0
142820,15,2025-02-25T08:15:00+08:00,17124815,0,False,Wh,303,0.0
142820,15,2025-02-25T08:30:00+08:00,17124827,0,False,Wh,303,0.0
142820,15,2025-02-25T08:45:00+08:00,17124830,0,False,Wh,303,0.0
142820,15,2025-02-25T09:00:00+08:00,17124842,0,False,Wh,303,0.0
142820,15,2025-02-25T09:15:00+08:00,17124845,0,False,Wh,303,0.0
142820,15,2025-02-25T09:30:00+08:00,17124857,0,False,Wh,303,0.0
142820,15,2025-02-25T09:45:00+08:00,17124861,0,False,Wh,303,0.0
142820,15,2025-02-25T10:00:00+08:00,17124872,0,False,Wh,303,0.0
142820,15,2025-02-25T10:15:00+08:00,17124876,0,False,Wh,303,0.0
142820,15,2025-02-25T10:30:00+08:00,17124887,0,False,Wh,303,0.0
142820,15,2025-02-25T10:45:00+08:00,17124891,0,False,Wh,303,0.0
142820,15,2025-02-25T11:00:00+08:00,17124903,0,False,Wh,303,0.0
142820,15,2025-02-25T11:15:00+08:00,17124907,0,False,Wh,303,0.0
142820,15,2025-02-25T11:30:00+08:00,17124918,0,False,Wh,303,0.0
142820,15,2025-02-25T11:45:00+08:00,17124922,0,False,Wh,303,0.0
142820,15,2025-02-25T12:00:00+08:00,17124933,0,False,Wh,303,0.0
142820,15,2025-02-25T12:15:00+08:00,17124938,0,False,Wh,303,0.0
142820,15,2025-02-25T12:30:00+08:00,17124948,0,False,Wh,303,0.0
142820,15,2025-02-25T12:45:00+08:00,17124953,0,False,Wh,303,0.0
142820,15,2025-02-25T13:00:00+08:00,17124964,0,False,Wh,303,0.0
142820,15,2025-02-25T13:15:00+08:00,17124969,0,False,Wh,303,0.0
142820,15,2025-02-25T13:30:00+08:00,17124979,0,False,Wh,303,0.0
142820,15,2025-02-25T13:45:00+08:00,17124985,0,False,Wh,303,0.0
142820,15,2025-02-25T14:00:00+08:00,17125439,0,False,Wh,303,0.0
142820,15,2025-02-25T14:15:00+08:00,17125445,0,False,Wh,303,0.0
142820,15,2025-02-25T14:30:00+08:00,17125455,0,False,Wh,303,0.0
142820,15,2025-02-25T14:45:00+08:00,17125461,0,False,Wh,303,0.0
142820,15,2025-02-25T15:00:00+08:00,17125470,0,False,Wh,303,0.0
142820,15,2025-02-25T15:15:00+08:00,17125477,0,False,Wh,303,0.0
142820,15,2025-02-25T15:30:00+08:00,17125486,0,False,Wh,303,0.0
142820,15,2025-02-25T15:45:00+08:00,17125493,0,False,Wh,303,0.0
142820,15,2025-02-25T16:00:00+08:00,17125502,0,False,Wh,303,0.0
142820,15,2025-02-25T16:15:00+08:00,17125509,0,False,Wh,303,0.0
142820,15,2025-02-25T16:30:00+08:00,17125518,0,False,Wh,303,0.0
142820,15,2025-02-25T16:45:00+08:00,17125525,0,False,Wh,303,0.0
142820,15,2025-02-25T17:00:00+08:00,17125534,0,False,Wh,303,0.0
142820,15,2025-02-25T17:15:00+08:00,17125542,0,False,Wh,303,0.0
142820,15,2025-02-25T17:30:00+08:00,17125550,0,False,Wh,303,0.0
142820,15,2025-02-25T17:45:00+08:00,17125558,0,False,Wh,303,0.0
142820,15,2025-02-25T18:00:00+08:00,17125566,0,False,Wh,303,0.0
142820,15,2025-02-25T18:15:00+08:00,17125575,0,False,Wh,303,0.0
142820,15,2025-02-25T18:30:00+08:00,17125582,0,False,Wh,303,0.0
142820,15,2025-02-25T18:45:00+08:00,17125591,0,False,Wh,303,0.0
142820,15,2025-02-25T19:00:00+08:00,17125598,0,False,Wh,303,0.0
142820,15,2025-02-25T19:15:00+08:00,17125608,0,False,Wh,303,0.0
142820,15,2025-02-25T19:30:00+08:00,17125615,0,False,Wh,303,0.0
142820,15,2025-02-25T19:45:00+08:00,17125624,0,False,Wh,303,0.0
142820,15,2025-02-25T20:00:00+08:00,17125631,0,False,Wh,303,0.0
142820,15,2025-02-25T20:15:00+08:00,17125641,0,False,Wh,303,0.0
142820,15,2025-02-25T20:30:00+08:00,17125647,0,False,Wh,303,0.0
142820,15,2025-02-25T20:45:00+08:00,17125658,0,False,Wh,303,0.0
142820,15,2025-02-25T21:00:00+08:00,17125663,0,False,Wh,303,0.0
142820,15,2025-02-25T21:15:00+08:00,17125674,0,False,Wh,303,0.0
142820,15,2025-02-25T21:30:00+08:00,17125679,0,False,Wh,303,0.0
142820,15,2025-02-25T21:45:00+08:00,17125690,0,False,Wh,303,0.0
142820,15,2025-02-25T22:00:00+08:00,17125695,0,False,Wh,303,0.0
142820,15,2025-02-25T22:15:00+08:00,17125707,0,False,Wh,303,0.0
142820,15,2025-02-25T22:30:00+08:00,17125711,0,False,Wh,303,0.0
142820,15,2025-02-25T22:45:00+08:00,17125723,0,False,Wh,303,0.0
142820,15,2025-02-25T23:00:00+08:00,17125727,0,False,Wh,303,0.0
142820,15,2025-02-25T23:15:00+08:00,17125739,0,False,Wh,303,0.0
142820,15,2025-02-25T23:30:00+08:00,17125963,0,False,Wh,303,0.0
142820,15,2025-02-25T23:45:00+08:00,17126201,0,False,Wh,303,0.0
142820,15,2025-02-26T00:00:00+08:00,17126205,0,False,Wh,303,0.0
142820,15,2025-02-26T00:15:00+08:00,17126217,0,False,Wh,303,0.0
142820,15,2025-02-26T00:30:00+08:00,17126221,0,False,Wh,303,0.0
142820,15,2025-02-26T00:45:00+08:00,17126233,0,False,Wh,303,0.0
142820,15,2025-02-26T01:00:00+08:00,17126237,0,False,Wh,303,0.0
142820,15,2025-02-26T01:15:00+08:00,17126249,0,False,Wh,303,0.0
142820,15,2025-02-26T01:30:00+08:00,17126253,0,False,Wh,303,0.0
142820,15,2025-02-26T01:45:00+08:00,17126265,0,False,Wh,303,0.0
142820,15,2025-02-26T02:00:00+08:00,17126269,0,False,Wh,303,0.0
142820,15,2025-02-26T02:15:00+08:00,17126281,0,False,Wh,303,0.0
142820,15,2025-02-26T02:30:00+08:00,17126285,0,False,Wh,303,0.0
142820,15,2025-02-26T02:45:00+08:00,17126297,0,False,Wh,303,0.0
142820,15,2025-02-26T03:00:00+08:00,17126301,0,False,Wh,303,0.0
142820,15,2025-02-26T03:15:00+08:00,17126312,0,False,Wh,303,0.0
142820,15,2025-02-26T03:30:00+08:00,17126316,0,False,Wh,303,0.0
142820,15,2025-02-26T03:45:00+08:00,17126328,0,False,Wh,303,0.0
142820,15,2025-02-26T04:00:00+08:00,17126332,0,False,Wh,303,0.0
142820,15,2025-02-26T04:15:00+08:00,17126343,0,False,Wh,303,0.0
142820,15,2025-02-26T04:30:00+08:00,17126348,0,False,Wh,303,0.0
142820,15,2025-02-26T04:45:00+08:00,17126359,0,False,Wh,303,0.0
142820,15,2025-02-26T05:00:00+08:00,17126364,0,False,Wh,303,0.0
142820,15,2025-02-26T05:15:00+08:00,17126374,0,False,Wh,303,0.0
142820,15,2025-02-26T05:30:00+08:00,17126379,0,False,Wh,303,0.0
142820,15,2025-02-26T05:45:00+08:00,17126389,0,False,Wh,303,0.0
142820,15,2025-02-26T06:00:00+08:00,17126395,0,False,Wh,303,0.0
142820,15,2025-02-26T06:15:00+08:00,17126405,0,False,Wh,303,0.0
142820,15,2025-02-26T06:30:00+08:00,17126413,0,False,Wh,303,0.0
142820,15,2025-02-26T06:45:00+08:00,17126425,0,False,Wh,303,0.0
142820,15,2025-02-26T07:00:00+08:00,17126456,0,False,Wh,303,0.0
142820,15,2025-02-26T07:15:00+08:00,17126498,0,False,Wh,303,0.0
142820,15,2025-02-26T07:30:00+08:00,17126515,0,False,Wh,303,0.0
142820,15,2025-02-26T07:45:00+08:00,17126534,0,False,Wh,303,0.0
142820,15,2025-02-26T08:00:00+08:00,17126548,0,False,Wh,303,0.0
142820,15,2025-02-26T08:15:00+08:00,17126554,0,False,Wh,303,0.0
142820,15,2025-02-26T08:30:00+08:00,17126566,0,False,Wh,303,0.0
142820,15,2025-02-26T08:45:00+08:00,17126572,0,False,Wh,303,0.0
142820,15,2025-02-26T09:00:00+08:00,17126581,0,False,Wh,303,0.0
142820,15,2025-02-26T09:15:00+08:00,17127033,0,False,Wh,303,0.0
142820,15,2025-02-26T09:30:00+08:00,17127041,0,False,Wh,303,0.0
142820,15,2025-02-26T09:45:00+08:00,17127049,0,False,Wh,303,0.0
142820,15,2025-02-26T10:00:00+08:00,17127056,0,False,Wh,303,0.0
142820,15,2025-02-26T10:15:00+08:00,17127065,0,False,Wh,303,0.0
142820,15,2025-02-26T10:30:00+08:00,17127072,0,False,Wh,303,0.0
142820,15,2025-02-26T10:45:00+08:00,17127082,0,False,Wh,303,0.0
142820,15,2025-02-26T11:00:00+08:00,17127087,0,False,Wh,303,0.0
142820,15,2025-02-26T11:15:00+08:00,17127098,0,False,Wh,303,0.0
142820,15,2025-02-26T11:30:00+08:00,17127103,0,False,Wh,303,0.0
142820,15,2025-02-26T11:45:00+08:00,17127114,0,False,Wh,303,0.0
142820,15,2025-02-26T12:00:00+08:00,17127119,0,False,Wh,303,0.0
142820,15,2025-02-26T12:15:00+08:00,17127131,0,False,Wh,303,0.0
142820,15,2025-02-26T12:30:00+08:00,17127135,0,False,Wh,303,0.0
142820,15,2025-02-26T12:45:00+08:00,17127147,0,False,Wh,303,0.0
142820,15,2025-02-26T13:00:00+08:00,17127152,0,False,Wh,303,0.0
142820,15,2025-02-26T13:15:00+08:00,17127164,0,False,Wh,303,0.0
142820,15,2025-02-26T13:30:00+08:00,17127168,0,False,Wh,303,0.0
142820,15,2025-02-26T13:45:00+08:00,17127180,0,False,Wh,303,0.0
142820,15,2025-02-26T14:00:00+08:00,17127185,0,False,Wh,303,0.0
142820,15,2025-02-26T14:15:00+08:00,17127197,0,False,Wh,303,0.0
142820,15,2025-02-26T14:30:00+08:00,17127202,0,False,Wh,303,0.0
142820,15,2025-02-26T14:45:00+08:00,17127214,0,False,Wh,303,0.0
142820,15,2025-02-26T15:00:00+08:00,17127219,0,False,Wh,303,0.0
142820,15,2025-02-26T15:15:00+08:00,17127231,0,False,Wh,303,0.0
142820,15,2025-02-26T15:30:00+08:00,17127236,0,False,Wh,303,0.0
142820,15,2025-02-26T15:45:00+08:00,17127248,0,False,Wh,303,0.0
142820,15,2025-02-26T16:00:00+08:00,17127253,0,False,Wh,303,0.0
142820,15,2025-02-26T16:15:00+08:00,17127265,0,False,Wh,303,0.0
142820,15,2025-02-26T16:30:00+08:00,17127270,0,False,Wh,303,0.0
142820,15,2025-02-26T16:45:00+08:00,17127282,0,False,Wh,303,0.0
142820,15,2025-02-26T17:00:00+08:00,17127287,0,False,Wh,303,0.0
142820,15,2025-02-26T17:15:00+08:00,17127299,0,False,Wh,303,0.0
142820,15,2025-02-26T17:30:00+08:00,17127305,0,False,Wh,303,0.0
142820,15,2025-02-26T17:45:00+08:00,17127315,0,False,Wh,303,0.0
142820,15,2025-02-26T18:00:00+08:00,17127322,0,False,Wh,303,0.0
142820,15,2025-02-26T18:15:00+08:00,17127332,0,False,Wh,303,0.0
142820,15,2025-02-26T18:30:00+08:00,17127339,0,False,Wh,303,0.0
142820,15,2025-02-26T18:45:00+08:00,17127349,0,False,Wh,303,0.0
142820,15,2025-02-26T19:00:00+08:00,17127526,0,False,Wh,303,0.0
142820,15,2025-02-26T19:15:00+08:00,17127813,0,False,Wh,303,0.0
142820,15,2025-02-26T19:30:00+08:00,17127821,0,False,Wh,303,0.0
142820,15,2025-02-26T19:45:00+08:00,17127830,0,False,Wh,303,0.0
142820,15,2025-02-26T20:00:00+08:00,17127839,0,False,Wh,303,0.0
142820,15,2025-02-26T20:15:00+08:00,17127846,0,False,Wh,303,0.0
142820,15,2025-02-26T20:30:00+08:00,17127856,0,False,Wh,303,0.0
142820,15,2025-02-26T20:45:00+08:00,17127863,0,False,Wh,303,0.0
142820,15,2025-02-26T21:00:00+08:00,17127873,0,False,Wh,303,0.0
142820,15,2025-02-26T21:15:00+08:00,17127880,0,False,Wh,303,0.0
142820,15,2025-02-26T21:30:00+08:00,17127891,0,False,Wh,303,0.0
142820,15,2025-02-26T21:45:00+08:00,17127897,0,False,Wh,303,0.0
142820,15,2025-02-26T22:00:00+08:00,17127908,0,False,Wh,303,0.0
142820,15,2025-02-26T22:15:00+08:00,17127913,0,False,Wh,303,0.0
142820,15,2025-02-26T22:30:00+08:00,17127925,0,False,Wh,303,0.0
142820,15,2025-02-26T22:45:00+08:00,17127930,0,False,Wh,303,0.0
142820,15,2025-02-26T23:00:00+08:00,17127942,0,False,Wh,303,0.0
142820,15,2025-02-26T23:15:00+08:00,17127947,0,False,Wh,303,0.0
142820,15,2025-02-26T23:30:00+08:00,17127959,0,False,Wh,303,0.0
142820,15,2025-02-26T23:45:00+08:00,17127964,0,False,Wh,303,0.0
142820,15,2025-02-27T00:00:00+08:00,17127976,0,False,Wh,303,0.0
142820,15,2025-02-27T00:15:00+08:00,17127981,0,False,Wh,303,0.0
142820,15,2025-02-27T00:30:00+08:00,17127993,0,False,Wh,303,0.0
142820,15,2025-02-27T00:45:00+08:00,17127998,0,False,Wh,303,0.0
142820,15,2025-02-27T01:00:00+08:00,17128010,0,False,Wh,303,0.0
142820,15,2025-02-27T01:15:00+08:00,17128014,0,False,Wh,303,0.0
142820,15,2025-02-27T01:30:00+08:00,17128026,0,False,Wh,303,0.0
142820,15,2025-02-27T01:45:00+08:00,17128031,0,False,Wh,303,0.0
142820,15,2025-02-27T02:00:00+08:00,17128043,0,False,Wh,303,0.0
142820,15,2025-02-27T02:15:00+08:00,17128047,0,False,Wh,303,0.0
142820,15,2025-02-27T02:30:00+08:00,17128059,0,False,Wh,303,0.0
142820,15,2025-02-27T02:45:00+08:00,17128064,0,False,Wh,303,0.0
142820,15,2025-02-27T03:00:00+08:00,17128075,0,False,Wh,303,0.0
142820,15,2025-02-27T03:15:00+08:00,17128081,0,False,Wh,303,0.0
142820,15,2025-02-27T03:30:00+08:00,17128092,0,False,Wh,303,0.0
142820,15,2025-02-27T03:45:00+08:00,17128097,0,False,Wh,303,0.0
142820,15,2025-02-27T04:00:00+08:00,17128108,0,False,Wh,303,0.0
142820,15,2025-02-27T04:15:00+08:00,17128113,0,False,Wh,303,0.0
142820,15,2025-02-27T04:30:00+08:00,17128123,0,False,Wh,303,0.0
142820,15,2025-02-27T04:45:00+08:00,17128130,0,False,Wh,303,0.0
142820,15,2025-02-27T05:00:00+08:00,17128139,0,False,Wh,303,0.0
142820,15,2025-02-27T05:15:00+08:00,17128597,0,False,Wh,303,0.0
142820,15,2025-02-27T05:30:00+08:00,17128606,0,False,Wh,303,0.0
142820,15,2025-02-27T05:45:00+08:00,17128614,0,False,Wh,303,0.0
142820,15,2025-02-27T06:00:00+08:00,17128622,0,False,Wh,303,0.0
142820,15,2025-02-27T06:15:00+08:00,17128630,0,False,Wh,303,0.0
142820,15,2025-02-27T06:30:00+08:00,17128638,0,False,Wh,303,0.0
142820,15,2025-02-27T06:45:00+08:00,17128646,0,False,Wh,303,0.0
142820,15,2025-02-27T07:00:00+08:00,17128654,0,False,Wh,303,0.0
142820,15,2025-02-27T07:15:00+08:00,17128662,0,False,Wh,303,0.0
142820,15,2025-02-27T07:30:00+08:00,17128670,0,False,Wh,303,0.0
142820,15,2025-02-27T07:45:00+08:00,17128679,0,False,Wh,303,0.0
142820,15,2025-02-27T08:00:00+08:00,17128685,0,False,Wh,303,0.0
142820,15,2025-02-27T08:15:00+08:00,17128695,0,False,Wh,303,0.0
142820,15,2025-02-27T08:30:00+08:00,17128701,0,False,Wh,303,0.0
142820,15,2025-02-27T08:45:00+08:00,17128711,0,False,Wh,303,0.0
142820,15,2025-02-27T09:00:00+08:00,17128717,0,False,Wh,303,0.0
142820,15,2025-02-27T09:15:00+08:00,17128727,0,False,Wh,303,0.0
142820,15,2025-02-27T09:30:00+08:00,17128732,0,False,Wh,303,0.0
142820,15,2025-02-27T09:45:00+08:00,17128743,0,False,Wh,303,0.0
142820,15,2025-02-27T10:00:00+08:00,17128748,0,False,Wh,303,0.0
142820,15,2025-02-27T10:15:00+08:00,17128760,0,False,Wh,303,0.0
142820,15,2025-02-27T10:30:00+08:00,17128764,0,False,Wh,303,0.0
142820,15,2025-02-27T10:45:00+08:00,17128776,0,False,Wh,303,0.0
142820,15,2025-02-27T11:00:00+08:00,17128781,0,False,Wh,303,0.0
142820,15,2025-02-27T11:15:00+08:00,17128792,0,False,Wh,303,0.0
142820,15,2025-02-27T11:30:00+08:00,17128797,0,False,Wh,303,0.0
142820,15,2025-02-27T11:45:00+08:00,17128809,0,False,Wh,303,0.0
142820,15,2025-02-27T12:00:00+08:00,17128813,0,False,Wh,303,0.0
142820,15,2025-02-27T12:15:00+08:00,17128825,0,False,Wh,303,0.0
142820,15,2025-02-27T12:30:00+08:00,17128830,0,False,Wh,303,0.0
142820,15,2025-02-27T12:45:00+08:00,17128842,0,False,Wh,303,0.0
142820,15,2025-02-27T13:00:00+08:00,17128847,0,False,Wh,303,0.0
142820,15,2025-02-27T13:15:00+08:00,17128859,0,False,Wh,303,0.0
142820,15,2025-02-27T13:30:00+08:00,17128863,0,False,Wh,303,0.0
142820,15,2025-02-27T13:45:00+08:00,17128875,0,False,Wh,303,0.0
142820,15,2025-02-27T14:00:00+08:00,17128880,0,False,Wh,303,0.0
142820,15,2025-02-27T14:15:00+08:00,17128892,0,False,Wh,303,0.0
142820,15,2025-02-27T14:30:00+08:00,17128896,0,False,Wh,303,0.0
142820,15,2025-02-27T14:45:00+08:00,17128908,0,False,Wh,303,0.0
142820,15,2025-02-27T15:00:00+08:00,17128913,0,False,Wh,303,0.0
142820,15,2025-02-27T15:15:00+08:00,17129374,0,False,Wh,303,0.0
142820,15,2025-02-27T15:30:00+08:00,17129379,0,False,Wh,303,0.0
142820,15,2025-02-27T15:45:00+08:00,17129390,0,False,Wh,303,0.0
142820,15,2025-02-27T16:00:00+08:00,17129396,0,False,Wh,303,0.0
142820,15,2025-02-27T16:15:00+08:00,17129407,0,False,Wh,303,0.0
142820,15,2025-02-27T16:30:00+08:00,17129413,0,False,Wh,303,0.0
142820,15,2025-02-27T16:45:00+08:00,17129423,0,False,Wh,303,0.0
142820,15,2025-02-27T17:00:00+08:00,17129430,0,False,Wh,303,0.0
142820,15,2025-02-27T17:15:00+08:00,17129440,0,False,Wh,303,0.0
142820,15,2025-02-27T17:30:00+08:00,17129447,0,False,Wh,303,0.0
142820,15,2025-02-27T17:45:00+08:00,17129456,0,False,Wh,303,0.0
142820,15,2025-02-27T18:00:00+08:00,17129464,0,False,Wh,303,0.0
142820,15,2025-02-27T18:15:00+08:00,17129472,0,False,Wh,303,0.0
142820,15,2025-02-27T18:30:00+08:00,17129481,0,False,Wh,303,0.0
142820,15,2025-02-27T18:45:00+08:00,17129489,0,False,Wh,303,0.0
142820,15,2025-02-27T19:00:00+08:00,17129499,0,False,Wh,303,0.0
142820,15,2025-02-27T19:15:00+08:00,17129506,0,False,Wh,303,0.0
142820,15,2025-02-27T19:30:00+08:00,17129515,0,False,Wh,303,0.0
142820,15,2025-02-27T19:45:00+08:00,17129522,0,False,Wh,303,0.0
142820,15,2025-02-27T20:00:00+08:00,17129533,0,False,Wh,303,0.0
142820,15,2025-02-27T20:15:00+08:00,17129539,0,False,Wh,303,0.0
142820,15,2025-02-27T20:30:00+08:00,17129550,0,False,Wh,303,0.0
142820,15,2025-02-27T20:45:00+08:00,17129555,0,False,Wh,303,0.0
142820,15,2025-02-27T21:00:00+08:00,17129567,0,False,Wh,303,0.0
142820,15,2025-02-27T21:15:00+08:00,17129572,0,False,Wh,303,0.0
142820,15,2025-02-27T21:30:00+08:00,17129583,0,False,Wh,303,0.0
142820,15,2025-02-27T21:45:00+08:00,17129588,0,False,Wh,303,0.0
142820,15,2025-02-27T22:00:00+08:00,17129600,0,False,Wh,303,0.0
142820,15,2025-02-27T22:15:00+08:00,17129605,0,False,Wh,303,0.0
142820,15,2025-02-27T22:30:00+08:00,17129617,0,False,Wh,303,0.0
142820,15,2025-02-27T22:45:00+08:00,17129621,0,False,Wh,303,0.0
142820,15,2025-02-27T23:00:00+08:00,17129633,0,False,Wh,303,0.0
142820,15,2025-02-27T23:15:00+08:00,17129638,0,False,Wh,303,0.0
142820,15,2025-02-27T23:30:00+08:00,17129650,0,False,Wh,303,0.0
142820,15,2025-02-27T23:45:00+08:00,17129654,0,False,Wh,303,0.0
142820,15,2025-02-28T00:00:00+08:00,17129666,0,False,Wh,303,0.0
142820,15,2025-02-28T00:15:00+08:00,17129670,0,False,Wh,303,0.0
142820,15,2025-02-28T00:30:00+08:00,17129682,0,False,Wh,303,0.0
142820,15,2025-02-28T00:45:00+08:00,17129687,0,False,Wh,303,0.0
142820,15,2025-02-28T01:00:00+08:00,17129854,0,False,Wh,303,0.0
142820,15,2025-02-28T01:15:00+08:00,17130147,0,False,Wh,303,0.0
142820,15,2025-02-28T01:30:00+08:00,17130158,0,False,Wh,303,0.0
142820,15,2025-02-28T01:45:00+08:00,17130163,0,False,Wh,303,0.0
142820,15,2025-02-28T02:00:00+08:00,17130173,0,False,Wh,303,0.0
142820,15,2025-02-28T02:15:00+08:00,17130179,0,False,Wh,303,0.0
142820,15,2025-02-28T02:30:00+08:00,17130189,0,False,Wh,303,0.0
142820,15,2025-02-28T02:45:00+08:00,17130195,0,False,Wh,303,0.0
142820,15,2025-02-28T03:00:00+08:00,17130205,0,False,Wh,303,0.0
142820,15,2025-02-28T03:15:00+08:00,17130211,0,False,Wh,303,0.0
142820,15,2025-02-28T03:30:00+08:00,17130220,0,False,Wh,303,0.0
142820,15,2025-02-28T03:45:00+08:00,17130227,0,False,Wh,303,0.0
142820,15,2025-02-28T04:00:00+08:00,17130236,0,False,Wh,303,0.0
142820,15,2025-02-28T04:15:00+08:00,17130242,0,False,Wh,303,0.0
142820,15,2025-02-28T04:30:00+08:00,17130251,0,False,Wh,303,0.0
142820,15,2025-02-28T04:45:00+08:00,17130258,0,False,Wh,303,0.0
142820,15,2025-02-28T05:00:00+08:00,17130267,0,False,Wh,303,0.0
142820,15,2025-02-28T05:15:00+08:00,17130274,0,False,Wh,303,0.0
142820,15,2025-02-28T05:30:00+08:00,17130282,0,False,Wh,303,0.0
142820,15,2025-02-28T05:45:00+08:00,17130290,0,False,Wh,303,0.0
142820,15,2025-02-28T06:00:00+08:00,17130297,0,False,Wh,303,0.0
142820,15,2025-02-28T06:15:00+08:00,17130305,0,False,Wh,303,0.0
142820,15,2025-02-28T06:30:00+08:00,17130313,0,False,Wh,303,0.0
142820,15,2025-02-28T06:45:00+08:00,17130321,0,False,Wh,303,0.0
142820,15,2025-02-28T07:00:00+08:00,17130328,0,False,Wh,303,0.0
142820,15,2025-02-28T07:15:00+08:00,17130337,0,False,Wh,303,0.0
142820,15,2025-02-28T07:30:00+08:00,17130343,0,False,Wh,303,0.0
142820,15,2025-02-28T07:45:00+08:00,17130352,0,False,Wh,303,0.0
142820,15,2025-02-28T08:00:00+08:00,17130359,0,False,Wh,303,0.0
142820,15,2025-02-28T08:15:00+08:00,17130368,0,False,Wh,303,0.0
142820,15,2025-02-28T09:30:00+08:00,17130369,0,False,Wh,303,0.0
142820,15,2025-02-28T09:45:00+08:00,17130378,0,False,Wh,303,0.0
142820,15,2025-02-28T10:00:00+08:00,17130387,0,False,Wh,303,0.0
142820,15,2025-02-28T10:15:00+08:00,17130408,0,False,Wh,303,0.0
142820,15,2025-02-28T10:30:00+08:00,17130428,0,False,Wh,303,0.0
142820,15,2025-02-28T10:45:00+08:00,17130912,0,False,Wh,303,0.0
142820,15,2025-02-28T11:00:00+08:00,17130943,0,False,Wh,303,0.0
142820,15,2025-02-28T11:15:00+08:00,17130966,0,False,Wh,303,0.0
142820,15,2025-02-28T11:30:00+08:00,17130985,0,False,Wh,303,0.0
142820,15,2025-02-28T11:45:00+08:00,17130994,0,False,Wh,303,0.0
142820,15,2025-02-28T12:00:00+08:00,17131004,0,False,Wh,303,0.0
142820,15,2025-02-28T12:15:00+08:00,17131016,0,False,Wh,303,0.0
142820,15,2025-02-28T12:30:00+08:00,17131026,0,False,Wh,303,0.0
142820,15,2025-02-28T12:45:00+08:00,17131030,0,False,Wh,303,0.0
142820,15,2025-02-28T13:00:00+08:00,17131041,0,False,Wh,303,0.0
142820,15,2025-02-28T13:15:00+08:00,17131046,0,False,Wh,303,0.0
142820,15,2025-02-28T13:30:00+08:00,17131058,0,False,Wh,303,0.0
142820,15,2025-02-28T13:45:00+08:00,17131063,0,False,Wh,303,0.0
142820,15,2025-02-28T14:00:00+08:00,17131075,0,False,Wh,303,0.0
142820,15,2025-02-28T14:15:00+08:00,17131080,0,False,Wh,303,0.0
142820,15,2025-02-28T14:30:00+08:00,17131091,0,False,Wh,303,0.0
142820,15,2025-02-28T14:45:00+08:00,17131097,0,False,Wh,303,0.0
142820,15,2025-02-28T15:00:00+08:00,17131107,0,False,Wh,303,0.0
142820,15,2025-02-28T15:15:00+08:00,17131114,0,False,Wh,303,0.0
142820,15,2025-02-28T15:30:00+08:00,17131123,0,False,Wh,303,0.0
142820,15,2025-02-28T15:45:00+08:00,17131131,0,False,Wh,303,0.0
142820,15,2025-02-28T16:00:00+08:00,17131139,0,False,Wh,303,0.0
142820,15,2025-02-28T16:15:00+08:00,17131148,0,False,Wh,303,0.0
142820,15,2025-02-28T16:30:00+08:00,17131155,0,False,Wh,303,0.0
142820,15,2025-02-28T16:45:00+08:00,17131165,0,False,Wh,303,0.0
142820,15,2025-02-28T17:00:00+08:00,17131172,0,False,Wh,303,0.0
142820,15,2025-02-28T17:15:00+08:00,17131182,0,False,Wh,303,0.0
142820,15,2025-02-28T17:30:00+08:00,17131188,0,False,Wh,303,0.0
142820,15,2025-02-28T17:45:00+08:00,17131199,0,False,Wh,303,0.0
142820,15,2025-02-28T18:00:00+08:00,17131205,0,False,Wh,303,0.0
142820,15,2025-02-28T18:15:00+08:00,17131216,0,False,Wh,303,0.0
142820,15,2025-02-28T18:30:00+08:00,17131222,0,False,Wh,303,0.0
142820,15,2025-02-28T18:45:00+08:00,17131234,0,False,Wh,303,0.0
142820,15,2025-02-28T19:00:00+08:00,17131240,0,False,Wh,303,0.0
142820,15,2025-02-28T19:15:00+08:00,17131251,0,False,Wh,303,0.0
142820,15,2025-02-28T19:30:00+08:00,17131257,0,False,Wh,303,0.0
142820,15,2025-02-28T19:45:00+08:00,17131269,0,False,Wh,303,0.0
142820,15,2025-02-28T20:00:00+08:00,17131275,0,False,Wh,303,0.0
142820,15,2025-02-28T20:15:00+08:00,17131287,0,False,Wh,303,0.0
142820,15,2025-02-28T20:30:00+08:00,17131292,0,False,Wh,303,0.0
142820,15,2025-02-28T20:45:00+08:00,17131748,0,False,Wh,303,0.0
142820,15,2025-02-28T21:00:00+08:00,17131753,0,False,Wh,303,0.0
142820,15,2025-02-28T21:15:00+08:00,17131765,0,False,Wh,303,0.0
142820,15,2025-02-28T21:30:00+08:00,17131770,0,False,Wh,303,0.0
142820,15,2025-02-28T21:45:00+08:00,17131782,0,False,Wh,303,0.0
142820,15,2025-02-28T22:00:00+08:00,17131787,0,False,Wh,303,0.0
142820,15,2025-02-28T22:15:00+08:00,17131799,0,False,Wh,303,0.0
142820,15,2025-02-28T22:30:00+08:00,17131804,0,False,Wh,303,0.0
142820,15,2025-02-28T22:45:00+08:00,17131816,0,False,Wh,303,0.0
142820,15,2025-02-28T23:00:00+08:00,17131820,0,False,Wh,303,0.0
142820,15,2025-02-28T23:15:00+08:00,17131832,0,False,Wh,303,0.0
142820,15,2025-02-28T23:30:00+08:00,17131837,0,False,Wh,303,0.0
142820,15,2025-02-28T23:45:00+08:00,17131848,0,False,Wh,303,0.0
142820,15,2025-03-01T00:00:00+08:00,17131853,0,False,Wh,303,0.0
142820,15,2025-03-01T00:15:00+08:00,17131864,0,False,Wh,303,0.0
142820,15,2025-03-01T00:30:00+08:00,17131870,0,False,Wh,303,0.0
142820,15,2025-03-01T00:45:00+08:00,17131880,0,False,Wh,303,0.0
142820,15,2025-03-01T01:00:00+08:00,17131886,0,False,Wh,303,0.0
142820,15,2025-03-01T01:15:00+08:00,17131895,0,False,Wh,303,0.0
142820,15,2025-03-01T01:30:00+08:00,17131902,0,False,Wh,303,0.0
142820,15,2025-03-01T01:45:00+08:00,17131911,0,False,Wh,303,0.0
142820,15,2025-03-01T02:00:00+08:00,17131918,0,False,Wh,303,0.0
142820,15,2025-03-01T02:15:00+08:00,17131926,0,False,Wh,303,0.0
142820,15,2025-03-01T02:30:00+08:00,17131934,0,False,Wh,303,0.0
142820,15,2025-03-01T02:45:00+08:00,17131942,0,False,Wh,303,0.0
142820,15,2025-03-01T03:00:00+08:00,17131950,0,False,Wh,303,0.0
142820,15,2025-03-01T03:15:00+08:00,17131957,0,False,Wh,303,0.0
142820,15,2025-03-01T03:30:00+08:00,17131966,0,False,Wh,303,0.0
142820,15,2025-03-01T03:45:00+08:00,17131973,0,False,Wh,303,0.0
142820,15,2025-03-01T04:00:00+08:00,17131982,0,False,Wh,303,0.0
142820,15,2025-03-01T04:15:00+08:00,17131988,0,False,Wh,303,0.0
142820,15,2025-03-01T04:30:00+08:00,17131998,0,False,Wh,303,0.0
142820,15,2025-03-01T04:45:00+08:00,17132003,0,False,Wh,303,0.0
142820,15,2025-03-01T05:00:00+08:00,17132013,0,False,Wh,303,0.0
142820,15,2025-03-01T05:15:00+08:00,17132018,0,False,Wh,303,0.0
142820,15,2025-03-01T05:30:00+08:00,17132029,0,False,Wh,303,0.0
142820,15,2025-03-01T05:45:00+08:00,17132033,0,False,Wh,303,0.0
142820,15,2025-03-01T06:00:00+08:00,17132044,0,False,Wh,303,0.0
142820,15,2025-03-01T06:15:00+08:00,17132502,0,False,Wh,303,0.0
142820,15,2025-03-01T06:30:00+08:00,17132513,0,False,Wh,303,0.0
142820,15,2025-03-01T06:45:00+08:00,17132517,0,False,Wh,303,0.0
142820,15,2025-03-01T07:00:00+08:00,17132528,0,False,Wh,303,0.0
142820,15,2025-03-01T07:15:00+08:00,17132532,0,False,Wh,303,0.0
142820,15,2025-03-01T07:30:00+08:00,17132544,0,False,Wh,303,0.0
142820,15,2025-03-01T07:45:00+08:00,17132547,0,False,Wh,303,0.0
142820,15,2025-03-01T08:00:00+08:00,17132559,0,False,Wh,303,0.0
142820,15,2025-03-01T08:15:00+08:00,17132562,0,False,Wh,303,0.0
142820,15,2025-03-01T08:30:00+08:00,17132574,0,False,Wh,303,0.0
142820,15,2025-03-01T08:45:00+08:00,17132577,0,False,Wh,303,0.0
142820,15,2025-03-01T09:00:00+08:00,17132589,0,False,Wh,303,0.0
142820,15,2025-03-01T09:15:00+08:00,17132592,0,False,Wh,303,0.0
142820,15,2025-03-01T09:30:00+08:00,17132604,0,False,Wh,303,0.0
142820,15,2025-03-01T09:45:00+08:00,17132607,0,False,Wh,303,0.0
142820,15,2025-03-01T10:00:00+08:00,17132619,0,False,Wh,303,0.0
142820,15,2025-03-01T10:15:00+08:00,17132623,0,False,Wh,303,0.0
142820,15,2025-03-01T10:30:00+08:00,17132635,0,False,Wh,303,0.0
142820,15,2025-03-01T10:45:00+08:00,17132638,0,False,Wh,303,0.0
142820,15,2025-03-01T11:00:00+08:00,17132650,0,False,Wh,303,0.0
142820,15,2025-03-01T11:15:00+08:00,17132653,0,False,Wh,303,0.0
142820,15,2025-03-01T11:30:00+08:00,17132665,0,False,Wh,303,0.0
142820,15,2025-03-01T11:45:00+08:00,17132668,0,False,Wh,303,0.0
142820,15,2025-03-01T12:00:00+08:00,17132680,0,False,Wh,303,0.0
142820,15,2025-03-01T12:15:00+08:00,17132684,0,False,Wh,303,0.0
142820,15,2025-03-01T12:30:00+08:00,17132695,0,False,Wh,303,0.0
142820,15,2025-03-01T12:45:00+08:00,17132699,0,False,Wh,303,0.0
142820,15,2025-03-01T13:00:00+08:00,17132710,0,False,Wh,303,0.0
142820,15,2025-03-01T13:15:00+08:00,17132715,0,False,Wh,303,0.0
142820,15,2025-03-01T13:30:00+08:00,17132726,0,False,Wh,303,0.0
142820,15,2025-03-01T13:45:00+08:00,17132731,0,False,Wh,303,0.0
142820,15,2025-03-01T14:00:00+08:00,17132741,0,False,Wh,303,0.0
142820,15,2025-03-01T14:15:00+08:00,17132746,0,False,Wh,303,0.0
142820,15,2025-03-01T14:30:00+08:00,17132756,0,False,Wh,303,0.0
142820,15,2025-03-01T14:45:00+08:00,17132762,0,False,Wh,303,0.0
142820,15,2025-03-01T15:00:00+08:00,17132772,0,False,Wh,303,0.0
142820,15,2025-03-01T15:15:00+08:00,17132777,0,False,Wh,303,0.0
142820,15,2025-03-01T15:30:00+08:00,17132788,0,False,Wh,303,0.0
142820,15,2025-03-01T15:45:00+08:00,17133235,0,False,Wh,303,0.0
142820,15,2025-03-01T16:00:00+08:00,17133245,0,False,Wh,303,0.0
142820,15,2025-03-01T16:15:00+08:00,17133251,0,False,Wh,303,0.0
142820,15,2025-03-01T16:30:00+08:00,17133261,0,False,Wh,303,0.0
142820,15,2025-03-01T16:45:00+08:00,17133268,0,False,Wh,303,0.0
142820,15,2025-03-01T17:00:00+08:00,17133277,0,False,Wh,303,0.0
142820,15,2025-03-01T17:15:00+08:00,17133284,0,False,Wh,303,0.0
142820,15,2025-03-01T17:30:00+08:00,17133293,0,False,Wh,303,0.0
142820,15,2025-03-01T17:45:00+08:00,17133301,0,False,Wh,303,0.0
142820,15,2025-03-01T18:00:00+08:00,17133310,0,False,Wh,303,0.0
142820,15,2025-03-01T18:15:00+08:00,17133317,0,False,Wh,303,0.0
142820,15,2025-03-01T18:30:00+08:00,17133327,0,False,Wh,303,0.0
142820,15,2025-03-01T18:45:00+08:00,17133335,0,False,Wh,303,0.0
142820,15,2025-03-01T19:00:00+08:00,17133344,0,False,Wh,303,0.0
142820,15,2025-03-01T19:15:00+08:00,17133352,0,False,Wh,303,0.0
142820,15,2025-03-01T19:30:00+08:00,17133361,0,False,Wh,303,0.0
142820,15,2025-03-01T19:45:00+08:00,17133369,0,False,Wh,303,0.0
142820,15,2025-03-01T20:00:00+08:00,17133377,0,False,Wh,303,0.0
142820,15,2025-03-01T20:15:00+08:00,17133386,0,False,Wh,303,0.0
142820,15,2025-03-01T20:30:00+08:00,17133394,0,False,Wh,303,0.0
142820,15,2025-03-01T20:45:00+08:00,17133403,0,False,Wh,303,0.0
142820,15,2025-03-01T21:00:00+08:00,17133411,0,False,Wh,303,0.0
142820,15,2025-03-01T21:15:00+08:00,17133420,0,False,Wh,303,0.0
142820,15,2025-03-01T21:30:00+08:00,17133427,0,False,Wh,303,0.0
142820,15,2025-03-01T21:45:00+08:00,17133437,0,False,Wh,303,0.0
142820,15,2025-03-01T22:00:00+08:00,17133443,0,False,Wh,303,0.0
142820,15,2025-03-01T22:15:00+08:00,17133454,0,False,Wh,303,0.0
142820,15,2025-03-01T22:30:00+08:00,17133460,0,False,Wh,303,0.0
142820,15,2025-03-01T22:45:00+08:00,17133470,0,False,Wh,303,0.0
142820,15,2025-03-01T23:00:00+08:00,17133476,0,False,Wh,303,0.0
142820,15,2025-03-01T23:15:00+08:00,17133487,0,False,Wh,303,0.0
142820,15,2025-03-01T23:30:00+08:00,17133492,0,False,Wh,303,0.0
142820,15,2025-03-01T23:45:00+08:00,17133504,0,False,Wh,303,0.0
142820,15,2025-03-02T00:00:00+08:00,17133508,0,False,Wh,303,0.0
142820,15,2025-03-02T00:15:00+08:00,17133520,0,False,Wh,303,0.0
142820,15,2025-03-02T00:30:00+08:00,17133525,0,False,Wh,303,0.0
142820,15,2025-03-02T00:45:00+08:00,17133537,0,False,Wh,303,0.0
142820,15,2025-03-02T01:00:00+08:00,17133541,0,False,Wh,303,0.0
142820,15,2025-03-02T01:15:00+08:00,17133553,0,False,Wh,303,0.0
142820,15,2025-03-02T01:30:00+08:00,17133557,0,False,Wh,303,0.0
142820,15,2025-03-02T01:45:00+08:00,17133983,0,False,Wh,303,0.0
142820,15,2025-03-02T02:00:00+08:00,17134024,0,False,Wh,303,0.0
142820,15,2025-03-02T02:15:00+08:00,17134036,0,False,Wh,303,0.0
142820,15,2025-03-02T02:30:00+08:00,17134040,0,False,Wh,303,0.0
142820,15,2025-03-02T02:45:00+08:00,17134052,0,False,Wh,303,0.0
142820,15,2025-03-02T03:00:00+08:00,17134056,0,False,Wh,303,0.0
142820,15,2025-03-02T03:15:00+08:00,17134068,0,False,Wh,303,0.0
142820,15,2025-03-02T03:30:00+08:00,17134072,0,False,Wh,303,0.0
142820,15,2025-03-02T03:45:00+08:00,17134084,0,False,Wh,303,0.0
142820,15,2025-03-02T04:00:00+08:00,17134088,0,False,Wh,303,0.0
142820,15,2025-03-02T04:15:00+08:00,17134099,0,False,Wh,303,0.0
142820,15,2025-03-02T04:30:00+08:00,17134104,0,False,Wh,303,0.0
142820,15,2025-03-02T04:45:00+08:00,17134114,0,False,Wh,303,0.0
142820,15,2025-03-02T05:00:00+08:00,17134120,0,False,Wh,303,0.0
142820,15,2025-03-02T05:15:00+08:00,17134130,0,False,Wh,303,0.0
142820,15,2025-03-02T05:30:00+08:00,17134135,0,False,Wh,303,0.0
142820,15,2025-03-02T05:45:00+08:00,17134145,0,False,Wh,303,0.0
142820,15,2025-03-02T06:00:00+08:00,17134151,0,False,Wh,303,0.0
142820,15,2025-03-02T06:15:00+08:00,17134161,0,False,Wh,303,0.0
142820,15,2025-03-02T06:30:00+08:00,17134166,0,False,Wh,303,0.0
142820,15,2025-03-02T06:45:00+08:00,17134176,0,False,Wh,303,0.0
142820,15,2025-03-02T07:00:00+08:00,17134181,0,False,Wh,303,0.0
142820,15,2025-03-02T07:15:00+08:00,17134191,0,False,Wh,303,0.0
142820,15,2025-03-02T07:30:00+08:00,17134197,0,False,Wh,303,0.0
142820,15,2025-03-02T07:45:00+08:00,17134206,0,False,Wh,303,0.0
142820,15,2025-03-02T08:00:00+08:00,17134212,0,False,Wh,303,0.0
142820,15,2025-03-02T08:15:00+08:00,17134221,0,False,Wh,303,0.0
142820,15,2025-03-02T08:30:00+08:00,17134227,0,False,Wh,303,0.0
142820,15,2025-03-02T08:45:00+08:00,17134236,0,False,Wh,303,0.0
142820,15,2025-03-02T09:00:00+08:00,17134243,0,False,Wh,303,0.0
142820,15,2025-03-02T09:15:00+08:00,17134251,0,False,Wh,303,0.0
142820,15,2025-03-02T09:30:00+08:00,17134258,0,False,Wh,303,0.0
142820,15,2025-03-02T09:45:00+08:00,17134267,0,False,Wh,303,0.0
142820,15,2025-03-02T10:00:00+08:00,17134274,0,False,Wh,303,0.0
142820,15,2025-03-02T10:15:00+08:00,17134282,0,False,Wh,303,0.0
142820,15,2025-03-02T10:30:00+08:00,17134289,0,False,Wh,303,0.0
142820,15,2025-03-02T10:45:00+08:00,17134298,0,False,Wh,303,0.0
142820,15,2025-03-02T11:00:00+08:00,17134305,0,False,Wh,303,0.0
142820,15,2025-03-02T11:15:00+08:00,17134351,0,False,Wh,303,0.0
142820,15,2025-03-02T11:30:00+08:00,17134772,0,False,Wh,303,0.0
142820,15,2025-03-02T11:45:00+08:00,17134780,0,False,Wh,303,0.0
142820,15,2025-03-02T12:00:00+08:00,17134788,0,False,Wh,303,0.0
142820,15,2025-03-02T12:15:00+08:00,17134795,0,False,Wh,303,0.0
142820,15,2025-03-02T12:30:00+08:00,17134803,0,False,Wh,303,0.0
142820,15,2025-03-02T12:45:00+08:00,17134811,0,False,Wh,303,0.0
142820,15,2025-03-02T13:00:00+08:00,17134819,0,False,Wh,303,0.0
142820,15,2025-03-02T13:15:00+08:00,17134827,0,False,Wh,303,0.0
142820,15,2025-03-02T13:30:00+08:00,17134835,0,False,Wh,303,0.0
142820,15,2025-03-02T13:45:00+08:00,17134843,0,False,Wh,303,0.0
142820,15,2025-03-02T14:00:00+08:00,17134851,0,False,Wh,303,0.0
142820,15,2025-03-02T14:15:00+08:00,17134859,0,False,Wh,303,0.0
142820,15,2025-03-02T14:30:00+08:00,17134868,0,False,Wh,303,0.0
142820,15,2025-03-02T14:45:00+08:00,17134875,0,False,Wh,303,0.0
142820,15,2025-03-02T15:00:00+08:00,17134884,0,False,Wh,303,0.0
142820,15,2025-03-02T15:15:00+08:00,17134891,0,False,Wh,303,0.0
142820,15,2025-03-02T15:30:00+08:00,17134901,0,False,Wh,303,0.0
142820,15,2025-03-02T15:45:00+08:00,17134908,0,False,Wh,303,0.0
142820,15,2025-03-02T16:00:00+08:00,17134918,0,False,Wh,303,0.0
142820,15,2025-03-02T16:15:00+08:00,17134924,0,False,Wh,303,0.0
142820,15,2025-03-02T16:30:00+08:00,17134935,0,False,Wh,303,0.0
142820,15,2025-03-02T16:45:00+08:00,17134941,0,False,Wh,303,0.0
142820,15,2025-03-02T17:00:00+08:00,17134952,0,False,Wh,303,0.0
142820,15,2025-03-02T17:15:00+08:00,17134958,0,False,Wh,303,0.0
142820,15,2025-03-02T17:30:00+08:00,17134969,0,False,Wh,303,0.0
142820,15,2025-03-02T17:45:00+08:00,17134976,0,False,Wh,303,0.0
142820,15,2025-03-02T18:00:00+08:00,17134987,0,False,Wh,303,0.0
142820,15,2025-03-02T18:15:00+08:00,17134993,0,False,Wh,303,0.0
142820,15,2025-03-02T18:30:00+08:00,17135005,0,False,Wh,303,0.0
142820,15,2025-03-02T18:45:00+08:00,17135011,0,False,Wh,303,0.0
142820,15,2025-03-02T19:00:00+08:00,17135023,0,False,Wh,303,0.0
142820,15,2025-03-02T19:15:00+08:00,17135029,0,False,Wh,303,0.0
142820,15,2025-03-02T19:30:00+08:00,17135041,0,False,Wh,303,0.0
142820,15,2025-03-02T19:45:00+08:00,17135047,0,False,Wh,303,0.0
142820,15,2025-03-02T20:00:00+08:00,17135059,0,False,Wh,303,0.0
142820,15,2025-03-02T20:15:00+08:00,17135065,0,False,Wh,303,0.0
142820,15,2025-03-02T20:30:00+08:00,17135077,0,False,Wh,303,0.0
142820,15,2025-03-02T20:45:00+08:00,17135089,0,False,Wh,303,0.0
142820,15,2025-03-02T21:00:00+08:00,17135094,0,False,Wh,303,0.0
142820,15,2025-03-02T21:15:00+08:00,17135102,0,False,Wh,303,0.0
142820,15,2025-03-02T21:30:00+08:00,17135113,0,False,Wh,303,0.0
142820,15,2025-03-02T21:45:00+08:00,17135570,0,False,Wh,303,0.0
142820,15,2025-03-02T22:00:00+08:00,17135580,0,False,Wh,303,0.0
142820,15,2025-03-02T22:15:00+08:00,17135587,0,False,Wh,303,0.0
142820,15,2025-03-02T22:30:00+08:00,17135597,0,False,Wh,303,0.0
142820,15,2025-03-02T22:45:00+08:00,17135605,0,False,Wh,303,0.0
142820,15,2025-03-02T23:00:00+08:00,17135615,0,False,Wh,303,0.0
142820,15,2025-03-02T23:15:00+08:00,17135623,0,False,Wh,303,0.0
142820,15,2025-03-02T23:30:00+08:00,17135632,0,False,Wh,303,0.0
142820,15,2025-03-02T23:45:00+08:00,17135640,0,False,Wh,303,0.0
142820,15,2025-03-03T00:00:00+08:00,17135649,0,False,Wh,303,0.0
142820,15,2025-03-03T00:15:00+08:00,17135658,0,False,Wh,303,0.0
142820,15,2025-03-03T00:30:00+08:00,17135666,0,False,Wh,303,0.0
142820,15,2025-03-03T00:45:00+08:00,17135675,0,False,Wh,303,0.0
142820,15,2025-03-03T01:00:00+08:00,17135683,0,False,Wh,303,0.0
142820,15,2025-03-03T01:15:00+08:00,17135693,0,False,Wh,303,0.0
142820,15,2025-03-03T01:30:00+08:00,17135700,0,False,Wh,303,0.0
142820,15,2025-03-03T01:45:00+08:00,17135710,0,False,Wh,303,0.0
142820,15,2025-03-03T02:00:00+08:00,17135717,0,False,Wh,303,0.0
142820,15,2025-03-03T02:15:00+08:00,17135727,0,False,Wh,303,0.0
142820,15,2025-03-03T02:30:00+08:00,17135734,0,False,Wh,303,0.0
142820,15,2025-03-03T02:45:00+08:00,17135745,0,False,Wh,303,0.0
142820,15,2025-03-03T03:00:00+08:00,17135750,0,False,Wh,303,0.0
142820,15,2025-03-03T03:15:00+08:00,17135762,0,False,Wh,303,0.0
142820,15,2025-03-03T03:30:00+08:00,17135767,0,False,Wh,303,0.0
142820,15,2025-03-03T03:45:00+08:00,17135779,0,False,Wh,303,0.0
142820,15,2025-03-03T04:00:00+08:00,17135784,0,False,Wh,303,0.0
142820,15,2025-03-03T04:15:00+08:00,17135796,0,False,Wh,303,0.0
142820,15,2025-03-03T04:30:00+08:00,17135801,0,False,Wh,303,0.0
142820,15,2025-03-03T04:45:00+08:00,17135813,0,False,Wh,303,0.0
142820,15,2025-03-03T05:00:00+08:00,17135818,0,False,Wh,303,0.0
142820,15,2025-03-03T05:15:00+08:00,17135830,0,False,Wh,303,0.0
142820,15,2025-03-03T05:30:00+08:00,17135834,0,False,Wh,303,0.0
142820,15,2025-03-03T05:45:00+08:00,17135846,0,False,Wh,303,0.0
142820,15,2025-03-03T06:00:00+08:00,17135851,0,False,Wh,303,0.0
142820,15,2025-03-03T06:15:00+08:00,17135863,0,False,Wh,303,0.0
142820,15,2025-03-03T06:30:00+08:00,17135868,0,False,Wh,303,0.0
142820,15,2025-03-03T06:45:00+08:00,17135880,0,False,Wh,303,0.0
142820,15,2025-03-03T07:00:00+08:00,17135884,0,False,Wh,303,0.0
142820,15,2025-03-03T07:15:00+08:00,17135896,0,False,Wh,303,0.0
142820,15,2025-03-03T07:30:00+08:00,17135901,0,False,Wh,303,0.0
142820,15,2025-03-03T07:45:00+08:00,17135913,0,False,Wh,303,0.0
142820,15,2025-03-03T08:00:00+08:00,17136059,0,False,Wh,303,0.0
142820,15,2025-03-03T08:15:00+08:00,17136374,0,False,Wh,303,0.0
142820,15,2025-03-03T08:30:00+08:00,17136398,0,False,Wh,303,0.0
142820,15,2025-03-03T08:45:00+08:00,17136440,0,False,Wh,303,0.0
142820,15,2025-03-03T09:00:00+08:00,17136463,0,False,Wh,303,0.0
142820,15,2025-03-03T09:15:00+08:00,17136490,0,False,Wh,303,0.0
142820,15,2025-03-03T09:30:00+08:00,17136510,0,False,Wh,303,0.0
142820,15,2025-03-03T09:45:00+08:00,17136516,0,False,Wh,303,0.0
142820,15,2025-03-03T10:00:00+08:00,17136528,0,False,Wh,303,0.0
142820,15,2025-03-03T10:15:00+08:00,17136540,0,False,Wh,303,0.0
142820,15,2025-03-03T10:30:00+08:00,17136544,0,False,Wh,303,0.0
142820,15,2025-03-03T10:45:00+08:00,17136554,0,False,Wh,303,0.0
142820,15,2025-03-03T11:00:00+08:00,17136561,0,False,Wh,303,0.0
142820,15,2025-03-03T11:15:00+08:00,17136571,0,False,Wh,303,0.0
142820,15,2025-03-03T11:30:00+08:00,17136578,0,False,Wh,303,0.0
142820,15,2025-03-03T11:45:00+08:00,17136589,0,False,Wh,303,0.0
142820,15,2025-03-03T12:00:00+08:00,17136594,0,False,Wh,303,0.0
142820,15,2025-03-03T12:15:00+08:00,17136606,0,False,Wh,303,0.0
142820,15,2025-03-03T12:30:00+08:00,17136611,0,False,Wh,303,0.0
142820,15,2025-03-03T12:45:00+08:00,17136623,0,False,Wh,303,0.0
142820,15,2025-03-03T13:00:00+08:00,17136628,0,False,Wh,303,0.0
142820,15,2025-03-03T13:15:00+08:00,17136640,0,False,Wh,303,0.0
142820,15,2025-03-03T13:30:00+08:00,17136645,0,False,Wh,303,0.0
142820,15,2025-03-03T13:45:00+08:00,17136657,0,False,Wh,303,0.0
142820,15,2025-03-03T14:00:00+08:00,17136662,0,False,Wh,303,0.0
142820,15,2025-03-03T14:15:00+08:00,17136674,0,False,Wh,303,0.0
142820,15,2025-03-03T14:30:00+08:00,17136679,0,False,Wh,303,0.0
142820,15,2025-03-03T14:45:00+08:00,17136691,0,False,Wh,303,0.0
142820,15,2025-03-03T15:00:00+08:00,17136696,0,False,Wh,303,0.0
142820,15,2025-03-03T15:15:00+08:00,17136709,0,False,Wh,303,0.0
142820,15,2025-03-03T15:30:00+08:00,17136713,0,False,Wh,303,0.0
142820,15,2025-03-03T15:45:00+08:00,17136726,0,False,Wh,303,0.0
142820,15,2025-03-03T16:00:00+08:00,17136731,0,False,Wh,303,0.0
142820,15,2025-03-03T16:15:00+08:00,17136742,0,False,Wh,303,0.0
142820,15,2025-03-03T16:30:00+08:00,17136748,0,False,Wh,303,0.0
142820,15,2025-03-03T16:45:00+08:00,17136759,0,False,Wh,303,0.0
142820,15,2025-03-03T17:00:00+08:00,17136765,0,False,Wh,303,0.0
142820,15,2025-03-03T17:15:00+08:00,17136776,0,False,Wh,303,0.0
142820,15,2025-03-03T17:30:00+08:00,17136783,0,False,Wh,303,0.0
142820,15,2025-03-03T17:45:00+08:00,17136793,0,False,Wh,303,0.0
142820,15,2025-03-03T18:00:00+08:00,17136944,0,False,Wh,303,0.0
142820,15,2025-03-03T18:15:00+08:00,17137262,0,False,Wh,303,0.0
142820,15,2025-03-03T18:30:00+08:00,17137270,0,False,Wh,303,0.0
142820,15,2025-03-03T18:45:00+08:00,17137279,0,False,Wh,303,0.0
142820,15,2025-03-03T19:00:00+08:00,17137288,0,False,Wh,303,0.0
142820,15,2025-03-03T19:15:00+08:00,17137296,0,False,Wh,303,0.0
142820,15,2025-03-03T19:30:00+08:00,17137305,0,False,Wh,303,0.0
142820,15,2025-03-03T19:45:00+08:00,17137313,0,False,Wh,303,0.0
142820,15,2025-03-03T20:00:00+08:00,17137322,0,False,Wh,303,0.0
142820,15,2025-03-03T20:15:00+08:00,17137329,0,False,Wh,303,0.0
142820,15,2025-03-03T20:30:00+08:00,17137340,0,False,Wh,303,0.0
142820,15,2025-03-03T20:45:00+08:00,17137346,0,False,Wh,303,0.0
142820,15,2025-03-03T21:00:00+08:00,17137357,0,False,Wh,303,0.0
142820,15,2025-03-03T21:15:00+08:00,17137363,0,False,Wh,303,0.0
142820,15,2025-03-03T21:30:00+08:00,17137374,0,False,Wh,303,0.0
142820,15,2025-03-03T21:45:00+08:00,17137379,0,False,Wh,303,0.0
142820,15,2025-03-03T22:00:00+08:00,17137391,0,False,Wh,303,0.0
142820,15,2025-03-03T22:15:00+08:00,17137396,0,False,Wh,303,0.0
142820,15,2025-03-03T22:30:00+08:00,17137407,0,False,Wh,303,0.0
142820,15,2025-03-03T22:45:00+08:00,17137413,0,False,Wh,303,0.0
142820,15,2025-03-03T23:00:00+08:00,17137424,0,False,Wh,303,0.0
142820,15,2025-03-03T23:15:00+08:00,17137429,0,False,Wh,303,0.0
142820,15,2025-03-03T23:30:00+08:00,17137441,0,False,Wh,303,0.0
142820,15,2025-03-03T23:45:00+08:00,17137446,0,False,Wh,303,0.0
142821,15,2025-02-22T00:00:00+08:00,8442832,0,False,Wh,Commercial,0.0
142821,15,2025-02-22T00:15:00+08:00,8442870,0,False,Wh,Commercial,0.0
142821,15,2025-02-22T00:30:00+08:00,8442893,0,False,Wh,Commercial,0.0
142821,15,2025-02-22T00:45:00+08:00,8442917,0,False,Wh,Commercial,0.0
142821,15,2025-02-22T01:00:00+08:00,8442941,0,False,Wh,Commercial,0.0
142821,15,2025-02-22T01:15:00+08:00,8442964,0,False,Wh,Commercial,0.0
142821,15,2025-02-22T01:30:00+08:00,8442987,0,False,Wh,Commercial,0.0
142821,15,2025-02-22T01:45:00+08:00,8443011,0,False,Wh,Commercial,0.0
142821,15,2025-02-22T02:00:00+08:00,8443046,0,False,Wh,Commercial,0.0
142821,15,2025-02-22T02:15:00+08:00,8443084,0,False,Wh,Commercial,0.0
142821,15,2025-02-22T02:30:00+08:00,8443122,0,False,Wh,Commercial,0.0
142821,15,2025-02-22T02:45:00+08:00,8443153,0,False,Wh,Commercial,0.0
142821,15,2025-02-22T03:00:00+08:00,8443176,0,False,Wh,Commercial,0.0
142821,15,2025-02-22T03:15:00+08:00,8443200,0,False,Wh,Commercial,0.0
142821,15,2025-02-22T03:30:00+08:00,8443223,0,False,Wh,Commercial,0.0
142821,15,2025-02-22T03:45:00+08:00,8443247,0,False,Wh,Commercial,0.0
142821,15,2025-02-22T04:00:00+08:00,8443270,0,False,Wh,Commercial,0.0
142821,15,2025-02-22T04:15:00+08:00,8443296,0,False,Wh,Commercial,0.0
142821,15,2025-02-22T04:30:00+08:00,8443334,0,False,Wh,Commercial,0.0
142821,15,2025-02-22T04:45:00+08:00,8443372,0,False,Wh,Commercial,0.0
142821,15,2025-02-22T05:00:00+08:00,8443410,0,False,Wh,Commercial,0.0
142821,15,2025-02-22T05:15:00+08:00,8443436,0,False,Wh,Commercial,0.0
142821,15,2025-02-22T05:30:00+08:00,8443459,0,False,Wh,Commercial,0.0
142821,15,2025-02-22T05:45:00+08:00,8443483,0,False,Wh,Commercial,0.0
142821,15,2025-02-22T06:00:00+08:00,8443506,0,False,Wh,Commercial,0.0
142821,15,2025-02-22T06:15:00+08:00,8443530,0,False,Wh,Commercial,0.0
142821,15,2025-02-22T06:30:00+08:00,8443553,0,False,Wh,Commercial,0.0
142821,15,2025-02-22T06:45:00+08:00,8443581,0,False,Wh,Commercial,0.0
142821,15,2025-02-22T07:00:00+08:00,8443619,0,False,Wh,Commercial,0.0
142821,15,2025-02-22T07:15:00+08:00,8443657,0,False,Wh,Commercial,0.0
142821,15,2025-02-22T07:30:00+08:00,8443692,0,False,Wh,Commercial,0.0
142821,15,2025-02-22T07:45:00+08:00,8443715,0,False,Wh,Commercial,0.0
142821,15,2025-02-22T08:00:00+08:00,8443739,0,False,Wh,Commercial,0.0
142821,15,2025-02-22T08:15:00+08:00,8443762,0,False,Wh,Commercial,0.0
142821,15,2025-02-22T08:30:00+08:00,8443786,0,False,Wh,Commercial,0.0
142821,15,2025-02-22T08:45:00+08:00,8443824,0,False,Wh,Commercial,0.0
142821,15,2025-02-22T09:00:00+08:00,8443887,0,False,Wh,Commercial,0.0
142821,15,2025-02-22T09:15:00+08:00,8443961,0,False,Wh,Commercial,0.0
142821,15,2025-02-22T09:30:00+08:00,8444039,0,False,Wh,Commercial,0.0
142821,15,2025-02-22T09:45:00+08:00,8444113,0,False,Wh,Commercial,0.0
142821,15,2025-02-22T10:00:00+08:00,8444179,0,False,Wh,Commercial,0.0
142821,15,2025-02-22T10:15:00+08:00,8444237,0,False,Wh,Commercial,0.0
142821,15,2025-02-22T10:30:00+08:00,8444295,0,False,Wh,Commercial,0.0
142821,15,2025-02-22T10:45:00+08:00,8444354,0,False,Wh,Commercial,0.0
142821,15,2025-02-22T11:00:00+08:00,8444474,0,False,Wh,Commercial,0.0
142821,15,2025-02-22T11:15:00+08:00,8444629,0,False,Wh,Commercial,0.0
142821,15,2025-02-22T11:30:00+08:00,8444702,0,False,Wh,Commercial,0.0
142821,15,2025-02-22T11:45:00+08:00,8444774,0,False,Wh,Commercial,0.0
142821,15,2025-02-22T12:00:00+08:00,8444847,0,False,Wh,Commercial,0.0
142821,15,2025-02-22T12:15:00+08:00,8444919,0,False,Wh,Commercial,0.0
142821,15,2025-02-22T12:30:00+08:00,8444991,0,False,Wh,Commercial,0.0
142821,15,2025-02-22T12:45:00+08:00,8445063,0,False,Wh,Commercial,0.0
142821,15,2025-02-22T13:00:00+08:00,8445136,0,False,Wh,Commercial,0.0
142821,15,2025-02-22T13:15:00+08:00,8445208,0,False,Wh,Commercial,0.0
142821,15,2025-02-22T13:30:00+08:00,8445260,0,False,Wh,Commercial,0.0
142821,15,2025-02-22T13:45:00+08:00,8445301,0,False,Wh,Commercial,0.0
142821,15,2025-02-22T14:00:00+08:00,8445341,0,False,Wh,Commercial,0.0
142821,15,2025-02-22T14:15:00+08:00,8445379,0,False,Wh,Commercial,0.0
142821,15,2025-02-22T14:30:00+08:00,8445417,0,False,Wh,Commercial,0.0
142821,15,2025-02-22T14:45:00+08:00,8445454,0,False,Wh,Commercial,0.0
142821,15,2025-02-22T15:00:00+08:00,8445478,0,False,Wh,Commercial,0.0
142821,15,2025-02-22T15:15:00+08:00,8445502,0,False,Wh,Commercial,0.0
142821,15,2025-02-22T15:30:00+08:00,8445525,0,False,Wh,Commercial,0.0
142821,15,2025-02-22T15:45:00+08:00,8445549,0,False,Wh,Commercial,0.0
142821,15,2025-02-22T16:00:00+08:00,8445572,0,False,Wh,Commercial,0.0
142821,15,2025-02-22T16:15:00+08:00,8445596,0,False,Wh,Commercial,0.0
142821,15,2025-02-22T16:30:00+08:00,8445620,0,False,Wh,Commercial,0.0
142821,15,2025-02-22T16:45:00+08:00,8445643,0,False,Wh,Commercial,0.0
142821,15,2025-02-22T17:00:00+08:00,8445679,0,False,Wh,Commercial,0.0
142821,15,2025-02-22T17:15:00+08:00,8445718,0,False,Wh,Commercial,0.0
142821,15,2025-02-22T17:30:00+08:00,8445756,0,False,Wh,Commercial,0.0
142821,15,2025-02-22T17:45:00+08:00,8445794,0,False,Wh,Commercial,0.0
142821,15,2025-02-22T18:00:00+08:00,8445831,0,False,Wh,Commercial,0.0
142821,15,2025-02-22T18:15:00+08:00,8445869,0,False,Wh,Commercial,0.0
142821,15,2025-02-22T18:30:00+08:00,8445907,0,False,Wh,Commercial,0.0
142821,15,2025-02-22T18:45:00+08:00,8445944,0,False,Wh,Commercial,0.0
142821,15,2025-02-22T19:00:00+08:00,8445971,0,False,Wh,Commercial,0.0
142821,15,2025-02-22T19:15:00+08:00,8445995,0,False,Wh,Commercial,0.0
142821,15,2025-02-22T19:30:00+08:00,8446018,0,False,Wh,Commercial,0.0
142821,15,2025-02-22T19:45:00+08:00,8446042,0,False,Wh,Commercial,0.0
142821,15,2025-02-22T20:00:00+08:00,8446065,0,False,Wh,Commercial,0.0
142821,15,2025-02-22T20:15:00+08:00,8446089,0,False,Wh,Commercial,0.0
142821,15,2025-02-22T20:30:00+08:00,8446112,0,False,Wh,Commercial,0.0
142821,15,2025-02-22T20:45:00+08:00,8446150,0,False,Wh,Commercial,0.0
142821,15,2025-02-22T21:00:00+08:00,8446188,0,False,Wh,Commercial,0.0
142821,15,2025-02-22T21:15:00+08:00,8446225,0,False,Wh,Commercial,0.0
142821,15,2025-02-22T21:30:00+08:00,8446262,0,False,Wh,Commercial,0.0
142821,15,2025-02-22T21:45:00+08:00,8446299,0,False,Wh,Commercial,0.0
142821,15,2025-02-22T22:00:00+08:00,8446334,0,False,Wh,Commercial,0.0
142821,15,2025-02-22T22:15:00+08:00,8446358,0,False,Wh,Commercial,0.0
142821,15,2025-02-22T22:30:00+08:00,8446381,0,False,Wh,Commercial,0.0
142821,15,2025-02-22T22:45:00+08:00,8446405,0,False,Wh,Commercial,0.0
142821,15,2025-02-22T23:00:00+08:00,8446428,0,False,Wh,Commercial,0.0
142821,15,2025-02-22T23:15:00+08:00,8446451,0,False,Wh,Commercial,0.0
142821,15,2025-02-22T23:30:00+08:00,8446475,0,False,Wh,Commercial,0.0
142821,15,2025-02-22T23:45:00+08:00,8446499,0,False,Wh,Commercial,0.0
142821,15,2025-02-23T00:00:00+08:00,8446526,0,False,Wh,Commercial,0.0
142821,15,2025-02-23T00:15:00+08:00,8446564,0,False,Wh,Commercial,0.0
142821,15,2025-02-23T00:30:00+08:00,8446602,0,False,Wh,Commercial,0.0
142821,15,2025-02-23T00:45:00+08:00,8446640,0,False,Wh,Commercial,0.0
142821,15,2025-02-23T01:00:00+08:00,8446677,0,False,Wh,Commercial,0.0
142821,15,2025-02-23T01:15:00+08:00,8446711,0,False,Wh,Commercial,0.0
142821,15,2025-02-23T01:30:00+08:00,8446735,0,False,Wh,Commercial,0.0
142821,15,2025-02-23T01:45:00+08:00,8446758,0,False,Wh,Commercial,0.0
142821,15,2025-02-23T02:00:00+08:00,8446782,0,False,Wh,Commercial,0.0
142821,15,2025-02-23T02:15:00+08:00,8446806,0,False,Wh,Commercial,0.0
142821,15,2025-02-23T02:30:00+08:00,8446829,0,False,Wh,Commercial,0.0
142821,15,2025-02-23T02:45:00+08:00,8446853,0,False,Wh,Commercial,0.0
142821,15,2025-02-23T03:00:00+08:00,8446876,0,False,Wh,Commercial,0.0
142821,15,2025-02-23T03:15:00+08:00,8446903,0,False,Wh,Commercial,0.0
142821,15,2025-02-23T03:30:00+08:00,8446941,0,False,Wh,Commercial,0.0
142821,15,2025-02-23T03:45:00+08:00,8446980,0,False,Wh,Commercial,0.0
142821,15,2025-02-23T04:00:00+08:00,8447018,0,False,Wh,Commercial,0.0
142821,15,2025-02-23T04:15:00+08:00,8447055,0,False,Wh,Commercial,0.0
142821,15,2025-02-23T04:30:00+08:00,8447089,0,False,Wh,Commercial,0.0
142821,15,2025-02-23T04:45:00+08:00,8447112,0,False,Wh,Commercial,0.0
142821,15,2025-02-23T05:00:00+08:00,8447136,0,False,Wh,Commercial,0.0
142821,15,2025-02-23T05:15:00+08:00,8447160,0,False,Wh,Commercial,0.0
142821,15,2025-02-23T05:30:00+08:00,8447183,0,False,Wh,Commercial,0.0
142821,15,2025-02-23T05:45:00+08:00,8447207,0,False,Wh,Commercial,0.0
142821,15,2025-02-23T06:00:00+08:00,8447230,0,False,Wh,Commercial,0.0
142821,15,2025-02-23T06:15:00+08:00,8447254,0,False,Wh,Commercial,0.0
142821,15,2025-02-23T06:30:00+08:00,8447277,0,False,Wh,Commercial,0.0
142821,15,2025-02-23T06:45:00+08:00,8447316,0,False,Wh,Commercial,0.0
142821,15,2025-02-23T07:00:00+08:00,8447353,0,False,Wh,Commercial,0.0
142821,15,2025-02-23T07:15:00+08:00,8447391,0,False,Wh,Commercial,0.0
142821,15,2025-02-23T07:30:00+08:00,8447429,0,False,Wh,Commercial,0.0
142821,15,2025-02-23T07:45:00+08:00,8447461,0,False,Wh,Commercial,0.0
142821,15,2025-02-23T08:00:00+08:00,8447485,0,False,Wh,Commercial,0.0
142821,15,2025-02-23T08:15:00+08:00,8447509,0,False,Wh,Commercial,0.0
142821,15,2025-02-23T08:30:00+08:00,8447532,0,False,Wh,Commercial,0.0
142821,15,2025-02-23T08:45:00+08:00,8447556,0,False,Wh,Commercial,0.0
142821,15,2025-02-23T09:00:00+08:00,8447580,0,False,Wh,Commercial,0.0
142821,15,2025-02-23T09:15:00+08:00,8447604,0,False,Wh,Commercial,0.0
142821,15,2025-02-23T09:30:00+08:00,8447627,0,False,Wh,Commercial,0.0
142821,15,2025-02-23T09:45:00+08:00,8447653,0,False,Wh,Commercial,0.0
142821,15,2025-02-23T10:00:00+08:00,8447692,0,False,Wh,Commercial,0.0
142821,15,2025-02-23T10:15:00+08:00,8447730,0,False,Wh,Commercial,0.0
142821,15,2025-02-23T10:30:00+08:00,8447768,0,False,Wh,Commercial,0.0
142821,15,2025-02-23T10:45:00+08:00,8447805,0,False,Wh,Commercial,0.0
142821,15,2025-02-23T11:00:00+08:00,8447839,0,False,Wh,Commercial,0.0
142821,15,2025-02-23T11:15:00+08:00,8447862,0,False,Wh,Commercial,0.0
142821,15,2025-02-23T11:30:00+08:00,8447886,0,False,Wh,Commercial,0.0
142821,15,2025-02-23T11:45:00+08:00,8447910,0,False,Wh,Commercial,0.0
142821,15,2025-02-23T12:00:00+08:00,8447933,0,False,Wh,Commercial,0.0
142821,15,2025-02-23T12:15:00+08:00,8447957,0,False,Wh,Commercial,0.0
142821,15,2025-02-23T12:30:00+08:00,8447979,0,False,Wh,Commercial,0.0
142821,15,2025-02-23T12:45:00+08:00,8447998,0,False,Wh,Commercial,0.0
142821,15,2025-02-23T13:00:00+08:00,8448019,0,False,Wh,Commercial,0.0
142821,15,2025-02-23T13:15:00+08:00,8448052,0,False,Wh,Commercial,0.0
142821,15,2025-02-23T13:30:00+08:00,8448085,0,False,Wh,Commercial,0.0
142821,15,2025-02-23T13:45:00+08:00,8448118,0,False,Wh,Commercial,0.0
142821,15,2025-02-23T14:00:00+08:00,8448150,0,False,Wh,Commercial,0.0
142821,15,2025-02-23T14:15:00+08:00,8448182,0,False,Wh,Commercial,0.0
142821,15,2025-02-23T14:30:00+08:00,8448201,0,False,Wh,Commercial,0.0
142821,15,2025-02-23T14:45:00+08:00,8448219,0,False,Wh,Commercial,0.0
142821,15,2025-02-23T15:00:00+08:00,8448238,0,False,Wh,Commercial,0.0
142821,15,2025-02-23T15:15:00+08:00,8448256,0,False,Wh,Commercial,0.0
142821,15,2025-02-23T15:30:00+08:00,8448274,0,False,Wh,Commercial,0.0
142821,15,2025-02-23T15:45:00+08:00,8448293,0,False,Wh,Commercial,0.0
142821,15,2025-02-23T16:00:00+08:00,8448311,0,False,Wh,Commercial,0.0
142821,15,2025-02-23T16:15:00+08:00,8448333,0,False,Wh,Commercial,0.0
142821,15,2025-02-23T16:30:00+08:00,8448367,0,False,Wh,Commercial,0.0
142821,15,2025-02-23T16:45:00+08:00,8448400,0,False,Wh,Commercial,0.0
142821,15,2025-02-23T17:00:00+08:00,8448432,0,False,Wh,Commercial,0.0
142821,15,2025-02-23T17:15:00+08:00,8448464,0,False,Wh,Commercial,0.0
142821,15,2025-02-23T17:30:00+08:00,8448496,0,False,Wh,Commercial,0.0
142821,15,2025-02-23T17:45:00+08:00,8448523,0,False,Wh,Commercial,0.0
142821,15,2025-02-23T18:00:00+08:00,8448542,0,False,Wh,Commercial,0.0
142821,15,2025-02-23T18:15:00+08:00,8448560,0,False,Wh,Commercial,0.0
142821,15,2025-02-23T18:30:00+08:00,8448578,0,False,Wh,Commercial,0.0
142821,15,2025-02-23T18:45:00+08:00,8448597,0,False,Wh,Commercial,0.0
142821,15,2025-02-23T19:00:00+08:00,8448615,0,False,Wh,Commercial,0.0
142821,15,2025-02-23T19:15:00+08:00,8448633,0,False,Wh,Commercial,0.0
142821,15,2025-02-23T19:30:00+08:00,8448655,0,False,Wh,Commercial,0.0
142821,15,2025-02-23T19:45:00+08:00,8448689,0,False,Wh,Commercial,0.0
142821,15,2025-02-23T20:00:00+08:00,8448722,0,False,Wh,Commercial,0.0
142821,15,2025-02-23T20:15:00+08:00,8448755,0,False,Wh,Commercial,0.0
142821,15,2025-02-23T20:30:00+08:00,8448788,0,False,Wh,Commercial,0.0
142821,15,2025-02-23T20:45:00+08:00,8448821,0,False,Wh,Commercial,0.0
142821,15,2025-02-23T21:00:00+08:00,8448853,0,False,Wh,Commercial,0.0
142821,15,2025-02-23T21:15:00+08:00,8448872,0,False,Wh,Commercial,0.0
142821,15,2025-02-23T21:30:00+08:00,8448891,0,False,Wh,Commercial,0.0
142821,15,2025-02-23T21:45:00+08:00,8448909,0,False,Wh,Commercial,0.0
142821,15,2025-02-23T22:00:00+08:00,8448928,0,False,Wh,Commercial,0.0
142821,15,2025-02-23T22:15:00+08:00,8448946,0,False,Wh,Commercial,0.0
142821,15,2025-02-23T22:30:00+08:00,8448965,0,False,Wh,Commercial,0.0
142821,15,2025-02-23T22:45:00+08:00,8448984,0,False,Wh,Commercial,0.0
142821,15,2025-02-23T23:00:00+08:00,8449012,0,False,Wh,Commercial,0.0
142821,15,2025-02-23T23:15:00+08:00,8449046,0,False,Wh,Commercial,0.0
142821,15,2025-02-23T23:30:00+08:00,8449078,0,False,Wh,Commercial,0.0
142821,15,2025-02-23T23:45:00+08:00,8449110,0,False,Wh,Commercial,0.0
142821,15,2025-02-24T00:00:00+08:00,8449142,0,False,Wh,Commercial,0.0
142821,15,2025-02-24T00:15:00+08:00,8449174,0,False,Wh,Commercial,0.0
142821,15,2025-02-24T00:30:00+08:00,8449194,0,False,Wh,Commercial,0.0
142821,15,2025-02-24T00:45:00+08:00,8449212,0,False,Wh,Commercial,0.0
142821,15,2025-02-24T01:00:00+08:00,8449230,0,False,Wh,Commercial,0.0
142821,15,2025-02-24T01:15:00+08:00,8449250,0,False,Wh,Commercial,0.0
142821,15,2025-02-24T01:30:00+08:00,8449273,0,False,Wh,Commercial,0.0
142821,15,2025-02-24T01:45:00+08:00,8449296,0,False,Wh,Commercial,0.0
142821,15,2025-02-24T02:00:00+08:00,8449320,0,False,Wh,Commercial,0.0
142821,15,2025-02-24T02:15:00+08:00,8449350,0,False,Wh,Commercial,0.0
142821,15,2025-02-24T02:30:00+08:00,8449388,0,False,Wh,Commercial,0.0
142821,15,2025-02-24T02:45:00+08:00,8449426,0,False,Wh,Commercial,0.0
142821,15,2025-02-24T03:00:00+08:00,8449464,0,False,Wh,Commercial,0.0
142821,15,2025-02-24T03:15:00+08:00,8449501,0,False,Wh,Commercial,0.0
142821,15,2025-02-24T03:30:00+08:00,8449536,0,False,Wh,Commercial,0.0
142821,15,2025-02-24T03:45:00+08:00,8449560,0,False,Wh,Commercial,0.0
142821,15,2025-02-24T04:00:00+08:00,8449583,0,False,Wh,Commercial,0.0
142821,15,2025-02-24T04:15:00+08:00,8449607,0,False,Wh,Commercial,0.0
142821,15,2025-02-24T04:30:00+08:00,8449630,0,False,Wh,Commercial,0.0
142821,15,2025-02-24T04:45:00+08:00,8449653,0,False,Wh,Commercial,0.0
142821,15,2025-02-24T05:00:00+08:00,8449677,0,False,Wh,Commercial,0.0
142821,15,2025-02-24T05:15:00+08:00,8449700,0,False,Wh,Commercial,0.0
142821,15,2025-02-24T05:30:00+08:00,8449731,0,False,Wh,Commercial,0.0
142821,15,2025-02-24T05:45:00+08:00,8449769,0,False,Wh,Commercial,0.0
142821,15,2025-02-24T06:00:00+08:00,8449807,0,False,Wh,Commercial,0.0
142821,15,2025-02-24T06:15:00+08:00,8449845,0,False,Wh,Commercial,0.0
142821,15,2025-02-24T06:30:00+08:00,8449882,0,False,Wh,Commercial,0.0
142821,15,2025-02-24T06:45:00+08:00,8449914,0,False,Wh,Commercial,0.0
142821,15,2025-02-24T07:00:00+08:00,8449937,0,False,Wh,Commercial,0.0
142821,15,2025-02-24T07:15:00+08:00,8449961,0,False,Wh,Commercial,0.0
142821,15,2025-02-24T07:30:00+08:00,8449984,0,False,Wh,Commercial,0.0
142821,15,2025-02-24T07:45:00+08:00,8450008,0,False,Wh,Commercial,0.0
142821,15,2025-02-24T08:00:00+08:00,8450031,0,False,Wh,Commercial,0.0
142821,15,2025-02-24T08:15:00+08:00,8450054,0,False,Wh,Commercial,0.0
142821,15,2025-02-24T08:30:00+08:00,8450078,0,False,Wh,Commercial,0.0
142821,15,2025-02-24T08:45:00+08:00,8450112,0,False,Wh,Commercial,0.0
142821,15,2025-02-24T09:00:00+08:00,8450150,0,False,Wh,Commercial,0.0
142821,15,2025-02-24T09:15:00+08:00,8450187,0,False,Wh,Commercial,0.0
142821,15,2025-02-24T09:30:00+08:00,8450225,0,False,Wh,Commercial,0.0
142821,15,2025-02-24T09:45:00+08:00,8450262,0,False,Wh,Commercial,0.0
142821,15,2025-02-24T10:00:00+08:00,8450293,0,False,Wh,Commercial,0.0
142821,15,2025-02-24T10:15:00+08:00,8450316,0,False,Wh,Commercial,0.0
142821,15,2025-02-24T10:30:00+08:00,8450340,0,False,Wh,Commercial,0.0
142821,15,2025-02-24T10:45:00+08:00,8450363,0,False,Wh,Commercial,0.0
142821,15,2025-02-24T11:00:00+08:00,8450382,0,False,Wh,Commercial,0.0
142821,15,2025-02-24T11:15:00+08:00,8450446,0,False,Wh,Commercial,0.0
142821,15,2025-02-24T11:30:00+08:00,8450735,0,False,Wh,Commercial,0.0
142821,15,2025-02-24T11:45:00+08:00,8451017,0,False,Wh,Commercial,0.0
142821,15,2025-02-24T12:00:00+08:00,8451254,0,False,Wh,Commercial,0.0
142821,15,2025-02-24T12:15:00+08:00,8451508,0,False,Wh,Commercial,0.0
142821,15,2025-02-24T12:30:00+08:00,8451787,0,False,Wh,Commercial,0.0
142821,15,2025-02-24T12:45:00+08:00,8452069,0,False,Wh,Commercial,0.0
142821,15,2025-02-24T13:00:00+08:00,8452365,0,False,Wh,Commercial,0.0
142821,15,2025-02-24T13:15:00+08:00,8452646,0,False,Wh,Commercial,0.0
142821,15,2025-02-24T13:30:00+08:00,8452885,0,False,Wh,Commercial,0.0
142821,15,2025-02-24T13:45:00+08:00,8452919,0,False,Wh,Commercial,0.0
142821,15,2025-02-24T14:00:00+08:00,8452950,0,False,Wh,Commercial,0.0
142821,15,2025-02-24T14:15:00+08:00,8452980,0,False,Wh,Commercial,0.0
142821,15,2025-02-24T14:30:00+08:00,8453011,0,False,Wh,Commercial,0.0
142821,15,2025-02-24T14:45:00+08:00,8453042,0,False,Wh,Commercial,0.0
142821,15,2025-02-24T15:00:00+08:00,8453079,0,False,Wh,Commercial,0.0
142821,15,2025-02-24T15:15:00+08:00,8453125,0,False,Wh,Commercial,0.0
142821,15,2025-02-24T15:30:00+08:00,8453170,0,False,Wh,Commercial,0.0
142821,15,2025-02-24T15:45:00+08:00,8453215,0,False,Wh,Commercial,0.0
142821,15,2025-02-24T16:00:00+08:00,8453260,0,False,Wh,Commercial,0.0
142821,15,2025-02-24T16:15:00+08:00,8453305,0,False,Wh,Commercial,0.0
142821,15,2025-02-24T16:30:00+08:00,8453345,0,False,Wh,Commercial,0.0
142821,15,2025-02-24T16:45:00+08:00,8453376,0,False,Wh,Commercial,0.0
142821,15,2025-02-24T17:00:00+08:00,8453407,0,False,Wh,Commercial,0.0
142821,15,2025-02-24T17:15:00+08:00,8453437,0,False,Wh,Commercial,0.0
142821,15,2025-02-24T17:30:00+08:00,8453468,0,False,Wh,Commercial,0.0
142821,15,2025-02-24T17:45:00+08:00,8453499,0,False,Wh,Commercial,0.0
142821,15,2025-02-24T18:00:00+08:00,8453530,0,False,Wh,Commercial,0.0
142821,15,2025-02-24T18:15:00+08:00,8453561,0,False,Wh,Commercial,0.0
142821,15,2025-02-24T18:30:00+08:00,8453608,0,False,Wh,Commercial,0.0
142821,15,2025-02-24T18:45:00+08:00,8453654,0,False,Wh,Commercial,0.0
142821,15,2025-02-24T19:00:00+08:00,8453699,0,False,Wh,Commercial,0.0
142821,15,2025-02-24T19:15:00+08:00,8453744,0,False,Wh,Commercial,0.0
142821,15,2025-02-24T19:30:00+08:00,8453789,0,False,Wh,Commercial,0.0
142821,15,2025-02-24T19:45:00+08:00,8453834,0,False,Wh,Commercial,0.0
142821,15,2025-02-24T20:00:00+08:00,8453869,0,False,Wh,Commercial,0.0
142821,15,2025-02-24T20:15:00+08:00,8453905,0,False,Wh,Commercial,0.0
142821,15,2025-02-24T20:30:00+08:00,8453941,0,False,Wh,Commercial,0.0
142821,15,2025-02-24T20:45:00+08:00,8453977,0,False,Wh,Commercial,0.0
142821,15,2025-02-24T21:00:00+08:00,8454013,0,False,Wh,Commercial,0.0
142821,15,2025-02-24T21:15:00+08:00,8454049,0,False,Wh,Commercial,0.0
142821,15,2025-02-24T21:30:00+08:00,8454085,0,False,Wh,Commercial,0.0
142821,15,2025-02-24T21:45:00+08:00,8454127,0,False,Wh,Commercial,0.0
142821,15,2025-02-24T22:00:00+08:00,8454178,0,False,Wh,Commercial,0.0
142821,15,2025-02-24T22:15:00+08:00,8454228,0,False,Wh,Commercial,0.0
142821,15,2025-02-24T22:30:00+08:00,8454278,0,False,Wh,Commercial,0.0
142821,15,2025-02-24T22:45:00+08:00,8454328,0,False,Wh,Commercial,0.0
142821,15,2025-02-24T23:00:00+08:00,8454377,0,False,Wh,Commercial,0.0
142821,15,2025-02-24T23:15:00+08:00,8454419,0,False,Wh,Commercial,0.0
142821,15,2025-02-24T23:30:00+08:00,8454455,0,False,Wh,Commercial,0.0
142821,15,2025-02-24T23:45:00+08:00,8454491,0,False,Wh,Commercial,0.0
142821,15,2025-02-25T00:00:00+08:00,8454527,0,False,Wh,Commercial,0.0
142821,15,2025-02-25T00:15:00+08:00,8454563,0,False,Wh,Commercial,0.0
142821,15,2025-02-25T00:30:00+08:00,8454599,0,False,Wh,Commercial,0.0
142821,15,2025-02-25T00:45:00+08:00,8454635,0,False,Wh,Commercial,0.0
142821,15,2025-02-25T01:00:00+08:00,8454671,0,False,Wh,Commercial,0.0
142821,15,2025-02-25T01:15:00+08:00,8454722,0,False,Wh,Commercial,0.0
142821,15,2025-02-25T01:30:00+08:00,8454773,0,False,Wh,Commercial,0.0
142821,15,2025-02-25T01:45:00+08:00,8454823,0,False,Wh,Commercial,0.0
142821,15,2025-02-25T02:00:00+08:00,8454873,0,False,Wh,Commercial,0.0
142821,15,2025-02-25T02:15:00+08:00,8454923,0,False,Wh,Commercial,0.0
142821,15,2025-02-25T02:30:00+08:00,8454969,0,False,Wh,Commercial,0.0
142821,15,2025-02-25T02:45:00+08:00,8455005,0,False,Wh,Commercial,0.0
142821,15,2025-02-25T03:00:00+08:00,8455040,0,False,Wh,Commercial,0.0
142821,15,2025-02-25T03:15:00+08:00,8455076,0,False,Wh,Commercial,0.0
142821,15,2025-02-25T03:30:00+08:00,8455112,0,False,Wh,Commercial,0.0
142821,15,2025-02-25T03:45:00+08:00,8455149,0,False,Wh,Commercial,0.0
142821,15,2025-02-25T04:00:00+08:00,8455185,0,False,Wh,Commercial,0.0
142821,15,2025-02-25T04:15:00+08:00,8455221,0,False,Wh,Commercial,0.0
142821,15,2025-02-25T04:30:00+08:00,8455265,0,False,Wh,Commercial,0.0
142821,15,2025-02-25T04:45:00+08:00,8455316,0,False,Wh,Commercial,0.0
142821,15,2025-02-25T05:00:00+08:00,8455366,0,False,Wh,Commercial,0.0
142821,15,2025-02-25T05:15:00+08:00,8455416,0,False,Wh,Commercial,0.0
142821,15,2025-02-25T05:30:00+08:00,8455466,0,False,Wh,Commercial,0.0
142821,15,2025-02-25T05:45:00+08:00,8455515,0,False,Wh,Commercial,0.0
142821,15,2025-02-25T06:00:00+08:00,8455551,0,False,Wh,Commercial,0.0
142821,15,2025-02-25T06:15:00+08:00,8455587,0,False,Wh,Commercial,0.0
142821,15,2025-02-25T06:30:00+08:00,8455623,0,False,Wh,Commercial,0.0
142821,15,2025-02-25T06:45:00+08:00,8455659,0,False,Wh,Commercial,0.0
142821,15,2025-02-25T07:00:00+08:00,8455695,0,False,Wh,Commercial,0.0
142821,15,2025-02-25T07:15:00+08:00,8455731,0,False,Wh,Commercial,0.0
142821,15,2025-02-25T07:30:00+08:00,8455767,0,False,Wh,Commercial,0.0
142821,15,2025-02-25T07:45:00+08:00,8455806,0,False,Wh,Commercial,0.0
142821,15,2025-02-25T08:00:00+08:00,8455857,0,False,Wh,Commercial,0.0
142821,15,2025-02-25T08:15:00+08:00,8455907,0,False,Wh,Commercial,0.0
142821,15,2025-02-25T08:30:00+08:00,8455957,0,False,Wh,Commercial,0.0
142821,15,2025-02-25T08:45:00+08:00,8456025,0,False,Wh,Commercial,0.0
142821,15,2025-02-25T09:00:00+08:00,8456291,0,False,Wh,Commercial,0.0
142821,15,2025-02-25T09:15:00+08:00,8456577,0,False,Wh,Commercial,0.0
142821,15,2025-02-25T09:30:00+08:00,8456833,0,False,Wh,Commercial,0.0
142821,15,2025-02-25T09:45:00+08:00,8457038,0,False,Wh,Commercial,0.0
142821,15,2025-02-25T10:00:00+08:00,8457244,0,False,Wh,Commercial,0.0
142821,15,2025-02-25T10:15:00+08:00,8457460,0,False,Wh,Commercial,0.0
142821,15,2025-02-25T10:30:00+08:00,8457712,0,False,Wh,Commercial,0.0
142821,15,2025-02-25T10:45:00+08:00,8457968,0,False,Wh,Commercial,0.0
142821,15,2025-02-25T11:00:00+08:00,8458290,0,False,Wh,Commercial,0.0
142821,15,2025-02-25T11:15:00+08:00,8458600,0,False,Wh,Commercial,0.0
142821,15,2025-02-25T11:30:00+08:00,8458912,0,False,Wh,Commercial,0.0
142821,15,2025-02-25T11:45:00+08:00,8459221,0,False,Wh,Commercial,0.0
142821,15,2025-02-25T12:00:00+08:00,8459534,0,False,Wh,Commercial,0.0
142821,15,2025-02-25T12:15:00+08:00,8459844,0,False,Wh,Commercial,0.0
142821,15,2025-02-25T12:30:00+08:00,8460141,0,False,Wh,Commercial,0.0
142821,15,2025-02-25T12:45:00+08:00,8460393,0,False,Wh,Commercial,0.0
142821,15,2025-02-25T13:00:00+08:00,8460691,0,False,Wh,Commercial,0.0
142821,15,2025-02-25T13:15:00+08:00,8460995,0,False,Wh,Commercial,0.0
142821,15,2025-02-25T13:30:00+08:00,8461362,0,False,Wh,Commercial,0.0
142821,15,2025-02-25T13:45:00+08:00,8461717,0,False,Wh,Commercial,0.0
142821,15,2025-02-25T14:00:00+08:00,8462019,0,False,Wh,Commercial,0.0
142821,15,2025-02-25T14:15:00+08:00,8462324,0,False,Wh,Commercial,0.0
142821,15,2025-02-25T14:30:00+08:00,8462645,0,False,Wh,Commercial,0.0
142821,15,2025-02-25T14:45:00+08:00,8462944,0,False,Wh,Commercial,0.0
142821,15,2025-02-25T15:00:00+08:00,8463213,0,False,Wh,Commercial,0.0
142821,15,2025-02-25T15:15:00+08:00,8463529,0,False,Wh,Commercial,0.0
142821,15,2025-02-25T15:30:00+08:00,8463826,0,False,Wh,Commercial,0.0
142821,15,2025-02-25T15:45:00+08:00,8464160,0,False,Wh,Commercial,0.0
142821,15,2025-02-25T16:00:00+08:00,8464386,0,False,Wh,Commercial,0.0
142821,15,2025-02-25T16:15:00+08:00,8464737,0,False,Wh,Commercial,0.0
142821,15,2025-02-25T16:30:00+08:00,8465187,0,False,Wh,Commercial,0.0
142821,15,2025-02-25T16:45:00+08:00,8465645,0,False,Wh,Commercial,0.0
142821,15,2025-02-25T17:00:00+08:00,8466087,0,False,Wh,Commercial,0.0
142821,15,2025-02-25T17:15:00+08:00,8466116,0,False,Wh,Commercial,0.0
142821,15,2025-02-25T17:30:00+08:00,8466139,0,False,Wh,Commercial,0.0
142821,15,2025-02-25T17:45:00+08:00,8466170,0,False,Wh,Commercial,0.0
142821,15,2025-02-25T18:00:00+08:00,8466207,0,False,Wh,Commercial,0.0
142821,15,2025-02-25T18:15:00+08:00,8466242,0,False,Wh,Commercial,0.0
142821,15,2025-02-25T18:30:00+08:00,8466275,0,False,Wh,Commercial,0.0
142821,15,2025-02-25T18:45:00+08:00,8466307,0,False,Wh,Commercial,0.0
142821,15,2025-02-25T19:00:00+08:00,8466337,0,False,Wh,Commercial,0.0
142821,15,2025-02-25T19:15:00+08:00,8466355,0,False,Wh,Commercial,0.0
142821,15,2025-02-25T19:30:00+08:00,8466373,0,False,Wh,Commercial,0.0
142821,15,2025-02-25T19:45:00+08:00,8466392,0,False,Wh,Commercial,0.0
142821,15,2025-02-25T20:00:00+08:00,8466410,0,False,Wh,Commercial,0.0
142821,15,2025-02-25T20:15:00+08:00,8466428,0,False,Wh,Commercial,0.0
142821,15,2025-02-25T20:30:00+08:00,8466446,0,False,Wh,Commercial,0.0
142821,15,2025-02-25T20:45:00+08:00,8466468,0,False,Wh,Commercial,0.0
142821,15,2025-02-25T21:00:00+08:00,8466501,0,False,Wh,Commercial,0.0
142821,15,2025-02-25T21:15:00+08:00,8466539,0,False,Wh,Commercial,0.0
142821,15,2025-02-25T21:30:00+08:00,8466576,0,False,Wh,Commercial,0.0
142821,15,2025-02-25T21:45:00+08:00,8466614,0,False,Wh,Commercial,0.0
142821,15,2025-02-25T22:00:00+08:00,8466651,0,False,Wh,Commercial,0.0
142821,15,2025-02-25T22:15:00+08:00,8466683,0,False,Wh,Commercial,0.0
142821,15,2025-02-25T22:30:00+08:00,8466707,0,False,Wh,Commercial,0.0
142821,15,2025-02-25T22:45:00+08:00,8466730,0,False,Wh,Commercial,0.0
142821,15,2025-02-25T23:00:00+08:00,8466753,0,False,Wh,Commercial,0.0
142821,15,2025-02-25T23:15:00+08:00,8466777,0,False,Wh,Commercial,0.0
142821,15,2025-02-25T23:30:00+08:00,8466800,0,False,Wh,Commercial,0.0
142821,15,2025-02-25T23:45:00+08:00,8466823,0,False,Wh,Commercial,0.0
142821,15,2025-02-26T00:00:00+08:00,8466847,0,False,Wh,Commercial,0.0
142821,15,2025-02-26T00:15:00+08:00,8466881,0,False,Wh,Commercial,0.0
142821,15,2025-02-26T00:30:00+08:00,8466920,0,False,Wh,Commercial,0.0
142821,15,2025-02-26T00:45:00+08:00,8466957,0,False,Wh,Commercial,0.0
142821,15,2025-02-26T01:00:00+08:00,8466995,0,False,Wh,Commercial,0.0
142821,15,2025-02-26T01:15:00+08:00,8467032,0,False,Wh,Commercial,0.0
142821,15,2025-02-26T01:30:00+08:00,8467060,0,False,Wh,Commercial,0.0
142821,15,2025-02-26T01:45:00+08:00,8467084,0,False,Wh,Commercial,0.0
142821,15,2025-02-26T02:00:00+08:00,8467107,0,False,Wh,Commercial,0.0
142821,15,2025-02-26T02:15:00+08:00,8467131,0,False,Wh,Commercial,0.0
142821,15,2025-02-26T02:30:00+08:00,8467154,0,False,Wh,Commercial,0.0
142821,15,2025-02-26T02:45:00+08:00,8467177,0,False,Wh,Commercial,0.0
142821,15,2025-02-26T03:00:00+08:00,8467201,0,False,Wh,Commercial,0.0
142821,15,2025-02-26T03:15:00+08:00,8467225,0,False,Wh,Commercial,0.0
142821,15,2025-02-26T03:30:00+08:00,8467264,0,False,Wh,Commercial,0.0
142821,15,2025-02-26T03:45:00+08:00,8467302,0,False,Wh,Commercial,0.0
142821,15,2025-02-26T04:00:00+08:00,8467339,0,False,Wh,Commercial,0.0
142821,15,2025-02-26T04:15:00+08:00,8467377,0,False,Wh,Commercial,0.0
142821,15,2025-02-26T04:30:00+08:00,8467414,0,False,Wh,Commercial,0.0
142821,15,2025-02-26T04:45:00+08:00,8467439,0,False,Wh,Commercial,0.0
142821,15,2025-02-26T05:00:00+08:00,8467463,0,False,Wh,Commercial,0.0
142821,15,2025-02-26T05:15:00+08:00,8467486,0,False,Wh,Commercial,0.0
142821,15,2025-02-26T05:30:00+08:00,8467510,0,False,Wh,Commercial,0.0
142821,15,2025-02-26T05:45:00+08:00,8467533,0,False,Wh,Commercial,0.0
142821,15,2025-02-26T06:00:00+08:00,8467557,0,False,Wh,Commercial,0.0
142821,15,2025-02-26T06:15:00+08:00,8467580,0,False,Wh,Commercial,0.0
142821,15,2025-02-26T06:30:00+08:00,8467606,0,False,Wh,Commercial,0.0
142821,15,2025-02-26T06:45:00+08:00,8467644,0,False,Wh,Commercial,0.0
142821,15,2025-02-26T07:00:00+08:00,8467682,0,False,Wh,Commercial,0.0
142821,15,2025-02-26T07:15:00+08:00,8467720,0,False,Wh,Commercial,0.0
142821,15,2025-02-26T07:30:00+08:00,8467757,0,False,Wh,Commercial,0.0
142821,15,2025-02-26T07:45:00+08:00,8467794,0,False,Wh,Commercial,0.0
142821,15,2025-02-26T08:00:00+08:00,8467818,0,False,Wh,Commercial,0.0
142821,15,2025-02-26T08:15:00+08:00,8467842,0,False,Wh,Commercial,0.0
142821,15,2025-02-26T08:30:00+08:00,8467865,0,False,Wh,Commercial,0.0
142821,15,2025-02-26T08:45:00+08:00,8467889,0,False,Wh,Commercial,0.0
142821,15,2025-02-26T09:00:00+08:00,8468135,0,False,Wh,Commercial,0.0
142821,15,2025-02-26T09:15:00+08:00,8468484,0,False,Wh,Commercial,0.0
142821,15,2025-02-26T09:30:00+08:00,8468835,0,False,Wh,Commercial,0.0
142821,15,2025-02-26T09:45:00+08:00,8469281,0,False,Wh,Commercial,0.0
142821,15,2025-02-26T10:00:00+08:00,8469760,0,False,Wh,Commercial,0.0
142821,15,2025-02-26T10:15:00+08:00,8470243,0,False,Wh,Commercial,0.0
142821,15,2025-02-26T10:30:00+08:00,8470728,0,False,Wh,Commercial,0.0
142821,15,2025-02-26T10:45:00+08:00,8471220,0,False,Wh,Commercial,0.0
142821,15,2025-02-26T11:00:00+08:00,8471709,0,False,Wh,Commercial,0.0
142821,15,2025-02-26T11:15:00+08:00,8472128,0,False,Wh,Commercial,0.0
142821,15,2025-02-26T11:30:00+08:00,8472504,0,False,Wh,Commercial,0.0
142821,15,2025-02-26T11:45:00+08:00,8472849,0,False,Wh,Commercial,0.0
142821,15,2025-02-26T12:00:00+08:00,8473201,0,False,Wh,Commercial,0.0
142821,15,2025-02-26T12:15:00+08:00,8473705,0,False,Wh,Commercial,0.0
142821,15,2025-02-26T12:30:00+08:00,8474110,0,False,Wh,Commercial,0.0
142821,15,2025-02-26T12:45:00+08:00,8474517,0,False,Wh,Commercial,0.0
142821,15,2025-02-26T13:00:00+08:00,8474933,0,False,Wh,Commercial,0.0
142821,15,2025-02-26T13:15:00+08:00,8475350,0,False,Wh,Commercial,0.0
142821,15,2025-02-26T13:30:00+08:00,8475767,0,False,Wh,Commercial,0.0
142821,15,2025-02-26T13:45:00+08:00,8476187,0,False,Wh,Commercial,0.0
142821,15,2025-02-26T14:00:00+08:00,8476604,0,False,Wh,Commercial,0.0
142821,15,2025-02-26T14:15:00+08:00,8477015,0,False,Wh,Commercial,0.0
142821,15,2025-02-26T14:30:00+08:00,8477424,0,False,Wh,Commercial,0.0
142821,15,2025-02-26T14:45:00+08:00,8477823,0,False,Wh,Commercial,0.0
142821,15,2025-02-26T15:00:00+08:00,8478193,0,False,Wh,Commercial,0.0
142821,15,2025-02-26T15:15:00+08:00,8478565,0,False,Wh,Commercial,0.0
142821,15,2025-02-26T15:30:00+08:00,8478932,0,False,Wh,Commercial,0.0
142821,15,2025-02-26T15:45:00+08:00,8479301,0,False,Wh,Commercial,0.0
142821,15,2025-02-26T16:00:00+08:00,8479671,0,False,Wh,Commercial,0.0
142821,15,2025-02-26T16:15:00+08:00,8480043,0,False,Wh,Commercial,0.0
142821,15,2025-02-26T16:30:00+08:00,8480496,0,False,Wh,Commercial,0.0
142821,15,2025-02-26T16:45:00+08:00,8481004,0,False,Wh,Commercial,0.0
142821,15,2025-02-26T17:00:00+08:00,8481532,0,False,Wh,Commercial,0.0
142821,15,2025-02-26T17:00:00+08:00,8481532,0,False,Wh,Commercial,0.0
142821,15,2025-02-26T17:15:00+08:00,8481575,0,False,Wh,Commercial,0.0
142821,15,2025-02-26T17:00:00+08:00,8481532,0,False,Wh,Commercial,0.0
142821,15,2025-02-26T17:15:00+08:00,8481575,0,False,Wh,Commercial,0.0
142821,15,2025-02-26T17:30:00+08:00,8481611,0,False,Wh,Commercial,0.0
142821,15,2025-02-26T17:30:00+08:00,8481611,0,False,Wh,Commercial,0.0
142821,15,2025-02-26T17:45:00+08:00,8481644,0,False,Wh,Commercial,0.0
142821,15,2025-02-26T18:00:00+08:00,8481669,0,False,Wh,Commercial,0.0
142821,15,2025-02-26T18:15:00+08:00,8481689,0,False,Wh,Commercial,0.0
142821,15,2025-02-26T18:30:00+08:00,8481707,0,False,Wh,Commercial,0.0
142821,15,2025-02-26T18:45:00+08:00,8481726,0,False,Wh,Commercial,0.0
142821,15,2025-02-26T19:00:00+08:00,8481745,0,False,Wh,Commercial,0.0
142821,15,2025-02-26T19:15:00+08:00,8481763,0,False,Wh,Commercial,0.0
142821,15,2025-02-26T19:30:00+08:00,8481782,0,False,Wh,Commercial,0.0
142821,15,2025-02-26T19:45:00+08:00,8481809,0,False,Wh,Commercial,0.0
142821,15,2025-02-26T20:00:00+08:00,8481842,0,False,Wh,Commercial,0.0
142821,15,2025-02-26T20:15:00+08:00,8481875,0,False,Wh,Commercial,0.0
142821,15,2025-02-26T20:30:00+08:00,8481907,0,False,Wh,Commercial,0.0
142821,15,2025-02-26T20:45:00+08:00,8481939,0,False,Wh,Commercial,0.0
142821,15,2025-02-26T21:00:00+08:00,8481972,0,False,Wh,Commercial,0.0
142821,15,2025-02-26T21:15:00+08:00,8481998,0,False,Wh,Commercial,0.0
142821,15,2025-02-26T21:30:00+08:00,8482016,0,False,Wh,Commercial,0.0
142821,15,2025-02-26T21:45:00+08:00,8482035,0,False,Wh,Commercial,0.0
142821,15,2025-02-26T22:00:00+08:00,8482053,0,False,Wh,Commercial,0.0
142821,15,2025-02-26T22:15:00+08:00,8482072,0,False,Wh,Commercial,0.0
142821,15,2025-02-26T22:30:00+08:00,8482091,0,False,Wh,Commercial,0.0
142821,15,2025-02-26T22:45:00+08:00,8482109,0,False,Wh,Commercial,0.0
142821,15,2025-02-26T23:00:00+08:00,8482129,0,False,Wh,Commercial,0.0
142821,15,2025-02-26T23:15:00+08:00,8482162,0,False,Wh,Commercial,0.0
142821,15,2025-02-26T23:30:00+08:00,8482195,0,False,Wh,Commercial,0.0
142821,15,2025-02-26T23:45:00+08:00,8482227,0,False,Wh,Commercial,0.0
142821,15,2025-02-27T00:00:00+08:00,8482260,0,False,Wh,Commercial,0.0
142821,15,2025-02-27T00:15:00+08:00,8482291,0,False,Wh,Commercial,0.0
142821,15,2025-02-27T00:30:00+08:00,8482321,0,False,Wh,Commercial,0.0
142821,15,2025-02-27T00:45:00+08:00,8482345,0,False,Wh,Commercial,0.0
142821,15,2025-02-27T01:00:00+08:00,8482368,0,False,Wh,Commercial,0.0
142821,15,2025-02-27T01:15:00+08:00,8482392,0,False,Wh,Commercial,0.0
142821,15,2025-02-27T01:30:00+08:00,8482415,0,False,Wh,Commercial,0.0
142821,15,2025-02-27T01:45:00+08:00,8482439,0,False,Wh,Commercial,0.0
142821,15,2025-02-27T02:00:00+08:00,8482462,0,False,Wh,Commercial,0.0
142821,15,2025-02-27T02:15:00+08:00,8482486,0,False,Wh,Commercial,0.0
142821,15,2025-02-27T02:30:00+08:00,8482522,0,False,Wh,Commercial,0.0
142821,15,2025-02-27T02:45:00+08:00,8482560,0,False,Wh,Commercial,0.0
142821,15,2025-02-27T03:00:00+08:00,8482598,0,False,Wh,Commercial,0.0
142821,15,2025-02-27T03:15:00+08:00,8482636,0,False,Wh,Commercial,0.0
142821,15,2025-02-27T03:30:00+08:00,8482673,0,False,Wh,Commercial,0.0
142821,15,2025-02-27T03:45:00+08:00,8482707,0,False,Wh,Commercial,0.0
142821,15,2025-02-27T04:00:00+08:00,8482730,0,False,Wh,Commercial,0.0
142821,15,2025-02-27T04:15:00+08:00,8482753,0,False,Wh,Commercial,0.0
142821,15,2025-02-27T04:30:00+08:00,8482777,0,False,Wh,Commercial,0.0
142821,15,2025-02-27T04:45:00+08:00,8482801,0,False,Wh,Commercial,0.0
142821,15,2025-02-27T05:00:00+08:00,8482824,0,False,Wh,Commercial,0.0
142821,15,2025-02-27T05:15:00+08:00,8482848,0,False,Wh,Commercial,0.0
142821,15,2025-02-27T05:30:00+08:00,8482871,0,False,Wh,Commercial,0.0
142821,15,2025-02-27T05:45:00+08:00,8482904,0,False,Wh,Commercial,0.0
142821,15,2025-02-27T06:00:00+08:00,8482942,0,False,Wh,Commercial,0.0
142821,15,2025-02-27T06:15:00+08:00,8482980,0,False,Wh,Commercial,0.0
142821,15,2025-02-27T06:30:00+08:00,8483018,0,False,Wh,Commercial,0.0
142821,15,2025-02-27T06:45:00+08:00,8483055,0,False,Wh,Commercial,0.0
142821,15,2025-02-27T07:00:00+08:00,8483088,0,False,Wh,Commercial,0.0
142821,15,2025-02-27T07:15:00+08:00,8483111,0,False,Wh,Commercial,0.0
142821,15,2025-02-27T07:30:00+08:00,8483135,0,False,Wh,Commercial,0.0
142821,15,2025-02-27T07:45:00+08:00,8483158,0,False,Wh,Commercial,0.0
142821,15,2025-02-27T08:00:00+08:00,8483182,0,False,Wh,Commercial,0.0
142821,15,2025-02-27T08:15:00+08:00,8483205,0,False,Wh,Commercial,0.0
142821,15,2025-02-27T08:30:00+08:00,8483228,0,False,Wh,Commercial,0.0
142821,15,2025-02-27T08:45:00+08:00,8483252,0,False,Wh,Commercial,0.0
142821,15,2025-02-27T09:00:00+08:00,8483285,0,False,Wh,Commercial,0.0
142821,15,2025-02-27T09:15:00+08:00,8483340,0,False,Wh,Commercial,0.0
142821,15,2025-02-27T09:30:00+08:00,8483623,0,False,Wh,Commercial,0.0
142821,15,2025-02-27T09:45:00+08:00,8483902,0,False,Wh,Commercial,0.0
142821,15,2025-02-27T10:00:00+08:00,8484171,0,False,Wh,Commercial,0.0
142821,15,2025-02-27T10:15:00+08:00,8484433,0,False,Wh,Commercial,0.0
142821,15,2025-02-27T10:30:00+08:00,8484701,0,False,Wh,Commercial,0.0
142821,15,2025-02-27T10:45:00+08:00,8484963,0,False,Wh,Commercial,0.0
142821,15,2025-02-27T11:00:00+08:00,8485225,0,False,Wh,Commercial,0.0
142821,15,2025-02-27T11:15:00+08:00,8485486,0,False,Wh,Commercial,0.0
142821,15,2025-02-27T11:30:00+08:00,8485746,0,False,Wh,Commercial,0.0
142821,15,2025-02-27T11:45:00+08:00,8486006,0,False,Wh,Commercial,0.0
142821,15,2025-02-27T12:00:00+08:00,8486261,0,False,Wh,Commercial,0.0
142821,15,2025-02-27T12:15:00+08:00,8486517,0,False,Wh,Commercial,0.0
142821,15,2025-02-27T12:30:00+08:00,8486781,0,False,Wh,Commercial,0.0
142821,15,2025-02-27T12:45:00+08:00,8487048,0,False,Wh,Commercial,0.0
142821,15,2025-02-27T13:00:00+08:00,8487250,0,False,Wh,Commercial,0.0
142821,15,2025-02-27T13:15:00+08:00,8487348,0,False,Wh,Commercial,0.0
142821,15,2025-02-27T13:30:00+08:00,8487445,0,False,Wh,Commercial,0.0
142821,15,2025-02-27T13:45:00+08:00,8487537,0,False,Wh,Commercial,0.0
142821,15,2025-02-27T14:00:00+08:00,8487614,0,False,Wh,Commercial,0.0
142821,15,2025-02-27T14:15:00+08:00,8487691,0,False,Wh,Commercial,0.0
142821,15,2025-02-27T14:30:00+08:00,8487770,0,False,Wh,Commercial,0.0
142821,15,2025-02-27T14:45:00+08:00,8487848,0,False,Wh,Commercial,0.0
142821,15,2025-02-27T15:00:00+08:00,8487927,0,False,Wh,Commercial,0.0
142821,15,2025-02-27T15:15:00+08:00,8488005,0,False,Wh,Commercial,0.0
142821,15,2025-02-27T15:30:00+08:00,8488082,0,False,Wh,Commercial,0.0
142821,15,2025-02-27T15:45:00+08:00,8488169,0,False,Wh,Commercial,0.0
142821,15,2025-02-27T16:00:00+08:00,8488261,0,False,Wh,Commercial,0.0
142821,15,2025-02-27T16:15:00+08:00,8488354,0,False,Wh,Commercial,0.0
142821,15,2025-02-27T16:30:00+08:00,8488446,0,False,Wh,Commercial,0.0
142821,15,2025-02-27T16:45:00+08:00,8488537,0,False,Wh,Commercial,0.0
142821,15,2025-02-27T17:00:00+08:00,8488628,0,False,Wh,Commercial,0.0
142821,15,2025-02-27T17:15:00+08:00,8488710,0,False,Wh,Commercial,0.0
142821,15,2025-02-27T17:30:00+08:00,8488795,0,False,Wh,Commercial,0.0
142821,15,2025-02-27T17:45:00+08:00,8488880,0,False,Wh,Commercial,0.0
142821,15,2025-02-27T18:00:00+08:00,8488965,0,False,Wh,Commercial,0.0
142821,15,2025-02-27T18:15:00+08:00,8489049,0,False,Wh,Commercial,0.0
142821,15,2025-02-27T18:30:00+08:00,8489131,0,False,Wh,Commercial,0.0
142821,15,2025-02-27T18:45:00+08:00,8489234,0,False,Wh,Commercial,0.0
142821,15,2025-02-27T19:00:00+08:00,8489311,0,False,Wh,Commercial,0.0
142821,15,2025-02-27T19:15:00+08:00,8489365,0,False,Wh,Commercial,0.0
142821,15,2025-02-27T19:30:00+08:00,8489417,0,False,Wh,Commercial,0.0
142821,15,2025-02-27T19:45:00+08:00,8489469,0,False,Wh,Commercial,0.0
142821,15,2025-02-27T20:00:00+08:00,8489516,0,False,Wh,Commercial,0.0
142821,15,2025-02-27T20:15:00+08:00,8489552,0,False,Wh,Commercial,0.0
142821,15,2025-02-27T20:30:00+08:00,8489586,0,False,Wh,Commercial,0.0
142821,15,2025-02-27T20:45:00+08:00,8489621,0,False,Wh,Commercial,0.0
142821,15,2025-02-27T21:00:00+08:00,8489655,0,False,Wh,Commercial,0.0
142821,15,2025-02-27T21:15:00+08:00,8489689,0,False,Wh,Commercial,0.0
142821,15,2025-02-27T21:30:00+08:00,8489723,0,False,Wh,Commercial,0.0
142821,15,2025-02-27T21:45:00+08:00,8489757,0,False,Wh,Commercial,0.0
142821,15,2025-02-27T22:00:00+08:00,8489802,0,False,Wh,Commercial,0.0
142821,15,2025-02-27T22:15:00+08:00,8489851,0,False,Wh,Commercial,0.0
142821,15,2025-02-27T22:30:00+08:00,8489899,0,False,Wh,Commercial,0.0
142821,15,2025-02-27T22:45:00+08:00,8489948,0,False,Wh,Commercial,0.0
142821,15,2025-02-27T23:00:00+08:00,8490001,0,False,Wh,Commercial,0.0
142821,15,2025-02-27T23:15:00+08:00,8490050,0,False,Wh,Commercial,0.0
142821,15,2025-02-27T23:30:00+08:00,8490089,0,False,Wh,Commercial,0.0
142821,15,2025-02-27T23:45:00+08:00,8490129,0,False,Wh,Commercial,0.0
142821,15,2025-02-28T00:00:00+08:00,8490168,0,False,Wh,Commercial,0.0
142821,15,2025-02-28T00:15:00+08:00,8490208,0,False,Wh,Commercial,0.0
142821,15,2025-02-28T00:30:00+08:00,8490247,0,False,Wh,Commercial,0.0
142821,15,2025-02-28T00:45:00+08:00,8490287,0,False,Wh,Commercial,0.0
142821,15,2025-02-28T01:00:00+08:00,8490327,0,False,Wh,Commercial,0.0
142821,15,2025-02-28T01:15:00+08:00,8490376,0,False,Wh,Commercial,0.0
142821,15,2025-02-28T01:30:00+08:00,8490430,0,False,Wh,Commercial,0.0
142821,15,2025-02-28T01:45:00+08:00,8490485,0,False,Wh,Commercial,0.0
142821,15,2025-02-28T02:00:00+08:00,8490539,0,False,Wh,Commercial,0.0
142821,15,2025-02-28T02:15:00+08:00,8490592,0,False,Wh,Commercial,0.0
142821,15,2025-02-28T02:30:00+08:00,8490640,0,False,Wh,Commercial,0.0
142821,15,2025-02-28T02:45:00+08:00,8490679,0,False,Wh,Commercial,0.0
142821,15,2025-02-28T03:00:00+08:00,8490719,0,False,Wh,Commercial,0.0
142821,15,2025-02-28T03:15:00+08:00,8490758,0,False,Wh,Commercial,0.0
142821,15,2025-02-28T03:30:00+08:00,8490797,0,False,Wh,Commercial,0.0
142821,15,2025-02-28T03:45:00+08:00,8490837,0,False,Wh,Commercial,0.0
142821,15,2025-02-28T04:00:00+08:00,8490876,0,False,Wh,Commercial,0.0
142821,15,2025-02-28T04:15:00+08:00,8490916,0,False,Wh,Commercial,0.0
142821,15,2025-02-28T04:30:00+08:00,8490965,0,False,Wh,Commercial,0.0
142821,15,2025-02-28T04:45:00+08:00,8491018,0,False,Wh,Commercial,0.0
142821,15,2025-02-28T05:00:00+08:00,8491072,0,False,Wh,Commercial,0.0
142821,15,2025-02-28T05:15:00+08:00,8491125,0,False,Wh,Commercial,0.0
142821,15,2025-02-28T05:30:00+08:00,8491178,0,False,Wh,Commercial,0.0
142821,15,2025-02-28T05:45:00+08:00,8491224,0,False,Wh,Commercial,0.0
142821,15,2025-02-28T06:00:00+08:00,8491264,0,False,Wh,Commercial,0.0
142821,15,2025-02-28T06:15:00+08:00,8491303,0,False,Wh,Commercial,0.0
142821,15,2025-02-28T06:30:00+08:00,8491343,0,False,Wh,Commercial,0.0
142821,15,2025-02-28T06:45:00+08:00,8491382,0,False,Wh,Commercial,0.0
142821,15,2025-02-28T07:00:00+08:00,8491421,0,False,Wh,Commercial,0.0
142821,15,2025-02-28T07:15:00+08:00,8491461,0,False,Wh,Commercial,0.0
142821,15,2025-02-28T07:30:00+08:00,8491500,0,False,Wh,Commercial,0.0
142821,15,2025-02-28T07:45:00+08:00,8491548,0,False,Wh,Commercial,0.0
142821,15,2025-02-28T08:00:00+08:00,8491602,0,False,Wh,Commercial,0.0
142821,15,2025-02-28T08:15:00+08:00,8491655,0,False,Wh,Commercial,0.0
142821,15,2025-02-28T09:30:00+08:00,8491666,0,False,Wh,Commercial,0.0
142821,15,2025-02-28T09:45:00+08:00,8491850,0,False,Wh,Commercial,0.0
142821,15,2025-02-28T10:00:00+08:00,8492158,0,False,Wh,Commercial,0.0
142821,15,2025-02-28T10:15:00+08:00,8492455,0,False,Wh,Commercial,0.0
142821,15,2025-02-28T10:30:00+08:00,8492698,0,False,Wh,Commercial,0.0
142821,15,2025-02-28T10:45:00+08:00,8492941,0,False,Wh,Commercial,0.0
142821,15,2025-02-28T11:00:00+08:00,8493202,0,False,Wh,Commercial,0.0
142821,15,2025-02-28T11:15:00+08:00,8493456,0,False,Wh,Commercial,0.0
142821,15,2025-02-28T11:30:00+08:00,8493719,0,False,Wh,Commercial,0.0
142821,15,2025-02-28T11:45:00+08:00,8494019,0,False,Wh,Commercial,0.0
142821,15,2025-02-28T12:00:00+08:00,8494337,0,False,Wh,Commercial,0.0
142821,15,2025-02-28T12:15:00+08:00,8494671,0,False,Wh,Commercial,0.0
142821,15,2025-02-28T12:30:00+08:00,8495000,0,False,Wh,Commercial,0.0
142821,15,2025-02-28T12:45:00+08:00,8495337,0,False,Wh,Commercial,0.0
142821,15,2025-02-28T13:00:00+08:00,8495688,0,False,Wh,Commercial,0.0
142821,15,2025-02-28T13:15:00+08:00,8496048,0,False,Wh,Commercial,0.0
142821,15,2025-02-28T13:30:00+08:00,8496459,0,False,Wh,Commercial,0.0
142821,15,2025-02-28T13:45:00+08:00,8496894,0,False,Wh,Commercial,0.0
142821,15,2025-02-28T14:00:00+08:00,8497243,0,False,Wh,Commercial,0.0
142821,15,2025-02-28T14:15:00+08:00,8497587,0,False,Wh,Commercial,0.0
142821,15,2025-02-28T14:30:00+08:00,8497941,0,False,Wh,Commercial,0.0
142821,15,2025-02-28T14:45:00+08:00,8498268,0,False,Wh,Commercial,0.0
142821,15,2025-02-28T15:00:00+08:00,8498604,0,False,Wh,Commercial,0.0
142821,15,2025-02-28T15:15:00+08:00,8498939,0,False,Wh,Commercial,0.0
142821,15,2025-02-28T15:30:00+08:00,8499223,0,False,Wh,Commercial,0.0
142821,15,2025-02-28T15:45:00+08:00,8499633,0,False,Wh,Commercial,0.0
142821,15,2025-02-28T16:00:00+08:00,8500215,0,False,Wh,Commercial,0.0
142821,15,2025-02-28T16:15:00+08:00,8500777,0,False,Wh,Commercial,0.0
142821,15,2025-02-28T16:30:00+08:00,8501292,0,False,Wh,Commercial,0.0
142821,15,2025-02-28T16:45:00+08:00,8501813,0,False,Wh,Commercial,0.0
142821,15,2025-02-28T17:00:00+08:00,8502182,0,False,Wh,Commercial,0.0
142821,15,2025-02-28T17:15:00+08:00,8502221,0,False,Wh,Commercial,0.0
142821,15,2025-02-28T17:30:00+08:00,8502254,0,False,Wh,Commercial,0.0
142821,15,2025-02-28T17:45:00+08:00,8502276,0,False,Wh,Commercial,0.0
142821,15,2025-02-28T18:00:00+08:00,8502297,0,False,Wh,Commercial,0.0
142821,15,2025-02-28T18:15:00+08:00,8502318,0,False,Wh,Commercial,0.0
142821,15,2025-02-28T18:30:00+08:00,8502338,0,False,Wh,Commercial,0.0
142821,15,2025-02-28T18:45:00+08:00,8502358,0,False,Wh,Commercial,0.0
142821,15,2025-02-28T19:00:00+08:00,8502378,0,False,Wh,Commercial,0.0
142821,15,2025-02-28T19:15:00+08:00,8502397,0,False,Wh,Commercial,0.0
142821,15,2025-02-28T19:30:00+08:00,8502424,0,False,Wh,Commercial,0.0
142821,15,2025-02-28T19:45:00+08:00,8502457,0,False,Wh,Commercial,0.0
142821,15,2025-02-28T20:00:00+08:00,8502490,0,False,Wh,Commercial,0.0
142821,15,2025-02-28T20:15:00+08:00,8502523,0,False,Wh,Commercial,0.0
142821,15,2025-02-28T20:30:00+08:00,8502555,0,False,Wh,Commercial,0.0
142821,15,2025-02-28T20:45:00+08:00,8502587,0,False,Wh,Commercial,0.0
142821,15,2025-02-28T21:00:00+08:00,8502611,0,False,Wh,Commercial,0.0
142821,15,2025-02-28T21:15:00+08:00,8502634,0,False,Wh,Commercial,0.0
142821,15,2025-02-28T21:30:00+08:00,8502657,0,False,Wh,Commercial,0.0
142821,15,2025-02-28T21:45:00+08:00,8502681,0,False,Wh,Commercial,0.0
142821,15,2025-02-28T22:00:00+08:00,8502704,0,False,Wh,Commercial,0.0
142821,15,2025-02-28T22:15:00+08:00,8502728,0,False,Wh,Commercial,0.0
142821,15,2025-02-28T22:30:00+08:00,8502751,0,False,Wh,Commercial,0.0
142821,15,2025-02-28T22:45:00+08:00,8502774,0,False,Wh,Commercial,0.0
142821,15,2025-02-28T23:00:00+08:00,8502812,0,False,Wh,Commercial,0.0
142821,15,2025-02-28T23:15:00+08:00,8502850,0,False,Wh,Commercial,0.0
142821,15,2025-02-28T23:30:00+08:00,8502887,0,False,Wh,Commercial,0.0
142821,15,2025-02-28T23:45:00+08:00,8502925,0,False,Wh,Commercial,0.0
142821,15,2025-03-01T00:00:00+08:00,8502962,0,False,Wh,Commercial,0.0
142821,15,2025-03-01T00:15:00+08:00,8502994,0,False,Wh,Commercial,0.0
142821,15,2025-03-01T00:30:00+08:00,8503017,0,False,Wh,Commercial,0.0
142821,15,2025-03-01T00:45:00+08:00,8503041,0,False,Wh,Commercial,0.0
142821,15,2025-03-01T01:00:00+08:00,8503064,0,False,Wh,Commercial,0.0
142821,15,2025-03-01T01:15:00+08:00,8503087,0,False,Wh,Commercial,0.0
142821,15,2025-03-01T01:30:00+08:00,8503111,0,False,Wh,Commercial,0.0
142821,15,2025-03-01T01:45:00+08:00,8503134,0,False,Wh,Commercial,0.0
142821,15,2025-03-01T02:00:00+08:00,8503158,0,False,Wh,Commercial,0.0
142821,15,2025-03-01T02:15:00+08:00,8503193,0,False,Wh,Commercial,0.0
142821,15,2025-03-01T02:30:00+08:00,8503232,0,False,Wh,Commercial,0.0
142821,15,2025-03-01T02:45:00+08:00,8503270,0,False,Wh,Commercial,0.0
142821,15,2025-03-01T03:00:00+08:00,8503309,0,False,Wh,Commercial,0.0
142821,15,2025-03-01T03:15:00+08:00,8503347,0,False,Wh,Commercial,0.0
142821,15,2025-03-01T03:30:00+08:00,8503378,0,False,Wh,Commercial,0.0
142821,15,2025-03-01T03:45:00+08:00,8503402,0,False,Wh,Commercial,0.0
142821,15,2025-03-01T04:00:00+08:00,8503426,0,False,Wh,Commercial,0.0
142821,15,2025-03-01T04:15:00+08:00,8503449,0,False,Wh,Commercial,0.0
142821,15,2025-03-01T04:30:00+08:00,8503473,0,False,Wh,Commercial,0.0
142821,15,2025-03-01T04:45:00+08:00,8503497,0,False,Wh,Commercial,0.0
142821,15,2025-03-01T05:00:00+08:00,8503521,0,False,Wh,Commercial,0.0
142821,15,2025-03-01T05:15:00+08:00,8503544,0,False,Wh,Commercial,0.0
142821,15,2025-03-01T05:30:00+08:00,8503578,0,False,Wh,Commercial,0.0
142821,15,2025-03-01T05:45:00+08:00,8503617,0,False,Wh,Commercial,0.0
142821,15,2025-03-01T06:00:00+08:00,8503655,0,False,Wh,Commercial,0.0
142821,15,2025-03-01T06:15:00+08:00,8503693,0,False,Wh,Commercial,0.0
142821,15,2025-03-01T06:30:00+08:00,8503731,0,False,Wh,Commercial,0.0
142821,15,2025-03-01T06:45:00+08:00,8503761,0,False,Wh,Commercial,0.0
142821,15,2025-03-01T07:00:00+08:00,8503785,0,False,Wh,Commercial,0.0
142821,15,2025-03-01T07:15:00+08:00,8503808,0,False,Wh,Commercial,0.0
142821,15,2025-03-01T07:30:00+08:00,8503832,0,False,Wh,Commercial,0.0
142821,15,2025-03-01T07:45:00+08:00,8503856,0,False,Wh,Commercial,0.0
142821,15,2025-03-01T08:00:00+08:00,8503879,0,False,Wh,Commercial,0.0
142821,15,2025-03-01T08:15:00+08:00,8503903,0,False,Wh,Commercial,0.0
142821,15,2025-03-01T08:30:00+08:00,8503926,0,False,Wh,Commercial,0.0
142821,15,2025-03-01T08:45:00+08:00,8504034,0,False,Wh,Commercial,0.0
142821,15,2025-03-01T09:00:00+08:00,8504287,0,False,Wh,Commercial,0.0
142821,15,2025-03-01T09:15:00+08:00,8504507,0,False,Wh,Commercial,0.0
142821,15,2025-03-01T09:30:00+08:00,8504741,0,False,Wh,Commercial,0.0
142821,15,2025-03-01T09:45:00+08:00,8505036,0,False,Wh,Commercial,0.0
142821,15,2025-03-01T10:00:00+08:00,8505369,0,False,Wh,Commercial,0.0
142821,15,2025-03-01T10:15:00+08:00,8505708,0,False,Wh,Commercial,0.0
142821,15,2025-03-01T10:30:00+08:00,8506003,0,False,Wh,Commercial,0.0
142821,15,2025-03-01T10:45:00+08:00,8506350,0,False,Wh,Commercial,0.0
142821,15,2025-03-01T11:00:00+08:00,8506599,0,False,Wh,Commercial,0.0
142821,15,2025-03-01T11:15:00+08:00,8506818,0,False,Wh,Commercial,0.0
142821,15,2025-03-01T11:30:00+08:00,8507041,0,False,Wh,Commercial,0.0
142821,15,2025-03-01T11:45:00+08:00,8507269,0,False,Wh,Commercial,0.0
142821,15,2025-03-01T12:00:00+08:00,8507516,0,False,Wh,Commercial,0.0
142821,15,2025-03-01T12:15:00+08:00,8507782,0,False,Wh,Commercial,0.0
142821,15,2025-03-01T12:30:00+08:00,8508108,0,False,Wh,Commercial,0.0
142821,15,2025-03-01T12:45:00+08:00,8508431,0,False,Wh,Commercial,0.0
142821,15,2025-03-01T13:00:00+08:00,8508771,0,False,Wh,Commercial,0.0
142821,15,2025-03-01T13:15:00+08:00,8509080,0,False,Wh,Commercial,0.0
142821,15,2025-03-01T13:30:00+08:00,8509419,0,False,Wh,Commercial,0.0
142821,15,2025-03-01T13:45:00+08:00,8509859,0,False,Wh,Commercial,0.0
142821,15,2025-03-01T14:00:00+08:00,8510216,0,False,Wh,Commercial,0.0
142821,15,2025-03-01T14:15:00+08:00,8510236,0,False,Wh,Commercial,0.0
142821,15,2025-03-01T14:30:00+08:00,8510254,0,False,Wh,Commercial,0.0
142821,15,2025-03-01T14:45:00+08:00,8510271,0,False,Wh,Commercial,0.0
142821,15,2025-03-01T15:00:00+08:00,8510288,0,False,Wh,Commercial,0.0
142821,15,2025-03-01T15:15:00+08:00,8510304,0,False,Wh,Commercial,0.0
142821,15,2025-03-01T15:30:00+08:00,8510329,0,False,Wh,Commercial,0.0
142821,15,2025-03-01T15:45:00+08:00,8510361,0,False,Wh,Commercial,0.0
142821,15,2025-03-01T16:00:00+08:00,8510391,0,False,Wh,Commercial,0.0
142821,15,2025-03-01T16:15:00+08:00,8510422,0,False,Wh,Commercial,0.0
142821,15,2025-03-01T16:30:00+08:00,8510452,0,False,Wh,Commercial,0.0
142821,15,2025-03-01T16:45:00+08:00,8510482,0,False,Wh,Commercial,0.0
142821,15,2025-03-01T17:00:00+08:00,8510501,0,False,Wh,Commercial,0.0
142821,15,2025-03-01T17:15:00+08:00,8510517,0,False,Wh,Commercial,0.0
142821,15,2025-03-01T17:30:00+08:00,8510533,0,False,Wh,Commercial,0.0
142821,15,2025-03-01T17:45:00+08:00,8510549,0,False,Wh,Commercial,0.0
142821,15,2025-03-01T18:00:00+08:00,8510566,0,False,Wh,Commercial,0.0
142821,15,2025-03-01T18:15:00+08:00,8510582,0,False,Wh,Commercial,0.0
142821,15,2025-03-01T18:30:00+08:00,8510598,0,False,Wh,Commercial,0.0
142821,15,2025-03-01T18:45:00+08:00,8510617,0,False,Wh,Commercial,0.0
142821,15,2025-03-01T19:00:00+08:00,8510648,0,False,Wh,Commercial,0.0
142821,15,2025-03-01T19:15:00+08:00,8510679,0,False,Wh,Commercial,0.0
142821,15,2025-03-01T19:30:00+08:00,8510709,0,False,Wh,Commercial,0.0
142821,15,2025-03-01T19:45:00+08:00,8510739,0,False,Wh,Commercial,0.0
142821,15,2025-03-01T20:00:00+08:00,8510769,0,False,Wh,Commercial,0.0
142821,15,2025-03-01T20:15:00+08:00,8510798,0,False,Wh,Commercial,0.0
142821,15,2025-03-01T20:30:00+08:00,8510815,0,False,Wh,Commercial,0.0
142821,15,2025-03-01T20:45:00+08:00,8510831,0,False,Wh,Commercial,0.0
142821,15,2025-03-01T21:00:00+08:00,8510847,0,False,Wh,Commercial,0.0
142821,15,2025-03-01T21:15:00+08:00,8510863,0,False,Wh,Commercial,0.0
142821,15,2025-03-01T21:30:00+08:00,8510879,0,False,Wh,Commercial,0.0
142821,15,2025-03-01T21:45:00+08:00,8510895,0,False,Wh,Commercial,0.0
142821,15,2025-03-01T22:00:00+08:00,8510911,0,False,Wh,Commercial,0.0
142821,15,2025-03-01T22:15:00+08:00,8510936,0,False,Wh,Commercial,0.0
142821,15,2025-03-01T22:30:00+08:00,8510967,0,False,Wh,Commercial,0.0
142821,15,2025-03-01T22:45:00+08:00,8510997,0,False,Wh,Commercial,0.0
142821,15,2025-03-01T23:00:00+08:00,8511031,0,False,Wh,Commercial,0.0
142821,15,2025-03-01T23:15:00+08:00,8511066,0,False,Wh,Commercial,0.0
142821,15,2025-03-01T23:30:00+08:00,8511101,0,False,Wh,Commercial,0.0
142821,15,2025-03-01T23:45:00+08:00,8511129,0,False,Wh,Commercial,0.0
142821,15,2025-03-02T00:00:00+08:00,8511151,0,False,Wh,Commercial,0.0
142821,15,2025-03-02T00:15:00+08:00,8511172,0,False,Wh,Commercial,0.0
142821,15,2025-03-02T00:30:00+08:00,8511193,0,False,Wh,Commercial,0.0
142821,15,2025-03-02T00:45:00+08:00,8511215,0,False,Wh,Commercial,0.0
142821,15,2025-03-02T01:00:00+08:00,8511236,0,False,Wh,Commercial,0.0
142821,15,2025-03-02T01:15:00+08:00,8511257,0,False,Wh,Commercial,0.0
142821,15,2025-03-02T01:30:00+08:00,8511279,0,False,Wh,Commercial,0.0
142821,15,2025-03-02T01:45:00+08:00,8511313,0,False,Wh,Commercial,0.0
142821,15,2025-03-02T02:00:00+08:00,8511349,0,False,Wh,Commercial,0.0
142821,15,2025-03-02T02:15:00+08:00,8511385,0,False,Wh,Commercial,0.0
142821,15,2025-03-02T02:30:00+08:00,8511421,0,False,Wh,Commercial,0.0
142821,15,2025-03-02T02:45:00+08:00,8511456,0,False,Wh,Commercial,0.0
142821,15,2025-03-02T03:00:00+08:00,8511488,0,False,Wh,Commercial,0.0
142821,15,2025-03-02T03:15:00+08:00,8511510,0,False,Wh,Commercial,0.0
142821,15,2025-03-02T03:30:00+08:00,8511531,0,False,Wh,Commercial,0.0
142821,15,2025-03-02T03:45:00+08:00,8511552,0,False,Wh,Commercial,0.0
142821,15,2025-03-02T04:00:00+08:00,8511574,0,False,Wh,Commercial,0.0
142821,15,2025-03-02T04:15:00+08:00,8511595,0,False,Wh,Commercial,0.0
142821,15,2025-03-02T04:30:00+08:00,8511617,0,False,Wh,Commercial,0.0
142821,15,2025-03-02T04:45:00+08:00,8511638,0,False,Wh,Commercial,0.0
142821,15,2025-03-02T05:00:00+08:00,8511667,0,False,Wh,Commercial,0.0
142821,15,2025-03-02T05:15:00+08:00,8511704,0,False,Wh,Commercial,0.0
142821,15,2025-03-02T05:30:00+08:00,8511740,0,False,Wh,Commercial,0.0
142821,15,2025-03-02T05:45:00+08:00,8511775,0,False,Wh,Commercial,0.0
142821,15,2025-03-02T06:00:00+08:00,8511811,0,False,Wh,Commercial,0.0
142821,15,2025-03-02T06:15:00+08:00,8511845,0,False,Wh,Commercial,0.0
142821,15,2025-03-02T06:30:00+08:00,8511866,0,False,Wh,Commercial,0.0
142821,15,2025-03-02T06:45:00+08:00,8511887,0,False,Wh,Commercial,0.0
142821,15,2025-03-02T07:00:00+08:00,8511909,0,False,Wh,Commercial,0.0
142821,15,2025-03-02T07:15:00+08:00,8511930,0,False,Wh,Commercial,0.0
142821,15,2025-03-02T07:30:00+08:00,8511951,0,False,Wh,Commercial,0.0
142821,15,2025-03-02T07:45:00+08:00,8511972,0,False,Wh,Commercial,0.0
142821,15,2025-03-02T08:00:00+08:00,8511993,0,False,Wh,Commercial,0.0
142821,15,2025-03-02T08:15:00+08:00,8512019,0,False,Wh,Commercial,0.0
142821,15,2025-03-02T08:30:00+08:00,8512055,0,False,Wh,Commercial,0.0
142821,15,2025-03-02T08:45:00+08:00,8512090,0,False,Wh,Commercial,0.0
142821,15,2025-03-02T09:00:00+08:00,8512125,0,False,Wh,Commercial,0.0
142821,15,2025-03-02T09:15:00+08:00,8512160,0,False,Wh,Commercial,0.0
142821,15,2025-03-02T09:30:00+08:00,8512195,0,False,Wh,Commercial,0.0
142821,15,2025-03-02T09:45:00+08:00,8512218,0,False,Wh,Commercial,0.0
142821,15,2025-03-02T10:00:00+08:00,8512239,0,False,Wh,Commercial,0.0
142821,15,2025-03-02T10:15:00+08:00,8512260,0,False,Wh,Commercial,0.0
142821,15,2025-03-02T10:30:00+08:00,8512279,0,False,Wh,Commercial,0.0
142821,15,2025-03-02T10:45:00+08:00,8512295,0,False,Wh,Commercial,0.0
142821,15,2025-03-02T11:00:00+08:00,8512311,0,False,Wh,Commercial,0.0
142821,15,2025-03-02T11:15:00+08:00,8512327,0,False,Wh,Commercial,0.0
142821,15,2025-03-02T11:30:00+08:00,8512345,0,False,Wh,Commercial,0.0
142821,15,2025-03-02T11:45:00+08:00,8512376,0,False,Wh,Commercial,0.0
142821,15,2025-03-02T12:00:00+08:00,8512407,0,False,Wh,Commercial,0.0
142821,15,2025-03-02T12:15:00+08:00,8512437,0,False,Wh,Commercial,0.0
142821,15,2025-03-02T12:30:00+08:00,8512467,0,False,Wh,Commercial,0.0
142821,15,2025-03-02T12:45:00+08:00,8512497,0,False,Wh,Commercial,0.0
142821,15,2025-03-02T13:00:00+08:00,8512524,0,False,Wh,Commercial,0.0
142821,15,2025-03-02T13:15:00+08:00,8512540,0,False,Wh,Commercial,0.0
142821,15,2025-03-02T13:30:00+08:00,8512556,0,False,Wh,Commercial,0.0
142821,15,2025-03-02T13:45:00+08:00,8512572,0,False,Wh,Commercial,0.0
142821,15,2025-03-02T14:00:00+08:00,8512588,0,False,Wh,Commercial,0.0
142821,15,2025-03-02T14:15:00+08:00,8512604,0,False,Wh,Commercial,0.0
142821,15,2025-03-02T14:30:00+08:00,8512620,0,False,Wh,Commercial,0.0
142821,15,2025-03-02T14:45:00+08:00,8512636,0,False,Wh,Commercial,0.0
142821,15,2025-03-02T15:00:00+08:00,8512660,0,False,Wh,Commercial,0.0
142821,15,2025-03-02T15:15:00+08:00,8512691,0,False,Wh,Commercial,0.0
142821,15,2025-03-02T15:30:00+08:00,8512721,0,False,Wh,Commercial,0.0
142821,15,2025-03-02T15:45:00+08:00,8512752,0,False,Wh,Commercial,0.0
142821,15,2025-03-02T16:00:00+08:00,8512782,0,False,Wh,Commercial,0.0
142821,15,2025-03-02T16:15:00+08:00,8512812,0,False,Wh,Commercial,0.0
142821,15,2025-03-02T16:30:00+08:00,8512842,0,False,Wh,Commercial,0.0
142821,15,2025-03-02T16:45:00+08:00,8512863,0,False,Wh,Commercial,0.0
142821,15,2025-03-02T17:00:00+08:00,8512879,0,False,Wh,Commercial,0.0
142821,15,2025-03-02T17:15:00+08:00,8512894,0,False,Wh,Commercial,0.0
142821,15,2025-03-02T17:30:00+08:00,8512911,0,False,Wh,Commercial,0.0
142821,15,2025-03-02T17:45:00+08:00,8512927,0,False,Wh,Commercial,0.0
142821,15,2025-03-02T18:00:00+08:00,8512943,0,False,Wh,Commercial,0.0
142821,15,2025-03-02T18:15:00+08:00,8512959,0,False,Wh,Commercial,0.0
142821,15,2025-03-02T18:30:00+08:00,8512981,0,False,Wh,Commercial,0.0
142821,15,2025-03-02T18:45:00+08:00,8513013,0,False,Wh,Commercial,0.0
142821,15,2025-03-02T19:00:00+08:00,8513043,0,False,Wh,Commercial,0.0
142821,15,2025-03-02T19:15:00+08:00,8513074,0,False,Wh,Commercial,0.0
142821,15,2025-03-02T19:30:00+08:00,8513104,0,False,Wh,Commercial,0.0
142821,15,2025-03-02T19:45:00+08:00,8513134,0,False,Wh,Commercial,0.0
142821,15,2025-03-02T20:00:00+08:00,8513165,0,False,Wh,Commercial,0.0
142821,15,2025-03-02T20:15:00+08:00,8513194,0,False,Wh,Commercial,0.0
142821,15,2025-03-02T20:30:00+08:00,8513216,0,False,Wh,Commercial,0.0
142821,15,2025-03-02T20:45:00+08:00,8513232,0,False,Wh,Commercial,0.0
142821,15,2025-03-02T21:00:00+08:00,8513248,0,False,Wh,Commercial,0.0
142821,15,2025-03-02T21:15:00+08:00,8513264,0,False,Wh,Commercial,0.0
142821,15,2025-03-02T21:30:00+08:00,8513280,0,False,Wh,Commercial,0.0
142821,15,2025-03-02T21:45:00+08:00,8513296,0,False,Wh,Commercial,0.0
142821,15,2025-03-02T22:00:00+08:00,8513312,0,False,Wh,Commercial,0.0
142821,15,2025-03-02T22:15:00+08:00,8513333,0,False,Wh,Commercial,0.0
142821,15,2025-03-02T22:30:00+08:00,8513365,0,False,Wh,Commercial,0.0
142821,15,2025-03-02T22:45:00+08:00,8513396,0,False,Wh,Commercial,0.0
142821,15,2025-03-02T23:00:00+08:00,8513426,0,False,Wh,Commercial,0.0
142821,15,2025-03-02T23:15:00+08:00,8513456,0,False,Wh,Commercial,0.0
142821,15,2025-03-02T23:30:00+08:00,8513486,0,False,Wh,Commercial,0.0
142821,15,2025-03-02T23:45:00+08:00,8513516,0,False,Wh,Commercial,0.0
142821,15,2025-03-03T00:00:00+08:00,8513539,0,False,Wh,Commercial,0.0
142821,15,2025-03-03T00:15:00+08:00,8513555,0,False,Wh,Commercial,0.0
142821,15,2025-03-03T00:30:00+08:00,8513571,0,False,Wh,Commercial,0.0
142821,15,2025-03-03T00:45:00+08:00,8513587,0,False,Wh,Commercial,0.0
142821,15,2025-03-03T01:00:00+08:00,8513603,0,False,Wh,Commercial,0.0
142821,15,2025-03-03T01:15:00+08:00,8513619,0,False,Wh,Commercial,0.0
142821,15,2025-03-03T01:30:00+08:00,8513635,0,False,Wh,Commercial,0.0
142821,15,2025-03-03T01:45:00+08:00,8513653,0,False,Wh,Commercial,0.0
142821,15,2025-03-03T02:00:00+08:00,8513684,0,False,Wh,Commercial,0.0
142821,15,2025-03-03T02:15:00+08:00,8513715,0,False,Wh,Commercial,0.0
142821,15,2025-03-03T02:30:00+08:00,8513745,0,False,Wh,Commercial,0.0
142821,15,2025-03-03T02:45:00+08:00,8513777,0,False,Wh,Commercial,0.0
142821,15,2025-03-03T03:00:00+08:00,8513813,0,False,Wh,Commercial,0.0
142821,15,2025-03-03T03:15:00+08:00,8513848,0,False,Wh,Commercial,0.0
142821,15,2025-03-03T03:30:00+08:00,8513873,0,False,Wh,Commercial,0.0
142821,15,2025-03-03T03:45:00+08:00,8513894,0,False,Wh,Commercial,0.0
142821,15,2025-03-03T04:00:00+08:00,8513916,0,False,Wh,Commercial,0.0
142821,15,2025-03-03T04:15:00+08:00,8513937,0,False,Wh,Commercial,0.0
142821,15,2025-03-03T04:30:00+08:00,8513958,0,False,Wh,Commercial,0.0
142821,15,2025-03-03T04:45:00+08:00,8513979,0,False,Wh,Commercial,0.0
142821,15,2025-03-03T05:00:00+08:00,8514000,0,False,Wh,Commercial,0.0
142821,15,2025-03-03T05:15:00+08:00,8514025,0,False,Wh,Commercial,0.0
142821,15,2025-03-03T05:30:00+08:00,8514061,0,False,Wh,Commercial,0.0
142821,15,2025-03-03T05:45:00+08:00,8514097,0,False,Wh,Commercial,0.0
142821,15,2025-03-03T06:00:00+08:00,8514132,0,False,Wh,Commercial,0.0
142821,15,2025-03-03T06:15:00+08:00,8514167,0,False,Wh,Commercial,0.0
142821,15,2025-03-03T06:30:00+08:00,8514202,0,False,Wh,Commercial,0.0
142821,15,2025-03-03T06:45:00+08:00,8514235,0,False,Wh,Commercial,0.0
142821,15,2025-03-03T07:00:00+08:00,8514256,0,False,Wh,Commercial,0.0
142821,15,2025-03-03T07:15:00+08:00,8514277,0,False,Wh,Commercial,0.0
142821,15,2025-03-03T07:30:00+08:00,8514299,0,False,Wh,Commercial,0.0
142821,15,2025-03-03T07:45:00+08:00,8514320,0,False,Wh,Commercial,0.0
142821,15,2025-03-03T08:00:00+08:00,8514341,0,False,Wh,Commercial,0.0
142821,15,2025-03-03T08:15:00+08:00,8514362,0,False,Wh,Commercial,0.0
142821,15,2025-03-03T08:30:00+08:00,8514383,0,False,Wh,Commercial,0.0
142821,15,2025-03-03T08:45:00+08:00,8514414,0,False,Wh,Commercial,0.0
142821,15,2025-03-03T09:00:00+08:00,8514450,0,False,Wh,Commercial,0.0
142821,15,2025-03-03T09:15:00+08:00,8514486,0,False,Wh,Commercial,0.0
142821,15,2025-03-03T09:30:00+08:00,8514521,0,False,Wh,Commercial,0.0
142821,15,2025-03-03T09:45:00+08:00,8514556,0,False,Wh,Commercial,0.0
142821,15,2025-03-03T10:00:00+08:00,8514609,0,False,Wh,Commercial,0.0
142821,15,2025-03-03T10:15:00+08:00,8514661,0,False,Wh,Commercial,0.0
142821,15,2025-03-03T10:30:00+08:00,8514683,0,False,Wh,Commercial,0.0
142821,15,2025-03-03T10:45:00+08:00,8514704,0,False,Wh,Commercial,0.0
142821,15,2025-03-03T11:00:00+08:00,8514725,0,False,Wh,Commercial,0.0
142821,15,2025-03-03T11:15:00+08:00,8514746,0,False,Wh,Commercial,0.0
142821,15,2025-03-03T11:30:00+08:00,8514767,0,False,Wh,Commercial,0.0
142821,15,2025-03-03T11:45:00+08:00,8514787,0,False,Wh,Commercial,0.0
142821,15,2025-03-03T12:00:00+08:00,8514805,0,False,Wh,Commercial,0.0
142821,15,2025-03-03T12:15:00+08:00,8514836,0,False,Wh,Commercial,0.0
142821,15,2025-03-03T12:30:00+08:00,8514866,0,False,Wh,Commercial,0.0
142821,15,2025-03-03T12:45:00+08:00,8514896,0,False,Wh,Commercial,0.0
142821,15,2025-03-03T13:00:00+08:00,8514926,0,False,Wh,Commercial,0.0
142821,15,2025-03-03T13:15:00+08:00,8514956,0,False,Wh,Commercial,0.0
142821,15,2025-03-03T13:30:00+08:00,8514986,0,False,Wh,Commercial,0.0
142821,15,2025-03-03T13:45:00+08:00,8515009,0,False,Wh,Commercial,0.0
142821,15,2025-03-03T14:00:00+08:00,8515025,0,False,Wh,Commercial,0.0
142821,15,2025-03-03T14:15:00+08:00,8515041,0,False,Wh,Commercial,0.0
142821,15,2025-03-03T14:30:00+08:00,8515057,0,False,Wh,Commercial,0.0
142821,15,2025-03-03T14:45:00+08:00,8515073,0,False,Wh,Commercial,0.0
142821,15,2025-03-03T15:00:00+08:00,8515089,0,False,Wh,Commercial,0.0
142821,15,2025-03-03T15:15:00+08:00,8515106,0,False,Wh,Commercial,0.0
142821,15,2025-03-03T15:30:00+08:00,8515122,0,False,Wh,Commercial,0.0
142821,15,2025-03-03T15:45:00+08:00,8515152,0,False,Wh,Commercial,0.0
142821,15,2025-03-03T16:00:00+08:00,8515184,0,False,Wh,Commercial,0.0
142821,15,2025-03-03T16:15:00+08:00,8515214,0,False,Wh,Commercial,0.0
142821,15,2025-03-03T16:30:00+08:00,8515245,0,False,Wh,Commercial,0.0
142821,15,2025-03-03T16:45:00+08:00,8515275,0,False,Wh,Commercial,0.0
142821,15,2025-03-03T17:00:00+08:00,8515305,0,False,Wh,Commercial,0.0
142821,15,2025-03-03T17:15:00+08:00,8515331,0,False,Wh,Commercial,0.0
142821,15,2025-03-03T17:30:00+08:00,8515347,0,False,Wh,Commercial,0.0
142821,15,2025-03-03T17:45:00+08:00,8515363,0,False,Wh,Commercial,0.0
142821,15,2025-03-03T18:00:00+08:00,8515379,0,False,Wh,Commercial,0.0
142821,15,2025-03-03T18:15:00+08:00,8515395,0,False,Wh,Commercial,0.0
142821,15,2025-03-03T18:30:00+08:00,8515411,0,False,Wh,Commercial,0.0
142821,15,2025-03-03T18:45:00+08:00,8515427,0,False,Wh,Commercial,0.0
142821,15,2025-03-03T19:00:00+08:00,8515443,0,False,Wh,Commercial,0.0
142821,15,2025-03-03T19:15:00+08:00,8515474,0,False,Wh,Commercial,0.0
142821,15,2025-03-03T19:30:00+08:00,8515505,0,False,Wh,Commercial,0.0
142821,15,2025-03-03T19:45:00+08:00,8515536,0,False,Wh,Commercial,0.0
142821,15,2025-03-03T20:00:00+08:00,8515566,0,False,Wh,Commercial,0.0
142821,15,2025-03-03T20:15:00+08:00,8515596,0,False,Wh,Commercial,0.0
142821,15,2025-03-03T20:30:00+08:00,8515626,0,False,Wh,Commercial,0.0
142821,15,2025-03-03T20:45:00+08:00,8515654,0,False,Wh,Commercial,0.0
142821,15,2025-03-03T21:00:00+08:00,8515673,0,False,Wh,Commercial,0.0
142821,15,2025-03-03T21:15:00+08:00,8515694,0,False,Wh,Commercial,0.0
142821,15,2025-03-03T21:30:00+08:00,8515716,0,False,Wh,Commercial,0.0
142821,15,2025-03-03T21:45:00+08:00,8515737,0,False,Wh,Commercial,0.0
142821,15,2025-03-03T22:00:00+08:00,8515758,0,False,Wh,Commercial,0.0
142821,15,2025-03-03T22:15:00+08:00,8515779,0,False,Wh,Commercial,0.0
142821,15,2025-03-03T22:30:00+08:00,8515800,0,False,Wh,Commercial,0.0
142821,15,2025-03-03T22:45:00+08:00,8515833,0,False,Wh,Commercial,0.0
142821,15,2025-03-03T23:00:00+08:00,8515869,0,False,Wh,Commercial,0.0
142821,15,2025-03-03T23:15:00+08:00,8515904,0,False,Wh,Commercial,0.0
142821,15,2025-03-03T23:30:00+08:00,8515940,0,False,Wh,Commercial,0.0
142821,15,2025-03-03T23:45:00+08:00,8515975,0,False,Wh,Commercial,0.0
142822,15,2025-02-22T00:00:00+08:00,13732054,0,False,Wh,Common Area Lights,0.0
142822,15,2025-02-22T00:15:00+08:00,13732099,0,False,Wh,Common Area Lights,0.0
142822,15,2025-02-22T00:30:00+08:00,13732156,0,False,Wh,Common Area Lights,0.0
142822,15,2025-02-22T00:45:00+08:00,13732299,0,False,Wh,Common Area Lights,0.0
142822,15,2025-02-22T01:00:00+08:00,13732361,0,False,Wh,Common Area Lights,0.0
142822,15,2025-02-22T01:15:00+08:00,13732404,0,False,Wh,Common Area Lights,0.0
142822,15,2025-02-22T01:30:00+08:00,13732445,0,False,Wh,Common Area Lights,0.0
142822,15,2025-02-22T01:45:00+08:00,13732485,0,False,Wh,Common Area Lights,0.0
142822,15,2025-02-22T02:00:00+08:00,13732526,0,False,Wh,Common Area Lights,0.0
142822,15,2025-02-22T02:15:00+08:00,13732573,0,False,Wh,Common Area Lights,0.0
142822,15,2025-02-22T02:30:00+08:00,13732618,0,False,Wh,Common Area Lights,0.0
142822,15,2025-02-22T02:45:00+08:00,13732658,0,False,Wh,Common Area Lights,0.0
142822,15,2025-02-22T03:00:00+08:00,13732699,0,False,Wh,Common Area Lights,0.0
142822,15,2025-02-22T03:15:00+08:00,13732746,0,False,Wh,Common Area Lights,0.0
142822,15,2025-02-22T03:30:00+08:00,13732791,0,False,Wh,Common Area Lights,0.0
142822,15,2025-02-22T03:45:00+08:00,13732832,0,False,Wh,Common Area Lights,0.0
142822,15,2025-02-22T04:00:00+08:00,13732879,0,False,Wh,Common Area Lights,0.0
142822,15,2025-02-22T04:15:00+08:00,13733002,0,False,Wh,Common Area Lights,0.0
142822,15,2025-02-22T04:30:00+08:00,13733082,0,False,Wh,Common Area Lights,0.0
142822,15,2025-02-22T04:45:00+08:00,13733193,0,False,Wh,Common Area Lights,0.0
142822,15,2025-02-22T05:00:00+08:00,13733283,0,False,Wh,Common Area Lights,0.0
142822,15,2025-02-22T05:15:00+08:00,13733369,0,False,Wh,Common Area Lights,0.0
142822,15,2025-02-22T05:30:00+08:00,13733416,0,False,Wh,Common Area Lights,0.0
142822,15,2025-02-22T05:45:00+08:00,13733462,0,False,Wh,Common Area Lights,0.0
142822,15,2025-02-22T06:00:00+08:00,13733545,0,False,Wh,Common Area Lights,0.0
142822,15,2025-02-22T06:15:00+08:00,13733657,0,False,Wh,Common Area Lights,0.0
142822,15,2025-02-22T06:30:00+08:00,13733720,0,False,Wh,Common Area Lights,0.0
142822,15,2025-02-22T06:45:00+08:00,13733750,0,False,Wh,Common Area Lights,0.0
142822,15,2025-02-22T07:00:00+08:00,13733779,0,False,Wh,Common Area Lights,0.0
142822,15,2025-02-22T07:15:00+08:00,13733812,0,False,Wh,Common Area Lights,0.0
142822,15,2025-02-22T07:30:00+08:00,13733876,0,False,Wh,Common Area Lights,0.0
142822,15,2025-02-22T07:45:00+08:00,13733917,0,False,Wh,Common Area Lights,0.0
142822,15,2025-02-22T08:00:00+08:00,13733947,0,False,Wh,Common Area Lights,0.0
142822,15,2025-02-22T08:15:00+08:00,13733977,0,False,Wh,Common Area Lights,0.0
142822,15,2025-02-22T08:30:00+08:00,13734007,0,False,Wh,Common Area Lights,0.0
142822,15,2025-02-22T08:45:00+08:00,13734037,0,False,Wh,Common Area Lights,0.0
142822,15,2025-02-22T09:00:00+08:00,13734072,0,False,Wh,Common Area Lights,0.0
142822,15,2025-02-22T09:15:00+08:00,13734119,0,False,Wh,Common Area Lights,0.0
142822,15,2025-02-22T09:30:00+08:00,13734170,0,False,Wh,Common Area Lights,0.0
142822,15,2025-02-22T09:45:00+08:00,13734207,0,False,Wh,Common Area Lights,0.0
142822,15,2025-02-22T10:00:00+08:00,13734251,0,False,Wh,Common Area Lights,0.0
142822,15,2025-02-22T10:15:00+08:00,13734285,0,False,Wh,Common Area Lights,0.0
142822,15,2025-02-22T10:30:00+08:00,13734315,0,False,Wh,Common Area Lights,0.0
142822,15,2025-02-22T10:45:00+08:00,13734345,0,False,Wh,Common Area Lights,0.0
142822,15,2025-02-22T11:00:00+08:00,13734376,0,False,Wh,Common Area Lights,0.0
142822,15,2025-02-22T11:15:00+08:00,13734406,0,False,Wh,Common Area Lights,0.0
142822,15,2025-02-22T11:30:00+08:00,13734450,0,False,Wh,Common Area Lights,0.0
142822,15,2025-02-22T11:45:00+08:00,13734499,0,False,Wh,Common Area Lights,0.0
142822,15,2025-02-22T12:00:00+08:00,13734559,0,False,Wh,Common Area Lights,0.0
142822,15,2025-02-22T12:15:00+08:00,13734623,0,False,Wh,Common Area Lights,0.0
142822,15,2025-02-22T12:30:00+08:00,13734653,0,False,Wh,Common Area Lights,0.0
142822,15,2025-02-22T12:45:00+08:00,13734698,0,False,Wh,Common Area Lights,0.0
142822,15,2025-02-22T13:00:00+08:00,13734732,0,False,Wh,Common Area Lights,0.0
142822,15,2025-02-22T13:15:00+08:00,13734789,0,False,Wh,Common Area Lights,0.0
142822,15,2025-02-22T13:30:00+08:00,13734835,0,False,Wh,Common Area Lights,0.0
142822,15,2025-02-22T13:45:00+08:00,13734892,0,False,Wh,Common Area Lights,0.0
142822,15,2025-02-22T14:00:00+08:00,13734942,0,False,Wh,Common Area Lights,0.0
142822,15,2025-02-22T14:15:00+08:00,13734982,0,False,Wh,Common Area Lights,0.0
142822,15,2025-02-22T14:30:00+08:00,13735030,0,False,Wh,Common Area Lights,0.0
142822,15,2025-02-22T14:45:00+08:00,13735084,0,False,Wh,Common Area Lights,0.0
142822,15,2025-02-22T15:00:00+08:00,13735144,0,False,Wh,Common Area Lights,0.0
142822,15,2025-02-22T15:15:00+08:00,13735186,0,False,Wh,Common Area Lights,0.0
142822,15,2025-02-22T15:30:00+08:00,13735231,0,False,Wh,Common Area Lights,0.0
142822,15,2025-02-22T15:45:00+08:00,13735262,0,False,Wh,Common Area Lights,0.0
142822,15,2025-02-22T16:00:00+08:00,13735292,0,False,Wh,Common Area Lights,0.0
142822,15,2025-02-22T16:15:00+08:00,13735335,0,False,Wh,Common Area Lights,0.0
142822,15,2025-02-22T16:30:00+08:00,13735383,0,False,Wh,Common Area Lights,0.0
142822,15,2025-02-22T16:45:00+08:00,13735419,0,False,Wh,Common Area Lights,0.0
142822,15,2025-02-22T17:00:00+08:00,13735467,0,False,Wh,Common Area Lights,0.0
142822,15,2025-02-22T17:15:00+08:00,13735503,0,False,Wh,Common Area Lights,0.0
142822,15,2025-02-22T17:30:00+08:00,13735561,0,False,Wh,Common Area Lights,0.0
142822,15,2025-02-22T17:45:00+08:00,13735613,0,False,Wh,Common Area Lights,0.0
142822,15,2025-02-22T18:00:00+08:00,13735684,0,False,Wh,Common Area Lights,0.0
142822,15,2025-02-22T18:15:00+08:00,13735754,0,False,Wh,Common Area Lights,0.0
142822,15,2025-02-22T18:30:00+08:00,13735791,0,False,Wh,Common Area Lights,0.0
142822,15,2025-02-22T18:45:00+08:00,13735836,0,False,Wh,Common Area Lights,0.0
142822,15,2025-02-22T19:00:00+08:00,13735895,0,False,Wh,Common Area Lights,0.0
142822,15,2025-02-22T19:15:00+08:00,13736016,0,False,Wh,Common Area Lights,0.0
142822,15,2025-02-22T19:30:00+08:00,13736161,0,False,Wh,Common Area Lights,0.0
142822,15,2025-02-22T19:45:00+08:00,13736319,0,False,Wh,Common Area Lights,0.0
142822,15,2025-02-22T20:00:00+08:00,13736480,0,False,Wh,Common Area Lights,0.0
142822,15,2025-02-22T20:15:00+08:00,13736652,0,False,Wh,Common Area Lights,0.0
142822,15,2025-02-22T20:30:00+08:00,13736793,0,False,Wh,Common Area Lights,0.0
142822,15,2025-02-22T20:45:00+08:00,13736933,0,False,Wh,Common Area Lights,0.0
142822,15,2025-02-22T21:00:00+08:00,13737070,0,False,Wh,Common Area Lights,0.0
142822,15,2025-02-22T21:15:00+08:00,13737211,0,False,Wh,Common Area Lights,0.0
142822,15,2025-02-22T21:30:00+08:00,13737347,0,False,Wh,Common Area Lights,0.0
142822,15,2025-02-22T21:45:00+08:00,13737488,0,False,Wh,Common Area Lights,0.0
142822,15,2025-02-22T22:00:00+08:00,13737619,0,False,Wh,Common Area Lights,0.0
142822,15,2025-02-22T22:15:00+08:00,13737747,0,False,Wh,Common Area Lights,0.0
142822,15,2025-02-22T22:30:00+08:00,13737870,0,False,Wh,Common Area Lights,0.0
142822,15,2025-02-22T22:45:00+08:00,13737950,0,False,Wh,Common Area Lights,0.0
142822,15,2025-02-22T23:00:00+08:00,13738064,0,False,Wh,Common Area Lights,0.0
142822,15,2025-02-22T23:15:00+08:00,13738109,0,False,Wh,Common Area Lights,0.0
142822,15,2025-02-22T23:30:00+08:00,13738157,0,False,Wh,Common Area Lights,0.0
142822,15,2025-02-22T23:45:00+08:00,13738215,0,False,Wh,Common Area Lights,0.0
142822,15,2025-02-23T00:00:00+08:00,13738337,0,False,Wh,Common Area Lights,0.0
142822,15,2025-02-23T00:15:00+08:00,13738385,0,False,Wh,Common Area Lights,0.0
142822,15,2025-02-23T00:30:00+08:00,13738512,0,False,Wh,Common Area Lights,0.0
142822,15,2025-02-23T00:45:00+08:00,13738646,0,False,Wh,Common Area Lights,0.0
142822,15,2025-02-23T01:00:00+08:00,13738775,0,False,Wh,Common Area Lights,0.0
142822,15,2025-02-23T01:15:00+08:00,13738889,0,False,Wh,Common Area Lights,0.0
142822,15,2025-02-23T01:30:00+08:00,13738935,0,False,Wh,Common Area Lights,0.0
142822,15,2025-02-23T01:45:00+08:00,13738978,0,False,Wh,Common Area Lights,0.0
142822,15,2025-02-23T02:00:00+08:00,13739081,0,False,Wh,Common Area Lights,0.0
142822,15,2025-02-23T02:15:00+08:00,13739158,0,False,Wh,Common Area Lights,0.0
142822,15,2025-02-23T02:30:00+08:00,13739206,0,False,Wh,Common Area Lights,0.0
142822,15,2025-02-23T02:45:00+08:00,13739294,0,False,Wh,Common Area Lights,0.0
142822,15,2025-02-23T03:15:00+08:00,13739358,0,False,Wh,Common Area Lights,0.0
142822,15,2025-02-23T03:30:00+08:00,13739491,0,False,Wh,Common Area Lights,0.0
142822,15,2025-02-23T03:45:00+08:00,13739540,0,False,Wh,Common Area Lights,0.0
142822,15,2025-02-23T04:00:00+08:00,13739583,0,False,Wh,Common Area Lights,0.0
142822,15,2025-02-23T04:15:00+08:00,13739709,0,False,Wh,Common Area Lights,0.0
142822,15,2025-02-23T04:30:00+08:00,13739762,0,False,Wh,Common Area Lights,0.0
142822,15,2025-02-23T04:45:00+08:00,13739810,0,False,Wh,Common Area Lights,0.0
142822,15,2025-02-23T05:00:00+08:00,13739858,0,False,Wh,Common Area Lights,0.0
142822,15,2025-02-23T05:15:00+08:00,13739906,0,False,Wh,Common Area Lights,0.0
142822,15,2025-02-23T05:30:00+08:00,13739955,0,False,Wh,Common Area Lights,0.0
142822,15,2025-02-23T05:45:00+08:00,13740016,0,False,Wh,Common Area Lights,0.0
142822,15,2025-02-23T06:00:00+08:00,13740058,0,False,Wh,Common Area Lights,0.0
142822,15,2025-02-23T06:15:00+08:00,13740085,0,False,Wh,Common Area Lights,0.0
142822,15,2025-02-23T06:30:00+08:00,13740115,0,False,Wh,Common Area Lights,0.0
142822,15,2025-02-23T06:45:00+08:00,13740142,0,False,Wh,Common Area Lights,0.0
142822,15,2025-02-23T07:00:00+08:00,13740172,0,False,Wh,Common Area Lights,0.0
142822,15,2025-02-23T07:15:00+08:00,13740201,0,False,Wh,Common Area Lights,0.0
142822,15,2025-02-23T07:30:00+08:00,13740231,0,False,Wh,Common Area Lights,0.0
142822,15,2025-02-23T07:45:00+08:00,13740261,0,False,Wh,Common Area Lights,0.0
142822,15,2025-02-23T08:00:00+08:00,13740291,0,False,Wh,Common Area Lights,0.0
142822,15,2025-02-23T08:15:00+08:00,13740322,0,False,Wh,Common Area Lights,0.0
142822,15,2025-02-23T08:30:00+08:00,13740352,0,False,Wh,Common Area Lights,0.0
142822,15,2025-02-23T08:45:00+08:00,13740387,0,False,Wh,Common Area Lights,0.0
142822,15,2025-02-23T09:00:00+08:00,13740438,0,False,Wh,Common Area Lights,0.0
142822,15,2025-02-23T09:15:00+08:00,13740499,0,False,Wh,Common Area Lights,0.0
142822,15,2025-02-23T09:30:00+08:00,13740530,0,False,Wh,Common Area Lights,0.0
142822,15,2025-02-23T09:45:00+08:00,13740557,0,False,Wh,Common Area Lights,0.0
142822,15,2025-02-23T10:00:00+08:00,13740601,0,False,Wh,Common Area Lights,0.0
142822,15,2025-02-23T10:15:00+08:00,13740637,0,False,Wh,Common Area Lights,0.0
142822,15,2025-02-23T10:30:00+08:00,13740665,0,False,Wh,Common Area Lights,0.0
142822,15,2025-02-23T10:45:00+08:00,13740710,0,False,Wh,Common Area Lights,0.0
142822,15,2025-02-23T11:00:00+08:00,13740779,0,False,Wh,Common Area Lights,0.0
142822,15,2025-02-23T11:15:00+08:00,13740836,0,False,Wh,Common Area Lights,0.0
142822,15,2025-02-23T11:30:00+08:00,13740926,0,False,Wh,Common Area Lights,0.0
142822,15,2025-02-23T11:45:00+08:00,13740987,0,False,Wh,Common Area Lights,0.0
142822,15,2025-02-23T12:00:00+08:00,13741029,0,False,Wh,Common Area Lights,0.0
142822,15,2025-02-23T12:15:00+08:00,13741070,0,False,Wh,Common Area Lights,0.0
142822,15,2025-02-23T12:30:00+08:00,13741126,0,False,Wh,Common Area Lights,0.0
142822,15,2025-02-23T12:45:00+08:00,13741191,0,False,Wh,Common Area Lights,0.0
142822,15,2025-02-23T13:00:00+08:00,13741264,0,False,Wh,Common Area Lights,0.0
142822,15,2025-02-23T13:15:00+08:00,13741330,0,False,Wh,Common Area Lights,0.0
142822,15,2025-02-23T13:30:00+08:00,13741384,0,False,Wh,Common Area Lights,0.0
142822,15,2025-02-23T13:45:00+08:00,13741424,0,False,Wh,Common Area Lights,0.0
142822,15,2025-02-23T14:00:00+08:00,13741456,0,False,Wh,Common Area Lights,0.0
142822,15,2025-02-23T14:15:00+08:00,13741499,0,False,Wh,Common Area Lights,0.0
142822,15,2025-02-23T14:30:00+08:00,13741555,0,False,Wh,Common Area Lights,0.0
142822,15,2025-02-23T14:45:00+08:00,13741595,0,False,Wh,Common Area Lights,0.0
142822,15,2025-02-23T15:00:00+08:00,13741624,0,False,Wh,Common Area Lights,0.0
142822,15,2025-02-23T15:15:00+08:00,13741682,0,False,Wh,Common Area Lights,0.0
142822,15,2025-02-23T15:30:00+08:00,13741736,0,False,Wh,Common Area Lights,0.0
142822,15,2025-02-23T15:45:00+08:00,13741795,0,False,Wh,Common Area Lights,0.0
142822,15,2025-02-23T16:00:00+08:00,13741852,0,False,Wh,Common Area Lights,0.0
142822,15,2025-02-23T16:15:00+08:00,13741893,0,False,Wh,Common Area Lights,0.0
142822,15,2025-02-23T16:30:00+08:00,13741938,0,False,Wh,Common Area Lights,0.0
142822,15,2025-02-23T16:45:00+08:00,13741971,0,False,Wh,Common Area Lights,0.0
142822,15,2025-02-23T17:00:00+08:00,13742006,0,False,Wh,Common Area Lights,0.0
142822,15,2025-02-23T17:15:00+08:00,13742051,0,False,Wh,Common Area Lights,0.0
142822,15,2025-02-23T17:30:00+08:00,13742096,0,False,Wh,Common Area Lights,0.0
142822,15,2025-02-23T17:45:00+08:00,13742130,0,False,Wh,Common Area Lights,0.0
142822,15,2025-02-23T18:00:00+08:00,13742158,0,False,Wh,Common Area Lights,0.0
142822,15,2025-02-23T18:15:00+08:00,13742185,0,False,Wh,Common Area Lights,0.0
142822,15,2025-02-23T18:30:00+08:00,13742240,0,False,Wh,Common Area Lights,0.0
142822,15,2025-02-23T18:45:00+08:00,13742296,0,False,Wh,Common Area Lights,0.0
142822,15,2025-02-23T19:00:00+08:00,13742338,0,False,Wh,Common Area Lights,0.0
142822,15,2025-02-23T19:15:00+08:00,13742458,0,False,Wh,Common Area Lights,0.0
142822,15,2025-02-23T19:30:00+08:00,13742580,0,False,Wh,Common Area Lights,0.0
142822,15,2025-02-23T19:45:00+08:00,13742733,0,False,Wh,Common Area Lights,0.0
142822,15,2025-02-23T20:00:00+08:00,13742884,0,False,Wh,Common Area Lights,0.0
142822,15,2025-02-23T20:15:00+08:00,13743037,0,False,Wh,Common Area Lights,0.0
142822,15,2025-02-23T20:30:00+08:00,13743169,0,False,Wh,Common Area Lights,0.0
142822,15,2025-02-23T20:45:00+08:00,13743307,0,False,Wh,Common Area Lights,0.0
142822,15,2025-02-23T21:00:00+08:00,13743445,0,False,Wh,Common Area Lights,0.0
142822,15,2025-02-23T21:15:00+08:00,13743581,0,False,Wh,Common Area Lights,0.0
142822,15,2025-02-23T21:30:00+08:00,13743709,0,False,Wh,Common Area Lights,0.0
142822,15,2025-02-23T21:45:00+08:00,13743759,0,False,Wh,Common Area Lights,0.0
142822,15,2025-02-23T22:00:00+08:00,13743835,0,False,Wh,Common Area Lights,0.0
142822,15,2025-02-23T22:15:00+08:00,13743955,0,False,Wh,Common Area Lights,0.0
142822,15,2025-02-23T22:30:00+08:00,13744052,0,False,Wh,Common Area Lights,0.0
142822,15,2025-02-23T22:45:00+08:00,13744092,0,False,Wh,Common Area Lights,0.0
142822,15,2025-02-23T23:00:00+08:00,13744131,0,False,Wh,Common Area Lights,0.0
142822,15,2025-02-23T23:15:00+08:00,13744170,0,False,Wh,Common Area Lights,0.0
142822,15,2025-02-23T23:30:00+08:00,13744210,0,False,Wh,Common Area Lights,0.0
142822,15,2025-02-23T23:45:00+08:00,13744254,0,False,Wh,Common Area Lights,0.0
142822,15,2025-02-24T00:00:00+08:00,13744335,0,False,Wh,Common Area Lights,0.0
142822,15,2025-02-24T00:15:00+08:00,13744420,0,False,Wh,Common Area Lights,0.0
142822,15,2025-02-24T00:30:00+08:00,13744460,0,False,Wh,Common Area Lights,0.0
142822,15,2025-02-24T00:45:00+08:00,13744505,0,False,Wh,Common Area Lights,0.0
142822,15,2025-02-24T01:00:00+08:00,13744549,0,False,Wh,Common Area Lights,0.0
142822,15,2025-02-24T01:15:00+08:00,13744594,0,False,Wh,Common Area Lights,0.0
142822,15,2025-02-24T01:30:00+08:00,13744640,0,False,Wh,Common Area Lights,0.0
142822,15,2025-02-24T01:45:00+08:00,13744681,0,False,Wh,Common Area Lights,0.0
142822,15,2025-02-24T02:00:00+08:00,13744720,0,False,Wh,Common Area Lights,0.0
142822,15,2025-02-24T02:15:00+08:00,13744760,0,False,Wh,Common Area Lights,0.0
142822,15,2025-02-24T02:30:00+08:00,13744800,0,False,Wh,Common Area Lights,0.0
142822,15,2025-02-24T02:45:00+08:00,13744839,0,False,Wh,Common Area Lights,0.0
142822,15,2025-02-24T03:00:00+08:00,13744879,0,False,Wh,Common Area Lights,0.0
142822,15,2025-02-24T03:15:00+08:00,13744918,0,False,Wh,Common Area Lights,0.0
142822,15,2025-02-24T03:30:00+08:00,13744958,0,False,Wh,Common Area Lights,0.0
142822,15,2025-02-24T03:45:00+08:00,13744998,0,False,Wh,Common Area Lights,0.0
142822,15,2025-02-24T04:00:00+08:00,13745037,0,False,Wh,Common Area Lights,0.0
142822,15,2025-02-24T04:15:00+08:00,13745077,0,False,Wh,Common Area Lights,0.0
142822,15,2025-02-24T04:30:00+08:00,13745117,0,False,Wh,Common Area Lights,0.0
142822,15,2025-02-24T04:45:00+08:00,13745156,0,False,Wh,Common Area Lights,0.0
142822,15,2025-02-24T05:00:00+08:00,13745205,0,False,Wh,Common Area Lights,0.0
142822,15,2025-02-24T05:15:00+08:00,13745278,0,False,Wh,Common Area Lights,0.0
142822,15,2025-02-24T05:30:00+08:00,13745329,0,False,Wh,Common Area Lights,0.0
142822,15,2025-02-24T05:45:00+08:00,13745457,0,False,Wh,Common Area Lights,0.0
142822,15,2025-02-24T06:00:00+08:00,13745574,0,False,Wh,Common Area Lights,0.0
142822,15,2025-02-24T06:15:00+08:00,13745695,0,False,Wh,Common Area Lights,0.0
142822,15,2025-02-24T06:30:00+08:00,13745815,0,False,Wh,Common Area Lights,0.0
142822,15,2025-02-24T06:45:00+08:00,13745921,0,False,Wh,Common Area Lights,0.0
142822,15,2025-02-24T07:00:00+08:00,13746078,0,False,Wh,Common Area Lights,0.0
142822,15,2025-02-24T07:15:00+08:00,13746230,0,False,Wh,Common Area Lights,0.0
142822,15,2025-02-24T07:30:00+08:00,13746379,0,False,Wh,Common Area Lights,0.0
142822,15,2025-02-24T07:45:00+08:00,13746516,0,False,Wh,Common Area Lights,0.0
142822,15,2025-02-24T08:00:00+08:00,13746624,0,False,Wh,Common Area Lights,0.0
142822,15,2025-02-24T08:15:00+08:00,13746731,0,False,Wh,Common Area Lights,0.0
142822,15,2025-02-24T08:30:00+08:00,13746838,0,False,Wh,Common Area Lights,0.0
142822,15,2025-02-24T08:45:00+08:00,13746960,0,False,Wh,Common Area Lights,0.0
142822,15,2025-02-24T09:00:00+08:00,13747073,0,False,Wh,Common Area Lights,0.0
142822,15,2025-02-24T09:15:00+08:00,13747180,0,False,Wh,Common Area Lights,0.0
142822,15,2025-02-24T09:30:00+08:00,13747287,0,False,Wh,Common Area Lights,0.0
142822,15,2025-02-24T09:45:00+08:00,13747394,0,False,Wh,Common Area Lights,0.0
142822,15,2025-02-24T10:00:00+08:00,13747501,0,False,Wh,Common Area Lights,0.0
142822,15,2025-02-24T10:15:00+08:00,13747608,0,False,Wh,Common Area Lights,0.0
142822,15,2025-02-24T10:30:00+08:00,13747715,0,False,Wh,Common Area Lights,0.0
142822,15,2025-02-24T10:45:00+08:00,13747822,0,False,Wh,Common Area Lights,0.0
142822,15,2025-02-24T11:00:00+08:00,13747928,0,False,Wh,Common Area Lights,0.0
142822,15,2025-02-24T11:15:00+08:00,13748035,0,False,Wh,Common Area Lights,0.0
142822,15,2025-02-24T11:30:00+08:00,13748143,0,False,Wh,Common Area Lights,0.0
142822,15,2025-02-24T11:45:00+08:00,13748250,0,False,Wh,Common Area Lights,0.0
142822,15,2025-02-24T12:00:00+08:00,13748371,0,False,Wh,Common Area Lights,0.0
142822,15,2025-02-24T12:15:00+08:00,13748482,0,False,Wh,Common Area Lights,0.0
142822,15,2025-02-24T12:30:00+08:00,13748589,0,False,Wh,Common Area Lights,0.0
142822,15,2025-02-24T12:45:00+08:00,13748696,0,False,Wh,Common Area Lights,0.0
142822,15,2025-02-24T13:00:00+08:00,13748803,0,False,Wh,Common Area Lights,0.0
142822,15,2025-02-24T13:15:00+08:00,13748910,0,False,Wh,Common Area Lights,0.0
142822,15,2025-02-24T13:30:00+08:00,13749017,0,False,Wh,Common Area Lights,0.0
142822,15,2025-02-24T13:45:00+08:00,13749125,0,False,Wh,Common Area Lights,0.0
142822,15,2025-02-24T14:00:00+08:00,13749241,0,False,Wh,Common Area Lights,0.0
142822,15,2025-02-24T14:15:00+08:00,13749361,0,False,Wh,Common Area Lights,0.0
142822,15,2025-02-24T14:30:00+08:00,13749469,0,False,Wh,Common Area Lights,0.0
142822,15,2025-02-24T14:45:00+08:00,13749588,0,False,Wh,Common Area Lights,0.0
142822,15,2025-02-24T15:00:00+08:00,13749702,0,False,Wh,Common Area Lights,0.0
142822,15,2025-02-24T15:15:00+08:00,13749809,0,False,Wh,Common Area Lights,0.0
142822,15,2025-02-24T15:30:00+08:00,13749917,0,False,Wh,Common Area Lights,0.0
142822,15,2025-02-24T15:45:00+08:00,13750025,0,False,Wh,Common Area Lights,0.0
142822,15,2025-02-24T16:00:00+08:00,13750163,0,False,Wh,Common Area Lights,0.0
142822,15,2025-02-24T16:15:00+08:00,13750287,0,False,Wh,Common Area Lights,0.0
142822,15,2025-02-24T16:30:00+08:00,13750394,0,False,Wh,Common Area Lights,0.0
142822,15,2025-02-24T16:45:00+08:00,13750502,0,False,Wh,Common Area Lights,0.0
142822,15,2025-02-24T17:00:00+08:00,13750622,0,False,Wh,Common Area Lights,0.0
142822,15,2025-02-24T17:15:00+08:00,13750743,0,False,Wh,Common Area Lights,0.0
142822,15,2025-02-24T17:30:00+08:00,13750895,0,False,Wh,Common Area Lights,0.0
142822,15,2025-02-24T17:45:00+08:00,13751035,0,False,Wh,Common Area Lights,0.0
142822,15,2025-02-24T18:00:00+08:00,13751150,0,False,Wh,Common Area Lights,0.0
142822,15,2025-02-24T18:15:00+08:00,13751258,0,False,Wh,Common Area Lights,0.0
142822,15,2025-02-24T18:30:00+08:00,13751366,0,False,Wh,Common Area Lights,0.0
142822,15,2025-02-24T18:45:00+08:00,13751475,0,False,Wh,Common Area Lights,0.0
142822,15,2025-02-24T19:00:00+08:00,13751597,0,False,Wh,Common Area Lights,0.0
142822,15,2025-02-24T19:15:00+08:00,13751720,0,False,Wh,Common Area Lights,0.0
142822,15,2025-02-24T19:30:00+08:00,13751858,0,False,Wh,Common Area Lights,0.0
142822,15,2025-02-24T19:45:00+08:00,13752005,0,False,Wh,Common Area Lights,0.0
142822,15,2025-02-24T20:00:00+08:00,13752124,0,False,Wh,Common Area Lights,0.0
142822,15,2025-02-24T20:15:00+08:00,13752269,0,False,Wh,Common Area Lights,0.0
142822,15,2025-02-24T20:30:00+08:00,13752395,0,False,Wh,Common Area Lights,0.0
142822,15,2025-02-24T20:45:00+08:00,13752520,0,False,Wh,Common Area Lights,0.0
142822,15,2025-02-24T21:00:00+08:00,13752625,0,False,Wh,Common Area Lights,0.0
142822,15,2025-02-24T21:15:00+08:00,13752751,0,False,Wh,Common Area Lights,0.0
142822,15,2025-02-24T21:30:00+08:00,13752879,0,False,Wh,Common Area Lights,0.0
142822,15,2025-02-24T21:45:00+08:00,13753011,0,False,Wh,Common Area Lights,0.0
142822,15,2025-02-24T22:00:00+08:00,13753120,0,False,Wh,Common Area Lights,0.0
142822,15,2025-02-24T22:15:00+08:00,13753170,0,False,Wh,Common Area Lights,0.0
142822,15,2025-02-24T22:30:00+08:00,13753276,0,False,Wh,Common Area Lights,0.0
142822,15,2025-02-24T22:45:00+08:00,13753342,0,False,Wh,Common Area Lights,0.0
142822,15,2025-02-24T23:00:00+08:00,13753383,0,False,Wh,Common Area Lights,0.0
142822,15,2025-02-24T23:15:00+08:00,13753429,0,False,Wh,Common Area Lights,0.0
142822,15,2025-02-24T23:30:00+08:00,13753472,0,False,Wh,Common Area Lights,0.0
142822,15,2025-02-24T23:45:00+08:00,13753511,0,False,Wh,Common Area Lights,0.0
142822,15,2025-02-25T00:00:00+08:00,13753557,0,False,Wh,Common Area Lights,0.0
142822,15,2025-02-25T00:15:00+08:00,13753602,0,False,Wh,Common Area Lights,0.0
142822,15,2025-02-25T00:30:00+08:00,13753647,0,False,Wh,Common Area Lights,0.0
142822,15,2025-02-25T00:45:00+08:00,13753691,0,False,Wh,Common Area Lights,0.0
142822,15,2025-02-25T01:00:00+08:00,13753730,0,False,Wh,Common Area Lights,0.0
142822,15,2025-02-25T01:15:00+08:00,13753770,0,False,Wh,Common Area Lights,0.0
142822,15,2025-02-25T01:30:00+08:00,13753809,0,False,Wh,Common Area Lights,0.0
142822,15,2025-02-25T01:45:00+08:00,13753849,0,False,Wh,Common Area Lights,0.0
142822,15,2025-02-25T02:00:00+08:00,13753888,0,False,Wh,Common Area Lights,0.0
142822,15,2025-02-25T02:15:00+08:00,13753928,0,False,Wh,Common Area Lights,0.0
142822,15,2025-02-25T02:30:00+08:00,13753968,0,False,Wh,Common Area Lights,0.0
142822,15,2025-02-25T02:45:00+08:00,13754007,0,False,Wh,Common Area Lights,0.0
142822,15,2025-02-25T03:00:00+08:00,13754047,0,False,Wh,Common Area Lights,0.0
142822,15,2025-02-25T03:15:00+08:00,13754086,0,False,Wh,Common Area Lights,0.0
142822,15,2025-02-25T03:30:00+08:00,13754173,0,False,Wh,Common Area Lights,0.0
142822,15,2025-02-25T03:45:00+08:00,13754258,0,False,Wh,Common Area Lights,0.0
142822,15,2025-02-25T04:00:00+08:00,13754298,0,False,Wh,Common Area Lights,0.0
142822,15,2025-02-25T04:15:00+08:00,13754338,0,False,Wh,Common Area Lights,0.0
142822,15,2025-02-25T04:30:00+08:00,13754383,0,False,Wh,Common Area Lights,0.0
142822,15,2025-02-25T04:45:00+08:00,13754427,0,False,Wh,Common Area Lights,0.0
142822,15,2025-02-25T05:00:00+08:00,13754498,0,False,Wh,Common Area Lights,0.0
142822,15,2025-02-25T05:15:00+08:00,13754614,0,False,Wh,Common Area Lights,0.0
142822,15,2025-02-25T05:30:00+08:00,13754663,0,False,Wh,Common Area Lights,0.0
142822,15,2025-02-25T05:45:00+08:00,13754707,0,False,Wh,Common Area Lights,0.0
142822,15,2025-02-25T06:00:00+08:00,13754751,0,False,Wh,Common Area Lights,0.0
142822,15,2025-02-25T06:15:00+08:00,13754790,0,False,Wh,Common Area Lights,0.0
142822,15,2025-02-25T06:30:00+08:00,13754829,0,False,Wh,Common Area Lights,0.0
142822,15,2025-02-25T06:45:00+08:00,13754857,0,False,Wh,Common Area Lights,0.0
142822,15,2025-02-25T07:00:00+08:00,13754884,0,False,Wh,Common Area Lights,0.0
142822,15,2025-02-25T07:15:00+08:00,13754912,0,False,Wh,Common Area Lights,0.0
142822,15,2025-02-25T07:30:00+08:00,13754977,0,False,Wh,Common Area Lights,0.0
142822,15,2025-02-25T07:45:00+08:00,13755048,0,False,Wh,Common Area Lights,0.0
142822,15,2025-02-25T08:00:00+08:00,13755094,0,False,Wh,Common Area Lights,0.0
142822,15,2025-02-25T08:15:00+08:00,13755123,0,False,Wh,Common Area Lights,0.0
142822,15,2025-02-25T08:30:00+08:00,13755150,0,False,Wh,Common Area Lights,0.0
142822,15,2025-02-25T08:45:00+08:00,13755178,0,False,Wh,Common Area Lights,0.0
142822,15,2025-02-25T09:00:00+08:00,13755216,0,False,Wh,Common Area Lights,0.0
142822,15,2025-02-25T09:15:00+08:00,13755254,0,False,Wh,Common Area Lights,0.0
142822,15,2025-02-25T09:30:00+08:00,13755282,0,False,Wh,Common Area Lights,0.0
142822,15,2025-02-25T09:45:00+08:00,13755310,0,False,Wh,Common Area Lights,0.0
142822,15,2025-02-25T10:00:00+08:00,13755338,0,False,Wh,Common Area Lights,0.0
142822,15,2025-02-25T10:15:00+08:00,13755379,0,False,Wh,Common Area Lights,0.0
142822,15,2025-02-25T10:30:00+08:00,13755418,0,False,Wh,Common Area Lights,0.0
142822,15,2025-02-25T10:45:00+08:00,13755467,0,False,Wh,Common Area Lights,0.0
142822,15,2025-02-25T11:00:00+08:00,13755520,0,False,Wh,Common Area Lights,0.0
142822,15,2025-02-25T11:15:00+08:00,13755566,0,False,Wh,Common Area Lights,0.0
142822,15,2025-02-25T11:30:00+08:00,13755611,0,False,Wh,Common Area Lights,0.0
142822,15,2025-02-25T11:45:00+08:00,13755647,0,False,Wh,Common Area Lights,0.0
142822,15,2025-02-25T12:00:00+08:00,13755682,0,False,Wh,Common Area Lights,0.0
142822,15,2025-02-25T12:15:00+08:00,13755733,0,False,Wh,Common Area Lights,0.0
142822,15,2025-02-25T12:30:00+08:00,13755778,0,False,Wh,Common Area Lights,0.0
142822,15,2025-02-25T12:45:00+08:00,13755809,0,False,Wh,Common Area Lights,0.0
142822,15,2025-02-25T13:00:00+08:00,13755851,0,False,Wh,Common Area Lights,0.0
142822,15,2025-02-25T13:15:00+08:00,13755902,0,False,Wh,Common Area Lights,0.0
142822,15,2025-02-25T13:30:00+08:00,13755945,0,False,Wh,Common Area Lights,0.0
142822,15,2025-02-25T13:45:00+08:00,13755977,0,False,Wh,Common Area Lights,0.0
142822,15,2025-02-25T14:00:00+08:00,13756004,0,False,Wh,Common Area Lights,0.0
142822,15,2025-02-25T14:15:00+08:00,13756063,0,False,Wh,Common Area Lights,0.0
142822,15,2025-02-25T14:30:00+08:00,13756116,0,False,Wh,Common Area Lights,0.0
142822,15,2025-02-25T14:45:00+08:00,13756167,0,False,Wh,Common Area Lights,0.0
142822,15,2025-02-25T15:00:00+08:00,13756224,0,False,Wh,Common Area Lights,0.0
142822,15,2025-02-25T15:15:00+08:00,13756275,0,False,Wh,Common Area Lights,0.0
142822,15,2025-02-25T15:30:00+08:00,13756312,0,False,Wh,Common Area Lights,0.0
142822,15,2025-02-25T15:45:00+08:00,13756349,0,False,Wh,Common Area Lights,0.0
142822,15,2025-02-25T16:00:00+08:00,13756414,0,False,Wh,Common Area Lights,0.0
142822,15,2025-02-25T16:15:00+08:00,13756505,0,False,Wh,Common Area Lights,0.0
142822,15,2025-02-25T16:30:00+08:00,13756560,0,False,Wh,Common Area Lights,0.0
142822,15,2025-02-25T16:45:00+08:00,13756588,0,False,Wh,Common Area Lights,0.0
142822,15,2025-02-25T17:00:00+08:00,13756616,0,False,Wh,Common Area Lights,0.0
142822,15,2025-02-25T17:15:00+08:00,13756660,0,False,Wh,Common Area Lights,0.0
142822,15,2025-02-25T17:30:00+08:00,13756705,0,False,Wh,Common Area Lights,0.0
142822,15,2025-02-25T17:45:00+08:00,13756750,0,False,Wh,Common Area Lights,0.0
142822,15,2025-02-25T18:00:00+08:00,13756785,0,False,Wh,Common Area Lights,0.0
142822,15,2025-02-25T18:15:00+08:00,13756824,0,False,Wh,Common Area Lights,0.0
142822,15,2025-02-25T18:30:00+08:00,13756895,0,False,Wh,Common Area Lights,0.0
142822,15,2025-02-25T18:45:00+08:00,13756960,0,False,Wh,Common Area Lights,0.0
142822,15,2025-02-25T19:00:00+08:00,13757031,0,False,Wh,Common Area Lights,0.0
142822,15,2025-02-25T19:15:00+08:00,13757143,0,False,Wh,Common Area Lights,0.0
142822,15,2025-02-25T19:30:00+08:00,13757268,0,False,Wh,Common Area Lights,0.0
142822,15,2025-02-25T19:45:00+08:00,13757393,0,False,Wh,Common Area Lights,0.0
142822,15,2025-02-25T20:00:00+08:00,13757529,0,False,Wh,Common Area Lights,0.0
142822,15,2025-02-25T20:15:00+08:00,13757696,0,False,Wh,Common Area Lights,0.0
142822,15,2025-02-25T20:30:00+08:00,13757829,0,False,Wh,Common Area Lights,0.0
142822,15,2025-02-25T20:45:00+08:00,13757926,0,False,Wh,Common Area Lights,0.0
142822,15,2025-02-25T21:00:00+08:00,13758061,0,False,Wh,Common Area Lights,0.0
142822,15,2025-02-25T21:15:00+08:00,13758189,0,False,Wh,Common Area Lights,0.0
142822,15,2025-02-25T21:30:00+08:00,13758293,0,False,Wh,Common Area Lights,0.0
142822,15,2025-02-25T21:45:00+08:00,13758421,0,False,Wh,Common Area Lights,0.0
142822,15,2025-02-25T22:00:00+08:00,13758558,0,False,Wh,Common Area Lights,0.0
142822,15,2025-02-25T22:15:00+08:00,13758666,0,False,Wh,Common Area Lights,0.0
142822,15,2025-02-25T22:30:00+08:00,13758707,0,False,Wh,Common Area Lights,0.0
142822,15,2025-02-25T22:45:00+08:00,13758745,0,False,Wh,Common Area Lights,0.0
142822,15,2025-02-25T23:00:00+08:00,13758783,0,False,Wh,Common Area Lights,0.0
142822,15,2025-02-25T23:15:00+08:00,13758822,0,False,Wh,Common Area Lights,0.0
142822,15,2025-02-25T23:30:00+08:00,13758865,0,False,Wh,Common Area Lights,0.0
142822,15,2025-02-25T23:45:00+08:00,13759004,0,False,Wh,Common Area Lights,0.0
142822,15,2025-02-26T00:00:00+08:00,13759061,0,False,Wh,Common Area Lights,0.0
142822,15,2025-02-26T00:15:00+08:00,13759105,0,False,Wh,Common Area Lights,0.0
142822,15,2025-02-26T00:30:00+08:00,13759146,0,False,Wh,Common Area Lights,0.0
142822,15,2025-02-26T00:45:00+08:00,13759184,0,False,Wh,Common Area Lights,0.0
142822,15,2025-02-26T01:00:00+08:00,13759222,0,False,Wh,Common Area Lights,0.0
142822,15,2025-02-26T01:15:00+08:00,13759260,0,False,Wh,Common Area Lights,0.0
142822,15,2025-02-26T01:30:00+08:00,13759298,0,False,Wh,Common Area Lights,0.0
142822,15,2025-02-26T01:45:00+08:00,13759336,0,False,Wh,Common Area Lights,0.0
142822,15,2025-02-26T02:00:00+08:00,13759374,0,False,Wh,Common Area Lights,0.0
142822,15,2025-02-26T02:15:00+08:00,13759412,0,False,Wh,Common Area Lights,0.0
142822,15,2025-02-26T02:30:00+08:00,13759450,0,False,Wh,Common Area Lights,0.0
142822,15,2025-02-26T02:45:00+08:00,13759489,0,False,Wh,Common Area Lights,0.0
142822,15,2025-02-26T03:00:00+08:00,13759527,0,False,Wh,Common Area Lights,0.0
142822,15,2025-02-26T03:15:00+08:00,13759565,0,False,Wh,Common Area Lights,0.0
142822,15,2025-02-26T03:30:00+08:00,13759603,0,False,Wh,Common Area Lights,0.0
142822,15,2025-02-26T03:45:00+08:00,13759642,0,False,Wh,Common Area Lights,0.0
142822,15,2025-02-26T04:00:00+08:00,13759680,0,False,Wh,Common Area Lights,0.0
142822,15,2025-02-26T04:15:00+08:00,13759718,0,False,Wh,Common Area Lights,0.0
142822,15,2025-02-26T04:30:00+08:00,13759755,0,False,Wh,Common Area Lights,0.0
142822,15,2025-02-26T04:45:00+08:00,13759798,0,False,Wh,Common Area Lights,0.0
142822,15,2025-02-26T05:00:00+08:00,13759856,0,False,Wh,Common Area Lights,0.0
142822,15,2025-02-26T05:15:00+08:00,13759921,0,False,Wh,Common Area Lights,0.0
142822,15,2025-02-26T05:30:00+08:00,13759970,0,False,Wh,Common Area Lights,0.0
142822,15,2025-02-26T05:45:00+08:00,13760014,0,False,Wh,Common Area Lights,0.0
142822,15,2025-02-26T06:00:00+08:00,13760056,0,False,Wh,Common Area Lights,0.0
142822,15,2025-02-26T06:15:00+08:00,13760148,0,False,Wh,Common Area Lights,0.0
142822,15,2025-02-26T06:30:00+08:00,13760293,0,False,Wh,Common Area Lights,0.0
142822,15,2025-02-26T06:45:00+08:00,13760436,0,False,Wh,Common Area Lights,0.0
142822,15,2025-02-26T07:00:00+08:00,13760554,0,False,Wh,Common Area Lights,0.0
142822,15,2025-02-26T07:15:00+08:00,13760661,0,False,Wh,Common Area Lights,0.0
142822,15,2025-02-26T07:30:00+08:00,13760807,0,False,Wh,Common Area Lights,0.0
142822,15,2025-02-26T07:45:00+08:00,13760945,0,False,Wh,Common Area Lights,0.0
142822,15,2025-02-26T08:00:00+08:00,13761062,0,False,Wh,Common Area Lights,0.0
142822,15,2025-02-26T08:15:00+08:00,13761204,0,False,Wh,Common Area Lights,0.0
142822,15,2025-02-26T08:30:00+08:00,13761315,0,False,Wh,Common Area Lights,0.0
142822,15,2025-02-26T08:45:00+08:00,13761422,0,False,Wh,Common Area Lights,0.0
142822,15,2025-02-26T09:00:00+08:00,13761550,0,False,Wh,Common Area Lights,0.0
142822,15,2025-02-26T09:15:00+08:00,13761683,0,False,Wh,Common Area Lights,0.0
142822,15,2025-02-26T09:30:00+08:00,13761790,0,False,Wh,Common Area Lights,0.0
142822,15,2025-02-26T09:45:00+08:00,13761896,0,False,Wh,Common Area Lights,0.0
142822,15,2025-02-26T10:00:00+08:00,13762003,0,False,Wh,Common Area Lights,0.0
142822,15,2025-02-26T10:15:00+08:00,13762109,0,False,Wh,Common Area Lights,0.0
142822,15,2025-02-26T10:30:00+08:00,13762215,0,False,Wh,Common Area Lights,0.0
142822,15,2025-02-26T10:45:00+08:00,13762321,0,False,Wh,Common Area Lights,0.0
142822,15,2025-02-26T11:00:00+08:00,13762427,0,False,Wh,Common Area Lights,0.0
142822,15,2025-02-26T11:15:00+08:00,13762534,0,False,Wh,Common Area Lights,0.0
142822,15,2025-02-26T11:30:00+08:00,13762650,0,False,Wh,Common Area Lights,0.0
142822,15,2025-02-26T11:45:00+08:00,13762770,0,False,Wh,Common Area Lights,0.0
142822,15,2025-02-26T12:00:00+08:00,13762877,0,False,Wh,Common Area Lights,0.0
142822,15,2025-02-26T12:15:00+08:00,13762998,0,False,Wh,Common Area Lights,0.0
142822,15,2025-02-26T12:30:00+08:00,13763125,0,False,Wh,Common Area Lights,0.0
142822,15,2025-02-26T12:45:00+08:00,13763236,0,False,Wh,Common Area Lights,0.0
142822,15,2025-02-26T13:00:00+08:00,13763342,0,False,Wh,Common Area Lights,0.0
142822,15,2025-02-26T13:15:00+08:00,13763476,0,False,Wh,Common Area Lights,0.0
142822,15,2025-02-26T13:30:00+08:00,13763607,0,False,Wh,Common Area Lights,0.0
142822,15,2025-02-26T13:45:00+08:00,13763714,0,False,Wh,Common Area Lights,0.0
142822,15,2025-02-26T14:00:00+08:00,13763820,0,False,Wh,Common Area Lights,0.0
142822,15,2025-02-26T14:15:00+08:00,13763926,0,False,Wh,Common Area Lights,0.0
142822,15,2025-02-26T14:30:00+08:00,13764033,0,False,Wh,Common Area Lights,0.0
142822,15,2025-02-26T14:45:00+08:00,13764140,0,False,Wh,Common Area Lights,0.0
142822,15,2025-02-26T15:00:00+08:00,13764248,0,False,Wh,Common Area Lights,0.0
142822,15,2025-02-26T15:15:00+08:00,13764355,0,False,Wh,Common Area Lights,0.0
142822,15,2025-02-26T15:30:00+08:00,13764462,0,False,Wh,Common Area Lights,0.0
142822,15,2025-02-26T15:45:00+08:00,13764569,0,False,Wh,Common Area Lights,0.0
142822,15,2025-02-26T16:00:00+08:00,13764689,0,False,Wh,Common Area Lights,0.0
142822,15,2025-02-26T16:15:00+08:00,13764808,0,False,Wh,Common Area Lights,0.0
142822,15,2025-02-26T16:30:00+08:00,13764921,0,False,Wh,Common Area Lights,0.0
142822,15,2025-02-26T16:45:00+08:00,13765066,0,False,Wh,Common Area Lights,0.0
142822,15,2025-02-26T17:00:00+08:00,13765224,0,False,Wh,Common Area Lights,0.0
142822,15,2025-02-26T17:00:00+08:00,13765224,0,False,Wh,Common Area Lights,0.0
142822,15,2025-02-26T17:15:00+08:00,13765359,0,False,Wh,Common Area Lights,0.0
142822,15,2025-02-26T17:15:00+08:00,13765359,0,False,Wh,Common Area Lights,0.0
142822,15,2025-02-26T17:30:00+08:00,13765483,0,False,Wh,Common Area Lights,0.0
142822,15,2025-02-26T17:15:00+08:00,13765359,0,False,Wh,Common Area Lights,0.0
142822,15,2025-02-26T17:30:00+08:00,13765483,0,False,Wh,Common Area Lights,0.0
142822,15,2025-02-26T17:45:00+08:00,13765617,0,False,Wh,Common Area Lights,0.0
142822,15,2025-02-26T18:00:00+08:00,13765771,0,False,Wh,Common Area Lights,0.0
142822,15,2025-02-26T18:15:00+08:00,13765909,0,False,Wh,Common Area Lights,0.0
142822,15,2025-02-26T18:30:00+08:00,13766021,0,False,Wh,Common Area Lights,0.0
142822,15,2025-02-26T18:45:00+08:00,13766128,0,False,Wh,Common Area Lights,0.0
142822,15,2025-02-26T19:00:00+08:00,13766234,0,False,Wh,Common Area Lights,0.0
142822,15,2025-02-26T19:15:00+08:00,13766373,0,False,Wh,Common Area Lights,0.0
142822,15,2025-02-26T19:30:00+08:00,13766522,0,False,Wh,Common Area Lights,0.0
142822,15,2025-02-26T19:45:00+08:00,13766638,0,False,Wh,Common Area Lights,0.0
142822,15,2025-02-26T20:00:00+08:00,13766759,0,False,Wh,Common Area Lights,0.0
142822,15,2025-02-26T20:15:00+08:00,13766822,0,False,Wh,Common Area Lights,0.0
142822,15,2025-02-26T20:30:00+08:00,13766938,0,False,Wh,Common Area Lights,0.0
142822,15,2025-02-26T20:45:00+08:00,13767092,0,False,Wh,Common Area Lights,0.0
142822,15,2025-02-26T21:00:00+08:00,13767213,0,False,Wh,Common Area Lights,0.0
142822,15,2025-02-26T21:15:00+08:00,13767287,0,False,Wh,Common Area Lights,0.0
142822,15,2025-02-26T21:30:00+08:00,13767338,0,False,Wh,Common Area Lights,0.0
142822,15,2025-02-26T21:45:00+08:00,13767382,0,False,Wh,Common Area Lights,0.0
142822,15,2025-02-26T22:00:00+08:00,13767425,0,False,Wh,Common Area Lights,0.0
142822,15,2025-02-26T22:15:00+08:00,13767470,0,False,Wh,Common Area Lights,0.0
142822,15,2025-02-26T22:30:00+08:00,13767513,0,False,Wh,Common Area Lights,0.0
142822,15,2025-02-26T22:45:00+08:00,13767557,0,False,Wh,Common Area Lights,0.0
142822,15,2025-02-26T23:00:00+08:00,13767600,0,False,Wh,Common Area Lights,0.0
142822,15,2025-02-26T23:15:00+08:00,13767722,0,False,Wh,Common Area Lights,0.0
142822,15,2025-02-26T23:30:00+08:00,13767763,0,False,Wh,Common Area Lights,0.0
142822,15,2025-02-26T23:45:00+08:00,13767801,0,False,Wh,Common Area Lights,0.0
142822,15,2025-02-27T00:00:00+08:00,13767844,0,False,Wh,Common Area Lights,0.0
142822,15,2025-02-27T00:15:00+08:00,13767887,0,False,Wh,Common Area Lights,0.0
142822,15,2025-02-27T00:30:00+08:00,13767925,0,False,Wh,Common Area Lights,0.0
142822,15,2025-02-27T00:45:00+08:00,13767969,0,False,Wh,Common Area Lights,0.0
142822,15,2025-02-27T01:00:00+08:00,13768011,0,False,Wh,Common Area Lights,0.0
142822,15,2025-02-27T01:15:00+08:00,13768050,0,False,Wh,Common Area Lights,0.0
142822,15,2025-02-27T01:30:00+08:00,13768094,0,False,Wh,Common Area Lights,0.0
142822,15,2025-02-27T01:45:00+08:00,13768135,0,False,Wh,Common Area Lights,0.0
142822,15,2025-02-27T02:00:00+08:00,13768173,0,False,Wh,Common Area Lights,0.0
142822,15,2025-02-27T02:15:00+08:00,13768212,0,False,Wh,Common Area Lights,0.0
142822,15,2025-02-27T02:30:00+08:00,13768250,0,False,Wh,Common Area Lights,0.0
142822,15,2025-02-27T02:45:00+08:00,13768288,0,False,Wh,Common Area Lights,0.0
142822,15,2025-02-27T03:00:00+08:00,13768326,0,False,Wh,Common Area Lights,0.0
142822,15,2025-02-27T03:15:00+08:00,13768364,0,False,Wh,Common Area Lights,0.0
142822,15,2025-02-27T03:30:00+08:00,13768402,0,False,Wh,Common Area Lights,0.0
142822,15,2025-02-27T03:45:00+08:00,13768440,0,False,Wh,Common Area Lights,0.0
142822,15,2025-02-27T04:00:00+08:00,13768478,0,False,Wh,Common Area Lights,0.0
142822,15,2025-02-27T04:15:00+08:00,13768521,0,False,Wh,Common Area Lights,0.0
142822,15,2025-02-27T04:30:00+08:00,13768610,0,False,Wh,Common Area Lights,0.0
142822,15,2025-02-27T04:45:00+08:00,13768698,0,False,Wh,Common Area Lights,0.0
142822,15,2025-02-27T05:00:00+08:00,13768742,0,False,Wh,Common Area Lights,0.0
142822,15,2025-02-27T05:15:00+08:00,13768833,0,False,Wh,Common Area Lights,0.0
142822,15,2025-02-27T05:30:00+08:00,13768934,0,False,Wh,Common Area Lights,0.0
142822,15,2025-02-27T05:45:00+08:00,13769001,0,False,Wh,Common Area Lights,0.0
142822,15,2025-02-27T06:00:00+08:00,13769126,0,False,Wh,Common Area Lights,0.0
142822,15,2025-02-27T06:15:00+08:00,13769252,0,False,Wh,Common Area Lights,0.0
142822,15,2025-02-27T06:30:00+08:00,13769375,0,False,Wh,Common Area Lights,0.0
142822,15,2025-02-27T06:45:00+08:00,13769524,0,False,Wh,Common Area Lights,0.0
142822,15,2025-02-27T07:00:00+08:00,13769669,0,False,Wh,Common Area Lights,0.0
142822,15,2025-02-27T07:15:00+08:00,13769777,0,False,Wh,Common Area Lights,0.0
142822,15,2025-02-27T07:30:00+08:00,13769911,0,False,Wh,Common Area Lights,0.0
142822,15,2025-02-27T07:45:00+08:00,13769968,0,False,Wh,Common Area Lights,0.0
142822,15,2025-02-27T08:00:00+08:00,13770012,0,False,Wh,Common Area Lights,0.0
142822,15,2025-02-27T08:15:00+08:00,13770041,0,False,Wh,Common Area Lights,0.0
142822,15,2025-02-27T08:30:00+08:00,13770090,0,False,Wh,Common Area Lights,0.0
142822,15,2025-02-27T08:45:00+08:00,13770159,0,False,Wh,Common Area Lights,0.0
142822,15,2025-02-27T09:00:00+08:00,13770205,0,False,Wh,Common Area Lights,0.0
142822,15,2025-02-27T09:15:00+08:00,13770264,0,False,Wh,Common Area Lights,0.0
142822,15,2025-02-27T09:30:00+08:00,13770292,0,False,Wh,Common Area Lights,0.0
142822,15,2025-02-27T09:45:00+08:00,13770319,0,False,Wh,Common Area Lights,0.0
142822,15,2025-02-27T10:00:00+08:00,13770347,0,False,Wh,Common Area Lights,0.0
142822,15,2025-02-27T10:15:00+08:00,13770375,0,False,Wh,Common Area Lights,0.0
142822,15,2025-02-27T10:30:00+08:00,13770402,0,False,Wh,Common Area Lights,0.0
142822,15,2025-02-27T10:45:00+08:00,13770443,0,False,Wh,Common Area Lights,0.0
142822,15,2025-02-27T11:00:00+08:00,13770504,0,False,Wh,Common Area Lights,0.0
142822,15,2025-02-27T11:15:00+08:00,13770553,0,False,Wh,Common Area Lights,0.0
142822,15,2025-02-27T11:30:00+08:00,13770583,0,False,Wh,Common Area Lights,0.0
142822,15,2025-02-27T11:45:00+08:00,13770625,0,False,Wh,Common Area Lights,0.0
142822,15,2025-02-27T12:00:00+08:00,13770654,0,False,Wh,Common Area Lights,0.0
142822,15,2025-02-27T12:15:00+08:00,13770693,0,False,Wh,Common Area Lights,0.0
142822,15,2025-02-27T12:30:00+08:00,13770733,0,False,Wh,Common Area Lights,0.0
142822,15,2025-02-27T12:45:00+08:00,13770760,0,False,Wh,Common Area Lights,0.0
142822,15,2025-02-27T13:00:00+08:00,13770788,0,False,Wh,Common Area Lights,0.0
142822,15,2025-02-27T13:15:00+08:00,13770834,0,False,Wh,Common Area Lights,0.0
142822,15,2025-02-27T13:30:00+08:00,13770885,0,False,Wh,Common Area Lights,0.0
142822,15,2025-02-27T13:45:00+08:00,13770913,0,False,Wh,Common Area Lights,0.0
142822,15,2025-02-27T14:00:00+08:00,13770944,0,False,Wh,Common Area Lights,0.0
142822,15,2025-02-27T14:15:00+08:00,13770988,0,False,Wh,Common Area Lights,0.0
142822,15,2025-02-27T14:30:00+08:00,13771035,0,False,Wh,Common Area Lights,0.0
142822,15,2025-02-27T14:45:00+08:00,13771072,0,False,Wh,Common Area Lights,0.0
142822,15,2025-02-27T15:00:00+08:00,13771100,0,False,Wh,Common Area Lights,0.0
142822,15,2025-02-27T15:15:00+08:00,13771127,0,False,Wh,Common Area Lights,0.0
142822,15,2025-02-27T15:30:00+08:00,13771155,0,False,Wh,Common Area Lights,0.0
142822,15,2025-02-27T15:45:00+08:00,13771182,0,False,Wh,Common Area Lights,0.0
142822,15,2025-02-27T16:00:00+08:00,13771210,0,False,Wh,Common Area Lights,0.0
142822,15,2025-02-27T16:15:00+08:00,13771238,0,False,Wh,Common Area Lights,0.0
142822,15,2025-02-27T16:30:00+08:00,13771276,0,False,Wh,Common Area Lights,0.0
142822,15,2025-02-27T16:45:00+08:00,13771322,0,False,Wh,Common Area Lights,0.0
142822,15,2025-02-27T17:00:00+08:00,13771381,0,False,Wh,Common Area Lights,0.0
142822,15,2025-02-27T17:15:00+08:00,13771429,0,False,Wh,Common Area Lights,0.0
142822,15,2025-02-27T17:30:00+08:00,13771495,0,False,Wh,Common Area Lights,0.0
142822,15,2025-02-27T17:45:00+08:00,13771540,0,False,Wh,Common Area Lights,0.0
142822,15,2025-02-27T18:00:00+08:00,13771581,0,False,Wh,Common Area Lights,0.0
142822,15,2025-02-27T18:15:00+08:00,13771626,0,False,Wh,Common Area Lights,0.0
142822,15,2025-02-27T18:30:00+08:00,13771662,0,False,Wh,Common Area Lights,0.0
142822,15,2025-02-27T18:45:00+08:00,13771710,0,False,Wh,Common Area Lights,0.0
142822,15,2025-02-27T19:00:00+08:00,13771819,0,False,Wh,Common Area Lights,0.0
142822,15,2025-02-27T19:15:00+08:00,13771946,0,False,Wh,Common Area Lights,0.0
142822,15,2025-02-27T19:30:00+08:00,13772067,0,False,Wh,Common Area Lights,0.0
142822,15,2025-02-27T19:45:00+08:00,13772198,0,False,Wh,Common Area Lights,0.0
142822,15,2025-02-27T20:00:00+08:00,13772314,0,False,Wh,Common Area Lights,0.0
142822,15,2025-02-27T20:15:00+08:00,13772412,0,False,Wh,Common Area Lights,0.0
142822,15,2025-02-27T20:30:00+08:00,13772548,0,False,Wh,Common Area Lights,0.0
142822,15,2025-02-27T20:45:00+08:00,13772659,0,False,Wh,Common Area Lights,0.0
142822,15,2025-02-27T21:00:00+08:00,13772792,0,False,Wh,Common Area Lights,0.0
142822,15,2025-02-27T21:15:00+08:00,13772929,0,False,Wh,Common Area Lights,0.0
142822,15,2025-02-27T21:30:00+08:00,13773051,0,False,Wh,Common Area Lights,0.0
142822,15,2025-02-27T21:45:00+08:00,13773169,0,False,Wh,Common Area Lights,0.0
142822,15,2025-02-27T22:00:00+08:00,13773235,0,False,Wh,Common Area Lights,0.0
142822,15,2025-02-27T22:15:00+08:00,13773277,0,False,Wh,Common Area Lights,0.0
142822,15,2025-02-27T22:30:00+08:00,13773374,0,False,Wh,Common Area Lights,0.0
142822,15,2025-02-27T22:45:00+08:00,13773464,0,False,Wh,Common Area Lights,0.0
142822,15,2025-02-27T23:00:00+08:00,13773504,0,False,Wh,Common Area Lights,0.0
142822,15,2025-02-27T23:15:00+08:00,13773542,0,False,Wh,Common Area Lights,0.0
142822,15,2025-02-27T23:30:00+08:00,13773635,0,False,Wh,Common Area Lights,0.0
142822,15,2025-02-27T23:45:00+08:00,13773738,0,False,Wh,Common Area Lights,0.0
142822,15,2025-02-28T00:00:00+08:00,13773798,0,False,Wh,Common Area Lights,0.0
142822,15,2025-02-28T00:15:00+08:00,13773850,0,False,Wh,Common Area Lights,0.0
142822,15,2025-02-28T00:30:00+08:00,13773893,0,False,Wh,Common Area Lights,0.0
142822,15,2025-02-28T00:45:00+08:00,13773931,0,False,Wh,Common Area Lights,0.0
142822,15,2025-02-28T01:00:00+08:00,13773969,0,False,Wh,Common Area Lights,0.0
142822,15,2025-02-28T01:15:00+08:00,13774007,0,False,Wh,Common Area Lights,0.0
142822,15,2025-02-28T01:30:00+08:00,13774045,0,False,Wh,Common Area Lights,0.0
142822,15,2025-02-28T01:45:00+08:00,13774084,0,False,Wh,Common Area Lights,0.0
142822,15,2025-02-28T02:00:00+08:00,13774127,0,False,Wh,Common Area Lights,0.0
142822,15,2025-02-28T02:15:00+08:00,13774170,0,False,Wh,Common Area Lights,0.0
142822,15,2025-02-28T02:30:00+08:00,13774208,0,False,Wh,Common Area Lights,0.0
142822,15,2025-02-28T02:45:00+08:00,13774246,0,False,Wh,Common Area Lights,0.0
142822,15,2025-02-28T03:00:00+08:00,13774284,0,False,Wh,Common Area Lights,0.0
142822,15,2025-02-28T03:15:00+08:00,13774327,0,False,Wh,Common Area Lights,0.0
142822,15,2025-02-28T03:30:00+08:00,13774371,0,False,Wh,Common Area Lights,0.0
142822,15,2025-02-28T03:45:00+08:00,13774410,0,False,Wh,Common Area Lights,0.0
142822,15,2025-02-28T04:00:00+08:00,13774454,0,False,Wh,Common Area Lights,0.0
142822,15,2025-02-28T04:15:00+08:00,13774495,0,False,Wh,Common Area Lights,0.0
142822,15,2025-02-28T04:30:00+08:00,13774533,0,False,Wh,Common Area Lights,0.0
142822,15,2025-02-28T04:45:00+08:00,13774584,0,False,Wh,Common Area Lights,0.0
142822,15,2025-02-28T05:00:00+08:00,13774629,0,False,Wh,Common Area Lights,0.0
142822,15,2025-02-28T05:15:00+08:00,13774691,0,False,Wh,Common Area Lights,0.0
142822,15,2025-02-28T05:30:00+08:00,13774740,0,False,Wh,Common Area Lights,0.0
142822,15,2025-02-28T05:45:00+08:00,13774784,0,False,Wh,Common Area Lights,0.0
142822,15,2025-02-28T06:00:00+08:00,13774906,0,False,Wh,Common Area Lights,0.0
142822,15,2025-02-28T06:15:00+08:00,13774951,0,False,Wh,Common Area Lights,0.0
142822,15,2025-02-28T06:30:00+08:00,13774987,0,False,Wh,Common Area Lights,0.0
142822,15,2025-02-28T06:45:00+08:00,13775015,0,False,Wh,Common Area Lights,0.0
142822,15,2025-02-28T07:00:00+08:00,13775047,0,False,Wh,Common Area Lights,0.0
142822,15,2025-02-28T07:15:00+08:00,13775100,0,False,Wh,Common Area Lights,0.0
142822,15,2025-02-28T07:30:00+08:00,13775167,0,False,Wh,Common Area Lights,0.0
142822,15,2025-02-28T07:45:00+08:00,13775218,0,False,Wh,Common Area Lights,0.0
142822,15,2025-02-28T08:00:00+08:00,13775259,0,False,Wh,Common Area Lights,0.0
142822,15,2025-02-28T08:15:00+08:00,13775286,0,False,Wh,Common Area Lights,0.0
142822,15,2025-02-28T09:30:00+08:00,13775299,0,False,Wh,Common Area Lights,0.0
142822,15,2025-02-28T09:45:00+08:00,13775330,0,False,Wh,Common Area Lights,0.0
142822,15,2025-02-28T10:00:00+08:00,13775360,0,False,Wh,Common Area Lights,0.0
142822,15,2025-02-28T10:15:00+08:00,13775402,0,False,Wh,Common Area Lights,0.0
142822,15,2025-02-28T10:30:00+08:00,13775442,0,False,Wh,Common Area Lights,0.0
142822,15,2025-02-28T10:45:00+08:00,13775471,0,False,Wh,Common Area Lights,0.0
142822,15,2025-02-28T11:00:00+08:00,13775515,0,False,Wh,Common Area Lights,0.0
142822,15,2025-02-28T11:15:00+08:00,13775583,0,False,Wh,Common Area Lights,0.0
142822,15,2025-02-28T11:30:00+08:00,13775626,0,False,Wh,Common Area Lights,0.0
142822,15,2025-02-28T11:45:00+08:00,13775655,0,False,Wh,Common Area Lights,0.0
142822,15,2025-02-28T12:00:00+08:00,13775697,0,False,Wh,Common Area Lights,0.0
142822,15,2025-02-28T12:15:00+08:00,13775728,0,False,Wh,Common Area Lights,0.0
142822,15,2025-02-28T12:30:00+08:00,13775770,0,False,Wh,Common Area Lights,0.0
142822,15,2025-02-28T12:45:00+08:00,13775808,0,False,Wh,Common Area Lights,0.0
142822,15,2025-02-28T13:00:00+08:00,13775837,0,False,Wh,Common Area Lights,0.0
142822,15,2025-02-28T13:15:00+08:00,13775865,0,False,Wh,Common Area Lights,0.0
142822,15,2025-02-28T13:30:00+08:00,13775894,0,False,Wh,Common Area Lights,0.0
142822,15,2025-02-28T13:45:00+08:00,13775922,0,False,Wh,Common Area Lights,0.0
142822,15,2025-02-28T14:00:00+08:00,13775974,0,False,Wh,Common Area Lights,0.0
142822,15,2025-02-28T14:15:00+08:00,13776013,0,False,Wh,Common Area Lights,0.0
142822,15,2025-02-28T14:30:00+08:00,13776068,0,False,Wh,Common Area Lights,0.0
142822,15,2025-02-28T14:45:00+08:00,13776105,0,False,Wh,Common Area Lights,0.0
142822,15,2025-02-28T15:00:00+08:00,13776146,0,False,Wh,Common Area Lights,0.0
142822,15,2025-02-28T15:15:00+08:00,13776180,0,False,Wh,Common Area Lights,0.0
142822,15,2025-02-28T15:30:00+08:00,13776206,0,False,Wh,Common Area Lights,0.0
142822,15,2025-02-28T15:45:00+08:00,13776233,0,False,Wh,Common Area Lights,0.0
142822,15,2025-02-28T16:00:00+08:00,13776268,0,False,Wh,Common Area Lights,0.0
142822,15,2025-02-28T16:15:00+08:00,13776311,0,False,Wh,Common Area Lights,0.0
142822,15,2025-02-28T16:30:00+08:00,13776337,0,False,Wh,Common Area Lights,0.0
142822,15,2025-02-28T16:45:00+08:00,13776377,0,False,Wh,Common Area Lights,0.0
142822,15,2025-02-28T17:00:00+08:00,13776424,0,False,Wh,Common Area Lights,0.0
142822,15,2025-02-28T17:15:00+08:00,13776457,0,False,Wh,Common Area Lights,0.0
142822,15,2025-02-28T17:30:00+08:00,13776507,0,False,Wh,Common Area Lights,0.0
142822,15,2025-02-28T17:45:00+08:00,13776590,0,False,Wh,Common Area Lights,0.0
142822,15,2025-02-28T18:00:00+08:00,13776680,0,False,Wh,Common Area Lights,0.0
142822,15,2025-02-28T18:15:00+08:00,13776745,0,False,Wh,Common Area Lights,0.0
142822,15,2025-02-28T18:30:00+08:00,13776788,0,False,Wh,Common Area Lights,0.0
142822,15,2025-02-28T18:45:00+08:00,13776875,0,False,Wh,Common Area Lights,0.0
142822,15,2025-02-28T19:00:00+08:00,13776997,0,False,Wh,Common Area Lights,0.0
142822,15,2025-02-28T19:15:00+08:00,13777139,0,False,Wh,Common Area Lights,0.0
142822,15,2025-02-28T19:30:00+08:00,13777309,0,False,Wh,Common Area Lights,0.0
142822,15,2025-02-28T19:45:00+08:00,13777450,0,False,Wh,Common Area Lights,0.0
142822,15,2025-02-28T20:00:00+08:00,13777580,0,False,Wh,Common Area Lights,0.0
142822,15,2025-02-28T20:15:00+08:00,13777724,0,False,Wh,Common Area Lights,0.0
142822,15,2025-02-28T20:30:00+08:00,13777871,0,False,Wh,Common Area Lights,0.0
142822,15,2025-02-28T20:45:00+08:00,13777993,0,False,Wh,Common Area Lights,0.0
142822,15,2025-02-28T21:00:00+08:00,13778115,0,False,Wh,Common Area Lights,0.0
142822,15,2025-02-28T21:15:00+08:00,13778250,0,False,Wh,Common Area Lights,0.0
142822,15,2025-02-28T21:30:00+08:00,13778378,0,False,Wh,Common Area Lights,0.0
142822,15,2025-02-28T21:45:00+08:00,13778501,0,False,Wh,Common Area Lights,0.0
142822,15,2025-02-28T22:00:00+08:00,13778594,0,False,Wh,Common Area Lights,0.0
142822,15,2025-02-28T22:15:00+08:00,13778749,0,False,Wh,Common Area Lights,0.0
142822,15,2025-02-28T22:30:00+08:00,13778831,0,False,Wh,Common Area Lights,0.0
142822,15,2025-02-28T22:45:00+08:00,13778943,0,False,Wh,Common Area Lights,0.0
142822,15,2025-02-28T23:00:00+08:00,13778983,0,False,Wh,Common Area Lights,0.0
142822,15,2025-02-28T23:15:00+08:00,13779020,0,False,Wh,Common Area Lights,0.0
142822,15,2025-02-28T23:30:00+08:00,13779057,0,False,Wh,Common Area Lights,0.0
142822,15,2025-02-28T23:45:00+08:00,13779128,0,False,Wh,Common Area Lights,0.0
142822,15,2025-03-01T00:00:00+08:00,13779221,0,False,Wh,Common Area Lights,0.0
142822,15,2025-03-01T00:15:00+08:00,13779261,0,False,Wh,Common Area Lights,0.0
142822,15,2025-03-01T00:30:00+08:00,13779298,0,False,Wh,Common Area Lights,0.0
142822,15,2025-03-01T00:45:00+08:00,13779340,0,False,Wh,Common Area Lights,0.0
142822,15,2025-03-01T01:00:00+08:00,13779451,0,False,Wh,Common Area Lights,0.0
142822,15,2025-03-01T01:15:00+08:00,13779573,0,False,Wh,Common Area Lights,0.0
142822,15,2025-03-01T01:30:00+08:00,13779614,0,False,Wh,Common Area Lights,0.0
142822,15,2025-03-01T01:45:00+08:00,13779653,0,False,Wh,Common Area Lights,0.0
142822,15,2025-03-01T02:00:00+08:00,13779696,0,False,Wh,Common Area Lights,0.0
142822,15,2025-03-01T02:15:00+08:00,13779737,0,False,Wh,Common Area Lights,0.0
142822,15,2025-03-01T02:30:00+08:00,13779779,0,False,Wh,Common Area Lights,0.0
142822,15,2025-03-01T02:45:00+08:00,13779821,0,False,Wh,Common Area Lights,0.0
142822,15,2025-03-01T03:00:00+08:00,13779859,0,False,Wh,Common Area Lights,0.0
142822,15,2025-03-01T03:15:00+08:00,13779900,0,False,Wh,Common Area Lights,0.0
142822,15,2025-03-01T03:30:00+08:00,13779943,0,False,Wh,Common Area Lights,0.0
142822,15,2025-03-01T03:45:00+08:00,13779982,0,False,Wh,Common Area Lights,0.0
142822,15,2025-03-01T04:00:00+08:00,13780021,0,False,Wh,Common Area Lights,0.0
142822,15,2025-03-01T04:15:00+08:00,13780060,0,False,Wh,Common Area Lights,0.0
142822,15,2025-03-01T04:30:00+08:00,13780099,0,False,Wh,Common Area Lights,0.0
142822,15,2025-03-01T04:45:00+08:00,13780139,0,False,Wh,Common Area Lights,0.0
142822,15,2025-03-01T05:00:00+08:00,13780215,0,False,Wh,Common Area Lights,0.0
142822,15,2025-03-01T05:15:00+08:00,13780307,0,False,Wh,Common Area Lights,0.0
142822,15,2025-03-01T05:30:00+08:00,13780346,0,False,Wh,Common Area Lights,0.0
142822,15,2025-03-01T05:45:00+08:00,13780413,0,False,Wh,Common Area Lights,0.0
142822,15,2025-03-01T06:00:00+08:00,13780535,0,False,Wh,Common Area Lights,0.0
142822,15,2025-03-01T06:15:00+08:00,13780616,0,False,Wh,Common Area Lights,0.0
142822,15,2025-03-01T06:30:00+08:00,13780724,0,False,Wh,Common Area Lights,0.0
142822,15,2025-03-01T06:45:00+08:00,13780754,0,False,Wh,Common Area Lights,0.0
142822,15,2025-03-01T07:00:00+08:00,13780779,0,False,Wh,Common Area Lights,0.0
142822,15,2025-03-01T07:15:00+08:00,13780808,0,False,Wh,Common Area Lights,0.0
142822,15,2025-03-01T07:30:00+08:00,13780862,0,False,Wh,Common Area Lights,0.0
142822,15,2025-03-01T07:45:00+08:00,13780905,0,False,Wh,Common Area Lights,0.0
142822,15,2025-03-01T08:00:00+08:00,13780943,0,False,Wh,Common Area Lights,0.0
142822,15,2025-03-01T08:15:00+08:00,13780983,0,False,Wh,Common Area Lights,0.0
142822,15,2025-03-01T08:30:00+08:00,13781014,0,False,Wh,Common Area Lights,0.0
142822,15,2025-03-01T08:45:00+08:00,13781076,0,False,Wh,Common Area Lights,0.0
142822,15,2025-03-01T09:00:00+08:00,13781137,0,False,Wh,Common Area Lights,0.0
142822,15,2025-03-01T09:15:00+08:00,13781213,0,False,Wh,Common Area Lights,0.0
142822,15,2025-03-01T09:30:00+08:00,13781280,0,False,Wh,Common Area Lights,0.0
142822,15,2025-03-01T09:45:00+08:00,13781321,0,False,Wh,Common Area Lights,0.0
142822,15,2025-03-01T10:00:00+08:00,13781381,0,False,Wh,Common Area Lights,0.0
142822,15,2025-03-01T10:15:00+08:00,13781430,0,False,Wh,Common Area Lights,0.0
142822,15,2025-03-01T10:30:00+08:00,13781477,0,False,Wh,Common Area Lights,0.0
142822,15,2025-03-01T10:45:00+08:00,13781521,0,False,Wh,Common Area Lights,0.0
142822,15,2025-03-01T11:00:00+08:00,13781564,0,False,Wh,Common Area Lights,0.0
142822,15,2025-03-01T11:15:00+08:00,13781611,0,False,Wh,Common Area Lights,0.0
142822,15,2025-03-01T11:30:00+08:00,13781652,0,False,Wh,Common Area Lights,0.0
142822,15,2025-03-01T11:45:00+08:00,13781708,0,False,Wh,Common Area Lights,0.0
142822,15,2025-03-01T12:00:00+08:00,13781776,0,False,Wh,Common Area Lights,0.0
142822,15,2025-03-01T12:15:00+08:00,13781834,0,False,Wh,Common Area Lights,0.0
142822,15,2025-03-01T12:30:00+08:00,13781881,0,False,Wh,Common Area Lights,0.0
142822,15,2025-03-01T12:45:00+08:00,13781943,0,False,Wh,Common Area Lights,0.0
142822,15,2025-03-01T13:00:00+08:00,13782012,0,False,Wh,Common Area Lights,0.0
142822,15,2025-03-01T13:15:00+08:00,13782072,0,False,Wh,Common Area Lights,0.0
142822,15,2025-03-01T13:30:00+08:00,13782133,0,False,Wh,Common Area Lights,0.0
142822,15,2025-03-01T13:45:00+08:00,13782208,0,False,Wh,Common Area Lights,0.0
142822,15,2025-03-01T14:00:00+08:00,13782280,0,False,Wh,Common Area Lights,0.0
142822,15,2025-03-01T14:15:00+08:00,13782309,0,False,Wh,Common Area Lights,0.0
142822,15,2025-03-01T14:30:00+08:00,13782338,0,False,Wh,Common Area Lights,0.0
142822,15,2025-03-01T14:45:00+08:00,13782370,0,False,Wh,Common Area Lights,0.0
142822,15,2025-03-01T15:00:00+08:00,13782423,0,False,Wh,Common Area Lights,0.0
142822,15,2025-03-01T15:15:00+08:00,13782475,0,False,Wh,Common Area Lights,0.0
142822,15,2025-03-01T15:30:00+08:00,13782538,0,False,Wh,Common Area Lights,0.0
142822,15,2025-03-01T15:45:00+08:00,13782594,0,False,Wh,Common Area Lights,0.0
142822,15,2025-03-01T16:00:00+08:00,13782668,0,False,Wh,Common Area Lights,0.0
142822,15,2025-03-01T16:15:00+08:00,13782736,0,False,Wh,Common Area Lights,0.0
142822,15,2025-03-01T16:30:00+08:00,13782781,0,False,Wh,Common Area Lights,0.0
142822,15,2025-03-01T16:45:00+08:00,13782814,0,False,Wh,Common Area Lights,0.0
142822,15,2025-03-01T17:00:00+08:00,13782872,0,False,Wh,Common Area Lights,0.0
142822,15,2025-03-01T17:15:00+08:00,13782916,0,False,Wh,Common Area Lights,0.0
142822,15,2025-03-01T17:30:00+08:00,13782954,0,False,Wh,Common Area Lights,0.0
142822,15,2025-03-01T17:45:00+08:00,13782998,0,False,Wh,Common Area Lights,0.0
142822,15,2025-03-01T18:00:00+08:00,13783066,0,False,Wh,Common Area Lights,0.0
142822,15,2025-03-01T18:15:00+08:00,13783118,0,False,Wh,Common Area Lights,0.0
142822,15,2025-03-01T18:30:00+08:00,13783163,0,False,Wh,Common Area Lights,0.0
142822,15,2025-03-01T18:45:00+08:00,13783222,0,False,Wh,Common Area Lights,0.0
142822,15,2025-03-01T19:00:00+08:00,13783301,0,False,Wh,Common Area Lights,0.0
142822,15,2025-03-01T19:15:00+08:00,13783437,0,False,Wh,Common Area Lights,0.0
142822,15,2025-03-01T19:30:00+08:00,13783594,0,False,Wh,Common Area Lights,0.0
142822,15,2025-03-01T19:45:00+08:00,13783731,0,False,Wh,Common Area Lights,0.0
142822,15,2025-03-01T20:00:00+08:00,13783852,0,False,Wh,Common Area Lights,0.0
142822,15,2025-03-01T20:15:00+08:00,13783973,0,False,Wh,Common Area Lights,0.0
142822,15,2025-03-01T20:30:00+08:00,13784096,0,False,Wh,Common Area Lights,0.0
142822,15,2025-03-01T20:45:00+08:00,13784217,0,False,Wh,Common Area Lights,0.0
142822,15,2025-03-01T21:00:00+08:00,13784370,0,False,Wh,Common Area Lights,0.0
142822,15,2025-03-01T21:15:00+08:00,13784516,0,False,Wh,Common Area Lights,0.0
142822,15,2025-03-01T21:30:00+08:00,13784682,0,False,Wh,Common Area Lights,0.0
142822,15,2025-03-01T21:45:00+08:00,13784807,0,False,Wh,Common Area Lights,0.0
142822,15,2025-03-01T22:00:00+08:00,13784948,0,False,Wh,Common Area Lights,0.0
142822,15,2025-03-01T22:15:00+08:00,13785106,0,False,Wh,Common Area Lights,0.0
142822,15,2025-03-01T22:30:00+08:00,13785245,0,False,Wh,Common Area Lights,0.0
142822,15,2025-03-01T22:45:00+08:00,13785311,0,False,Wh,Common Area Lights,0.0
142822,15,2025-03-01T23:00:00+08:00,13785348,0,False,Wh,Common Area Lights,0.0
142822,15,2025-03-01T23:15:00+08:00,13785456,0,False,Wh,Common Area Lights,0.0
142822,15,2025-03-01T23:30:00+08:00,13785576,0,False,Wh,Common Area Lights,0.0
142822,15,2025-03-01T23:45:00+08:00,13785668,0,False,Wh,Common Area Lights,0.0
142822,15,2025-03-02T00:00:00+08:00,13785707,0,False,Wh,Common Area Lights,0.0
142822,15,2025-03-02T00:15:00+08:00,13785749,0,False,Wh,Common Area Lights,0.0
142822,15,2025-03-02T00:30:00+08:00,13785886,0,False,Wh,Common Area Lights,0.0
142822,15,2025-03-02T00:45:00+08:00,13786006,0,False,Wh,Common Area Lights,0.0
142822,15,2025-03-02T01:00:00+08:00,13786107,0,False,Wh,Common Area Lights,0.0
142822,15,2025-03-02T01:15:00+08:00,13786154,0,False,Wh,Common Area Lights,0.0
142822,15,2025-03-02T01:30:00+08:00,13786191,0,False,Wh,Common Area Lights,0.0
142822,15,2025-03-02T01:45:00+08:00,13786229,0,False,Wh,Common Area Lights,0.0
142822,15,2025-03-02T02:00:00+08:00,13786273,0,False,Wh,Common Area Lights,0.0
142822,15,2025-03-02T02:15:00+08:00,13786314,0,False,Wh,Common Area Lights,0.0
142822,15,2025-03-02T02:30:00+08:00,13786352,0,False,Wh,Common Area Lights,0.0
142822,15,2025-03-02T02:45:00+08:00,13786389,0,False,Wh,Common Area Lights,0.0
142822,15,2025-03-02T03:00:00+08:00,13786440,0,False,Wh,Common Area Lights,0.0
142822,15,2025-03-02T03:15:00+08:00,13786554,0,False,Wh,Common Area Lights,0.0
142822,15,2025-03-02T03:30:00+08:00,13786597,0,False,Wh,Common Area Lights,0.0
142822,15,2025-03-02T03:45:00+08:00,13786640,0,False,Wh,Common Area Lights,0.0
142822,15,2025-03-02T04:00:00+08:00,13786743,0,False,Wh,Common Area Lights,0.0
142822,15,2025-03-02T04:15:00+08:00,13786807,0,False,Wh,Common Area Lights,0.0
142822,15,2025-03-02T04:30:00+08:00,13786924,0,False,Wh,Common Area Lights,0.0
142822,15,2025-03-02T04:45:00+08:00,13786976,0,False,Wh,Common Area Lights,0.0
142822,15,2025-03-02T05:00:00+08:00,13787018,0,False,Wh,Common Area Lights,0.0
142822,15,2025-03-02T05:15:00+08:00,13787061,0,False,Wh,Common Area Lights,0.0
142822,15,2025-03-02T05:30:00+08:00,13787177,0,False,Wh,Common Area Lights,0.0
142822,15,2025-03-02T05:45:00+08:00,13787266,0,False,Wh,Common Area Lights,0.0
142822,15,2025-03-02T06:00:00+08:00,13787384,0,False,Wh,Common Area Lights,0.0
142822,15,2025-03-02T06:15:00+08:00,13787471,0,False,Wh,Common Area Lights,0.0
142822,15,2025-03-02T06:30:00+08:00,13787541,0,False,Wh,Common Area Lights,0.0
142822,15,2025-03-02T06:45:00+08:00,13787567,0,False,Wh,Common Area Lights,0.0
142822,15,2025-03-02T07:00:00+08:00,13787595,0,False,Wh,Common Area Lights,0.0
142822,15,2025-03-02T07:15:00+08:00,13787624,0,False,Wh,Common Area Lights,0.0
142822,15,2025-03-02T07:30:00+08:00,13787652,0,False,Wh,Common Area Lights,0.0
142822,15,2025-03-02T07:45:00+08:00,13787680,0,False,Wh,Common Area Lights,0.0
142822,15,2025-03-02T08:00:00+08:00,13787709,0,False,Wh,Common Area Lights,0.0
142822,15,2025-03-02T08:15:00+08:00,13787738,0,False,Wh,Common Area Lights,0.0
142822,15,2025-03-02T08:30:00+08:00,13787796,0,False,Wh,Common Area Lights,0.0
142822,15,2025-03-02T08:45:00+08:00,13787843,0,False,Wh,Common Area Lights,0.0
142822,15,2025-03-02T09:00:00+08:00,13787872,0,False,Wh,Common Area Lights,0.0
142822,15,2025-03-02T09:15:00+08:00,13787900,0,False,Wh,Common Area Lights,0.0
142822,15,2025-03-02T09:30:00+08:00,13787931,0,False,Wh,Common Area Lights,0.0
142822,15,2025-03-02T09:45:00+08:00,13787973,0,False,Wh,Common Area Lights,0.0
142822,15,2025-03-02T10:00:00+08:00,13788004,0,False,Wh,Common Area Lights,0.0
142822,15,2025-03-02T10:15:00+08:00,13788032,0,False,Wh,Common Area Lights,0.0
142822,15,2025-03-02T10:30:00+08:00,13788090,0,False,Wh,Common Area Lights,0.0
142822,15,2025-03-02T10:45:00+08:00,13788137,0,False,Wh,Common Area Lights,0.0
142822,15,2025-03-02T11:00:00+08:00,13788177,0,False,Wh,Common Area Lights,0.0
142822,15,2025-03-02T11:15:00+08:00,13788232,0,False,Wh,Common Area Lights,0.0
142822,15,2025-03-02T11:30:00+08:00,13788269,0,False,Wh,Common Area Lights,0.0
142822,15,2025-03-02T11:45:00+08:00,13788324,0,False,Wh,Common Area Lights,0.0
142822,15,2025-03-02T12:00:00+08:00,13788385,0,False,Wh,Common Area Lights,0.0
142822,15,2025-03-02T12:15:00+08:00,13788442,0,False,Wh,Common Area Lights,0.0
142822,15,2025-03-02T12:30:00+08:00,13788484,0,False,Wh,Common Area Lights,0.0
142822,15,2025-03-02T12:45:00+08:00,13788516,0,False,Wh,Common Area Lights,0.0
142822,15,2025-03-02T13:00:00+08:00,13788584,0,False,Wh,Common Area Lights,0.0
142822,15,2025-03-02T13:15:00+08:00,13788644,0,False,Wh,Common Area Lights,0.0
142822,15,2025-03-02T13:30:00+08:00,13788680,0,False,Wh,Common Area Lights,0.0
142822,15,2025-03-02T13:45:00+08:00,13788723,0,False,Wh,Common Area Lights,0.0
142822,15,2025-03-02T14:00:00+08:00,13788766,0,False,Wh,Common Area Lights,0.0
142822,15,2025-03-02T14:15:00+08:00,13788844,0,False,Wh,Common Area Lights,0.0
142822,15,2025-03-02T14:30:00+08:00,13788916,0,False,Wh,Common Area Lights,0.0
142822,15,2025-03-02T14:45:00+08:00,13788975,0,False,Wh,Common Area Lights,0.0
142822,15,2025-03-02T15:00:00+08:00,13789022,0,False,Wh,Common Area Lights,0.0
142822,15,2025-03-02T15:15:00+08:00,13789069,0,False,Wh,Common Area Lights,0.0
142822,15,2025-03-02T15:30:00+08:00,13789139,0,False,Wh,Common Area Lights,0.0
142822,15,2025-03-02T15:45:00+08:00,13789203,0,False,Wh,Common Area Lights,0.0
142822,15,2025-03-02T16:00:00+08:00,13789268,0,False,Wh,Common Area Lights,0.0
142822,15,2025-03-02T16:15:00+08:00,13789357,0,False,Wh,Common Area Lights,0.0
142822,15,2025-03-02T16:30:00+08:00,13789396,0,False,Wh,Common Area Lights,0.0
142822,15,2025-03-02T16:45:00+08:00,13789459,0,False,Wh,Common Area Lights,0.0
142822,15,2025-03-02T17:00:00+08:00,13789510,0,False,Wh,Common Area Lights,0.0
142822,15,2025-03-02T17:15:00+08:00,13789568,0,False,Wh,Common Area Lights,0.0
142822,15,2025-03-02T17:30:00+08:00,13789616,0,False,Wh,Common Area Lights,0.0
142822,15,2025-03-02T17:45:00+08:00,13789662,0,False,Wh,Common Area Lights,0.0
142822,15,2025-03-02T18:00:00+08:00,13789720,0,False,Wh,Common Area Lights,0.0
142822,15,2025-03-02T18:15:00+08:00,13789759,0,False,Wh,Common Area Lights,0.0
142822,15,2025-03-02T18:30:00+08:00,13789788,0,False,Wh,Common Area Lights,0.0
142822,15,2025-03-02T18:45:00+08:00,13789817,0,False,Wh,Common Area Lights,0.0
142822,15,2025-03-02T19:00:00+08:00,13789896,0,False,Wh,Common Area Lights,0.0
142822,15,2025-03-02T19:15:00+08:00,13790025,0,False,Wh,Common Area Lights,0.0
142822,15,2025-03-02T19:30:00+08:00,13790160,0,False,Wh,Common Area Lights,0.0
142822,15,2025-03-02T19:45:00+08:00,13790297,0,False,Wh,Common Area Lights,0.0
142822,15,2025-03-02T20:00:00+08:00,13790424,0,False,Wh,Common Area Lights,0.0
142822,15,2025-03-02T20:15:00+08:00,13790582,0,False,Wh,Common Area Lights,0.0
142822,15,2025-03-02T20:30:00+08:00,13790731,0,False,Wh,Common Area Lights,0.0
142822,15,2025-03-02T20:45:00+08:00,13790867,0,False,Wh,Common Area Lights,0.0
142822,15,2025-03-02T21:00:00+08:00,13790928,0,False,Wh,Common Area Lights,0.0
142822,15,2025-03-02T21:15:00+08:00,13790998,0,False,Wh,Common Area Lights,0.0
142822,15,2025-03-02T21:30:00+08:00,13791121,0,False,Wh,Common Area Lights,0.0
142822,15,2025-03-02T21:45:00+08:00,13791210,0,False,Wh,Common Area Lights,0.0
142822,15,2025-03-02T22:00:00+08:00,13791284,0,False,Wh,Common Area Lights,0.0
142822,15,2025-03-02T22:15:00+08:00,13791357,0,False,Wh,Common Area Lights,0.0
142822,15,2025-03-02T22:30:00+08:00,13791512,0,False,Wh,Common Area Lights,0.0
142822,15,2025-03-02T22:45:00+08:00,13791587,0,False,Wh,Common Area Lights,0.0
142822,15,2025-03-02T23:00:00+08:00,13791624,0,False,Wh,Common Area Lights,0.0
142822,15,2025-03-02T23:15:00+08:00,13791659,0,False,Wh,Common Area Lights,0.0
142822,15,2025-03-02T23:30:00+08:00,13791713,0,False,Wh,Common Area Lights,0.0
142822,15,2025-03-02T23:45:00+08:00,13791832,0,False,Wh,Common Area Lights,0.0
142822,15,2025-03-03T00:00:00+08:00,13791873,0,False,Wh,Common Area Lights,0.0
142822,15,2025-03-03T00:15:00+08:00,13791908,0,False,Wh,Common Area Lights,0.0
142822,15,2025-03-03T00:30:00+08:00,13791943,0,False,Wh,Common Area Lights,0.0
142822,15,2025-03-03T00:45:00+08:00,13792018,0,False,Wh,Common Area Lights,0.0
142822,15,2025-03-03T01:00:00+08:00,13792104,0,False,Wh,Common Area Lights,0.0
142822,15,2025-03-03T01:15:00+08:00,13792140,0,False,Wh,Common Area Lights,0.0
142822,15,2025-03-03T01:30:00+08:00,13792181,0,False,Wh,Common Area Lights,0.0
142822,15,2025-03-03T01:45:00+08:00,13792221,0,False,Wh,Common Area Lights,0.0
142822,15,2025-03-03T02:00:00+08:00,13792256,0,False,Wh,Common Area Lights,0.0
142822,15,2025-03-03T02:15:00+08:00,13792291,0,False,Wh,Common Area Lights,0.0
142822,15,2025-03-03T02:30:00+08:00,13792327,0,False,Wh,Common Area Lights,0.0
142822,15,2025-03-03T02:45:00+08:00,13792362,0,False,Wh,Common Area Lights,0.0
142822,15,2025-03-03T03:00:00+08:00,13792397,0,False,Wh,Common Area Lights,0.0
142822,15,2025-03-03T03:15:00+08:00,13792433,0,False,Wh,Common Area Lights,0.0
142822,15,2025-03-03T03:30:00+08:00,13792468,0,False,Wh,Common Area Lights,0.0
142822,15,2025-03-03T03:45:00+08:00,13792504,0,False,Wh,Common Area Lights,0.0
142822,15,2025-03-03T04:00:00+08:00,13792539,0,False,Wh,Common Area Lights,0.0
142822,15,2025-03-03T04:15:00+08:00,13792574,0,False,Wh,Common Area Lights,0.0
142822,15,2025-03-03T04:30:00+08:00,13792651,0,False,Wh,Common Area Lights,0.0
142822,15,2025-03-03T04:45:00+08:00,13792803,0,False,Wh,Common Area Lights,0.0
142822,15,2025-03-03T05:00:00+08:00,13792867,0,False,Wh,Common Area Lights,0.0
142822,15,2025-03-03T05:15:00+08:00,13792977,0,False,Wh,Common Area Lights,0.0
142822,15,2025-03-03T05:30:00+08:00,13793017,0,False,Wh,Common Area Lights,0.0
142822,15,2025-03-03T05:45:00+08:00,13793058,0,False,Wh,Common Area Lights,0.0
142822,15,2025-03-03T06:00:00+08:00,13793101,0,False,Wh,Common Area Lights,0.0
142822,15,2025-03-03T06:15:00+08:00,13793156,0,False,Wh,Common Area Lights,0.0
142822,15,2025-03-03T06:30:00+08:00,13793234,0,False,Wh,Common Area Lights,0.0
142822,15,2025-03-03T06:45:00+08:00,13793260,0,False,Wh,Common Area Lights,0.0
142822,15,2025-03-03T07:00:00+08:00,13793287,0,False,Wh,Common Area Lights,0.0
142822,15,2025-03-03T07:15:00+08:00,13793313,0,False,Wh,Common Area Lights,0.0
142822,15,2025-03-03T07:30:00+08:00,13793340,0,False,Wh,Common Area Lights,0.0
142822,15,2025-03-03T07:45:00+08:00,13793367,0,False,Wh,Common Area Lights,0.0
142822,15,2025-03-03T08:00:00+08:00,13793408,0,False,Wh,Common Area Lights,0.0
142822,15,2025-03-03T08:15:00+08:00,13793444,0,False,Wh,Common Area Lights,0.0
142822,15,2025-03-03T08:30:00+08:00,13793486,0,False,Wh,Common Area Lights,0.0
142822,15,2025-03-03T08:45:00+08:00,13793515,0,False,Wh,Common Area Lights,0.0
142822,15,2025-03-03T09:00:00+08:00,13793560,0,False,Wh,Common Area Lights,0.0
142822,15,2025-03-03T09:15:00+08:00,13793587,0,False,Wh,Common Area Lights,0.0
142822,15,2025-03-03T09:30:00+08:00,13793614,0,False,Wh,Common Area Lights,0.0
142822,15,2025-03-03T09:45:00+08:00,13793640,0,False,Wh,Common Area Lights,0.0
142822,15,2025-03-03T10:00:00+08:00,13793666,0,False,Wh,Common Area Lights,0.0
142822,15,2025-03-03T10:15:00+08:00,13793693,0,False,Wh,Common Area Lights,0.0
142822,15,2025-03-03T10:30:00+08:00,13793719,0,False,Wh,Common Area Lights,0.0
142822,15,2025-03-03T10:45:00+08:00,13793746,0,False,Wh,Common Area Lights,0.0
142822,15,2025-03-03T11:00:00+08:00,13793772,0,False,Wh,Common Area Lights,0.0
142822,15,2025-03-03T11:15:00+08:00,13793799,0,False,Wh,Common Area Lights,0.0
142822,15,2025-03-03T11:30:00+08:00,13793842,0,False,Wh,Common Area Lights,0.0
142822,15,2025-03-03T11:45:00+08:00,13793904,0,False,Wh,Common Area Lights,0.0
142822,15,2025-03-03T12:00:00+08:00,13793965,0,False,Wh,Common Area Lights,0.0
142822,15,2025-03-03T12:15:00+08:00,13793992,0,False,Wh,Common Area Lights,0.0
142822,15,2025-03-03T12:30:00+08:00,13794018,0,False,Wh,Common Area Lights,0.0
142822,15,2025-03-03T12:45:00+08:00,13794047,0,False,Wh,Common Area Lights,0.0
142822,15,2025-03-03T13:00:00+08:00,13794101,0,False,Wh,Common Area Lights,0.0
142822,15,2025-03-03T13:15:00+08:00,13794154,0,False,Wh,Common Area Lights,0.0
142822,15,2025-03-03T13:30:00+08:00,13794182,0,False,Wh,Common Area Lights,0.0
142822,15,2025-03-03T13:45:00+08:00,13794233,0,False,Wh,Common Area Lights,0.0
142822,15,2025-03-03T14:00:00+08:00,13794283,0,False,Wh,Common Area Lights,0.0
142822,15,2025-03-03T14:15:00+08:00,13794309,0,False,Wh,Common Area Lights,0.0
142822,15,2025-03-03T14:30:00+08:00,13794336,0,False,Wh,Common Area Lights,0.0
142822,15,2025-03-03T14:45:00+08:00,13794366,0,False,Wh,Common Area Lights,0.0
142822,15,2025-03-03T15:00:00+08:00,13794411,0,False,Wh,Common Area Lights,0.0
142822,15,2025-03-03T15:15:00+08:00,13794447,0,False,Wh,Common Area Lights,0.0
142822,15,2025-03-03T15:30:00+08:00,13794488,0,False,Wh,Common Area Lights,0.0
142822,15,2025-03-03T15:45:00+08:00,13794530,0,False,Wh,Common Area Lights,0.0
142822,15,2025-03-03T16:00:00+08:00,13794604,0,False,Wh,Common Area Lights,0.0
142822,15,2025-03-03T16:15:00+08:00,13794642,0,False,Wh,Common Area Lights,0.0
142822,15,2025-03-03T16:30:00+08:00,13794682,0,False,Wh,Common Area Lights,0.0
142822,15,2025-03-03T16:45:00+08:00,13794740,0,False,Wh,Common Area Lights,0.0
142822,15,2025-03-03T17:00:00+08:00,13794793,0,False,Wh,Common Area Lights,0.0
142822,15,2025-03-03T17:15:00+08:00,13794825,0,False,Wh,Common Area Lights,0.0
142822,15,2025-03-03T17:30:00+08:00,13794886,0,False,Wh,Common Area Lights,0.0
142822,15,2025-03-03T17:45:00+08:00,13794923,0,False,Wh,Common Area Lights,0.0
142822,15,2025-03-03T18:00:00+08:00,13794960,0,False,Wh,Common Area Lights,0.0
142822,15,2025-03-03T18:15:00+08:00,13795019,0,False,Wh,Common Area Lights,0.0
142822,15,2025-03-03T18:30:00+08:00,13795058,0,False,Wh,Common Area Lights,0.0
142822,15,2025-03-03T18:45:00+08:00,13795112,0,False,Wh,Common Area Lights,0.0
142822,15,2025-03-03T19:00:00+08:00,13795232,0,False,Wh,Common Area Lights,0.0
142822,15,2025-03-03T19:15:00+08:00,13795373,0,False,Wh,Common Area Lights,0.0
142822,15,2025-03-03T19:30:00+08:00,13795523,0,False,Wh,Common Area Lights,0.0
142822,15,2025-03-03T19:45:00+08:00,13795656,0,False,Wh,Common Area Lights,0.0
142822,15,2025-03-03T20:00:00+08:00,13795803,0,False,Wh,Common Area Lights,0.0
142822,15,2025-03-03T20:15:00+08:00,13795962,0,False,Wh,Common Area Lights,0.0
142822,15,2025-03-03T20:30:00+08:00,13796123,0,False,Wh,Common Area Lights,0.0
142822,15,2025-03-03T20:45:00+08:00,13796248,0,False,Wh,Common Area Lights,0.0
142822,15,2025-03-03T21:00:00+08:00,13796390,0,False,Wh,Common Area Lights,0.0
142822,15,2025-03-03T21:15:00+08:00,13796550,0,False,Wh,Common Area Lights,0.0
142822,15,2025-03-03T21:30:00+08:00,13796671,0,False,Wh,Common Area Lights,0.0
142822,15,2025-03-03T21:45:00+08:00,13796789,0,False,Wh,Common Area Lights,0.0
142822,15,2025-03-03T22:00:00+08:00,13796910,0,False,Wh,Common Area Lights,0.0
142822,15,2025-03-03T22:15:00+08:00,13796997,0,False,Wh,Common Area Lights,0.0
142822,15,2025-03-03T22:30:00+08:00,13797123,0,False,Wh,Common Area Lights,0.0
142822,15,2025-03-03T22:45:00+08:00,13797169,0,False,Wh,Common Area Lights,0.0
142822,15,2025-03-03T23:00:00+08:00,13797204,0,False,Wh,Common Area Lights,0.0
142822,15,2025-03-03T23:15:00+08:00,13797239,0,False,Wh,Common Area Lights,0.0
142822,15,2025-03-03T23:30:00+08:00,13797274,0,False,Wh,Common Area Lights,0.0
142822,15,2025-03-03T23:45:00+08:00,13797316,0,False,Wh,Common Area Lights,0.0
142823,15,2025-02-22T00:00:00+08:00,11987103,0,False,Wh,Common Area,0.0
142823,15,2025-02-22T00:15:00+08:00,11987175,0,False,Wh,Common Area,0.0
142823,15,2025-02-22T00:30:00+08:00,11987247,0,False,Wh,Common Area,0.0
142823,15,2025-02-22T00:45:00+08:00,11987328,0,False,Wh,Common Area,0.0
142823,15,2025-02-22T01:00:00+08:00,11987399,0,False,Wh,Common Area,0.0
142823,15,2025-02-22T01:15:00+08:00,11987470,0,False,Wh,Common Area,0.0
142823,15,2025-02-22T01:30:00+08:00,11987540,0,False,Wh,Common Area,0.0
142823,15,2025-02-22T01:45:00+08:00,11987610,0,False,Wh,Common Area,0.0
142823,15,2025-02-22T02:00:00+08:00,11987681,0,False,Wh,Common Area,0.0
142823,15,2025-02-22T02:15:00+08:00,11987751,0,False,Wh,Common Area,0.0
142823,15,2025-02-22T02:30:00+08:00,11987821,0,False,Wh,Common Area,0.0
142823,15,2025-02-22T02:45:00+08:00,11987891,0,False,Wh,Common Area,0.0
142823,15,2025-02-22T03:00:00+08:00,11987962,0,False,Wh,Common Area,0.0
142823,15,2025-02-22T03:15:00+08:00,11988032,0,False,Wh,Common Area,0.0
142823,15,2025-02-22T03:30:00+08:00,11988102,0,False,Wh,Common Area,0.0
142823,15,2025-02-22T03:45:00+08:00,11988173,0,False,Wh,Common Area,0.0
142823,15,2025-02-22T04:00:00+08:00,11988243,0,False,Wh,Common Area,0.0
142823,15,2025-02-22T04:15:00+08:00,11988314,0,False,Wh,Common Area,0.0
142823,15,2025-02-22T04:30:00+08:00,11988392,0,False,Wh,Common Area,0.0
142823,15,2025-02-22T04:45:00+08:00,11988463,0,False,Wh,Common Area,0.0
142823,15,2025-02-22T05:00:00+08:00,11988534,0,False,Wh,Common Area,0.0
142823,15,2025-02-22T05:15:00+08:00,11988605,0,False,Wh,Common Area,0.0
142823,15,2025-02-22T05:30:00+08:00,11988676,0,False,Wh,Common Area,0.0
142823,15,2025-02-22T05:45:00+08:00,11988747,0,False,Wh,Common Area,0.0
142823,15,2025-02-22T06:00:00+08:00,11988816,0,False,Wh,Common Area,0.0
142823,15,2025-02-22T06:15:00+08:00,11988886,0,False,Wh,Common Area,0.0
142823,15,2025-02-22T06:30:00+08:00,11988955,0,False,Wh,Common Area,0.0
142823,15,2025-02-22T06:45:00+08:00,11989024,0,False,Wh,Common Area,0.0
142823,15,2025-02-22T07:00:00+08:00,11989095,0,False,Wh,Common Area,0.0
142823,15,2025-02-22T07:15:00+08:00,11989165,0,False,Wh,Common Area,0.0
142823,15,2025-02-22T07:30:00+08:00,11989234,0,False,Wh,Common Area,0.0
142823,15,2025-02-22T07:45:00+08:00,11989302,0,False,Wh,Common Area,0.0
142823,15,2025-02-22T08:00:00+08:00,11989371,0,False,Wh,Common Area,0.0
142823,15,2025-02-22T08:15:00+08:00,11989441,0,False,Wh,Common Area,0.0
142823,15,2025-02-22T08:30:00+08:00,11989510,0,False,Wh,Common Area,0.0
142823,15,2025-02-22T08:45:00+08:00,11989580,0,False,Wh,Common Area,0.0
142823,15,2025-02-22T09:00:00+08:00,11989658,0,False,Wh,Common Area,0.0
142823,15,2025-02-22T09:15:00+08:00,11989728,0,False,Wh,Common Area,0.0
142823,15,2025-02-22T09:30:00+08:00,11989808,0,False,Wh,Common Area,0.0
142823,15,2025-02-22T09:45:00+08:00,11989885,0,False,Wh,Common Area,0.0
142823,15,2025-02-22T10:00:00+08:00,11989961,0,False,Wh,Common Area,0.0
142823,15,2025-02-22T10:15:00+08:00,11990031,0,False,Wh,Common Area,0.0
142823,15,2025-02-22T10:30:00+08:00,11990101,0,False,Wh,Common Area,0.0
142823,15,2025-02-22T10:45:00+08:00,11990171,0,False,Wh,Common Area,0.0
142823,15,2025-02-22T11:00:00+08:00,11990241,0,False,Wh,Common Area,0.0
142823,15,2025-02-22T11:15:00+08:00,11990311,0,False,Wh,Common Area,0.0
142823,15,2025-02-22T11:30:00+08:00,11990382,0,False,Wh,Common Area,0.0
142823,15,2025-02-22T11:45:00+08:00,11990462,0,False,Wh,Common Area,0.0
142823,15,2025-02-22T12:00:00+08:00,11990538,0,False,Wh,Common Area,0.0
142823,15,2025-02-22T12:15:00+08:00,11990606,0,False,Wh,Common Area,0.0
142823,15,2025-02-22T12:30:00+08:00,11990675,0,False,Wh,Common Area,0.0
142823,15,2025-02-22T12:45:00+08:00,11990752,0,False,Wh,Common Area,0.0
142823,15,2025-02-22T13:00:00+08:00,11990822,0,False,Wh,Common Area,0.0
142823,15,2025-02-22T13:15:00+08:00,11990901,0,False,Wh,Common Area,0.0
142823,15,2025-02-22T13:30:00+08:00,11990971,0,False,Wh,Common Area,0.0
142823,15,2025-02-22T13:45:00+08:00,11991068,0,False,Wh,Common Area,0.0
142823,15,2025-02-22T14:00:00+08:00,11991138,0,False,Wh,Common Area,0.0
142823,15,2025-02-22T14:15:00+08:00,11991209,0,False,Wh,Common Area,0.0
142823,15,2025-02-22T14:30:00+08:00,11991291,0,False,Wh,Common Area,0.0
142823,15,2025-02-22T14:45:00+08:00,11991375,0,False,Wh,Common Area,0.0
142823,15,2025-02-22T15:00:00+08:00,11991445,0,False,Wh,Common Area,0.0
142823,15,2025-02-22T15:15:00+08:00,11991527,0,False,Wh,Common Area,0.0
142823,15,2025-02-22T15:30:00+08:00,11991597,0,False,Wh,Common Area,0.0
142823,15,2025-02-22T15:45:00+08:00,11991667,0,False,Wh,Common Area,0.0
142823,15,2025-02-22T16:00:00+08:00,11991737,0,False,Wh,Common Area,0.0
142823,15,2025-02-22T16:15:00+08:00,11991827,0,False,Wh,Common Area,0.0
142823,15,2025-02-22T16:30:00+08:00,11991897,0,False,Wh,Common Area,0.0
142823,15,2025-02-22T16:45:00+08:00,11991974,0,False,Wh,Common Area,0.0
142823,15,2025-02-22T17:00:00+08:00,11992043,0,False,Wh,Common Area,0.0
142823,15,2025-02-22T17:15:00+08:00,11992112,0,False,Wh,Common Area,0.0
142823,15,2025-02-22T17:30:00+08:00,11992192,0,False,Wh,Common Area,0.0
142823,15,2025-02-22T17:45:00+08:00,11992268,0,False,Wh,Common Area,0.0
142823,15,2025-02-22T18:00:00+08:00,11992356,0,False,Wh,Common Area,0.0
142823,15,2025-02-22T18:15:00+08:00,11992435,0,False,Wh,Common Area,0.0
142823,15,2025-02-22T18:30:00+08:00,11992505,0,False,Wh,Common Area,0.0
142823,15,2025-02-22T18:45:00+08:00,11992591,0,False,Wh,Common Area,0.0
142823,15,2025-02-22T19:00:00+08:00,11992660,0,False,Wh,Common Area,0.0
142823,15,2025-02-22T19:15:00+08:00,11992737,0,False,Wh,Common Area,0.0
142823,15,2025-02-22T19:30:00+08:00,11992842,0,False,Wh,Common Area,0.0
142823,15,2025-02-22T19:45:00+08:00,11992918,0,False,Wh,Common Area,0.0
142823,15,2025-02-22T20:00:00+08:00,11992998,0,False,Wh,Common Area,0.0
142823,15,2025-02-22T20:15:00+08:00,11993084,0,False,Wh,Common Area,0.0
142823,15,2025-02-22T20:30:00+08:00,11993177,0,False,Wh,Common Area,0.0
142823,15,2025-02-22T20:45:00+08:00,11993247,0,False,Wh,Common Area,0.0
142823,15,2025-02-22T21:00:00+08:00,11993338,0,False,Wh,Common Area,0.0
142823,15,2025-02-22T21:15:00+08:00,11993409,0,False,Wh,Common Area,0.0
142823,15,2025-02-22T21:30:00+08:00,11993479,0,False,Wh,Common Area,0.0
142823,15,2025-02-22T21:45:00+08:00,11993557,0,False,Wh,Common Area,0.0
142823,15,2025-02-22T22:00:00+08:00,11993627,0,False,Wh,Common Area,0.0
142823,15,2025-02-22T22:15:00+08:00,11993698,0,False,Wh,Common Area,0.0
142823,15,2025-02-22T22:30:00+08:00,11993768,0,False,Wh,Common Area,0.0
142823,15,2025-02-22T22:45:00+08:00,11993846,0,False,Wh,Common Area,0.0
142823,15,2025-02-22T23:00:00+08:00,11993917,0,False,Wh,Common Area,0.0
142823,15,2025-02-22T23:15:00+08:00,11993988,0,False,Wh,Common Area,0.0
142823,15,2025-02-22T23:30:00+08:00,11994059,0,False,Wh,Common Area,0.0
142823,15,2025-02-22T23:45:00+08:00,11994131,0,False,Wh,Common Area,0.0
142823,15,2025-02-23T00:00:00+08:00,11994201,0,False,Wh,Common Area,0.0
142823,15,2025-02-23T00:15:00+08:00,11994273,0,False,Wh,Common Area,0.0
142823,15,2025-02-23T00:30:00+08:00,11994349,0,False,Wh,Common Area,0.0
142823,15,2025-02-23T00:45:00+08:00,11994420,0,False,Wh,Common Area,0.0
142823,15,2025-02-23T01:00:00+08:00,11994491,0,False,Wh,Common Area,0.0
142823,15,2025-02-23T01:15:00+08:00,11994562,0,False,Wh,Common Area,0.0
142823,15,2025-02-23T01:30:00+08:00,11994634,0,False,Wh,Common Area,0.0
142823,15,2025-02-23T01:45:00+08:00,11994705,0,False,Wh,Common Area,0.0
142823,15,2025-02-23T02:00:00+08:00,11994777,0,False,Wh,Common Area,0.0
142823,15,2025-02-23T02:15:00+08:00,11994848,0,False,Wh,Common Area,0.0
142823,15,2025-02-23T02:30:00+08:00,11994920,0,False,Wh,Common Area,0.0
142823,15,2025-02-23T02:45:00+08:00,11994991,0,False,Wh,Common Area,0.0
142823,15,2025-02-23T03:00:00+08:00,11995063,0,False,Wh,Common Area,0.0
142823,15,2025-02-23T03:15:00+08:00,11995144,0,False,Wh,Common Area,0.0
142823,15,2025-02-23T03:30:00+08:00,11995215,0,False,Wh,Common Area,0.0
142823,15,2025-02-23T03:45:00+08:00,11995286,0,False,Wh,Common Area,0.0
142823,15,2025-02-23T04:00:00+08:00,11995358,0,False,Wh,Common Area,0.0
142823,15,2025-02-23T04:15:00+08:00,11995429,0,False,Wh,Common Area,0.0
142823,15,2025-02-23T04:30:00+08:00,11995500,0,False,Wh,Common Area,0.0
142823,15,2025-02-23T04:45:00+08:00,11995571,0,False,Wh,Common Area,0.0
142823,15,2025-02-23T05:00:00+08:00,11995642,0,False,Wh,Common Area,0.0
142823,15,2025-02-23T05:15:00+08:00,11995713,0,False,Wh,Common Area,0.0
142823,15,2025-02-23T05:30:00+08:00,11995784,0,False,Wh,Common Area,0.0
142823,15,2025-02-23T05:45:00+08:00,11995874,0,False,Wh,Common Area,0.0
142823,15,2025-02-23T06:00:00+08:00,11995944,0,False,Wh,Common Area,0.0
142823,15,2025-02-23T06:15:00+08:00,11996014,0,False,Wh,Common Area,0.0
142823,15,2025-02-23T06:30:00+08:00,11996083,0,False,Wh,Common Area,0.0
142823,15,2025-02-23T06:45:00+08:00,11996152,0,False,Wh,Common Area,0.0
142823,15,2025-02-23T07:00:00+08:00,11996221,0,False,Wh,Common Area,0.0
142823,15,2025-02-23T07:15:00+08:00,11996291,0,False,Wh,Common Area,0.0
142823,15,2025-02-23T07:30:00+08:00,11996361,0,False,Wh,Common Area,0.0
142823,15,2025-02-23T07:45:00+08:00,11996431,0,False,Wh,Common Area,0.0
142823,15,2025-02-23T08:00:00+08:00,11996501,0,False,Wh,Common Area,0.0
142823,15,2025-02-23T08:15:00+08:00,11996571,0,False,Wh,Common Area,0.0
142823,15,2025-02-23T08:30:00+08:00,11996642,0,False,Wh,Common Area,0.0
142823,15,2025-02-23T08:45:00+08:00,11996718,0,False,Wh,Common Area,0.0
142823,15,2025-02-23T09:00:00+08:00,11996788,0,False,Wh,Common Area,0.0
142823,15,2025-02-23T09:15:00+08:00,11996857,0,False,Wh,Common Area,0.0
142823,15,2025-02-23T09:30:00+08:00,11996927,0,False,Wh,Common Area,0.0
142823,15,2025-02-23T09:45:00+08:00,11996997,0,False,Wh,Common Area,0.0
142823,15,2025-02-23T10:00:00+08:00,11997067,0,False,Wh,Common Area,0.0
142823,15,2025-02-23T10:15:00+08:00,11997135,0,False,Wh,Common Area,0.0
142823,15,2025-02-23T10:30:00+08:00,11997204,0,False,Wh,Common Area,0.0
142823,15,2025-02-23T10:45:00+08:00,11997272,0,False,Wh,Common Area,0.0
142823,15,2025-02-23T11:00:00+08:00,11997346,0,False,Wh,Common Area,0.0
142823,15,2025-02-23T11:15:00+08:00,11997427,0,False,Wh,Common Area,0.0
142823,15,2025-02-23T11:30:00+08:00,11997508,0,False,Wh,Common Area,0.0
142823,15,2025-02-23T11:45:00+08:00,11997587,0,False,Wh,Common Area,0.0
142823,15,2025-02-23T12:00:00+08:00,11997657,0,False,Wh,Common Area,0.0
142823,15,2025-02-23T12:15:00+08:00,11997748,0,False,Wh,Common Area,0.0
142823,15,2025-02-23T12:30:00+08:00,11997839,0,False,Wh,Common Area,0.0
142823,15,2025-02-23T12:45:00+08:00,11997973,0,False,Wh,Common Area,0.0
142823,15,2025-02-23T13:00:00+08:00,11998063,0,False,Wh,Common Area,0.0
142823,15,2025-02-23T13:15:00+08:00,11998145,0,False,Wh,Common Area,0.0
142823,15,2025-02-23T13:30:00+08:00,11998215,0,False,Wh,Common Area,0.0
142823,15,2025-02-23T13:45:00+08:00,11998285,0,False,Wh,Common Area,0.0
142823,15,2025-02-23T14:00:00+08:00,11998355,0,False,Wh,Common Area,0.0
142823,15,2025-02-23T14:15:00+08:00,11998446,0,False,Wh,Common Area,0.0
142823,15,2025-02-23T14:30:00+08:00,11998526,0,False,Wh,Common Area,0.0
142823,15,2025-02-23T14:45:00+08:00,11998595,0,False,Wh,Common Area,0.0
142823,15,2025-02-23T15:00:00+08:00,11998676,0,False,Wh,Common Area,0.0
142823,15,2025-02-23T15:15:00+08:00,11998769,0,False,Wh,Common Area,0.0
142823,15,2025-02-23T15:30:00+08:00,11998855,0,False,Wh,Common Area,0.0
142823,15,2025-02-23T15:45:00+08:00,11998945,0,False,Wh,Common Area,0.0
142823,15,2025-02-23T16:00:00+08:00,11999016,0,False,Wh,Common Area,0.0
142823,15,2025-02-23T16:15:00+08:00,11999088,0,False,Wh,Common Area,0.0
142823,15,2025-02-23T16:30:00+08:00,11999169,0,False,Wh,Common Area,0.0
142823,15,2025-02-23T16:45:00+08:00,11999238,0,False,Wh,Common Area,0.0
142823,15,2025-02-23T17:00:00+08:00,11999318,0,False,Wh,Common Area,0.0
142823,15,2025-02-23T17:15:00+08:00,11999402,0,False,Wh,Common Area,0.0
142823,15,2025-02-23T17:30:00+08:00,11999470,0,False,Wh,Common Area,0.0
142823,15,2025-02-23T17:45:00+08:00,11999538,0,False,Wh,Common Area,0.0
142823,15,2025-02-23T18:00:00+08:00,11999607,0,False,Wh,Common Area,0.0
142823,15,2025-02-23T18:15:00+08:00,11999675,0,False,Wh,Common Area,0.0
142823,15,2025-02-23T18:30:00+08:00,11999744,0,False,Wh,Common Area,0.0
142823,15,2025-02-23T18:45:00+08:00,11999818,0,False,Wh,Common Area,0.0
142823,15,2025-02-23T19:00:00+08:00,11999889,0,False,Wh,Common Area,0.0
142823,15,2025-02-23T19:15:00+08:00,11999958,0,False,Wh,Common Area,0.0
142823,15,2025-02-23T19:30:00+08:00,12000038,0,False,Wh,Common Area,0.0
142823,15,2025-02-23T19:45:00+08:00,12000119,0,False,Wh,Common Area,0.0
142823,15,2025-02-23T20:00:00+08:00,12000205,0,False,Wh,Common Area,0.0
142823,15,2025-02-23T20:15:00+08:00,12000276,0,False,Wh,Common Area,0.0
142823,15,2025-02-23T20:30:00+08:00,12000348,0,False,Wh,Common Area,0.0
142823,15,2025-02-23T20:45:00+08:00,12000427,0,False,Wh,Common Area,0.0
142823,15,2025-02-23T21:00:00+08:00,12000506,0,False,Wh,Common Area,0.0
142823,15,2025-02-23T21:15:00+08:00,12000578,0,False,Wh,Common Area,0.0
142823,15,2025-02-23T21:30:00+08:00,12000660,0,False,Wh,Common Area,0.0
142823,15,2025-02-23T21:45:00+08:00,12000730,0,False,Wh,Common Area,0.0
142823,15,2025-02-23T22:00:00+08:00,12000801,0,False,Wh,Common Area,0.0
142823,15,2025-02-23T22:15:00+08:00,12000872,0,False,Wh,Common Area,0.0
142823,15,2025-02-23T22:30:00+08:00,12000942,0,False,Wh,Common Area,0.0
142823,15,2025-02-23T22:45:00+08:00,12001013,0,False,Wh,Common Area,0.0
142823,15,2025-02-23T23:00:00+08:00,12001084,0,False,Wh,Common Area,0.0
142823,15,2025-02-23T23:15:00+08:00,12001155,0,False,Wh,Common Area,0.0
142823,15,2025-02-23T23:30:00+08:00,12001225,0,False,Wh,Common Area,0.0
142823,15,2025-02-23T23:45:00+08:00,12001296,0,False,Wh,Common Area,0.0
142823,15,2025-02-24T00:00:00+08:00,12001367,0,False,Wh,Common Area,0.0
142823,15,2025-02-24T00:15:00+08:00,12001437,0,False,Wh,Common Area,0.0
142823,15,2025-02-24T00:30:00+08:00,12001509,0,False,Wh,Common Area,0.0
142823,15,2025-02-24T00:45:00+08:00,12001579,0,False,Wh,Common Area,0.0
142823,15,2025-02-24T01:00:00+08:00,12001650,0,False,Wh,Common Area,0.0
142823,15,2025-02-24T01:15:00+08:00,12001721,0,False,Wh,Common Area,0.0
142823,15,2025-02-24T01:30:00+08:00,12001792,0,False,Wh,Common Area,0.0
142823,15,2025-02-24T01:45:00+08:00,12001863,0,False,Wh,Common Area,0.0
142823,15,2025-02-24T02:00:00+08:00,12001934,0,False,Wh,Common Area,0.0
142823,15,2025-02-24T02:15:00+08:00,12002005,0,False,Wh,Common Area,0.0
142823,15,2025-02-24T02:30:00+08:00,12002075,0,False,Wh,Common Area,0.0
142823,15,2025-02-24T02:45:00+08:00,12002146,0,False,Wh,Common Area,0.0
142823,15,2025-02-24T03:00:00+08:00,12002217,0,False,Wh,Common Area,0.0
142823,15,2025-02-24T03:15:00+08:00,12002288,0,False,Wh,Common Area,0.0
142823,15,2025-02-24T03:30:00+08:00,12002359,0,False,Wh,Common Area,0.0
142823,15,2025-02-24T03:45:00+08:00,12002431,0,False,Wh,Common Area,0.0
142823,15,2025-02-24T04:00:00+08:00,12002501,0,False,Wh,Common Area,0.0
142823,15,2025-02-24T04:15:00+08:00,12002572,0,False,Wh,Common Area,0.0
142823,15,2025-02-24T04:30:00+08:00,12002643,0,False,Wh,Common Area,0.0
142823,15,2025-02-24T04:45:00+08:00,12002714,0,False,Wh,Common Area,0.0
142823,15,2025-02-24T05:00:00+08:00,12002800,0,False,Wh,Common Area,0.0
142823,15,2025-02-24T05:15:00+08:00,12002872,0,False,Wh,Common Area,0.0
142823,15,2025-02-24T05:30:00+08:00,12002943,0,False,Wh,Common Area,0.0
142823,15,2025-02-24T05:45:00+08:00,12003014,0,False,Wh,Common Area,0.0
142823,15,2025-02-24T06:00:00+08:00,12003084,0,False,Wh,Common Area,0.0
142823,15,2025-02-24T06:15:00+08:00,12003163,0,False,Wh,Common Area,0.0
142823,15,2025-02-24T06:30:00+08:00,12003233,0,False,Wh,Common Area,0.0
142823,15,2025-02-24T06:45:00+08:00,12003302,0,False,Wh,Common Area,0.0
142823,15,2025-02-24T07:00:00+08:00,12003396,0,False,Wh,Common Area,0.0
142823,15,2025-02-24T07:15:00+08:00,12003475,0,False,Wh,Common Area,0.0
142823,15,2025-02-24T07:30:00+08:00,12003545,0,False,Wh,Common Area,0.0
142823,15,2025-02-24T07:45:00+08:00,12003615,0,False,Wh,Common Area,0.0
142823,15,2025-02-24T08:00:00+08:00,12003685,0,False,Wh,Common Area,0.0
142823,15,2025-02-24T08:15:00+08:00,12003755,0,False,Wh,Common Area,0.0
142823,15,2025-02-24T08:30:00+08:00,12003825,0,False,Wh,Common Area,0.0
142823,15,2025-02-24T08:45:00+08:00,12003896,0,False,Wh,Common Area,0.0
142823,15,2025-02-24T09:00:00+08:00,12003966,0,False,Wh,Common Area,0.0
142823,15,2025-02-24T09:15:00+08:00,12004035,0,False,Wh,Common Area,0.0
142823,15,2025-02-24T09:30:00+08:00,12004104,0,False,Wh,Common Area,0.0
142823,15,2025-02-24T09:45:00+08:00,12004174,0,False,Wh,Common Area,0.0
142823,15,2025-02-24T10:00:00+08:00,12004243,0,False,Wh,Common Area,0.0
142823,15,2025-02-24T10:15:00+08:00,12004312,0,False,Wh,Common Area,0.0
142823,15,2025-02-24T10:30:00+08:00,12004381,0,False,Wh,Common Area,0.0
142823,15,2025-02-24T10:45:00+08:00,12004450,0,False,Wh,Common Area,0.0
142823,15,2025-02-24T11:00:00+08:00,12004520,0,False,Wh,Common Area,0.0
142823,15,2025-02-24T11:15:00+08:00,12004589,0,False,Wh,Common Area,0.0
142823,15,2025-02-24T11:30:00+08:00,12004658,0,False,Wh,Common Area,0.0
142823,15,2025-02-24T11:45:00+08:00,12004743,0,False,Wh,Common Area,0.0
142823,15,2025-02-24T12:00:00+08:00,12004812,0,False,Wh,Common Area,0.0
142823,15,2025-02-24T12:15:00+08:00,12004881,0,False,Wh,Common Area,0.0
142823,15,2025-02-24T12:30:00+08:00,12004950,0,False,Wh,Common Area,0.0
142823,15,2025-02-24T12:45:00+08:00,12005019,0,False,Wh,Common Area,0.0
142823,15,2025-02-24T13:00:00+08:00,12005088,0,False,Wh,Common Area,0.0
142823,15,2025-02-24T13:15:00+08:00,12005158,0,False,Wh,Common Area,0.0
142823,15,2025-02-24T13:30:00+08:00,12005227,0,False,Wh,Common Area,0.0
142823,15,2025-02-24T13:45:00+08:00,12005296,0,False,Wh,Common Area,0.0
142823,15,2025-02-24T14:00:00+08:00,12005376,0,False,Wh,Common Area,0.0
142823,15,2025-02-24T14:15:00+08:00,12005445,0,False,Wh,Common Area,0.0
142823,15,2025-02-24T14:30:00+08:00,12005514,0,False,Wh,Common Area,0.0
142823,15,2025-02-24T14:45:00+08:00,12005598,0,False,Wh,Common Area,0.0
142823,15,2025-02-24T15:00:00+08:00,12005668,0,False,Wh,Common Area,0.0
142823,15,2025-02-24T15:15:00+08:00,12005738,0,False,Wh,Common Area,0.0
142823,15,2025-02-24T15:30:00+08:00,12005808,0,False,Wh,Common Area,0.0
142823,15,2025-02-24T15:45:00+08:00,12005909,0,False,Wh,Common Area,0.0
142823,15,2025-02-24T16:00:00+08:00,12005989,0,False,Wh,Common Area,0.0
142823,15,2025-02-24T16:15:00+08:00,12006060,0,False,Wh,Common Area,0.0
142823,15,2025-02-24T16:30:00+08:00,12006130,0,False,Wh,Common Area,0.0
142823,15,2025-02-24T16:45:00+08:00,12006200,0,False,Wh,Common Area,0.0
142823,15,2025-02-24T17:00:00+08:00,12006271,0,False,Wh,Common Area,0.0
142823,15,2025-02-24T17:15:00+08:00,12006355,0,False,Wh,Common Area,0.0
142823,15,2025-02-24T17:30:00+08:00,12006453,0,False,Wh,Common Area,0.0
142823,15,2025-02-24T17:45:00+08:00,12006521,0,False,Wh,Common Area,0.0
142823,15,2025-02-24T18:00:00+08:00,12006590,0,False,Wh,Common Area,0.0
142823,15,2025-02-24T18:15:00+08:00,12006659,0,False,Wh,Common Area,0.0
142823,15,2025-02-24T18:30:00+08:00,12006728,0,False,Wh,Common Area,0.0
142823,15,2025-02-24T18:45:00+08:00,12006805,0,False,Wh,Common Area,0.0
142823,15,2025-02-24T19:00:00+08:00,12006874,0,False,Wh,Common Area,0.0
142823,15,2025-02-24T19:15:00+08:00,12006953,0,False,Wh,Common Area,0.0
142823,15,2025-02-24T19:30:00+08:00,12007030,0,False,Wh,Common Area,0.0
142823,15,2025-02-24T19:45:00+08:00,12007108,0,False,Wh,Common Area,0.0
142823,15,2025-02-24T20:00:00+08:00,12007190,0,False,Wh,Common Area,0.0
142823,15,2025-02-24T20:15:00+08:00,12007262,0,False,Wh,Common Area,0.0
142823,15,2025-02-24T20:30:00+08:00,12007332,0,False,Wh,Common Area,0.0
142823,15,2025-02-24T20:45:00+08:00,12007403,0,False,Wh,Common Area,0.0
142823,15,2025-02-24T21:00:00+08:00,12007474,0,False,Wh,Common Area,0.0
142823,15,2025-02-24T21:15:00+08:00,12007545,0,False,Wh,Common Area,0.0
142823,15,2025-02-24T21:30:00+08:00,12007625,0,False,Wh,Common Area,0.0
142823,15,2025-02-24T21:45:00+08:00,12007696,0,False,Wh,Common Area,0.0
142823,15,2025-02-24T22:00:00+08:00,12007777,0,False,Wh,Common Area,0.0
142823,15,2025-02-24T22:15:00+08:00,12007848,0,False,Wh,Common Area,0.0
142823,15,2025-02-24T22:30:00+08:00,12007919,0,False,Wh,Common Area,0.0
142823,15,2025-02-24T22:45:00+08:00,12007990,0,False,Wh,Common Area,0.0
142823,15,2025-02-24T23:00:00+08:00,12008062,0,False,Wh,Common Area,0.0
142823,15,2025-02-24T23:15:00+08:00,12008133,0,False,Wh,Common Area,0.0
142823,15,2025-02-24T23:30:00+08:00,12008204,0,False,Wh,Common Area,0.0
142823,15,2025-02-24T23:45:00+08:00,12008275,0,False,Wh,Common Area,0.0
142823,15,2025-02-25T00:00:00+08:00,12008346,0,False,Wh,Common Area,0.0
142823,15,2025-02-25T00:15:00+08:00,12008418,0,False,Wh,Common Area,0.0
142823,15,2025-02-25T00:30:00+08:00,12008489,0,False,Wh,Common Area,0.0
142823,15,2025-02-25T00:45:00+08:00,12008560,0,False,Wh,Common Area,0.0
142823,15,2025-02-25T01:00:00+08:00,12008631,0,False,Wh,Common Area,0.0
142823,15,2025-02-25T01:15:00+08:00,12008702,0,False,Wh,Common Area,0.0
142823,15,2025-02-25T01:30:00+08:00,12008774,0,False,Wh,Common Area,0.0
142823,15,2025-02-25T01:45:00+08:00,12008845,0,False,Wh,Common Area,0.0
142823,15,2025-02-25T02:00:00+08:00,12008916,0,False,Wh,Common Area,0.0
142823,15,2025-02-25T02:15:00+08:00,12008987,0,False,Wh,Common Area,0.0
142823,15,2025-02-25T02:30:00+08:00,12009059,0,False,Wh,Common Area,0.0
142823,15,2025-02-25T02:45:00+08:00,12009130,0,False,Wh,Common Area,0.0
142823,15,2025-02-25T03:00:00+08:00,12009201,0,False,Wh,Common Area,0.0
142823,15,2025-02-25T03:15:00+08:00,12009272,0,False,Wh,Common Area,0.0
142823,15,2025-02-25T03:30:00+08:00,12009344,0,False,Wh,Common Area,0.0
142823,15,2025-02-25T03:45:00+08:00,12009415,0,False,Wh,Common Area,0.0
142823,15,2025-02-25T04:00:00+08:00,12009486,0,False,Wh,Common Area,0.0
142823,15,2025-02-25T04:15:00+08:00,12009557,0,False,Wh,Common Area,0.0
142823,15,2025-02-25T04:30:00+08:00,12009628,0,False,Wh,Common Area,0.0
142823,15,2025-02-25T04:45:00+08:00,12009699,0,False,Wh,Common Area,0.0
142823,15,2025-02-25T05:00:00+08:00,12009770,0,False,Wh,Common Area,0.0
142823,15,2025-02-25T05:15:00+08:00,12009847,0,False,Wh,Common Area,0.0
142823,15,2025-02-25T05:30:00+08:00,12009918,0,False,Wh,Common Area,0.0
142823,15,2025-02-25T05:45:00+08:00,12009990,0,False,Wh,Common Area,0.0
142823,15,2025-02-25T06:00:00+08:00,12010061,0,False,Wh,Common Area,0.0
142823,15,2025-02-25T06:15:00+08:00,12010139,0,False,Wh,Common Area,0.0
142823,15,2025-02-25T06:30:00+08:00,12010209,0,False,Wh,Common Area,0.0
142823,15,2025-02-25T06:45:00+08:00,12010279,0,False,Wh,Common Area,0.0
142823,15,2025-02-25T07:00:00+08:00,12010349,0,False,Wh,Common Area,0.0
142823,15,2025-02-25T07:15:00+08:00,12010418,0,False,Wh,Common Area,0.0
142823,15,2025-02-25T07:30:00+08:00,12010496,0,False,Wh,Common Area,0.0
142823,15,2025-02-25T07:45:00+08:00,12010573,0,False,Wh,Common Area,0.0
142823,15,2025-02-25T08:00:00+08:00,12010643,0,False,Wh,Common Area,0.0
142823,15,2025-02-25T08:15:00+08:00,12010712,0,False,Wh,Common Area,0.0
142823,15,2025-02-25T08:30:00+08:00,12010782,0,False,Wh,Common Area,0.0
142823,15,2025-02-25T08:45:00+08:00,12010852,0,False,Wh,Common Area,0.0
142823,15,2025-02-25T09:00:00+08:00,12010922,0,False,Wh,Common Area,0.0
142823,15,2025-02-25T09:15:00+08:00,12010991,0,False,Wh,Common Area,0.0
142823,15,2025-02-25T09:30:00+08:00,12011060,0,False,Wh,Common Area,0.0
142823,15,2025-02-25T09:45:00+08:00,12011129,0,False,Wh,Common Area,0.0
142823,15,2025-02-25T10:00:00+08:00,12011199,0,False,Wh,Common Area,0.0
142823,15,2025-02-25T10:15:00+08:00,12011268,0,False,Wh,Common Area,0.0
142823,15,2025-02-25T10:30:00+08:00,12011337,0,False,Wh,Common Area,0.0
142823,15,2025-02-25T10:45:00+08:00,12011419,0,False,Wh,Common Area,0.0
142823,15,2025-02-25T11:00:00+08:00,12011488,0,False,Wh,Common Area,0.0
142823,15,2025-02-25T11:15:00+08:00,12011558,0,False,Wh,Common Area,0.0
142823,15,2025-02-25T11:30:00+08:00,12011628,0,False,Wh,Common Area,0.0
142823,15,2025-02-25T11:45:00+08:00,12011697,0,False,Wh,Common Area,0.0
142823,15,2025-02-25T12:00:00+08:00,12011767,0,False,Wh,Common Area,0.0
142823,15,2025-02-25T12:15:00+08:00,12011836,0,False,Wh,Common Area,0.0
142823,15,2025-02-25T12:30:00+08:00,12011905,0,False,Wh,Common Area,0.0
142823,15,2025-02-25T12:45:00+08:00,12011974,0,False,Wh,Common Area,0.0
142823,15,2025-02-25T13:00:00+08:00,12012052,0,False,Wh,Common Area,0.0
142823,15,2025-02-25T13:15:00+08:00,12012122,0,False,Wh,Common Area,0.0
142823,15,2025-02-25T13:30:00+08:00,12012191,0,False,Wh,Common Area,0.0
142823,15,2025-02-25T13:45:00+08:00,12012260,0,False,Wh,Common Area,0.0
142823,15,2025-02-25T14:00:00+08:00,12012329,0,False,Wh,Common Area,0.0
142823,15,2025-02-25T14:15:00+08:00,12012420,0,False,Wh,Common Area,0.0
142823,15,2025-02-25T14:30:00+08:00,12012490,0,False,Wh,Common Area,0.0
142823,15,2025-02-25T14:45:00+08:00,12012575,0,False,Wh,Common Area,0.0
142823,15,2025-02-25T15:00:00+08:00,12012645,0,False,Wh,Common Area,0.0
142823,15,2025-02-25T15:15:00+08:00,12012715,0,False,Wh,Common Area,0.0
142823,15,2025-02-25T15:30:00+08:00,12012784,0,False,Wh,Common Area,0.0
142823,15,2025-02-25T15:45:00+08:00,12012865,0,False,Wh,Common Area,0.0
142823,15,2025-02-25T16:00:00+08:00,12012973,0,False,Wh,Common Area,0.0
142823,15,2025-02-25T16:15:00+08:00,12013103,0,False,Wh,Common Area,0.0
142823,15,2025-02-25T16:30:00+08:00,12013173,0,False,Wh,Common Area,0.0
142823,15,2025-02-25T16:45:00+08:00,12013243,0,False,Wh,Common Area,0.0
142823,15,2025-02-25T17:00:00+08:00,12013313,0,False,Wh,Common Area,0.0
142823,15,2025-02-25T17:15:00+08:00,12013390,0,False,Wh,Common Area,0.0
142823,15,2025-02-25T17:30:00+08:00,12013459,0,False,Wh,Common Area,0.0
142823,15,2025-02-25T17:45:00+08:00,12013535,0,False,Wh,Common Area,0.0
142823,15,2025-02-25T18:00:00+08:00,12013605,0,False,Wh,Common Area,0.0
142823,15,2025-02-25T18:15:00+08:00,12013683,0,False,Wh,Common Area,0.0
142823,15,2025-02-25T18:30:00+08:00,12013771,0,False,Wh,Common Area,0.0
142823,15,2025-02-25T18:45:00+08:00,12013840,0,False,Wh,Common Area,0.0
142823,15,2025-02-25T19:00:00+08:00,12013910,0,False,Wh,Common Area,0.0
142823,15,2025-02-25T19:15:00+08:00,12013980,0,False,Wh,Common Area,0.0
142823,15,2025-02-25T19:30:00+08:00,12014051,0,False,Wh,Common Area,0.0
142823,15,2025-02-25T19:45:00+08:00,12014122,0,False,Wh,Common Area,0.0
142823,15,2025-02-25T20:00:00+08:00,12014197,0,False,Wh,Common Area,0.0
142823,15,2025-02-25T20:15:00+08:00,12014283,0,False,Wh,Common Area,0.0
142823,15,2025-02-25T20:30:00+08:00,12014353,0,False,Wh,Common Area,0.0
142823,15,2025-02-25T20:45:00+08:00,12014422,0,False,Wh,Common Area,0.0
142823,15,2025-02-25T21:00:00+08:00,12014508,0,False,Wh,Common Area,0.0
142823,15,2025-02-25T21:15:00+08:00,12014578,0,False,Wh,Common Area,0.0
142823,15,2025-02-25T21:30:00+08:00,12014649,0,False,Wh,Common Area,0.0
142823,15,2025-02-25T21:45:00+08:00,12014721,0,False,Wh,Common Area,0.0
142823,15,2025-02-25T22:00:00+08:00,12014791,0,False,Wh,Common Area,0.0
142823,15,2025-02-25T22:15:00+08:00,12014862,0,False,Wh,Common Area,0.0
142823,15,2025-02-25T22:30:00+08:00,12014932,0,False,Wh,Common Area,0.0
142823,15,2025-02-25T22:45:00+08:00,12015003,0,False,Wh,Common Area,0.0
142823,15,2025-02-25T23:00:00+08:00,12015074,0,False,Wh,Common Area,0.0
142823,15,2025-02-25T23:15:00+08:00,12015144,0,False,Wh,Common Area,0.0
142823,15,2025-02-25T23:30:00+08:00,12015215,0,False,Wh,Common Area,0.0
142823,15,2025-02-25T23:45:00+08:00,12015295,0,False,Wh,Common Area,0.0
142823,15,2025-02-26T00:00:00+08:00,12015365,0,False,Wh,Common Area,0.0
142823,15,2025-02-26T00:15:00+08:00,12015435,0,False,Wh,Common Area,0.0
142823,15,2025-02-26T00:30:00+08:00,12015505,0,False,Wh,Common Area,0.0
142823,15,2025-02-26T00:45:00+08:00,12015575,0,False,Wh,Common Area,0.0
142823,15,2025-02-26T01:00:00+08:00,12015645,0,False,Wh,Common Area,0.0
142823,15,2025-02-26T01:15:00+08:00,12015715,0,False,Wh,Common Area,0.0
142823,15,2025-02-26T01:30:00+08:00,12015785,0,False,Wh,Common Area,0.0
142823,15,2025-02-26T01:45:00+08:00,12015855,0,False,Wh,Common Area,0.0
142823,15,2025-02-26T02:00:00+08:00,12015925,0,False,Wh,Common Area,0.0
142823,15,2025-02-26T02:15:00+08:00,12015996,0,False,Wh,Common Area,0.0
142823,15,2025-02-26T02:30:00+08:00,12016066,0,False,Wh,Common Area,0.0
142823,15,2025-02-26T02:45:00+08:00,12016136,0,False,Wh,Common Area,0.0
142823,15,2025-02-26T03:00:00+08:00,12016206,0,False,Wh,Common Area,0.0
142823,15,2025-02-26T03:15:00+08:00,12016276,0,False,Wh,Common Area,0.0
142823,15,2025-02-26T03:30:00+08:00,12016346,0,False,Wh,Common Area,0.0
142823,15,2025-02-26T03:45:00+08:00,12016416,0,False,Wh,Common Area,0.0
142823,15,2025-02-26T04:00:00+08:00,12016486,0,False,Wh,Common Area,0.0
142823,15,2025-02-26T04:15:00+08:00,12016556,0,False,Wh,Common Area,0.0
142823,15,2025-02-26T04:30:00+08:00,12016626,0,False,Wh,Common Area,0.0
142823,15,2025-02-26T04:45:00+08:00,12016696,0,False,Wh,Common Area,0.0
142823,15,2025-02-26T05:00:00+08:00,12016777,0,False,Wh,Common Area,0.0
142823,15,2025-02-26T05:15:00+08:00,12016854,0,False,Wh,Common Area,0.0
142823,15,2025-02-26T05:30:00+08:00,12016925,0,False,Wh,Common Area,0.0
142823,15,2025-02-26T05:45:00+08:00,12016996,0,False,Wh,Common Area,0.0
142823,15,2025-02-26T06:00:00+08:00,12017067,0,False,Wh,Common Area,0.0
142823,15,2025-02-26T06:15:00+08:00,12017167,0,False,Wh,Common Area,0.0
142823,15,2025-02-26T06:30:00+08:00,12017243,0,False,Wh,Common Area,0.0
142823,15,2025-02-26T06:45:00+08:00,12017312,0,False,Wh,Common Area,0.0
142823,15,2025-02-26T07:00:00+08:00,12017381,0,False,Wh,Common Area,0.0
142823,15,2025-02-26T07:15:00+08:00,12017451,0,False,Wh,Common Area,0.0
142823,15,2025-02-26T07:30:00+08:00,12017528,0,False,Wh,Common Area,0.0
142823,15,2025-02-26T07:45:00+08:00,12017598,0,False,Wh,Common Area,0.0
142823,15,2025-02-26T08:00:00+08:00,12017668,0,False,Wh,Common Area,0.0
142823,15,2025-02-26T08:15:00+08:00,12017737,0,False,Wh,Common Area,0.0
142823,15,2025-02-26T08:30:00+08:00,12017807,0,False,Wh,Common Area,0.0
142823,15,2025-02-26T08:45:00+08:00,12017876,0,False,Wh,Common Area,0.0
142823,15,2025-02-26T09:00:00+08:00,12017946,0,False,Wh,Common Area,0.0
142823,15,2025-02-26T09:15:00+08:00,12018015,0,False,Wh,Common Area,0.0
142823,15,2025-02-26T09:30:00+08:00,12018084,0,False,Wh,Common Area,0.0
142823,15,2025-02-26T09:45:00+08:00,12018154,0,False,Wh,Common Area,0.0
142823,15,2025-02-26T10:00:00+08:00,12018223,0,False,Wh,Common Area,0.0
142823,15,2025-02-26T10:15:00+08:00,12018292,0,False,Wh,Common Area,0.0
142823,15,2025-02-26T10:30:00+08:00,12018361,0,False,Wh,Common Area,0.0
142823,15,2025-02-26T10:45:00+08:00,12018430,0,False,Wh,Common Area,0.0
142823,15,2025-02-26T11:00:00+08:00,12018500,0,False,Wh,Common Area,0.0
142823,15,2025-02-26T11:15:00+08:00,12018570,0,False,Wh,Common Area,0.0
142823,15,2025-02-26T11:30:00+08:00,12018639,0,False,Wh,Common Area,0.0
142823,15,2025-02-26T11:45:00+08:00,12018709,0,False,Wh,Common Area,0.0
142823,15,2025-02-26T12:00:00+08:00,12018780,0,False,Wh,Common Area,0.0
142823,15,2025-02-26T12:15:00+08:00,12018858,0,False,Wh,Common Area,0.0
142823,15,2025-02-26T12:30:00+08:00,12018928,0,False,Wh,Common Area,0.0
142823,15,2025-02-26T12:45:00+08:00,12018998,0,False,Wh,Common Area,0.0
142823,15,2025-02-26T13:00:00+08:00,12019067,0,False,Wh,Common Area,0.0
142823,15,2025-02-26T13:15:00+08:00,12019136,0,False,Wh,Common Area,0.0
142823,15,2025-02-26T13:30:00+08:00,12019205,0,False,Wh,Common Area,0.0
142823,15,2025-02-26T13:45:00+08:00,12019275,0,False,Wh,Common Area,0.0
142823,15,2025-02-26T14:00:00+08:00,12019344,0,False,Wh,Common Area,0.0
142823,15,2025-02-26T14:15:00+08:00,12019413,0,False,Wh,Common Area,0.0
142823,15,2025-02-26T14:30:00+08:00,12019482,0,False,Wh,Common Area,0.0
142823,15,2025-02-26T14:45:00+08:00,12019552,0,False,Wh,Common Area,0.0
142823,15,2025-02-26T15:00:00+08:00,12019622,0,False,Wh,Common Area,0.0
142823,15,2025-02-26T15:15:00+08:00,12019692,0,False,Wh,Common Area,0.0
142823,15,2025-02-26T15:30:00+08:00,12019762,0,False,Wh,Common Area,0.0
142823,15,2025-02-26T15:45:00+08:00,12019832,0,False,Wh,Common Area,0.0
142823,15,2025-02-26T16:00:00+08:00,12019930,0,False,Wh,Common Area,0.0
142823,15,2025-02-26T16:15:00+08:00,12019995,0,False,Wh,Common Area,0.0
142823,15,2025-02-26T16:30:00+08:00,12020060,0,False,Wh,Common Area,0.0
142823,15,2025-02-26T16:45:00+08:00,12020134,0,False,Wh,Common Area,0.0
142823,15,2025-02-26T17:00:00+08:00,12020226,0,False,Wh,Common Area,0.0
142823,15,2025-02-26T17:15:00+08:00,12020296,0,False,Wh,Common Area,0.0
142823,15,2025-02-26T17:30:00+08:00,12020372,0,False,Wh,Common Area,0.0
142823,15,2025-02-26T17:45:00+08:00,12020468,0,False,Wh,Common Area,0.0
142823,15,2025-02-26T18:00:00+08:00,12020555,0,False,Wh,Common Area,0.0
142823,15,2025-02-26T18:15:00+08:00,12020625,0,False,Wh,Common Area,0.0
142823,15,2025-02-26T18:30:00+08:00,12020695,0,False,Wh,Common Area,0.0
142823,15,2025-02-26T18:45:00+08:00,12020765,0,False,Wh,Common Area,0.0
142823,15,2025-02-26T19:00:00+08:00,12020835,0,False,Wh,Common Area,0.0
142823,15,2025-02-26T19:15:00+08:00,12020920,0,False,Wh,Common Area,0.0
142823,15,2025-02-26T19:30:00+08:00,12020999,0,False,Wh,Common Area,0.0
142823,15,2025-02-26T19:45:00+08:00,12021080,0,False,Wh,Common Area,0.0
142823,15,2025-02-26T20:00:00+08:00,12021159,0,False,Wh,Common Area,0.0
142823,15,2025-02-26T20:15:00+08:00,12021230,0,False,Wh,Common Area,0.0
142823,15,2025-02-26T20:30:00+08:00,12021308,0,False,Wh,Common Area,0.0
142823,15,2025-02-26T20:45:00+08:00,12021378,0,False,Wh,Common Area,0.0
142823,15,2025-02-26T21:00:00+08:00,12021459,0,False,Wh,Common Area,0.0
142823,15,2025-02-26T21:15:00+08:00,12021530,0,False,Wh,Common Area,0.0
142823,15,2025-02-26T21:30:00+08:00,12021601,0,False,Wh,Common Area,0.0
142823,15,2025-02-26T21:45:00+08:00,12021672,0,False,Wh,Common Area,0.0
142823,15,2025-02-26T22:00:00+08:00,12021743,0,False,Wh,Common Area,0.0
142823,15,2025-02-26T22:15:00+08:00,12021814,0,False,Wh,Common Area,0.0
142823,15,2025-02-26T22:30:00+08:00,12021885,0,False,Wh,Common Area,0.0
142823,15,2025-02-26T22:45:00+08:00,12021957,0,False,Wh,Common Area,0.0
142823,15,2025-02-26T23:00:00+08:00,12022027,0,False,Wh,Common Area,0.0
142823,15,2025-02-26T23:15:00+08:00,12022097,0,False,Wh,Common Area,0.0
142823,15,2025-02-26T23:30:00+08:00,12022168,0,False,Wh,Common Area,0.0
142823,15,2025-02-26T23:45:00+08:00,12022238,0,False,Wh,Common Area,0.0
142823,15,2025-02-27T00:00:00+08:00,12022309,0,False,Wh,Common Area,0.0
142823,15,2025-02-27T00:15:00+08:00,12022379,0,False,Wh,Common Area,0.0
142823,15,2025-02-27T00:30:00+08:00,12022450,0,False,Wh,Common Area,0.0
142823,15,2025-02-27T00:45:00+08:00,12022520,0,False,Wh,Common Area,0.0
142823,15,2025-02-27T01:00:00+08:00,12022590,0,False,Wh,Common Area,0.0
142823,15,2025-02-27T01:15:00+08:00,12022661,0,False,Wh,Common Area,0.0
142823,15,2025-02-27T01:30:00+08:00,12022731,0,False,Wh,Common Area,0.0
142823,15,2025-02-27T01:45:00+08:00,12022802,0,False,Wh,Common Area,0.0
142823,15,2025-02-27T02:00:00+08:00,12022873,0,False,Wh,Common Area,0.0
142823,15,2025-02-27T02:15:00+08:00,12022944,0,False,Wh,Common Area,0.0
142823,15,2025-02-27T02:30:00+08:00,12023015,0,False,Wh,Common Area,0.0
142823,15,2025-02-27T02:45:00+08:00,12023086,0,False,Wh,Common Area,0.0
142823,15,2025-02-27T03:00:00+08:00,12023157,0,False,Wh,Common Area,0.0
142823,15,2025-02-27T03:15:00+08:00,12023228,0,False,Wh,Common Area,0.0
142823,15,2025-02-27T03:30:00+08:00,12023299,0,False,Wh,Common Area,0.0
142823,15,2025-02-27T03:45:00+08:00,12023370,0,False,Wh,Common Area,0.0
142823,15,2025-02-27T04:00:00+08:00,12023441,0,False,Wh,Common Area,0.0
142823,15,2025-02-27T04:15:00+08:00,12023512,0,False,Wh,Common Area,0.0
142823,15,2025-02-27T04:30:00+08:00,12023583,0,False,Wh,Common Area,0.0
142823,15,2025-02-27T04:45:00+08:00,12023664,0,False,Wh,Common Area,0.0
142823,15,2025-02-27T05:00:00+08:00,12023735,0,False,Wh,Common Area,0.0
142823,15,2025-02-27T05:15:00+08:00,12023813,0,False,Wh,Common Area,0.0
142823,15,2025-02-27T05:30:00+08:00,12023884,0,False,Wh,Common Area,0.0
142823,15,2025-02-27T05:45:00+08:00,12023954,0,False,Wh,Common Area,0.0
142823,15,2025-02-27T06:00:00+08:00,12024025,0,False,Wh,Common Area,0.0
142823,15,2025-02-27T06:15:00+08:00,12024104,0,False,Wh,Common Area,0.0
142823,15,2025-02-27T06:30:00+08:00,12024185,0,False,Wh,Common Area,0.0
142823,15,2025-02-27T06:45:00+08:00,12024263,0,False,Wh,Common Area,0.0
142823,15,2025-02-27T07:00:00+08:00,12024334,0,False,Wh,Common Area,0.0
142823,15,2025-02-27T07:15:00+08:00,12024404,0,False,Wh,Common Area,0.0
142823,15,2025-02-27T07:30:00+08:00,12024474,0,False,Wh,Common Area,0.0
142823,15,2025-02-27T07:45:00+08:00,12024544,0,False,Wh,Common Area,0.0
142823,15,2025-02-27T08:00:00+08:00,12024613,0,False,Wh,Common Area,0.0
142823,15,2025-02-27T08:15:00+08:00,12024681,0,False,Wh,Common Area,0.0
142823,15,2025-02-27T08:30:00+08:00,12024759,0,False,Wh,Common Area,0.0
142823,15,2025-02-27T08:45:00+08:00,12024828,0,False,Wh,Common Area,0.0
142823,15,2025-02-27T09:00:00+08:00,12024898,0,False,Wh,Common Area,0.0
142823,15,2025-02-27T09:15:00+08:00,12024966,0,False,Wh,Common Area,0.0
142823,15,2025-02-27T09:30:00+08:00,12025036,0,False,Wh,Common Area,0.0
142823,15,2025-02-27T09:45:00+08:00,12025105,0,False,Wh,Common Area,0.0
142823,15,2025-02-27T10:00:00+08:00,12025174,0,False,Wh,Common Area,0.0
142823,15,2025-02-27T10:15:00+08:00,12025243,0,False,Wh,Common Area,0.0
142823,15,2025-02-27T10:30:00+08:00,12025312,0,False,Wh,Common Area,0.0
142823,15,2025-02-27T10:45:00+08:00,12025382,0,False,Wh,Common Area,0.0
142823,15,2025-02-27T11:00:00+08:00,12025461,0,False,Wh,Common Area,0.0
142823,15,2025-02-27T11:15:00+08:00,12025530,0,False,Wh,Common Area,0.0
142823,15,2025-02-27T11:30:00+08:00,12025607,0,False,Wh,Common Area,0.0
142823,15,2025-02-27T11:45:00+08:00,12025677,0,False,Wh,Common Area,0.0
142823,15,2025-02-27T12:00:00+08:00,12025748,0,False,Wh,Common Area,0.0
142823,15,2025-02-27T12:15:00+08:00,12025826,0,False,Wh,Common Area,0.0
142823,15,2025-02-27T12:30:00+08:00,12025895,0,False,Wh,Common Area,0.0
142823,15,2025-02-27T12:45:00+08:00,12025963,0,False,Wh,Common Area,0.0
142823,15,2025-02-27T13:00:00+08:00,12026033,0,False,Wh,Common Area,0.0
142823,15,2025-02-27T13:15:00+08:00,12026114,0,False,Wh,Common Area,0.0
142823,15,2025-02-27T13:30:00+08:00,12026182,0,False,Wh,Common Area,0.0
142823,15,2025-02-27T13:45:00+08:00,12026251,0,False,Wh,Common Area,0.0
142823,15,2025-02-27T14:00:00+08:00,12026326,0,False,Wh,Common Area,0.0
142823,15,2025-02-27T14:15:00+08:00,12026398,0,False,Wh,Common Area,0.0
142823,15,2025-02-27T14:30:00+08:00,12026472,0,False,Wh,Common Area,0.0
142823,15,2025-02-27T14:45:00+08:00,12026542,0,False,Wh,Common Area,0.0
142823,15,2025-02-27T15:00:00+08:00,12026611,0,False,Wh,Common Area,0.0
142823,15,2025-02-27T15:15:00+08:00,12026681,0,False,Wh,Common Area,0.0
142823,15,2025-02-27T15:30:00+08:00,12026750,0,False,Wh,Common Area,0.0
142823,15,2025-02-27T15:45:00+08:00,12026819,0,False,Wh,Common Area,0.0
142823,15,2025-02-27T16:00:00+08:00,12026889,0,False,Wh,Common Area,0.0
142823,15,2025-02-27T16:15:00+08:00,12026959,0,False,Wh,Common Area,0.0
142823,15,2025-02-27T16:30:00+08:00,12027039,0,False,Wh,Common Area,0.0
142823,15,2025-02-27T16:45:00+08:00,12027158,0,False,Wh,Common Area,0.0
142823,15,2025-02-27T17:00:00+08:00,12027229,0,False,Wh,Common Area,0.0
142823,15,2025-02-27T17:15:00+08:00,12027310,0,False,Wh,Common Area,0.0
142823,15,2025-02-27T17:30:00+08:00,12027409,0,False,Wh,Common Area,0.0
142823,15,2025-02-27T17:45:00+08:00,12027479,0,False,Wh,Common Area,0.0
142823,15,2025-02-27T18:00:00+08:00,12027560,0,False,Wh,Common Area,0.0
142823,15,2025-02-27T18:15:00+08:00,12027628,0,False,Wh,Common Area,0.0
142823,15,2025-02-27T18:30:00+08:00,12027704,0,False,Wh,Common Area,0.0
142823,15,2025-02-27T18:45:00+08:00,12027774,0,False,Wh,Common Area,0.0
142823,15,2025-02-27T19:00:00+08:00,12027854,0,False,Wh,Common Area,0.0
142823,15,2025-02-27T19:15:00+08:00,12027923,0,False,Wh,Common Area,0.0
142823,15,2025-02-27T19:30:00+08:00,12027994,0,False,Wh,Common Area,0.0
142823,15,2025-02-27T19:45:00+08:00,12028074,0,False,Wh,Common Area,0.0
142823,15,2025-02-27T20:00:00+08:00,12028144,0,False,Wh,Common Area,0.0
142823,15,2025-02-27T20:15:00+08:00,12028214,0,False,Wh,Common Area,0.0
142823,15,2025-02-27T20:30:00+08:00,12028291,0,False,Wh,Common Area,0.0
142823,15,2025-02-27T20:45:00+08:00,12028362,0,False,Wh,Common Area,0.0
142823,15,2025-02-27T21:00:00+08:00,12028455,0,False,Wh,Common Area,0.0
142823,15,2025-02-27T21:15:00+08:00,12028527,0,False,Wh,Common Area,0.0
142823,15,2025-02-27T21:30:00+08:00,12028597,0,False,Wh,Common Area,0.0
142823,15,2025-02-27T21:45:00+08:00,12028675,0,False,Wh,Common Area,0.0
142823,15,2025-02-27T22:00:00+08:00,12028745,0,False,Wh,Common Area,0.0
142823,15,2025-02-27T22:15:00+08:00,12028816,0,False,Wh,Common Area,0.0
142823,15,2025-02-27T22:30:00+08:00,12028893,0,False,Wh,Common Area,0.0
142823,15,2025-02-27T22:45:00+08:00,12028964,0,False,Wh,Common Area,0.0
142823,15,2025-02-27T23:00:00+08:00,12029035,0,False,Wh,Common Area,0.0
142823,15,2025-02-27T23:15:00+08:00,12029106,0,False,Wh,Common Area,0.0
142823,15,2025-02-27T23:30:00+08:00,12029177,0,False,Wh,Common Area,0.0
142823,15,2025-02-27T23:45:00+08:00,12029247,0,False,Wh,Common Area,0.0
142823,15,2025-02-28T00:00:00+08:00,12029324,0,False,Wh,Common Area,0.0
142823,15,2025-02-28T00:15:00+08:00,12029395,0,False,Wh,Common Area,0.0
142823,15,2025-02-28T00:30:00+08:00,12029467,0,False,Wh,Common Area,0.0
142823,15,2025-02-28T00:45:00+08:00,12029539,0,False,Wh,Common Area,0.0
142823,15,2025-02-28T01:00:00+08:00,12029611,0,False,Wh,Common Area,0.0
142823,15,2025-02-28T01:15:00+08:00,12029682,0,False,Wh,Common Area,0.0
142823,15,2025-02-28T01:30:00+08:00,12029754,0,False,Wh,Common Area,0.0
142823,15,2025-02-28T01:45:00+08:00,12029826,0,False,Wh,Common Area,0.0
142823,15,2025-02-28T02:00:00+08:00,12029897,0,False,Wh,Common Area,0.0
142823,15,2025-02-28T02:15:00+08:00,12029969,0,False,Wh,Common Area,0.0
142823,15,2025-02-28T02:30:00+08:00,12030040,0,False,Wh,Common Area,0.0
142823,15,2025-02-28T02:45:00+08:00,12030111,0,False,Wh,Common Area,0.0
142823,15,2025-02-28T03:00:00+08:00,12030183,0,False,Wh,Common Area,0.0
142823,15,2025-02-28T03:15:00+08:00,12030254,0,False,Wh,Common Area,0.0
142823,15,2025-02-28T03:30:00+08:00,12030325,0,False,Wh,Common Area,0.0
142823,15,2025-02-28T03:45:00+08:00,12030396,0,False,Wh,Common Area,0.0
142823,15,2025-02-28T04:00:00+08:00,12030468,0,False,Wh,Common Area,0.0
142823,15,2025-02-28T04:15:00+08:00,12030539,0,False,Wh,Common Area,0.0
142823,15,2025-02-28T04:30:00+08:00,12030610,0,False,Wh,Common Area,0.0
142823,15,2025-02-28T04:45:00+08:00,12030690,0,False,Wh,Common Area,0.0
142823,15,2025-02-28T05:00:00+08:00,12030761,0,False,Wh,Common Area,0.0
142823,15,2025-02-28T05:15:00+08:00,12030839,0,False,Wh,Common Area,0.0
142823,15,2025-02-28T05:30:00+08:00,12030910,0,False,Wh,Common Area,0.0
142823,15,2025-02-28T05:45:00+08:00,12030981,0,False,Wh,Common Area,0.0
142823,15,2025-02-28T06:00:00+08:00,12031051,0,False,Wh,Common Area,0.0
142823,15,2025-02-28T06:15:00+08:00,12031129,0,False,Wh,Common Area,0.0
142823,15,2025-02-28T06:30:00+08:00,12031199,0,False,Wh,Common Area,0.0
142823,15,2025-02-28T06:45:00+08:00,12031268,0,False,Wh,Common Area,0.0
142823,15,2025-02-28T07:00:00+08:00,12031347,0,False,Wh,Common Area,0.0
142823,15,2025-02-28T07:15:00+08:00,12031441,0,False,Wh,Common Area,0.0
142823,15,2025-02-28T07:30:00+08:00,12031510,0,False,Wh,Common Area,0.0
142823,15,2025-02-28T07:45:00+08:00,12031590,0,False,Wh,Common Area,0.0
142823,15,2025-02-28T08:00:00+08:00,12031660,0,False,Wh,Common Area,0.0
142823,15,2025-02-28T08:15:00+08:00,12031728,0,False,Wh,Common Area,0.0
142823,15,2025-02-28T09:30:00+08:00,12031744,0,False,Wh,Common Area,0.0
142823,15,2025-02-28T09:45:00+08:00,12031823,0,False,Wh,Common Area,0.0
142823,15,2025-02-28T10:00:00+08:00,12031899,0,False,Wh,Common Area,0.0
142823,15,2025-02-28T10:15:00+08:00,12031974,0,False,Wh,Common Area,0.0
142823,15,2025-02-28T10:30:00+08:00,12032047,0,False,Wh,Common Area,0.0
142823,15,2025-02-28T10:45:00+08:00,12032120,0,False,Wh,Common Area,0.0
142823,15,2025-02-28T11:00:00+08:00,12032192,0,False,Wh,Common Area,0.0
142823,15,2025-02-28T11:15:00+08:00,12032279,0,False,Wh,Common Area,0.0
142823,15,2025-02-28T11:30:00+08:00,12032351,0,False,Wh,Common Area,0.0
142823,15,2025-02-28T11:45:00+08:00,12032427,0,False,Wh,Common Area,0.0
142823,15,2025-02-28T12:00:00+08:00,12032498,0,False,Wh,Common Area,0.0
142823,15,2025-02-28T12:15:00+08:00,12032568,0,False,Wh,Common Area,0.0
142823,15,2025-02-28T12:30:00+08:00,12032646,0,False,Wh,Common Area,0.0
142823,15,2025-02-28T12:45:00+08:00,12032716,0,False,Wh,Common Area,0.0
142823,15,2025-02-28T13:00:00+08:00,12032785,0,False,Wh,Common Area,0.0
142823,15,2025-02-28T13:15:00+08:00,12032855,0,False,Wh,Common Area,0.0
142823,15,2025-02-28T13:30:00+08:00,12032924,0,False,Wh,Common Area,0.0
142823,15,2025-02-28T13:45:00+08:00,12032994,0,False,Wh,Common Area,0.0
142823,15,2025-02-28T14:00:00+08:00,12033074,0,False,Wh,Common Area,0.0
142823,15,2025-02-28T14:15:00+08:00,12033144,0,False,Wh,Common Area,0.0
142823,15,2025-02-28T14:30:00+08:00,12033237,0,False,Wh,Common Area,0.0
142823,15,2025-02-28T14:45:00+08:00,12033307,0,False,Wh,Common Area,0.0
142823,15,2025-02-28T15:00:00+08:00,12033378,0,False,Wh,Common Area,0.0
142823,15,2025-02-28T15:15:00+08:00,12033448,0,False,Wh,Common Area,0.0
142823,15,2025-02-28T15:30:00+08:00,12033517,0,False,Wh,Common Area,0.0
142823,15,2025-02-28T15:45:00+08:00,12033587,0,False,Wh,Common Area,0.0
142823,15,2025-02-28T16:00:00+08:00,12033671,0,False,Wh,Common Area,0.0
142823,15,2025-02-28T16:15:00+08:00,12033739,0,False,Wh,Common Area,0.0
142823,15,2025-02-28T16:30:00+08:00,12033808,0,False,Wh,Common Area,0.0
142823,15,2025-02-28T16:45:00+08:00,12033884,0,False,Wh,Common Area,0.0
142823,15,2025-02-28T17:00:00+08:00,12033968,0,False,Wh,Common Area,0.0
142823,15,2025-02-28T17:15:00+08:00,12034079,0,False,Wh,Common Area,0.0
142823,15,2025-02-28T17:30:00+08:00,12034148,0,False,Wh,Common Area,0.0
142823,15,2025-02-28T17:45:00+08:00,12034261,0,False,Wh,Common Area,0.0
142823,15,2025-02-28T18:00:00+08:00,12034365,0,False,Wh,Common Area,0.0
142823,15,2025-02-28T18:15:00+08:00,12034446,0,False,Wh,Common Area,0.0
142823,15,2025-02-28T18:30:00+08:00,12034516,0,False,Wh,Common Area,0.0
142823,15,2025-02-28T18:45:00+08:00,12034612,0,False,Wh,Common Area,0.0
142823,15,2025-02-28T19:00:00+08:00,12034702,0,False,Wh,Common Area,0.0
142823,15,2025-02-28T19:15:00+08:00,12034770,0,False,Wh,Common Area,0.0
142823,15,2025-02-28T19:30:00+08:00,12034848,0,False,Wh,Common Area,0.0
142823,15,2025-02-28T19:45:00+08:00,12034919,0,False,Wh,Common Area,0.0
142823,15,2025-02-28T20:00:00+08:00,12034991,0,False,Wh,Common Area,0.0
142823,15,2025-02-28T20:15:00+08:00,12035084,0,False,Wh,Common Area,0.0
142823,15,2025-02-28T20:30:00+08:00,12035155,0,False,Wh,Common Area,0.0
142823,15,2025-02-28T20:45:00+08:00,12035227,0,False,Wh,Common Area,0.0
142823,15,2025-02-28T21:00:00+08:00,12035298,0,False,Wh,Common Area,0.0
142823,15,2025-02-28T21:15:00+08:00,12035369,0,False,Wh,Common Area,0.0
142823,15,2025-02-28T21:30:00+08:00,12035440,0,False,Wh,Common Area,0.0
142823,15,2025-02-28T21:45:00+08:00,12035510,0,False,Wh,Common Area,0.0
142823,15,2025-02-28T22:00:00+08:00,12035603,0,False,Wh,Common Area,0.0
142823,15,2025-02-28T22:15:00+08:00,12035674,0,False,Wh,Common Area,0.0
142823,15,2025-02-28T22:30:00+08:00,12035744,0,False,Wh,Common Area,0.0
142823,15,2025-02-28T22:45:00+08:00,12035815,0,False,Wh,Common Area,0.0
142823,15,2025-02-28T23:00:00+08:00,12035886,0,False,Wh,Common Area,0.0
142823,15,2025-02-28T23:15:00+08:00,12035957,0,False,Wh,Common Area,0.0
142823,15,2025-02-28T23:30:00+08:00,12036028,0,False,Wh,Common Area,0.0
142823,15,2025-02-28T23:45:00+08:00,12036099,0,False,Wh,Common Area,0.0
142823,15,2025-03-01T00:00:00+08:00,12036170,0,False,Wh,Common Area,0.0
142823,15,2025-03-01T00:15:00+08:00,12036241,0,False,Wh,Common Area,0.0
142823,15,2025-03-01T00:30:00+08:00,12036313,0,False,Wh,Common Area,0.0
142823,15,2025-03-01T00:45:00+08:00,12036384,0,False,Wh,Common Area,0.0
142823,15,2025-03-01T01:00:00+08:00,12036454,0,False,Wh,Common Area,0.0
142823,15,2025-03-01T01:15:00+08:00,12036525,0,False,Wh,Common Area,0.0
142823,15,2025-03-01T01:30:00+08:00,12036596,0,False,Wh,Common Area,0.0
142823,15,2025-03-01T01:45:00+08:00,12036667,0,False,Wh,Common Area,0.0
142823,15,2025-03-01T02:00:00+08:00,12036738,0,False,Wh,Common Area,0.0
142823,15,2025-03-01T02:15:00+08:00,12036810,0,False,Wh,Common Area,0.0
142823,15,2025-03-01T02:30:00+08:00,12036881,0,False,Wh,Common Area,0.0
142823,15,2025-03-01T02:45:00+08:00,12036952,0,False,Wh,Common Area,0.0
142823,15,2025-03-01T03:00:00+08:00,12037023,0,False,Wh,Common Area,0.0
142823,15,2025-03-01T03:15:00+08:00,12037095,0,False,Wh,Common Area,0.0
142823,15,2025-03-01T03:30:00+08:00,12037166,0,False,Wh,Common Area,0.0
142823,15,2025-03-01T03:45:00+08:00,12037237,0,False,Wh,Common Area,0.0
142823,15,2025-03-01T04:00:00+08:00,12037309,0,False,Wh,Common Area,0.0
142823,15,2025-03-01T04:15:00+08:00,12037380,0,False,Wh,Common Area,0.0
142823,15,2025-03-01T04:30:00+08:00,12037452,0,False,Wh,Common Area,0.0
142823,15,2025-03-01T04:45:00+08:00,12037523,0,False,Wh,Common Area,0.0
142823,15,2025-03-01T05:00:00+08:00,12037594,0,False,Wh,Common Area,0.0
142823,15,2025-03-01T05:15:00+08:00,12037665,0,False,Wh,Common Area,0.0
142823,15,2025-03-01T05:30:00+08:00,12037737,0,False,Wh,Common Area,0.0
142823,15,2025-03-01T05:45:00+08:00,12037808,0,False,Wh,Common Area,0.0
142823,15,2025-03-01T06:00:00+08:00,12037878,0,False,Wh,Common Area,0.0
142823,15,2025-03-01T06:15:00+08:00,12037948,0,False,Wh,Common Area,0.0
142823,15,2025-03-01T06:30:00+08:00,12038017,0,False,Wh,Common Area,0.0
142823,15,2025-03-01T06:45:00+08:00,12038087,0,False,Wh,Common Area,0.0
142823,15,2025-03-01T07:00:00+08:00,12038158,0,False,Wh,Common Area,0.0
142823,15,2025-03-01T07:15:00+08:00,12038238,0,False,Wh,Common Area,0.0
142823,15,2025-03-01T07:30:00+08:00,12038308,0,False,Wh,Common Area,0.0
142823,15,2025-03-01T07:45:00+08:00,12038378,0,False,Wh,Common Area,0.0
142823,15,2025-03-01T08:00:00+08:00,12038459,0,False,Wh,Common Area,0.0
142823,15,2025-03-01T08:15:00+08:00,12038529,0,False,Wh,Common Area,0.0
142823,15,2025-03-01T08:30:00+08:00,12038624,0,False,Wh,Common Area,0.0
142823,15,2025-03-01T08:45:00+08:00,12038707,0,False,Wh,Common Area,0.0
142823,15,2025-03-01T09:00:00+08:00,12038794,0,False,Wh,Common Area,0.0
142823,15,2025-03-01T09:15:00+08:00,12038878,0,False,Wh,Common Area,0.0
142823,15,2025-03-01T09:30:00+08:00,12038949,0,False,Wh,Common Area,0.0
142823,15,2025-03-01T09:45:00+08:00,12039025,0,False,Wh,Common Area,0.0
142823,15,2025-03-01T10:00:00+08:00,12039109,0,False,Wh,Common Area,0.0
142823,15,2025-03-01T10:15:00+08:00,12039189,0,False,Wh,Common Area,0.0
142823,15,2025-03-01T10:30:00+08:00,12039259,0,False,Wh,Common Area,0.0
142823,15,2025-03-01T10:45:00+08:00,12039363,0,False,Wh,Common Area,0.0
142823,15,2025-03-01T11:00:00+08:00,12039439,0,False,Wh,Common Area,0.0
142823,15,2025-03-01T11:15:00+08:00,12039514,0,False,Wh,Common Area,0.0
142823,15,2025-03-01T11:30:00+08:00,12039584,0,False,Wh,Common Area,0.0
142823,15,2025-03-01T11:45:00+08:00,12039697,0,False,Wh,Common Area,0.0
142823,15,2025-03-01T12:00:00+08:00,12039788,0,False,Wh,Common Area,0.0
142823,15,2025-03-01T12:15:00+08:00,12039870,0,False,Wh,Common Area,0.0
142823,15,2025-03-01T12:30:00+08:00,12039962,0,False,Wh,Common Area,0.0
142823,15,2025-03-01T12:45:00+08:00,12040037,0,False,Wh,Common Area,0.0
142823,15,2025-03-01T13:00:00+08:00,12040114,0,False,Wh,Common Area,0.0
142823,15,2025-03-01T13:15:00+08:00,12040189,0,False,Wh,Common Area,0.0
142823,15,2025-03-01T13:30:00+08:00,12040276,0,False,Wh,Common Area,0.0
142823,15,2025-03-01T13:45:00+08:00,12040365,0,False,Wh,Common Area,0.0
142823,15,2025-03-01T14:00:00+08:00,12040434,0,False,Wh,Common Area,0.0
142823,15,2025-03-01T14:15:00+08:00,12040503,0,False,Wh,Common Area,0.0
142823,15,2025-03-01T14:30:00+08:00,12040572,0,False,Wh,Common Area,0.0
142823,15,2025-03-01T14:45:00+08:00,12040646,0,False,Wh,Common Area,0.0
142823,15,2025-03-01T15:00:00+08:00,12040732,0,False,Wh,Common Area,0.0
142823,15,2025-03-01T15:15:00+08:00,12040815,0,False,Wh,Common Area,0.0
142823,15,2025-03-01T15:30:00+08:00,12040895,0,False,Wh,Common Area,0.0
142823,15,2025-03-01T15:45:00+08:00,12041005,0,False,Wh,Common Area,0.0
142823,15,2025-03-01T16:00:00+08:00,12041090,0,False,Wh,Common Area,0.0
142823,15,2025-03-01T16:15:00+08:00,12041169,0,False,Wh,Common Area,0.0
142823,15,2025-03-01T16:30:00+08:00,12041238,0,False,Wh,Common Area,0.0
142823,15,2025-03-01T16:45:00+08:00,12041306,0,False,Wh,Common Area,0.0
142823,15,2025-03-01T17:00:00+08:00,12041395,0,False,Wh,Common Area,0.0
142823,15,2025-03-01T17:15:00+08:00,12041465,0,False,Wh,Common Area,0.0
142823,15,2025-03-01T17:30:00+08:00,12041545,0,False,Wh,Common Area,0.0
142823,15,2025-03-01T17:45:00+08:00,12041628,0,False,Wh,Common Area,0.0
142823,15,2025-03-01T18:00:00+08:00,12041714,0,False,Wh,Common Area,0.0
142823,15,2025-03-01T18:15:00+08:00,12041783,0,False,Wh,Common Area,0.0
142823,15,2025-03-01T18:30:00+08:00,12041859,0,False,Wh,Common Area,0.0
142823,15,2025-03-01T18:45:00+08:00,12041935,0,False,Wh,Common Area,0.0
142823,15,2025-03-01T19:00:00+08:00,12042003,0,False,Wh,Common Area,0.0
142823,15,2025-03-01T19:15:00+08:00,12042083,0,False,Wh,Common Area,0.0
142823,15,2025-03-01T19:30:00+08:00,12042156,0,False,Wh,Common Area,0.0
142823,15,2025-03-01T19:45:00+08:00,12042225,0,False,Wh,Common Area,0.0
142823,15,2025-03-01T20:00:00+08:00,12042294,0,False,Wh,Common Area,0.0
142823,15,2025-03-01T20:15:00+08:00,12042364,0,False,Wh,Common Area,0.0
142823,15,2025-03-01T20:30:00+08:00,12042433,0,False,Wh,Common Area,0.0
142823,15,2025-03-01T20:45:00+08:00,12042507,0,False,Wh,Common Area,0.0
142823,15,2025-03-01T21:00:00+08:00,12042576,0,False,Wh,Common Area,0.0
142823,15,2025-03-01T21:15:00+08:00,12042661,0,False,Wh,Common Area,0.0
142823,15,2025-03-01T21:30:00+08:00,12042732,0,False,Wh,Common Area,0.0
142823,15,2025-03-01T21:45:00+08:00,12042803,0,False,Wh,Common Area,0.0
142823,15,2025-03-01T22:00:00+08:00,12042882,0,False,Wh,Common Area,0.0
142823,15,2025-03-01T22:15:00+08:00,12042977,0,False,Wh,Common Area,0.0
142823,15,2025-03-01T22:30:00+08:00,12043049,0,False,Wh,Common Area,0.0
142823,15,2025-03-01T22:45:00+08:00,12043120,0,False,Wh,Common Area,0.0
142823,15,2025-03-01T23:00:00+08:00,12043191,0,False,Wh,Common Area,0.0
142823,15,2025-03-01T23:15:00+08:00,12043262,0,False,Wh,Common Area,0.0
142823,15,2025-03-01T23:30:00+08:00,12043345,0,False,Wh,Common Area,0.0
142823,15,2025-03-01T23:45:00+08:00,12043416,0,False,Wh,Common Area,0.0
142823,15,2025-03-02T00:00:00+08:00,12043487,0,False,Wh,Common Area,0.0
142823,15,2025-03-02T00:15:00+08:00,12043559,0,False,Wh,Common Area,0.0
142823,15,2025-03-02T00:30:00+08:00,12043640,0,False,Wh,Common Area,0.0
142823,15,2025-03-02T00:45:00+08:00,12043722,0,False,Wh,Common Area,0.0
142823,15,2025-03-02T01:00:00+08:00,12043800,0,False,Wh,Common Area,0.0
142823,15,2025-03-02T01:15:00+08:00,12043871,0,False,Wh,Common Area,0.0
142823,15,2025-03-02T01:30:00+08:00,12043942,0,False,Wh,Common Area,0.0
142823,15,2025-03-02T01:45:00+08:00,12044013,0,False,Wh,Common Area,0.0
142823,15,2025-03-02T02:00:00+08:00,12044085,0,False,Wh,Common Area,0.0
142823,15,2025-03-02T02:15:00+08:00,12044156,0,False,Wh,Common Area,0.0
142823,15,2025-03-02T02:30:00+08:00,12044227,0,False,Wh,Common Area,0.0
142823,15,2025-03-02T02:45:00+08:00,12044299,0,False,Wh,Common Area,0.0
142823,15,2025-03-02T03:00:00+08:00,12044370,0,False,Wh,Common Area,0.0
142823,15,2025-03-02T03:15:00+08:00,12044441,0,False,Wh,Common Area,0.0
142823,15,2025-03-02T03:30:00+08:00,12044512,0,False,Wh,Common Area,0.0
142823,15,2025-03-02T03:45:00+08:00,12044584,0,False,Wh,Common Area,0.0
142823,15,2025-03-02T04:00:00+08:00,12044655,0,False,Wh,Common Area,0.0
142823,15,2025-03-02T04:15:00+08:00,12044726,0,False,Wh,Common Area,0.0
142823,15,2025-03-02T04:30:00+08:00,12044797,0,False,Wh,Common Area,0.0
142823,15,2025-03-02T04:45:00+08:00,12044869,0,False,Wh,Common Area,0.0
142823,15,2025-03-02T05:00:00+08:00,12044940,0,False,Wh,Common Area,0.0
142823,15,2025-03-02T05:15:00+08:00,12045012,0,False,Wh,Common Area,0.0
142823,15,2025-03-02T05:30:00+08:00,12045083,0,False,Wh,Common Area,0.0
142823,15,2025-03-02T05:45:00+08:00,12045154,0,False,Wh,Common Area,0.0
142823,15,2025-03-02T06:00:00+08:00,12045224,0,False,Wh,Common Area,0.0
142823,15,2025-03-02T06:15:00+08:00,12045294,0,False,Wh,Common Area,0.0
142823,15,2025-03-02T06:30:00+08:00,12045363,0,False,Wh,Common Area,0.0
142823,15,2025-03-02T06:45:00+08:00,12045432,0,False,Wh,Common Area,0.0
142823,15,2025-03-02T07:00:00+08:00,12045501,0,False,Wh,Common Area,0.0
142823,15,2025-03-02T07:15:00+08:00,12045570,0,False,Wh,Common Area,0.0
142823,15,2025-03-02T07:30:00+08:00,12045639,0,False,Wh,Common Area,0.0
142823,15,2025-03-02T07:45:00+08:00,12045709,0,False,Wh,Common Area,0.0
142823,15,2025-03-02T08:00:00+08:00,12045778,0,False,Wh,Common Area,0.0
142823,15,2025-03-02T08:15:00+08:00,12045847,0,False,Wh,Common Area,0.0
142823,15,2025-03-02T08:30:00+08:00,12045916,0,False,Wh,Common Area,0.0
142823,15,2025-03-02T08:45:00+08:00,12045985,0,False,Wh,Common Area,0.0
142823,15,2025-03-02T09:00:00+08:00,12046054,0,False,Wh,Common Area,0.0
142823,15,2025-03-02T09:15:00+08:00,12046123,0,False,Wh,Common Area,0.0
142823,15,2025-03-02T09:30:00+08:00,12046201,0,False,Wh,Common Area,0.0
142823,15,2025-03-02T09:45:00+08:00,12046270,0,False,Wh,Common Area,0.0
142823,15,2025-03-02T10:00:00+08:00,12046340,0,False,Wh,Common Area,0.0
142823,15,2025-03-02T10:15:00+08:00,12046410,0,False,Wh,Common Area,0.0
142823,15,2025-03-02T10:30:00+08:00,12046496,0,False,Wh,Common Area,0.0
142823,15,2025-03-02T10:45:00+08:00,12046565,0,False,Wh,Common Area,0.0
142823,15,2025-03-02T11:00:00+08:00,12046655,0,False,Wh,Common Area,0.0
142823,15,2025-03-02T11:15:00+08:00,12046734,0,False,Wh,Common Area,0.0
142823,15,2025-03-02T11:30:00+08:00,12046803,0,False,Wh,Common Area,0.0
142823,15,2025-03-02T11:45:00+08:00,12046884,0,False,Wh,Common Area,0.0
142823,15,2025-03-02T12:00:00+08:00,12046975,0,False,Wh,Common Area,0.0
142823,15,2025-03-02T12:15:00+08:00,12047052,0,False,Wh,Common Area,0.0
142823,15,2025-03-02T12:30:00+08:00,12047121,0,False,Wh,Common Area,0.0
142823,15,2025-03-02T12:45:00+08:00,12047191,0,False,Wh,Common Area,0.0
142823,15,2025-03-02T13:00:00+08:00,12047282,0,False,Wh,Common Area,0.0
142823,15,2025-03-02T13:15:00+08:00,12047363,0,False,Wh,Common Area,0.0
142823,15,2025-03-02T13:30:00+08:00,12047434,0,False,Wh,Common Area,0.0
142823,15,2025-03-02T13:45:00+08:00,12047508,0,False,Wh,Common Area,0.0
142823,15,2025-03-02T14:00:00+08:00,12047597,0,False,Wh,Common Area,0.0
142823,15,2025-03-02T14:15:00+08:00,12047690,0,False,Wh,Common Area,0.0
142823,15,2025-03-02T14:30:00+08:00,12047771,0,False,Wh,Common Area,0.0
142823,15,2025-03-02T14:45:00+08:00,12047853,0,False,Wh,Common Area,0.0
142823,15,2025-03-02T15:00:00+08:00,12047934,0,False,Wh,Common Area,0.0
142823,15,2025-03-02T15:15:00+08:00,12048005,0,False,Wh,Common Area,0.0
142823,15,2025-03-02T15:30:00+08:00,12048076,0,False,Wh,Common Area,0.0
142823,15,2025-03-02T15:45:00+08:00,12048158,0,False,Wh,Common Area,0.0
142823,15,2025-03-02T16:00:00+08:00,12048231,0,False,Wh,Common Area,0.0
142823,15,2025-03-02T16:15:00+08:00,12048300,0,False,Wh,Common Area,0.0
142823,15,2025-03-02T16:30:00+08:00,12048370,0,False,Wh,Common Area,0.0
142823,15,2025-03-02T16:45:00+08:00,12048449,0,False,Wh,Common Area,0.0
142823,15,2025-03-02T17:00:00+08:00,12048519,0,False,Wh,Common Area,0.0
142823,15,2025-03-02T17:15:00+08:00,12048599,0,False,Wh,Common Area,0.0
142823,15,2025-03-02T17:30:00+08:00,12048669,0,False,Wh,Common Area,0.0
142823,15,2025-03-02T17:45:00+08:00,12048757,0,False,Wh,Common Area,0.0
142823,15,2025-03-02T18:00:00+08:00,12048828,0,False,Wh,Common Area,0.0
142823,15,2025-03-02T18:15:00+08:00,12048898,0,False,Wh,Common Area,0.0
142823,15,2025-03-02T18:30:00+08:00,12048967,0,False,Wh,Common Area,0.0
142823,15,2025-03-02T18:45:00+08:00,12049037,0,False,Wh,Common Area,0.0
142823,15,2025-03-02T19:00:00+08:00,12049119,0,False,Wh,Common Area,0.0
142823,15,2025-03-02T19:15:00+08:00,12049204,0,False,Wh,Common Area,0.0
142823,15,2025-03-02T19:30:00+08:00,12049288,0,False,Wh,Common Area,0.0
142823,15,2025-03-02T19:45:00+08:00,12049359,0,False,Wh,Common Area,0.0
142823,15,2025-03-02T20:00:00+08:00,12049450,0,False,Wh,Common Area,0.0
142823,15,2025-03-02T20:15:00+08:00,12049530,0,False,Wh,Common Area,0.0
142823,15,2025-03-02T20:30:00+08:00,12049612,0,False,Wh,Common Area,0.0
142823,15,2025-03-02T20:45:00+08:00,12049691,0,False,Wh,Common Area,0.0
142823,15,2025-03-02T21:00:00+08:00,12049762,0,False,Wh,Common Area,0.0
142823,15,2025-03-02T21:15:00+08:00,12049834,0,False,Wh,Common Area,0.0
142823,15,2025-03-02T21:30:00+08:00,12049904,0,False,Wh,Common Area,0.0
142823,15,2025-03-02T21:45:00+08:00,12049985,0,False,Wh,Common Area,0.0
142823,15,2025-03-02T22:00:00+08:00,12050064,0,False,Wh,Common Area,0.0
142823,15,2025-03-02T22:15:00+08:00,12050151,0,False,Wh,Common Area,0.0
142823,15,2025-03-02T22:30:00+08:00,12050256,0,False,Wh,Common Area,0.0
142823,15,2025-03-02T22:45:00+08:00,12050328,0,False,Wh,Common Area,0.0
142823,15,2025-03-02T23:00:00+08:00,12050400,0,False,Wh,Common Area,0.0
142823,15,2025-03-02T23:15:00+08:00,12050471,0,False,Wh,Common Area,0.0
142823,15,2025-03-02T23:30:00+08:00,12050543,0,False,Wh,Common Area,0.0
142823,15,2025-03-02T23:45:00+08:00,12050613,0,False,Wh,Common Area,0.0
142823,15,2025-03-03T00:00:00+08:00,12050684,0,False,Wh,Common Area,0.0
142823,15,2025-03-03T00:15:00+08:00,12050755,0,False,Wh,Common Area,0.0
142823,15,2025-03-03T00:30:00+08:00,12050826,0,False,Wh,Common Area,0.0
142823,15,2025-03-03T00:45:00+08:00,12050897,0,False,Wh,Common Area,0.0
142823,15,2025-03-03T01:00:00+08:00,12050967,0,False,Wh,Common Area,0.0
142823,15,2025-03-03T01:15:00+08:00,12051038,0,False,Wh,Common Area,0.0
142823,15,2025-03-03T01:30:00+08:00,12051110,0,False,Wh,Common Area,0.0
142823,15,2025-03-03T01:45:00+08:00,12051181,0,False,Wh,Common Area,0.0
142823,15,2025-03-03T02:00:00+08:00,12051252,0,False,Wh,Common Area,0.0
142823,15,2025-03-03T02:15:00+08:00,12051324,0,False,Wh,Common Area,0.0
142823,15,2025-03-03T02:30:00+08:00,12051395,0,False,Wh,Common Area,0.0
142823,15,2025-03-03T02:45:00+08:00,12051466,0,False,Wh,Common Area,0.0
142823,15,2025-03-03T03:00:00+08:00,12051537,0,False,Wh,Common Area,0.0
142823,15,2025-03-03T03:15:00+08:00,12051608,0,False,Wh,Common Area,0.0
142823,15,2025-03-03T03:30:00+08:00,12051680,0,False,Wh,Common Area,0.0
142823,15,2025-03-03T03:45:00+08:00,12051751,0,False,Wh,Common Area,0.0
142823,15,2025-03-03T04:00:00+08:00,12051823,0,False,Wh,Common Area,0.0
142823,15,2025-03-03T04:15:00+08:00,12051894,0,False,Wh,Common Area,0.0
142823,15,2025-03-03T04:30:00+08:00,12051986,0,False,Wh,Common Area,0.0
142823,15,2025-03-03T04:45:00+08:00,12052057,0,False,Wh,Common Area,0.0
142823,15,2025-03-03T05:00:00+08:00,12052129,0,False,Wh,Common Area,0.0
142823,15,2025-03-03T05:15:00+08:00,12052200,0,False,Wh,Common Area,0.0
142823,15,2025-03-03T05:30:00+08:00,12052272,0,False,Wh,Common Area,0.0
142823,15,2025-03-03T05:45:00+08:00,12052343,0,False,Wh,Common Area,0.0
142823,15,2025-03-03T06:00:00+08:00,12052414,0,False,Wh,Common Area,0.0
142823,15,2025-03-03T06:15:00+08:00,12052484,0,False,Wh,Common Area,0.0
142823,15,2025-03-03T06:30:00+08:00,12052553,0,False,Wh,Common Area,0.0
142823,15,2025-03-03T06:45:00+08:00,12052623,0,False,Wh,Common Area,0.0
142823,15,2025-03-03T07:00:00+08:00,12052695,0,False,Wh,Common Area,0.0
142823,15,2025-03-03T07:15:00+08:00,12052765,0,False,Wh,Common Area,0.0
142823,15,2025-03-03T07:30:00+08:00,12052835,0,False,Wh,Common Area,0.0
142823,15,2025-03-03T07:45:00+08:00,12052914,0,False,Wh,Common Area,0.0
142823,15,2025-03-03T08:00:00+08:00,12052983,0,False,Wh,Common Area,0.0
142823,15,2025-03-03T08:15:00+08:00,12053064,0,False,Wh,Common Area,0.0
142823,15,2025-03-03T08:30:00+08:00,12053133,0,False,Wh,Common Area,0.0
142823,15,2025-03-03T08:45:00+08:00,12053215,0,False,Wh,Common Area,0.0
142823,15,2025-03-03T09:00:00+08:00,12053285,0,False,Wh,Common Area,0.0
142823,15,2025-03-03T09:15:00+08:00,12053355,0,False,Wh,Common Area,0.0
142823,15,2025-03-03T09:30:00+08:00,12053424,0,False,Wh,Common Area,0.0
142823,15,2025-03-03T09:45:00+08:00,12053494,0,False,Wh,Common Area,0.0
142823,15,2025-03-03T10:00:00+08:00,12053564,0,False,Wh,Common Area,0.0
142823,15,2025-03-03T10:15:00+08:00,12053633,0,False,Wh,Common Area,0.0
142823,15,2025-03-03T10:30:00+08:00,12053703,0,False,Wh,Common Area,0.0
142823,15,2025-03-03T10:45:00+08:00,12053773,0,False,Wh,Common Area,0.0
142823,15,2025-03-03T11:00:00+08:00,12053842,0,False,Wh,Common Area,0.0
142823,15,2025-03-03T11:15:00+08:00,12053912,0,False,Wh,Common Area,0.0
142823,15,2025-03-03T11:30:00+08:00,12053980,0,False,Wh,Common Area,0.0
142823,15,2025-03-03T11:45:00+08:00,12054048,0,False,Wh,Common Area,0.0
142823,15,2025-03-03T12:00:00+08:00,12054112,0,False,Wh,Common Area,0.0
142823,15,2025-03-03T12:15:00+08:00,12054176,0,False,Wh,Common Area,0.0
142823,15,2025-03-03T12:30:00+08:00,12054240,0,False,Wh,Common Area,0.0
142823,15,2025-03-03T12:45:00+08:00,12054303,0,False,Wh,Common Area,0.0
142823,15,2025-03-03T13:00:00+08:00,12054442,0,False,Wh,Common Area,0.0
142823,15,2025-03-03T13:15:00+08:00,12054507,0,False,Wh,Common Area,0.0
142823,15,2025-03-03T13:30:00+08:00,12054571,0,False,Wh,Common Area,0.0
142823,15,2025-03-03T13:45:00+08:00,12054646,0,False,Wh,Common Area,0.0
142823,15,2025-03-03T14:00:00+08:00,12054710,0,False,Wh,Common Area,0.0
142823,15,2025-03-03T14:15:00+08:00,12054774,0,False,Wh,Common Area,0.0
142823,15,2025-03-03T14:30:00+08:00,12054839,0,False,Wh,Common Area,0.0
142823,15,2025-03-03T14:45:00+08:00,12054903,0,False,Wh,Common Area,0.0
142823,15,2025-03-03T15:00:00+08:00,12054968,0,False,Wh,Common Area,0.0
142823,15,2025-03-03T15:15:00+08:00,12055042,0,False,Wh,Common Area,0.0
142823,15,2025-03-03T15:30:00+08:00,12055124,0,False,Wh,Common Area,0.0
142823,15,2025-03-03T15:45:00+08:00,12055199,0,False,Wh,Common Area,0.0
142823,15,2025-03-03T16:00:00+08:00,12055266,0,False,Wh,Common Area,0.0
142823,15,2025-03-03T16:15:00+08:00,12055330,0,False,Wh,Common Area,0.0
142823,15,2025-03-03T16:30:00+08:00,12055410,0,False,Wh,Common Area,0.0
142823,15,2025-03-03T16:45:00+08:00,12055484,0,False,Wh,Common Area,0.0
142823,15,2025-03-03T17:00:00+08:00,12055547,0,False,Wh,Common Area,0.0
142823,15,2025-03-03T17:15:00+08:00,12055620,0,False,Wh,Common Area,0.0
142823,15,2025-03-03T17:30:00+08:00,12055694,0,False,Wh,Common Area,0.0
142823,15,2025-03-03T17:45:00+08:00,12055759,0,False,Wh,Common Area,0.0
142823,15,2025-03-03T18:00:00+08:00,12055839,0,False,Wh,Common Area,0.0
142823,15,2025-03-03T18:15:00+08:00,12055904,0,False,Wh,Common Area,0.0
142823,15,2025-03-03T18:30:00+08:00,12055981,0,False,Wh,Common Area,0.0
142823,15,2025-03-03T18:45:00+08:00,12056047,0,False,Wh,Common Area,0.0
142823,15,2025-03-03T19:00:00+08:00,12056112,0,False,Wh,Common Area,0.0
142823,15,2025-03-03T19:15:00+08:00,12056186,0,False,Wh,Common Area,0.0
142823,15,2025-03-03T19:30:00+08:00,12056251,0,False,Wh,Common Area,0.0
142823,15,2025-03-03T19:45:00+08:00,12056317,0,False,Wh,Common Area,0.0
142823,15,2025-03-03T20:00:00+08:00,12056425,0,False,Wh,Common Area,0.0
142823,15,2025-03-03T20:15:00+08:00,12056507,0,False,Wh,Common Area,0.0
142823,15,2025-03-03T20:30:00+08:00,12056583,0,False,Wh,Common Area,0.0
142823,15,2025-03-03T20:45:00+08:00,12056648,0,False,Wh,Common Area,0.0
142823,15,2025-03-03T21:00:00+08:00,12056723,0,False,Wh,Common Area,0.0
142823,15,2025-03-03T21:15:00+08:00,12056788,0,False,Wh,Common Area,0.0
142823,15,2025-03-03T21:30:00+08:00,12056853,0,False,Wh,Common Area,0.0
142823,15,2025-03-03T21:45:00+08:00,12056918,0,False,Wh,Common Area,0.0
142823,15,2025-03-03T22:00:00+08:00,12056983,0,False,Wh,Common Area,0.0
142823,15,2025-03-03T22:15:00+08:00,12057063,0,False,Wh,Common Area,0.0
142823,15,2025-03-03T22:30:00+08:00,12057127,0,False,Wh,Common Area,0.0
142823,15,2025-03-03T22:45:00+08:00,12057192,0,False,Wh,Common Area,0.0
142823,15,2025-03-03T23:00:00+08:00,12057256,0,False,Wh,Common Area,0.0
142823,15,2025-03-03T23:15:00+08:00,12057321,0,False,Wh,Common Area,0.0
142823,15,2025-03-03T23:30:00+08:00,12057385,0,False,Wh,Common Area,0.0
142823,15,2025-03-03T23:45:00+08:00,12057450,0,False,Wh,Common Area,0.0
142824,15,2025-02-22T00:00:00+08:00,4259822,144771559,False,Wh,SOLAR AND BATTERY DB,0.0
142824,15,2025-02-22T00:15:00+08:00,4259842,144771559,False,Wh,SOLAR AND BATTERY DB,0.0
142824,15,2025-02-22T00:30:00+08:00,4259861,144771559,False,Wh,SOLAR AND BATTERY DB,0.0
142824,15,2025-02-22T00:45:00+08:00,4259881,144771559,False,Wh,SOLAR AND BATTERY DB,0.0
142824,15,2025-02-22T01:00:00+08:00,4259900,144771559,False,Wh,SOLAR AND BATTERY DB,0.0
142824,15,2025-02-22T01:15:00+08:00,4259920,144771559,False,Wh,SOLAR AND BATTERY DB,0.0
142824,15,2025-02-22T01:30:00+08:00,4259940,144771559,False,Wh,SOLAR AND BATTERY DB,0.0
142824,15,2025-02-22T01:45:00+08:00,4259959,144771559,False,Wh,SOLAR AND BATTERY DB,0.0
142824,15,2025-02-22T02:00:00+08:00,4259978,144771559,False,Wh,SOLAR AND BATTERY DB,0.0
142824,15,2025-02-22T02:15:00+08:00,4259998,144771559,False,Wh,SOLAR AND BATTERY DB,0.0
142824,15,2025-02-22T02:30:00+08:00,4260017,144771559,False,Wh,SOLAR AND BATTERY DB,0.0
142824,15,2025-02-22T02:45:00+08:00,4260037,144771559,False,Wh,SOLAR AND BATTERY DB,0.0
142824,15,2025-02-22T03:00:00+08:00,4260056,144771559,False,Wh,SOLAR AND BATTERY DB,0.0
142824,15,2025-02-22T03:15:00+08:00,4260076,144771559,False,Wh,SOLAR AND BATTERY DB,0.0
142824,15,2025-02-22T03:30:00+08:00,4260095,144771559,False,Wh,SOLAR AND BATTERY DB,0.0
142824,15,2025-02-22T03:45:00+08:00,4260114,144771559,False,Wh,SOLAR AND BATTERY DB,0.0
142824,15,2025-02-22T04:00:00+08:00,4260134,144771559,False,Wh,SOLAR AND BATTERY DB,0.0
142824,15,2025-02-22T04:15:00+08:00,4260153,144771559,False,Wh,SOLAR AND BATTERY DB,0.0
142824,15,2025-02-22T04:30:00+08:00,4260173,144771559,False,Wh,SOLAR AND BATTERY DB,0.0
142824,15,2025-02-22T04:45:00+08:00,4260192,144771559,False,Wh,SOLAR AND BATTERY DB,0.0
142824,15,2025-02-22T05:00:00+08:00,4260212,144771559,False,Wh,SOLAR AND BATTERY DB,0.0
142824,15,2025-02-22T05:15:00+08:00,4260231,144771559,False,Wh,SOLAR AND BATTERY DB,0.0
142824,15,2025-02-22T05:30:00+08:00,4260251,144771559,False,Wh,SOLAR AND BATTERY DB,0.0
142824,15,2025-02-22T05:45:00+08:00,4260272,144771559,False,Wh,SOLAR AND BATTERY DB,0.0
142824,15,2025-02-22T06:00:00+08:00,4260294,144771559,False,Wh,SOLAR AND BATTERY DB,0.0
142824,15,2025-02-22T06:15:00+08:00,4260301,144771563,False,Wh,SOLAR AND BATTERY DB,0.0
142824,15,2025-02-22T06:30:00+08:00,4260301,144771629,False,Wh,SOLAR AND BATTERY DB,0.0
142824,15,2025-02-22T06:45:00+08:00,4260301,144771796,False,Wh,SOLAR AND BATTERY DB,0.0
142824,15,2025-02-22T07:00:00+08:00,4260301,144772101,False,Wh,SOLAR AND BATTERY DB,0.0
142824,15,2025-02-22T07:15:00+08:00,4260301,144772593,False,Wh,SOLAR AND BATTERY DB,0.0
142824,15,2025-02-22T07:30:00+08:00,4260301,144773166,False,Wh,SOLAR AND BATTERY DB,0.0
142824,15,2025-02-22T07:45:00+08:00,4260301,144773653,False,Wh,SOLAR AND BATTERY DB,0.0
142824,15,2025-02-22T08:00:00+08:00,4260301,144775241,False,Wh,SOLAR AND BATTERY DB,0.0
142824,15,2025-02-22T08:15:00+08:00,4260301,144776896,False,Wh,SOLAR AND BATTERY DB,0.0
142824,15,2025-02-22T08:30:00+08:00,4260301,144778533,False,Wh,SOLAR AND BATTERY DB,0.0
142824,15,2025-02-22T08:45:00+08:00,4260301,144780675,False,Wh,SOLAR AND BATTERY DB,0.0
142824,15,2025-02-22T09:00:00+08:00,4260301,144782558,False,Wh,SOLAR AND BATTERY DB,0.0
142824,15,2025-02-22T09:15:00+08:00,4260301,144784160,False,Wh,SOLAR AND BATTERY DB,0.0
142824,15,2025-02-22T09:30:00+08:00,4260301,144786288,False,Wh,SOLAR AND BATTERY DB,0.0
142824,15,2025-02-22T09:45:00+08:00,4260301,144787741,False,Wh,SOLAR AND BATTERY DB,0.0
142824,15,2025-02-22T10:00:00+08:00,4260301,144789232,False,Wh,SOLAR AND BATTERY DB,0.0
142824,15,2025-02-22T10:15:00+08:00,4260301,144791009,False,Wh,SOLAR AND BATTERY DB,0.0
142824,15,2025-02-22T10:30:00+08:00,4260301,144792935,False,Wh,SOLAR AND BATTERY DB,0.0
142824,15,2025-02-22T10:45:00+08:00,4260301,144794932,False,Wh,SOLAR AND BATTERY DB,0.0
142824,15,2025-02-22T11:00:00+08:00,4260301,144797059,False,Wh,SOLAR AND BATTERY DB,0.0
142824,15,2025-02-22T11:15:00+08:00,4260301,144799277,False,Wh,SOLAR AND BATTERY DB,0.0
142824,15,2025-02-22T11:30:00+08:00,4260301,144801585,False,Wh,SOLAR AND BATTERY DB,0.0
142824,15,2025-02-22T11:45:00+08:00,4260301,144803922,False,Wh,SOLAR AND BATTERY DB,0.0
142824,15,2025-02-22T12:00:00+08:00,4260301,144806800,False,Wh,SOLAR AND BATTERY DB,0.0
142824,15,2025-02-22T12:15:00+08:00,4260301,144809786,False,Wh,SOLAR AND BATTERY DB,0.0
142824,15,2025-02-22T12:30:00+08:00,4260301,144812122,False,Wh,SOLAR AND BATTERY DB,0.0
142824,15,2025-02-22T12:45:00+08:00,4260301,144814459,False,Wh,SOLAR AND BATTERY DB,0.0
142824,15,2025-02-22T13:00:00+08:00,4260301,144816922,False,Wh,SOLAR AND BATTERY DB,0.0
142824,15,2025-02-22T13:15:00+08:00,4260301,144819382,False,Wh,SOLAR AND BATTERY DB,0.0
142824,15,2025-02-22T13:30:00+08:00,4260301,144821401,False,Wh,SOLAR AND BATTERY DB,0.0
142824,15,2025-02-22T13:45:00+08:00,4260301,144823414,False,Wh,SOLAR AND BATTERY DB,0.0
142824,15,2025-02-22T14:00:00+08:00,4260301,144825288,False,Wh,SOLAR AND BATTERY DB,0.0
142824,15,2025-02-22T14:15:00+08:00,4260301,144827301,False,Wh,SOLAR AND BATTERY DB,0.0
142824,15,2025-02-22T14:30:00+08:00,4260301,144829232,False,Wh,SOLAR AND BATTERY DB,0.0
142824,15,2025-02-22T14:45:00+08:00,4260301,144831040,False,Wh,SOLAR AND BATTERY DB,0.0
142824,15,2025-02-22T15:00:00+08:00,4260301,144832711,False,Wh,SOLAR AND BATTERY DB,0.0
142824,15,2025-02-22T15:15:00+08:00,4260301,144834537,False,Wh,SOLAR AND BATTERY DB,0.0
142824,15,2025-02-22T15:30:00+08:00,4260301,144836414,False,Wh,SOLAR AND BATTERY DB,0.0
142824,15,2025-02-22T15:45:00+08:00,4260301,144838378,False,Wh,SOLAR AND BATTERY DB,0.0
142824,15,2025-02-22T16:00:00+08:00,4260301,144840169,False,Wh,SOLAR AND BATTERY DB,0.0
142824,15,2025-02-22T16:15:00+08:00,4260301,144841831,False,Wh,SOLAR AND BATTERY DB,0.0
142824,15,2025-02-22T16:30:00+08:00,4260301,144843433,False,Wh,SOLAR AND BATTERY DB,0.0
142824,15,2025-02-22T16:45:00+08:00,4260301,144845158,False,Wh,SOLAR AND BATTERY DB,0.0
142824,15,2025-02-22T17:00:00+08:00,4260301,144846641,False,Wh,SOLAR AND BATTERY DB,0.0
142824,15,2025-02-22T17:15:00+08:00,4260301,144847829,False,Wh,SOLAR AND BATTERY DB,0.0
142824,15,2025-02-22T17:30:00+08:00,4260301,144849215,False,Wh,SOLAR AND BATTERY DB,0.0
142824,15,2025-02-22T17:45:00+08:00,4260301,144850134,False,Wh,SOLAR AND BATTERY DB,0.0
142824,15,2025-02-22T18:00:00+08:00,4260301,144851223,False,Wh,SOLAR AND BATTERY DB,0.0
142824,15,2025-02-22T18:15:00+08:00,4260301,144852937,False,Wh,SOLAR AND BATTERY DB,0.0
142824,15,2025-02-22T18:30:00+08:00,4260301,144853971,False,Wh,SOLAR AND BATTERY DB,0.0
142824,15,2025-02-22T18:45:00+08:00,4260301,144855051,False,Wh,SOLAR AND BATTERY DB,0.0
142824,15,2025-02-22T19:00:00+08:00,4260301,144856117,False,Wh,SOLAR AND BATTERY DB,0.0
142824,15,2025-02-22T19:15:00+08:00,4260301,144857278,False,Wh,SOLAR AND BATTERY DB,0.0
142824,15,2025-02-22T19:30:00+08:00,4260301,144858520,False,Wh,SOLAR AND BATTERY DB,0.0
142824,15,2025-02-22T19:45:00+08:00,4260301,144859718,False,Wh,SOLAR AND BATTERY DB,0.0
142824,15,2025-02-22T20:00:00+08:00,4260301,144860849,False,Wh,SOLAR AND BATTERY DB,0.0
142824,15,2025-02-22T20:15:00+08:00,4260301,144861787,False,Wh,SOLAR AND BATTERY DB,0.0
142824,15,2025-02-22T20:30:00+08:00,4260301,144862651,False,Wh,SOLAR AND BATTERY DB,0.0
142824,15,2025-02-22T20:45:00+08:00,4260301,144863522,False,Wh,SOLAR AND BATTERY DB,0.0
142824,15,2025-02-22T21:00:00+08:00,4260301,144864345,False,Wh,SOLAR AND BATTERY DB,0.0
142824,15,2025-02-22T21:15:00+08:00,4260301,144865177,False,Wh,SOLAR AND BATTERY DB,0.0
142824,15,2025-02-22T21:30:00+08:00,4260301,144866023,False,Wh,SOLAR AND BATTERY DB,0.0
142824,15,2025-02-22T21:45:00+08:00,4260301,144867270,False,Wh,SOLAR AND BATTERY DB,0.0
142824,15,2025-02-22T22:00:00+08:00,4260301,144868593,False,Wh,SOLAR AND BATTERY DB,0.0
142824,15,2025-02-22T22:15:00+08:00,4260301,144869816,False,Wh,SOLAR AND BATTERY DB,0.0
142824,15,2025-02-22T22:30:00+08:00,4260301,144871027,False,Wh,SOLAR AND BATTERY DB,0.0
142824,15,2025-02-22T22:45:00+08:00,4260301,144871783,False,Wh,SOLAR AND BATTERY DB,0.0
142824,15,2025-02-22T23:00:00+08:00,4260301,144872451,False,Wh,SOLAR AND BATTERY DB,0.0
142824,15,2025-02-22T23:15:00+08:00,4260316,144872542,False,Wh,SOLAR AND BATTERY DB,0.0
142824,15,2025-02-22T23:30:00+08:00,4260335,144872542,False,Wh,SOLAR AND BATTERY DB,0.0
142824,15,2025-02-22T23:45:00+08:00,4260354,144872542,False,Wh,SOLAR AND BATTERY DB,0.0
142824,15,2025-02-23T00:00:00+08:00,4260374,144872542,False,Wh,SOLAR AND BATTERY DB,0.0
142824,15,2025-02-23T00:15:00+08:00,4260393,144872542,False,Wh,SOLAR AND BATTERY DB,0.0
142824,15,2025-02-23T00:30:00+08:00,4260412,144872542,False,Wh,SOLAR AND BATTERY DB,0.0
142824,15,2025-02-23T00:45:00+08:00,4260432,144872542,False,Wh,SOLAR AND BATTERY DB,0.0
142824,15,2025-02-23T01:00:00+08:00,4260451,144872542,False,Wh,SOLAR AND BATTERY DB,0.0
142824,15,2025-02-23T01:15:00+08:00,4260471,144872542,False,Wh,SOLAR AND BATTERY DB,0.0
142824,15,2025-02-23T01:30:00+08:00,4260490,144872542,False,Wh,SOLAR AND BATTERY DB,0.0
142824,15,2025-02-23T01:45:00+08:00,4260510,144872542,False,Wh,SOLAR AND BATTERY DB,0.0
142824,15,2025-02-23T02:00:00+08:00,4260529,144872542,False,Wh,SOLAR AND BATTERY DB,0.0
142824,15,2025-02-23T02:15:00+08:00,4260549,144872542,False,Wh,SOLAR AND BATTERY DB,0.0
142824,15,2025-02-23T02:30:00+08:00,4260568,144872542,False,Wh,SOLAR AND BATTERY DB,0.0
142824,15,2025-02-23T02:45:00+08:00,4260588,144872542,False,Wh,SOLAR AND BATTERY DB,0.0
142824,15,2025-02-23T03:00:00+08:00,4260607,144872542,False,Wh,SOLAR AND BATTERY DB,0.0
142824,15,2025-02-23T03:15:00+08:00,4260627,144872542,False,Wh,SOLAR AND BATTERY DB,0.0
142824,15,2025-02-23T03:30:00+08:00,4260646,144872542,False,Wh,SOLAR AND BATTERY DB,0.0
142824,15,2025-02-23T03:45:00+08:00,4260666,144872542,False,Wh,SOLAR AND BATTERY DB,0.0
142824,15,2025-02-23T04:00:00+08:00,4260685,144872542,False,Wh,SOLAR AND BATTERY DB,0.0
142824,15,2025-02-23T04:15:00+08:00,4260705,144872542,False,Wh,SOLAR AND BATTERY DB,0.0
142824,15,2025-02-23T04:30:00+08:00,4260724,144872542,False,Wh,SOLAR AND BATTERY DB,0.0
142824,15,2025-02-23T04:45:00+08:00,4260743,144872542,False,Wh,SOLAR AND BATTERY DB,0.0
142824,15,2025-02-23T05:00:00+08:00,4260763,144872542,False,Wh,SOLAR AND BATTERY DB,0.0
142824,15,2025-02-23T05:15:00+08:00,4260782,144872542,False,Wh,SOLAR AND BATTERY DB,0.0
142824,15,2025-02-23T05:30:00+08:00,4260802,144872542,False,Wh,SOLAR AND BATTERY DB,0.0
142824,15,2025-02-23T05:45:00+08:00,4260824,144872542,False,Wh,SOLAR AND BATTERY DB,0.0
142824,15,2025-02-23T06:00:00+08:00,4260845,144872542,False,Wh,SOLAR AND BATTERY DB,0.0
142824,15,2025-02-23T06:15:00+08:00,4260856,144872543,False,Wh,SOLAR AND BATTERY DB,0.0
142824,15,2025-02-23T06:30:00+08:00,4260856,144872593,False,Wh,SOLAR AND BATTERY DB,0.0
142824,15,2025-02-23T06:45:00+08:00,4260856,144872737,False,Wh,SOLAR AND BATTERY DB,0.0
142824,15,2025-02-23T07:00:00+08:00,4260856,144873016,False,Wh,SOLAR AND BATTERY DB,0.0
142824,15,2025-02-23T07:15:00+08:00,4260856,144873476,False,Wh,SOLAR AND BATTERY DB,0.0
142824,15,2025-02-23T07:30:00+08:00,4260856,144873991,False,Wh,SOLAR AND BATTERY DB,0.0
142824,15,2025-02-23T07:45:00+08:00,4260856,144874513,False,Wh,SOLAR AND BATTERY DB,0.0
142824,15,2025-02-23T08:00:00+08:00,4260856,144875357,False,Wh,SOLAR AND BATTERY DB,0.0
142824,15,2025-02-23T08:15:00+08:00,4260856,144876204,False,Wh,SOLAR AND BATTERY DB,0.0
142824,15,2025-02-23T08:30:00+08:00,4260856,144877947,False,Wh,SOLAR AND BATTERY DB,0.0
142824,15,2025-02-23T08:45:00+08:00,4260856,144878416,False,Wh,SOLAR AND BATTERY DB,0.0
142824,15,2025-02-23T09:00:00+08:00,4260856,144879881,False,Wh,SOLAR AND BATTERY DB,0.0
142824,15,2025-02-23T09:15:00+08:00,4260856,144882302,False,Wh,SOLAR AND BATTERY DB,0.0
142824,15,2025-02-23T09:30:00+08:00,4260856,144883445,False,Wh,SOLAR AND BATTERY DB,0.0
142824,15,2025-02-23T09:45:00+08:00,4260856,144885824,False,Wh,SOLAR AND BATTERY DB,0.0
142824,15,2025-02-23T10:00:00+08:00,4260856,144888397,False,Wh,SOLAR AND BATTERY DB,0.0
142824,15,2025-02-23T10:15:00+08:00,4260856,144890111,False,Wh,SOLAR AND BATTERY DB,0.0
142824,15,2025-02-23T10:30:00+08:00,4260856,144892814,False,Wh,SOLAR AND BATTERY DB,0.0
142824,15,2025-02-23T10:45:00+08:00,4260856,144895816,False,Wh,SOLAR AND BATTERY DB,0.0
142824,15,2025-02-23T11:00:00+08:00,4260856,144897659,False,Wh,SOLAR AND BATTERY DB,0.0
142824,15,2025-02-23T11:15:00+08:00,4260856,144900129,False,Wh,SOLAR AND BATTERY DB,0.0
142824,15,2025-02-23T11:30:00+08:00,4260856,144902628,False,Wh,SOLAR AND BATTERY DB,0.0
142824,15,2025-02-23T11:45:00+08:00,4260856,144905092,False,Wh,SOLAR AND BATTERY DB,0.0
142824,15,2025-02-23T12:00:00+08:00,4260856,144907476,False,Wh,SOLAR AND BATTERY DB,0.0
142824,15,2025-02-23T12:15:00+08:00,4260856,144909906,False,Wh,SOLAR AND BATTERY DB,0.0
142824,15,2025-02-23T12:30:00+08:00,4260856,144912381,False,Wh,SOLAR AND BATTERY DB,0.0
142824,15,2025-02-23T12:45:00+08:00,4260856,144915114,False,Wh,SOLAR AND BATTERY DB,0.0
142824,15,2025-02-23T13:00:00+08:00,4260856,144918226,False,Wh,SOLAR AND BATTERY DB,0.0
142824,15,2025-02-23T13:15:00+08:00,4260856,144920669,False,Wh,SOLAR AND BATTERY DB,0.0
142824,15,2025-02-23T13:30:00+08:00,4260856,144922947,False,Wh,SOLAR AND BATTERY DB,0.0
142824,15,2025-02-23T13:45:00+08:00,4260856,144925271,False,Wh,SOLAR AND BATTERY DB,0.0
142824,15,2025-02-23T14:00:00+08:00,4260856,144927490,False,Wh,SOLAR AND BATTERY DB,0.0
142824,15,2025-02-23T14:15:00+08:00,4260856,144929652,False,Wh,SOLAR AND BATTERY DB,0.0
142824,15,2025-02-23T14:30:00+08:00,4260856,144931727,False,Wh,SOLAR AND BATTERY DB,0.0
142824,15,2025-02-23T14:45:00+08:00,4260856,144933762,False,Wh,SOLAR AND BATTERY DB,0.0
142824,15,2025-02-23T15:00:00+08:00,4260856,144936055,False,Wh,SOLAR AND BATTERY DB,0.0
142824,15,2025-02-23T15:15:00+08:00,4260856,144938264,False,Wh,SOLAR AND BATTERY DB,0.0
142824,15,2025-02-23T15:30:00+08:00,4260856,144940683,False,Wh,SOLAR AND BATTERY DB,0.0
142824,15,2025-02-23T15:45:00+08:00,4260856,144942563,False,Wh,SOLAR AND BATTERY DB,0.0
142824,15,2025-02-23T16:00:00+08:00,4260856,144944694,False,Wh,SOLAR AND BATTERY DB,0.0
142824,15,2025-02-23T16:15:00+08:00,4260856,144946590,False,Wh,SOLAR AND BATTERY DB,0.0
142824,15,2025-02-23T16:30:00+08:00,4260856,144948505,False,Wh,SOLAR AND BATTERY DB,0.0
142824,15,2025-02-23T16:45:00+08:00,4260856,144950137,False,Wh,SOLAR AND BATTERY DB,0.0
142824,15,2025-02-23T17:00:00+08:00,4260856,144951636,False,Wh,SOLAR AND BATTERY DB,0.0
142824,15,2025-02-23T17:15:00+08:00,4260856,144953075,False,Wh,SOLAR AND BATTERY DB,0.0
142824,15,2025-02-23T17:30:00+08:00,4260856,144955376,False,Wh,SOLAR AND BATTERY DB,0.0
142824,15,2025-02-23T17:45:00+08:00,4260856,144957140,False,Wh,SOLAR AND BATTERY DB,0.0
142824,15,2025-02-23T18:00:00+08:00,4260856,144958576,False,Wh,SOLAR AND BATTERY DB,0.0
142824,15,2025-02-23T18:15:00+08:00,4260856,144959856,False,Wh,SOLAR AND BATTERY DB,0.0
142824,15,2025-02-23T18:30:00+08:00,4260856,144960988,False,Wh,SOLAR AND BATTERY DB,0.0
142824,15,2025-02-23T18:45:00+08:00,4260856,144962031,False,Wh,SOLAR AND BATTERY DB,0.0
142824,15,2025-02-23T19:00:00+08:00,4260856,144963044,False,Wh,SOLAR AND BATTERY DB,0.0
142824,15,2025-02-23T19:15:00+08:00,4260856,144964062,False,Wh,SOLAR AND BATTERY DB,0.0
142824,15,2025-02-23T19:30:00+08:00,4260856,144965091,False,Wh,SOLAR AND BATTERY DB,0.0
142824,15,2025-02-23T19:45:00+08:00,4260856,144966134,False,Wh,SOLAR AND BATTERY DB,0.0
142824,15,2025-02-23T20:00:00+08:00,4260856,144967183,False,Wh,SOLAR AND BATTERY DB,0.0
142824,15,2025-02-23T20:15:00+08:00,4260856,144968233,False,Wh,SOLAR AND BATTERY DB,0.0
142824,15,2025-02-23T20:30:00+08:00,4260856,144969164,False,Wh,SOLAR AND BATTERY DB,0.0
142824,15,2025-02-23T20:45:00+08:00,4260856,144969908,False,Wh,SOLAR AND BATTERY DB,0.0
142824,15,2025-02-23T21:00:00+08:00,4260856,144970643,False,Wh,SOLAR AND BATTERY DB,0.0
142824,15,2025-02-23T21:15:00+08:00,4260856,144971394,False,Wh,SOLAR AND BATTERY DB,0.0
142824,15,2025-02-23T21:30:00+08:00,4260856,144972098,False,Wh,SOLAR AND BATTERY DB,0.0
142824,15,2025-02-23T21:45:00+08:00,4260856,144972684,False,Wh,SOLAR AND BATTERY DB,0.0
142824,15,2025-02-23T22:00:00+08:00,4260856,144973185,False,Wh,SOLAR AND BATTERY DB,0.0
142824,15,2025-02-23T22:15:00+08:00,4260856,144973729,False,Wh,SOLAR AND BATTERY DB,0.0
142824,15,2025-02-23T22:30:00+08:00,4260856,144974193,False,Wh,SOLAR AND BATTERY DB,0.0
142824,15,2025-02-23T22:45:00+08:00,4260856,144974599,False,Wh,SOLAR AND BATTERY DB,0.0
142824,15,2025-02-23T23:00:00+08:00,4260856,144975022,False,Wh,SOLAR AND BATTERY DB,0.0
142824,15,2025-02-23T23:15:00+08:00,4260856,144975440,False,Wh,SOLAR AND BATTERY DB,0.0
142824,15,2025-02-23T23:30:00+08:00,4260856,144975909,False,Wh,SOLAR AND BATTERY DB,0.0
142824,15,2025-02-23T23:45:00+08:00,4260856,144976530,False,Wh,SOLAR AND BATTERY DB,0.0
142824,15,2025-02-24T00:00:00+08:00,4260856,144977190,False,Wh,SOLAR AND BATTERY DB,0.0
142824,15,2025-02-24T00:15:00+08:00,4260856,144977575,False,Wh,SOLAR AND BATTERY DB,0.0
142824,15,2025-02-24T00:30:00+08:00,4260856,144977730,False,Wh,SOLAR AND BATTERY DB,0.0
142824,15,2025-02-24T00:45:00+08:00,4260856,144977885,False,Wh,SOLAR AND BATTERY DB,0.0
142824,15,2025-02-24T01:00:00+08:00,4260856,144978040,False,Wh,SOLAR AND BATTERY DB,0.0
142824,15,2025-02-24T01:15:00+08:00,4260856,144978195,False,Wh,SOLAR AND BATTERY DB,0.0
142824,15,2025-02-24T01:30:00+08:00,4260862,144978345,False,Wh,SOLAR AND BATTERY DB,0.0
142824,15,2025-02-24T01:45:00+08:00,4260881,144978345,False,Wh,SOLAR AND BATTERY DB,0.0
142824,15,2025-02-24T02:00:00+08:00,4260900,144978345,False,Wh,SOLAR AND BATTERY DB,0.0
142824,15,2025-02-24T02:15:00+08:00,4260920,144978345,False,Wh,SOLAR AND BATTERY DB,0.0
142824,15,2025-02-24T02:30:00+08:00,4260939,144978345,False,Wh,SOLAR AND BATTERY DB,0.0
142824,15,2025-02-24T02:45:00+08:00,4260958,144978345,False,Wh,SOLAR AND BATTERY DB,0.0
142824,15,2025-02-24T03:00:00+08:00,4260978,144978345,False,Wh,SOLAR AND BATTERY DB,0.0
142824,15,2025-02-24T03:15:00+08:00,4260997,144978345,False,Wh,SOLAR AND BATTERY DB,0.0
142824,15,2025-02-24T03:30:00+08:00,4261016,144978345,False,Wh,SOLAR AND BATTERY DB,0.0
142824,15,2025-02-24T03:45:00+08:00,4261036,144978345,False,Wh,SOLAR AND BATTERY DB,0.0
142824,15,2025-02-24T04:00:00+08:00,4261055,144978345,False,Wh,SOLAR AND BATTERY DB,0.0
142824,15,2025-02-24T04:15:00+08:00,4261074,144978345,False,Wh,SOLAR AND BATTERY DB,0.0
142824,15,2025-02-24T04:30:00+08:00,4261094,144978345,False,Wh,SOLAR AND BATTERY DB,0.0
142824,15,2025-02-24T04:45:00+08:00,4261113,144978345,False,Wh,SOLAR AND BATTERY DB,0.0
142824,15,2025-02-24T05:00:00+08:00,4261132,144978345,False,Wh,SOLAR AND BATTERY DB,0.0
142824,15,2025-02-24T05:15:00+08:00,4261152,144978345,False,Wh,SOLAR AND BATTERY DB,0.0
142824,15,2025-02-24T05:30:00+08:00,4261171,144978345,False,Wh,SOLAR AND BATTERY DB,0.0
142824,15,2025-02-24T05:45:00+08:00,4261192,144978345,False,Wh,SOLAR AND BATTERY DB,0.0
142824,15,2025-02-24T06:00:00+08:00,4261214,144978345,False,Wh,SOLAR AND BATTERY DB,0.0
142824,15,2025-02-24T06:15:00+08:00,4261227,144978345,False,Wh,SOLAR AND BATTERY DB,0.0
142824,15,2025-02-24T06:30:00+08:00,4261227,144978386,False,Wh,SOLAR AND BATTERY DB,0.0
142824,15,2025-02-24T06:45:00+08:00,4261227,144978518,False,Wh,SOLAR AND BATTERY DB,0.0
142824,15,2025-02-24T07:00:00+08:00,4261227,144978782,False,Wh,SOLAR AND BATTERY DB,0.0
142824,15,2025-02-24T07:15:00+08:00,4261227,144979237,False,Wh,SOLAR AND BATTERY DB,0.0
142824,15,2025-02-24T07:30:00+08:00,4261227,144979786,False,Wh,SOLAR AND BATTERY DB,0.0
142824,15,2025-02-24T07:45:00+08:00,4261227,144980286,False,Wh,SOLAR AND BATTERY DB,0.0
142824,15,2025-02-24T08:00:00+08:00,4261227,144980727,False,Wh,SOLAR AND BATTERY DB,0.0
142824,15,2025-02-24T08:15:00+08:00,4261227,144981199,False,Wh,SOLAR AND BATTERY DB,0.0
142824,15,2025-02-24T08:30:00+08:00,4261228,144981681,False,Wh,SOLAR AND BATTERY DB,0.0
142824,15,2025-02-24T08:45:00+08:00,4261228,144982183,False,Wh,SOLAR AND BATTERY DB,0.0
142824,15,2025-02-24T09:00:00+08:00,4261228,144982870,False,Wh,SOLAR AND BATTERY DB,0.0
142824,15,2025-02-24T09:15:00+08:00,4261228,144983965,False,Wh,SOLAR AND BATTERY DB,0.0
142824,15,2025-02-24T09:30:00+08:00,4261228,144985093,False,Wh,SOLAR AND BATTERY DB,0.0
142824,15,2025-02-24T09:45:00+08:00,4261228,144986383,False,Wh,SOLAR AND BATTERY DB,0.0
142824,15,2025-02-24T10:00:00+08:00,4261228,144987804,False,Wh,SOLAR AND BATTERY DB,0.0
142824,15,2025-02-24T10:15:00+08:00,4261228,144989333,False,Wh,SOLAR AND BATTERY DB,0.0
142824,15,2025-02-24T10:30:00+08:00,4261228,144991061,False,Wh,SOLAR AND BATTERY DB,0.0
142824,15,2025-02-24T10:45:00+08:00,4261228,144992944,False,Wh,SOLAR AND BATTERY DB,0.0
142824,15,2025-02-24T11:00:00+08:00,4261228,144994918,False,Wh,SOLAR AND BATTERY DB,0.0
142824,15,2025-02-24T11:15:00+08:00,4261228,144996985,False,Wh,SOLAR AND BATTERY DB,0.0
142824,15,2025-02-24T11:30:00+08:00,4261228,144999244,False,Wh,SOLAR AND BATTERY DB,0.0
142824,15,2025-02-24T11:45:00+08:00,4261228,145001621,False,Wh,SOLAR AND BATTERY DB,0.0
142824,15,2025-02-24T12:00:00+08:00,4261228,145004080,False,Wh,SOLAR AND BATTERY DB,0.0
142824,15,2025-02-24T12:15:00+08:00,4261228,145006538,False,Wh,SOLAR AND BATTERY DB,0.0
142824,15,2025-02-24T12:30:00+08:00,4261228,145009044,False,Wh,SOLAR AND BATTERY DB,0.0
142824,15,2025-02-24T12:45:00+08:00,4261228,145011530,False,Wh,SOLAR AND BATTERY DB,0.0
142824,15,2025-02-24T13:00:00+08:00,4261228,145014045,False,Wh,SOLAR AND BATTERY DB,0.0
142824,15,2025-02-24T13:15:00+08:00,4261228,145016843,False,Wh,SOLAR AND BATTERY DB,0.0
142824,15,2025-02-24T13:30:00+08:00,4261228,145019477,False,Wh,SOLAR AND BATTERY DB,0.0
142824,15,2025-02-24T13:45:00+08:00,4261228,145022349,False,Wh,SOLAR AND BATTERY DB,0.0
142824,15,2025-02-24T14:00:00+08:00,4261228,145025155,False,Wh,SOLAR AND BATTERY DB,0.0
142824,15,2025-02-24T14:15:00+08:00,4261228,145027870,False,Wh,SOLAR AND BATTERY DB,0.0
142824,15,2025-02-24T14:30:00+08:00,4261228,145030451,False,Wh,SOLAR AND BATTERY DB,0.0
142824,15,2025-02-24T14:45:00+08:00,4261228,145032599,False,Wh,SOLAR AND BATTERY DB,0.0
142824,15,2025-02-24T15:00:00+08:00,4261228,145035308,False,Wh,SOLAR AND BATTERY DB,0.0
142824,15,2025-02-24T15:15:00+08:00,4261228,145037649,False,Wh,SOLAR AND BATTERY DB,0.0
142824,15,2025-02-24T15:30:00+08:00,4261228,145040016,False,Wh,SOLAR AND BATTERY DB,0.0
142824,15,2025-02-24T15:45:00+08:00,4261228,145042274,False,Wh,SOLAR AND BATTERY DB,0.0
142824,15,2025-02-24T16:00:00+08:00,4261228,145044573,False,Wh,SOLAR AND BATTERY DB,0.0
142824,15,2025-02-24T16:15:00+08:00,4261228,145046727,False,Wh,SOLAR AND BATTERY DB,0.0
142824,15,2025-02-24T16:30:00+08:00,4261228,145048668,False,Wh,SOLAR AND BATTERY DB,0.0
142824,15,2025-02-24T16:45:00+08:00,4261228,145050361,False,Wh,SOLAR AND BATTERY DB,0.0
142824,15,2025-02-24T17:00:00+08:00,4261228,145051916,False,Wh,SOLAR AND BATTERY DB,0.0
142824,15,2025-02-24T17:15:00+08:00,4261228,145053643,False,Wh,SOLAR AND BATTERY DB,0.0
142824,15,2025-02-24T17:30:00+08:00,4261228,145055577,False,Wh,SOLAR AND BATTERY DB,0.0
142824,15,2025-02-24T17:45:00+08:00,4261228,145057383,False,Wh,SOLAR AND BATTERY DB,0.0
142824,15,2025-02-24T18:00:00+08:00,4261228,145058955,False,Wh,SOLAR AND BATTERY DB,0.0
142824,15,2025-02-24T18:15:00+08:00,4261228,145060322,False,Wh,SOLAR AND BATTERY DB,0.0
142824,15,2025-02-24T18:30:00+08:00,4261228,145061572,False,Wh,SOLAR AND BATTERY DB,0.0
142824,15,2025-02-24T18:45:00+08:00,4261228,145062755,False,Wh,SOLAR AND BATTERY DB,0.0
142824,15,2025-02-24T19:00:00+08:00,4261228,145063893,False,Wh,SOLAR AND BATTERY DB,0.0
142824,15,2025-02-24T19:15:00+08:00,4261228,145065028,False,Wh,SOLAR AND BATTERY DB,0.0
142824,15,2025-02-24T19:30:00+08:00,4261228,145066168,False,Wh,SOLAR AND BATTERY DB,0.0
142824,15,2025-02-24T19:45:00+08:00,4261228,145067316,False,Wh,SOLAR AND BATTERY DB,0.0
142824,15,2025-02-24T20:00:00+08:00,4261228,145068469,False,Wh,SOLAR AND BATTERY DB,0.0
142824,15,2025-02-24T20:15:00+08:00,4261228,145069624,False,Wh,SOLAR AND BATTERY DB,0.0
142824,15,2025-02-24T20:30:00+08:00,4261228,145070760,False,Wh,SOLAR AND BATTERY DB,0.0
142824,15,2025-02-24T20:45:00+08:00,4261228,145071779,False,Wh,SOLAR AND BATTERY DB,0.0
142824,15,2025-02-24T21:00:00+08:00,4261228,145072659,False,Wh,SOLAR AND BATTERY DB,0.0
142824,15,2025-02-24T21:15:00+08:00,4261228,145073539,False,Wh,SOLAR AND BATTERY DB,0.0
142824,15,2025-02-24T21:30:00+08:00,4261228,145074448,False,Wh,SOLAR AND BATTERY DB,0.0
142824,15,2025-02-24T21:45:00+08:00,4261228,145075343,False,Wh,SOLAR AND BATTERY DB,0.0
142824,15,2025-02-24T22:00:00+08:00,4261228,145076091,False,Wh,SOLAR AND BATTERY DB,0.0
142824,15,2025-02-24T22:15:00+08:00,4261228,145076620,False,Wh,SOLAR AND BATTERY DB,0.0
142824,15,2025-02-24T22:30:00+08:00,4261228,145077135,False,Wh,SOLAR AND BATTERY DB,0.0
142824,15,2025-02-24T22:45:00+08:00,4261228,145077382,False,Wh,SOLAR AND BATTERY DB,0.0
142824,15,2025-02-24T23:00:00+08:00,4261228,145077537,False,Wh,SOLAR AND BATTERY DB,0.0
142824,15,2025-02-24T23:15:00+08:00,4261228,145077692,False,Wh,SOLAR AND BATTERY DB,0.0
142824,15,2025-02-24T23:30:00+08:00,4261228,145077867,False,Wh,SOLAR AND BATTERY DB,0.0
142824,15,2025-02-24T23:45:00+08:00,4261228,145078080,False,Wh,SOLAR AND BATTERY DB,0.0
142824,15,2025-02-25T00:00:00+08:00,4261228,145078249,False,Wh,SOLAR AND BATTERY DB,0.0
142824,15,2025-02-25T00:15:00+08:00,4261228,145078405,False,Wh,SOLAR AND BATTERY DB,0.0
142824,15,2025-02-25T00:30:00+08:00,4261244,145078426,False,Wh,SOLAR AND BATTERY DB,0.0
142824,15,2025-02-25T00:45:00+08:00,4261263,145078426,False,Wh,SOLAR AND BATTERY DB,0.0
142824,15,2025-02-25T01:00:00+08:00,4261283,145078426,False,Wh,SOLAR AND BATTERY DB,0.0
142824,15,2025-02-25T01:15:00+08:00,4261302,145078426,False,Wh,SOLAR AND BATTERY DB,0.0
142824,15,2025-02-25T01:30:00+08:00,4261321,145078426,False,Wh,SOLAR AND BATTERY DB,0.0
142824,15,2025-02-25T01:45:00+08:00,4261341,145078426,False,Wh,SOLAR AND BATTERY DB,0.0
142824,15,2025-02-25T02:00:00+08:00,4261360,145078426,False,Wh,SOLAR AND BATTERY DB,0.0
142824,15,2025-02-25T02:15:00+08:00,4261379,145078426,False,Wh,SOLAR AND BATTERY DB,0.0
142824,15,2025-02-25T02:30:00+08:00,4261398,145078426,False,Wh,SOLAR AND BATTERY DB,0.0
142824,15,2025-02-25T02:45:00+08:00,4261418,145078426,False,Wh,SOLAR AND BATTERY DB,0.0
142824,15,2025-02-25T03:00:00+08:00,4261437,145078426,False,Wh,SOLAR AND BATTERY DB,0.0
142824,15,2025-02-25T03:15:00+08:00,4261456,145078426,False,Wh,SOLAR AND BATTERY DB,0.0
142824,15,2025-02-25T03:30:00+08:00,4261476,145078426,False,Wh,SOLAR AND BATTERY DB,0.0
142824,15,2025-02-25T03:45:00+08:00,4261495,145078426,False,Wh,SOLAR AND BATTERY DB,0.0
142824,15,2025-02-25T04:00:00+08:00,4261514,145078426,False,Wh,SOLAR AND BATTERY DB,0.0
142824,15,2025-02-25T04:15:00+08:00,4261534,145078426,False,Wh,SOLAR AND BATTERY DB,0.0
142824,15,2025-02-25T04:30:00+08:00,4261553,145078426,False,Wh,SOLAR AND BATTERY DB,0.0
142824,15,2025-02-25T04:45:00+08:00,4261572,145078426,False,Wh,SOLAR AND BATTERY DB,0.0
142824,15,2025-02-25T05:00:00+08:00,4261592,145078426,False,Wh,SOLAR AND BATTERY DB,0.0
142824,15,2025-02-25T05:15:00+08:00,4261611,145078426,False,Wh,SOLAR AND BATTERY DB,0.0
142824,15,2025-02-25T05:30:00+08:00,4261630,145078426,False,Wh,SOLAR AND BATTERY DB,0.0
142824,15,2025-02-25T05:45:00+08:00,4261651,145078426,False,Wh,SOLAR AND BATTERY DB,0.0
142824,15,2025-02-25T06:00:00+08:00,4261673,145078426,False,Wh,SOLAR AND BATTERY DB,0.0
142824,15,2025-02-25T06:15:00+08:00,4261689,145078426,False,Wh,SOLAR AND BATTERY DB,0.0
142824,15,2025-02-25T06:30:00+08:00,4261689,145078468,False,Wh,SOLAR AND BATTERY DB,0.0
142824,15,2025-02-25T06:45:00+08:00,4261689,145078600,False,Wh,SOLAR AND BATTERY DB,0.0
142824,15,2025-02-25T07:00:00+08:00,4261689,145078974,False,Wh,SOLAR AND BATTERY DB,0.0
142824,15,2025-02-25T07:15:00+08:00,4261689,145079486,False,Wh,SOLAR AND BATTERY DB,0.0
142824,15,2025-02-25T07:30:00+08:00,4261689,145079967,False,Wh,SOLAR AND BATTERY DB,0.0
142824,15,2025-02-25T07:45:00+08:00,4261689,145080842,False,Wh,SOLAR AND BATTERY DB,0.0
142824,15,2025-02-25T08:00:00+08:00,4261689,145081574,False,Wh,SOLAR AND BATTERY DB,0.0
142824,15,2025-02-25T08:15:00+08:00,4261689,145082609,False,Wh,SOLAR AND BATTERY DB,0.0
142824,15,2025-02-25T08:30:00+08:00,4261689,145083373,False,Wh,SOLAR AND BATTERY DB,0.0
142824,15,2025-02-25T08:45:00+08:00,4261690,145083815,False,Wh,SOLAR AND BATTERY DB,0.0
142824,15,2025-02-25T09:00:00+08:00,4261690,145084650,False,Wh,SOLAR AND BATTERY DB,0.0
142824,15,2025-02-25T09:15:00+08:00,4261690,145085618,False,Wh,SOLAR AND BATTERY DB,0.0
142824,15,2025-02-25T09:30:00+08:00,4261690,145086783,False,Wh,SOLAR AND BATTERY DB,0.0
142824,15,2025-02-25T09:45:00+08:00,4261690,145088099,False,Wh,SOLAR AND BATTERY DB,0.0
142824,15,2025-02-25T10:00:00+08:00,4261690,145089756,False,Wh,SOLAR AND BATTERY DB,0.0
142824,15,2025-02-25T10:15:00+08:00,4261690,145091357,False,Wh,SOLAR AND BATTERY DB,0.0
142824,15,2025-02-25T10:30:00+08:00,4261690,145092981,False,Wh,SOLAR AND BATTERY DB,0.0
142824,15,2025-02-25T10:45:00+08:00,4261690,145094106,False,Wh,SOLAR AND BATTERY DB,0.0
142824,15,2025-02-25T11:00:00+08:00,4261690,145095179,False,Wh,SOLAR AND BATTERY DB,0.0
142824,15,2025-02-25T11:15:00+08:00,4261690,145097238,False,Wh,SOLAR AND BATTERY DB,0.0
142824,15,2025-02-25T11:30:00+08:00,4261690,145099204,False,Wh,SOLAR AND BATTERY DB,0.0
142824,15,2025-02-25T11:45:00+08:00,4261690,145101332,False,Wh,SOLAR AND BATTERY DB,0.0
142824,15,2025-02-25T12:00:00+08:00,4261690,145103732,False,Wh,SOLAR AND BATTERY DB,0.0
142824,15,2025-02-25T12:15:00+08:00,4261690,145105644,False,Wh,SOLAR AND BATTERY DB,0.0
142824,15,2025-02-25T12:30:00+08:00,4261690,145108537,False,Wh,SOLAR AND BATTERY DB,0.0
142824,15,2025-02-25T12:45:00+08:00,4261690,145111132,False,Wh,SOLAR AND BATTERY DB,0.0
142824,15,2025-02-25T13:00:00+08:00,4261690,145113530,False,Wh,SOLAR AND BATTERY DB,0.0
142824,15,2025-02-25T13:15:00+08:00,4261690,145115630,False,Wh,SOLAR AND BATTERY DB,0.0
142824,15,2025-02-25T13:30:00+08:00,4261690,145117108,False,Wh,SOLAR AND BATTERY DB,0.0
142824,15,2025-02-25T13:45:00+08:00,4261690,145119068,False,Wh,SOLAR AND BATTERY DB,0.0
142824,15,2025-02-25T14:00:00+08:00,4261690,145121314,False,Wh,SOLAR AND BATTERY DB,0.0
142824,15,2025-02-25T14:15:00+08:00,4261690,145123194,False,Wh,SOLAR AND BATTERY DB,0.0
142824,15,2025-02-25T14:30:00+08:00,4261690,145125552,False,Wh,SOLAR AND BATTERY DB,0.0
142824,15,2025-02-25T14:45:00+08:00,4261690,145127568,False,Wh,SOLAR AND BATTERY DB,0.0
142824,15,2025-02-25T15:00:00+08:00,4261690,145129063,False,Wh,SOLAR AND BATTERY DB,0.0
142824,15,2025-02-25T15:15:00+08:00,4261690,145131037,False,Wh,SOLAR AND BATTERY DB,0.0
142824,15,2025-02-25T15:30:00+08:00,4261690,145132903,False,Wh,SOLAR AND BATTERY DB,0.0
142824,15,2025-02-25T15:45:00+08:00,4261690,145135028,False,Wh,SOLAR AND BATTERY DB,0.0
142824,15,2025-02-25T16:00:00+08:00,4261690,145136985,False,Wh,SOLAR AND BATTERY DB,0.0
142824,15,2025-02-25T16:15:00+08:00,4261690,145138731,False,Wh,SOLAR AND BATTERY DB,0.0
142824,15,2025-02-25T16:30:00+08:00,4261690,145140780,False,Wh,SOLAR AND BATTERY DB,0.0
142824,15,2025-02-25T16:45:00+08:00,4261690,145142468,False,Wh,SOLAR AND BATTERY DB,0.0
142824,15,2025-02-25T17:00:00+08:00,4261690,145143960,False,Wh,SOLAR AND BATTERY DB,0.0
142824,15,2025-02-25T17:15:00+08:00,4261690,145145549,False,Wh,SOLAR AND BATTERY DB,0.0
142824,15,2025-02-25T17:30:00+08:00,4261690,145147458,False,Wh,SOLAR AND BATTERY DB,0.0
142824,15,2025-02-25T17:45:00+08:00,4261690,145149398,False,Wh,SOLAR AND BATTERY DB,0.0
142824,15,2025-02-25T18:00:00+08:00,4261690,145151008,False,Wh,SOLAR AND BATTERY DB,0.0
142824,15,2025-02-25T18:15:00+08:00,4261690,145152304,False,Wh,SOLAR AND BATTERY DB,0.0
142824,15,2025-02-25T18:30:00+08:00,4261690,145153568,False,Wh,SOLAR AND BATTERY DB,0.0
142824,15,2025-02-25T18:45:00+08:00,4261690,145154743,False,Wh,SOLAR AND BATTERY DB,0.0
142824,15,2025-02-25T19:00:00+08:00,4261690,145155862,False,Wh,SOLAR AND BATTERY DB,0.0
142824,15,2025-02-25T19:15:00+08:00,4261690,145156986,False,Wh,SOLAR AND BATTERY DB,0.0
142824,15,2025-02-25T19:30:00+08:00,4261690,145158114,False,Wh,SOLAR AND BATTERY DB,0.0
142824,15,2025-02-25T19:45:00+08:00,4261690,145159222,False,Wh,SOLAR AND BATTERY DB,0.0
142824,15,2025-02-25T20:00:00+08:00,4261690,145160335,False,Wh,SOLAR AND BATTERY DB,0.0
142824,15,2025-02-25T20:15:00+08:00,4261690,145161456,False,Wh,SOLAR AND BATTERY DB,0.0
142824,15,2025-02-25T20:30:00+08:00,4261690,145162540,False,Wh,SOLAR AND BATTERY DB,0.0
142824,15,2025-02-25T20:45:00+08:00,4261690,145163476,False,Wh,SOLAR AND BATTERY DB,0.0
142824,15,2025-02-25T21:00:00+08:00,4261690,145164348,False,Wh,SOLAR AND BATTERY DB,0.0
142824,15,2025-02-25T21:15:00+08:00,4261690,145165164,False,Wh,SOLAR AND BATTERY DB,0.0
142824,15,2025-02-25T21:30:00+08:00,4261690,145165888,False,Wh,SOLAR AND BATTERY DB,0.0
142824,15,2025-02-25T21:45:00+08:00,4261690,145166607,False,Wh,SOLAR AND BATTERY DB,0.0
142824,15,2025-02-25T22:00:00+08:00,4261690,145167336,False,Wh,SOLAR AND BATTERY DB,0.0
142824,15,2025-02-25T22:15:00+08:00,4261690,145167846,False,Wh,SOLAR AND BATTERY DB,0.0
142824,15,2025-02-25T22:30:00+08:00,4261690,145168153,False,Wh,SOLAR AND BATTERY DB,0.0
142824,15,2025-02-25T22:45:00+08:00,4261690,145168308,False,Wh,SOLAR AND BATTERY DB,0.0
142824,15,2025-02-25T23:00:00+08:00,4261690,145168463,False,Wh,SOLAR AND BATTERY DB,0.0
142824,15,2025-02-25T23:15:00+08:00,4261690,145168618,False,Wh,SOLAR AND BATTERY DB,0.0
142824,15,2025-02-25T23:30:00+08:00,4261694,145168735,False,Wh,SOLAR AND BATTERY DB,0.0
142824,15,2025-02-25T23:45:00+08:00,4261714,145168735,False,Wh,SOLAR AND BATTERY DB,0.0
142824,15,2025-02-26T00:00:00+08:00,4261733,145168735,False,Wh,SOLAR AND BATTERY DB,0.0
142824,15,2025-02-26T00:15:00+08:00,4261752,145168735,False,Wh,SOLAR AND BATTERY DB,0.0
142824,15,2025-02-26T00:30:00+08:00,4261771,145168735,False,Wh,SOLAR AND BATTERY DB,0.0
142824,15,2025-02-26T00:45:00+08:00,4261790,145168735,False,Wh,SOLAR AND BATTERY DB,0.0
142824,15,2025-02-26T01:00:00+08:00,4261810,145168735,False,Wh,SOLAR AND BATTERY DB,0.0
142824,15,2025-02-26T01:15:00+08:00,4261829,145168735,False,Wh,SOLAR AND BATTERY DB,0.0
142824,15,2025-02-26T01:30:00+08:00,4261848,145168735,False,Wh,SOLAR AND BATTERY DB,0.0
142824,15,2025-02-26T01:45:00+08:00,4261868,145168735,False,Wh,SOLAR AND BATTERY DB,0.0
142824,15,2025-02-26T02:00:00+08:00,4261887,145168735,False,Wh,SOLAR AND BATTERY DB,0.0
142824,15,2025-02-26T02:15:00+08:00,4261906,145168735,False,Wh,SOLAR AND BATTERY DB,0.0
142824,15,2025-02-26T02:30:00+08:00,4261925,145168735,False,Wh,SOLAR AND BATTERY DB,0.0
142824,15,2025-02-26T02:45:00+08:00,4261944,145168735,False,Wh,SOLAR AND BATTERY DB,0.0
142824,15,2025-02-26T03:00:00+08:00,4261964,145168735,False,Wh,SOLAR AND BATTERY DB,0.0
142824,15,2025-02-26T03:15:00+08:00,4261983,145168735,False,Wh,SOLAR AND BATTERY DB,0.0
142824,15,2025-02-26T03:30:00+08:00,4262002,145168735,False,Wh,SOLAR AND BATTERY DB,0.0
142824,15,2025-02-26T03:45:00+08:00,4262021,145168735,False,Wh,SOLAR AND BATTERY DB,0.0
142824,15,2025-02-26T04:00:00+08:00,4262041,145168735,False,Wh,SOLAR AND BATTERY DB,0.0
142824,15,2025-02-26T04:15:00+08:00,4262060,145168735,False,Wh,SOLAR AND BATTERY DB,0.0
142824,15,2025-02-26T04:30:00+08:00,4262080,145168735,False,Wh,SOLAR AND BATTERY DB,0.0
142824,15,2025-02-26T04:45:00+08:00,4262099,145168735,False,Wh,SOLAR AND BATTERY DB,0.0
142824,15,2025-02-26T05:00:00+08:00,4262118,145168735,False,Wh,SOLAR AND BATTERY DB,0.0
142824,15,2025-02-26T05:15:00+08:00,4262137,145168735,False,Wh,SOLAR AND BATTERY DB,0.0
142824,15,2025-02-26T05:30:00+08:00,4262157,145168735,False,Wh,SOLAR AND BATTERY DB,0.0
142824,15,2025-02-26T05:45:00+08:00,4262177,145168735,False,Wh,SOLAR AND BATTERY DB,0.0
142824,15,2025-02-26T06:00:00+08:00,4262199,145168735,False,Wh,SOLAR AND BATTERY DB,0.0
142824,15,2025-02-26T06:15:00+08:00,4262218,145168735,False,Wh,SOLAR AND BATTERY DB,0.0
142824,15,2025-02-26T06:30:00+08:00,4262219,145168802,False,Wh,SOLAR AND BATTERY DB,0.0
142824,15,2025-02-26T06:45:00+08:00,4262219,145168970,False,Wh,SOLAR AND BATTERY DB,0.0
142824,15,2025-02-26T07:00:00+08:00,4262219,145169329,False,Wh,SOLAR AND BATTERY DB,0.0
142824,15,2025-02-26T07:15:00+08:00,4262219,145169840,False,Wh,SOLAR AND BATTERY DB,0.0
142824,15,2025-02-26T07:30:00+08:00,4262219,145170176,False,Wh,SOLAR AND BATTERY DB,0.0
142824,15,2025-02-26T07:45:00+08:00,4262219,145170535,False,Wh,SOLAR AND BATTERY DB,0.0
142824,15,2025-02-26T08:00:00+08:00,4262219,145170981,False,Wh,SOLAR AND BATTERY DB,0.0
142824,15,2025-02-26T08:15:00+08:00,4262219,145171537,False,Wh,SOLAR AND BATTERY DB,0.0
142824,15,2025-02-26T08:30:00+08:00,4262219,145172015,False,Wh,SOLAR AND BATTERY DB,0.0
142824,15,2025-02-26T08:45:00+08:00,4262219,145172731,False,Wh,SOLAR AND BATTERY DB,0.0
142824,15,2025-02-26T09:00:00+08:00,4262219,145173883,False,Wh,SOLAR AND BATTERY DB,0.0
142824,15,2025-02-26T09:15:00+08:00,4262219,145175284,False,Wh,SOLAR AND BATTERY DB,0.0
142824,15,2025-02-26T09:30:00+08:00,4262219,145176552,False,Wh,SOLAR AND BATTERY DB,0.0
142824,15,2025-02-26T09:45:00+08:00,4262219,145178012,False,Wh,SOLAR AND BATTERY DB,0.0
142824,15,2025-02-26T10:00:00+08:00,4262219,145179393,False,Wh,SOLAR AND BATTERY DB,0.0
142824,15,2025-02-26T10:15:00+08:00,4262219,145181066,False,Wh,SOLAR AND BATTERY DB,0.0
142824,15,2025-02-26T10:30:00+08:00,4262219,145182270,False,Wh,SOLAR AND BATTERY DB,0.0
142824,15,2025-02-26T10:45:00+08:00,4262219,145183524,False,Wh,SOLAR AND BATTERY DB,0.0
142824,15,2025-02-26T11:00:00+08:00,4262219,145184761,False,Wh,SOLAR AND BATTERY DB,0.0
142824,15,2025-02-26T11:15:00+08:00,4262219,145186552,False,Wh,SOLAR AND BATTERY DB,0.0
142824,15,2025-02-26T11:30:00+08:00,4262219,145187875,False,Wh,SOLAR AND BATTERY DB,0.0
142824,15,2025-02-26T11:45:00+08:00,4262219,145189389,False,Wh,SOLAR AND BATTERY DB,0.0
142824,15,2025-02-26T12:00:00+08:00,4262219,145191777,False,Wh,SOLAR AND BATTERY DB,0.0
142824,15,2025-02-26T12:15:00+08:00,4262219,145193738,False,Wh,SOLAR AND BATTERY DB,0.0
142824,15,2025-02-26T12:30:00+08:00,4262219,145195564,False,Wh,SOLAR AND BATTERY DB,0.0
142824,15,2025-02-26T12:45:00+08:00,4262219,145197484,False,Wh,SOLAR AND BATTERY DB,0.0
142824,15,2025-02-26T13:00:00+08:00,4262219,145199217,False,Wh,SOLAR AND BATTERY DB,0.0
142824,15,2025-02-26T13:15:00+08:00,4262219,145200637,False,Wh,SOLAR AND BATTERY DB,0.0
142824,15,2025-02-26T13:30:00+08:00,4262219,145202494,False,Wh,SOLAR AND BATTERY DB,0.0
142824,15,2025-02-26T13:45:00+08:00,4262219,145204051,False,Wh,SOLAR AND BATTERY DB,0.0
142824,15,2025-02-26T14:00:00+08:00,4262219,145205686,False,Wh,SOLAR AND BATTERY DB,0.0
142824,15,2025-02-26T14:15:00+08:00,4262219,145206928,False,Wh,SOLAR AND BATTERY DB,0.0
142824,15,2025-02-26T14:30:00+08:00,4262219,145208018,False,Wh,SOLAR AND BATTERY DB,0.0
142824,15,2025-02-26T14:45:00+08:00,4262219,145209404,False,Wh,SOLAR AND BATTERY DB,0.0
142824,15,2025-02-26T15:00:00+08:00,4262219,145210938,False,Wh,SOLAR AND BATTERY DB,0.0
142824,15,2025-02-26T15:15:00+08:00,4262219,145212409,False,Wh,SOLAR AND BATTERY DB,0.0
142824,15,2025-02-26T15:30:00+08:00,4262219,145213869,False,Wh,SOLAR AND BATTERY DB,0.0
142824,15,2025-02-26T15:45:00+08:00,4262219,145215305,False,Wh,SOLAR AND BATTERY DB,0.0
142824,15,2025-02-26T16:00:00+08:00,4262219,145217036,False,Wh,SOLAR AND BATTERY DB,0.0
142824,15,2025-02-26T16:15:00+08:00,4262219,145218823,False,Wh,SOLAR AND BATTERY DB,0.0
142824,15,2025-02-26T16:30:00+08:00,4262219,145220618,False,Wh,SOLAR AND BATTERY DB,0.0
142824,15,2025-02-26T16:45:00+08:00,4262219,145222357,False,Wh,SOLAR AND BATTERY DB,0.0
142824,15,2025-02-26T17:00:00+08:00,4262219,145224259,False,Wh,SOLAR AND BATTERY DB,0.0
142824,15,2025-02-26T17:15:00+08:00,4262219,145225931,False,Wh,SOLAR AND BATTERY DB,0.0
142824,15,2025-02-26T17:30:00+08:00,4262219,145227357,False,Wh,SOLAR AND BATTERY DB,0.0
142824,15,2025-02-26T17:45:00+08:00,4262219,145228912,False,Wh,SOLAR AND BATTERY DB,0.0
142824,15,2025-02-26T18:00:00+08:00,4262219,145230243,False,Wh,SOLAR AND BATTERY DB,0.0
142824,15,2025-02-26T18:15:00+08:00,4262219,145231450,False,Wh,SOLAR AND BATTERY DB,0.0
142824,15,2025-02-26T18:30:00+08:00,4262219,145232516,False,Wh,SOLAR AND BATTERY DB,0.0
142824,15,2025-02-26T18:45:00+08:00,4262219,145233527,False,Wh,SOLAR AND BATTERY DB,0.0
142824,15,2025-02-26T19:00:00+08:00,4262219,145234492,False,Wh,SOLAR AND BATTERY DB,0.0
142824,15,2025-02-26T19:15:00+08:00,4262219,145235195,False,Wh,SOLAR AND BATTERY DB,0.0
142824,15,2025-02-26T19:30:00+08:00,4262219,145235622,False,Wh,SOLAR AND BATTERY DB,0.0
142824,15,2025-02-26T19:45:00+08:00,4262219,145235659,False,Wh,SOLAR AND BATTERY DB,0.0
142824,15,2025-02-26T20:00:00+08:00,4262219,145235742,False,Wh,SOLAR AND BATTERY DB,0.0
142824,15,2025-02-26T20:15:00+08:00,4262219,145235825,False,Wh,SOLAR AND BATTERY DB,0.0
142824,15,2025-02-26T20:30:00+08:00,4262226,145235873,False,Wh,SOLAR AND BATTERY DB,0.0
142824,15,2025-02-26T20:45:00+08:00,4262243,145235877,False,Wh,SOLAR AND BATTERY DB,0.0
142824,15,2025-02-26T21:00:00+08:00,4262263,145235877,False,Wh,SOLAR AND BATTERY DB,0.0
142824,15,2025-02-26T21:15:00+08:00,4262282,145235877,False,Wh,SOLAR AND BATTERY DB,0.0
142824,15,2025-02-26T21:30:00+08:00,4262302,145235877,False,Wh,SOLAR AND BATTERY DB,0.0
142824,15,2025-02-26T21:45:00+08:00,4262321,145235877,False,Wh,SOLAR AND BATTERY DB,0.0
142824,15,2025-02-26T22:00:00+08:00,4262341,145235877,False,Wh,SOLAR AND BATTERY DB,0.0
142824,15,2025-02-26T22:15:00+08:00,4262360,145235877,False,Wh,SOLAR AND BATTERY DB,0.0
142824,15,2025-02-26T22:30:00+08:00,4262380,145235877,False,Wh,SOLAR AND BATTERY DB,0.0
142824,15,2025-02-26T22:45:00+08:00,4262400,145235877,False,Wh,SOLAR AND BATTERY DB,0.0
142824,15,2025-02-26T23:00:00+08:00,4262419,145235877,False,Wh,SOLAR AND BATTERY DB,0.0
142824,15,2025-02-26T23:15:00+08:00,4262439,145235877,False,Wh,SOLAR AND BATTERY DB,0.0
142824,15,2025-02-26T23:30:00+08:00,4262458,145235877,False,Wh,SOLAR AND BATTERY DB,0.0
142824,15,2025-02-26T23:45:00+08:00,4262477,145235877,False,Wh,SOLAR AND BATTERY DB,0.0
142824,15,2025-02-27T00:00:00+08:00,4262497,145235877,False,Wh,SOLAR AND BATTERY DB,0.0
142824,15,2025-02-27T00:15:00+08:00,4262516,145235877,False,Wh,SOLAR AND BATTERY DB,0.0
142824,15,2025-02-27T00:30:00+08:00,4262535,145235877,False,Wh,SOLAR AND BATTERY DB,0.0
142824,15,2025-02-27T00:45:00+08:00,4262555,145235877,False,Wh,SOLAR AND BATTERY DB,0.0
142824,15,2025-02-27T01:00:00+08:00,4262574,145235877,False,Wh,SOLAR AND BATTERY DB,0.0
142824,15,2025-02-27T01:15:00+08:00,4262593,145235877,False,Wh,SOLAR AND BATTERY DB,0.0
142824,15,2025-02-27T01:30:00+08:00,4262613,145235877,False,Wh,SOLAR AND BATTERY DB,0.0
142824,15,2025-02-27T01:45:00+08:00,4262632,145235877,False,Wh,SOLAR AND BATTERY DB,0.0
142824,15,2025-02-27T02:00:00+08:00,4262651,145235877,False,Wh,SOLAR AND BATTERY DB,0.0
142824,15,2025-02-27T02:15:00+08:00,4262670,145235877,False,Wh,SOLAR AND BATTERY DB,0.0
142824,15,2025-02-27T02:30:00+08:00,4262690,145235877,False,Wh,SOLAR AND BATTERY DB,0.0
142824,15,2025-02-27T02:45:00+08:00,4262709,145235877,False,Wh,SOLAR AND BATTERY DB,0.0
142824,15,2025-02-27T03:00:00+08:00,4262729,145235877,False,Wh,SOLAR AND BATTERY DB,0.0
142824,15,2025-02-27T03:15:00+08:00,4262749,145235877,False,Wh,SOLAR AND BATTERY DB,0.0
142824,15,2025-02-27T03:30:00+08:00,4262768,145235877,False,Wh,SOLAR AND BATTERY DB,0.0
142824,15,2025-02-27T03:45:00+08:00,4262788,145235877,False,Wh,SOLAR AND BATTERY DB,0.0
142824,15,2025-02-27T04:00:00+08:00,4262808,145235877,False,Wh,SOLAR AND BATTERY DB,0.0
142824,15,2025-02-27T04:15:00+08:00,4262827,145235877,False,Wh,SOLAR AND BATTERY DB,0.0
142824,15,2025-02-27T04:30:00+08:00,4262847,145235877,False,Wh,SOLAR AND BATTERY DB,0.0
142824,15,2025-02-27T04:45:00+08:00,4262867,145235877,False,Wh,SOLAR AND BATTERY DB,0.0
142824,15,2025-02-27T05:00:00+08:00,4262886,145235877,False,Wh,SOLAR AND BATTERY DB,0.0
142824,15,2025-02-27T05:15:00+08:00,4262906,145235877,False,Wh,SOLAR AND BATTERY DB,0.0
142824,15,2025-02-27T05:30:00+08:00,4262925,145235877,False,Wh,SOLAR AND BATTERY DB,0.0
142824,15,2025-02-27T05:45:00+08:00,4262945,145235877,False,Wh,SOLAR AND BATTERY DB,0.0
142824,15,2025-02-27T06:00:00+08:00,4262967,145235877,False,Wh,SOLAR AND BATTERY DB,0.0
142824,15,2025-02-27T06:15:00+08:00,4262988,145235877,False,Wh,SOLAR AND BATTERY DB,0.0
142824,15,2025-02-27T06:30:00+08:00,4262990,145235906,False,Wh,SOLAR AND BATTERY DB,0.0
142824,15,2025-02-27T06:45:00+08:00,4262990,145236027,False,Wh,SOLAR AND BATTERY DB,0.0
142824,15,2025-02-27T07:00:00+08:00,4262990,145236247,False,Wh,SOLAR AND BATTERY DB,0.0
142824,15,2025-02-27T07:15:00+08:00,4262990,145236501,False,Wh,SOLAR AND BATTERY DB,0.0
142824,15,2025-02-27T07:30:00+08:00,4262990,145236839,False,Wh,SOLAR AND BATTERY DB,0.0
142824,15,2025-02-27T07:45:00+08:00,4262990,145237278,False,Wh,SOLAR AND BATTERY DB,0.0
142824,15,2025-02-27T08:00:00+08:00,4262990,145237704,False,Wh,SOLAR AND BATTERY DB,0.0
142824,15,2025-02-27T08:15:00+08:00,4262990,145238121,False,Wh,SOLAR AND BATTERY DB,0.0
142824,15,2025-02-27T08:30:00+08:00,4262990,145238551,False,Wh,SOLAR AND BATTERY DB,0.0
142824,15,2025-02-27T08:45:00+08:00,4262990,145239062,False,Wh,SOLAR AND BATTERY DB,0.0
142824,15,2025-02-27T09:00:00+08:00,4262990,145239850,False,Wh,SOLAR AND BATTERY DB,0.0
142824,15,2025-02-27T09:15:00+08:00,4262990,145240488,False,Wh,SOLAR AND BATTERY DB,0.0
142824,15,2025-02-27T09:30:00+08:00,4262990,145241359,False,Wh,SOLAR AND BATTERY DB,0.0
142824,15,2025-02-27T09:45:00+08:00,4262990,145242376,False,Wh,SOLAR AND BATTERY DB,0.0
142824,15,2025-02-27T10:00:00+08:00,4262990,145243975,False,Wh,SOLAR AND BATTERY DB,0.0
142824,15,2025-02-27T10:15:00+08:00,4262990,145244948,False,Wh,SOLAR AND BATTERY DB,0.0
142824,15,2025-02-27T10:30:00+08:00,4262990,145246031,False,Wh,SOLAR AND BATTERY DB,0.0
142824,15,2025-02-27T10:45:00+08:00,4262990,145248109,False,Wh,SOLAR AND BATTERY DB,0.0
142824,15,2025-02-27T11:00:00+08:00,4262990,145250173,False,Wh,SOLAR AND BATTERY DB,0.0
142824,15,2025-02-27T11:15:00+08:00,4262990,145252095,False,Wh,SOLAR AND BATTERY DB,0.0
142824,15,2025-02-27T11:30:00+08:00,4262990,145254186,False,Wh,SOLAR AND BATTERY DB,0.0
142824,15,2025-02-27T11:45:00+08:00,4262990,145256527,False,Wh,SOLAR AND BATTERY DB,0.0
142824,15,2025-02-27T12:00:00+08:00,4262990,145258138,False,Wh,SOLAR AND BATTERY DB,0.0
142824,15,2025-02-27T12:15:00+08:00,4262990,145259365,False,Wh,SOLAR AND BATTERY DB,0.0
142824,15,2025-02-27T12:30:00+08:00,4262990,145260359,False,Wh,SOLAR AND BATTERY DB,0.0
142824,15,2025-02-27T12:45:00+08:00,4262990,145261005,False,Wh,SOLAR AND BATTERY DB,0.0
142824,15,2025-02-27T13:00:00+08:00,4262990,145261870,False,Wh,SOLAR AND BATTERY DB,0.0
142824,15,2025-02-27T13:15:00+08:00,4262990,145262939,False,Wh,SOLAR AND BATTERY DB,0.0
142824,15,2025-02-27T13:30:00+08:00,4262990,145263853,False,Wh,SOLAR AND BATTERY DB,0.0
142824,15,2025-02-27T13:45:00+08:00,4262990,145264655,False,Wh,SOLAR AND BATTERY DB,0.0
142824,15,2025-02-27T14:00:00+08:00,4262990,145265336,False,Wh,SOLAR AND BATTERY DB,0.0
142824,15,2025-02-27T14:15:00+08:00,4262990,145266112,False,Wh,SOLAR AND BATTERY DB,0.0
142824,15,2025-02-27T14:30:00+08:00,4262990,145267025,False,Wh,SOLAR AND BATTERY DB,0.0
142824,15,2025-02-27T14:45:00+08:00,4262990,145268270,False,Wh,SOLAR AND BATTERY DB,0.0
142824,15,2025-02-27T15:00:00+08:00,4262990,145269030,False,Wh,SOLAR AND BATTERY DB,0.0
142824,15,2025-02-27T15:15:00+08:00,4262990,145270236,False,Wh,SOLAR AND BATTERY DB,0.0
142824,15,2025-02-27T15:30:00+08:00,4262990,145271014,False,Wh,SOLAR AND BATTERY DB,0.0
142824,15,2025-02-27T15:45:00+08:00,4262990,145272302,False,Wh,SOLAR AND BATTERY DB,0.0
142824,15,2025-02-27T16:00:00+08:00,4262990,145273116,False,Wh,SOLAR AND BATTERY DB,0.0
142824,15,2025-02-27T16:15:00+08:00,4262990,145274262,False,Wh,SOLAR AND BATTERY DB,0.0
142824,15,2025-02-27T16:30:00+08:00,4262990,145275071,False,Wh,SOLAR AND BATTERY DB,0.0
142824,15,2025-02-27T16:45:00+08:00,4262990,145276000,False,Wh,SOLAR AND BATTERY DB,0.0
142824,15,2025-02-27T17:00:00+08:00,4262990,145278099,False,Wh,SOLAR AND BATTERY DB,0.0
142824,15,2025-02-27T17:15:00+08:00,4262990,145279905,False,Wh,SOLAR AND BATTERY DB,0.0
142824,15,2025-02-27T17:30:00+08:00,4262990,145281284,False,Wh,SOLAR AND BATTERY DB,0.0
142824,15,2025-02-27T17:45:00+08:00,4262990,145282574,False,Wh,SOLAR AND BATTERY DB,0.0
142824,15,2025-02-27T18:00:00+08:00,4262990,145283796,False,Wh,SOLAR AND BATTERY DB,0.0
142824,15,2025-02-27T18:15:00+08:00,4262990,145285154,False,Wh,SOLAR AND BATTERY DB,0.0
142824,15,2025-02-27T18:30:00+08:00,4262990,145285880,False,Wh,SOLAR AND BATTERY DB,0.0
142824,15,2025-02-27T18:45:00+08:00,4262999,145285919,False,Wh,SOLAR AND BATTERY DB,0.0
142824,15,2025-02-27T19:00:00+08:00,4263020,145285919,False,Wh,SOLAR AND BATTERY DB,0.0
142824,15,2025-02-27T19:15:00+08:00,4263042,145285919,False,Wh,SOLAR AND BATTERY DB,0.0
142824,15,2025-02-27T19:30:00+08:00,4263062,145285919,False,Wh,SOLAR AND BATTERY DB,0.0
142824,15,2025-02-27T19:45:00+08:00,4263081,145285919,False,Wh,SOLAR AND BATTERY DB,0.0
142824,15,2025-02-27T20:00:00+08:00,4263101,145285919,False,Wh,SOLAR AND BATTERY DB,0.0
142824,15,2025-02-27T20:15:00+08:00,4263121,145285919,False,Wh,SOLAR AND BATTERY DB,0.0
142824,15,2025-02-27T20:30:00+08:00,4263140,145285919,False,Wh,SOLAR AND BATTERY DB,0.0
142824,15,2025-02-27T20:45:00+08:00,4263160,145285919,False,Wh,SOLAR AND BATTERY DB,0.0
142824,15,2025-02-27T21:00:00+08:00,4263179,145285919,False,Wh,SOLAR AND BATTERY DB,0.0
142824,15,2025-02-27T21:15:00+08:00,4263199,145285919,False,Wh,SOLAR AND BATTERY DB,0.0
142824,15,2025-02-27T21:30:00+08:00,4263218,145285919,False,Wh,SOLAR AND BATTERY DB,0.0
142824,15,2025-02-27T21:45:00+08:00,4263237,145285919,False,Wh,SOLAR AND BATTERY DB,0.0
142824,15,2025-02-27T22:00:00+08:00,4263257,145285919,False,Wh,SOLAR AND BATTERY DB,0.0
142824,15,2025-02-27T22:15:00+08:00,4263276,145285919,False,Wh,SOLAR AND BATTERY DB,0.0
142824,15,2025-02-27T22:30:00+08:00,4263295,145285919,False,Wh,SOLAR AND BATTERY DB,0.0
142824,15,2025-02-27T22:45:00+08:00,4263314,145285919,False,Wh,SOLAR AND BATTERY DB,0.0
142824,15,2025-02-27T23:00:00+08:00,4263334,145285919,False,Wh,SOLAR AND BATTERY DB,0.0
142824,15,2025-02-27T23:15:00+08:00,4263353,145285919,False,Wh,SOLAR AND BATTERY DB,0.0
142824,15,2025-02-27T23:30:00+08:00,4263372,145285919,False,Wh,SOLAR AND BATTERY DB,0.0
142824,15,2025-02-27T23:45:00+08:00,4263392,145285919,False,Wh,SOLAR AND BATTERY DB,0.0
142824,15,2025-02-28T00:00:00+08:00,4263411,145285919,False,Wh,SOLAR AND BATTERY DB,0.0
142824,15,2025-02-28T00:15:00+08:00,4263430,145285919,False,Wh,SOLAR AND BATTERY DB,0.0
142824,15,2025-02-28T00:30:00+08:00,4263450,145285919,False,Wh,SOLAR AND BATTERY DB,0.0
142824,15,2025-02-28T00:45:00+08:00,4263469,145285919,False,Wh,SOLAR AND BATTERY DB,0.0
142824,15,2025-02-28T01:00:00+08:00,4263489,145285919,False,Wh,SOLAR AND BATTERY DB,0.0
142824,15,2025-02-28T01:15:00+08:00,4263509,145285919,False,Wh,SOLAR AND BATTERY DB,0.0
142824,15,2025-02-28T01:30:00+08:00,4263528,145285919,False,Wh,SOLAR AND BATTERY DB,0.0
142824,15,2025-02-28T01:45:00+08:00,4263548,145285919,False,Wh,SOLAR AND BATTERY DB,0.0
142824,15,2025-02-28T02:00:00+08:00,4263567,145285919,False,Wh,SOLAR AND BATTERY DB,0.0
142824,15,2025-02-28T02:15:00+08:00,4263586,145285919,False,Wh,SOLAR AND BATTERY DB,0.0
142824,15,2025-02-28T02:30:00+08:00,4263605,145285919,False,Wh,SOLAR AND BATTERY DB,0.0
142824,15,2025-02-28T02:45:00+08:00,4263624,145285919,False,Wh,SOLAR AND BATTERY DB,0.0
142824,15,2025-02-28T03:00:00+08:00,4263644,145285919,False,Wh,SOLAR AND BATTERY DB,0.0
142824,15,2025-02-28T03:15:00+08:00,4263663,145285919,False,Wh,SOLAR AND BATTERY DB,0.0
142824,15,2025-02-28T03:30:00+08:00,4263682,145285919,False,Wh,SOLAR AND BATTERY DB,0.0
142824,15,2025-02-28T03:45:00+08:00,4263701,145285919,False,Wh,SOLAR AND BATTERY DB,0.0
142824,15,2025-02-28T04:00:00+08:00,4263721,145285919,False,Wh,SOLAR AND BATTERY DB,0.0
142824,15,2025-02-28T04:15:00+08:00,4263740,145285919,False,Wh,SOLAR AND BATTERY DB,0.0
142824,15,2025-02-28T04:30:00+08:00,4263760,145285919,False,Wh,SOLAR AND BATTERY DB,0.0
142824,15,2025-02-28T04:45:00+08:00,4263779,145285919,False,Wh,SOLAR AND BATTERY DB,0.0
142824,15,2025-02-28T05:00:00+08:00,4263798,145285919,False,Wh,SOLAR AND BATTERY DB,0.0
142824,15,2025-02-28T05:15:00+08:00,4263817,145285919,False,Wh,SOLAR AND BATTERY DB,0.0
142824,15,2025-02-28T05:30:00+08:00,4263836,145285919,False,Wh,SOLAR AND BATTERY DB,0.0
142824,15,2025-02-28T05:45:00+08:00,4263857,145285919,False,Wh,SOLAR AND BATTERY DB,0.0
142824,15,2025-02-28T06:00:00+08:00,4263878,145285919,False,Wh,SOLAR AND BATTERY DB,0.0
142824,15,2025-02-28T06:15:00+08:00,4263897,145285919,False,Wh,SOLAR AND BATTERY DB,0.0
142824,15,2025-02-28T06:30:00+08:00,4263899,145285943,False,Wh,SOLAR AND BATTERY DB,0.0
142824,15,2025-02-28T06:45:00+08:00,4263899,145286042,False,Wh,SOLAR AND BATTERY DB,0.0
142824,15,2025-02-28T07:00:00+08:00,4263899,145286251,False,Wh,SOLAR AND BATTERY DB,0.0
142824,15,2025-02-28T07:15:00+08:00,4263899,145286614,False,Wh,SOLAR AND BATTERY DB,0.0
142824,15,2025-02-28T07:30:00+08:00,4263899,145287164,False,Wh,SOLAR AND BATTERY DB,0.0
142824,15,2025-02-28T07:45:00+08:00,4263899,145287948,False,Wh,SOLAR AND BATTERY DB,0.0
142824,15,2025-02-28T08:00:00+08:00,4263899,145288627,False,Wh,SOLAR AND BATTERY DB,0.0
142824,15,2025-02-28T08:15:00+08:00,4263899,145289406,False,Wh,SOLAR AND BATTERY DB,0.0
142824,15,2025-02-28T09:30:00+08:00,4263900,145289510,False,Wh,SOLAR AND BATTERY DB,0.0
142824,15,2025-02-28T09:45:00+08:00,4263900,145291976,False,Wh,SOLAR AND BATTERY DB,0.0
142824,15,2025-02-28T10:00:00+08:00,4263900,145294433,False,Wh,SOLAR AND BATTERY DB,0.0
142824,15,2025-02-28T10:15:00+08:00,4263900,145295896,False,Wh,SOLAR AND BATTERY DB,0.0
142824,15,2025-02-28T10:30:00+08:00,4263900,145298037,False,Wh,SOLAR AND BATTERY DB,0.0
142824,15,2025-02-28T10:45:00+08:00,4263900,145299961,False,Wh,SOLAR AND BATTERY DB,0.0
142824,15,2025-02-28T11:00:00+08:00,4263900,145301536,False,Wh,SOLAR AND BATTERY DB,0.0
142824,15,2025-02-28T11:15:00+08:00,4263900,145303424,False,Wh,SOLAR AND BATTERY DB,0.0
142824,15,2025-02-28T11:30:00+08:00,4263900,145305466,False,Wh,SOLAR AND BATTERY DB,0.0
142824,15,2025-02-28T11:45:00+08:00,4263900,145307583,False,Wh,SOLAR AND BATTERY DB,0.0
142824,15,2025-02-28T12:00:00+08:00,4263900,145309725,False,Wh,SOLAR AND BATTERY DB,0.0
142824,15,2025-02-28T12:15:00+08:00,4263900,145311935,False,Wh,SOLAR AND BATTERY DB,0.0
142824,15,2025-02-28T12:30:00+08:00,4263900,145314197,False,Wh,SOLAR AND BATTERY DB,0.0
142824,15,2025-02-28T12:45:00+08:00,4263900,145316518,False,Wh,SOLAR AND BATTERY DB,0.0
142824,15,2025-02-28T13:00:00+08:00,4263900,145318870,False,Wh,SOLAR AND BATTERY DB,0.0
142824,15,2025-02-28T13:15:00+08:00,4263900,145321228,False,Wh,SOLAR AND BATTERY DB,0.0
142824,15,2025-02-28T13:30:00+08:00,4263900,145323559,False,Wh,SOLAR AND BATTERY DB,0.0
142824,15,2025-02-28T13:45:00+08:00,4263900,145325935,False,Wh,SOLAR AND BATTERY DB,0.0
142824,15,2025-02-28T14:00:00+08:00,4263900,145328614,False,Wh,SOLAR AND BATTERY DB,0.0
142824,15,2025-02-28T14:15:00+08:00,4263900,145330723,False,Wh,SOLAR AND BATTERY DB,0.0
142824,15,2025-02-28T14:30:00+08:00,4263900,145333542,False,Wh,SOLAR AND BATTERY DB,0.0
142824,15,2025-02-28T14:45:00+08:00,4263900,145336159,False,Wh,SOLAR AND BATTERY DB,0.0
142824,15,2025-02-28T15:00:00+08:00,4263900,145338755,False,Wh,SOLAR AND BATTERY DB,0.0
142824,15,2025-02-28T15:15:00+08:00,4263900,145342166,False,Wh,SOLAR AND BATTERY DB,0.0
142824,15,2025-02-28T15:30:00+08:00,4263900,145344679,False,Wh,SOLAR AND BATTERY DB,0.0
142824,15,2025-02-28T15:45:00+08:00,4263900,145347114,False,Wh,SOLAR AND BATTERY DB,0.0
142824,15,2025-02-28T16:00:00+08:00,4263900,145349982,False,Wh,SOLAR AND BATTERY DB,0.0
142824,15,2025-02-28T16:15:00+08:00,4263900,145353136,False,Wh,SOLAR AND BATTERY DB,0.0
142824,15,2025-02-28T16:30:00+08:00,4263900,145355907,False,Wh,SOLAR AND BATTERY DB,0.0
142824,15,2025-02-28T16:45:00+08:00,4263900,145358443,False,Wh,SOLAR AND BATTERY DB,0.0
142824,15,2025-02-28T17:00:00+08:00,4263900,145360778,False,Wh,SOLAR AND BATTERY DB,0.0
142824,15,2025-02-28T17:15:00+08:00,4263900,145362884,False,Wh,SOLAR AND BATTERY DB,0.0
142824,15,2025-02-28T17:30:00+08:00,4263900,145364764,False,Wh,SOLAR AND BATTERY DB,0.0
142824,15,2025-02-28T17:45:00+08:00,4263900,145366361,False,Wh,SOLAR AND BATTERY DB,0.0
142824,15,2025-02-28T18:00:00+08:00,4263900,145367684,False,Wh,SOLAR AND BATTERY DB,0.0
142824,15,2025-02-28T18:15:00+08:00,4263900,145368957,False,Wh,SOLAR AND BATTERY DB,0.0
142824,15,2025-02-28T18:30:00+08:00,4263900,145370098,False,Wh,SOLAR AND BATTERY DB,0.0
142824,15,2025-02-28T18:45:00+08:00,4263900,145371113,False,Wh,SOLAR AND BATTERY DB,0.0
142824,15,2025-02-28T19:00:00+08:00,4263900,145371949,False,Wh,SOLAR AND BATTERY DB,0.0
142824,15,2025-02-28T19:15:00+08:00,4263900,145372767,False,Wh,SOLAR AND BATTERY DB,0.0
142824,15,2025-02-28T19:30:00+08:00,4263900,145373199,False,Wh,SOLAR AND BATTERY DB,0.0
142824,15,2025-02-28T19:45:00+08:00,4263900,145373294,False,Wh,SOLAR AND BATTERY DB,0.0
142824,15,2025-02-28T20:00:00+08:00,4263900,145373396,False,Wh,SOLAR AND BATTERY DB,0.0
142824,15,2025-02-28T20:15:00+08:00,4263911,145373485,False,Wh,SOLAR AND BATTERY DB,0.0
142824,15,2025-02-28T20:30:00+08:00,4263931,145373485,False,Wh,SOLAR AND BATTERY DB,0.0
142824,15,2025-02-28T20:45:00+08:00,4263951,145373485,False,Wh,SOLAR AND BATTERY DB,0.0
142824,15,2025-02-28T21:00:00+08:00,4263971,145373485,False,Wh,SOLAR AND BATTERY DB,0.0
142824,15,2025-02-28T21:15:00+08:00,4263991,145373485,False,Wh,SOLAR AND BATTERY DB,0.0
142824,15,2025-02-28T21:30:00+08:00,4264011,145373485,False,Wh,SOLAR AND BATTERY DB,0.0
142824,15,2025-02-28T21:45:00+08:00,4264031,145373485,False,Wh,SOLAR AND BATTERY DB,0.0
142824,15,2025-02-28T22:00:00+08:00,4264050,145373485,False,Wh,SOLAR AND BATTERY DB,0.0
142824,15,2025-02-28T22:15:00+08:00,4264070,145373485,False,Wh,SOLAR AND BATTERY DB,0.0
142824,15,2025-02-28T22:30:00+08:00,4264089,145373485,False,Wh,SOLAR AND BATTERY DB,0.0
142824,15,2025-02-28T22:45:00+08:00,4264109,145373485,False,Wh,SOLAR AND BATTERY DB,0.0
142824,15,2025-02-28T23:00:00+08:00,4264128,145373485,False,Wh,SOLAR AND BATTERY DB,0.0
142824,15,2025-02-28T23:15:00+08:00,4264148,145373485,False,Wh,SOLAR AND BATTERY DB,0.0
142824,15,2025-02-28T23:30:00+08:00,4264167,145373485,False,Wh,SOLAR AND BATTERY DB,0.0
142824,15,2025-02-28T23:45:00+08:00,4264187,145373485,False,Wh,SOLAR AND BATTERY DB,0.0
142824,15,2025-03-01T00:00:00+08:00,4264206,145373485,False,Wh,SOLAR AND BATTERY DB,0.0
142824,15,2025-03-01T00:15:00+08:00,4264226,145373485,False,Wh,SOLAR AND BATTERY DB,0.0
142824,15,2025-03-01T00:30:00+08:00,4264246,145373485,False,Wh,SOLAR AND BATTERY DB,0.0
142824,15,2025-03-01T00:45:00+08:00,4264265,145373485,False,Wh,SOLAR AND BATTERY DB,0.0
142824,15,2025-03-01T01:00:00+08:00,4264285,145373485,False,Wh,SOLAR AND BATTERY DB,0.0
142824,15,2025-03-01T01:15:00+08:00,4264304,145373485,False,Wh,SOLAR AND BATTERY DB,0.0
142824,15,2025-03-01T01:30:00+08:00,4264324,145373485,False,Wh,SOLAR AND BATTERY DB,0.0
142824,15,2025-03-01T01:45:00+08:00,4264344,145373485,False,Wh,SOLAR AND BATTERY DB,0.0
142824,15,2025-03-01T02:00:00+08:00,4264363,145373485,False,Wh,SOLAR AND BATTERY DB,0.0
142824,15,2025-03-01T02:15:00+08:00,4264383,145373485,False,Wh,SOLAR AND BATTERY DB,0.0
142824,15,2025-03-01T02:30:00+08:00,4264402,145373485,False,Wh,SOLAR AND BATTERY DB,0.0
142824,15,2025-03-01T02:45:00+08:00,4264422,145373485,False,Wh,SOLAR AND BATTERY DB,0.0
142824,15,2025-03-01T03:00:00+08:00,4264441,145373485,False,Wh,SOLAR AND BATTERY DB,0.0
142824,15,2025-03-01T03:15:00+08:00,4264461,145373485,False,Wh,SOLAR AND BATTERY DB,0.0
142824,15,2025-03-01T03:30:00+08:00,4264480,145373485,False,Wh,SOLAR AND BATTERY DB,0.0
142824,15,2025-03-01T03:45:00+08:00,4264500,145373485,False,Wh,SOLAR AND BATTERY DB,0.0
142824,15,2025-03-01T04:00:00+08:00,4264519,145373485,False,Wh,SOLAR AND BATTERY DB,0.0
142824,15,2025-03-01T04:15:00+08:00,4264539,145373485,False,Wh,SOLAR AND BATTERY DB,0.0
142824,15,2025-03-01T04:30:00+08:00,4264559,145373485,False,Wh,SOLAR AND BATTERY DB,0.0
142824,15,2025-03-01T04:45:00+08:00,4264578,145373485,False,Wh,SOLAR AND BATTERY DB,0.0
142824,15,2025-03-01T05:00:00+08:00,4264598,145373485,False,Wh,SOLAR AND BATTERY DB,0.0
142824,15,2025-03-01T05:15:00+08:00,4264617,145373485,False,Wh,SOLAR AND BATTERY DB,0.0
142824,15,2025-03-01T05:30:00+08:00,4264637,145373485,False,Wh,SOLAR AND BATTERY DB,0.0
142824,15,2025-03-01T05:45:00+08:00,4264658,145373485,False,Wh,SOLAR AND BATTERY DB,0.0
142824,15,2025-03-01T06:00:00+08:00,4264680,145373485,False,Wh,SOLAR AND BATTERY DB,0.0
142824,15,2025-03-01T06:15:00+08:00,4264697,145373485,False,Wh,SOLAR AND BATTERY DB,0.0
142824,15,2025-03-01T06:30:00+08:00,4264698,145373510,False,Wh,SOLAR AND BATTERY DB,0.0
142824,15,2025-03-01T06:45:00+08:00,4264698,145373612,False,Wh,SOLAR AND BATTERY DB,0.0
142824,15,2025-03-01T07:00:00+08:00,4264698,145373824,False,Wh,SOLAR AND BATTERY DB,0.0
142824,15,2025-03-01T07:15:00+08:00,4264698,145374193,False,Wh,SOLAR AND BATTERY DB,0.0
142824,15,2025-03-01T07:30:00+08:00,4264698,145374734,False,Wh,SOLAR AND BATTERY DB,0.0
142824,15,2025-03-01T07:45:00+08:00,4264698,145375517,False,Wh,SOLAR AND BATTERY DB,0.0
142824,15,2025-03-01T08:00:00+08:00,4264698,145376549,False,Wh,SOLAR AND BATTERY DB,0.0
142824,15,2025-03-01T08:15:00+08:00,4264698,145377434,False,Wh,SOLAR AND BATTERY DB,0.0
142824,15,2025-03-01T08:30:00+08:00,4264698,145378895,False,Wh,SOLAR AND BATTERY DB,0.0
142824,15,2025-03-01T08:45:00+08:00,4264698,145380032,False,Wh,SOLAR AND BATTERY DB,0.0
142824,15,2025-03-01T09:00:00+08:00,4264698,145381699,False,Wh,SOLAR AND BATTERY DB,0.0
142824,15,2025-03-01T09:15:00+08:00,4264698,145383314,False,Wh,SOLAR AND BATTERY DB,0.0
142824,15,2025-03-01T09:30:00+08:00,4264698,145385261,False,Wh,SOLAR AND BATTERY DB,0.0
142824,15,2025-03-01T09:45:00+08:00,4264698,145388007,False,Wh,SOLAR AND BATTERY DB,0.0
142824,15,2025-03-01T10:00:00+08:00,4264698,145389750,False,Wh,SOLAR AND BATTERY DB,0.0
142824,15,2025-03-01T10:15:00+08:00,4264698,145391135,False,Wh,SOLAR AND BATTERY DB,0.0
142824,15,2025-03-01T10:30:00+08:00,4264698,145392807,False,Wh,SOLAR AND BATTERY DB,0.0
142824,15,2025-03-01T10:45:00+08:00,4264698,145394637,False,Wh,SOLAR AND BATTERY DB,0.0
142824,15,2025-03-01T11:00:00+08:00,4264698,145396589,False,Wh,SOLAR AND BATTERY DB,0.0
142824,15,2025-03-01T11:15:00+08:00,4264698,145398614,False,Wh,SOLAR AND BATTERY DB,0.0
142824,15,2025-03-01T11:30:00+08:00,4264698,145400836,False,Wh,SOLAR AND BATTERY DB,0.0
142824,15,2025-03-01T11:45:00+08:00,4264698,145403222,False,Wh,SOLAR AND BATTERY DB,0.0
142824,15,2025-03-01T12:00:00+08:00,4264698,145406207,False,Wh,SOLAR AND BATTERY DB,0.0
142824,15,2025-03-01T12:15:00+08:00,4264698,145409336,False,Wh,SOLAR AND BATTERY DB,0.0
142824,15,2025-03-01T12:30:00+08:00,4264698,145412246,False,Wh,SOLAR AND BATTERY DB,0.0
142824,15,2025-03-01T12:45:00+08:00,4264698,145415146,False,Wh,SOLAR AND BATTERY DB,0.0
142824,15,2025-03-01T13:00:00+08:00,4264698,145417810,False,Wh,SOLAR AND BATTERY DB,0.0
142824,15,2025-03-01T13:15:00+08:00,4264698,145419947,False,Wh,SOLAR AND BATTERY DB,0.0
142824,15,2025-03-01T13:30:00+08:00,4264698,145422588,False,Wh,SOLAR AND BATTERY DB,0.0
142824,15,2025-03-01T13:45:00+08:00,4264698,145425502,False,Wh,SOLAR AND BATTERY DB,0.0
142824,15,2025-03-01T14:00:00+08:00,4264698,145427947,False,Wh,SOLAR AND BATTERY DB,0.0
142824,15,2025-03-01T14:15:00+08:00,4264698,145430235,False,Wh,SOLAR AND BATTERY DB,0.0
142824,15,2025-03-01T14:30:00+08:00,4264698,145432726,False,Wh,SOLAR AND BATTERY DB,0.0
142824,15,2025-03-01T14:45:00+08:00,4264698,145435678,False,Wh,SOLAR AND BATTERY DB,0.0
142824,15,2025-03-01T15:00:00+08:00,4264698,145438539,False,Wh,SOLAR AND BATTERY DB,0.0
142824,15,2025-03-01T15:15:00+08:00,4264698,145442333,False,Wh,SOLAR AND BATTERY DB,0.0
142824,15,2025-03-01T15:30:00+08:00,4264698,145445701,False,Wh,SOLAR AND BATTERY DB,0.0
142824,15,2025-03-01T15:45:00+08:00,4264698,145448895,False,Wh,SOLAR AND BATTERY DB,0.0
142824,15,2025-03-01T16:00:00+08:00,4264698,145451893,False,Wh,SOLAR AND BATTERY DB,0.0
142824,15,2025-03-01T16:15:00+08:00,4264698,145454942,False,Wh,SOLAR AND BATTERY DB,0.0
142824,15,2025-03-01T16:30:00+08:00,4264698,145457769,False,Wh,SOLAR AND BATTERY DB,0.0
142824,15,2025-03-01T16:45:00+08:00,4264698,145460313,False,Wh,SOLAR AND BATTERY DB,0.0
142824,15,2025-03-01T17:00:00+08:00,4264698,145462587,False,Wh,SOLAR AND BATTERY DB,0.0
142824,15,2025-03-01T17:15:00+08:00,4264698,145464528,False,Wh,SOLAR AND BATTERY DB,0.0
142824,15,2025-03-01T17:30:00+08:00,4264698,145466199,False,Wh,SOLAR AND BATTERY DB,0.0
142824,15,2025-03-01T17:45:00+08:00,4264698,145467564,False,Wh,SOLAR AND BATTERY DB,0.0
142824,15,2025-03-01T18:00:00+08:00,4264698,145468805,False,Wh,SOLAR AND BATTERY DB,0.0
142824,15,2025-03-01T18:15:00+08:00,4264698,145469798,False,Wh,SOLAR AND BATTERY DB,0.0
142824,15,2025-03-01T18:30:00+08:00,4264698,145470495,False,Wh,SOLAR AND BATTERY DB,0.0
142824,15,2025-03-01T18:45:00+08:00,4264698,145471103,False,Wh,SOLAR AND BATTERY DB,0.0
142824,15,2025-03-01T19:00:00+08:00,4264720,145471103,False,Wh,SOLAR AND BATTERY DB,0.0
142824,15,2025-03-01T19:15:00+08:00,4264742,145471103,False,Wh,SOLAR AND BATTERY DB,0.0
142824,15,2025-03-01T19:30:00+08:00,4264762,145471103,False,Wh,SOLAR AND BATTERY DB,0.0
142824,15,2025-03-01T19:45:00+08:00,4264782,145471103,False,Wh,SOLAR AND BATTERY DB,0.0
142824,15,2025-03-01T20:00:00+08:00,4264802,145471103,False,Wh,SOLAR AND BATTERY DB,0.0
142824,15,2025-03-01T20:15:00+08:00,4264821,145471103,False,Wh,SOLAR AND BATTERY DB,0.0
142824,15,2025-03-01T20:30:00+08:00,4264841,145471103,False,Wh,SOLAR AND BATTERY DB,0.0
142824,15,2025-03-01T20:45:00+08:00,4264861,145471103,False,Wh,SOLAR AND BATTERY DB,0.0
142824,15,2025-03-01T21:00:00+08:00,4264881,145471103,False,Wh,SOLAR AND BATTERY DB,0.0
142824,15,2025-03-01T21:15:00+08:00,4264900,145471103,False,Wh,SOLAR AND BATTERY DB,0.0
142824,15,2025-03-01T21:30:00+08:00,4264920,145471103,False,Wh,SOLAR AND BATTERY DB,0.0
142824,15,2025-03-01T21:45:00+08:00,4264940,145471103,False,Wh,SOLAR AND BATTERY DB,0.0
142824,15,2025-03-01T22:00:00+08:00,4264959,145471103,False,Wh,SOLAR AND BATTERY DB,0.0
142824,15,2025-03-01T22:15:00+08:00,4264979,145471103,False,Wh,SOLAR AND BATTERY DB,0.0
142824,15,2025-03-01T22:30:00+08:00,4264999,145471103,False,Wh,SOLAR AND BATTERY DB,0.0
142824,15,2025-03-01T22:45:00+08:00,4265019,145471103,False,Wh,SOLAR AND BATTERY DB,0.0
142824,15,2025-03-01T23:00:00+08:00,4265038,145471103,False,Wh,SOLAR AND BATTERY DB,0.0
142824,15,2025-03-01T23:15:00+08:00,4265058,145471103,False,Wh,SOLAR AND BATTERY DB,0.0
142824,15,2025-03-01T23:30:00+08:00,4265077,145471103,False,Wh,SOLAR AND BATTERY DB,0.0
142824,15,2025-03-01T23:45:00+08:00,4265097,145471103,False,Wh,SOLAR AND BATTERY DB,0.0
142824,15,2025-03-02T00:00:00+08:00,4265117,145471103,False,Wh,SOLAR AND BATTERY DB,0.0
142824,15,2025-03-02T00:15:00+08:00,4265137,145471103,False,Wh,SOLAR AND BATTERY DB,0.0
142824,15,2025-03-02T00:30:00+08:00,4265156,145471103,False,Wh,SOLAR AND BATTERY DB,0.0
142824,15,2025-03-02T00:45:00+08:00,4265176,145471103,False,Wh,SOLAR AND BATTERY DB,0.0
142824,15,2025-03-02T01:00:00+08:00,4265195,145471103,False,Wh,SOLAR AND BATTERY DB,0.0
142824,15,2025-03-02T01:15:00+08:00,4265215,145471103,False,Wh,SOLAR AND BATTERY DB,0.0
142824,15,2025-03-02T01:30:00+08:00,4265235,145471103,False,Wh,SOLAR AND BATTERY DB,0.0
142824,15,2025-03-02T01:45:00+08:00,4265254,145471103,False,Wh,SOLAR AND BATTERY DB,0.0
142824,15,2025-03-02T02:00:00+08:00,4265274,145471103,False,Wh,SOLAR AND BATTERY DB,0.0
142824,15,2025-03-02T02:15:00+08:00,4265293,145471103,False,Wh,SOLAR AND BATTERY DB,0.0
142824,15,2025-03-02T02:30:00+08:00,4265313,145471103,False,Wh,SOLAR AND BATTERY DB,0.0
142824,15,2025-03-02T02:45:00+08:00,4265332,145471103,False,Wh,SOLAR AND BATTERY DB,0.0
142824,15,2025-03-02T03:00:00+08:00,4265352,145471103,False,Wh,SOLAR AND BATTERY DB,0.0
142824,15,2025-03-02T03:15:00+08:00,4265371,145471103,False,Wh,SOLAR AND BATTERY DB,0.0
142824,15,2025-03-02T03:30:00+08:00,4265391,145471103,False,Wh,SOLAR AND BATTERY DB,0.0
142824,15,2025-03-02T03:45:00+08:00,4265410,145471103,False,Wh,SOLAR AND BATTERY DB,0.0
142824,15,2025-03-02T04:00:00+08:00,4265430,145471103,False,Wh,SOLAR AND BATTERY DB,0.0
142824,15,2025-03-02T04:15:00+08:00,4265450,145471103,False,Wh,SOLAR AND BATTERY DB,0.0
142824,15,2025-03-02T04:30:00+08:00,4265469,145471103,False,Wh,SOLAR AND BATTERY DB,0.0
142824,15,2025-03-02T04:45:00+08:00,4265489,145471103,False,Wh,SOLAR AND BATTERY DB,0.0
142824,15,2025-03-02T05:00:00+08:00,4265508,145471103,False,Wh,SOLAR AND BATTERY DB,0.0
142824,15,2025-03-02T05:15:00+08:00,4265528,145471103,False,Wh,SOLAR AND BATTERY DB,0.0
142824,15,2025-03-02T05:30:00+08:00,4265547,145471103,False,Wh,SOLAR AND BATTERY DB,0.0
142824,15,2025-03-02T05:45:00+08:00,4265568,145471103,False,Wh,SOLAR AND BATTERY DB,0.0
142824,15,2025-03-02T06:00:00+08:00,4265590,145471103,False,Wh,SOLAR AND BATTERY DB,0.0
142824,15,2025-03-02T06:15:00+08:00,4265608,145471103,False,Wh,SOLAR AND BATTERY DB,0.0
142824,15,2025-03-02T06:30:00+08:00,4265610,145471122,False,Wh,SOLAR AND BATTERY DB,0.0
142824,15,2025-03-02T06:45:00+08:00,4265610,145471213,False,Wh,SOLAR AND BATTERY DB,0.0
142824,15,2025-03-02T07:00:00+08:00,4265610,145471414,False,Wh,SOLAR AND BATTERY DB,0.0
142824,15,2025-03-02T07:15:00+08:00,4265610,145471767,False,Wh,SOLAR AND BATTERY DB,0.0
142824,15,2025-03-02T07:30:00+08:00,4265610,145472311,False,Wh,SOLAR AND BATTERY DB,0.0
142824,15,2025-03-02T07:45:00+08:00,4265610,145473052,False,Wh,SOLAR AND BATTERY DB,0.0
142824,15,2025-03-02T08:00:00+08:00,4265610,145473793,False,Wh,SOLAR AND BATTERY DB,0.0
142824,15,2025-03-02T08:15:00+08:00,4265610,145474471,False,Wh,SOLAR AND BATTERY DB,0.0
142824,15,2025-03-02T08:30:00+08:00,4265610,145475667,False,Wh,SOLAR AND BATTERY DB,0.0
142824,15,2025-03-02T08:45:00+08:00,4265610,145476805,False,Wh,SOLAR AND BATTERY DB,0.0
142824,15,2025-03-02T09:00:00+08:00,4265610,145478930,False,Wh,SOLAR AND BATTERY DB,0.0
142824,15,2025-03-02T09:15:00+08:00,4265610,145480202,False,Wh,SOLAR AND BATTERY DB,0.0
142824,15,2025-03-02T09:30:00+08:00,4265610,145481816,False,Wh,SOLAR AND BATTERY DB,0.0
142824,15,2025-03-02T09:45:00+08:00,4265610,145484122,False,Wh,SOLAR AND BATTERY DB,0.0
142824,15,2025-03-02T10:00:00+08:00,4265610,145485272,False,Wh,SOLAR AND BATTERY DB,0.0
142824,15,2025-03-02T10:15:00+08:00,4265610,145486768,False,Wh,SOLAR AND BATTERY DB,0.0
142824,15,2025-03-02T10:30:00+08:00,4265610,145488671,False,Wh,SOLAR AND BATTERY DB,0.0
142824,15,2025-03-02T10:45:00+08:00,4265610,145490349,False,Wh,SOLAR AND BATTERY DB,0.0
142824,15,2025-03-02T11:00:00+08:00,4265610,145492252,False,Wh,SOLAR AND BATTERY DB,0.0
142824,15,2025-03-02T11:15:00+08:00,4265610,145494172,False,Wh,SOLAR AND BATTERY DB,0.0
142824,15,2025-03-02T11:30:00+08:00,4265610,145496562,False,Wh,SOLAR AND BATTERY DB,0.0
142824,15,2025-03-02T11:45:00+08:00,4265610,145498486,False,Wh,SOLAR AND BATTERY DB,0.0
142824,15,2025-03-02T12:00:00+08:00,4265610,145500608,False,Wh,SOLAR AND BATTERY DB,0.0
142824,15,2025-03-02T12:15:00+08:00,4265610,145503041,False,Wh,SOLAR AND BATTERY DB,0.0
142824,15,2025-03-02T12:30:00+08:00,4265610,145505091,False,Wh,SOLAR AND BATTERY DB,0.0
142824,15,2025-03-02T12:45:00+08:00,4265610,145507296,False,Wh,SOLAR AND BATTERY DB,0.0
142824,15,2025-03-02T13:00:00+08:00,4265610,145510286,False,Wh,SOLAR AND BATTERY DB,0.0
142824,15,2025-03-02T13:15:00+08:00,4265610,145513003,False,Wh,SOLAR AND BATTERY DB,0.0
142824,15,2025-03-02T13:30:00+08:00,4265610,145515351,False,Wh,SOLAR AND BATTERY DB,0.0
142824,15,2025-03-02T13:45:00+08:00,4265610,145518344,False,Wh,SOLAR AND BATTERY DB,0.0
142824,15,2025-03-02T14:00:00+08:00,4265610,145521413,False,Wh,SOLAR AND BATTERY DB,0.0
142824,15,2025-03-02T14:15:00+08:00,4265610,145524412,False,Wh,SOLAR AND BATTERY DB,0.0
142824,15,2025-03-02T14:30:00+08:00,4265610,145527333,False,Wh,SOLAR AND BATTERY DB,0.0
142824,15,2025-03-02T14:45:00+08:00,4265610,145530201,False,Wh,SOLAR AND BATTERY DB,0.0
142824,15,2025-03-02T15:00:00+08:00,4265610,145532956,False,Wh,SOLAR AND BATTERY DB,0.0
142824,15,2025-03-02T15:15:00+08:00,4265610,145535581,False,Wh,SOLAR AND BATTERY DB,0.0
142824,15,2025-03-02T15:30:00+08:00,4265610,145538078,False,Wh,SOLAR AND BATTERY DB,0.0
142824,15,2025-03-02T15:45:00+08:00,4265610,145540406,False,Wh,SOLAR AND BATTERY DB,0.0
142824,15,2025-03-02T16:00:00+08:00,4265610,145542543,False,Wh,SOLAR AND BATTERY DB,0.0
142824,15,2025-03-02T16:15:00+08:00,4265610,145544494,False,Wh,SOLAR AND BATTERY DB,0.0
142824,15,2025-03-02T16:30:00+08:00,4265610,145546238,False,Wh,SOLAR AND BATTERY DB,0.0
142824,15,2025-03-02T16:45:00+08:00,4265610,145547762,False,Wh,SOLAR AND BATTERY DB,0.0
142824,15,2025-03-02T17:00:00+08:00,4265610,145549075,False,Wh,SOLAR AND BATTERY DB,0.0
142824,15,2025-03-02T17:15:00+08:00,4265610,145550090,False,Wh,SOLAR AND BATTERY DB,0.0
142824,15,2025-03-02T17:30:00+08:00,4265610,145550805,False,Wh,SOLAR AND BATTERY DB,0.0
142824,15,2025-03-02T17:45:00+08:00,4265610,145551208,False,Wh,SOLAR AND BATTERY DB,0.0
142824,15,2025-03-02T18:00:00+08:00,4265610,145551426,False,Wh,SOLAR AND BATTERY DB,0.0
142824,15,2025-03-02T18:15:00+08:00,4265610,145551587,False,Wh,SOLAR AND BATTERY DB,0.0
142824,15,2025-03-02T18:30:00+08:00,4265610,145551637,False,Wh,SOLAR AND BATTERY DB,0.0
142824,15,2025-03-02T18:45:00+08:00,4265614,145551643,False,Wh,SOLAR AND BATTERY DB,0.0
142824,15,2025-03-02T19:00:00+08:00,4265636,145551643,False,Wh,SOLAR AND BATTERY DB,0.0
142824,15,2025-03-02T19:15:00+08:00,4265659,145551643,False,Wh,SOLAR AND BATTERY DB,0.0
142824,15,2025-03-02T19:30:00+08:00,4265680,145551643,False,Wh,SOLAR AND BATTERY DB,0.0
142824,15,2025-03-02T19:45:00+08:00,4265700,145551643,False,Wh,SOLAR AND BATTERY DB,0.0
142824,15,2025-03-02T20:00:00+08:00,4265721,145551643,False,Wh,SOLAR AND BATTERY DB,0.0
142824,15,2025-03-02T20:15:00+08:00,4265741,145551643,False,Wh,SOLAR AND BATTERY DB,0.0
142824,15,2025-03-02T20:30:00+08:00,4265761,145551643,False,Wh,SOLAR AND BATTERY DB,0.0
142824,15,2025-03-02T20:45:00+08:00,4265781,145551643,False,Wh,SOLAR AND BATTERY DB,0.0
142824,15,2025-03-02T21:00:00+08:00,4265801,145551643,False,Wh,SOLAR AND BATTERY DB,0.0
142824,15,2025-03-02T21:15:00+08:00,4265822,145551643,False,Wh,SOLAR AND BATTERY DB,0.0
142824,15,2025-03-02T21:30:00+08:00,4265842,145551643,False,Wh,SOLAR AND BATTERY DB,0.0
142824,15,2025-03-02T21:45:00+08:00,4265862,145551643,False,Wh,SOLAR AND BATTERY DB,0.0
142824,15,2025-03-02T22:00:00+08:00,4265882,145551643,False,Wh,SOLAR AND BATTERY DB,0.0
142824,15,2025-03-02T22:15:00+08:00,4265902,145551643,False,Wh,SOLAR AND BATTERY DB,0.0
142824,15,2025-03-02T22:30:00+08:00,4265923,145551643,False,Wh,SOLAR AND BATTERY DB,0.0
142824,15,2025-03-02T22:45:00+08:00,4265943,145551643,False,Wh,SOLAR AND BATTERY DB,0.0
142824,15,2025-03-02T23:00:00+08:00,4265963,145551643,False,Wh,SOLAR AND BATTERY DB,0.0
142824,15,2025-03-02T23:15:00+08:00,4265982,145551643,False,Wh,SOLAR AND BATTERY DB,0.0
142824,15,2025-03-02T23:30:00+08:00,4266002,145551643,False,Wh,SOLAR AND BATTERY DB,0.0
142824,15,2025-03-02T23:45:00+08:00,4266022,145551643,False,Wh,SOLAR AND BATTERY DB,0.0
142824,15,2025-03-03T00:00:00+08:00,4266042,145551643,False,Wh,SOLAR AND BATTERY DB,0.0
142824,15,2025-03-03T00:15:00+08:00,4266061,145551643,False,Wh,SOLAR AND BATTERY DB,0.0
142824,15,2025-03-03T00:30:00+08:00,4266081,145551643,False,Wh,SOLAR AND BATTERY DB,0.0
142824,15,2025-03-03T00:45:00+08:00,4266100,145551643,False,Wh,SOLAR AND BATTERY DB,0.0
142824,15,2025-03-03T01:00:00+08:00,4266120,145551643,False,Wh,SOLAR AND BATTERY DB,0.0
142824,15,2025-03-03T01:15:00+08:00,4266139,145551643,False,Wh,SOLAR AND BATTERY DB,0.0
142824,15,2025-03-03T01:30:00+08:00,4266159,145551643,False,Wh,SOLAR AND BATTERY DB,0.0
142824,15,2025-03-03T01:45:00+08:00,4266178,145551643,False,Wh,SOLAR AND BATTERY DB,0.0
142824,15,2025-03-03T02:00:00+08:00,4266198,145551643,False,Wh,SOLAR AND BATTERY DB,0.0
142824,15,2025-03-03T02:15:00+08:00,4266217,145551643,False,Wh,SOLAR AND BATTERY DB,0.0
142824,15,2025-03-03T02:30:00+08:00,4266237,145551643,False,Wh,SOLAR AND BATTERY DB,0.0
142824,15,2025-03-03T02:45:00+08:00,4266256,145551643,False,Wh,SOLAR AND BATTERY DB,0.0
142824,15,2025-03-03T03:00:00+08:00,4266276,145551643,False,Wh,SOLAR AND BATTERY DB,0.0
142824,15,2025-03-03T03:15:00+08:00,4266296,145551643,False,Wh,SOLAR AND BATTERY DB,0.0
142824,15,2025-03-03T03:30:00+08:00,4266315,145551643,False,Wh,SOLAR AND BATTERY DB,0.0
142824,15,2025-03-03T03:45:00+08:00,4266335,145551643,False,Wh,SOLAR AND BATTERY DB,0.0
142824,15,2025-03-03T04:00:00+08:00,4266354,145551643,False,Wh,SOLAR AND BATTERY DB,0.0
142824,15,2025-03-03T04:15:00+08:00,4266374,145551643,False,Wh,SOLAR AND BATTERY DB,0.0
142824,15,2025-03-03T04:30:00+08:00,4266393,145551643,False,Wh,SOLAR AND BATTERY DB,0.0
142824,15,2025-03-03T04:45:00+08:00,4266413,145551643,False,Wh,SOLAR AND BATTERY DB,0.0
142824,15,2025-03-03T05:00:00+08:00,4266433,145551643,False,Wh,SOLAR AND BATTERY DB,0.0
142824,15,2025-03-03T05:15:00+08:00,4266452,145551643,False,Wh,SOLAR AND BATTERY DB,0.0
142824,15,2025-03-03T05:30:00+08:00,4266471,145551643,False,Wh,SOLAR AND BATTERY DB,0.0
142824,15,2025-03-03T05:45:00+08:00,4266492,145551643,False,Wh,SOLAR AND BATTERY DB,0.0
142824,15,2025-03-03T06:00:00+08:00,4266513,145551643,False,Wh,SOLAR AND BATTERY DB,0.0
142824,15,2025-03-03T06:15:00+08:00,4266533,145551643,False,Wh,SOLAR AND BATTERY DB,0.0
142824,15,2025-03-03T06:30:00+08:00,4266538,145551652,False,Wh,SOLAR AND BATTERY DB,0.0
142824,15,2025-03-03T06:45:00+08:00,4266538,145551721,False,Wh,SOLAR AND BATTERY DB,0.0
142824,15,2025-03-03T07:00:00+08:00,4266538,145551856,False,Wh,SOLAR AND BATTERY DB,0.0
142824,15,2025-03-03T07:15:00+08:00,4266538,145552035,False,Wh,SOLAR AND BATTERY DB,0.0
142824,15,2025-03-03T07:30:00+08:00,4266538,145552307,False,Wh,SOLAR AND BATTERY DB,0.0
142824,15,2025-03-03T07:45:00+08:00,4266538,145553082,False,Wh,SOLAR AND BATTERY DB,0.0
142824,15,2025-03-03T08:00:00+08:00,4266538,145554028,False,Wh,SOLAR AND BATTERY DB,0.0
142824,15,2025-03-03T08:15:00+08:00,4266538,145554860,False,Wh,SOLAR AND BATTERY DB,0.0
142824,15,2025-03-03T08:30:00+08:00,4266538,145556041,False,Wh,SOLAR AND BATTERY DB,0.0
142824,15,2025-03-03T08:45:00+08:00,4266538,145557137,False,Wh,SOLAR AND BATTERY DB,0.0
142824,15,2025-03-03T09:00:00+08:00,4266538,145559052,False,Wh,SOLAR AND BATTERY DB,0.0
142824,15,2025-03-03T09:15:00+08:00,4266538,145561343,False,Wh,SOLAR AND BATTERY DB,0.0
142824,15,2025-03-03T09:30:00+08:00,4266538,145563654,False,Wh,SOLAR AND BATTERY DB,0.0
142824,15,2025-03-03T09:45:00+08:00,4266538,145565989,False,Wh,SOLAR AND BATTERY DB,0.0
142824,15,2025-03-03T10:00:00+08:00,4266538,145568640,False,Wh,SOLAR AND BATTERY DB,0.0
142824,15,2025-03-03T10:15:00+08:00,4266538,145571434,False,Wh,SOLAR AND BATTERY DB,0.0
142824,15,2025-03-03T10:30:00+08:00,4266538,145574337,False,Wh,SOLAR AND BATTERY DB,0.0
142824,15,2025-03-03T10:45:00+08:00,4266538,145577378,False,Wh,SOLAR AND BATTERY DB,0.0
142824,15,2025-03-03T11:00:00+08:00,4266538,145580519,False,Wh,SOLAR AND BATTERY DB,0.0
142824,15,2025-03-03T11:15:00+08:00,4266538,145583757,False,Wh,SOLAR AND BATTERY DB,0.0
142824,15,2025-03-03T11:30:00+08:00,4266538,145587049,False,Wh,SOLAR AND BATTERY DB,0.0
142824,15,2025-03-03T11:45:00+08:00,4266538,145590389,False,Wh,SOLAR AND BATTERY DB,0.0
142824,15,2025-03-03T12:00:00+08:00,4266538,145593799,False,Wh,SOLAR AND BATTERY DB,0.0
142824,15,2025-03-03T12:15:00+08:00,4266538,145597228,False,Wh,SOLAR AND BATTERY DB,0.0
142824,15,2025-03-03T12:30:00+08:00,4266538,145600691,False,Wh,SOLAR AND BATTERY DB,0.0
142824,15,2025-03-03T12:45:00+08:00,4266538,145604122,False,Wh,SOLAR AND BATTERY DB,0.0
142824,15,2025-03-03T13:00:00+08:00,4266538,145607556,False,Wh,SOLAR AND BATTERY DB,0.0
142824,15,2025-03-03T13:15:00+08:00,4266538,145610868,False,Wh,SOLAR AND BATTERY DB,0.0
142824,15,2025-03-03T13:30:00+08:00,4266538,145614278,False,Wh,SOLAR AND BATTERY DB,0.0
142824,15,2025-03-03T13:45:00+08:00,4266538,145617442,False,Wh,SOLAR AND BATTERY DB,0.0
142824,15,2025-03-03T14:00:00+08:00,4266538,145620628,False,Wh,SOLAR AND BATTERY DB,0.0
142824,15,2025-03-03T14:15:00+08:00,4266538,145623784,False,Wh,SOLAR AND BATTERY DB,0.0
142824,15,2025-03-03T14:30:00+08:00,4266538,145626829,False,Wh,SOLAR AND BATTERY DB,0.0
142824,15,2025-03-03T14:45:00+08:00,4266538,145629772,False,Wh,SOLAR AND BATTERY DB,0.0
142824,15,2025-03-03T15:00:00+08:00,4266538,145632319,False,Wh,SOLAR AND BATTERY DB,0.0
142824,15,2025-03-03T15:15:00+08:00,4266538,145635041,False,Wh,SOLAR AND BATTERY DB,0.0
142824,15,2025-03-03T15:30:00+08:00,4266538,145637550,False,Wh,SOLAR AND BATTERY DB,0.0
142824,15,2025-03-03T15:45:00+08:00,4266538,145639552,False,Wh,SOLAR AND BATTERY DB,0.0
142824,15,2025-03-03T16:00:00+08:00,4266538,145641864,False,Wh,SOLAR AND BATTERY DB,0.0
142824,15,2025-03-03T16:15:00+08:00,4266538,145643808,False,Wh,SOLAR AND BATTERY DB,0.0
142824,15,2025-03-03T16:30:00+08:00,4266538,145645367,False,Wh,SOLAR AND BATTERY DB,0.0
142824,15,2025-03-03T16:45:00+08:00,4266538,145646098,False,Wh,SOLAR AND BATTERY DB,0.0
142824,15,2025-03-03T17:00:00+08:00,4266538,145647503,False,Wh,SOLAR AND BATTERY DB,0.0
142824,15,2025-03-03T17:15:00+08:00,4266538,145647744,False,Wh,SOLAR AND BATTERY DB,0.0
142824,15,2025-03-03T17:30:00+08:00,4266538,145648217,False,Wh,SOLAR AND BATTERY DB,0.0
142824,15,2025-03-03T17:45:00+08:00,4266538,145648805,False,Wh,SOLAR AND BATTERY DB,0.0
142824,15,2025-03-03T18:00:00+08:00,4266538,145649130,False,Wh,SOLAR AND BATTERY DB,0.0
142824,15,2025-03-03T18:15:00+08:00,4266538,145649363,False,Wh,SOLAR AND BATTERY DB,0.0
142824,15,2025-03-03T18:30:00+08:00,4266538,145649467,False,Wh,SOLAR AND BATTERY DB,0.0
142824,15,2025-03-03T18:45:00+08:00,4266543,145649484,False,Wh,SOLAR AND BATTERY DB,0.0
142824,15,2025-03-03T19:00:00+08:00,4266565,145649484,False,Wh,SOLAR AND BATTERY DB,0.0
142824,15,2025-03-03T19:15:00+08:00,4266587,145649484,False,Wh,SOLAR AND BATTERY DB,0.0
142824,15,2025-03-03T19:30:00+08:00,4266607,145649484,False,Wh,SOLAR AND BATTERY DB,0.0
142824,15,2025-03-03T19:45:00+08:00,4266627,145649484,False,Wh,SOLAR AND BATTERY DB,0.0
142824,15,2025-03-03T20:00:00+08:00,4266647,145649484,False,Wh,SOLAR AND BATTERY DB,0.0
142824,15,2025-03-03T20:15:00+08:00,4266667,145649484,False,Wh,SOLAR AND BATTERY DB,0.0
142824,15,2025-03-03T20:30:00+08:00,4266687,145649484,False,Wh,SOLAR AND BATTERY DB,0.0
142824,15,2025-03-03T20:45:00+08:00,4266707,145649484,False,Wh,SOLAR AND BATTERY DB,0.0
142824,15,2025-03-03T21:00:00+08:00,4266726,145649484,False,Wh,SOLAR AND BATTERY DB,0.0
142824,15,2025-03-03T21:15:00+08:00,4266746,145649484,False,Wh,SOLAR AND BATTERY DB,0.0
142824,15,2025-03-03T21:30:00+08:00,4266765,145649484,False,Wh,SOLAR AND BATTERY DB,0.0
142824,15,2025-03-03T21:45:00+08:00,4266785,145649484,False,Wh,SOLAR AND BATTERY DB,0.0
142824,15,2025-03-03T22:00:00+08:00,4266805,145649484,False,Wh,SOLAR AND BATTERY DB,0.0
142824,15,2025-03-03T22:15:00+08:00,4266825,145649484,False,Wh,SOLAR AND BATTERY DB,0.0
142824,15,2025-03-03T22:30:00+08:00,4266844,145649484,False,Wh,SOLAR AND BATTERY DB,0.0
142824,15,2025-03-03T22:45:00+08:00,4266863,145649484,False,Wh,SOLAR AND BATTERY DB,0.0
142824,15,2025-03-03T23:00:00+08:00,4266883,145649484,False,Wh,SOLAR AND BATTERY DB,0.0
142824,15,2025-03-03T23:15:00+08:00,4266902,145649484,False,Wh,SOLAR AND BATTERY DB,0.0
142824,15,2025-03-03T23:30:00+08:00,4266922,145649484,False,Wh,SOLAR AND BATTERY DB,0.0
142824,15,2025-03-03T23:45:00+08:00,4266942,145649484,False,Wh,SOLAR AND BATTERY DB,0.0
142825,15,2025-02-22T00:00:00+08:00,19097661,0,False,Wh,202,0.0
142825,15,2025-02-22T00:15:00+08:00,19097688,0,False,Wh,202,0.0
142825,15,2025-02-22T00:30:00+08:00,19097713,0,False,Wh,202,0.0
142825,15,2025-02-22T00:45:00+08:00,19097734,0,False,Wh,202,0.0
142825,15,2025-02-22T01:00:00+08:00,19097749,0,False,Wh,202,0.0
142825,15,2025-02-22T01:15:00+08:00,19097774,0,False,Wh,202,0.0
142825,15,2025-02-22T01:30:00+08:00,19097800,0,False,Wh,202,0.0
142825,15,2025-02-22T01:45:00+08:00,19097822,0,False,Wh,202,0.0
142825,15,2025-02-22T02:00:00+08:00,19097833,0,False,Wh,202,0.0
142825,15,2025-02-22T02:15:00+08:00,19097856,0,False,Wh,202,0.0
142825,15,2025-02-22T02:30:00+08:00,19097881,0,False,Wh,202,0.0
142825,15,2025-02-22T02:45:00+08:00,19097904,0,False,Wh,202,0.0
142825,15,2025-02-22T03:00:00+08:00,19097919,0,False,Wh,202,0.0
142825,15,2025-02-22T03:15:00+08:00,19097939,0,False,Wh,202,0.0
142825,15,2025-02-22T03:30:00+08:00,19097964,0,False,Wh,202,0.0
142825,15,2025-02-22T03:45:00+08:00,19097991,0,False,Wh,202,0.0
142825,15,2025-02-22T04:00:00+08:00,19098011,0,False,Wh,202,0.0
142825,15,2025-02-22T04:15:00+08:00,19098027,0,False,Wh,202,0.0
142825,15,2025-02-22T04:30:00+08:00,19098053,0,False,Wh,202,0.0
142825,15,2025-02-22T04:45:00+08:00,19098080,0,False,Wh,202,0.0
142825,15,2025-02-22T05:00:00+08:00,19098104,0,False,Wh,202,0.0
142825,15,2025-02-22T05:15:00+08:00,19098116,0,False,Wh,202,0.0
142825,15,2025-02-22T05:30:00+08:00,19098138,0,False,Wh,202,0.0
142825,15,2025-02-22T05:45:00+08:00,19098162,0,False,Wh,202,0.0
142825,15,2025-02-22T06:00:00+08:00,19098186,0,False,Wh,202,0.0
142825,15,2025-02-22T06:15:00+08:00,19098201,0,False,Wh,202,0.0
142825,15,2025-02-22T06:30:00+08:00,19098215,0,False,Wh,202,0.0
142825,15,2025-02-22T06:45:00+08:00,19098239,0,False,Wh,202,0.0
142825,15,2025-02-22T07:00:00+08:00,19098263,0,False,Wh,202,0.0
142825,15,2025-02-22T07:15:00+08:00,19098283,0,False,Wh,202,0.0
142825,15,2025-02-22T07:30:00+08:00,19098294,0,False,Wh,202,0.0
142825,15,2025-02-22T07:45:00+08:00,19098314,0,False,Wh,202,0.0
142825,15,2025-02-22T08:00:00+08:00,19098368,0,False,Wh,202,0.0
142825,15,2025-02-22T08:15:00+08:00,19098546,0,False,Wh,202,0.0
142825,15,2025-02-22T08:30:00+08:00,19098669,0,False,Wh,202,0.0
142825,15,2025-02-22T08:45:00+08:00,19098724,0,False,Wh,202,0.0
142825,15,2025-02-22T09:00:00+08:00,19098779,0,False,Wh,202,0.0
142825,15,2025-02-22T09:15:00+08:00,19098829,0,False,Wh,202,0.0
142825,15,2025-02-22T09:30:00+08:00,19099325,0,False,Wh,202,0.0
142825,15,2025-02-22T09:45:00+08:00,19099422,0,False,Wh,202,0.0
142825,15,2025-02-22T10:00:00+08:00,19099479,0,False,Wh,202,0.0
142825,15,2025-02-22T10:15:00+08:00,19099534,0,False,Wh,202,0.0
142825,15,2025-02-22T10:30:00+08:00,19099630,0,False,Wh,202,0.0
142825,15,2025-02-22T10:45:00+08:00,19099737,0,False,Wh,202,0.0
142825,15,2025-02-22T11:00:00+08:00,19099856,0,False,Wh,202,0.0
142825,15,2025-02-22T11:15:00+08:00,19099943,0,False,Wh,202,0.0
142825,15,2025-02-22T11:30:00+08:00,19100001,0,False,Wh,202,0.0
142825,15,2025-02-22T11:45:00+08:00,19100043,0,False,Wh,202,0.0
142825,15,2025-02-22T12:00:00+08:00,19100085,0,False,Wh,202,0.0
142825,15,2025-02-22T12:15:00+08:00,19100568,0,False,Wh,202,0.0
142825,15,2025-02-22T12:30:00+08:00,19100639,0,False,Wh,202,0.0
142825,15,2025-02-22T12:45:00+08:00,19100669,0,False,Wh,202,0.0
142825,15,2025-02-22T13:00:00+08:00,19100685,0,False,Wh,202,0.0
142825,15,2025-02-22T13:15:00+08:00,19100706,0,False,Wh,202,0.0
142825,15,2025-02-22T13:30:00+08:00,19101036,0,False,Wh,202,0.0
142825,15,2025-02-22T13:45:00+08:00,19101226,0,False,Wh,202,0.0
142825,15,2025-02-22T14:00:00+08:00,19101443,0,False,Wh,202,0.0
142825,15,2025-02-22T14:15:00+08:00,19101654,0,False,Wh,202,0.0
142825,15,2025-02-22T14:30:00+08:00,19101686,0,False,Wh,202,0.0
142825,15,2025-02-22T14:45:00+08:00,19101718,0,False,Wh,202,0.0
142825,15,2025-02-22T15:00:00+08:00,19101757,0,False,Wh,202,0.0
142825,15,2025-02-22T15:15:00+08:00,19102134,0,False,Wh,202,0.0
142825,15,2025-02-22T15:30:00+08:00,19102153,0,False,Wh,202,0.0
142825,15,2025-02-22T15:45:00+08:00,19102183,0,False,Wh,202,0.0
142825,15,2025-02-22T16:00:00+08:00,19102215,0,False,Wh,202,0.0
142825,15,2025-02-22T16:15:00+08:00,19102246,0,False,Wh,202,0.0
142825,15,2025-02-22T16:30:00+08:00,19102270,0,False,Wh,202,0.0
142825,15,2025-02-22T16:45:00+08:00,19102301,0,False,Wh,202,0.0
142825,15,2025-02-22T17:00:00+08:00,19102332,0,False,Wh,202,0.0
142825,15,2025-02-22T17:15:00+08:00,19102354,0,False,Wh,202,0.0
142825,15,2025-02-22T17:30:00+08:00,19102379,0,False,Wh,202,0.0
142825,15,2025-02-22T17:45:00+08:00,19102441,0,False,Wh,202,0.0
142825,15,2025-02-22T18:00:00+08:00,19102570,0,False,Wh,202,0.0
142825,15,2025-02-22T18:15:00+08:00,19102682,0,False,Wh,202,0.0
142825,15,2025-02-22T18:30:00+08:00,19102745,0,False,Wh,202,0.0
142825,15,2025-02-22T18:45:00+08:00,19102809,0,False,Wh,202,0.0
142825,15,2025-02-22T19:00:00+08:00,19102872,0,False,Wh,202,0.0
142825,15,2025-02-22T19:15:00+08:00,19102928,0,False,Wh,202,0.0
142825,15,2025-02-22T19:30:00+08:00,19102995,0,False,Wh,202,0.0
142825,15,2025-02-22T19:45:00+08:00,19103099,0,False,Wh,202,0.0
142825,15,2025-02-22T20:00:00+08:00,19103202,0,False,Wh,202,0.0
142825,15,2025-02-22T20:15:00+08:00,19103290,0,False,Wh,202,0.0
142825,15,2025-02-22T20:30:00+08:00,19103404,0,False,Wh,202,0.0
142825,15,2025-02-22T20:45:00+08:00,19103522,0,False,Wh,202,0.0
142825,15,2025-02-22T21:00:00+08:00,19103592,0,False,Wh,202,0.0
142825,15,2025-02-22T21:15:00+08:00,19103660,0,False,Wh,202,0.0
142825,15,2025-02-22T21:30:00+08:00,19103788,0,False,Wh,202,0.0
142825,15,2025-02-22T21:45:00+08:00,19104162,0,False,Wh,202,0.0
142825,15,2025-02-22T22:00:00+08:00,19104222,0,False,Wh,202,0.0
142825,15,2025-02-22T22:15:00+08:00,19104298,0,False,Wh,202,0.0
142825,15,2025-02-22T22:30:00+08:00,19104373,0,False,Wh,202,0.0
142825,15,2025-02-22T22:45:00+08:00,19104459,0,False,Wh,202,0.0
142825,15,2025-02-22T23:00:00+08:00,19104535,0,False,Wh,202,0.0
142825,15,2025-02-22T23:15:00+08:00,19104596,0,False,Wh,202,0.0
142825,15,2025-02-22T23:30:00+08:00,19104683,0,False,Wh,202,0.0
142825,15,2025-02-22T23:45:00+08:00,19104761,0,False,Wh,202,0.0
142825,15,2025-02-23T00:00:00+08:00,19104834,0,False,Wh,202,0.0
142825,15,2025-02-23T00:15:00+08:00,19104910,0,False,Wh,202,0.0
142825,15,2025-02-23T00:30:00+08:00,19105401,0,False,Wh,202,0.0
142825,15,2025-02-23T00:45:00+08:00,19105835,0,False,Wh,202,0.0
142825,15,2025-02-23T01:00:00+08:00,19105860,0,False,Wh,202,0.0
142825,15,2025-02-23T01:15:00+08:00,19105888,0,False,Wh,202,0.0
142825,15,2025-02-23T01:30:00+08:00,19105914,0,False,Wh,202,0.0
142825,15,2025-02-23T01:45:00+08:00,19105933,0,False,Wh,202,0.0
142825,15,2025-02-23T02:00:00+08:00,19105952,0,False,Wh,202,0.0
142825,15,2025-02-23T02:15:00+08:00,19105977,0,False,Wh,202,0.0
142825,15,2025-02-23T02:30:00+08:00,19106001,0,False,Wh,202,0.0
142825,15,2025-02-23T02:45:00+08:00,19106019,0,False,Wh,202,0.0
142825,15,2025-02-23T03:00:00+08:00,19106034,0,False,Wh,202,0.0
142825,15,2025-02-23T03:15:00+08:00,19106058,0,False,Wh,202,0.0
142825,15,2025-02-23T03:30:00+08:00,19106089,0,False,Wh,202,0.0
142825,15,2025-02-23T03:45:00+08:00,19106118,0,False,Wh,202,0.0
142825,15,2025-02-23T04:00:00+08:00,19106136,0,False,Wh,202,0.0
142825,15,2025-02-23T04:15:00+08:00,19106166,0,False,Wh,202,0.0
142825,15,2025-02-23T04:30:00+08:00,19106198,0,False,Wh,202,0.0
142825,15,2025-02-23T04:45:00+08:00,19106229,0,False,Wh,202,0.0
142825,15,2025-02-23T05:00:00+08:00,19106252,0,False,Wh,202,0.0
142825,15,2025-02-23T05:15:00+08:00,19106275,0,False,Wh,202,0.0
142825,15,2025-02-23T05:30:00+08:00,19106307,0,False,Wh,202,0.0
142825,15,2025-02-23T05:45:00+08:00,19106338,0,False,Wh,202,0.0
142825,15,2025-02-23T06:00:00+08:00,19106366,0,False,Wh,202,0.0
142825,15,2025-02-23T06:15:00+08:00,19106384,0,False,Wh,202,0.0
142825,15,2025-02-23T06:30:00+08:00,19106409,0,False,Wh,202,0.0
142825,15,2025-02-23T06:45:00+08:00,19106440,0,False,Wh,202,0.0
142825,15,2025-02-23T07:00:00+08:00,19106470,0,False,Wh,202,0.0
142825,15,2025-02-23T07:15:00+08:00,19106494,0,False,Wh,202,0.0
142825,15,2025-02-23T07:30:00+08:00,19106512,0,False,Wh,202,0.0
142825,15,2025-02-23T07:45:00+08:00,19106540,0,False,Wh,202,0.0
142825,15,2025-02-23T08:00:00+08:00,19106570,0,False,Wh,202,0.0
142825,15,2025-02-23T08:15:00+08:00,19106600,0,False,Wh,202,0.0
142825,15,2025-02-23T08:30:00+08:00,19106621,0,False,Wh,202,0.0
142825,15,2025-02-23T08:45:00+08:00,19106640,0,False,Wh,202,0.0
142825,15,2025-02-23T09:00:00+08:00,19106772,0,False,Wh,202,0.0
142825,15,2025-02-23T09:15:00+08:00,19107535,0,False,Wh,202,0.0
142825,15,2025-02-23T09:30:00+08:00,19107737,0,False,Wh,202,0.0
142825,15,2025-02-23T09:45:00+08:00,19107830,0,False,Wh,202,0.0
142825,15,2025-02-23T10:00:00+08:00,19107859,0,False,Wh,202,0.0
142825,15,2025-02-23T10:15:00+08:00,19107973,0,False,Wh,202,0.0
142825,15,2025-02-23T10:30:00+08:00,19108081,0,False,Wh,202,0.0
142825,15,2025-02-23T10:45:00+08:00,19108560,0,False,Wh,202,0.0
142825,15,2025-02-23T11:00:00+08:00,19108651,0,False,Wh,202,0.0
142825,15,2025-02-23T11:15:00+08:00,19108706,0,False,Wh,202,0.0
142825,15,2025-02-23T11:30:00+08:00,19109152,0,False,Wh,202,0.0
142825,15,2025-02-23T11:45:00+08:00,19109211,0,False,Wh,202,0.0
142825,15,2025-02-23T12:00:00+08:00,19109251,0,False,Wh,202,0.0
142825,15,2025-02-23T12:15:00+08:00,19109302,0,False,Wh,202,0.0
142825,15,2025-02-23T12:30:00+08:00,19109547,0,False,Wh,202,0.0
142825,15,2025-02-23T12:45:00+08:00,19110033,0,False,Wh,202,0.0
142825,15,2025-02-23T13:00:00+08:00,19110528,0,False,Wh,202,0.0
142825,15,2025-02-23T13:15:00+08:00,19110940,0,False,Wh,202,0.0
142825,15,2025-02-23T13:30:00+08:00,19111019,0,False,Wh,202,0.0
142825,15,2025-02-23T13:45:00+08:00,19111056,0,False,Wh,202,0.0
142825,15,2025-02-23T14:00:00+08:00,19111082,0,False,Wh,202,0.0
142825,15,2025-02-23T14:15:00+08:00,19111113,0,False,Wh,202,0.0
142825,15,2025-02-23T14:30:00+08:00,19111158,0,False,Wh,202,0.0
142825,15,2025-02-23T14:45:00+08:00,19111218,0,False,Wh,202,0.0
142825,15,2025-02-23T15:00:00+08:00,19111268,0,False,Wh,202,0.0
142825,15,2025-02-23T15:15:00+08:00,19111322,0,False,Wh,202,0.0
142825,15,2025-02-23T15:30:00+08:00,19111396,0,False,Wh,202,0.0
142825,15,2025-02-23T15:45:00+08:00,19111473,0,False,Wh,202,0.0
142825,15,2025-02-23T16:00:00+08:00,19111542,0,False,Wh,202,0.0
142825,15,2025-02-23T16:15:00+08:00,19111757,0,False,Wh,202,0.0
142825,15,2025-02-23T16:30:00+08:00,19112301,0,False,Wh,202,0.0
142825,15,2025-02-23T16:45:00+08:00,19112779,0,False,Wh,202,0.0
142825,15,2025-02-23T17:00:00+08:00,19113209,0,False,Wh,202,0.0
142825,15,2025-02-23T17:15:00+08:00,19113646,0,False,Wh,202,0.0
142825,15,2025-02-23T17:30:00+08:00,19114078,0,False,Wh,202,0.0
142825,15,2025-02-23T17:45:00+08:00,19114508,0,False,Wh,202,0.0
142825,15,2025-02-23T18:00:00+08:00,19114897,0,False,Wh,202,0.0
142825,15,2025-02-23T18:15:00+08:00,19115625,0,False,Wh,202,0.0
142825,15,2025-02-23T18:30:00+08:00,19116016,0,False,Wh,202,0.0
142825,15,2025-02-23T18:45:00+08:00,19116233,0,False,Wh,202,0.0
142825,15,2025-02-23T19:00:00+08:00,19116496,0,False,Wh,202,0.0
142825,15,2025-02-23T19:15:00+08:00,19116769,0,False,Wh,202,0.0
142825,15,2025-02-23T19:30:00+08:00,19116852,0,False,Wh,202,0.0
142825,15,2025-02-23T19:45:00+08:00,19117191,0,False,Wh,202,0.0
142825,15,2025-02-23T20:00:00+08:00,19117490,0,False,Wh,202,0.0
142825,15,2025-02-23T20:15:00+08:00,19118184,0,False,Wh,202,0.0
142825,15,2025-02-23T20:30:00+08:00,19118501,0,False,Wh,202,0.0
142825,15,2025-02-23T20:45:00+08:00,19118557,0,False,Wh,202,0.0
142825,15,2025-02-23T21:00:00+08:00,19118612,0,False,Wh,202,0.0
142825,15,2025-02-23T21:15:00+08:00,19118669,0,False,Wh,202,0.0
142825,15,2025-02-23T21:30:00+08:00,19118745,0,False,Wh,202,0.0
142825,15,2025-02-23T21:45:00+08:00,19119168,0,False,Wh,202,0.0
142825,15,2025-02-23T22:00:00+08:00,19119262,0,False,Wh,202,0.0
142825,15,2025-02-23T22:15:00+08:00,19119470,0,False,Wh,202,0.0
142825,15,2025-02-23T22:30:00+08:00,19119496,0,False,Wh,202,0.0
142825,15,2025-02-23T22:45:00+08:00,19119529,0,False,Wh,202,0.0
142825,15,2025-02-23T23:00:00+08:00,19119572,0,False,Wh,202,0.0
142825,15,2025-02-23T23:15:00+08:00,19119610,0,False,Wh,202,0.0
142825,15,2025-02-23T23:30:00+08:00,19119631,0,False,Wh,202,0.0
142825,15,2025-02-23T23:45:00+08:00,19119673,0,False,Wh,202,0.0
142825,15,2025-02-24T00:00:00+08:00,19119714,0,False,Wh,202,0.0
142825,15,2025-02-24T00:15:00+08:00,19119748,0,False,Wh,202,0.0
142825,15,2025-02-24T00:30:00+08:00,19119775,0,False,Wh,202,0.0
142825,15,2025-02-24T00:45:00+08:00,19119820,0,False,Wh,202,0.0
142825,15,2025-02-24T01:00:00+08:00,19119861,0,False,Wh,202,0.0
142825,15,2025-02-24T01:15:00+08:00,19119890,0,False,Wh,202,0.0
142825,15,2025-02-24T01:30:00+08:00,19119925,0,False,Wh,202,0.0
142825,15,2025-02-24T01:45:00+08:00,19119970,0,False,Wh,202,0.0
142825,15,2025-02-24T02:00:00+08:00,19120008,0,False,Wh,202,0.0
142825,15,2025-02-24T02:15:00+08:00,19120030,0,False,Wh,202,0.0
142825,15,2025-02-24T02:30:00+08:00,19120069,0,False,Wh,202,0.0
142825,15,2025-02-24T02:45:00+08:00,19120111,0,False,Wh,202,0.0
142825,15,2025-02-24T03:00:00+08:00,19120147,0,False,Wh,202,0.0
142825,15,2025-02-24T03:15:00+08:00,19120165,0,False,Wh,202,0.0
142825,15,2025-02-24T03:30:00+08:00,19120209,0,False,Wh,202,0.0
142825,15,2025-02-24T03:45:00+08:00,19120250,0,False,Wh,202,0.0
142825,15,2025-02-24T04:00:00+08:00,19120697,0,False,Wh,202,0.0
142825,15,2025-02-24T04:15:00+08:00,19120751,0,False,Wh,202,0.0
142825,15,2025-02-24T04:30:00+08:00,19120794,0,False,Wh,202,0.0
142825,15,2025-02-24T04:45:00+08:00,19120835,0,False,Wh,202,0.0
142825,15,2025-02-24T05:00:00+08:00,19120865,0,False,Wh,202,0.0
142825,15,2025-02-24T05:15:00+08:00,19120890,0,False,Wh,202,0.0
142825,15,2025-02-24T05:30:00+08:00,19120934,0,False,Wh,202,0.0
142825,15,2025-02-24T05:45:00+08:00,19120973,0,False,Wh,202,0.0
142825,15,2025-02-24T06:00:00+08:00,19121232,0,False,Wh,202,0.0
142825,15,2025-02-24T06:15:00+08:00,19121633,0,False,Wh,202,0.0
142825,15,2025-02-24T06:30:00+08:00,19121707,0,False,Wh,202,0.0
142825,15,2025-02-24T06:45:00+08:00,19121744,0,False,Wh,202,0.0
142825,15,2025-02-24T07:00:00+08:00,19122135,0,False,Wh,202,0.0
142825,15,2025-02-24T07:15:00+08:00,19122197,0,False,Wh,202,0.0
142825,15,2025-02-24T07:30:00+08:00,19122221,0,False,Wh,202,0.0
142825,15,2025-02-24T07:45:00+08:00,19122243,0,False,Wh,202,0.0
142825,15,2025-02-24T08:00:00+08:00,19122258,0,False,Wh,202,0.0
142825,15,2025-02-24T08:15:00+08:00,19122272,0,False,Wh,202,0.0
142825,15,2025-02-24T08:30:00+08:00,19122295,0,False,Wh,202,0.0
142825,15,2025-02-24T08:45:00+08:00,19122318,0,False,Wh,202,0.0
142825,15,2025-02-24T09:00:00+08:00,19122335,0,False,Wh,202,0.0
142825,15,2025-02-24T09:15:00+08:00,19122345,0,False,Wh,202,0.0
142825,15,2025-02-24T09:30:00+08:00,19122366,0,False,Wh,202,0.0
142825,15,2025-02-24T09:45:00+08:00,19122389,0,False,Wh,202,0.0
142825,15,2025-02-24T10:00:00+08:00,19122412,0,False,Wh,202,0.0
142825,15,2025-02-24T10:15:00+08:00,19122423,0,False,Wh,202,0.0
142825,15,2025-02-24T10:30:00+08:00,19122436,0,False,Wh,202,0.0
142825,15,2025-02-24T10:45:00+08:00,19122459,0,False,Wh,202,0.0
142825,15,2025-02-24T11:00:00+08:00,19122482,0,False,Wh,202,0.0
142825,15,2025-02-24T11:15:00+08:00,19122501,0,False,Wh,202,0.0
142825,15,2025-02-24T11:30:00+08:00,19122511,0,False,Wh,202,0.0
142825,15,2025-02-24T11:45:00+08:00,19122529,0,False,Wh,202,0.0
142825,15,2025-02-24T12:00:00+08:00,19122552,0,False,Wh,202,0.0
142825,15,2025-02-24T12:15:00+08:00,19122575,0,False,Wh,202,0.0
142825,15,2025-02-24T12:30:00+08:00,19122590,0,False,Wh,202,0.0
142825,15,2025-02-24T12:45:00+08:00,19122600,0,False,Wh,202,0.0
142825,15,2025-02-24T13:00:00+08:00,19122621,0,False,Wh,202,0.0
142825,15,2025-02-24T13:15:00+08:00,19122645,0,False,Wh,202,0.0
142825,15,2025-02-24T13:30:00+08:00,19122667,0,False,Wh,202,0.0
142825,15,2025-02-24T13:45:00+08:00,19122678,0,False,Wh,202,0.0
142825,15,2025-02-24T14:00:00+08:00,19122692,0,False,Wh,202,0.0
142825,15,2025-02-24T14:15:00+08:00,19122714,0,False,Wh,202,0.0
142825,15,2025-02-24T14:30:00+08:00,19122738,0,False,Wh,202,0.0
142825,15,2025-02-24T14:45:00+08:00,19122757,0,False,Wh,202,0.0
142825,15,2025-02-24T15:00:00+08:00,19122768,0,False,Wh,202,0.0
142825,15,2025-02-24T15:15:00+08:00,19122785,0,False,Wh,202,0.0
142825,15,2025-02-24T15:30:00+08:00,19122808,0,False,Wh,202,0.0
142825,15,2025-02-24T15:45:00+08:00,19122831,0,False,Wh,202,0.0
142825,15,2025-02-24T16:00:00+08:00,19122847,0,False,Wh,202,0.0
142825,15,2025-02-24T16:15:00+08:00,19122858,0,False,Wh,202,0.0
142825,15,2025-02-24T16:30:00+08:00,19122881,0,False,Wh,202,0.0
142825,15,2025-02-24T16:45:00+08:00,19122904,0,False,Wh,202,0.0
142825,15,2025-02-24T17:00:00+08:00,19122927,0,False,Wh,202,0.0
142825,15,2025-02-24T17:15:00+08:00,19122939,0,False,Wh,202,0.0
142825,15,2025-02-24T17:30:00+08:00,19123098,0,False,Wh,202,0.0
142825,15,2025-02-24T17:45:00+08:00,19123665,0,False,Wh,202,0.0
142825,15,2025-02-24T18:00:00+08:00,19123705,0,False,Wh,202,0.0
142825,15,2025-02-24T18:15:00+08:00,19124049,0,False,Wh,202,0.0
142825,15,2025-02-24T18:30:00+08:00,19124297,0,False,Wh,202,0.0
142825,15,2025-02-24T18:45:00+08:00,19124515,0,False,Wh,202,0.0
142825,15,2025-02-24T19:00:00+08:00,19125369,0,False,Wh,202,0.0
142825,15,2025-02-24T19:15:00+08:00,19125848,0,False,Wh,202,0.0
142825,15,2025-02-24T19:30:00+08:00,19125948,0,False,Wh,202,0.0
142825,15,2025-02-24T19:45:00+08:00,19126172,0,False,Wh,202,0.0
142825,15,2025-02-24T20:00:00+08:00,19126894,0,False,Wh,202,0.0
142825,15,2025-02-24T20:15:00+08:00,19127210,0,False,Wh,202,0.0
142825,15,2025-02-24T20:30:00+08:00,19127508,0,False,Wh,202,0.0
142825,15,2025-02-24T20:45:00+08:00,19127726,0,False,Wh,202,0.0
142825,15,2025-02-24T21:00:00+08:00,19127805,0,False,Wh,202,0.0
142825,15,2025-02-24T21:15:00+08:00,19128097,0,False,Wh,202,0.0
142825,15,2025-02-24T21:30:00+08:00,19129135,0,False,Wh,202,0.0
142825,15,2025-02-24T21:45:00+08:00,19129587,0,False,Wh,202,0.0
142825,15,2025-02-24T22:00:00+08:00,19129632,0,False,Wh,202,0.0
142825,15,2025-02-24T22:15:00+08:00,19129883,0,False,Wh,202,0.0
142825,15,2025-02-24T22:30:00+08:00,19129981,0,False,Wh,202,0.0
142825,15,2025-02-24T22:45:00+08:00,19130012,0,False,Wh,202,0.0
142825,15,2025-02-24T23:00:00+08:00,19130036,0,False,Wh,202,0.0
142825,15,2025-02-24T23:15:00+08:00,19130067,0,False,Wh,202,0.0
142825,15,2025-02-24T23:30:00+08:00,19130097,0,False,Wh,202,0.0
142825,15,2025-02-24T23:45:00+08:00,19130126,0,False,Wh,202,0.0
142825,15,2025-02-25T00:00:00+08:00,19130147,0,False,Wh,202,0.0
142825,15,2025-02-25T00:15:00+08:00,19130176,0,False,Wh,202,0.0
142825,15,2025-02-25T00:30:00+08:00,19130207,0,False,Wh,202,0.0
142825,15,2025-02-25T00:45:00+08:00,19130236,0,False,Wh,202,0.0
142825,15,2025-02-25T01:00:00+08:00,19130258,0,False,Wh,202,0.0
142825,15,2025-02-25T01:15:00+08:00,19130286,0,False,Wh,202,0.0
142825,15,2025-02-25T01:30:00+08:00,19130317,0,False,Wh,202,0.0
142825,15,2025-02-25T01:45:00+08:00,19130348,0,False,Wh,202,0.0
142825,15,2025-02-25T02:00:00+08:00,19130370,0,False,Wh,202,0.0
142825,15,2025-02-25T02:15:00+08:00,19130395,0,False,Wh,202,0.0
142825,15,2025-02-25T02:30:00+08:00,19130426,0,False,Wh,202,0.0
142825,15,2025-02-25T02:45:00+08:00,19130456,0,False,Wh,202,0.0
142825,15,2025-02-25T03:00:00+08:00,19130482,0,False,Wh,202,0.0
142825,15,2025-02-25T03:15:00+08:00,19130502,0,False,Wh,202,0.0
142825,15,2025-02-25T03:30:00+08:00,19130532,0,False,Wh,202,0.0
142825,15,2025-02-25T03:45:00+08:00,19130562,0,False,Wh,202,0.0
142825,15,2025-02-25T04:00:00+08:00,19130591,0,False,Wh,202,0.0
142825,15,2025-02-25T04:15:00+08:00,19130609,0,False,Wh,202,0.0
142825,15,2025-02-25T04:30:00+08:00,19130636,0,False,Wh,202,0.0
142825,15,2025-02-25T04:45:00+08:00,19130666,0,False,Wh,202,0.0
142825,15,2025-02-25T05:00:00+08:00,19130696,0,False,Wh,202,0.0
142825,15,2025-02-25T05:15:00+08:00,19130720,0,False,Wh,202,0.0
142825,15,2025-02-25T05:30:00+08:00,19130742,0,False,Wh,202,0.0
142825,15,2025-02-25T05:45:00+08:00,19130981,0,False,Wh,202,0.0
142825,15,2025-02-25T06:00:00+08:00,19131018,0,False,Wh,202,0.0
142825,15,2025-02-25T06:15:00+08:00,19131052,0,False,Wh,202,0.0
142825,15,2025-02-25T06:30:00+08:00,19131077,0,False,Wh,202,0.0
142825,15,2025-02-25T06:45:00+08:00,19131108,0,False,Wh,202,0.0
142825,15,2025-02-25T07:00:00+08:00,19131144,0,False,Wh,202,0.0
142825,15,2025-02-25T07:15:00+08:00,19131179,0,False,Wh,202,0.0
142825,15,2025-02-25T07:30:00+08:00,19131205,0,False,Wh,202,0.0
142825,15,2025-02-25T07:45:00+08:00,19131235,0,False,Wh,202,0.0
142825,15,2025-02-25T08:00:00+08:00,19131266,0,False,Wh,202,0.0
142825,15,2025-02-25T08:15:00+08:00,19131476,0,False,Wh,202,0.0
142825,15,2025-02-25T08:30:00+08:00,19131786,0,False,Wh,202,0.0
142825,15,2025-02-25T08:45:00+08:00,19131806,0,False,Wh,202,0.0
142825,15,2025-02-25T09:00:00+08:00,19131835,0,False,Wh,202,0.0
142825,15,2025-02-25T09:15:00+08:00,19131866,0,False,Wh,202,0.0
142825,15,2025-02-25T09:30:00+08:00,19131894,0,False,Wh,202,0.0
142825,15,2025-02-25T09:45:00+08:00,19131913,0,False,Wh,202,0.0
142825,15,2025-02-25T10:00:00+08:00,19131937,0,False,Wh,202,0.0
142825,15,2025-02-25T10:15:00+08:00,19131969,0,False,Wh,202,0.0
142825,15,2025-02-25T10:30:00+08:00,19132122,0,False,Wh,202,0.0
142825,15,2025-02-25T10:45:00+08:00,19132144,0,False,Wh,202,0.0
142825,15,2025-02-25T11:00:00+08:00,19132165,0,False,Wh,202,0.0
142825,15,2025-02-25T11:15:00+08:00,19132190,0,False,Wh,202,0.0
142825,15,2025-02-25T11:30:00+08:00,19132214,0,False,Wh,202,0.0
142825,15,2025-02-25T11:45:00+08:00,19132231,0,False,Wh,202,0.0
142825,15,2025-02-25T12:00:00+08:00,19132244,0,False,Wh,202,0.0
142825,15,2025-02-25T12:15:00+08:00,19132268,0,False,Wh,202,0.0
142825,15,2025-02-25T12:30:00+08:00,19132294,0,False,Wh,202,0.0
142825,15,2025-02-25T12:45:00+08:00,19132318,0,False,Wh,202,0.0
142825,15,2025-02-25T13:00:00+08:00,19132334,0,False,Wh,202,0.0
142825,15,2025-02-25T13:15:00+08:00,19132350,0,False,Wh,202,0.0
142825,15,2025-02-25T13:30:00+08:00,19132374,0,False,Wh,202,0.0
142825,15,2025-02-25T13:45:00+08:00,19132450,0,False,Wh,202,0.0
142825,15,2025-02-25T14:00:00+08:00,19132473,0,False,Wh,202,0.0
142825,15,2025-02-25T14:15:00+08:00,19132485,0,False,Wh,202,0.0
142825,15,2025-02-25T14:30:00+08:00,19132508,0,False,Wh,202,0.0
142825,15,2025-02-25T14:45:00+08:00,19132535,0,False,Wh,202,0.0
142825,15,2025-02-25T15:00:00+08:00,19132559,0,False,Wh,202,0.0
142825,15,2025-02-25T15:15:00+08:00,19132585,0,False,Wh,202,0.0
142825,15,2025-02-25T15:30:00+08:00,19132606,0,False,Wh,202,0.0
142825,15,2025-02-25T15:45:00+08:00,19133309,0,False,Wh,202,0.0
142825,15,2025-02-25T16:00:00+08:00,19133479,0,False,Wh,202,0.0
142825,15,2025-02-25T16:15:00+08:00,19133501,0,False,Wh,202,0.0
142825,15,2025-02-25T16:30:00+08:00,19133513,0,False,Wh,202,0.0
142825,15,2025-02-25T16:45:00+08:00,19133531,0,False,Wh,202,0.0
142825,15,2025-02-25T17:00:00+08:00,19133555,0,False,Wh,202,0.0
142825,15,2025-02-25T17:15:00+08:00,19133578,0,False,Wh,202,0.0
142825,15,2025-02-25T17:30:00+08:00,19133596,0,False,Wh,202,0.0
142825,15,2025-02-25T17:45:00+08:00,19133609,0,False,Wh,202,0.0
142825,15,2025-02-25T18:00:00+08:00,19133632,0,False,Wh,202,0.0
142825,15,2025-02-25T18:15:00+08:00,19133656,0,False,Wh,202,0.0
142825,15,2025-02-25T18:30:00+08:00,19133678,0,False,Wh,202,0.0
142825,15,2025-02-25T18:45:00+08:00,19133691,0,False,Wh,202,0.0
142825,15,2025-02-25T19:00:00+08:00,19133708,0,False,Wh,202,0.0
142825,15,2025-02-25T19:15:00+08:00,19133732,0,False,Wh,202,0.0
142825,15,2025-02-25T19:30:00+08:00,19133755,0,False,Wh,202,0.0
142825,15,2025-02-25T19:45:00+08:00,19133774,0,False,Wh,202,0.0
142825,15,2025-02-25T20:00:00+08:00,19133785,0,False,Wh,202,0.0
142825,15,2025-02-25T20:15:00+08:00,19133807,0,False,Wh,202,0.0
142825,15,2025-02-25T20:30:00+08:00,19133831,0,False,Wh,202,0.0
142825,15,2025-02-25T20:45:00+08:00,19133853,0,False,Wh,202,0.0
142825,15,2025-02-25T21:00:00+08:00,19133868,0,False,Wh,202,0.0
142825,15,2025-02-25T21:15:00+08:00,19133883,0,False,Wh,202,0.0
142825,15,2025-02-25T21:30:00+08:00,19133906,0,False,Wh,202,0.0
142825,15,2025-02-25T21:45:00+08:00,19133934,0,False,Wh,202,0.0
142825,15,2025-02-25T22:00:00+08:00,19134321,0,False,Wh,202,0.0
142825,15,2025-02-25T22:15:00+08:00,19134734,0,False,Wh,202,0.0
142825,15,2025-02-25T22:30:00+08:00,19134765,0,False,Wh,202,0.0
142825,15,2025-02-25T22:45:00+08:00,19134798,0,False,Wh,202,0.0
142825,15,2025-02-25T23:00:00+08:00,19134831,0,False,Wh,202,0.0
142825,15,2025-02-25T23:15:00+08:00,19134852,0,False,Wh,202,0.0
142825,15,2025-02-25T23:30:00+08:00,19134885,0,False,Wh,202,0.0
142825,15,2025-02-25T23:45:00+08:00,19134919,0,False,Wh,202,0.0
142825,15,2025-02-26T00:00:00+08:00,19134951,0,False,Wh,202,0.0
142825,15,2025-02-26T00:15:00+08:00,19134973,0,False,Wh,202,0.0
142825,15,2025-02-26T00:30:00+08:00,19135001,0,False,Wh,202,0.0
142825,15,2025-02-26T00:45:00+08:00,19135033,0,False,Wh,202,0.0
142825,15,2025-02-26T01:00:00+08:00,19135065,0,False,Wh,202,0.0
142825,15,2025-02-26T01:15:00+08:00,19135090,0,False,Wh,202,0.0
142825,15,2025-02-26T01:30:00+08:00,19135112,0,False,Wh,202,0.0
142825,15,2025-02-26T01:45:00+08:00,19135142,0,False,Wh,202,0.0
142825,15,2025-02-26T02:00:00+08:00,19135174,0,False,Wh,202,0.0
142825,15,2025-02-26T02:15:00+08:00,19135204,0,False,Wh,202,0.0
142825,15,2025-02-26T02:30:00+08:00,19135222,0,False,Wh,202,0.0
142825,15,2025-02-26T02:45:00+08:00,19135251,0,False,Wh,202,0.0
142825,15,2025-02-26T03:00:00+08:00,19135282,0,False,Wh,202,0.0
142825,15,2025-02-26T03:15:00+08:00,19135313,0,False,Wh,202,0.0
142825,15,2025-02-26T03:30:00+08:00,19135335,0,False,Wh,202,0.0
142825,15,2025-02-26T03:45:00+08:00,19135356,0,False,Wh,202,0.0
142825,15,2025-02-26T04:00:00+08:00,19135388,0,False,Wh,202,0.0
142825,15,2025-02-26T04:15:00+08:00,19135419,0,False,Wh,202,0.0
142825,15,2025-02-26T04:30:00+08:00,19135450,0,False,Wh,202,0.0
142825,15,2025-02-26T04:45:00+08:00,19135467,0,False,Wh,202,0.0
142825,15,2025-02-26T05:00:00+08:00,19135494,0,False,Wh,202,0.0
142825,15,2025-02-26T05:15:00+08:00,19135524,0,False,Wh,202,0.0
142825,15,2025-02-26T05:30:00+08:00,19135555,0,False,Wh,202,0.0
142825,15,2025-02-26T05:45:00+08:00,19135577,0,False,Wh,202,0.0
142825,15,2025-02-26T06:00:00+08:00,19135596,0,False,Wh,202,0.0
142825,15,2025-02-26T06:15:00+08:00,19135700,0,False,Wh,202,0.0
142825,15,2025-02-26T06:30:00+08:00,19136399,0,False,Wh,202,0.0
142825,15,2025-02-26T06:45:00+08:00,19136434,0,False,Wh,202,0.0
142825,15,2025-02-26T07:00:00+08:00,19136462,0,False,Wh,202,0.0
142825,15,2025-02-26T07:15:00+08:00,19136489,0,False,Wh,202,0.0
142825,15,2025-02-26T07:30:00+08:00,19136519,0,False,Wh,202,0.0
142825,15,2025-02-26T07:45:00+08:00,19136549,0,False,Wh,202,0.0
142825,15,2025-02-26T08:00:00+08:00,19136574,0,False,Wh,202,0.0
142825,15,2025-02-26T08:15:00+08:00,19136591,0,False,Wh,202,0.0
142825,15,2025-02-26T08:30:00+08:00,19136616,0,False,Wh,202,0.0
142825,15,2025-02-26T08:45:00+08:00,19136660,0,False,Wh,202,0.0
142825,15,2025-02-26T09:00:00+08:00,19136712,0,False,Wh,202,0.0
142825,15,2025-02-26T09:15:00+08:00,19136744,0,False,Wh,202,0.0
142825,15,2025-02-26T09:30:00+08:00,19136810,0,False,Wh,202,0.0
142825,15,2025-02-26T09:45:00+08:00,19136963,0,False,Wh,202,0.0
142825,15,2025-02-26T10:00:00+08:00,19137004,0,False,Wh,202,0.0
142825,15,2025-02-26T10:15:00+08:00,19137264,0,False,Wh,202,0.0
142825,15,2025-02-26T10:30:00+08:00,19137499,0,False,Wh,202,0.0
142825,15,2025-02-26T10:45:00+08:00,19137730,0,False,Wh,202,0.0
142825,15,2025-02-26T11:00:00+08:00,19137870,0,False,Wh,202,0.0
142825,15,2025-02-26T11:15:00+08:00,19137894,0,False,Wh,202,0.0
142825,15,2025-02-26T11:30:00+08:00,19137947,0,False,Wh,202,0.0
142825,15,2025-02-26T11:45:00+08:00,19137992,0,False,Wh,202,0.0
142825,15,2025-02-26T12:00:00+08:00,19138243,0,False,Wh,202,0.0
142825,15,2025-02-26T12:15:00+08:00,19138475,0,False,Wh,202,0.0
142825,15,2025-02-26T12:30:00+08:00,19138579,0,False,Wh,202,0.0
142825,15,2025-02-26T12:45:00+08:00,19138734,0,False,Wh,202,0.0
142825,15,2025-02-26T13:00:00+08:00,19138757,0,False,Wh,202,0.0
142825,15,2025-02-26T13:15:00+08:00,19138776,0,False,Wh,202,0.0
142825,15,2025-02-26T13:30:00+08:00,19138787,0,False,Wh,202,0.0
142825,15,2025-02-26T13:45:00+08:00,19138809,0,False,Wh,202,0.0
142825,15,2025-02-26T14:00:00+08:00,19138833,0,False,Wh,202,0.0
142825,15,2025-02-26T14:15:00+08:00,19138855,0,False,Wh,202,0.0
142825,15,2025-02-26T14:30:00+08:00,19138867,0,False,Wh,202,0.0
142825,15,2025-02-26T14:45:00+08:00,19138884,0,False,Wh,202,0.0
142825,15,2025-02-26T15:00:00+08:00,19138908,0,False,Wh,202,0.0
142825,15,2025-02-26T15:15:00+08:00,19138931,0,False,Wh,202,0.0
142825,15,2025-02-26T15:30:00+08:00,19138949,0,False,Wh,202,0.0
142825,15,2025-02-26T15:45:00+08:00,19138960,0,False,Wh,202,0.0
142825,15,2025-02-26T16:00:00+08:00,19138983,0,False,Wh,202,0.0
142825,15,2025-02-26T16:15:00+08:00,19139006,0,False,Wh,202,0.0
142825,15,2025-02-26T16:30:00+08:00,19139028,0,False,Wh,202,0.0
142825,15,2025-02-26T16:45:00+08:00,19139041,0,False,Wh,202,0.0
142825,15,2025-02-26T17:00:00+08:00,19139058,0,False,Wh,202,0.0
142825,15,2025-02-26T17:15:00+08:00,19139081,0,False,Wh,202,0.0
142825,15,2025-02-26T17:15:00+08:00,19139081,0,False,Wh,202,0.0
142825,15,2025-02-26T17:30:00+08:00,19139104,0,False,Wh,202,0.0
142825,15,2025-02-26T17:30:00+08:00,19139104,0,False,Wh,202,0.0
142825,15,2025-02-26T17:45:00+08:00,19139444,0,False,Wh,202,0.0
142825,15,2025-02-26T18:00:00+08:00,19139638,0,False,Wh,202,0.0
142825,15,2025-02-26T18:15:00+08:00,19140059,0,False,Wh,202,0.0
142825,15,2025-02-26T18:30:00+08:00,19140148,0,False,Wh,202,0.0
142825,15,2025-02-26T18:45:00+08:00,19140202,0,False,Wh,202,0.0
142825,15,2025-02-26T19:00:00+08:00,19140245,0,False,Wh,202,0.0
142825,15,2025-02-26T19:15:00+08:00,19140303,0,False,Wh,202,0.0
142825,15,2025-02-26T19:30:00+08:00,19140526,0,False,Wh,202,0.0
142825,15,2025-02-26T19:45:00+08:00,19140737,0,False,Wh,202,0.0
142825,15,2025-02-26T20:00:00+08:00,19140905,0,False,Wh,202,0.0
142825,15,2025-02-26T20:15:00+08:00,19141225,0,False,Wh,202,0.0
142825,15,2025-02-26T20:30:00+08:00,19141549,0,False,Wh,202,0.0
142825,15,2025-02-26T20:45:00+08:00,19141755,0,False,Wh,202,0.0
142825,15,2025-02-26T21:00:00+08:00,19141818,0,False,Wh,202,0.0
142825,15,2025-02-26T21:15:00+08:00,19142010,0,False,Wh,202,0.0
142825,15,2025-02-26T21:30:00+08:00,19142502,0,False,Wh,202,0.0
142825,15,2025-02-26T21:45:00+08:00,19143243,0,False,Wh,202,0.0
142825,15,2025-02-26T22:00:00+08:00,19143379,0,False,Wh,202,0.0
142825,15,2025-02-26T22:15:00+08:00,19143595,0,False,Wh,202,0.0
142825,15,2025-02-26T22:30:00+08:00,19143649,0,False,Wh,202,0.0
142825,15,2025-02-26T22:45:00+08:00,19143696,0,False,Wh,202,0.0
142825,15,2025-02-26T23:00:00+08:00,19143742,0,False,Wh,202,0.0
142825,15,2025-02-26T23:15:00+08:00,19143785,0,False,Wh,202,0.0
142825,15,2025-02-26T23:30:00+08:00,19143834,0,False,Wh,202,0.0
142825,15,2025-02-26T23:45:00+08:00,19143868,0,False,Wh,202,0.0
142825,15,2025-02-27T00:00:00+08:00,19143900,0,False,Wh,202,0.0
142825,15,2025-02-27T00:15:00+08:00,19143924,0,False,Wh,202,0.0
142825,15,2025-02-27T00:30:00+08:00,19143955,0,False,Wh,202,0.0
142825,15,2025-02-27T00:45:00+08:00,19143987,0,False,Wh,202,0.0
142825,15,2025-02-27T01:00:00+08:00,19144018,0,False,Wh,202,0.0
142825,15,2025-02-27T01:15:00+08:00,19144041,0,False,Wh,202,0.0
142825,15,2025-02-27T01:30:00+08:00,19144068,0,False,Wh,202,0.0
142825,15,2025-02-27T01:45:00+08:00,19144099,0,False,Wh,202,0.0
142825,15,2025-02-27T02:00:00+08:00,19144131,0,False,Wh,202,0.0
142825,15,2025-02-27T02:15:00+08:00,19144158,0,False,Wh,202,0.0
142825,15,2025-02-27T02:30:00+08:00,19144180,0,False,Wh,202,0.0
142825,15,2025-02-27T02:45:00+08:00,19144211,0,False,Wh,202,0.0
142825,15,2025-02-27T03:00:00+08:00,19144244,0,False,Wh,202,0.0
142825,15,2025-02-27T03:15:00+08:00,19144275,0,False,Wh,202,0.0
142825,15,2025-02-27T03:30:00+08:00,19144295,0,False,Wh,202,0.0
142825,15,2025-02-27T03:45:00+08:00,19144323,0,False,Wh,202,0.0
142825,15,2025-02-27T04:00:00+08:00,19144355,0,False,Wh,202,0.0
142825,15,2025-02-27T04:15:00+08:00,19144387,0,False,Wh,202,0.0
142825,15,2025-02-27T04:30:00+08:00,19144412,0,False,Wh,202,0.0
142825,15,2025-02-27T04:45:00+08:00,19144436,0,False,Wh,202,0.0
142825,15,2025-02-27T05:00:00+08:00,19144467,0,False,Wh,202,0.0
142825,15,2025-02-27T05:15:00+08:00,19144498,0,False,Wh,202,0.0
142825,15,2025-02-27T05:30:00+08:00,19144561,0,False,Wh,202,0.0
142825,15,2025-02-27T05:45:00+08:00,19144789,0,False,Wh,202,0.0
142825,15,2025-02-27T06:00:00+08:00,19144825,0,False,Wh,202,0.0
142825,15,2025-02-27T06:15:00+08:00,19144861,0,False,Wh,202,0.0
142825,15,2025-02-27T06:30:00+08:00,19144897,0,False,Wh,202,0.0
142825,15,2025-02-27T06:45:00+08:00,19144920,0,False,Wh,202,0.0
142825,15,2025-02-27T07:00:00+08:00,19144953,0,False,Wh,202,0.0
142825,15,2025-02-27T07:15:00+08:00,19144990,0,False,Wh,202,0.0
142825,15,2025-02-27T07:30:00+08:00,19145028,0,False,Wh,202,0.0
142825,15,2025-02-27T07:45:00+08:00,19145063,0,False,Wh,202,0.0
142825,15,2025-02-27T08:00:00+08:00,19145098,0,False,Wh,202,0.0
142825,15,2025-02-27T08:15:00+08:00,19145133,0,False,Wh,202,0.0
142825,15,2025-02-27T08:30:00+08:00,19145169,0,False,Wh,202,0.0
142825,15,2025-02-27T08:45:00+08:00,19145202,0,False,Wh,202,0.0
142825,15,2025-02-27T09:00:00+08:00,19145227,0,False,Wh,202,0.0
142825,15,2025-02-27T09:15:00+08:00,19145324,0,False,Wh,202,0.0
142825,15,2025-02-27T09:30:00+08:00,19145481,0,False,Wh,202,0.0
142825,15,2025-02-27T09:45:00+08:00,19145749,0,False,Wh,202,0.0
142825,15,2025-02-27T10:00:00+08:00,19146212,0,False,Wh,202,0.0
142825,15,2025-02-27T10:15:00+08:00,19146368,0,False,Wh,202,0.0
142825,15,2025-02-27T10:30:00+08:00,19146752,0,False,Wh,202,0.0
142825,15,2025-02-27T10:45:00+08:00,19147663,0,False,Wh,202,0.0
142825,15,2025-02-27T11:00:00+08:00,19148055,0,False,Wh,202,0.0
142825,15,2025-02-27T11:15:00+08:00,19148242,0,False,Wh,202,0.0
142825,15,2025-02-27T11:30:00+08:00,19148411,0,False,Wh,202,0.0
142825,15,2025-02-27T11:45:00+08:00,19148435,0,False,Wh,202,0.0
142825,15,2025-02-27T12:00:00+08:00,19148457,0,False,Wh,202,0.0
142825,15,2025-02-27T12:15:00+08:00,19148468,0,False,Wh,202,0.0
142825,15,2025-02-27T12:30:00+08:00,19148486,0,False,Wh,202,0.0
142825,15,2025-02-27T12:45:00+08:00,19148510,0,False,Wh,202,0.0
142825,15,2025-02-27T13:00:00+08:00,19148533,0,False,Wh,202,0.0
142825,15,2025-02-27T13:15:00+08:00,19148550,0,False,Wh,202,0.0
142825,15,2025-02-27T13:30:00+08:00,19148562,0,False,Wh,202,0.0
142825,15,2025-02-27T13:45:00+08:00,19148585,0,False,Wh,202,0.0
142825,15,2025-02-27T14:00:00+08:00,19148609,0,False,Wh,202,0.0
142825,15,2025-02-27T14:15:00+08:00,19148631,0,False,Wh,202,0.0
142825,15,2025-02-27T14:30:00+08:00,19148644,0,False,Wh,202,0.0
142825,15,2025-02-27T14:45:00+08:00,19148661,0,False,Wh,202,0.0
142825,15,2025-02-27T15:00:00+08:00,19148684,0,False,Wh,202,0.0
142825,15,2025-02-27T15:15:00+08:00,19148708,0,False,Wh,202,0.0
142825,15,2025-02-27T15:30:00+08:00,19148726,0,False,Wh,202,0.0
142825,15,2025-02-27T15:45:00+08:00,19148737,0,False,Wh,202,0.0
142825,15,2025-02-27T16:00:00+08:00,19148760,0,False,Wh,202,0.0
142825,15,2025-02-27T16:15:00+08:00,19148784,0,False,Wh,202,0.0
142825,15,2025-02-27T16:30:00+08:00,19148807,0,False,Wh,202,0.0
142825,15,2025-02-27T16:45:00+08:00,19148820,0,False,Wh,202,0.0
142825,15,2025-02-27T17:00:00+08:00,19148837,0,False,Wh,202,0.0
142825,15,2025-02-27T17:15:00+08:00,19148860,0,False,Wh,202,0.0
142825,15,2025-02-27T17:30:00+08:00,19148884,0,False,Wh,202,0.0
142825,15,2025-02-27T17:45:00+08:00,19148905,0,False,Wh,202,0.0
142825,15,2025-02-27T18:00:00+08:00,19148926,0,False,Wh,202,0.0
142825,15,2025-02-27T18:15:00+08:00,19149303,0,False,Wh,202,0.0
142825,15,2025-02-27T18:30:00+08:00,19149986,0,False,Wh,202,0.0
142825,15,2025-02-27T18:45:00+08:00,19150061,0,False,Wh,202,0.0
142825,15,2025-02-27T19:00:00+08:00,19150279,0,False,Wh,202,0.0
142825,15,2025-02-27T19:15:00+08:00,19150619,0,False,Wh,202,0.0
142825,15,2025-02-27T19:30:00+08:00,19150727,0,False,Wh,202,0.0
142825,15,2025-02-27T19:45:00+08:00,19150966,0,False,Wh,202,0.0
142825,15,2025-02-27T20:00:00+08:00,19151025,0,False,Wh,202,0.0
142825,15,2025-02-27T20:15:00+08:00,19151089,0,False,Wh,202,0.0
142825,15,2025-02-27T20:30:00+08:00,19151174,0,False,Wh,202,0.0
142825,15,2025-02-27T20:45:00+08:00,19151269,0,False,Wh,202,0.0
142825,15,2025-02-27T21:00:00+08:00,19151756,0,False,Wh,202,0.0
142825,15,2025-02-27T21:15:00+08:00,19152230,0,False,Wh,202,0.0
142825,15,2025-02-27T21:30:00+08:00,19152286,0,False,Wh,202,0.0
142825,15,2025-02-27T21:45:00+08:00,19153066,0,False,Wh,202,0.0
142825,15,2025-02-27T22:00:00+08:00,19153085,0,False,Wh,202,0.0
142825,15,2025-02-27T22:15:00+08:00,19153116,0,False,Wh,202,0.0
142825,15,2025-02-27T22:30:00+08:00,19153148,0,False,Wh,202,0.0
142825,15,2025-02-27T22:45:00+08:00,19153180,0,False,Wh,202,0.0
142825,15,2025-02-27T23:00:00+08:00,19153202,0,False,Wh,202,0.0
142825,15,2025-02-27T23:15:00+08:00,19153227,0,False,Wh,202,0.0
142825,15,2025-02-27T23:30:00+08:00,19153260,0,False,Wh,202,0.0
142825,15,2025-02-27T23:45:00+08:00,19153292,0,False,Wh,202,0.0
142825,15,2025-02-28T00:00:00+08:00,19153322,0,False,Wh,202,0.0
142825,15,2025-02-28T00:15:00+08:00,19153341,0,False,Wh,202,0.0
142825,15,2025-02-28T00:30:00+08:00,19153368,0,False,Wh,202,0.0
142825,15,2025-02-28T00:45:00+08:00,19153401,0,False,Wh,202,0.0
142825,15,2025-02-28T01:00:00+08:00,19153433,0,False,Wh,202,0.0
142825,15,2025-02-28T01:15:00+08:00,19153458,0,False,Wh,202,0.0
142825,15,2025-02-28T01:30:00+08:00,19153475,0,False,Wh,202,0.0
142825,15,2025-02-28T01:45:00+08:00,19153504,0,False,Wh,202,0.0
142825,15,2025-02-28T02:00:00+08:00,19153535,0,False,Wh,202,0.0
142825,15,2025-02-28T02:15:00+08:00,19153567,0,False,Wh,202,0.0
142825,15,2025-02-28T02:30:00+08:00,19153589,0,False,Wh,202,0.0
142825,15,2025-02-28T02:45:00+08:00,19153607,0,False,Wh,202,0.0
142825,15,2025-02-28T03:00:00+08:00,19153637,0,False,Wh,202,0.0
142825,15,2025-02-28T03:15:00+08:00,19153668,0,False,Wh,202,0.0
142825,15,2025-02-28T03:30:00+08:00,19153698,0,False,Wh,202,0.0
142825,15,2025-02-28T03:45:00+08:00,19153718,0,False,Wh,202,0.0
142825,15,2025-02-28T04:00:00+08:00,19153741,0,False,Wh,202,0.0
142825,15,2025-02-28T04:15:00+08:00,19153772,0,False,Wh,202,0.0
142825,15,2025-02-28T04:30:00+08:00,19153804,0,False,Wh,202,0.0
142825,15,2025-02-28T04:45:00+08:00,19153834,0,False,Wh,202,0.0
142825,15,2025-02-28T05:00:00+08:00,19153852,0,False,Wh,202,0.0
142825,15,2025-02-28T05:15:00+08:00,19153874,0,False,Wh,202,0.0
142825,15,2025-02-28T05:30:00+08:00,19153904,0,False,Wh,202,0.0
142825,15,2025-02-28T05:45:00+08:00,19153934,0,False,Wh,202,0.0
142825,15,2025-02-28T06:00:00+08:00,19153963,0,False,Wh,202,0.0
142825,15,2025-02-28T06:15:00+08:00,19154168,0,False,Wh,202,0.0
142825,15,2025-02-28T06:30:00+08:00,19154307,0,False,Wh,202,0.0
142825,15,2025-02-28T06:45:00+08:00,19154337,0,False,Wh,202,0.0
142825,15,2025-02-28T07:00:00+08:00,19154369,0,False,Wh,202,0.0
142825,15,2025-02-28T07:15:00+08:00,19154401,0,False,Wh,202,0.0
142825,15,2025-02-28T07:30:00+08:00,19154425,0,False,Wh,202,0.0
142825,15,2025-02-28T07:45:00+08:00,19154451,0,False,Wh,202,0.0
142825,15,2025-02-28T08:00:00+08:00,19154477,0,False,Wh,202,0.0
142825,15,2025-02-28T08:15:00+08:00,19154498,0,False,Wh,202,0.0
142825,15,2025-02-28T09:30:00+08:00,19154504,0,False,Wh,202,0.0
142825,15,2025-02-28T09:45:00+08:00,19154545,0,False,Wh,202,0.0
142825,15,2025-02-28T10:00:00+08:00,19155048,0,False,Wh,202,0.0
142825,15,2025-02-28T10:15:00+08:00,19155092,0,False,Wh,202,0.0
142825,15,2025-02-28T10:30:00+08:00,19155141,0,False,Wh,202,0.0
142825,15,2025-02-28T10:45:00+08:00,19155167,0,False,Wh,202,0.0
142825,15,2025-02-28T11:00:00+08:00,19155214,0,False,Wh,202,0.0
142825,15,2025-02-28T11:15:00+08:00,19155259,0,False,Wh,202,0.0
142825,15,2025-02-28T11:30:00+08:00,19155294,0,False,Wh,202,0.0
142825,15,2025-02-28T11:45:00+08:00,19155308,0,False,Wh,202,0.0
142825,15,2025-02-28T12:00:00+08:00,19155332,0,False,Wh,202,0.0
142825,15,2025-02-28T12:15:00+08:00,19155356,0,False,Wh,202,0.0
142825,15,2025-02-28T12:30:00+08:00,19155380,0,False,Wh,202,0.0
142825,15,2025-02-28T12:45:00+08:00,19155402,0,False,Wh,202,0.0
142825,15,2025-02-28T13:00:00+08:00,19155417,0,False,Wh,202,0.0
142825,15,2025-02-28T13:15:00+08:00,19155440,0,False,Wh,202,0.0
142825,15,2025-02-28T13:30:00+08:00,19155464,0,False,Wh,202,0.0
142825,15,2025-02-28T13:45:00+08:00,19155486,0,False,Wh,202,0.0
142825,15,2025-02-28T14:00:00+08:00,19155499,0,False,Wh,202,0.0
142825,15,2025-02-28T14:15:00+08:00,19155521,0,False,Wh,202,0.0
142825,15,2025-02-28T14:30:00+08:00,19155549,0,False,Wh,202,0.0
142825,15,2025-02-28T14:45:00+08:00,19155577,0,False,Wh,202,0.0
142825,15,2025-02-28T15:00:00+08:00,19155600,0,False,Wh,202,0.0
142825,15,2025-02-28T15:15:00+08:00,19155613,0,False,Wh,202,0.0
142825,15,2025-02-28T15:30:00+08:00,19155638,0,False,Wh,202,0.0
142825,15,2025-02-28T15:45:00+08:00,19155665,0,False,Wh,202,0.0
142825,15,2025-02-28T16:00:00+08:00,19155690,0,False,Wh,202,0.0
142825,15,2025-02-28T16:15:00+08:00,19155704,0,False,Wh,202,0.0
142825,15,2025-02-28T16:30:00+08:00,19155720,0,False,Wh,202,0.0
142825,15,2025-02-28T16:45:00+08:00,19155745,0,False,Wh,202,0.0
142825,15,2025-02-28T17:00:00+08:00,19155769,0,False,Wh,202,0.0
142825,15,2025-02-28T17:15:00+08:00,19155792,0,False,Wh,202,0.0
142825,15,2025-02-28T17:30:00+08:00,19155809,0,False,Wh,202,0.0
142825,15,2025-02-28T17:45:00+08:00,19155830,0,False,Wh,202,0.0
142825,15,2025-02-28T18:00:00+08:00,19155857,0,False,Wh,202,0.0
142825,15,2025-02-28T18:15:00+08:00,19155903,0,False,Wh,202,0.0
142825,15,2025-02-28T18:30:00+08:00,19155947,0,False,Wh,202,0.0
142825,15,2025-02-28T18:45:00+08:00,19155981,0,False,Wh,202,0.0
142825,15,2025-02-28T19:00:00+08:00,19156028,0,False,Wh,202,0.0
142825,15,2025-02-28T19:15:00+08:00,19156082,0,False,Wh,202,0.0
142825,15,2025-02-28T19:30:00+08:00,19156320,0,False,Wh,202,0.0
142825,15,2025-02-28T19:45:00+08:00,19156651,0,False,Wh,202,0.0
142825,15,2025-02-28T20:00:00+08:00,19156947,0,False,Wh,202,0.0
142825,15,2025-02-28T20:15:00+08:00,19157248,0,False,Wh,202,0.0
142825,15,2025-02-28T20:30:00+08:00,19157355,0,False,Wh,202,0.0
142825,15,2025-02-28T20:45:00+08:00,19157414,0,False,Wh,202,0.0
142825,15,2025-02-28T21:00:00+08:00,19158087,0,False,Wh,202,0.0
142825,15,2025-02-28T21:15:00+08:00,19158388,0,False,Wh,202,0.0
142825,15,2025-02-28T21:30:00+08:00,19158448,0,False,Wh,202,0.0
142825,15,2025-02-28T21:45:00+08:00,19158507,0,False,Wh,202,0.0
142825,15,2025-02-28T22:00:00+08:00,19158562,0,False,Wh,202,0.0
142825,15,2025-02-28T22:15:00+08:00,19158612,0,False,Wh,202,0.0
142825,15,2025-02-28T22:30:00+08:00,19158670,0,False,Wh,202,0.0
142825,15,2025-02-28T22:45:00+08:00,19158741,0,False,Wh,202,0.0
142825,15,2025-02-28T23:00:00+08:00,19158794,0,False,Wh,202,0.0
142825,15,2025-02-28T23:15:00+08:00,19158826,0,False,Wh,202,0.0
142825,15,2025-02-28T23:30:00+08:00,19159035,0,False,Wh,202,0.0
142825,15,2025-02-28T23:45:00+08:00,19159947,0,False,Wh,202,0.0
142825,15,2025-03-01T00:00:00+08:00,19160005,0,False,Wh,202,0.0
142825,15,2025-03-01T00:15:00+08:00,19160039,0,False,Wh,202,0.0
142825,15,2025-03-01T00:30:00+08:00,19160065,0,False,Wh,202,0.0
142825,15,2025-03-01T00:45:00+08:00,19160099,0,False,Wh,202,0.0
142825,15,2025-03-01T01:00:00+08:00,19160134,0,False,Wh,202,0.0
142825,15,2025-03-01T01:15:00+08:00,19160167,0,False,Wh,202,0.0
142825,15,2025-03-01T01:30:00+08:00,19160192,0,False,Wh,202,0.0
142825,15,2025-03-01T01:45:00+08:00,19160214,0,False,Wh,202,0.0
142825,15,2025-03-01T02:00:00+08:00,19160245,0,False,Wh,202,0.0
142825,15,2025-03-01T02:15:00+08:00,19160276,0,False,Wh,202,0.0
142825,15,2025-03-01T02:30:00+08:00,19160306,0,False,Wh,202,0.0
142825,15,2025-03-01T02:45:00+08:00,19160325,0,False,Wh,202,0.0
142825,15,2025-03-01T03:00:00+08:00,19160349,0,False,Wh,202,0.0
142825,15,2025-03-01T03:15:00+08:00,19160380,0,False,Wh,202,0.0
142825,15,2025-03-01T03:30:00+08:00,19160411,0,False,Wh,202,0.0
142825,15,2025-03-01T03:45:00+08:00,19160439,0,False,Wh,202,0.0
142825,15,2025-03-01T04:00:00+08:00,19160457,0,False,Wh,202,0.0
142825,15,2025-03-01T04:15:00+08:00,19160484,0,False,Wh,202,0.0
142825,15,2025-03-01T04:30:00+08:00,19160519,0,False,Wh,202,0.0
142825,15,2025-03-01T04:45:00+08:00,19160551,0,False,Wh,202,0.0
142825,15,2025-03-01T05:00:00+08:00,19160577,0,False,Wh,202,0.0
142825,15,2025-03-01T05:15:00+08:00,19160595,0,False,Wh,202,0.0
142825,15,2025-03-01T05:30:00+08:00,19160625,0,False,Wh,202,0.0
142825,15,2025-03-01T05:45:00+08:00,19160656,0,False,Wh,202,0.0
142825,15,2025-03-01T06:00:00+08:00,19160690,0,False,Wh,202,0.0
142825,15,2025-03-01T06:15:00+08:00,19160712,0,False,Wh,202,0.0
142825,15,2025-03-01T06:30:00+08:00,19160732,0,False,Wh,202,0.0
142825,15,2025-03-01T06:45:00+08:00,19160762,0,False,Wh,202,0.0
142825,15,2025-03-01T07:00:00+08:00,19160793,0,False,Wh,202,0.0
142825,15,2025-03-01T07:15:00+08:00,19160823,0,False,Wh,202,0.0
142825,15,2025-03-01T07:30:00+08:00,19160843,0,False,Wh,202,0.0
142825,15,2025-03-01T07:45:00+08:00,19160865,0,False,Wh,202,0.0
142825,15,2025-03-01T08:00:00+08:00,19160895,0,False,Wh,202,0.0
142825,15,2025-03-01T08:15:00+08:00,19160926,0,False,Wh,202,0.0
142825,15,2025-03-01T08:30:00+08:00,19160956,0,False,Wh,202,0.0
142825,15,2025-03-01T08:45:00+08:00,19161111,0,False,Wh,202,0.0
142825,15,2025-03-01T09:00:00+08:00,19161135,0,False,Wh,202,0.0
142825,15,2025-03-01T09:15:00+08:00,19161159,0,False,Wh,202,0.0
142825,15,2025-03-01T09:30:00+08:00,19161181,0,False,Wh,202,0.0
142825,15,2025-03-01T09:45:00+08:00,19161705,0,False,Wh,202,0.0
142825,15,2025-03-01T10:00:00+08:00,19161717,0,False,Wh,202,0.0
142825,15,2025-03-01T10:15:00+08:00,19161740,0,False,Wh,202,0.0
142825,15,2025-03-01T10:30:00+08:00,19161764,0,False,Wh,202,0.0
142825,15,2025-03-01T10:45:00+08:00,19161786,0,False,Wh,202,0.0
142825,15,2025-03-01T11:00:00+08:00,19161799,0,False,Wh,202,0.0
142825,15,2025-03-01T11:15:00+08:00,19161814,0,False,Wh,202,0.0
142825,15,2025-03-01T11:30:00+08:00,19161844,0,False,Wh,202,0.0
142825,15,2025-03-01T11:45:00+08:00,19161871,0,False,Wh,202,0.0
142825,15,2025-03-01T12:00:00+08:00,19161895,0,False,Wh,202,0.0
142825,15,2025-03-01T12:15:00+08:00,19161911,0,False,Wh,202,0.0
142825,15,2025-03-01T12:30:00+08:00,19162133,0,False,Wh,202,0.0
142825,15,2025-03-01T12:45:00+08:00,19162432,0,False,Wh,202,0.0
142825,15,2025-03-01T13:00:00+08:00,19162462,0,False,Wh,202,0.0
142825,15,2025-03-01T13:15:00+08:00,19162528,0,False,Wh,202,0.0
142825,15,2025-03-01T13:30:00+08:00,19162637,0,False,Wh,202,0.0
142825,15,2025-03-01T13:45:00+08:00,19162757,0,False,Wh,202,0.0
142825,15,2025-03-01T14:00:00+08:00,19162861,0,False,Wh,202,0.0
142825,15,2025-03-01T14:15:00+08:00,19162930,0,False,Wh,202,0.0
142825,15,2025-03-01T14:30:00+08:00,19162994,0,False,Wh,202,0.0
142825,15,2025-03-01T14:45:00+08:00,19163414,0,False,Wh,202,0.0
142825,15,2025-03-01T15:00:00+08:00,19163486,0,False,Wh,202,0.0
142825,15,2025-03-01T15:15:00+08:00,19163557,0,False,Wh,202,0.0
142825,15,2025-03-01T15:30:00+08:00,19163613,0,False,Wh,202,0.0
142825,15,2025-03-01T15:45:00+08:00,19163678,0,False,Wh,202,0.0
142825,15,2025-03-01T16:00:00+08:00,19164101,0,False,Wh,202,0.0
142825,15,2025-03-01T16:15:00+08:00,19164252,0,False,Wh,202,0.0
142825,15,2025-03-01T16:30:00+08:00,19165137,0,False,Wh,202,0.0
142825,15,2025-03-01T16:45:00+08:00,19165831,0,False,Wh,202,0.0
142825,15,2025-03-01T17:00:00+08:00,19166299,0,False,Wh,202,0.0
142825,15,2025-03-01T17:15:00+08:00,19166702,0,False,Wh,202,0.0
142825,15,2025-03-01T17:30:00+08:00,19167279,0,False,Wh,202,0.0
142825,15,2025-03-01T17:45:00+08:00,19168130,0,False,Wh,202,0.0
142825,15,2025-03-01T18:00:00+08:00,19169378,0,False,Wh,202,0.0
142825,15,2025-03-01T18:15:00+08:00,19170366,0,False,Wh,202,0.0
142825,15,2025-03-01T18:30:00+08:00,19171028,0,False,Wh,202,0.0
142825,15,2025-03-01T18:45:00+08:00,19171136,0,False,Wh,202,0.0
142825,15,2025-03-01T19:00:00+08:00,19171190,0,False,Wh,202,0.0
142825,15,2025-03-01T19:15:00+08:00,19171244,0,False,Wh,202,0.0
142825,15,2025-03-01T19:30:00+08:00,19171292,0,False,Wh,202,0.0
142825,15,2025-03-01T19:45:00+08:00,19171321,0,False,Wh,202,0.0
142825,15,2025-03-01T20:00:00+08:00,19171355,0,False,Wh,202,0.0
142825,15,2025-03-01T20:15:00+08:00,19171390,0,False,Wh,202,0.0
142825,15,2025-03-01T20:30:00+08:00,19171423,0,False,Wh,202,0.0
142825,15,2025-03-01T20:45:00+08:00,19171448,0,False,Wh,202,0.0
142825,15,2025-03-01T21:00:00+08:00,19171483,0,False,Wh,202,0.0
142825,15,2025-03-01T21:15:00+08:00,19171517,0,False,Wh,202,0.0
142825,15,2025-03-01T21:30:00+08:00,19171551,0,False,Wh,202,0.0
142825,15,2025-03-01T21:45:00+08:00,19171574,0,False,Wh,202,0.0
142825,15,2025-03-01T22:00:00+08:00,19171608,0,False,Wh,202,0.0
142825,15,2025-03-01T22:15:00+08:00,19171643,0,False,Wh,202,0.0
142825,15,2025-03-01T22:30:00+08:00,19171677,0,False,Wh,202,0.0
142825,15,2025-03-01T22:45:00+08:00,19171703,0,False,Wh,202,0.0
142825,15,2025-03-01T23:00:00+08:00,19171733,0,False,Wh,202,0.0
142825,15,2025-03-01T23:15:00+08:00,19171768,0,False,Wh,202,0.0
142825,15,2025-03-01T23:30:00+08:00,19171803,0,False,Wh,202,0.0
142825,15,2025-03-01T23:45:00+08:00,19171830,0,False,Wh,202,0.0
142825,15,2025-03-02T00:00:00+08:00,19171858,0,False,Wh,202,0.0
142825,15,2025-03-02T00:15:00+08:00,19171892,0,False,Wh,202,0.0
142825,15,2025-03-02T00:30:00+08:00,19171935,0,False,Wh,202,0.0
142825,15,2025-03-02T00:45:00+08:00,19171966,0,False,Wh,202,0.0
142825,15,2025-03-02T01:00:00+08:00,19171996,0,False,Wh,202,0.0
142825,15,2025-03-02T01:15:00+08:00,19172030,0,False,Wh,202,0.0
142825,15,2025-03-02T01:30:00+08:00,19172063,0,False,Wh,202,0.0
142825,15,2025-03-02T01:45:00+08:00,19172091,0,False,Wh,202,0.0
142825,15,2025-03-02T02:00:00+08:00,19172117,0,False,Wh,202,0.0
142825,15,2025-03-02T02:15:00+08:00,19172149,0,False,Wh,202,0.0
142825,15,2025-03-02T02:30:00+08:00,19172180,0,False,Wh,202,0.0
142825,15,2025-03-02T02:45:00+08:00,19172209,0,False,Wh,202,0.0
142825,15,2025-03-02T03:00:00+08:00,19172229,0,False,Wh,202,0.0
142825,15,2025-03-02T03:15:00+08:00,19172259,0,False,Wh,202,0.0
142825,15,2025-03-02T03:30:00+08:00,19172293,0,False,Wh,202,0.0
142825,15,2025-03-02T03:45:00+08:00,19172324,0,False,Wh,202,0.0
142825,15,2025-03-02T04:00:00+08:00,19172343,0,False,Wh,202,0.0
142825,15,2025-03-02T04:15:00+08:00,19172372,0,False,Wh,202,0.0
142825,15,2025-03-02T04:30:00+08:00,19172403,0,False,Wh,202,0.0
142825,15,2025-03-02T04:45:00+08:00,19172433,0,False,Wh,202,0.0
142825,15,2025-03-02T05:00:00+08:00,19172457,0,False,Wh,202,0.0
142825,15,2025-03-02T05:15:00+08:00,19172483,0,False,Wh,202,0.0
142825,15,2025-03-02T05:30:00+08:00,19172515,0,False,Wh,202,0.0
142825,15,2025-03-02T05:45:00+08:00,19172547,0,False,Wh,202,0.0
142825,15,2025-03-02T06:00:00+08:00,19172575,0,False,Wh,202,0.0
142825,15,2025-03-02T06:15:00+08:00,19172595,0,False,Wh,202,0.0
142825,15,2025-03-02T06:30:00+08:00,19172625,0,False,Wh,202,0.0
142825,15,2025-03-02T06:45:00+08:00,19172656,0,False,Wh,202,0.0
142825,15,2025-03-02T07:00:00+08:00,19172685,0,False,Wh,202,0.0
142825,15,2025-03-02T07:15:00+08:00,19172705,0,False,Wh,202,0.0
142825,15,2025-03-02T07:30:00+08:00,19172732,0,False,Wh,202,0.0
142825,15,2025-03-02T07:45:00+08:00,19172762,0,False,Wh,202,0.0
142825,15,2025-03-02T08:00:00+08:00,19172793,0,False,Wh,202,0.0
142825,15,2025-03-02T08:15:00+08:00,19172816,0,False,Wh,202,0.0
142825,15,2025-03-02T08:30:00+08:00,19172839,0,False,Wh,202,0.0
142825,15,2025-03-02T08:45:00+08:00,19173020,0,False,Wh,202,0.0
142825,15,2025-03-02T09:00:00+08:00,19173913,0,False,Wh,202,0.0
142825,15,2025-03-02T09:15:00+08:00,19174177,0,False,Wh,202,0.0
142825,15,2025-03-02T09:30:00+08:00,19174298,0,False,Wh,202,0.0
142825,15,2025-03-02T09:45:00+08:00,19174322,0,False,Wh,202,0.0
142825,15,2025-03-02T10:00:00+08:00,19174345,0,False,Wh,202,0.0
142825,15,2025-03-02T10:15:00+08:00,19174372,0,False,Wh,202,0.0
142825,15,2025-03-02T10:30:00+08:00,19174391,0,False,Wh,202,0.0
142825,15,2025-03-02T10:45:00+08:00,19174417,0,False,Wh,202,0.0
142825,15,2025-03-02T11:00:00+08:00,19174443,0,False,Wh,202,0.0
142825,15,2025-03-02T11:15:00+08:00,19174469,0,False,Wh,202,0.0
142825,15,2025-03-02T11:30:00+08:00,19174485,0,False,Wh,202,0.0
142825,15,2025-03-02T11:45:00+08:00,19174506,0,False,Wh,202,0.0
142825,15,2025-03-02T12:00:00+08:00,19174531,0,False,Wh,202,0.0
142825,15,2025-03-02T12:15:00+08:00,19174556,0,False,Wh,202,0.0
142825,15,2025-03-02T12:30:00+08:00,19174574,0,False,Wh,202,0.0
142825,15,2025-03-02T12:45:00+08:00,19174589,0,False,Wh,202,0.0
142825,15,2025-03-02T13:00:00+08:00,19174915,0,False,Wh,202,0.0
142825,15,2025-03-02T13:15:00+08:00,19175716,0,False,Wh,202,0.0
142825,15,2025-03-02T13:30:00+08:00,19175962,0,False,Wh,202,0.0
142825,15,2025-03-02T13:45:00+08:00,19176054,0,False,Wh,202,0.0
142825,15,2025-03-02T14:00:00+08:00,19176465,0,False,Wh,202,0.0
142825,15,2025-03-02T14:15:00+08:00,19176969,0,False,Wh,202,0.0
142825,15,2025-03-02T14:30:00+08:00,19177376,0,False,Wh,202,0.0
142825,15,2025-03-02T14:45:00+08:00,19177639,0,False,Wh,202,0.0
142825,15,2025-03-02T15:00:00+08:00,19177736,0,False,Wh,202,0.0
142825,15,2025-03-02T15:15:00+08:00,19177950,0,False,Wh,202,0.0
142825,15,2025-03-02T15:30:00+08:00,19178678,0,False,Wh,202,0.0
142825,15,2025-03-02T15:45:00+08:00,19179156,0,False,Wh,202,0.0
142825,15,2025-03-02T16:00:00+08:00,19179478,0,False,Wh,202,0.0
142825,15,2025-03-02T16:15:00+08:00,19179543,0,False,Wh,202,0.0
142825,15,2025-03-02T16:30:00+08:00,19179584,0,False,Wh,202,0.0
142825,15,2025-03-02T16:45:00+08:00,19179626,0,False,Wh,202,0.0
142825,15,2025-03-02T17:00:00+08:00,19179668,0,False,Wh,202,0.0
142825,15,2025-03-02T17:15:00+08:00,19180127,0,False,Wh,202,0.0
142825,15,2025-03-02T17:30:00+08:00,19180578,0,False,Wh,202,0.0
142825,15,2025-03-02T17:45:00+08:00,19180980,0,False,Wh,202,0.0
142825,15,2025-03-02T18:00:00+08:00,19181331,0,False,Wh,202,0.0
142825,15,2025-03-02T18:15:00+08:00,19181663,0,False,Wh,202,0.0
142825,15,2025-03-02T18:30:00+08:00,19182008,0,False,Wh,202,0.0
142825,15,2025-03-02T18:45:00+08:00,19182366,0,False,Wh,202,0.0
142825,15,2025-03-02T19:00:00+08:00,19182723,0,False,Wh,202,0.0
142825,15,2025-03-02T19:15:00+08:00,19182974,0,False,Wh,202,0.0
142825,15,2025-03-02T19:30:00+08:00,19183049,0,False,Wh,202,0.0
142825,15,2025-03-02T19:45:00+08:00,19183127,0,False,Wh,202,0.0
142825,15,2025-03-02T20:00:00+08:00,19183343,0,False,Wh,202,0.0
142825,15,2025-03-02T20:15:00+08:00,19184073,0,False,Wh,202,0.0
142825,15,2025-03-02T20:30:00+08:00,19184646,0,False,Wh,202,0.0
142825,15,2025-03-02T20:45:00+08:00,19185685,0,False,Wh,202,0.0
142825,15,2025-03-02T21:00:00+08:00,19186204,0,False,Wh,202,0.0
142825,15,2025-03-02T21:15:00+08:00,19186629,0,False,Wh,202,0.0
142825,15,2025-03-02T21:30:00+08:00,19186836,0,False,Wh,202,0.0
142825,15,2025-03-02T21:45:00+08:00,19187277,0,False,Wh,202,0.0
142825,15,2025-03-02T22:00:00+08:00,19187427,0,False,Wh,202,0.0
142825,15,2025-03-02T22:15:00+08:00,19187569,0,False,Wh,202,0.0
142825,15,2025-03-02T22:30:00+08:00,19187708,0,False,Wh,202,0.0
142825,15,2025-03-02T22:45:00+08:00,19187845,0,False,Wh,202,0.0
142825,15,2025-03-02T23:00:00+08:00,19187929,0,False,Wh,202,0.0
142825,15,2025-03-02T23:15:00+08:00,19188709,0,False,Wh,202,0.0
142825,15,2025-03-02T23:30:00+08:00,19188750,0,False,Wh,202,0.0
142825,15,2025-03-02T23:45:00+08:00,19188785,0,False,Wh,202,0.0
142825,15,2025-03-03T00:00:00+08:00,19188817,0,False,Wh,202,0.0
142825,15,2025-03-03T00:15:00+08:00,19188856,0,False,Wh,202,0.0
142825,15,2025-03-03T00:30:00+08:00,19188893,0,False,Wh,202,0.0
142825,15,2025-03-03T00:45:00+08:00,19188920,0,False,Wh,202,0.0
142825,15,2025-03-03T01:00:00+08:00,19188947,0,False,Wh,202,0.0
142825,15,2025-03-03T01:15:00+08:00,19188980,0,False,Wh,202,0.0
142825,15,2025-03-03T01:30:00+08:00,19189012,0,False,Wh,202,0.0
142825,15,2025-03-03T01:45:00+08:00,19189035,0,False,Wh,202,0.0
142825,15,2025-03-03T02:00:00+08:00,19189060,0,False,Wh,202,0.0
142825,15,2025-03-03T02:15:00+08:00,19189091,0,False,Wh,202,0.0
142825,15,2025-03-03T02:30:00+08:00,19189122,0,False,Wh,202,0.0
142825,15,2025-03-03T02:45:00+08:00,19189144,0,False,Wh,202,0.0
142825,15,2025-03-03T03:00:00+08:00,19189170,0,False,Wh,202,0.0
142825,15,2025-03-03T03:15:00+08:00,19189201,0,False,Wh,202,0.0
142825,15,2025-03-03T03:30:00+08:00,19189232,0,False,Wh,202,0.0
142825,15,2025-03-03T03:45:00+08:00,19189256,0,False,Wh,202,0.0
142825,15,2025-03-03T04:00:00+08:00,19189281,0,False,Wh,202,0.0
142825,15,2025-03-03T04:15:00+08:00,19189313,0,False,Wh,202,0.0
142825,15,2025-03-03T04:30:00+08:00,19189346,0,False,Wh,202,0.0
142825,15,2025-03-03T04:45:00+08:00,19189370,0,False,Wh,202,0.0
142825,15,2025-03-03T05:00:00+08:00,19189395,0,False,Wh,202,0.0
142825,15,2025-03-03T05:15:00+08:00,19189428,0,False,Wh,202,0.0
142825,15,2025-03-03T05:30:00+08:00,19189460,0,False,Wh,202,0.0
142825,15,2025-03-03T05:45:00+08:00,19189483,0,False,Wh,202,0.0
142825,15,2025-03-03T06:00:00+08:00,19189505,0,False,Wh,202,0.0
142825,15,2025-03-03T06:15:00+08:00,19189536,0,False,Wh,202,0.0
142825,15,2025-03-03T06:30:00+08:00,19189566,0,False,Wh,202,0.0
142825,15,2025-03-03T06:45:00+08:00,19189619,0,False,Wh,202,0.0
142825,15,2025-03-03T07:00:00+08:00,19189672,0,False,Wh,202,0.0
142825,15,2025-03-03T07:15:00+08:00,19189701,0,False,Wh,202,0.0
142825,15,2025-03-03T07:30:00+08:00,19189752,0,False,Wh,202,0.0
142825,15,2025-03-03T07:45:00+08:00,19189801,0,False,Wh,202,0.0
142825,15,2025-03-03T08:00:00+08:00,19189850,0,False,Wh,202,0.0
142825,15,2025-03-03T08:15:00+08:00,19189885,0,False,Wh,202,0.0
142825,15,2025-03-03T08:30:00+08:00,19190032,0,False,Wh,202,0.0
142825,15,2025-03-03T08:45:00+08:00,19190105,0,False,Wh,202,0.0
142825,15,2025-03-03T09:00:00+08:00,19190179,0,False,Wh,202,0.0
142825,15,2025-03-03T09:15:00+08:00,19190241,0,False,Wh,202,0.0
142825,15,2025-03-03T09:30:00+08:00,19190513,0,False,Wh,202,0.0
142825,15,2025-03-03T09:45:00+08:00,19190708,0,False,Wh,202,0.0
142825,15,2025-03-03T10:00:00+08:00,19190772,0,False,Wh,202,0.0
142825,15,2025-03-03T10:15:00+08:00,19191190,0,False,Wh,202,0.0
142825,15,2025-03-03T10:30:00+08:00,19191268,0,False,Wh,202,0.0
142825,15,2025-03-03T10:45:00+08:00,19191447,0,False,Wh,202,0.0
142825,15,2025-03-03T11:00:00+08:00,19191596,0,False,Wh,202,0.0
142825,15,2025-03-03T11:15:00+08:00,19192129,0,False,Wh,202,0.0
142825,15,2025-03-03T11:30:00+08:00,19192157,0,False,Wh,202,0.0
142825,15,2025-03-03T11:45:00+08:00,19192190,0,False,Wh,202,0.0
142825,15,2025-03-03T12:00:00+08:00,19192223,0,False,Wh,202,0.0
142825,15,2025-03-03T12:15:00+08:00,19192256,0,False,Wh,202,0.0
142825,15,2025-03-03T12:30:00+08:00,19192390,0,False,Wh,202,0.0
142825,15,2025-03-03T12:45:00+08:00,19192463,0,False,Wh,202,0.0
142825,15,2025-03-03T13:00:00+08:00,19192616,0,False,Wh,202,0.0
142825,15,2025-03-03T13:15:00+08:00,19192641,0,False,Wh,202,0.0
142825,15,2025-03-03T13:30:00+08:00,19192654,0,False,Wh,202,0.0
142825,15,2025-03-03T13:45:00+08:00,19192676,0,False,Wh,202,0.0
142825,15,2025-03-03T14:00:00+08:00,19192707,0,False,Wh,202,0.0
142825,15,2025-03-03T14:15:00+08:00,19192735,0,False,Wh,202,0.0
142825,15,2025-03-03T14:30:00+08:00,19192758,0,False,Wh,202,0.0
142825,15,2025-03-03T14:45:00+08:00,19192826,0,False,Wh,202,0.0
142825,15,2025-03-03T15:00:00+08:00,19192855,0,False,Wh,202,0.0
142825,15,2025-03-03T15:15:00+08:00,19192880,0,False,Wh,202,0.0
142825,15,2025-03-03T15:30:00+08:00,19192931,0,False,Wh,202,0.0
142825,15,2025-03-03T15:45:00+08:00,19192981,0,False,Wh,202,0.0
142825,15,2025-03-03T16:00:00+08:00,19193009,0,False,Wh,202,0.0
142825,15,2025-03-03T16:15:00+08:00,19193056,0,False,Wh,202,0.0
142825,15,2025-03-03T16:30:00+08:00,19193105,0,False,Wh,202,0.0
142825,15,2025-03-03T16:45:00+08:00,19193150,0,False,Wh,202,0.0
142825,15,2025-03-03T17:00:00+08:00,19193192,0,False,Wh,202,0.0
142825,15,2025-03-03T17:15:00+08:00,19193221,0,False,Wh,202,0.0
142825,15,2025-03-03T17:30:00+08:00,19193533,0,False,Wh,202,0.0
142825,15,2025-03-03T17:45:00+08:00,19193939,0,False,Wh,202,0.0
142825,15,2025-03-03T18:00:00+08:00,19193979,0,False,Wh,202,0.0
142825,15,2025-03-03T18:15:00+08:00,19194024,0,False,Wh,202,0.0
142825,15,2025-03-03T18:30:00+08:00,19194364,0,False,Wh,202,0.0
142825,15,2025-03-03T18:45:00+08:00,19194925,0,False,Wh,202,0.0
142825,15,2025-03-03T19:00:00+08:00,19195190,0,False,Wh,202,0.0
142825,15,2025-03-03T19:15:00+08:00,19195253,0,False,Wh,202,0.0
142825,15,2025-03-03T19:30:00+08:00,19195987,0,False,Wh,202,0.0
142825,15,2025-03-03T19:45:00+08:00,19196256,0,False,Wh,202,0.0
142825,15,2025-03-03T20:00:00+08:00,19196459,0,False,Wh,202,0.0
142825,15,2025-03-03T20:15:00+08:00,19196710,0,False,Wh,202,0.0
142825,15,2025-03-03T20:30:00+08:00,19196832,0,False,Wh,202,0.0
142825,15,2025-03-03T20:45:00+08:00,19196937,0,False,Wh,202,0.0
142825,15,2025-03-03T21:00:00+08:00,19197311,0,False,Wh,202,0.0
142825,15,2025-03-03T21:15:00+08:00,19197529,0,False,Wh,202,0.0
142825,15,2025-03-03T21:30:00+08:00,19197562,0,False,Wh,202,0.0
142825,15,2025-03-03T21:45:00+08:00,19197590,0,False,Wh,202,0.0
142825,15,2025-03-03T22:00:00+08:00,19197624,0,False,Wh,202,0.0
142825,15,2025-03-03T22:15:00+08:00,19197658,0,False,Wh,202,0.0
142825,15,2025-03-03T22:30:00+08:00,19197691,0,False,Wh,202,0.0
142825,15,2025-03-03T22:45:00+08:00,19197719,0,False,Wh,202,0.0
142825,15,2025-03-03T23:00:00+08:00,19197746,0,False,Wh,202,0.0
142825,15,2025-03-03T23:15:00+08:00,19197779,0,False,Wh,202,0.0
142825,15,2025-03-03T23:30:00+08:00,19197812,0,False,Wh,202,0.0
142825,15,2025-03-03T23:45:00+08:00,19197844,0,False,Wh,202,0.0
