IsHeader,DeviceID,DataLogNumber,DateTime,SetPoint,LogRecNum,EventNum,kWh IMPORT,kWh EXPORT,kvarh IMPORT,kvarh EXPORT,kVAh IMPORT,kVAh EXPORT,
H,1,1,1900-01-01 00:00:00.000,0,0,0,5888,5889,5892,5893,5899,5900
N,1,1,2024-05-19 17:35:00.006,1,8647,0,110170.785,31547.217,96.961,79427.444,131588.894,43688.210
N,1,1,2024-05-19 17:40:00.005,1,8648,0,110170.795,31547.227,96.961,79427.638,131588.983,43688.319
N,1,1,2024-05-19 17:45:00.006,1,8649,0,110170.798,31547.231,96.961,79427.833,131589.072,43688.425
N,1,1,2024-05-19 17:50:00.015,1,8650,0,110170.800,31547.233,96.961,79428.026,131589.164,43688.526
N,1,1,2024-05-19 17:55:00.019,1,8651,0,110170.826,31547.240,96.961,79428.203,131589.269,43688.606
N,1,1,2024-05-19 18:00:00.009,1,8652,0,110170.903,31547.242,96.961,79428.382,131589.419,43688.667
N,1,1,2024-05-19 18:05:00.016,1,8653,0,110171.216,31547.242,96.961,79428.567,131589.791,43688.667
N,1,1,2024-05-19 18:10:00.010,1,8654,0,110171.716,31547.242,96.961,79428.762,131590.333,43688.667
N,1,1,2024-05-19 18:15:00.022,1,8655,0,110171.996,31547.242,96.961,79428.961,131590.676,43688.667
N,1,1,2024-05-19 18:20:00.000,1,8656,0,110172.237,31547.242,96.961,79429.170,131590.998,43688.667
N,1,1,2024-05-19 18:25:00.012,1,8657,0,110172.512,31547.242,96.961,79429.393,131591.352,43688.667
N,1,1,2024-05-19 18:30:00.019,1,8658,0,110172.910,31547.242,96.961,79429.622,131591.814,43688.667
N,1,1,2024-05-19 18:35:00.008,1,8659,0,110173.270,31547.242,96.961,79429.857,131592.247,43688.667
N,1,1,2024-05-19 18:40:00.000,1,8660,0,110173.543,31547.242,96.961,79430.095,131592.611,43688.667
N,1,1,2024-05-19 18:45:00.004,1,8661,0,110173.935,31547.242,96.961,79430.330,131593.069,43688.667
N,1,1,2024-05-19 18:50:00.010,1,8662,0,110174.271,31547.242,96.961,79430.558,131593.477,43688.667
N,1,1,2024-05-19 18:55:00.016,1,8663,0,110174.687,31547.242,96.961,79430.776,131593.948,43688.667
N,1,1,2024-05-19 19:00:00.011,1,8664,0,110174.999,31547.242,96.961,79430.995,131594.333,43688.667
N,1,1,2024-05-19 19:05:00.003,1,8665,0,110175.353,31547.242,96.961,79431.219,131594.754,43688.667
N,1,1,2024-05-19 19:10:00.015,1,8666,0,110175.664,31547.242,96.961,79431.441,131595.136,43688.667
N,1,1,2024-05-19 19:15:00.012,1,8667,0,110175.989,31547.242,96.961,79431.657,131595.527,43688.667
N,1,1,2024-05-19 19:20:00.016,1,8668,0,110176.280,31547.242,96.961,79431.870,131595.887,43688.667
N,1,1,2024-05-19 19:25:00.019,1,8669,0,110176.584,31547.242,96.961,79432.083,131596.260,43688.667
N,1,1,2024-05-19 19:30:00.008,1,8670,0,110176.881,31547.242,96.961,79432.300,131596.629,43688.667
N,1,1,2024-05-19 19:35:00.001,1,8671,0,110177.171,31547.242,96.961,79432.526,131596.997,43688.667
N,1,1,2024-05-19 19:40:00.019,1,8672,0,110177.482,31547.242,96.961,79432.755,131597.383,43688.667
N,1,1,2024-05-19 19:45:00.014,1,8673,0,110177.794,31547.242,96.961,79432.989,131597.773,43688.667
N,1,1,2024-05-19 19:50:00.013,1,8674,0,110178.216,31547.242,96.961,79433.223,131598.260,43688.667
N,1,1,2024-05-19 19:55:00.017,1,8675,0,110178.780,31547.242,96.961,79433.456,131598.873,43688.667
N,1,1,2024-05-19 20:00:00.002,1,8676,0,110179.101,31547.242,96.961,79433.689,131599.270,43688.667
N,1,1,2024-05-19 20:05:00.018,1,8677,0,110179.794,31547.242,96.961,79433.933,131600.006,43688.667
N,1,1,2024-05-19 20:10:00.015,1,8678,0,110180.463,31547.242,96.961,79434.176,131600.719,43688.667
N,1,1,2024-05-19 20:15:00.004,1,8679,0,110181.377,31547.242,96.961,79434.421,131601.665,43688.667
N,1,1,2024-05-19 20:20:00.011,1,8680,0,110181.975,31547.242,96.961,79434.644,131602.309,43688.667
N,1,1,2024-05-19 20:25:00.004,1,8681,0,110182.264,31547.242,96.961,79434.857,131602.668,43688.667
N,1,1,2024-05-19 20:30:00.017,1,8682,0,110182.543,31547.242,96.961,79435.070,131603.019,43688.667
N,1,1,2024-05-19 20:35:00.005,1,8683,0,110182.855,31547.242,96.961,79435.286,131603.399,43688.667
N,1,1,2024-05-19 20:40:00.009,1,8684,0,110183.433,31547.242,96.961,79435.518,131604.028,43688.667
N,1,1,2024-05-19 20:45:00.002,1,8685,0,110184.256,31547.242,96.961,79435.770,131604.890,43688.667
N,1,1,2024-05-19 20:50:00.014,1,8686,0,110184.789,31547.242,96.961,79436.014,131605.476,43688.667
N,1,1,2024-05-19 20:55:00.012,1,8687,0,110185.284,31547.242,96.961,79436.253,131606.025,43688.667
N,1,1,2024-05-19 21:00:00.016,1,8688,0,110185.745,31547.242,96.961,79436.483,131606.541,43688.667
N,1,1,2024-05-19 21:05:00.001,1,8689,0,110186.227,31547.242,96.961,79436.706,131607.072,43688.667
N,1,1,2024-05-19 21:10:00.005,1,8690,0,110186.720,31547.242,96.961,79436.938,131607.618,43688.667
N,1,1,2024-05-19 21:15:00.007,1,8691,0,110187.255,31547.242,96.961,79437.170,131608.201,43688.667
N,1,1,2024-05-19 21:20:00.008,1,8692,0,110188.114,31547.242,96.961,79437.404,131609.092,43688.667
N,1,1,2024-05-19 21:25:00.013,1,8693,0,110189.022,31547.242,96.961,79437.634,131610.030,43688.667
N,1,1,2024-05-19 21:30:00.019,1,8694,0,110189.914,31547.242,96.961,79437.863,131610.950,43688.667
N,1,1,2024-05-19 21:35:00.008,1,8695,0,110190.812,31547.242,96.961,79438.085,131611.875,43688.667
N,1,1,2024-05-19 21:40:00.002,1,8696,0,110191.680,31547.242,96.961,79438.307,131612.771,43688.667
N,1,1,2024-05-19 21:45:00.007,1,8697,0,110192.159,31547.242,96.961,79438.523,131613.298,43688.667
N,1,1,2024-05-19 21:50:00.010,1,8698,0,110192.723,31547.242,96.961,79438.744,131613.907,43688.667
N,1,1,2024-05-19 21:55:00.019,1,8699,0,110193.340,31547.242,96.961,79438.958,131614.560,43688.667
N,1,1,2024-05-19 22:00:00.001,1,8700,0,110193.991,31547.242,96.961,79439.164,131615.243,43688.667
N,1,1,2024-05-19 22:05:00.017,1,8701,0,110194.606,31547.242,96.961,79439.371,131615.891,43688.667
N,1,1,2024-05-19 22:10:00.000,1,8702,0,110195.133,31547.242,96.961,79439.589,131616.465,43688.667
N,1,1,2024-05-19 22:15:00.015,1,8703,0,110195.386,31547.242,96.961,79439.816,131616.804,43688.667
N,1,1,2024-05-19 22:20:00.000,1,8704,0,110195.643,31547.242,96.961,79440.043,131617.148,43688.667
N,1,1,2024-05-19 22:25:00.018,1,8705,0,110195.907,31547.242,96.961,79440.266,131617.493,43688.667
N,1,1,2024-05-19 22:30:00.018,1,8706,0,110196.184,31547.242,96.961,79440.478,131617.842,43688.667
N,1,1,2024-05-19 22:35:00.007,1,8707,0,110196.460,31547.242,96.961,79440.690,131618.191,43688.667
N,1,1,2024-05-19 22:40:00.011,1,8708,0,110196.738,31547.242,96.961,79440.910,131618.545,43688.667
N,1,1,2024-05-19 22:45:00.013,1,8709,0,110197.100,31547.242,96.961,79441.127,131618.971,43688.667
N,1,1,2024-05-19 22:50:00.019,1,8710,0,110197.652,31547.242,96.961,79441.357,131619.570,43688.667
N,1,1,2024-05-19 22:55:00.017,1,8711,0,110197.960,31547.242,96.961,79441.586,131619.956,43688.667
N,1,1,2024-05-19 23:00:00.013,1,8712,0,110198.555,31547.242,96.961,79441.811,131620.591,43688.667
N,1,1,2024-05-19 23:05:00.010,1,8713,0,110199.103,31547.242,96.961,79442.032,131621.183,43688.667
N,1,1,2024-05-19 23:10:00.009,1,8714,0,110199.386,31547.242,96.961,79442.250,131621.541,43688.667
N,1,1,2024-05-19 23:15:00.020,1,8715,0,110199.640,31547.242,96.961,79442.470,131621.876,43688.667
N,1,1,2024-05-19 23:20:00.003,1,8716,0,110199.874,31547.242,96.961,79442.684,131622.194,43688.667
N,1,1,2024-05-19 23:25:00.006,1,8717,0,110200.218,31547.242,96.961,79442.899,131622.606,43688.667
N,1,1,2024-05-19 23:30:00.006,1,8718,0,110200.739,31547.242,96.961,79443.127,131623.174,43688.667
N,1,1,2024-05-19 23:35:00.002,1,8719,0,110201.329,31547.242,96.961,79443.357,131623.808,43688.667
N,1,1,2024-05-19 23:40:00.004,1,8720,0,110201.827,31547.242,96.961,79443.586,131624.356,43688.667
N,1,1,2024-05-19 23:45:00.011,1,8721,0,110202.345,31547.242,96.961,79443.811,131624.922,43688.667
N,1,1,2024-05-19 23:50:00.005,1,8722,0,110202.880,31547.242,96.961,79444.024,131625.498,43688.667
N,1,1,2024-05-19 23:55:00.007,1,8723,0,110203.413,31547.242,96.961,79444.228,131626.068,43688.667
N,1,1,2024-05-20 00:00:00.014,1,8724,0,110203.934,31547.242,96.961,79444.432,131626.627,43688.667
N,1,1,2024-05-20 00:05:00.015,1,8725,0,110204.450,31547.242,96.961,79444.632,131627.181,43688.667
N,1,1,2024-05-20 00:10:00.009,1,8726,0,110204.989,31547.242,96.961,79444.839,131627.759,43688.667
N,1,1,2024-05-20 00:15:00.042,1,8727,0,110205.369,31547.242,96.961,79445.055,131628.203,43688.667
N,1,1,2024-05-20 00:20:00.007,1,8728,0,110205.581,31547.242,96.961,79445.272,131628.507,43688.667
N,1,1,2024-05-20 00:25:00.017,1,8729,0,110205.774,31547.242,96.961,79445.494,131628.801,43688.667
N,1,1,2024-05-20 00:30:00.063,1,8730,0,110205.978,31547.242,96.961,79445.712,131629.099,43688.667
N,1,1,2024-05-20 00:35:00.005,1,8731,0,110206.184,31547.242,96.961,79445.915,131629.389,43688.667
N,1,1,2024-05-20 00:40:00.012,1,8732,0,110206.401,31547.242,96.961,79446.125,131629.691,43688.667
N,1,1,2024-05-20 00:45:00.022,1,8733,0,110206.604,31547.242,96.961,79446.332,131629.980,43688.667
N,1,1,2024-05-20 00:50:00.018,1,8734,0,110206.784,31547.242,96.961,79446.536,131630.253,43688.667
N,1,1,2024-05-20 00:55:00.005,1,8735,0,110206.958,31547.242,96.961,79446.749,131630.528,43688.667
N,1,1,2024-05-20 01:00:00.019,1,8736,0,110207.132,31547.242,96.961,79446.971,131630.810,43688.667
N,1,1,2024-05-20 01:05:00.017,1,8737,0,110207.307,31547.242,96.961,79447.188,131631.090,43688.667
N,1,1,2024-05-20 01:10:00.019,1,8738,0,110207.499,31547.242,96.961,79447.400,131631.375,43688.667
N,1,1,2024-05-20 01:15:00.022,1,8739,0,110207.693,31547.242,96.961,79447.607,131631.659,43688.667
N,1,1,2024-05-20 01:20:00.002,1,8740,0,110207.892,31547.242,96.961,79447.803,131631.939,43688.667
N,1,1,2024-05-20 01:25:00.003,1,8741,0,110208.083,31547.242,96.961,79447.999,131632.212,43688.667
N,1,1,2024-05-20 01:30:00.017,1,8742,0,110208.272,31547.242,96.961,79448.199,131632.487,43688.667
N,1,1,2024-05-20 01:35:00.018,1,8743,0,110208.721,31547.242,96.961,79448.412,131632.987,43688.667
N,1,1,2024-05-20 01:40:00.006,1,8744,0,110209.050,31547.242,96.961,79448.625,131633.388,43688.667
N,1,1,2024-05-20 01:45:00.014,1,8745,0,110209.231,31547.242,96.961,79448.841,131633.670,43688.667
N,1,1,2024-05-20 01:50:00.003,1,8746,0,110209.526,31547.242,96.961,79449.054,131634.045,43688.667
N,1,1,2024-05-20 01:55:00.001,1,8747,0,110209.952,31547.242,96.961,79449.265,131634.524,43688.667
N,1,1,2024-05-20 02:00:00.014,1,8748,0,110210.145,31547.242,96.961,79449.475,131634.809,43688.667
N,1,1,2024-05-20 02:05:00.006,1,8749,0,110210.342,31547.242,96.961,79449.679,131635.093,43688.667
N,1,1,2024-05-20 02:10:00.003,1,8750,0,110210.527,31547.242,96.961,79449.885,131635.369,43688.667
N,1,1,2024-05-20 02:15:00.014,1,8751,0,110210.704,31547.242,96.961,79450.095,131635.644,43688.667
N,1,1,2024-05-20 02:20:00.007,1,8752,0,110210.885,31547.242,96.961,79450.298,131635.916,43688.667
N,1,1,2024-05-20 02:25:00.016,1,8753,0,110211.067,31547.242,96.961,79450.505,131636.192,43688.667
N,1,1,2024-05-20 02:30:00.002,1,8754,0,110211.246,31547.242,96.961,79450.716,131636.469,43688.667
N,1,1,2024-05-20 02:35:00.016,1,8755,0,110211.428,31547.242,96.961,79450.923,131636.745,43688.667
N,1,1,2024-05-20 02:40:00.003,1,8756,0,110211.611,31547.242,96.961,79451.130,131637.021,43688.667
N,1,1,2024-05-20 02:45:00.016,1,8757,0,110211.803,31547.242,96.961,79451.342,131637.307,43688.667
N,1,1,2024-05-20 02:50:00.020,1,8758,0,110211.996,31547.242,96.961,79451.548,131637.590,43688.667
N,1,1,2024-05-20 02:55:00.011,1,8759,0,110212.171,31547.242,96.961,79451.761,131637.865,43688.667
N,1,1,2024-05-20 03:00:00.004,1,8760,0,110212.346,31547.242,96.961,79451.974,131638.141,43688.667
N,1,1,2024-05-20 03:05:00.012,1,8761,0,110212.528,31547.242,96.961,79452.187,131638.422,43688.667
N,1,1,2024-05-20 03:10:00.010,1,8762,0,110212.724,31547.242,96.961,79452.408,131638.716,43688.667
N,1,1,2024-05-20 03:15:00.018,1,8763,0,110212.933,31547.242,96.961,79452.623,131639.017,43688.667
N,1,1,2024-05-20 03:20:00.013,1,8764,0,110213.130,31547.242,96.961,79452.833,131639.305,43688.667
N,1,1,2024-05-20 03:25:00.020,1,8765,0,110213.318,31547.242,96.961,79453.041,131639.586,43688.667
N,1,1,2024-05-20 03:30:00.011,1,8766,0,110213.504,31547.242,96.961,79453.241,131639.859,43688.667
N,1,1,2024-05-20 03:35:00.010,1,8767,0,110213.777,31547.242,96.961,79453.439,131640.203,43688.667
N,1,1,2024-05-20 03:40:00.011,1,8768,0,110214.233,31547.242,96.961,79453.645,131640.703,43688.667
N,1,1,2024-05-20 03:45:00.017,1,8769,0,110214.454,31547.242,96.961,79453.849,131641.011,43688.667
N,1,1,2024-05-20 03:50:00.005,1,8770,0,110214.625,31547.242,96.961,79454.052,131641.277,43688.667
N,1,1,2024-05-20 03:55:00.015,1,8771,0,110214.809,31547.242,96.961,79454.251,131641.548,43688.667
N,1,1,2024-05-20 04:00:00.011,1,8772,0,110215.007,31547.242,96.961,79454.454,131641.832,43688.667
N,1,1,2024-05-20 04:05:00.013,1,8773,0,110215.190,31547.242,96.961,79454.657,131642.106,43688.667
N,1,1,2024-05-20 04:10:00.019,1,8774,0,110215.364,31547.242,96.961,79454.861,131642.374,43688.667
N,1,1,2024-05-20 04:15:00.015,1,8775,0,110215.538,31547.242,96.961,79455.071,131642.647,43688.667
N,1,1,2024-05-20 04:20:00.009,1,8776,0,110215.711,31547.242,96.961,79455.287,131642.923,43688.667
N,1,1,2024-05-20 04:25:00.014,1,8777,0,110216.157,31547.242,96.961,79455.509,131643.423,43688.667
N,1,1,2024-05-20 04:30:00.022,1,8778,0,110216.426,31547.242,96.961,79455.728,131643.781,43688.667
N,1,1,2024-05-20 04:35:00.005,1,8779,0,110216.592,31547.242,96.961,79455.939,131644.049,43688.667
N,1,1,2024-05-20 04:40:00.006,1,8780,0,110216.780,31547.242,96.961,79456.140,131644.325,43688.667
N,1,1,2024-05-20 04:45:00.002,1,8781,0,110216.974,31547.242,96.961,79456.334,131644.599,43688.667
N,1,1,2024-05-20 04:50:00.008,1,8782,0,110217.358,31547.242,96.961,79456.539,131645.042,43688.667
N,1,1,2024-05-20 04:55:00.013,1,8783,0,110218.144,31547.242,96.961,79456.752,131645.856,43688.667
N,1,1,2024-05-20 05:00:00.010,1,8784,0,110218.631,31547.242,96.961,79456.959,131646.389,43688.667
N,1,1,2024-05-20 05:05:00.010,1,8785,0,110218.837,31547.242,96.961,79457.168,131646.683,43688.667
N,1,1,2024-05-20 05:10:00.011,1,8786,0,110219.166,31547.242,96.961,79457.390,131647.092,43688.667
N,1,1,2024-05-20 05:15:00.006,1,8787,0,110219.696,31547.242,96.961,79457.612,131647.668,43688.667
N,1,1,2024-05-20 05:20:00.004,1,8788,0,110219.942,31547.242,96.961,79457.827,131648.002,43688.667
N,1,1,2024-05-20 05:25:00.014,1,8789,0,110220.120,31547.242,96.961,79458.035,131648.275,43688.667
N,1,1,2024-05-20 05:30:00.011,1,8790,0,110220.425,31547.242,96.961,79458.238,131648.651,43688.667
N,1,1,2024-05-20 05:35:00.014,1,8791,0,110220.882,31547.242,96.961,79458.450,131649.155,43688.667
N,1,1,2024-05-20 05:40:00.014,1,8792,0,110221.396,31547.242,96.961,79458.667,131649.714,43688.667
N,1,1,2024-05-20 05:45:00.017,1,8793,0,110221.867,31547.242,96.961,79458.882,131650.232,43688.667
N,1,1,2024-05-20 05:50:00.017,1,8794,0,110222.092,31547.242,96.961,79459.102,131650.554,43688.667
N,1,1,2024-05-20 05:55:00.006,1,8795,0,110222.266,31547.242,96.961,79459.308,131650.823,43688.667
N,1,1,2024-05-20 06:00:00.009,1,8796,0,110222.443,31547.242,96.961,79459.510,131651.093,43688.667
N,1,1,2024-05-20 06:05:00.003,1,8797,0,110222.654,31547.242,96.961,79459.720,131651.390,43688.667
N,1,1,2024-05-20 06:10:00.016,1,8798,0,110222.877,31547.242,96.961,79459.930,131651.698,43688.667
N,1,1,2024-05-20 06:15:00.018,1,8799,0,110223.090,31547.242,96.961,79460.144,131651.999,43688.667
N,1,1,2024-05-20 06:20:00.012,1,8800,0,110223.296,31547.242,96.961,79460.364,131652.301,43688.667
N,1,1,2024-05-20 06:25:00.018,1,8801,0,110223.492,31547.242,96.961,79460.581,131652.593,43688.667
N,1,1,2024-05-20 06:30:00.015,1,8802,0,110223.691,31547.242,96.961,79460.792,131652.884,43688.667
N,1,1,2024-05-20 06:35:00.001,1,8803,0,110223.868,31547.242,96.961,79460.996,131653.154,43688.667
N,1,1,2024-05-20 06:40:00.003,1,8804,0,110224.036,31547.242,96.961,79461.200,131653.419,43688.667
N,1,1,2024-05-20 06:45:00.000,1,8805,0,110224.223,31547.242,96.961,79461.404,131653.697,43688.667
N,1,1,2024-05-20 06:50:00.014,1,8806,0,110224.626,31547.242,96.961,79461.611,131654.163,43688.667
N,1,1,2024-05-20 06:55:00.007,1,8807,0,110225.092,31547.242,96.961,79461.826,131654.676,43688.667
N,1,1,2024-05-20 07:00:00.019,1,8808,0,110225.800,31547.242,96.961,79462.042,131655.417,43688.667
N,1,1,2024-05-20 07:05:00.016,1,8809,0,110226.887,31547.242,96.961,79462.258,131656.526,43688.667
N,1,1,2024-05-20 07:10:00.006,1,8810,0,110228.075,31547.242,96.961,79462.464,131657.731,43688.667
N,1,1,2024-05-20 07:15:00.031,1,8811,0,110229.240,31547.242,96.961,79462.667,131658.914,43688.667
N,1,1,2024-05-20 07:20:00.009,1,8812,0,110230.305,31547.242,96.961,79462.879,131660.001,43688.667
N,1,1,2024-05-20 07:25:00.003,1,8813,0,110231.349,31547.242,96.961,79463.090,131661.066,43688.667
N,1,1,2024-05-20 07:30:00.023,1,8814,0,110232.202,31547.242,96.961,79463.301,131661.945,43688.667
N,1,1,2024-05-20 07:35:00.007,1,8815,0,110232.644,31547.242,96.961,79463.512,131662.435,43688.667
N,1,1,2024-05-20 07:40:00.017,1,8816,0,110233.063,31547.242,96.961,79463.716,131662.901,43688.667
N,1,1,2024-05-20 07:45:00.014,1,8817,0,110233.459,31547.242,96.961,79463.921,131663.347,43688.667
N,1,1,2024-05-20 07:50:00.010,1,8818,0,110233.840,31547.242,96.961,79464.131,131663.783,43688.667
N,1,1,2024-05-20 07:55:00.018,1,8819,0,110233.904,31547.242,96.961,79464.331,131663.995,43688.667
N,1,1,2024-05-20 08:00:00.005,1,8820,0,110233.972,31547.242,96.961,79464.529,131664.204,43688.667
N,1,1,2024-05-20 08:05:00.020,1,8821,0,110234.019,31547.242,96.961,79464.730,131664.411,43688.667
N,1,1,2024-05-20 08:10:00.011,1,8822,0,110234.023,31547.243,96.961,79464.920,131664.523,43688.746
N,1,1,2024-05-20 08:15:00.014,1,8823,0,110234.031,31547.252,96.961,79465.109,131664.618,43688.840
N,1,1,2024-05-20 08:20:00.003,1,8824,0,110234.035,31547.264,96.961,79465.294,131664.686,43688.959
N,1,1,2024-05-20 08:25:00.009,1,8825,0,110234.039,31547.275,96.961,79465.466,131664.752,43689.067
N,1,1,2024-05-20 08:30:00.006,1,8826,0,110234.042,31547.278,96.961,79465.638,131664.827,43689.164
N,1,1,2024-05-20 08:35:00.002,1,8827,0,110234.107,31547.279,96.961,79465.822,131665.004,43689.191
N,1,1,2024-05-20 08:40:00.007,1,8828,0,110234.136,31547.291,96.961,79466.002,131665.059,43689.330
N,1,1,2024-05-20 08:45:00.002,1,8829,0,110234.139,31547.300,96.961,79466.191,131665.139,43689.440
N,1,1,2024-05-20 08:50:00.013,1,8830,0,110234.159,31547.316,96.961,79466.381,131665.260,43689.513
N,1,1,2024-05-20 08:55:00.014,1,8831,0,110234.162,31547.318,96.961,79466.575,131665.348,43689.620
N,1,1,2024-05-20 09:00:00.015,1,8832,0,110234.188,31547.326,96.961,79466.772,131665.480,43689.694
N,1,1,2024-05-20 09:05:00.001,1,8833,0,110234.195,31547.340,96.961,79466.976,131665.567,43689.812
N,1,1,2024-05-20 09:10:00.019,1,8834,0,110234.209,31547.365,96.961,79467.165,131665.644,43689.931
N,1,1,2024-05-20 09:15:00.019,1,8835,0,110234.213,31547.371,96.961,79467.355,131665.713,43690.053
N,1,1,2024-05-20 09:20:00.005,1,8836,0,110234.233,31547.408,96.961,79467.538,131665.794,43690.170
N,1,1,2024-05-20 09:25:00.012,1,8837,0,110234.251,31547.413,96.961,79467.725,131665.935,43690.219
N,1,1,2024-05-20 09:30:00.018,1,8838,0,110234.278,31547.448,96.961,79467.912,131666.012,43690.340
N,1,1,2024-05-20 09:35:00.012,1,8839,0,110234.300,31547.461,96.961,79468.104,131666.120,43690.430
N,1,1,2024-05-20 09:40:00.009,1,8840,0,110234.308,31547.474,96.961,79468.297,131666.189,43690.556
N,1,1,2024-05-20 09:45:00.012,1,8841,0,110234.350,31547.510,96.961,79468.491,131666.273,43690.690
N,1,1,2024-05-20 09:50:00.013,1,8842,0,110234.382,31547.526,96.961,79468.682,131666.372,43690.792
N,1,1,2024-05-20 09:55:00.019,1,8843,0,110234.390,31547.550,96.961,79468.864,131666.426,43690.926
N,1,1,2024-05-20 10:00:00.020,1,8844,0,110234.410,31547.575,96.961,79469.042,131666.527,43691.012
N,1,1,2024-05-20 10:05:00.007,1,8845,0,110234.486,31547.575,96.961,79469.226,131666.731,43691.012
N,1,1,2024-05-20 10:10:00.001,1,8846,0,110234.524,31547.630,96.961,79469.408,131666.832,43691.120
N,1,1,2024-05-20 10:15:00.002,1,8847,0,110234.555,31547.632,96.961,79469.606,131666.992,43691.163
N,1,1,2024-05-20 10:20:00.016,1,8848,0,110234.564,31547.644,96.961,79469.809,131667.083,43691.277
N,1,1,2024-05-20 10:25:00.003,1,8849,0,110234.576,31547.657,96.961,79470.007,131667.165,43691.399
N,1,1,2024-05-20 10:30:00.008,1,8850,0,110234.587,31547.727,96.961,79470.209,131667.236,43691.559
N,1,1,2024-05-20 10:35:00.012,1,8851,0,110234.591,31547.732,96.961,79470.412,131667.305,43691.693
N,1,1,2024-05-20 10:40:00.019,1,8852,0,110234.594,31547.736,96.961,79470.608,131667.395,43691.800
N,1,1,2024-05-20 10:45:00.001,1,8853,0,110234.607,31547.741,96.961,79470.795,131667.476,43691.910
N,1,1,2024-05-20 10:50:00.015,1,8854,0,110234.970,31547.741,96.961,79470.969,131667.883,43691.910
N,1,1,2024-05-20 10:55:00.003,1,8855,0,110235.025,31547.747,96.961,79471.153,131668.030,43691.970
N,1,1,2024-05-20 11:00:00.013,1,8856,0,110235.067,31547.754,96.961,79471.353,131668.190,43692.028
N,1,1,2024-05-20 11:05:00.005,1,8857,0,110235.084,31547.824,96.961,79471.544,131668.253,43692.188
N,1,1,2024-05-20 11:10:00.010,1,8858,0,110235.096,31547.828,96.961,79471.746,131668.387,43692.257
N,1,1,2024-05-20 11:15:00.018,1,8859,0,110235.112,31547.845,96.961,79471.945,131668.508,43692.341
N,1,1,2024-05-20 11:20:00.001,1,8860,0,110235.123,31547.902,96.961,79472.133,131668.585,43692.475
N,1,1,2024-05-20 11:25:00.008,1,8861,0,110235.132,31547.908,96.961,79472.296,131668.659,43692.567
N,1,1,2024-05-20 11:30:00.015,1,8862,0,110235.148,31547.929,96.961,79472.447,131668.718,43692.666
N,1,1,2024-05-20 11:35:00.010,1,8863,0,110235.234,31547.953,96.961,79472.599,131668.851,43692.739
N,1,1,2024-05-20 11:40:00.010,1,8864,0,110235.461,31547.957,96.961,79472.763,131669.127,43692.767
N,1,1,2024-05-20 11:45:00.007,1,8865,0,110235.484,31547.984,96.961,79472.939,131669.212,43692.868
N,1,1,2024-05-20 11:50:00.014,1,8866,0,110235.500,31548.098,96.961,79473.128,131669.286,43693.036
N,1,1,2024-05-20 11:55:00.017,1,8867,0,110235.518,31548.118,96.961,79473.327,131669.385,43693.143
N,1,1,2024-05-20 12:00:00.019,1,8868,0,110235.525,31548.172,96.961,79473.515,131669.437,43693.293
N,1,1,2024-05-20 12:05:00.003,1,8869,0,110235.529,31548.182,96.961,79473.700,131669.512,43693.405
N,1,1,2024-05-20 12:10:00.017,1,8870,0,110235.529,31548.233,96.961,79473.879,131669.512,43693.592
N,1,1,2024-05-20 12:15:00.006,1,8871,0,110235.546,31548.237,96.961,79474.050,131669.630,43693.646
N,1,1,2024-05-20 12:20:00.018,1,8872,0,110235.568,31548.257,96.961,79474.215,131669.707,43693.747
N,1,1,2024-05-20 12:25:00.010,1,8873,0,110235.580,31548.305,96.961,79474.387,131669.778,43693.868
N,1,1,2024-05-20 12:30:00.015,1,8874,0,110235.599,31548.308,96.961,79474.559,131669.899,43693.921
N,1,1,2024-05-20 12:35:00.009,1,8875,0,110235.621,31548.335,96.961,79474.732,131669.999,43694.004
N,1,1,2024-05-20 12:40:00.003,1,8876,0,110235.650,31548.357,96.979,79474.899,131670.112,43694.084
N,1,1,2024-05-20 12:45:00.002,1,8877,0,110235.679,31548.453,96.992,79475.074,131670.181,43694.250
N,1,1,2024-05-20 12:50:00.003,1,8878,0,110235.703,31548.506,96.993,79475.282,131670.275,43694.387
N,1,1,2024-05-20 12:55:00.002,1,8879,0,110235.719,31548.588,96.993,79475.487,131670.343,43694.553
N,1,1,2024-05-20 13:00:00.028,1,8880,0,110235.733,31548.603,96.993,79475.701,131670.457,43694.657
N,1,1,2024-05-20 13:05:00.007,1,8881,0,110235.738,31548.607,96.993,79475.904,131670.572,43694.745
N,1,1,2024-05-20 13:10:00.016,1,8882,0,110235.751,31548.611,96.993,79476.090,131670.683,43694.823
N,1,1,2024-05-20 13:15:00.013,1,8883,0,110235.759,31548.620,96.993,79476.274,131670.726,43694.968
N,1,1,2024-05-20 13:20:00.008,1,8884,0,110235.762,31548.675,96.993,79476.452,131670.766,43695.124
N,1,1,2024-05-20 13:25:00.015,1,8885,0,110235.777,31548.681,96.993,79476.644,131670.864,43695.221
N,1,1,2024-05-20 13:30:00.016,1,8886,0,110235.781,31548.686,96.993,79476.835,131670.945,43695.331
N,1,1,2024-05-20 13:35:00.008,1,8887,0,110235.783,31548.689,96.993,79477.032,131671.035,43695.439
N,1,1,2024-05-20 13:40:00.009,1,8888,0,110235.786,31548.694,96.993,79477.231,131671.101,43695.573
N,1,1,2024-05-20 13:45:00.005,1,8889,0,110235.788,31548.697,96.993,79477.428,131671.187,43695.683
N,1,1,2024-05-20 13:50:00.008,1,8890,0,110235.790,31548.703,96.993,79477.621,131671.238,43695.826
N,1,1,2024-05-20 13:55:00.009,1,8891,0,110235.793,31548.704,96.993,79477.814,131671.366,43695.890
N,1,1,2024-05-20 14:00:00.004,1,8892,0,110235.796,31548.707,96.993,79478.005,131671.458,43695.990
N,1,1,2024-05-20 14:05:00.018,1,8893,0,110235.831,31548.707,96.993,79478.196,131671.641,43696.008
N,1,1,2024-05-20 14:10:00.006,1,8894,0,110235.851,31548.717,96.993,79478.387,131671.799,43696.049
N,1,1,2024-05-20 14:15:00.003,1,8895,0,110235.871,31548.735,96.993,79478.569,131671.894,43696.145
N,1,1,2024-05-20 14:20:00.011,1,8896,0,110235.889,31548.758,96.993,79478.750,131671.975,43696.255
N,1,1,2024-05-20 14:25:00.016,1,8897,0,110235.894,31548.761,96.993,79478.918,131672.043,43696.355
N,1,1,2024-05-20 14:30:00.016,1,8898,0,110235.976,31548.761,96.993,79479.107,131672.249,43696.355
N,1,1,2024-05-20 14:35:00.019,1,8899,0,110236.016,31548.761,96.993,79479.300,131672.449,43696.355
N,1,1,2024-05-20 14:40:00.010,1,8900,0,110236.092,31548.775,96.993,79479.481,131672.595,43696.421
N,1,1,2024-05-20 14:45:00.010,1,8901,0,110236.266,31548.775,96.993,79479.667,131672.849,43696.421
N,1,1,2024-05-20 14:50:00.008,1,8902,0,110236.457,31548.775,96.993,79479.859,131673.120,43696.421
N,1,1,2024-05-20 14:55:00.007,1,8903,0,110236.646,31548.775,96.993,79480.046,131673.387,43696.421
N,1,1,2024-05-20 15:00:00.019,1,8904,0,110236.832,31548.775,96.993,79480.231,131673.650,43696.421
N,1,1,2024-05-20 15:05:00.002,1,8905,0,110237.047,31548.775,96.993,79480.414,131673.940,43696.428
N,1,1,2024-05-20 15:10:00.011,1,8906,0,110237.055,31548.808,96.993,79480.594,131673.972,43696.588
N,1,1,2024-05-20 15:15:00.002,1,8907,0,110237.060,31548.810,96.993,79480.766,131674.093,43696.640
N,1,1,2024-05-20 15:20:00.008,1,8908,0,110237.062,31548.816,96.993,79480.943,131674.168,43696.742
N,1,1,2024-05-20 15:25:00.003,1,8909,0,110237.068,31548.823,96.993,79481.120,131674.270,43696.819
N,1,1,2024-05-20 15:30:00.013,1,8910,0,110237.125,31548.833,96.993,79481.306,131674.401,43696.895
N,1,1,2024-05-20 15:35:00.010,1,8911,0,110237.126,31548.844,96.993,79481.492,131674.461,43697.022
N,1,1,2024-05-20 15:40:00.015,1,8912,0,110237.139,31548.863,97.024,79481.635,131674.531,43697.135
N,1,1,2024-05-20 15:45:00.016,1,8913,0,110237.141,31548.872,97.024,79481.812,131674.605,43697.239
N,1,1,2024-05-20 15:50:00.011,1,8914,0,110237.153,31548.882,97.024,79481.990,131674.669,43697.356
N,1,1,2024-05-20 15:55:00.013,1,8915,0,110237.157,31548.884,97.024,79482.170,131674.769,43697.435
N,1,1,2024-05-20 16:00:00.019,1,8916,0,110237.220,31548.887,97.024,79482.361,131674.943,43697.480
N,1,1,2024-05-20 16:05:00.008,1,8917,0,110237.244,31548.900,97.024,79482.554,131675.034,43697.589
N,1,1,2024-05-20 16:10:00.007,1,8918,0,110237.260,31548.929,97.024,79482.745,131675.126,43697.701
N,1,1,2024-05-20 16:15:00.003,1,8919,0,110237.262,31548.932,97.024,79482.930,131675.202,43697.811
N,1,1,2024-05-20 16:20:00.008,1,8920,0,110237.277,31548.947,97.024,79483.110,131675.284,43697.920
N,1,1,2024-05-20 16:25:00.017,1,8921,0,110237.279,31548.949,97.024,79483.285,131675.364,43698.015
N,1,1,2024-05-20 16:30:00.010,1,8922,0,110237.287,31548.959,97.024,79483.463,131675.429,43698.132
N,1,1,2024-05-20 16:35:00.014,1,8923,0,110237.289,31548.961,97.024,79483.649,131675.518,43698.229
N,1,1,2024-05-20 16:40:00.001,1,8924,0,110237.292,31548.963,97.024,79483.847,131675.618,43698.327
N,1,1,2024-05-20 16:45:00.020,1,8925,0,110237.294,31548.965,97.024,79484.044,131675.711,43698.432
N,1,1,2024-05-20 16:50:00.009,1,8926,0,110237.321,31548.978,97.024,79484.241,131675.801,43698.549
N,1,1,2024-05-20 16:55:00.020,1,8927,0,110237.352,31548.991,97.024,79484.427,131675.900,43698.648
N,1,1,2024-05-20 17:00:00.010,1,8928,0,110237.364,31548.995,97.024,79484.602,131675.985,43698.744
N,1,1,2024-05-20 17:05:00.018,1,8929,0,110237.367,31548.997,97.024,79484.775,131676.057,43698.845
N,1,1,2024-05-20 17:10:00.019,1,8930,0,110237.498,31548.997,97.024,79484.955,131676.285,43698.845
N,1,1,2024-05-20 17:15:00.017,1,8931,0,110237.720,31548.997,97.024,79485.142,131676.579,43698.845
N,1,1,2024-05-20 17:20:00.016,1,8932,0,110238.444,31548.997,97.024,79485.327,131677.331,43698.845
N,1,1,2024-05-20 17:25:00.004,1,8933,0,110239.500,31548.997,97.024,79485.559,131678.414,43698.845
N,1,1,2024-05-20 17:30:00.025,1,8934,0,110240.924,31548.997,97.024,79485.800,131679.858,43698.845
N,1,1,2024-05-20 17:35:00.010,1,8935,0,110241.701,31548.997,97.024,79486.034,131680.673,43698.845
N,1,1,2024-05-20 17:40:00.006,1,8936,0,110242.040,31549.002,97.024,79486.252,131681.062,43698.880
N,1,1,2024-05-20 17:45:00.010,1,8937,0,110242.041,31549.008,97.024,79486.457,131681.109,43699.039
N,1,1,2024-05-20 17:50:00.006,1,8938,0,110242.139,31549.010,97.024,79486.660,131681.287,43699.107
N,1,1,2024-05-20 17:55:00.010,1,8939,0,110242.548,31549.010,97.024,79486.859,131681.746,43699.107
N,1,1,2024-05-20 18:00:00.021,1,8940,0,110242.746,31549.011,97.024,79487.056,131682.035,43699.114
N,1,1,2024-05-20 18:05:00.005,1,8941,0,110242.905,31549.011,97.024,79487.260,131682.295,43699.119
N,1,1,2024-05-20 18:10:00.006,1,8942,0,110243.020,31549.011,97.024,79487.472,131682.548,43699.119
N,1,1,2024-05-20 18:15:00.017,1,8943,0,110243.024,31549.014,97.024,79487.676,131682.658,43699.213
N,1,1,2024-05-20 18:20:00.016,1,8944,0,110243.208,31549.014,97.024,79487.888,131682.946,43699.215
N,1,1,2024-05-20 18:25:00.014,1,8945,0,110243.640,31549.014,97.024,79488.122,131683.443,43699.215
N,1,1,2024-05-20 18:30:00.005,1,8946,0,110244.209,31549.014,97.024,79488.349,131684.056,43699.215
N,1,1,2024-05-20 18:35:00.004,1,8947,0,110244.607,31549.014,97.024,79488.570,131684.512,43699.215
N,1,1,2024-05-20 18:40:00.016,1,8948,0,110244.939,31549.014,97.024,79488.796,131684.916,43699.215
N,1,1,2024-05-20 18:45:00.014,1,8949,0,110245.271,31549.014,97.024,79489.022,131685.318,43699.215
N,1,1,2024-05-20 18:50:00.013,1,8950,0,110245.598,31549.014,97.024,79489.242,131685.715,43699.215
N,1,1,2024-05-20 18:55:00.005,1,8951,0,110246.103,31549.014,97.024,79489.466,131686.269,43699.215
N,1,1,2024-05-20 19:00:00.017,1,8952,0,110246.594,31549.014,97.024,79489.690,131686.809,43699.215
N,1,1,2024-05-20 19:05:00.021,1,8953,0,110247.247,31549.014,97.024,79489.916,131687.503,43699.215
N,1,1,2024-05-20 19:10:00.006,1,8954,0,110247.934,31549.014,97.024,79490.135,131688.225,43699.215
N,1,1,2024-05-20 19:15:00.015,1,8955,0,110248.323,31549.014,97.024,79490.358,131688.674,43699.215
N,1,1,2024-05-20 19:20:00.007,1,8956,0,110248.667,31549.014,97.024,79490.582,131689.086,43699.215
N,1,1,2024-05-20 19:25:00.004,1,8957,0,110249.037,31549.014,97.024,79490.805,131689.520,43699.215
N,1,1,2024-05-20 19:30:00.002,1,8958,0,110249.345,31549.014,97.024,79491.020,131689.897,43699.215
N,1,1,2024-05-20 19:35:00.008,1,8959,0,110249.642,31549.014,97.024,79491.236,131690.267,43699.215
N,1,1,2024-05-20 19:40:00.017,1,8960,0,110250.063,31549.014,97.024,79491.464,131690.746,43699.215
N,1,1,2024-05-20 19:45:00.009,1,8961,0,110250.389,31549.014,97.024,79491.686,131691.143,43699.215
N,1,1,2024-05-20 19:50:00.010,1,8962,0,110250.634,31549.014,97.024,79491.905,131691.471,43699.215
N,1,1,2024-05-20 19:55:00.009,1,8963,0,110251.016,31549.014,97.024,79492.120,131691.911,43699.215
N,1,1,2024-05-20 20:00:00.012,1,8964,0,110251.478,31549.014,97.024,79492.342,131692.425,43699.215
N,1,1,2024-05-20 20:05:00.013,1,8965,0,110252.180,31549.014,97.024,79492.578,131693.167,43699.215
N,1,1,2024-05-20 20:10:00.013,1,8966,0,110252.942,31549.014,97.024,79492.817,131693.966,43699.215
N,1,1,2024-05-20 20:15:00.009,1,8967,0,110253.750,31549.014,97.024,79493.050,131694.808,43699.215
N,1,1,2024-05-20 20:20:00.005,1,8968,0,110254.693,31549.014,97.024,79493.270,131695.776,43699.215
N,1,1,2024-05-20 20:25:00.008,1,8969,0,110255.437,31549.014,97.024,79493.491,131696.553,43699.215
N,1,1,2024-05-20 20:30:00.005,1,8970,0,110256.190,31549.014,97.024,79493.724,131697.342,43699.215
N,1,1,2024-05-20 20:35:00.008,1,8971,0,110256.839,31549.014,97.024,79493.962,131698.033,43699.215
N,1,1,2024-05-20 20:40:00.008,1,8972,0,110257.219,31549.014,97.024,79494.194,131698.481,43699.215
N,1,1,2024-05-20 20:45:00.001,1,8973,0,110257.835,31549.014,97.024,79494.425,131699.139,43699.215
N,1,1,2024-05-20 20:50:00.010,1,8974,0,110258.433,31549.014,97.024,79494.665,131699.783,43699.215
N,1,1,2024-05-20 20:55:00.006,1,8975,0,110259.041,31549.014,97.024,79494.900,131700.436,43699.215
N,1,1,2024-05-20 21:00:00.016,1,8976,0,110259.656,31549.014,97.024,79495.136,131701.094,43699.215
N,1,1,2024-05-20 21:05:00.005,1,8977,0,110260.300,31549.014,97.024,79495.366,131701.778,43699.215
N,1,1,2024-05-20 21:10:00.016,1,8978,0,110261.031,31549.014,97.024,79495.587,131702.542,43699.215
N,1,1,2024-05-20 21:15:00.003,1,8979,0,110262.172,31549.014,97.024,79495.826,131703.709,43699.215
N,1,1,2024-05-20 21:20:00.018,1,8980,0,110263.082,31549.014,97.024,79496.064,131704.652,43699.215
N,1,1,2024-05-20 21:25:00.020,1,8981,0,110264.086,31549.014,97.024,79496.292,131705.682,43699.215
N,1,1,2024-05-20 21:30:00.006,1,8982,0,110264.854,31549.014,97.024,79496.519,131706.484,43699.215
N,1,1,2024-05-20 21:35:00.008,1,8983,0,110265.480,31549.014,97.024,79496.740,131707.147,43699.215
N,1,1,2024-05-20 21:40:00.005,1,8984,0,110266.127,31549.014,97.024,79496.959,131707.831,43699.215
N,1,1,2024-05-20 21:45:00.001,1,8985,0,110266.741,31549.014,97.024,79497.184,131708.485,43699.215
N,1,1,2024-05-20 21:50:00.011,1,8986,0,110267.599,31549.014,97.024,79497.406,131709.372,43699.215
N,1,1,2024-05-20 21:55:00.009,1,8987,0,110268.330,31549.014,97.024,79497.619,131710.136,43699.215
N,1,1,2024-05-20 22:00:00.020,1,8988,0,110268.786,31549.014,97.024,79497.833,131710.641,43699.215
N,1,1,2024-05-20 22:05:00.003,1,8989,0,110269.415,31549.014,97.024,79498.054,131711.308,43699.215
N,1,1,2024-05-20 22:10:00.008,1,8990,0,110270.185,31549.014,97.024,79498.273,131712.109,43699.215
N,1,1,2024-05-20 22:15:00.016,1,8991,0,110271.010,31549.014,97.024,79498.477,131712.959,43699.215
N,1,1,2024-05-20 22:20:00.002,1,8992,0,110271.548,31549.014,97.024,79498.704,131713.543,43699.215
N,1,1,2024-05-20 22:25:00.018,1,8993,0,110272.116,31549.014,97.024,79498.935,131714.156,43699.215
N,1,1,2024-05-20 22:30:00.012,1,8994,0,110272.689,31549.014,97.024,79499.161,131714.772,43699.215
N,1,1,2024-05-20 22:35:00.014,1,8995,0,110273.433,31549.014,97.024,79499.385,131715.551,43699.215
N,1,1,2024-05-20 22:40:00.019,1,8996,0,110274.011,31549.014,97.024,79499.609,131716.170,43699.215
N,1,1,2024-05-20 22:45:00.009,1,8997,0,110274.307,31549.014,97.024,79499.825,131716.536,43699.215
N,1,1,2024-05-20 22:50:00.008,1,8998,0,110274.813,31549.014,97.024,79500.041,131717.091,43699.215
N,1,1,2024-05-20 22:55:00.008,1,8999,0,110275.382,31549.014,97.024,79500.262,131717.702,43699.215
N,1,1,2024-05-20 23:00:00.003,1,9000,0,110275.681,31549.014,97.024,79500.484,131718.074,43699.215
N,1,1,2024-05-20 23:05:00.012,1,9001,0,110275.966,31549.014,97.024,79500.704,131718.434,43699.215
N,1,1,2024-05-20 23:10:00.007,1,9002,0,110276.587,31549.014,97.024,79500.927,131719.102,43699.215
N,1,1,2024-05-20 23:15:00.014,1,9003,0,110277.605,31549.014,97.024,79501.148,131720.144,43699.215
N,1,1,2024-05-20 23:20:00.012,1,9004,0,110278.448,31549.014,97.024,79501.368,131721.016,43699.215
N,1,1,2024-05-20 23:25:00.014,1,9005,0,110279.360,31549.014,97.024,79501.590,131721.955,43699.215
N,1,1,2024-05-20 23:30:00.009,1,9006,0,110280.336,31549.014,97.024,79501.813,131722.956,43699.215
N,1,1,2024-05-20 23:35:00.018,1,9007,0,110281.042,31549.014,97.024,79502.030,131723.695,43699.215
N,1,1,2024-05-20 23:40:00.007,1,9008,0,110281.716,31549.014,97.024,79502.254,131724.405,43699.215
N,1,1,2024-05-20 23:45:00.002,1,9009,0,110282.374,31549.014,97.024,79502.472,131725.099,43699.215
N,1,1,2024-05-20 23:50:00.008,1,9010,0,110283.055,31549.014,97.024,79502.703,131725.818,43699.215
N,1,1,2024-05-20 23:55:00.005,1,9011,0,110283.773,31549.014,97.024,79502.936,131726.573,43699.215
N,1,1,2024-05-21 00:00:00.008,1,9012,0,110284.478,31549.014,97.024,79503.154,131727.311,43699.215
N,1,1,2024-05-21 00:05:00.013,1,9013,0,110284.919,31549.014,97.024,79503.364,131727.801,43699.215
N,1,1,2024-05-21 00:10:00.008,1,9014,0,110285.295,31549.014,97.024,79503.576,131728.233,43699.215
N,1,1,2024-05-21 00:15:00.037,1,9015,0,110285.661,31549.014,97.024,79503.774,131728.649,43699.215
N,1,1,2024-05-21 00:20:00.000,1,9016,0,110286.006,31549.014,97.024,79503.975,131729.050,43699.215
N,1,1,2024-05-21 00:25:00.005,1,9017,0,110286.362,31549.014,97.024,79504.184,131729.463,43699.215
N,1,1,2024-05-21 00:30:00.020,1,9018,0,110286.711,31549.014,97.024,79504.395,131729.871,43699.215
N,1,1,2024-05-21 00:35:00.005,1,9019,0,110287.042,31549.014,97.024,79504.600,131730.262,43699.215
N,1,1,2024-05-21 00:40:00.009,1,9020,0,110287.397,31549.014,97.024,79504.803,131730.671,43699.215
N,1,1,2024-05-21 00:45:00.028,1,9021,0,110287.761,31549.014,97.024,79505.005,131731.088,43699.215
N,1,1,2024-05-21 00:50:00.006,1,9022,0,110288.027,31549.014,97.024,79505.200,131731.421,43699.215
N,1,1,2024-05-21 00:55:00.014,1,9023,0,110288.538,31549.014,97.024,79505.398,131731.968,43699.215
N,1,1,2024-05-21 01:00:00.038,1,9024,0,110288.915,31549.014,97.024,79505.599,131732.402,43699.215
N,1,1,2024-05-21 01:05:00.009,1,9025,0,110289.416,31549.014,97.024,79505.809,131732.946,43699.215
N,1,1,2024-05-21 01:10:00.012,1,9026,0,110289.612,31549.014,97.024,79506.015,131733.231,43699.215
N,1,1,2024-05-21 01:15:00.028,1,9027,0,110289.806,31549.014,97.024,79506.219,131733.513,43699.215
N,1,1,2024-05-21 01:20:00.015,1,9028,0,110290.004,31549.014,97.024,79506.417,131733.793,43699.215
N,1,1,2024-05-21 01:25:00.003,1,9029,0,110290.220,31549.014,97.024,79506.611,131734.083,43699.215
N,1,1,2024-05-21 01:30:00.012,1,9030,0,110290.451,31549.014,97.024,79506.806,131734.386,43699.215
N,1,1,2024-05-21 01:35:00.009,1,9031,0,110290.678,31549.014,97.024,79507.007,131734.689,43699.215
N,1,1,2024-05-21 01:40:00.012,1,9032,0,110290.886,31549.014,97.024,79507.214,131734.983,43699.215
N,1,1,2024-05-21 01:45:00.018,1,9033,0,110291.076,31549.014,97.024,79507.435,131735.275,43699.215
N,1,1,2024-05-21 01:50:00.002,1,9034,0,110291.260,31549.014,97.024,79507.659,131735.564,43699.215
N,1,1,2024-05-21 01:55:00.001,1,9035,0,110291.447,31549.014,97.024,79507.881,131735.855,43699.215
N,1,1,2024-05-21 02:00:00.001,1,9036,0,110291.644,31549.014,97.024,79508.094,131736.145,43699.215
N,1,1,2024-05-21 02:05:00.012,1,9037,0,110291.847,31549.014,97.024,79508.300,131736.435,43699.215
N,1,1,2024-05-21 02:10:00.007,1,9038,0,110292.042,31549.014,97.024,79508.506,131736.718,43699.215
N,1,1,2024-05-21 02:15:00.003,1,9039,0,110292.238,31549.014,97.024,79508.713,131737.004,43699.215
N,1,1,2024-05-21 02:20:00.019,1,9040,0,110292.443,31549.014,97.024,79508.916,131737.292,43699.215
N,1,1,2024-05-21 02:25:00.015,1,9041,0,110292.636,31549.014,97.024,79509.121,131737.573,43699.215
N,1,1,2024-05-21 02:30:00.004,1,9042,0,110292.837,31549.014,97.024,79509.323,131737.859,43699.215
N,1,1,2024-05-21 02:35:00.010,1,9043,0,110293.045,31549.014,97.024,79509.529,131738.152,43699.215
N,1,1,2024-05-21 02:40:00.012,1,9044,0,110293.236,31549.014,97.024,79509.737,131738.435,43699.215
N,1,1,2024-05-21 02:45:00.015,1,9045,0,110293.442,31549.014,97.024,79509.941,131738.725,43699.215
N,1,1,2024-05-21 02:50:00.009,1,9046,0,110293.629,31549.014,97.024,79510.148,131739.004,43699.215
N,1,1,2024-05-21 02:55:00.008,1,9047,0,110293.809,31549.014,97.024,79510.350,131739.275,43699.215
N,1,1,2024-05-21 03:00:00.015,1,9048,0,110293.992,31549.014,97.024,79510.550,131739.546,43699.215
N,1,1,2024-05-21 03:05:00.006,1,9049,0,110294.176,31549.014,97.024,79510.756,131739.822,43699.215
N,1,1,2024-05-21 03:10:00.007,1,9050,0,110294.357,31549.014,97.024,79510.966,131740.100,43699.215
N,1,1,2024-05-21 03:15:00.004,1,9051,0,110294.525,31549.014,97.024,79511.176,131740.369,43699.215
N,1,1,2024-05-21 03:20:00.001,1,9052,0,110294.695,31549.014,97.024,79511.391,131740.643,43699.215
N,1,1,2024-05-21 03:25:00.004,1,9053,0,110294.895,31549.014,97.024,79511.608,131740.938,43699.215
N,1,1,2024-05-21 03:30:00.013,1,9054,0,110295.073,31549.014,97.024,79511.819,131741.215,43699.215
N,1,1,2024-05-21 03:35:00.009,1,9055,0,110295.253,31549.014,97.024,79512.023,131741.487,43699.215
N,1,1,2024-05-21 03:40:00.017,1,9056,0,110295.445,31549.014,97.024,79512.217,131741.760,43699.215
N,1,1,2024-05-21 03:45:00.003,1,9057,0,110295.656,31549.014,97.024,79512.416,131742.050,43699.215
N,1,1,2024-05-21 03:50:00.017,1,9058,0,110295.845,31549.014,97.024,79512.618,131742.327,43699.215
N,1,1,2024-05-21 03:55:00.003,1,9059,0,110296.026,31549.014,97.024,79512.821,131742.599,43699.215
N,1,1,2024-05-21 04:00:00.000,1,9060,0,110296.208,31549.014,97.024,79513.030,131742.876,43699.215
N,1,1,2024-05-21 04:05:00.005,1,9061,0,110296.396,31549.014,97.024,79513.245,131743.162,43699.215
N,1,1,2024-05-21 04:10:00.012,1,9062,0,110296.593,31549.014,97.024,79513.458,131743.452,43699.215
N,1,1,2024-05-21 04:15:00.010,1,9063,0,110296.776,31549.014,97.024,79513.672,131743.734,43699.215
N,1,1,2024-05-21 04:20:00.013,1,9064,0,110296.989,31549.014,97.024,79513.880,131744.032,43699.215
N,1,1,2024-05-21 04:25:00.012,1,9065,0,110297.188,31549.014,97.024,79514.079,131744.313,43699.215
N,1,1,2024-05-21 04:30:00.008,1,9066,0,110297.502,31549.014,97.024,79514.284,131744.697,43699.215
N,1,1,2024-05-21 04:35:00.019,1,9067,0,110297.982,31549.014,97.024,79514.491,131745.221,43699.215
N,1,1,2024-05-21 04:40:00.011,1,9068,0,110298.180,31549.014,97.024,79514.699,131745.508,43699.215
N,1,1,2024-05-21 04:45:00.017,1,9069,0,110298.387,31549.014,97.024,79514.906,131745.800,43699.215
N,1,1,2024-05-21 04:50:00.001,1,9070,0,110298.640,31549.014,97.024,79515.114,131746.134,43699.215
N,1,1,2024-05-21 04:55:00.000,1,9071,0,110299.113,31549.014,97.024,79515.321,131746.650,43699.215
N,1,1,2024-05-21 05:00:00.006,1,9072,0,110299.363,31549.014,97.024,79515.524,131746.979,43699.215
N,1,1,2024-05-21 05:05:00.003,1,9073,0,110299.559,31549.014,97.024,79515.726,131747.261,43699.215
N,1,1,2024-05-21 05:10:00.006,1,9074,0,110299.798,31549.014,97.024,79515.933,131747.577,43699.215
N,1,1,2024-05-21 05:15:00.004,1,9075,0,110300.073,31549.014,97.024,79516.148,131747.931,43699.215
N,1,1,2024-05-21 05:20:00.014,1,9076,0,110300.587,31549.014,97.024,79516.367,131748.489,43699.215
N,1,1,2024-05-21 05:25:00.010,1,9077,0,110300.851,31549.014,97.024,79516.577,131748.834,43699.215
N,1,1,2024-05-21 05:30:00.017,1,9078,0,110301.167,31549.014,97.024,79516.792,131749.224,43699.215
N,1,1,2024-05-21 05:35:00.009,1,9079,0,110301.654,31549.014,97.024,79517.012,131749.759,43699.215
N,1,1,2024-05-21 05:40:00.009,1,9080,0,110301.986,31549.014,97.024,79517.233,131750.167,43699.215
N,1,1,2024-05-21 05:45:00.018,1,9081,0,110302.180,31549.014,97.024,79517.452,131750.459,43699.215
N,1,1,2024-05-21 05:50:00.004,1,9082,0,110302.380,31549.014,97.024,79517.668,131750.754,43699.215
N,1,1,2024-05-21 05:55:00.003,1,9083,0,110302.550,31549.014,97.024,79517.880,131751.026,43699.215
N,1,1,2024-05-21 06:00:00.010,1,9084,0,110302.799,31549.014,97.024,79518.082,131751.350,43699.215
N,1,1,2024-05-21 06:05:00.004,1,9085,0,110303.044,31549.014,97.025,79518.280,131751.669,43699.215
N,1,1,2024-05-21 06:10:00.015,1,9086,0,110303.253,31549.014,97.025,79518.487,131751.963,43699.215
N,1,1,2024-05-21 06:15:00.008,1,9087,0,110303.734,31549.014,97.025,79518.701,131752.490,43699.215
N,1,1,2024-05-21 06:20:00.019,1,9088,0,110304.229,31549.014,97.025,79518.913,131753.029,43699.215
N,1,1,2024-05-21 06:25:00.013,1,9089,0,110304.714,31549.014,97.025,79519.128,131753.559,43699.215
N,1,1,2024-05-21 06:30:00.020,1,9090,0,110305.201,31549.014,97.025,79519.347,131754.093,43699.215
N,1,1,2024-05-21 06:35:00.010,1,9091,0,110305.690,31549.014,97.025,79519.561,131754.627,43699.215
N,1,1,2024-05-21 06:40:00.001,1,9092,0,110306.181,31549.014,97.025,79519.771,131755.161,43699.215
N,1,1,2024-05-21 06:45:00.012,1,9093,0,110306.685,31549.014,97.025,79519.987,131755.710,43699.215
N,1,1,2024-05-21 06:50:00.000,1,9094,0,110307.149,31549.014,97.025,79520.207,131756.225,43699.215
N,1,1,2024-05-21 06:55:00.001,1,9095,0,110307.882,31549.014,97.025,79520.431,131756.993,43699.215
N,1,1,2024-05-21 07:00:00.044,1,9096,0,110308.625,31549.014,97.025,79520.661,131757.772,43699.215
N,1,1,2024-05-21 07:05:00.010,1,9097,0,110309.342,31549.014,97.025,79520.875,131758.521,43699.215
N,1,1,2024-05-21 07:10:00.003,1,9098,0,110310.159,31549.014,97.025,79521.088,131759.366,43699.215
N,1,1,2024-05-21 07:15:00.023,1,9099,0,110311.077,31549.014,97.025,79521.296,131760.308,43699.215
N,1,1,2024-05-21 07:20:00.013,1,9100,0,110311.808,31549.014,97.025,79521.490,131761.065,43699.215
N,1,1,2024-05-21 07:25:00.009,1,9101,0,110312.758,31549.014,97.025,79521.696,131762.036,43699.215
N,1,1,2024-05-21 07:30:00.050,1,9102,0,110313.710,31549.014,97.025,79521.902,131763.011,43699.215
N,1,1,2024-05-21 07:35:00.020,1,9103,0,110314.687,31549.014,97.025,79522.110,131764.010,43699.215
N,1,1,2024-05-21 07:40:00.001,1,9104,0,110315.468,31549.014,97.025,79522.328,131764.821,43699.215
N,1,1,2024-05-21 07:45:00.018,1,9105,0,110315.896,31549.014,97.025,79522.531,131765.296,43699.215
N,1,1,2024-05-21 07:50:00.017,1,9106,0,110316.187,31549.014,97.025,79522.730,131765.659,43699.215
N,1,1,2024-05-21 07:55:00.005,1,9107,0,110316.302,31549.014,97.025,79522.932,131765.892,43699.215
N,1,1,2024-05-21 08:00:00.000,1,9108,0,110316.429,31549.014,97.025,79523.137,131766.133,43699.215
N,1,1,2024-05-21 08:05:00.018,1,9109,0,110316.555,31549.014,97.025,79523.346,131766.378,43699.215
N,1,1,2024-05-21 08:10:00.004,1,9110,0,110316.904,31549.014,97.025,79523.559,131766.800,43699.215
N,1,1,2024-05-21 08:15:00.012,1,9111,0,110317.270,31549.014,97.025,79523.771,131767.228,43699.215
N,1,1,2024-05-21 08:20:00.002,1,9112,0,110317.394,31549.014,97.025,79523.972,131767.470,43699.215
N,1,1,2024-05-21 08:25:00.013,1,9113,0,110317.891,31549.014,97.025,79524.178,131768.011,43699.215
N,1,1,2024-05-21 08:30:00.019,1,9114,0,110318.728,31549.014,97.025,79524.385,131768.874,43699.215
N,1,1,2024-05-21 08:35:00.018,1,9115,0,110319.313,31549.014,97.025,79524.589,131769.498,43699.215
N,1,1,2024-05-21 08:40:00.007,1,9116,0,110320.152,31549.014,97.025,79524.799,131770.366,43699.215
N,1,1,2024-05-21 08:45:00.016,1,9117,0,110321.108,31549.014,97.025,79525.007,131771.345,43699.215
N,1,1,2024-05-21 08:50:00.018,1,9118,0,110321.839,31549.014,97.025,79525.217,131772.106,43699.215
N,1,1,2024-05-21 08:55:00.011,1,9119,0,110322.349,31549.014,97.025,79525.430,131772.660,43699.215
N,1,1,2024-05-21 09:00:00.004,1,9120,0,110322.466,31549.022,97.025,79525.637,131772.879,43699.250
N,1,1,2024-05-21 09:05:00.002,1,9121,0,110322.588,31549.031,97.025,79525.847,131773.056,43699.344
N,1,1,2024-05-21 09:10:00.002,1,9122,0,110322.902,31549.031,97.025,79526.061,131773.436,43699.344
N,1,1,2024-05-21 09:15:00.013,1,9123,0,110323.152,31549.031,97.025,79526.267,131773.763,43699.344
N,1,1,2024-05-21 09:20:00.014,1,9124,0,110323.355,31549.031,97.025,79526.467,131774.050,43699.344
N,1,1,2024-05-21 09:25:00.012,1,9125,0,110323.532,31549.031,97.025,79526.668,131774.318,43699.344
N,1,1,2024-05-21 09:30:00.010,1,9126,0,110323.712,31549.031,97.025,79526.876,131774.595,43699.344
N,1,1,2024-05-21 09:35:00.010,1,9127,0,110323.801,31549.054,97.025,79527.075,131774.768,43699.406
N,1,1,2024-05-21 09:40:00.006,1,9128,0,110323.827,31549.054,97.025,79527.270,131774.956,43699.415
N,1,1,2024-05-21 09:45:00.008,1,9129,0,110323.833,31549.106,97.026,79527.453,131774.984,43699.589
N,1,1,2024-05-21 09:50:00.006,1,9130,0,110323.848,31549.119,97.026,79527.623,131775.080,43699.668
N,1,1,2024-05-21 09:55:00.010,1,9131,0,110323.853,31549.127,97.026,79527.792,131775.147,43699.772
N,1,1,2024-05-21 10:00:00.014,1,9132,0,110323.864,31549.200,97.026,79527.964,131775.209,43699.915
N,1,1,2024-05-21 10:05:00.019,1,9133,0,110323.868,31549.204,97.026,79528.149,131775.294,43700.016
N,1,1,2024-05-21 10:10:00.016,1,9134,0,110323.881,31549.207,97.026,79528.341,131775.429,43700.075
N,1,1,2024-05-21 10:15:00.019,1,9135,0,110324.135,31549.207,97.026,79528.535,131775.760,43700.075
N,1,1,2024-05-21 10:20:00.015,1,9136,0,110324.315,31549.216,97.026,79528.730,131775.978,43700.149
N,1,1,2024-05-21 10:25:00.010,1,9137,0,110324.324,31549.289,97.026,79528.912,131776.050,43700.289
N,1,1,2024-05-21 10:30:00.012,1,9138,0,110324.329,31549.292,97.026,79529.092,131776.142,43700.378
N,1,1,2024-05-21 10:35:00.016,1,9139,0,110324.332,31549.298,97.026,79529.267,131776.222,43700.474
N,1,1,2024-05-21 10:40:00.000,1,9140,0,110324.341,31549.303,97.026,79529.445,131776.299,43700.578
N,1,1,2024-05-21 10:45:00.003,1,9141,0,110324.352,31549.367,97.026,79529.622,131776.361,43700.716
N,1,1,2024-05-21 10:50:00.004,1,9142,0,110324.357,31549.379,97.026,79529.813,131776.446,43700.824
N,1,1,2024-05-21 10:55:00.004,1,9143,0,110324.361,31549.383,97.026,79530.009,131776.524,43700.943
N,1,1,2024-05-21 11:00:00.006,1,9144,0,110324.365,31549.386,97.026,79530.204,131776.631,43701.031
N,1,1,2024-05-21 11:05:00.019,1,9145,0,110324.371,31549.390,97.026,79530.399,131776.743,43701.115
N,1,1,2024-05-21 11:10:00.016,1,9146,0,110324.372,31549.398,97.026,79530.578,131776.788,43701.250
N,1,1,2024-05-21 11:15:00.004,1,9147,0,110324.377,31549.404,97.026,79530.756,131776.861,43701.356
N,1,1,2024-05-21 11:20:00.002,1,9148,0,110324.382,31549.407,97.026,79530.935,131776.961,43701.434
N,1,1,2024-05-21 11:25:00.015,1,9149,0,110324.385,31549.412,97.026,79531.112,131777.041,43701.532
N,1,1,2024-05-21 11:30:00.007,1,9150,0,110324.387,31549.417,97.026,79531.292,131777.108,43701.645
N,1,1,2024-05-21 11:35:00.006,1,9151,0,110324.392,31549.424,97.026,79531.483,131777.197,43701.748
N,1,1,2024-05-21 11:40:00.017,1,9152,0,110324.395,31549.426,97.026,79531.684,131777.306,43701.840
N,1,1,2024-05-21 11:45:00.011,1,9153,0,110324.401,31549.484,97.026,79531.880,131777.351,43702.013
N,1,1,2024-05-21 11:50:00.001,1,9154,0,110324.414,31549.488,97.026,79532.080,131777.466,43702.100
N,1,1,2024-05-21 11:55:00.019,1,9155,0,110324.425,31549.497,97.026,79532.271,131777.526,43702.235
N,1,1,2024-05-21 12:00:00.010,1,9156,0,110324.430,31549.501,97.026,79532.445,131777.613,43702.322
N,1,1,2024-05-21 12:05:00.005,1,9157,0,110324.435,31549.596,97.026,79532.618,131777.653,43702.497
N,1,1,2024-05-21 12:10:00.002,1,9158,0,110324.449,31549.604,97.026,79532.784,131777.745,43702.573
N,1,1,2024-05-21 12:15:00.002,1,9159,0,110324.460,31549.611,97.026,79532.948,131777.851,43702.633
N,1,1,2024-05-21 12:20:00.003,1,9160,0,110324.464,31549.619,97.026,79533.135,131777.925,43702.747
N,1,1,2024-05-21 12:25:00.000,1,9161,0,110324.471,31549.625,97.026,79533.326,131778.022,43702.843
N,1,1,2024-05-21 12:30:00.018,1,9162,0,110324.481,31549.643,97.026,79533.523,131778.073,43702.993
N,1,1,2024-05-21 12:35:00.007,1,9163,0,110324.495,31549.662,97.026,79533.716,131778.164,43703.099
N,1,1,2024-05-21 12:40:00.011,1,9164,0,110324.515,31549.712,97.026,79533.900,131778.245,43703.229
N,1,1,2024-05-21 12:45:00.016,1,9165,0,110324.523,31549.730,97.026,79534.081,131778.303,43703.355
N,1,1,2024-05-21 12:50:00.001,1,9166,0,110324.576,31549.743,97.026,79534.262,131778.439,43703.417
N,1,1,2024-05-21 12:55:00.013,1,9167,0,110324.613,31549.780,97.026,79534.450,131778.577,43703.488
N,1,1,2024-05-21 13:00:00.011,1,9168,0,110324.622,31549.876,97.026,79534.634,131778.634,43703.662
N,1,1,2024-05-21 13:05:00.001,1,9169,0,110324.633,31549.918,97.026,79534.829,131778.694,43703.811
N,1,1,2024-05-21 13:10:00.009,1,9170,0,110324.639,31549.924,97.026,79535.027,131778.795,43703.909
N,1,1,2024-05-21 13:15:00.000,1,9171,0,110324.650,31549.929,97.026,79535.217,131778.915,43703.981
N,1,1,2024-05-21 13:20:00.016,1,9172,0,110324.747,31549.932,97.026,79535.403,131779.089,43704.033
N,1,1,2024-05-21 13:25:00.007,1,9173,0,110324.864,31549.935,97.026,79535.579,131779.287,43704.056
N,1,1,2024-05-21 13:30:00.000,1,9174,0,110324.871,31550.062,97.026,79535.745,131779.301,43704.271
N,1,1,2024-05-21 13:35:00.014,1,9175,0,110324.878,31550.081,97.026,79535.923,131779.373,43704.379
N,1,1,2024-05-21 13:40:00.011,1,9176,0,110324.898,31550.109,97.026,79536.106,131779.430,43704.519
N,1,1,2024-05-21 13:45:00.019,1,9177,0,110324.904,31550.136,97.026,79536.290,131779.524,43704.618
N,1,1,2024-05-21 13:50:00.012,1,9178,0,110324.918,31550.179,97.026,79536.491,131779.617,43704.742
N,1,1,2024-05-21 13:55:00.009,1,9179,0,110324.933,31550.241,97.026,79536.690,131779.683,43704.900
N,1,1,2024-05-21 14:00:00.002,1,9180,0,110324.940,31550.249,97.026,79536.878,131779.769,43705.003
N,1,1,2024-05-21 14:05:00.001,1,9181,0,110324.944,31550.252,97.026,79537.064,131779.863,43705.096
N,1,1,2024-05-21 14:10:00.002,1,9182,0,110324.949,31550.256,97.026,79537.228,131779.956,43705.168
N,1,1,2024-05-21 14:15:00.010,1,9183,0,110324.984,31550.261,97.026,79537.415,131780.097,43705.218
N,1,1,2024-05-21 14:20:00.009,1,9184,0,110325.060,31550.262,97.026,79537.609,131780.292,43705.237
N,1,1,2024-05-21 14:25:00.017,1,9185,0,110325.076,31550.269,97.026,79537.793,131780.404,43705.314
N,1,1,2024-05-21 14:30:00.005,1,9186,0,110325.101,31550.276,97.026,79537.983,131780.543,43705.369
N,1,1,2024-05-21 14:35:00.010,1,9187,0,110325.123,31550.282,97.026,79538.168,131780.680,43705.425
N,1,1,2024-05-21 14:40:00.015,1,9188,0,110325.264,31550.282,97.044,79538.342,131780.929,43705.433
N,1,1,2024-05-21 14:45:00.004,1,9189,0,110325.510,31550.282,97.054,79538.520,131781.252,43705.433
N,1,1,2024-05-21 14:50:00.018,1,9190,0,110325.654,31550.282,97.054,79538.701,131781.485,43705.433
N,1,1,2024-05-21 14:55:00.003,1,9191,0,110325.942,31550.284,97.054,79538.888,131781.831,43705.439
N,1,1,2024-05-21 15:00:00.000,1,9192,0,110326.249,31550.284,97.054,79539.079,131782.195,43705.439
N,1,1,2024-05-21 15:05:00.006,1,9193,0,110326.291,31550.309,97.054,79539.266,131782.289,43705.558
N,1,1,2024-05-21 15:10:00.004,1,9194,0,110326.318,31550.324,97.054,79539.446,131782.372,43705.661
N,1,1,2024-05-21 15:15:00.003,1,9195,0,110326.331,31550.349,97.054,79539.642,131782.429,43705.808
N,1,1,2024-05-21 15:20:00.015,1,9196,0,110326.342,31550.377,97.054,79539.832,131782.490,43705.945
N,1,1,2024-05-21 15:25:00.005,1,9197,0,110326.383,31550.448,97.054,79540.008,131782.572,43706.084
N,1,1,2024-05-21 15:30:00.003,1,9198,0,110326.393,31550.493,97.085,79540.161,131782.630,43706.224
N,1,1,2024-05-21 15:35:00.014,1,9199,0,110326.407,31550.495,97.085,79540.355,131782.764,43706.286
N,1,1,2024-05-21 15:40:00.006,1,9200,0,110326.411,31550.500,97.085,79540.534,131782.862,43706.367
N,1,1,2024-05-21 15:45:00.013,1,9201,0,110326.442,31550.512,97.085,79540.715,131782.974,43706.446
N,1,1,2024-05-21 15:50:00.011,1,9202,0,110326.513,31550.541,97.085,79540.904,131783.104,43706.541
N,1,1,2024-05-21 15:55:00.019,1,9203,0,110326.549,31550.562,97.085,79541.089,131783.196,43706.647
N,1,1,2024-05-21 16:00:00.009,1,9204,0,110326.639,31550.574,97.085,79541.282,131783.347,43706.732
N,1,1,2024-05-21 16:05:00.010,1,9205,0,110326.682,31550.604,97.085,79541.476,131783.445,43706.852
N,1,1,2024-05-21 16:10:00.005,1,9206,0,110326.701,31550.636,97.085,79541.676,131783.513,43706.990
N,1,1,2024-05-21 16:15:00.006,1,9207,0,110326.724,31550.669,97.085,79541.870,131783.593,43707.115
N,1,1,2024-05-21 16:20:00.019,1,9208,0,110326.743,31550.713,97.085,79542.061,131783.657,43707.259
N,1,1,2024-05-21 16:25:00.018,1,9209,0,110326.757,31550.724,97.085,79542.256,131783.724,43707.391
N,1,1,2024-05-21 16:30:00.003,1,9210,0,110326.769,31550.742,97.085,79542.446,131783.823,43707.490
N,1,1,2024-05-21 16:35:00.014,1,9211,0,110326.780,31550.748,97.085,79542.643,131783.903,43707.611
N,1,1,2024-05-21 16:40:00.009,1,9212,0,110327.069,31550.748,97.085,79542.832,131784.256,43707.611
N,1,1,2024-05-21 16:45:00.001,1,9213,0,110327.319,31550.748,97.119,79542.984,131784.570,43707.611
N,1,1,2024-05-21 16:50:00.017,1,9214,0,110327.446,31550.756,97.119,79543.184,131784.789,43707.652
N,1,1,2024-05-21 16:55:00.010,1,9215,0,110327.726,31550.757,97.119,79543.378,131785.127,43707.656
N,1,1,2024-05-21 17:00:00.014,1,9216,0,110327.796,31550.757,97.119,79543.564,131785.332,43707.672
N,1,1,2024-05-21 17:05:00.018,1,9217,0,110328.001,31550.757,97.119,79543.745,131785.627,43707.672
N,1,1,2024-05-21 17:10:00.004,1,9218,0,110328.340,31550.757,97.119,79543.928,131786.012,43707.672
N,1,1,2024-05-21 17:15:00.001,1,9219,0,110328.537,31550.757,97.119,79544.116,131786.307,43707.672
N,1,1,2024-05-21 17:20:00.015,1,9220,0,110328.570,31550.773,97.119,79544.315,131786.397,43707.798
N,1,1,2024-05-21 17:25:00.012,1,9221,0,110328.572,31550.776,97.119,79544.523,131786.497,43707.906
N,1,1,2024-05-21 17:30:00.017,1,9222,0,110328.574,31550.778,97.119,79544.751,131786.608,43708.023
N,1,1,2024-05-21 17:35:00.002,1,9223,0,110328.591,31550.796,97.119,79544.974,131786.704,43708.155
N,1,1,2024-05-21 17:40:00.015,1,9224,0,110328.843,31550.804,97.119,79545.197,131787.023,43708.204
N,1,1,2024-05-21 17:45:00.010,1,9225,0,110329.350,31550.804,97.119,79545.409,131787.576,43708.204
N,1,1,2024-05-21 17:50:00.007,1,9226,0,110329.762,31550.804,97.119,79545.609,131788.034,43708.204
N,1,1,2024-05-21 17:55:00.019,1,9227,0,110330.298,31550.804,97.119,79545.817,131788.610,43708.204
N,1,1,2024-05-21 18:00:00.016,1,9228,0,110330.572,31550.804,97.119,79546.025,131788.961,43708.204
N,1,1,2024-05-21 18:05:00.017,1,9229,0,110330.977,31550.804,97.119,79546.221,131789.413,43708.204
N,1,1,2024-05-21 18:10:00.007,1,9230,0,110331.178,31550.814,97.119,79546.412,131789.675,43708.249
N,1,1,2024-05-21 18:15:00.019,1,9231,0,110331.197,31550.835,97.119,79546.602,131789.720,43708.400
N,1,1,2024-05-21 18:20:00.012,1,9232,0,110331.213,31550.839,97.119,79546.796,131789.798,43708.523
N,1,1,2024-05-21 18:25:00.008,1,9233,0,110331.223,31550.840,97.119,79546.996,131789.928,43708.594
N,1,1,2024-05-21 18:30:00.009,1,9234,0,110331.421,31550.840,97.119,79547.212,131790.239,43708.594
N,1,1,2024-05-21 18:35:00.006,1,9235,0,110331.871,31550.840,97.119,79547.447,131790.748,43708.594
N,1,1,2024-05-21 18:40:00.013,1,9236,0,110332.292,31550.840,97.119,79547.681,131791.231,43708.594
N,1,1,2024-05-21 18:45:00.014,1,9237,0,110332.599,31550.840,97.119,79547.912,131791.616,43708.594
N,1,1,2024-05-21 18:50:00.005,1,9238,0,110332.888,31550.840,97.119,79548.139,131791.983,43708.594
N,1,1,2024-05-21 18:55:00.009,1,9239,0,110333.197,31550.840,97.119,79548.384,131792.379,43708.594
N,1,1,2024-05-21 19:00:00.013,1,9240,0,110333.508,31550.840,97.119,79548.636,131792.778,43708.594
N,1,1,2024-05-21 19:05:00.007,1,9241,0,110333.965,31550.840,97.119,79548.890,131793.305,43708.594
N,1,1,2024-05-21 19:10:00.009,1,9242,0,110334.571,31550.840,97.119,79549.138,131793.960,43708.594
N,1,1,2024-05-21 19:15:00.017,1,9243,0,110335.149,31550.840,97.119,79549.381,131794.588,43708.594
N,1,1,2024-05-21 19:20:00.019,1,9244,0,110335.706,31550.840,97.119,79549.607,131795.189,43708.594
N,1,1,2024-05-21 19:25:00.015,1,9245,0,110336.145,31550.840,97.119,79549.831,131795.683,43708.594
N,1,1,2024-05-21 19:30:00.003,1,9246,0,110336.657,31550.840,97.119,79550.055,131796.244,43708.594
N,1,1,2024-05-21 19:35:00.013,1,9247,0,110337.568,31550.840,97.119,79550.287,131797.188,43708.594
N,1,1,2024-05-21 19:40:00.010,1,9248,0,110338.557,31550.840,97.119,79550.527,131798.209,43708.594
N,1,1,2024-05-21 19:45:00.005,1,9249,0,110338.921,31550.840,97.119,79550.768,131798.646,43708.594
N,1,1,2024-05-21 19:50:00.009,1,9250,0,110339.252,31550.840,97.119,79551.005,131799.054,43708.594
N,1,1,2024-05-21 19:55:00.015,1,9251,0,110339.574,31550.840,97.119,79551.232,131799.447,43708.594
N,1,1,2024-05-21 20:00:00.005,1,9252,0,110339.893,31550.840,97.119,79551.458,131799.839,43708.594
N,1,1,2024-05-21 20:05:00.017,1,9253,0,110340.343,31550.840,97.119,79551.687,131800.347,43708.594
N,1,1,2024-05-21 20:10:00.018,1,9254,0,110340.935,31550.840,97.119,79551.918,131800.982,43708.594
N,1,1,2024-05-21 20:15:00.005,1,9255,0,110341.556,31550.840,97.119,79552.146,131801.644,43708.594
N,1,1,2024-05-21 20:20:00.002,1,9256,0,110341.913,31550.840,97.119,79552.385,131802.077,43708.594
N,1,1,2024-05-21 20:25:00.009,1,9257,0,110342.255,31550.840,97.119,79552.628,131802.497,43708.594
N,1,1,2024-05-21 20:30:00.006,1,9258,0,110342.564,31550.840,97.119,79552.860,131802.883,43708.594
N,1,1,2024-05-21 20:35:00.011,1,9259,0,110343.115,31550.840,97.119,79553.092,131803.484,43708.594
N,1,1,2024-05-21 20:40:00.011,1,9260,0,110343.737,31550.840,97.119,79553.323,131804.148,43708.594
N,1,1,2024-05-21 20:45:00.018,1,9261,0,110344.217,31550.840,97.119,79553.551,131804.683,43708.594
N,1,1,2024-05-21 20:50:00.000,1,9262,0,110344.736,31550.840,97.119,79553.776,131805.252,43708.594
N,1,1,2024-05-21 20:55:00.002,1,9263,0,110345.202,31550.840,97.119,79554.002,131805.774,43708.594
N,1,1,2024-05-21 21:00:00.015,1,9264,0,110345.497,31550.840,97.119,79554.227,131806.146,43708.594
N,1,1,2024-05-21 21:05:00.004,1,9265,0,110345.809,31550.840,97.119,79554.453,131806.530,43708.594
N,1,1,2024-05-21 21:10:00.013,1,9266,0,110346.388,31550.840,97.119,79554.696,131807.158,43708.594
N,1,1,2024-05-21 21:15:00.008,1,9267,0,110347.251,31550.840,97.119,79554.943,131808.057,43708.594
N,1,1,2024-05-21 21:20:00.004,1,9268,0,110348.162,31550.840,97.119,79555.185,131809.000,43708.594
N,1,1,2024-05-21 21:25:00.013,1,9269,0,110348.627,31550.840,97.119,79555.413,131809.525,43708.594
N,1,1,2024-05-21 21:30:00.017,1,9270,0,110349.215,31550.840,97.119,79555.631,131810.153,43708.594
N,1,1,2024-05-21 21:35:00.008,1,9271,0,110350.076,31550.840,97.119,79555.854,131811.043,43708.594
N,1,1,2024-05-21 21:40:00.016,1,9272,0,110351.069,31550.840,97.119,79556.076,131812.061,43708.594
N,1,1,2024-05-21 21:45:00.015,1,9273,0,110352.125,31550.840,97.119,79556.297,131813.141,43708.594
N,1,1,2024-05-21 21:50:00.002,1,9274,0,110353.199,31550.840,97.119,79556.528,131814.239,43708.594
N,1,1,2024-05-21 21:55:00.006,1,9275,0,110354.174,31550.840,97.119,79556.760,131815.242,43708.594
N,1,1,2024-05-21 22:00:00.021,1,9276,0,110355.134,31550.840,97.119,79556.995,131816.231,43708.594
N,1,1,2024-05-21 22:05:00.019,1,9277,0,110356.267,31550.840,97.119,79557.237,131817.389,43708.594
N,1,1,2024-05-21 22:10:00.017,1,9278,0,110357.403,31550.840,97.119,79557.479,131818.551,43708.594
N,1,1,2024-05-21 22:15:00.009,1,9279,0,110358.423,31550.840,97.119,79557.717,131819.598,43708.594
N,1,1,2024-05-21 22:20:00.011,1,9280,0,110359.061,31550.840,97.119,79557.947,131820.277,43708.594
N,1,1,2024-05-21 22:25:00.019,1,9281,0,110359.690,31550.840,97.119,79558.168,131820.944,43708.594
N,1,1,2024-05-21 22:30:00.002,1,9282,0,110360.205,31550.840,97.119,79558.393,131821.507,43708.594
N,1,1,2024-05-21 22:35:00.015,1,9283,0,110360.648,31550.840,97.119,79558.617,131822.006,43708.594
N,1,1,2024-05-21 22:40:00.005,1,9284,0,110361.070,31550.840,97.119,79558.843,131822.486,43708.594
N,1,1,2024-05-21 22:45:00.000,1,9285,0,110361.434,31550.840,97.119,79559.066,131822.914,43708.594
N,1,1,2024-05-21 22:50:00.019,1,9286,0,110361.747,31550.840,97.119,79559.285,131823.296,43708.594
N,1,1,2024-05-21 22:55:00.018,1,9287,0,110362.092,31550.840,97.119,79559.505,131823.707,43708.594
N,1,1,2024-05-21 23:00:00.005,1,9288,0,110362.621,31550.840,97.119,79559.721,131824.281,43708.594
N,1,1,2024-05-21 23:05:00.000,1,9289,0,110363.136,31550.840,97.119,79559.943,131824.845,43708.594
N,1,1,2024-05-21 23:10:00.012,1,9290,0,110363.417,31550.840,97.119,79560.169,131825.206,43708.594
N,1,1,2024-05-21 23:15:00.009,1,9291,0,110363.689,31550.840,97.119,79560.390,131825.557,43708.594
N,1,1,2024-05-21 23:20:00.018,1,9292,0,110364.159,31550.840,97.119,79560.610,131826.079,43708.594
N,1,1,2024-05-21 23:25:00.007,1,9293,0,110364.707,31550.840,97.119,79560.833,131826.670,43708.594
N,1,1,2024-05-21 23:30:00.011,1,9294,0,110365.170,31550.840,97.119,79561.049,131827.185,43708.594
N,1,1,2024-05-21 23:35:00.017,1,9295,0,110365.617,31550.840,97.119,79561.264,131827.686,43708.594
N,1,1,2024-05-21 23:40:00.014,1,9296,0,110366.281,31550.840,97.119,79561.485,131828.386,43708.594
N,1,1,2024-05-21 23:45:00.020,1,9297,0,110367.267,31550.840,97.119,79561.726,131829.401,43708.594
N,1,1,2024-05-21 23:50:00.006,1,9298,0,110368.063,31550.840,97.119,79561.963,131830.233,43708.594
N,1,1,2024-05-21 23:55:00.002,1,9299,0,110368.723,31550.840,97.119,79562.204,131830.935,43708.594
N,1,1,2024-05-22 00:00:00.013,1,9300,0,110369.580,31550.840,97.119,79562.434,131831.824,43708.594
N,1,1,2024-05-22 00:05:00.017,1,9301,0,110370.610,31550.840,97.119,79562.646,131832.876,43708.594
N,1,1,2024-05-22 00:10:00.018,1,9302,0,110371.589,31550.840,97.119,79562.849,131833.875,43708.594
N,1,1,2024-05-22 00:15:00.035,1,9303,0,110372.209,31550.840,97.119,79563.041,131834.528,43708.594
N,1,1,2024-05-22 00:20:00.003,1,9304,0,110372.457,31550.840,97.119,79563.231,131834.840,43708.594
N,1,1,2024-05-22 00:25:00.016,1,9305,0,110372.715,31550.840,97.119,79563.425,131835.163,43708.594
N,1,1,2024-05-22 00:30:00.056,1,9306,0,110373.033,31550.840,97.119,79563.630,131835.544,43708.594
N,1,1,2024-05-22 00:35:00.006,1,9307,0,110373.293,31550.840,97.119,79563.836,131835.876,43708.594
N,1,1,2024-05-22 00:40:00.008,1,9308,0,110373.518,31550.840,97.119,79564.050,131836.186,43708.594
N,1,1,2024-05-22 00:45:00.017,1,9309,0,110373.713,31550.840,97.119,79564.264,131836.476,43708.594
N,1,1,2024-05-22 00:50:00.002,1,9310,0,110373.909,31550.840,97.119,79564.475,131836.764,43708.594
N,1,1,2024-05-22 00:55:00.002,1,9311,0,110374.113,31550.840,97.119,79564.674,131837.049,43708.594
N,1,1,2024-05-22 01:00:00.002,1,9312,0,110374.317,31550.840,97.119,79564.877,131837.337,43708.594
N,1,1,2024-05-22 01:05:00.013,1,9313,0,110374.519,31550.840,97.119,79565.083,131837.626,43708.594
N,1,1,2024-05-22 01:10:00.015,1,9314,0,110374.703,31550.840,97.119,79565.293,131837.905,43708.594
N,1,1,2024-05-22 01:15:00.005,1,9315,0,110374.874,31550.840,97.119,79565.504,131838.176,43708.594
N,1,1,2024-05-22 01:20:00.012,1,9316,0,110375.290,31550.840,97.119,79565.717,131838.655,43708.594
N,1,1,2024-05-22 01:25:00.014,1,9317,0,110375.963,31550.840,97.119,79565.928,131839.361,43708.594
N,1,1,2024-05-22 01:30:00.012,1,9318,0,110376.223,31550.840,97.119,79566.132,131839.702,43708.594
N,1,1,2024-05-22 01:35:00.012,1,9319,0,110376.395,31550.840,97.119,79566.336,131839.968,43708.594
N,1,1,2024-05-22 01:40:00.013,1,9320,0,110376.576,31550.840,97.119,79566.535,131840.238,43708.594
N,1,1,2024-05-22 01:45:00.017,1,9321,0,110376.762,31550.840,97.119,79566.736,131840.512,43708.594
N,1,1,2024-05-22 01:50:00.005,1,9322,0,110376.938,31550.840,97.119,79566.944,131840.785,43708.594
N,1,1,2024-05-22 01:55:00.002,1,9323,0,110377.109,31550.840,97.119,79567.153,131841.055,43708.594
N,1,1,2024-05-22 02:00:00.010,1,9324,0,110377.279,31550.840,97.119,79567.363,131841.325,43708.594
N,1,1,2024-05-22 02:05:00.014,1,9325,0,110377.451,31550.840,97.119,79567.576,131841.599,43708.594
N,1,1,2024-05-22 02:10:00.019,1,9326,0,110377.626,31550.840,97.119,79567.788,131841.874,43708.594
N,1,1,2024-05-22 02:15:00.014,1,9327,0,110377.801,31550.840,97.119,79567.996,131842.146,43708.594
N,1,1,2024-05-22 02:20:00.009,1,9328,0,110377.985,31550.840,97.119,79568.202,131842.423,43708.594
N,1,1,2024-05-22 02:25:00.010,1,9329,0,110378.158,31550.840,97.119,79568.414,131842.696,43708.594
N,1,1,2024-05-22 02:30:00.003,1,9330,0,110378.345,31550.840,97.119,79568.616,131842.972,43708.594
N,1,1,2024-05-22 02:35:00.000,1,9331,0,110378.528,31550.840,97.119,79568.816,131843.243,43708.594
N,1,1,2024-05-22 02:40:00.019,1,9332,0,110378.699,31550.840,97.119,79569.018,131843.507,43708.594
N,1,1,2024-05-22 02:45:00.013,1,9333,0,110378.871,31550.840,97.119,79569.214,131843.769,43708.594
N,1,1,2024-05-22 02:50:00.003,1,9334,0,110379.054,31550.840,97.119,79569.408,131844.036,43708.594
N,1,1,2024-05-22 02:55:00.002,1,9335,0,110379.235,31550.840,97.119,79569.614,131844.310,43708.594
N,1,1,2024-05-22 03:00:00.009,1,9336,0,110379.406,31550.840,97.119,79569.827,131844.584,43708.594
N,1,1,2024-05-22 03:05:00.002,1,9337,0,110379.595,31550.840,97.119,79570.046,131844.873,43708.594
N,1,1,2024-05-22 03:10:00.013,1,9338,0,110379.763,31550.840,97.119,79570.267,131845.150,43708.594
N,1,1,2024-05-22 03:15:00.008,1,9339,0,110379.935,31550.840,97.119,79570.485,131845.428,43708.594
N,1,1,2024-05-22 03:20:00.001,1,9340,0,110380.096,31550.840,97.119,79570.693,131845.692,43708.594
N,1,1,2024-05-22 03:25:00.014,1,9341,0,110380.256,31550.840,97.119,79570.897,131845.951,43708.594
N,1,1,2024-05-22 03:30:00.015,1,9342,0,110380.430,31550.840,97.119,79571.098,131846.217,43708.594
N,1,1,2024-05-22 03:35:00.012,1,9343,0,110380.608,31550.840,97.119,79571.299,131846.486,43708.594
N,1,1,2024-05-22 03:40:00.004,1,9344,0,110380.776,31550.840,97.119,79571.507,131846.753,43708.594
N,1,1,2024-05-22 03:45:00.001,1,9345,0,110380.935,31550.840,97.119,79571.718,131847.017,43708.594
N,1,1,2024-05-22 03:50:00.000,1,9346,0,110381.114,31550.840,97.119,79571.929,131847.294,43708.594
N,1,1,2024-05-22 03:55:00.007,1,9347,0,110381.285,31550.840,97.119,79572.135,131847.562,43708.594
N,1,1,2024-05-22 04:00:00.002,1,9348,0,110381.460,31550.840,97.119,79572.342,131847.833,43708.594
N,1,1,2024-05-22 04:05:00.002,1,9349,0,110381.642,31550.840,97.119,79572.539,131848.102,43708.594
N,1,1,2024-05-22 04:10:00.004,1,9350,0,110381.827,31550.840,97.119,79572.737,131848.373,43708.594
N,1,1,2024-05-22 04:15:00.019,1,9351,0,110382.016,31550.840,97.119,79572.939,131848.649,43708.594
N,1,1,2024-05-22 04:20:00.003,1,9352,0,110382.417,31550.840,97.119,79573.144,131849.106,43708.594
N,1,1,2024-05-22 04:25:00.016,1,9353,0,110382.865,31550.840,97.119,79573.358,131849.604,43708.594
N,1,1,2024-05-22 04:30:00.008,1,9354,0,110383.079,31550.840,97.119,79573.579,131849.912,43708.594
N,1,1,2024-05-22 04:35:00.003,1,9355,0,110383.282,31550.840,97.119,79573.798,131850.210,43708.594
N,1,1,2024-05-22 04:40:00.018,1,9356,0,110383.514,31550.840,97.119,79574.018,131850.532,43708.594
N,1,1,2024-05-22 04:45:00.007,1,9357,0,110383.982,31550.840,97.119,79574.236,131851.051,43708.594
N,1,1,2024-05-22 04:50:00.010,1,9358,0,110384.472,31550.840,97.119,79574.447,131851.585,43708.594
N,1,1,2024-05-22 04:55:00.009,1,9359,0,110384.962,31550.840,97.119,79574.649,131852.114,43708.594
N,1,1,2024-05-22 05:00:00.022,1,9360,0,110385.480,31550.840,97.119,79574.848,131852.669,43708.594
N,1,1,2024-05-22 05:05:00.015,1,9361,0,110385.991,31550.840,97.119,79575.054,131853.221,43708.594
N,1,1,2024-05-22 05:10:00.004,1,9362,0,110386.374,31550.840,97.119,79575.259,131853.666,43708.594
N,1,1,2024-05-22 05:15:00.018,1,9363,0,110386.566,31550.840,97.119,79575.465,131853.947,43708.594
N,1,1,2024-05-22 05:20:00.018,1,9364,0,110386.783,31550.840,97.119,79575.678,131854.253,43708.594
N,1,1,2024-05-22 05:25:00.012,1,9365,0,110386.997,31550.840,97.119,79575.894,131854.557,43708.594
N,1,1,2024-05-22 05:30:00.001,1,9366,0,110387.210,31550.840,97.119,79576.107,131854.857,43708.594
N,1,1,2024-05-22 05:35:00.016,1,9367,0,110387.652,31550.840,97.119,79576.324,131855.355,43708.594
N,1,1,2024-05-22 05:40:00.012,1,9368,0,110388.493,31550.840,97.119,79576.554,131856.228,43708.594
N,1,1,2024-05-22 05:45:00.022,1,9369,0,110389.006,31550.840,97.119,79576.785,131856.792,43708.594
N,1,1,2024-05-22 05:50:00.001,1,9370,0,110389.532,31550.840,97.119,79577.019,131857.367,43708.594
N,1,1,2024-05-22 05:55:00.010,1,9371,0,110390.025,31550.840,97.119,79577.256,131857.914,43708.594
N,1,1,2024-05-22 06:00:00.014,1,9372,0,110390.537,31550.840,97.120,79577.476,131858.473,43708.594
N,1,1,2024-05-22 06:05:00.008,1,9373,0,110391.365,31550.840,97.120,79577.697,131859.331,43708.594
N,1,1,2024-05-22 06:10:00.003,1,9374,0,110392.128,31550.840,97.120,79577.905,131860.122,43708.594
N,1,1,2024-05-22 06:15:00.025,1,9375,0,110392.351,31550.840,97.120,79578.109,131860.428,43708.594
N,1,1,2024-05-22 06:20:00.003,1,9376,0,110392.828,31550.840,97.120,79578.315,131860.948,43708.594
N,1,1,2024-05-22 06:25:00.019,1,9377,0,110393.174,31550.840,97.120,79578.529,131861.364,43708.594
N,1,1,2024-05-22 06:30:00.000,1,9378,0,110393.373,31550.840,97.120,79578.737,131861.652,43708.594
N,1,1,2024-05-22 06:35:00.013,1,9379,0,110393.547,31550.840,97.120,79578.951,131861.928,43708.594
N,1,1,2024-05-22 06:40:00.003,1,9380,0,110393.712,31550.840,97.120,79579.169,131862.202,43708.594
N,1,1,2024-05-22 06:45:00.005,1,9381,0,110393.912,31550.840,97.120,79579.389,131862.500,43708.594
N,1,1,2024-05-22 06:50:00.018,1,9382,0,110394.124,31550.840,97.120,79579.595,131862.796,43708.594
N,1,1,2024-05-22 06:55:00.014,1,9383,0,110394.312,31550.840,97.120,79579.797,131863.072,43708.594
N,1,1,2024-05-22 07:00:00.016,1,9384,0,110394.469,31550.840,97.120,79579.995,131863.325,43708.594
N,1,1,2024-05-22 07:05:00.011,1,9385,0,110394.929,31550.840,97.120,79580.205,131863.839,43708.594
N,1,1,2024-05-22 07:10:00.011,1,9386,0,110395.585,31550.840,97.120,79580.420,131864.530,43708.594
N,1,1,2024-05-22 07:15:00.012,1,9387,0,110396.093,31550.840,97.120,79580.629,131865.082,43708.594
N,1,1,2024-05-22 07:20:00.011,1,9388,0,110396.780,31550.840,97.120,79580.836,131865.805,43708.594
N,1,1,2024-05-22 07:25:00.004,1,9389,0,110397.579,31550.840,97.120,79581.037,131866.629,43708.594
N,1,1,2024-05-22 07:30:00.024,1,9390,0,110398.169,31550.840,97.120,79581.226,131867.249,43708.594
N,1,1,2024-05-22 07:35:00.016,1,9391,0,110398.751,31550.840,97.120,79581.412,131867.859,43708.594
N,1,1,2024-05-22 07:40:00.002,1,9392,0,110399.184,31550.840,97.120,79581.594,131868.330,43708.594
N,1,1,2024-05-22 07:45:00.006,1,9393,0,110399.596,31550.840,97.120,79581.783,131868.783,43708.594
N,1,1,2024-05-22 07:50:00.007,1,9394,0,110399.795,31550.840,97.120,79581.983,131869.077,43708.594
N,1,1,2024-05-22 07:55:00.001,1,9395,0,110399.893,31550.840,97.120,79582.189,131869.306,43708.594
N,1,1,2024-05-22 08:00:00.008,1,9396,0,110399.976,31550.840,97.120,79582.405,131869.537,43708.594
N,1,1,2024-05-22 08:05:00.002,1,9397,0,110400.050,31550.840,97.120,79582.617,131869.762,43708.594
N,1,1,2024-05-22 08:10:00.018,1,9398,0,110400.111,31550.840,97.120,79582.821,131869.975,43708.594
N,1,1,2024-05-22 08:15:00.011,1,9399,0,110400.139,31550.840,97.120,79583.020,131870.177,43708.594
N,1,1,2024-05-22 08:20:00.004,1,9400,0,110400.184,31550.840,97.120,79583.218,131870.381,43708.594
N,1,1,2024-05-22 08:25:00.008,1,9401,0,110400.214,31550.840,97.120,79583.413,131870.578,43708.594
N,1,1,2024-05-22 08:30:00.000,1,9402,0,110400.217,31550.849,97.120,79583.609,131870.653,43708.716
N,1,1,2024-05-22 08:35:00.003,1,9403,0,110400.224,31550.857,97.120,79583.792,131870.758,43708.795
N,1,1,2024-05-22 08:40:00.007,1,9404,0,110400.226,31550.860,97.120,79583.969,131870.837,43708.893
N,1,1,2024-05-22 08:45:00.018,1,9405,0,110400.229,31550.864,97.120,79584.158,131870.920,43709.000
N,1,1,2024-05-22 08:50:00.017,1,9406,0,110400.232,31550.873,97.120,79584.343,131870.993,43709.113
N,1,1,2024-05-22 08:55:00.007,1,9407,0,110400.277,31550.893,97.120,79584.528,131871.133,43709.175
N,1,1,2024-05-22 09:00:00.017,1,9408,0,110400.404,31550.897,97.120,79584.720,131871.331,43709.228
N,1,1,2024-05-22 09:05:00.000,1,9409,0,110400.642,31550.897,97.120,79584.924,131871.666,43709.228
N,1,1,2024-05-22 09:10:00.016,1,9410,0,110400.684,31550.948,97.120,79585.117,131871.791,43709.323
N,1,1,2024-05-22 09:15:00.012,1,9411,0,110400.690,31550.958,97.120,79585.308,131871.870,43709.437
N,1,1,2024-05-22 09:20:00.002,1,9412,0,110400.727,31550.972,97.120,79585.499,131872.022,43709.490
N,1,1,2024-05-22 09:25:00.005,1,9413,0,110400.750,31551.008,97.120,79585.685,131872.113,43709.599
N,1,1,2024-05-22 09:30:00.008,1,9414,0,110400.766,31551.015,97.120,79585.861,131872.212,43709.678
N,1,1,2024-05-22 09:35:00.002,1,9415,0,110400.774,31551.030,97.120,79586.051,131872.276,43709.808
N,1,1,2024-05-22 09:40:00.005,1,9416,0,110400.779,31551.040,97.120,79586.238,131872.336,43709.936
N,1,1,2024-05-22 09:45:00.018,1,9417,0,110400.782,31551.051,97.120,79586.425,131872.388,43710.072
N,1,1,2024-05-22 09:50:00.001,1,9418,0,110400.788,31551.064,97.120,79586.614,131872.457,43710.193
N,1,1,2024-05-22 09:55:00.014,1,9419,0,110400.807,31551.087,97.120,79586.798,131872.530,43710.315
N,1,1,2024-05-22 10:00:00.006,1,9420,0,110400.845,31551.096,97.120,79586.978,131872.661,43710.373
N,1,1,2024-05-22 10:05:00.018,1,9421,0,110400.904,31551.099,97.120,79587.173,131872.858,43710.387
N,1,1,2024-05-22 10:10:00.010,1,9422,0,110401.178,31551.106,97.120,79587.371,131873.183,43710.423
N,1,1,2024-05-22 10:15:00.009,1,9423,0,110401.736,31551.106,97.120,79587.568,131873.777,43710.423
N,1,1,2024-05-22 10:20:00.005,1,9424,0,110402.129,31551.106,97.120,79587.765,131874.240,43710.423
N,1,1,2024-05-22 10:25:00.011,1,9425,0,110402.234,31551.115,97.120,79587.963,131874.423,43710.494
N,1,1,2024-05-22 10:30:00.004,1,9426,0,110402.245,31551.219,97.120,79588.161,131874.480,43710.682
N,1,1,2024-05-22 10:35:00.009,1,9427,0,110402.264,31551.300,97.120,79588.354,131874.591,43710.805
N,1,1,2024-05-22 10:40:00.003,1,9428,0,110402.310,31551.319,97.120,79588.541,131874.732,43710.868
N,1,1,2024-05-22 10:45:00.004,1,9429,0,110402.317,31551.381,97.120,79588.731,131874.776,43711.031
N,1,1,2024-05-22 10:50:00.015,1,9430,0,110402.329,31551.411,97.120,79588.906,131874.867,43711.137
N,1,1,2024-05-22 10:55:00.018,1,9431,0,110402.348,31551.459,97.120,79589.079,131874.974,43711.228
N,1,1,2024-05-22 11:00:00.011,1,9432,0,110402.355,31551.512,97.120,79589.254,131875.019,43711.373
N,1,1,2024-05-22 11:05:00.008,1,9433,0,110402.361,31551.516,97.120,79589.433,131875.112,43711.460
N,1,1,2024-05-22 11:10:00.013,1,9434,0,110402.416,31551.517,97.120,79589.628,131875.302,43711.479
N,1,1,2024-05-22 11:15:00.000,1,9435,0,110402.546,31551.550,97.120,79589.830,131875.516,43711.526
N,1,1,2024-05-22 11:20:00.017,1,9436,0,110402.556,31551.578,97.120,79590.029,131875.601,43711.648
N,1,1,2024-05-22 11:25:00.016,1,9437,0,110402.572,31551.643,97.121,79590.222,131875.662,43711.807
N,1,1,2024-05-22 11:30:00.016,1,9438,0,110402.577,31551.647,97.121,79590.422,131875.776,43711.894
N,1,1,2024-05-22 11:35:00.009,1,9439,0,110402.579,31551.652,97.121,79590.613,131875.852,43712.010
N,1,1,2024-05-22 11:40:00.016,1,9440,0,110402.583,31551.660,97.121,79590.800,131875.909,43712.140
N,1,1,2024-05-22 11:45:00.015,1,9441,0,110402.591,31551.667,97.121,79590.984,131875.999,43712.235
N,1,1,2024-05-22 11:50:00.005,1,9442,0,110402.599,31551.674,97.121,79591.176,131876.099,43712.328
N,1,1,2024-05-22 11:55:00.016,1,9443,0,110402.602,31551.689,97.121,79591.371,131876.157,43712.467
N,1,1,2024-05-22 12:00:00.001,1,9444,0,110402.614,31551.693,97.121,79591.577,131876.283,43712.548
N,1,1,2024-05-22 12:05:00.015,1,9445,0,110402.620,31551.710,97.121,79591.777,131876.354,43712.680
N,1,1,2024-05-22 12:10:00.017,1,9446,0,110402.639,31551.784,97.121,79591.974,131876.437,43712.831
N,1,1,2024-05-22 12:15:00.013,1,9447,0,110402.645,31551.799,97.121,79592.169,131876.503,43712.961
N,1,1,2024-05-22 12:20:00.001,1,9448,0,110402.652,31551.805,97.121,79592.366,131876.589,43713.074
N,1,1,2024-05-22 12:25:00.013,1,9449,0,110402.673,31551.828,97.121,79592.555,131876.689,43713.173
N,1,1,2024-05-22 12:30:00.005,1,9450,0,110402.678,31551.833,97.121,79592.746,131876.781,43713.273
N,1,1,2024-05-22 12:35:00.013,1,9451,0,110402.680,31551.843,97.121,79592.942,131876.829,43713.421
N,1,1,2024-05-22 12:40:00.020,1,9452,0,110402.689,31551.873,97.121,79593.148,131876.850,43713.618
N,1,1,2024-05-22 12:45:00.010,1,9453,0,110402.705,31551.889,97.121,79593.347,131876.972,43713.702
N,1,1,2024-05-22 12:50:00.016,1,9454,0,110402.725,31551.956,97.121,79593.553,131877.083,43713.825
N,1,1,2024-05-22 12:55:00.019,1,9455,0,110402.749,31552.005,97.121,79593.767,131877.183,43713.959
N,1,1,2024-05-22 13:00:00.017,1,9456,0,110402.756,31552.047,97.121,79593.984,131877.260,43714.110
N,1,1,2024-05-22 13:05:00.012,1,9457,0,110402.768,31552.051,97.121,79594.194,131877.368,43714.215
N,1,1,2024-05-22 13:10:00.008,1,9458,0,110402.801,31552.075,97.121,79594.411,131877.521,43714.297
N,1,1,2024-05-22 13:15:00.011,1,9459,0,110402.820,31552.136,97.121,79594.608,131877.607,43714.429
N,1,1,2024-05-22 13:20:00.010,1,9460,0,110402.832,31552.159,97.121,79594.810,131877.704,43714.539
N,1,1,2024-05-22 13:25:00.009,1,9461,0,110402.848,31552.211,97.121,79595.009,131877.746,43714.712
N,1,1,2024-05-22 13:30:00.000,1,9462,0,110402.955,31552.215,97.121,79595.213,131877.952,43714.751
N,1,1,2024-05-22 13:35:00.007,1,9463,0,110403.496,31552.215,97.121,79595.409,131878.534,43714.751
N,1,1,2024-05-22 13:40:00.018,1,9464,0,110404.243,31552.215,97.121,79595.623,131879.313,43714.751
N,1,1,2024-05-22 13:45:00.006,1,9465,0,110404.707,31552.215,97.121,79595.841,131879.827,43714.751
N,1,1,2024-05-22 13:50:00.019,1,9466,0,110404.936,31552.215,97.121,79596.069,131880.153,43714.751
N,1,1,2024-05-22 13:55:00.015,1,9467,0,110405.105,31552.229,97.121,79596.286,131880.409,43714.783
N,1,1,2024-05-22 14:00:00.019,1,9468,0,110405.123,31552.239,97.121,79596.496,131880.543,43714.863
N,1,1,2024-05-22 14:05:00.014,1,9469,0,110405.148,31552.299,97.121,79596.689,131880.625,43714.998
N,1,1,2024-05-22 14:10:00.008,1,9470,0,110405.159,31552.303,97.121,79596.885,131880.749,43715.069
N,1,1,2024-05-22 14:15:00.018,1,9471,0,110405.163,31552.306,97.121,79597.079,131880.855,43715.158
N,1,1,2024-05-22 14:20:00.004,1,9472,0,110405.167,31552.311,97.121,79597.272,131880.948,43715.259
N,1,1,2024-05-22 14:25:00.014,1,9473,0,110405.176,31552.322,97.121,79597.461,131881.067,43715.332
N,1,1,2024-05-22 14:30:00.016,1,9474,0,110405.179,31552.323,97.121,79597.651,131881.178,43715.411
N,1,1,2024-05-22 14:35:00.017,1,9475,0,110405.434,31552.323,97.121,79597.861,131881.508,43715.426
N,1,1,2024-05-22 14:40:00.004,1,9476,0,110405.843,31552.323,97.121,79598.076,131881.971,43715.426
N,1,1,2024-05-22 14:45:00.004,1,9477,0,110406.007,31552.323,97.121,79598.283,131882.244,43715.426
N,1,1,2024-05-22 14:50:00.003,1,9478,0,110406.212,31552.323,97.145,79598.458,131882.535,43715.426
N,1,1,2024-05-22 14:55:00.017,1,9479,0,110406.334,31552.337,97.149,79598.634,131882.728,43715.472
N,1,1,2024-05-22 15:00:00.016,1,9480,0,110406.416,31552.340,97.149,79598.821,131882.914,43715.500
N,1,1,2024-05-22 15:05:00.015,1,9481,0,110406.476,31552.353,97.149,79599.009,131883.059,43715.562
N,1,1,2024-05-22 15:10:00.001,1,9482,0,110406.485,31552.375,97.149,79599.204,131883.133,43715.691
N,1,1,2024-05-22 15:15:00.019,1,9483,0,110406.504,31552.391,97.149,79599.402,131883.228,43715.805
N,1,1,2024-05-22 15:20:00.001,1,9484,0,110406.508,31552.393,97.149,79599.613,131883.352,43715.892
N,1,1,2024-05-22 15:25:00.013,1,9485,0,110406.511,31552.397,97.149,79599.819,131883.442,43716.009
N,1,1,2024-05-22 15:30:00.010,1,9486,0,110406.513,31552.405,97.149,79600.024,131883.528,43716.129
N,1,1,2024-05-22 15:35:00.018,1,9487,0,110406.525,31552.426,97.180,79600.180,131883.586,43716.263
N,1,1,2024-05-22 15:40:00.007,1,9488,0,110406.570,31552.452,97.180,79600.362,131883.692,43716.358
N,1,1,2024-05-22 15:45:00.004,1,9489,0,110406.587,31552.466,97.180,79600.537,131883.783,43716.446
N,1,1,2024-05-22 15:50:00.012,1,9490,0,110406.608,31552.469,97.180,79600.706,131883.889,43716.514
N,1,1,2024-05-22 15:55:00.001,1,9491,0,110406.620,31552.485,97.180,79600.879,131883.990,43716.591
N,1,1,2024-05-22 16:00:00.005,1,9492,0,110406.631,31552.488,97.180,79601.054,131884.110,43716.647
N,1,1,2024-05-22 16:05:00.000,1,9493,0,110406.634,31552.492,97.180,79601.230,131884.183,43716.750
N,1,1,2024-05-22 16:10:00.002,1,9494,0,110406.638,31552.499,97.180,79601.420,131884.257,43716.867
N,1,1,2024-05-22 16:15:00.018,1,9495,0,110406.640,31552.504,97.180,79601.617,131884.339,43716.982
N,1,1,2024-05-22 16:20:00.004,1,9496,0,110406.645,31552.509,97.180,79601.814,131884.449,43717.069
N,1,1,2024-05-22 16:25:00.010,1,9497,0,110406.647,31552.511,97.180,79602.007,131884.530,43717.181
N,1,1,2024-05-22 16:30:00.009,1,9498,0,110406.648,31552.514,97.180,79602.195,131884.615,43717.284
N,1,1,2024-05-22 16:35:00.012,1,9499,0,110406.658,31552.523,97.180,79602.386,131884.701,43717.394
N,1,1,2024-05-22 16:40:00.013,1,9500,0,110406.660,31552.526,97.180,79602.579,131884.783,43717.505
N,1,1,2024-05-22 16:45:00.016,1,9501,0,110406.661,31552.529,97.180,79602.773,131884.876,43717.607
N,1,1,2024-05-22 16:50:00.007,1,9502,0,110406.663,31552.530,97.180,79602.970,131884.972,43717.707
N,1,1,2024-05-22 16:55:00.005,1,9503,0,110406.737,31552.538,97.180,79603.154,131885.118,43717.774
N,1,1,2024-05-22 17:00:00.018,1,9504,0,110406.760,31552.543,97.180,79603.331,131885.210,43717.871
N,1,1,2024-05-22 17:05:00.016,1,9505,0,110406.761,31552.556,97.180,79603.508,131885.271,43717.991
N,1,1,2024-05-22 17:10:00.005,1,9506,0,110406.767,31552.564,97.180,79603.698,131885.340,43718.115
N,1,1,2024-05-22 17:15:00.013,1,9507,0,110406.785,31552.575,97.180,79603.886,131885.431,43718.217
N,1,1,2024-05-22 17:20:00.011,1,9508,0,110406.793,31552.586,97.180,79604.080,131885.514,43718.331
N,1,1,2024-05-22 17:25:00.010,1,9509,0,110407.045,31552.587,97.180,79604.284,131885.832,43718.349
N,1,1,2024-05-22 17:30:00.018,1,9510,0,110407.223,31552.587,97.180,79604.490,131886.122,43718.349
N,1,1,2024-05-22 17:35:00.011,1,9511,0,110407.375,31552.588,97.180,79604.690,131886.377,43718.353
N,1,1,2024-05-22 17:40:00.011,1,9512,0,110407.722,31552.588,97.180,79604.893,131886.784,43718.353
N,1,1,2024-05-22 17:45:00.012,1,9513,0,110408.046,31552.589,97.180,79605.090,131887.166,43718.354
N,1,1,2024-05-22 17:50:00.016,1,9514,0,110408.452,31552.589,97.180,79605.284,131887.616,43718.354
N,1,1,2024-05-22 17:55:00.004,1,9515,0,110408.640,31552.591,97.180,79605.478,131887.886,43718.370
N,1,1,2024-05-22 18:00:00.000,1,9516,0,110409.036,31552.591,97.180,79605.678,131888.339,43718.370
N,1,1,2024-05-22 18:05:00.009,1,9517,0,110409.185,31552.591,97.180,79605.879,131888.588,43718.370
N,1,1,2024-05-22 18:10:00.003,1,9518,0,110409.365,31552.591,97.180,79606.082,131888.863,43718.370
N,1,1,2024-05-22 18:15:00.007,1,9519,0,110409.682,31552.591,97.180,79606.288,131889.244,43718.370
N,1,1,2024-05-22 18:20:00.007,1,9520,0,110410.109,31552.591,97.180,79606.513,131889.727,43718.370
N,1,1,2024-05-22 18:25:00.002,1,9521,0,110410.330,31552.591,97.180,79606.737,131890.071,43718.370
N,1,1,2024-05-22 18:30:00.007,1,9522,0,110410.349,31552.591,97.180,79606.956,131890.290,43718.371
N,1,1,2024-05-22 18:35:00.006,1,9523,0,110410.605,31552.591,97.180,79607.198,131890.647,43718.371
N,1,1,2024-05-22 18:40:00.009,1,9524,0,110410.890,31552.591,97.180,79607.441,131891.021,43718.371
N,1,1,2024-05-22 18:45:00.003,1,9525,0,110411.189,31552.591,97.180,79607.671,131891.399,43718.371
N,1,1,2024-05-22 18:50:00.015,1,9526,0,110411.523,31552.591,97.180,79607.898,131891.803,43718.371
N,1,1,2024-05-22 18:55:00.006,1,9527,0,110411.900,31552.591,97.180,79608.125,131892.245,43718.371
N,1,1,2024-05-22 19:00:00.006,1,9528,0,110412.471,31552.591,97.180,79608.351,131892.860,43718.371
N,1,1,2024-05-22 19:05:00.002,1,9529,0,110413.058,31552.591,97.180,79608.580,131893.490,43718.371
N,1,1,2024-05-22 19:10:00.006,1,9530,0,110413.525,31552.591,97.180,79608.819,131894.019,43718.371
N,1,1,2024-05-22 19:15:00.018,1,9531,0,110413.851,31552.591,97.180,79609.070,131894.430,43718.371
N,1,1,2024-05-22 19:20:00.001,1,9532,0,110414.183,31552.591,97.180,79609.317,131894.845,43718.371
N,1,1,2024-05-22 19:25:00.015,1,9533,0,110414.813,31552.591,97.180,79609.565,131895.521,43718.371
N,1,1,2024-05-22 19:30:00.026,1,9534,0,110415.342,31552.591,97.180,79609.801,131896.103,43718.371
N,1,1,2024-05-22 19:35:00.010,1,9535,0,110415.982,31552.591,97.180,79610.038,131896.786,43718.371
N,1,1,2024-05-22 19:40:00.008,1,9536,0,110416.574,31552.591,97.180,79610.264,131897.420,43718.371
N,1,1,2024-05-22 19:45:00.003,1,9537,0,110417.075,31552.591,97.180,79610.499,131897.975,43718.371
N,1,1,2024-05-22 19:50:00.016,1,9538,0,110417.528,31552.591,97.180,79610.745,131898.491,43718.371
N,1,1,2024-05-22 19:55:00.018,1,9539,0,110418.124,31552.591,97.180,79610.990,131899.136,43718.371
N,1,1,2024-05-22 20:00:00.016,1,9540,0,110418.721,31552.591,97.180,79611.228,131899.780,43718.371
N,1,1,2024-05-22 20:05:00.009,1,9541,0,110419.432,31552.591,97.180,79611.468,131900.530,43718.371
N,1,1,2024-05-22 20:10:00.004,1,9542,0,110419.964,31552.591,97.180,79611.688,131901.106,43718.371
N,1,1,2024-05-22 20:15:00.004,1,9543,0,110420.390,31552.591,97.180,79611.908,131901.587,43718.371
N,1,1,2024-05-22 20:20:00.007,1,9544,0,110420.817,31552.591,97.180,79612.128,131902.069,43718.371
N,1,1,2024-05-22 20:25:00.018,1,9545,0,110421.514,31552.591,97.180,79612.345,131902.802,43718.371
N,1,1,2024-05-22 20:30:00.015,1,9546,0,110422.478,31552.591,97.180,79612.568,131903.792,43718.371
N,1,1,2024-05-22 20:35:00.014,1,9547,0,110423.020,31552.591,97.180,79612.787,131904.382,43718.371
N,1,1,2024-05-22 20:40:00.008,1,9548,0,110423.988,31552.591,97.180,79613.024,131905.380,43718.371
N,1,1,2024-05-22 20:45:00.026,1,9549,0,110424.972,31552.591,97.180,79613.268,131906.394,43718.371
N,1,1,2024-05-22 20:50:00.005,1,9550,0,110425.701,31552.591,97.180,79613.513,131907.163,43718.371
N,1,1,2024-05-22 20:55:00.012,1,9551,0,110426.372,31552.591,97.180,79613.757,131907.879,43718.371
N,1,1,2024-05-22 21:00:00.019,1,9552,0,110426.915,31552.591,97.180,79613.996,131908.473,43718.371
N,1,1,2024-05-22 21:05:00.002,1,9553,0,110427.408,31552.591,97.180,79614.231,131909.021,43718.371
N,1,1,2024-05-22 21:10:00.000,1,9554,0,110428.161,31552.591,97.180,79614.475,131909.812,43718.371
N,1,1,2024-05-22 21:15:00.006,1,9555,0,110429.029,31552.591,97.180,79614.718,131910.716,43718.371
N,1,1,2024-05-22 21:20:00.006,1,9556,0,110430.186,31552.591,97.180,79614.976,131911.901,43718.371
N,1,1,2024-05-22 21:25:00.005,1,9557,0,110431.303,31552.591,97.180,79615.234,131913.048,43718.371
N,1,1,2024-05-22 21:30:00.009,1,9558,0,110432.392,31552.591,97.180,79615.489,131914.166,43718.371
N,1,1,2024-05-22 21:35:00.002,1,9559,0,110433.314,31552.591,97.180,79615.741,131915.122,43718.371
N,1,1,2024-05-22 21:40:00.011,1,9560,0,110434.031,31552.591,97.180,79615.987,131915.881,43718.371
N,1,1,2024-05-22 21:45:00.022,1,9561,0,110435.223,31552.591,97.180,79616.225,131917.097,43718.371
N,1,1,2024-05-22 21:50:00.008,1,9562,0,110436.251,31552.591,97.180,79616.473,131918.154,43718.371
N,1,1,2024-05-22 21:55:00.004,1,9563,0,110437.144,31552.591,97.180,79616.714,131919.079,43718.371
N,1,1,2024-05-22 22:00:00.005,1,9564,0,110438.065,31552.591,97.180,79616.958,131920.032,43718.371
N,1,1,2024-05-22 22:05:00.008,1,9565,0,110439.006,31552.591,97.180,79617.188,131921.001,43718.371
N,1,1,2024-05-22 22:10:00.008,1,9566,0,110440.200,31552.591,97.180,79617.425,131922.219,43718.371
N,1,1,2024-05-22 22:15:00.019,1,9567,0,110441.358,31552.591,97.180,79617.663,131923.401,43718.371
N,1,1,2024-05-22 22:20:00.015,1,9568,0,110442.019,31552.591,97.180,79617.905,131924.107,43718.371
N,1,1,2024-05-22 22:25:00.018,1,9569,0,110442.345,31552.591,97.180,79618.157,131924.519,43718.371
N,1,1,2024-05-22 22:30:00.015,1,9570,0,110442.986,31552.591,97.180,79618.411,131925.209,43718.371
N,1,1,2024-05-22 22:35:00.019,1,9571,0,110443.409,31552.591,97.180,79618.649,131925.697,43718.371
N,1,1,2024-05-22 22:40:00.012,1,9572,0,110443.838,31552.591,97.180,79618.888,131926.192,43718.371
N,1,1,2024-05-22 22:45:00.008,1,9573,0,110444.437,31552.591,97.180,79619.122,131926.835,43718.371
N,1,1,2024-05-22 22:50:00.019,1,9574,0,110445.048,31552.591,97.180,79619.357,131927.490,43718.371
N,1,1,2024-05-22 22:55:00.001,1,9575,0,110445.863,31552.591,97.180,79619.607,131928.344,43718.371
N,1,1,2024-05-22 23:00:00.004,1,9576,0,110446.795,31552.591,97.180,79619.858,131929.309,43718.371
N,1,1,2024-05-22 23:05:00.016,1,9577,0,110447.644,31552.591,97.180,79620.117,131930.197,43718.371
N,1,1,2024-05-22 23:10:00.005,1,9578,0,110448.228,31552.591,97.180,79620.362,131930.831,43718.371
N,1,1,2024-05-22 23:15:00.011,1,9579,0,110448.821,31552.591,97.180,79620.604,131931.471,43718.371
N,1,1,2024-05-22 23:20:00.014,1,9580,0,110449.386,31552.591,97.180,79620.829,131932.079,43718.371
N,1,1,2024-05-22 23:25:00.013,1,9581,0,110449.787,31552.591,97.180,79621.055,131932.545,43718.371
N,1,1,2024-05-22 23:30:00.011,1,9582,0,110450.042,31552.591,97.180,79621.276,131932.883,43718.371
N,1,1,2024-05-22 23:35:00.006,1,9583,0,110450.354,31552.591,97.180,79621.501,131933.268,43718.371
N,1,1,2024-05-22 23:40:00.013,1,9584,0,110450.709,31552.591,97.180,79621.724,131933.691,43718.371
N,1,1,2024-05-22 23:45:00.019,1,9585,0,110451.241,31552.591,97.180,79621.956,131934.271,43718.371
N,1,1,2024-05-22 23:50:00.006,1,9586,0,110451.897,31552.591,97.180,79622.183,131934.967,43718.371
N,1,1,2024-05-22 23:55:00.005,1,9587,0,110452.623,31552.591,97.180,79622.417,131935.734,43718.371
N,1,1,2024-05-23 00:00:00.007,1,9588,0,110452.841,31552.591,97.180,79622.644,131936.049,43718.371
N,1,1,2024-05-23 00:05:00.011,1,9589,0,110453.084,31552.591,97.180,79622.865,131936.377,43718.371
N,1,1,2024-05-23 00:10:00.007,1,9590,0,110453.318,31552.591,97.180,79623.079,131936.695,43718.371
N,1,1,2024-05-23 00:15:00.035,1,9591,0,110453.547,31552.591,97.180,79623.283,131937.001,43718.371
N,1,1,2024-05-23 00:20:00.001,1,9592,0,110453.777,31552.591,97.180,79623.492,131937.313,43718.371
N,1,1,2024-05-23 00:25:00.010,1,9593,0,110454.020,31552.591,97.180,79623.702,131937.635,43718.371
N,1,1,2024-05-23 00:30:00.018,1,9594,0,110454.251,31552.591,97.180,79623.926,131937.956,43718.371
N,1,1,2024-05-23 00:35:00.012,1,9595,0,110454.440,31552.591,97.180,79624.142,131938.244,43718.371
N,1,1,2024-05-23 00:40:00.009,1,9596,0,110454.666,31552.591,97.180,79624.372,131938.566,43718.371
N,1,1,2024-05-23 00:45:00.000,1,9597,0,110454.874,31552.591,97.180,79624.591,131938.868,43718.371
N,1,1,2024-05-23 00:50:00.015,1,9598,0,110455.114,31552.591,97.180,79624.816,131939.198,43718.371
N,1,1,2024-05-23 00:55:00.001,1,9599,0,110455.329,31552.591,97.180,79625.026,131939.498,43718.371
N,1,1,2024-05-23 01:00:00.008,1,9600,0,110455.566,31552.591,97.180,79625.245,131939.821,43718.371
N,1,1,2024-05-23 01:05:00.004,1,9601,0,110455.790,31552.591,97.180,79625.463,131940.134,43718.371
N,1,1,2024-05-23 01:10:00.015,1,9602,0,110456.049,31552.591,97.180,79625.685,131940.475,43718.371
N,1,1,2024-05-23 01:15:00.027,1,9603,0,110456.269,31552.591,97.180,79625.910,131940.790,43718.371
N,1,1,2024-05-23 01:20:00.002,1,9604,0,110456.485,31552.591,97.180,79626.132,131941.100,43718.371
N,1,1,2024-05-23 01:25:00.006,1,9605,0,110456.739,31552.591,97.180,79626.344,131941.431,43718.371
N,1,1,2024-05-23 01:30:00.013,1,9606,0,110456.955,31552.591,97.180,79626.550,131941.730,43718.371
N,1,1,2024-05-23 01:35:00.003,1,9607,0,110457.195,31552.591,97.180,79626.765,131942.053,43718.371
N,1,1,2024-05-23 01:40:00.000,1,9608,0,110457.400,31552.591,97.180,79626.980,131942.349,43718.371
N,1,1,2024-05-23 01:45:00.016,1,9609,0,110457.638,31552.591,97.180,79627.194,131942.670,43718.371
N,1,1,2024-05-23 01:50:00.014,1,9610,0,110457.855,31552.591,97.180,79627.413,131942.979,43718.371
N,1,1,2024-05-23 01:55:00.004,1,9611,0,110458.078,31552.591,97.180,79627.633,131943.292,43718.371
N,1,1,2024-05-23 02:00:00.018,1,9612,0,110458.316,31552.591,97.180,79627.853,131943.616,43718.371
N,1,1,2024-05-23 02:05:00.007,1,9613,0,110458.553,31552.591,97.180,79628.073,131943.940,43718.371
N,1,1,2024-05-23 02:10:00.004,1,9614,0,110458.939,31552.591,97.180,79628.302,131944.394,43718.371
N,1,1,2024-05-23 02:15:00.017,1,9615,0,110459.414,31552.591,97.180,79628.525,131944.920,43718.371
N,1,1,2024-05-23 02:20:00.005,1,9616,0,110459.655,31552.591,97.180,79628.758,131945.256,43718.371
N,1,1,2024-05-23 02:25:00.019,1,9617,0,110459.874,31552.591,97.180,79628.987,131945.572,43718.371
N,1,1,2024-05-23 02:30:00.023,1,9618,0,110460.121,31552.591,97.180,79629.211,131945.907,43718.371
N,1,1,2024-05-23 02:35:00.007,1,9619,0,110460.546,31552.591,97.180,79629.429,131946.387,43718.371
N,1,1,2024-05-23 02:40:00.013,1,9620,0,110460.908,31552.591,97.180,79629.639,131946.812,43718.371
N,1,1,2024-05-23 02:45:00.011,1,9621,0,110461.180,31552.591,97.180,79629.853,131947.158,43718.371
N,1,1,2024-05-23 02:50:00.003,1,9622,0,110461.408,31552.591,97.180,79630.060,131947.466,43718.371
N,1,1,2024-05-23 02:55:00.016,1,9623,0,110461.652,31552.591,97.180,79630.268,131947.787,43718.371
N,1,1,2024-05-23 03:00:00.016,1,9624,0,110461.870,31552.591,97.180,79630.472,131948.086,43718.371
N,1,1,2024-05-23 03:05:00.013,1,9625,0,110462.107,31552.591,97.180,79630.688,131948.407,43718.371
N,1,1,2024-05-23 03:10:00.008,1,9626,0,110462.333,31552.591,97.180,79630.901,131948.717,43718.371
N,1,1,2024-05-23 03:15:00.009,1,9627,0,110462.558,31552.591,97.180,79631.112,131949.026,43718.371
N,1,1,2024-05-23 03:20:00.002,1,9628,0,110462.816,31552.591,97.180,79631.323,131949.359,43718.371
N,1,1,2024-05-23 03:25:00.002,1,9629,0,110463.051,31552.591,97.180,79631.533,131949.675,43718.371
N,1,1,2024-05-23 03:30:00.021,1,9630,0,110463.435,31552.591,97.180,79631.758,131950.127,43718.371
N,1,1,2024-05-23 03:35:00.011,1,9631,0,110463.937,31552.591,97.180,79631.979,131950.675,43718.371
N,1,1,2024-05-23 03:40:00.003,1,9632,0,110464.195,31552.591,97.180,79632.209,131951.026,43718.371
N,1,1,2024-05-23 03:45:00.015,1,9633,0,110464.387,31552.591,97.180,79632.431,131951.319,43718.371
N,1,1,2024-05-23 03:50:00.012,1,9634,0,110464.588,31552.591,97.180,79632.643,131951.611,43718.371
N,1,1,2024-05-23 03:55:00.002,1,9635,0,110464.824,31552.591,97.180,79632.858,131951.931,43718.371
N,1,1,2024-05-23 04:00:00.004,1,9636,0,110465.052,31552.591,97.180,79633.070,131952.243,43718.371
N,1,1,2024-05-23 04:05:00.004,1,9637,0,110465.331,31552.591,97.180,79633.290,131952.602,43718.371
N,1,1,2024-05-23 04:10:00.001,1,9638,0,110465.816,31552.591,97.180,79633.502,131953.131,43718.371
N,1,1,2024-05-23 04:15:00.023,1,9639,0,110466.166,31552.591,97.180,79633.719,131953.551,43718.371
N,1,1,2024-05-23 04:20:00.009,1,9640,0,110466.390,31552.591,97.180,79633.941,131953.867,43718.371
N,1,1,2024-05-23 04:25:00.013,1,9641,0,110466.607,31552.591,97.180,79634.161,131954.175,43718.371
N,1,1,2024-05-23 04:30:00.018,1,9642,0,110466.805,31552.591,97.180,79634.379,131954.470,43718.371
N,1,1,2024-05-23 04:35:00.002,1,9643,0,110467.022,31552.591,97.180,79634.590,131954.774,43718.371
N,1,1,2024-05-23 04:40:00.006,1,9644,0,110467.207,31552.591,97.180,79634.800,131955.054,43718.371
N,1,1,2024-05-23 04:45:00.007,1,9645,0,110467.372,31552.591,97.180,79635.016,131955.325,43718.371
N,1,1,2024-05-23 04:50:00.002,1,9646,0,110467.543,31552.591,97.180,79635.227,131955.597,43718.371
N,1,1,2024-05-23 04:55:00.010,1,9647,0,110467.710,31552.591,97.180,79635.437,131955.866,43718.371
N,1,1,2024-05-23 05:00:00.013,1,9648,0,110467.887,31552.591,97.180,79635.648,131956.141,43718.371
N,1,1,2024-05-23 05:05:00.017,1,9649,0,110468.093,31552.591,97.180,79635.847,131956.428,43718.371
N,1,1,2024-05-23 05:10:00.008,1,9650,0,110468.280,31552.591,97.180,79636.041,131956.698,43718.371
N,1,1,2024-05-23 05:15:00.004,1,9651,0,110468.478,31552.591,97.180,79636.236,131956.976,43718.371
N,1,1,2024-05-23 05:20:00.005,1,9652,0,110468.687,31552.591,97.180,79636.432,131957.262,43718.371
N,1,1,2024-05-23 05:25:00.005,1,9653,0,110469.137,31552.591,97.180,79636.639,131957.760,43718.371
N,1,1,2024-05-23 05:30:00.008,1,9654,0,110469.673,31552.591,97.180,79636.862,131958.342,43718.371
N,1,1,2024-05-23 05:35:00.013,1,9655,0,110470.232,31552.591,97.180,79637.090,131958.947,43718.371
N,1,1,2024-05-23 05:40:00.018,1,9656,0,110470.610,31552.591,97.180,79637.320,131959.398,43718.371
N,1,1,2024-05-23 05:45:00.010,1,9657,0,110471.001,31552.591,97.180,79637.549,131959.858,43718.371
N,1,1,2024-05-23 05:50:00.016,1,9658,0,110471.609,31552.591,97.180,79637.774,131960.508,43718.371
N,1,1,2024-05-23 05:55:00.015,1,9659,0,110472.190,31552.591,97.180,79638.001,131961.132,43718.371
N,1,1,2024-05-23 06:00:00.042,1,9660,0,110472.994,31552.591,97.180,79638.220,131961.966,43718.371
N,1,1,2024-05-23 06:05:00.006,1,9661,0,110473.612,31552.591,97.181,79638.435,131962.628,43718.371
N,1,1,2024-05-23 06:10:00.011,1,9662,0,110474.023,31552.591,97.181,79638.646,131963.095,43718.371
N,1,1,2024-05-23 06:15:00.003,1,9663,0,110474.422,31552.591,97.181,79638.850,131963.548,43718.371
N,1,1,2024-05-23 06:20:00.008,1,9664,0,110474.626,31552.591,97.181,79639.053,131963.836,43718.371
N,1,1,2024-05-23 06:25:00.018,1,9665,0,110474.829,31552.591,97.181,79639.256,131964.123,43718.371
N,1,1,2024-05-23 06:30:00.004,1,9666,0,110475.165,31552.591,97.181,79639.466,131964.524,43718.371
N,1,1,2024-05-23 06:35:00.003,1,9667,0,110475.765,31552.591,97.181,79639.688,131965.164,43718.371
N,1,1,2024-05-23 06:40:00.001,1,9668,0,110476.348,31552.591,97.181,79639.910,131965.788,43718.371
N,1,1,2024-05-23 06:45:00.031,1,9669,0,110477.040,31552.591,97.181,79640.134,131966.516,43718.371
N,1,1,2024-05-23 06:50:00.016,1,9670,0,110477.662,31552.591,97.181,79640.363,131967.180,43718.371
N,1,1,2024-05-23 06:55:00.011,1,9671,0,110478.049,31552.591,97.181,79640.590,131967.629,43718.371
N,1,1,2024-05-23 07:00:00.023,1,9672,0,110478.708,31552.591,97.181,79640.815,131968.328,43718.371
N,1,1,2024-05-23 07:05:00.009,1,9673,0,110479.592,31552.591,97.181,79641.036,131969.240,43718.371
N,1,1,2024-05-23 07:10:00.019,1,9674,0,110480.991,31552.591,97.181,79641.253,131970.656,43718.371
N,1,1,2024-05-23 07:15:00.020,1,9675,0,110482.109,31552.591,97.181,79641.447,131971.791,43718.371
N,1,1,2024-05-23 07:20:00.005,1,9676,0,110482.975,31552.591,97.181,79641.650,131972.681,43718.371
N,1,1,2024-05-23 07:25:00.005,1,9677,0,110483.819,31552.591,97.181,79641.851,131973.549,43718.371
N,1,1,2024-05-23 07:30:00.010,1,9678,0,110484.964,31552.591,97.181,79642.054,131974.713,43718.371
N,1,1,2024-05-23 07:35:00.011,1,9679,0,110486.427,31552.591,97.181,79642.250,131976.189,43718.371
N,1,1,2024-05-23 07:40:00.006,1,9680,0,110487.749,31552.591,97.181,79642.440,131977.525,43718.371
N,1,1,2024-05-23 07:45:00.022,1,9681,0,110488.937,31552.591,97.181,79642.627,131978.727,43718.371
N,1,1,2024-05-23 07:50:00.005,1,9682,0,110489.937,31552.591,97.181,79642.812,131979.744,43718.371
N,1,1,2024-05-23 07:55:00.004,1,9683,0,110490.915,31552.591,97.181,79643.008,131980.742,43718.371
N,1,1,2024-05-23 08:00:00.034,1,9684,0,110491.798,31552.591,97.181,79643.204,131981.647,43718.371
N,1,1,2024-05-23 08:05:00.018,1,9685,0,110492.424,31552.591,97.181,79643.407,131982.306,43718.371
N,1,1,2024-05-23 08:10:00.013,1,9686,0,110492.946,31552.591,97.181,79643.614,131982.869,43718.371
N,1,1,2024-05-23 08:15:00.009,1,9687,0,110493.248,31552.591,97.181,79643.822,131983.248,43718.371
N,1,1,2024-05-23 08:20:00.009,1,9688,0,110493.396,31552.591,97.181,79644.023,131983.499,43718.373
N,1,1,2024-05-23 08:25:00.014,1,9689,0,110493.533,31552.591,97.181,79644.212,131983.727,43718.381
N,1,1,2024-05-23 08:30:00.013,1,9690,0,110493.662,31552.591,97.181,79644.395,131983.950,43718.386
N,1,1,2024-05-23 08:35:00.018,1,9691,0,110493.746,31552.597,97.181,79644.581,131984.139,43718.404
N,1,1,2024-05-23 08:40:00.000,1,9692,0,110493.774,31552.615,97.181,79644.760,131984.246,43718.483
N,1,1,2024-05-23 08:45:00.005,1,9693,0,110493.778,31552.623,97.181,79644.938,131984.328,43718.580
N,1,1,2024-05-23 08:50:00.000,1,9694,0,110493.781,31552.628,97.181,79645.120,131984.392,43718.699
N,1,1,2024-05-23 08:55:00.008,1,9695,0,110493.784,31552.632,97.181,79645.308,131984.460,43718.819
N,1,1,2024-05-23 09:00:00.013,1,9696,0,110493.786,31552.637,97.181,79645.501,131984.530,43718.943
N,1,1,2024-05-23 09:05:00.017,1,9697,0,110493.793,31552.641,97.181,79645.691,131984.619,43719.045
N,1,1,2024-05-23 09:10:00.016,1,9698,0,110493.802,31552.655,97.181,79645.867,131984.702,43719.141
N,1,1,2024-05-23 09:15:00.014,1,9699,0,110493.813,31552.662,97.181,79646.008,131984.773,43719.213
N,1,1,2024-05-23 09:20:00.005,1,9700,0,110493.823,31552.675,97.181,79646.153,131984.839,43719.294
N,1,1,2024-05-23 09:25:00.007,1,9701,0,110493.827,31552.686,97.181,79646.317,131984.887,43719.412
N,1,1,2024-05-23 09:30:00.011,1,9702,0,110493.849,31552.729,97.181,79646.468,131984.957,43719.515
N,1,1,2024-05-23 09:35:00.010,1,9703,0,110493.947,31552.767,97.181,79646.625,131985.100,43719.598
N,1,1,2024-05-23 09:40:00.000,1,9704,0,110494.039,31552.780,97.181,79646.791,131985.262,43719.651
N,1,1,2024-05-23 09:45:00.025,1,9705,0,110494.051,31552.792,97.181,79646.960,131985.342,43719.746
N,1,1,2024-05-23 09:50:00.009,1,9706,0,110494.074,31552.812,97.181,79647.137,131985.400,43719.876
N,1,1,2024-05-23 09:55:00.005,1,9707,0,110494.115,31552.832,97.181,79647.277,131985.494,43719.943
N,1,1,2024-05-23 10:00:00.025,1,9708,0,110494.131,31552.877,97.181,79647.396,131985.551,43720.027
N,1,1,2024-05-23 10:05:00.010,1,9709,0,110494.137,31552.884,97.181,79647.520,131985.603,43720.101
N,1,1,2024-05-23 10:10:00.004,1,9710,0,110494.144,31552.890,97.181,79647.636,131985.653,43720.167
N,1,1,2024-05-23 10:15:00.003,1,9711,0,110494.184,31552.910,97.181,79647.772,131985.761,43720.213
N,1,1,2024-05-23 10:20:00.005,1,9712,0,110494.240,31552.925,97.181,79647.936,131985.879,43720.285
N,1,1,2024-05-23 10:25:00.000,1,9713,0,110494.423,31552.925,97.181,79648.125,131986.146,43720.286
N,1,1,2024-05-23 10:30:00.022,1,9714,0,110494.492,31552.943,97.181,79648.313,131986.297,43720.350
N,1,1,2024-05-23 10:35:00.007,1,9715,0,110494.495,31553.025,97.181,79648.488,131986.341,43720.517
N,1,1,2024-05-23 10:40:00.018,1,9716,0,110494.516,31553.046,97.181,79648.669,131986.431,43720.619
N,1,1,2024-05-23 10:45:00.015,1,9717,0,110494.628,31553.048,97.181,79648.869,131986.650,43720.637
N,1,1,2024-05-23 10:50:00.011,1,9718,0,110494.795,31553.052,97.181,79649.039,131986.888,43720.660
N,1,1,2024-05-23 10:55:00.011,1,9719,0,110495.056,31553.052,97.181,79649.205,131987.207,43720.663
N,1,1,2024-05-23 11:00:00.020,1,9720,0,110495.252,31553.054,97.181,79649.355,131987.463,43720.666
N,1,1,2024-05-23 11:05:00.016,1,9721,0,110495.271,31553.098,97.181,79649.506,131987.530,43720.771
N,1,1,2024-05-23 11:10:00.010,1,9722,0,110495.336,31553.102,97.181,79649.663,131987.689,43720.786
N,1,1,2024-05-23 11:15:00.015,1,9723,0,110495.454,31553.112,97.181,79649.817,131987.873,43720.808
N,1,1,2024-05-23 11:20:00.011,1,9724,0,110495.478,31553.126,97.181,79649.950,131987.975,43720.848
N,1,1,2024-05-23 11:25:00.000,1,9725,0,110495.499,31553.160,97.181,79650.087,131988.053,43720.925
N,1,1,2024-05-23 11:30:00.011,1,9726,0,110495.634,31553.171,97.181,79650.227,131988.232,43720.962
N,1,1,2024-05-23 11:35:00.004,1,9727,0,110495.969,31553.171,97.181,79650.393,131988.609,43720.962
N,1,1,2024-05-23 11:40:00.014,1,9728,0,110496.152,31553.181,97.181,79650.538,131988.834,43720.996
N,1,1,2024-05-23 11:45:00.019,1,9729,0,110496.371,31553.184,97.181,79650.691,131989.103,43721.003
N,1,1,2024-05-23 11:50:00.012,1,9730,0,110496.693,31553.184,97.181,79650.852,131989.464,43721.003
N,1,1,2024-05-23 11:55:00.014,1,9731,0,110497.283,31553.184,97.181,79651.021,131990.079,43721.003
N,1,1,2024-05-23 12:00:00.015,1,9732,0,110497.756,31553.184,97.181,79651.188,131990.585,43721.003
N,1,1,2024-05-23 12:05:00.009,1,9733,0,110498.390,31553.184,97.181,79651.357,131991.242,43721.003
N,1,1,2024-05-23 12:10:00.001,1,9734,0,110498.857,31553.184,97.181,79651.547,131991.753,43721.003
N,1,1,2024-05-23 12:15:00.004,1,9735,0,110499.232,31553.184,97.181,79651.734,131992.176,43721.003
N,1,1,2024-05-23 12:20:00.005,1,9736,0,110499.625,31553.184,97.181,79651.920,131992.614,43721.003
N,1,1,2024-05-23 12:25:00.005,1,9737,0,110499.897,31553.191,97.181,79652.104,131992.933,43721.041
N,1,1,2024-05-23 12:30:00.004,1,9738,0,110499.995,31553.212,97.181,79652.280,131993.100,43721.099
N,1,1,2024-05-23 12:35:00.012,1,9739,0,110500.488,31553.212,97.181,79652.468,131993.632,43721.099
N,1,1,2024-05-23 12:40:00.009,1,9740,0,110501.017,31553.212,97.181,79652.646,131994.193,43721.099
N,1,1,2024-05-23 12:45:00.026,1,9741,0,110501.114,31553.242,97.181,79652.819,131994.348,43721.170
N,1,1,2024-05-23 12:50:00.006,1,9742,0,110501.263,31553.268,97.181,79653.006,131994.559,43721.230
N,1,1,2024-05-23 12:55:00.000,1,9743,0,110501.475,31553.273,97.181,79653.187,131994.834,43721.244
N,1,1,2024-05-23 13:00:00.013,1,9744,0,110501.886,31553.273,97.181,79653.377,131995.291,43721.244
N,1,1,2024-05-23 13:05:00.004,1,9745,0,110502.365,31553.273,97.181,79653.567,131995.809,43721.244
N,1,1,2024-05-23 13:10:00.011,1,9746,0,110502.583,31553.286,97.181,79653.753,131996.098,43721.283
N,1,1,2024-05-23 13:15:00.013,1,9747,0,110502.621,31553.322,97.181,79653.935,131996.184,43721.400
N,1,1,2024-05-23 13:20:00.012,1,9748,0,110502.637,31553.371,97.181,79654.119,131996.244,43721.541
N,1,1,2024-05-23 13:25:00.007,1,9749,0,110502.653,31553.402,97.181,79654.304,131996.328,43721.651
N,1,1,2024-05-23 13:30:00.009,1,9750,0,110502.674,31553.415,97.181,79654.486,131996.444,43721.723
N,1,1,2024-05-23 13:35:00.012,1,9751,0,110502.679,31553.424,97.181,79654.675,131996.527,43721.830
N,1,1,2024-05-23 13:40:00.005,1,9752,0,110502.697,31553.438,97.181,79654.878,131996.651,43721.916
N,1,1,2024-05-23 13:45:00.009,1,9753,0,110502.783,31553.456,97.181,79655.087,131996.841,43721.966
N,1,1,2024-05-23 13:50:00.002,1,9754,0,110503.144,31553.456,97.181,79655.300,131997.265,43721.966
N,1,1,2024-05-23 13:55:00.018,1,9755,0,110503.335,31553.466,97.181,79655.497,131997.527,43722.007
N,1,1,2024-05-23 14:00:00.008,1,9756,0,110503.350,31553.495,97.181,79655.674,131997.616,43722.108
N,1,1,2024-05-23 14:05:00.013,1,9757,0,110503.412,31553.511,97.181,79655.851,131997.762,43722.162
N,1,1,2024-05-23 14:10:00.014,1,9758,0,110503.444,31553.535,97.181,79656.021,131997.855,43722.252
N,1,1,2024-05-23 14:15:00.007,1,9759,0,110503.458,31553.565,97.181,79656.193,131997.926,43722.362
N,1,1,2024-05-23 14:20:00.000,1,9760,0,110503.479,31553.586,97.181,79656.366,131998.028,43722.443
N,1,1,2024-05-23 14:25:00.004,1,9761,0,110503.519,31553.616,97.181,79656.571,131998.145,43722.548
N,1,1,2024-05-23 14:30:00.003,1,9762,0,110503.660,31553.616,97.181,79656.783,131998.404,43722.550
N,1,1,2024-05-23 14:35:00.001,1,9763,0,110503.780,31553.617,97.181,79656.993,131998.648,43722.552
N,1,1,2024-05-23 14:40:00.013,1,9764,0,110504.006,31553.623,97.181,79657.197,131998.932,43722.596
N,1,1,2024-05-23 14:45:00.018,1,9765,0,110504.024,31553.650,97.181,79657.385,131999.015,43722.709
N,1,1,2024-05-23 14:50:00.002,1,9766,0,110504.039,31553.674,97.181,79657.566,131999.112,43722.800
N,1,1,2024-05-23 14:55:00.006,1,9767,0,110504.120,31553.680,97.181,79657.747,131999.285,43722.836
N,1,1,2024-05-23 15:00:00.015,1,9768,0,110504.248,31553.680,97.181,79657.928,131999.510,43722.838
N,1,1,2024-05-23 15:05:00.020,1,9769,0,110504.337,31553.695,97.181,79658.102,131999.673,43722.888
N,1,1,2024-05-23 15:10:00.014,1,9770,0,110504.355,31553.712,97.181,79658.293,131999.775,43722.982
N,1,1,2024-05-23 15:15:00.009,1,9771,0,110504.368,31553.726,97.181,79658.479,131999.879,43723.068
N,1,1,2024-05-23 15:20:00.005,1,9772,0,110504.381,31553.747,97.181,79658.672,131999.988,43723.160
N,1,1,2024-05-23 15:25:00.004,1,9773,0,110504.397,31553.770,97.181,79658.873,132000.086,43723.269
N,1,1,2024-05-23 15:30:00.006,1,9774,0,110504.418,31553.790,97.181,79659.062,132000.202,43723.349
N,1,1,2024-05-23 15:35:00.002,1,9775,0,110504.428,31553.817,97.181,79659.249,132000.276,43723.470
N,1,1,2024-05-23 15:40:00.019,1,9776,0,110504.442,31553.834,97.181,79659.442,132000.376,43723.567
N,1,1,2024-05-23 15:45:00.013,1,9777,0,110504.465,31553.849,97.213,79659.592,132000.473,43723.661
N,1,1,2024-05-23 15:50:00.013,1,9778,0,110504.491,31553.859,97.213,79659.788,132000.592,43723.743
N,1,1,2024-05-23 15:55:00.003,1,9779,0,110504.509,31553.896,97.213,79659.988,132000.669,43723.879
N,1,1,2024-05-23 16:00:00.008,1,9780,0,110504.514,31553.899,97.213,79660.199,132000.802,43723.957
N,1,1,2024-05-23 16:05:00.018,1,9781,0,110504.570,31553.909,97.213,79660.413,132000.935,43724.066
N,1,1,2024-05-23 16:10:00.005,1,9782,0,110504.666,31553.926,97.213,79660.618,132001.087,43724.164
N,1,1,2024-05-23 16:15:00.017,1,9783,0,110504.698,31553.935,97.213,79660.801,132001.182,43724.263
N,1,1,2024-05-23 16:20:00.019,1,9784,0,110505.215,31553.935,97.213,79660.988,132001.735,43724.263
N,1,1,2024-05-23 16:25:00.000,1,9785,0,110505.642,31553.935,97.213,79661.179,132002.206,43724.263
N,1,1,2024-05-23 16:30:00.014,1,9786,0,110506.157,31553.935,97.213,79661.369,132002.756,43724.263
N,1,1,2024-05-23 16:35:00.005,1,9787,0,110506.733,31553.935,97.213,79661.564,132003.364,43724.263
N,1,1,2024-05-23 16:40:00.010,1,9788,0,110507.265,31553.935,97.213,79661.764,132003.933,43724.263
N,1,1,2024-05-23 16:45:00.009,1,9789,0,110507.775,31553.935,97.214,79661.966,132004.483,43724.263
N,1,1,2024-05-23 16:50:00.015,1,9790,0,110508.127,31553.935,97.228,79662.162,132004.895,43724.263
N,1,1,2024-05-23 16:55:00.015,1,9791,0,110508.567,31553.935,97.228,79662.380,132005.389,43724.263
N,1,1,2024-05-23 17:00:00.007,1,9792,0,110508.985,31553.935,97.228,79662.592,132005.865,43724.263
N,1,1,2024-05-23 17:05:00.010,1,9793,0,110509.297,31553.935,97.228,79662.777,132006.237,43724.263
N,1,1,2024-05-23 17:10:00.012,1,9794,0,110509.930,31553.935,97.228,79662.947,132006.894,43724.263
N,1,1,2024-05-23 17:15:00.006,1,9795,0,110510.646,31553.935,97.228,79663.128,132007.633,43724.263
N,1,1,2024-05-23 17:20:00.015,1,9796,0,110511.232,31553.935,97.228,79663.313,132008.249,43724.263
N,1,1,2024-05-23 17:25:00.005,1,9797,0,110511.808,31553.935,97.228,79663.523,132008.863,43724.263
N,1,1,2024-05-23 17:30:00.018,1,9798,0,110512.236,31553.935,97.257,79663.696,132009.342,43724.263
N,1,1,2024-05-23 17:35:00.003,1,9799,0,110512.538,31553.935,97.257,79663.918,132009.719,43724.263
N,1,1,2024-05-23 17:40:00.018,1,9800,0,110512.852,31553.935,97.257,79664.134,132010.103,43724.263
N,1,1,2024-05-23 17:45:00.018,1,9801,0,110513.457,31553.935,97.257,79664.324,132010.738,43724.263
N,1,1,2024-05-23 17:50:00.016,1,9802,0,110513.989,31553.935,97.257,79664.532,132011.311,43724.263
N,1,1,2024-05-23 17:55:00.014,1,9803,0,110514.303,31553.935,97.257,79664.741,132011.690,43724.263
N,1,1,2024-05-23 18:00:00.005,1,9804,0,110514.604,31553.935,97.257,79664.929,132012.047,43724.263
N,1,1,2024-05-23 18:05:00.007,1,9805,0,110514.897,31553.935,97.257,79665.134,132012.404,43724.263
N,1,1,2024-05-23 18:10:00.019,1,9806,0,110515.420,31553.935,97.257,79665.345,132012.970,43724.263
N,1,1,2024-05-23 18:15:00.002,1,9807,0,110515.867,31553.935,97.257,79665.574,132013.478,43724.263
N,1,1,2024-05-23 18:20:00.014,1,9808,0,110516.165,31553.935,97.257,79665.804,132013.855,43724.263
N,1,1,2024-05-23 18:25:00.016,1,9809,0,110516.452,31553.935,97.257,79666.038,132014.225,43724.263
N,1,1,2024-05-23 18:30:00.021,1,9810,0,110516.721,31553.935,97.257,79666.268,132014.579,43724.263
N,1,1,2024-05-23 18:35:00.009,1,9811,0,110517.006,31553.935,97.257,79666.500,132014.948,43724.263
N,1,1,2024-05-23 18:40:00.006,1,9812,0,110517.315,31553.935,97.257,79666.731,132015.334,43724.263
N,1,1,2024-05-23 18:45:00.010,1,9813,0,110517.615,31553.935,97.257,79666.963,132015.714,43724.263
N,1,1,2024-05-23 18:50:00.019,1,9814,0,110517.983,31553.935,97.257,79667.197,132016.152,43724.263
N,1,1,2024-05-23 18:55:00.014,1,9815,0,110518.597,31553.935,97.257,79667.421,132016.807,43724.263
N,1,1,2024-05-23 19:00:00.025,1,9816,0,110519.342,31553.935,97.257,79667.643,132017.585,43724.263
N,1,1,2024-05-23 19:05:00.017,1,9817,0,110519.743,31553.935,97.257,79667.868,132018.050,43724.263
N,1,1,2024-05-23 19:10:00.013,1,9818,0,110520.038,31553.935,97.257,79668.096,132018.423,43724.263
N,1,1,2024-05-23 19:15:00.011,1,9819,0,110520.433,31553.935,97.257,79668.327,132018.883,43724.263
N,1,1,2024-05-23 19:20:00.010,1,9820,0,110520.722,31553.935,97.257,79668.552,132019.250,43724.263
N,1,1,2024-05-23 19:25:00.018,1,9821,0,110521.047,31553.935,97.257,79668.774,132019.645,43724.263
N,1,1,2024-05-23 19:30:00.014,1,9822,0,110521.613,31553.935,97.257,79669.003,132020.258,43724.263
N,1,1,2024-05-23 19:35:00.008,1,9823,0,110522.471,31553.935,97.257,79669.238,132021.148,43724.263
N,1,1,2024-05-23 19:40:00.012,1,9824,0,110522.995,31553.935,97.257,79669.453,132021.715,43724.263
N,1,1,2024-05-23 19:45:00.005,1,9825,0,110523.543,31553.935,97.257,79669.671,132022.305,43724.263
N,1,1,2024-05-23 19:50:00.012,1,9826,0,110524.067,31553.935,97.257,79669.898,132022.877,43724.263
N,1,1,2024-05-23 19:55:00.005,1,9827,0,110524.519,31553.935,97.257,79670.126,132023.384,43724.263
N,1,1,2024-05-23 20:00:00.016,1,9828,0,110524.959,31553.935,97.257,79670.365,132023.884,43724.263
N,1,1,2024-05-23 20:05:00.003,1,9829,0,110525.443,31553.935,97.257,79670.601,132024.425,43724.263
N,1,1,2024-05-23 20:10:00.002,1,9830,0,110526.214,31553.935,97.257,79670.831,132025.230,43724.263
N,1,1,2024-05-23 20:15:00.020,1,9831,0,110527.227,31553.935,97.257,79671.061,132026.270,43724.263
N,1,1,2024-05-23 20:20:00.003,1,9832,0,110528.203,31553.935,97.257,79671.284,132027.271,43724.263
N,1,1,2024-05-23 20:25:00.000,1,9833,0,110528.805,31553.935,97.257,79671.494,132027.911,43724.263
N,1,1,2024-05-23 20:30:00.012,1,9834,0,110529.237,31553.935,97.257,79671.701,132028.389,43724.263
N,1,1,2024-05-23 20:35:00.019,1,9835,0,110529.645,31553.935,97.257,79671.914,132028.851,43724.263
N,1,1,2024-05-23 20:40:00.000,1,9836,0,110530.593,31553.935,97.257,79672.148,132029.828,43724.263
N,1,1,2024-05-23 20:45:00.003,1,9837,0,110531.371,31553.935,97.257,79672.395,132030.646,43724.263
N,1,1,2024-05-23 20:50:00.006,1,9838,0,110532.281,31553.935,97.257,79672.650,132031.591,43724.263
N,1,1,2024-05-23 20:55:00.012,1,9839,0,110533.394,31553.935,97.257,79672.907,132032.734,43724.263
N,1,1,2024-05-23 21:00:00.023,1,9840,0,110534.314,31553.935,97.257,79673.155,132033.687,43724.263
N,1,1,2024-05-23 21:05:00.004,1,9841,0,110535.218,31553.935,97.257,79673.398,132034.623,43724.263
N,1,1,2024-05-23 21:10:00.012,1,9842,0,110536.762,31553.935,97.257,79673.606,132036.182,43724.263
N,1,1,2024-05-23 21:15:00.011,1,9843,0,110538.140,31553.935,97.257,79673.830,132037.578,43724.263
N,1,1,2024-05-23 21:20:00.019,1,9844,0,110539.220,31553.935,97.257,79674.061,132038.683,43724.263
N,1,1,2024-05-23 21:25:00.001,1,9845,0,110540.022,31553.935,97.257,79674.292,132039.517,43724.263
N,1,1,2024-05-23 21:30:00.012,1,9846,0,110540.826,31553.935,97.257,79674.519,132040.354,43724.263
N,1,1,2024-05-23 21:35:00.010,1,9847,0,110541.810,31553.935,97.257,79674.758,132041.367,43724.263
N,1,1,2024-05-23 21:40:00.009,1,9848,0,110542.575,31553.935,97.257,79674.991,132042.167,43724.263
N,1,1,2024-05-23 21:45:00.013,1,9849,0,110542.960,31553.935,97.257,79675.219,132042.618,43724.263
N,1,1,2024-05-23 21:50:00.003,1,9850,0,110543.359,31553.935,97.257,79675.444,132043.079,43724.263
N,1,1,2024-05-23 21:55:00.002,1,9851,0,110544.298,31553.935,97.257,79675.676,132044.046,43724.263
N,1,1,2024-05-23 22:00:00.001,1,9852,0,110545.192,31553.935,97.257,79675.920,132044.973,43724.263
N,1,1,2024-05-23 22:05:00.001,1,9853,0,110545.803,31553.935,97.257,79676.158,132045.628,43724.263
N,1,1,2024-05-23 22:10:00.005,1,9854,0,110546.457,31553.935,97.257,79676.406,132046.328,43724.263
N,1,1,2024-05-23 22:15:00.016,1,9855,0,110547.136,31553.935,97.257,79676.656,132047.053,43724.263
N,1,1,2024-05-23 22:20:00.005,1,9856,0,110547.629,31553.935,97.257,79676.891,132047.603,43724.263
N,1,1,2024-05-23 22:25:00.019,1,9857,0,110548.557,31553.935,97.257,79677.125,132048.562,43724.263
N,1,1,2024-05-23 22:30:00.013,1,9858,0,110549.397,31553.935,97.257,79677.356,132049.435,43724.263
N,1,1,2024-05-23 22:35:00.005,1,9859,0,110549.738,31553.935,97.257,79677.584,132049.847,43724.263
N,1,1,2024-05-23 22:40:00.008,1,9860,0,110550.110,31553.935,97.257,79677.830,132050.294,43724.263
N,1,1,2024-05-23 22:45:00.012,1,9861,0,110550.455,31553.935,97.257,79678.075,132050.718,43724.263
N,1,1,2024-05-23 22:50:00.016,1,9862,0,110550.795,31553.935,97.257,79678.319,132051.136,43724.263
N,1,1,2024-05-23 22:55:00.018,1,9863,0,110551.102,31553.935,97.257,79678.560,132051.527,43724.263
N,1,1,2024-05-23 23:00:00.016,1,9864,0,110551.433,31553.935,97.257,79678.786,132051.928,43724.263
N,1,1,2024-05-23 23:05:00.003,1,9865,0,110551.745,31553.935,97.257,79679.000,132052.306,43724.263
N,1,1,2024-05-23 23:10:00.018,1,9866,0,110552.043,31553.935,97.257,79679.221,132052.677,43724.263
N,1,1,2024-05-23 23:15:00.004,1,9867,0,110552.331,31553.935,97.257,79679.442,132053.040,43724.263
N,1,1,2024-05-23 23:20:00.009,1,9868,0,110552.613,31553.935,97.257,79679.675,132053.406,43724.263
N,1,1,2024-05-23 23:25:00.016,1,9869,0,110552.898,31553.935,97.257,79679.908,132053.774,43724.263
N,1,1,2024-05-23 23:30:00.011,1,9870,0,110553.187,31553.935,97.257,79680.143,132054.146,43724.263
N,1,1,2024-05-23 23:35:00.006,1,9871,0,110553.495,31553.935,97.257,79680.383,132054.537,43724.263
N,1,1,2024-05-23 23:40:00.017,1,9872,0,110553.919,31553.935,97.257,79680.636,132055.035,43724.263
N,1,1,2024-05-23 23:45:00.010,1,9873,0,110554.534,31553.935,97.257,79680.891,132055.701,43724.263
N,1,1,2024-05-23 23:50:00.016,1,9874,0,110555.126,31553.935,97.257,79681.145,132056.347,43724.263
N,1,1,2024-05-23 23:55:00.014,1,9875,0,110555.480,31553.935,97.257,79681.392,132056.782,43724.263
N,1,1,2024-05-24 00:00:00.010,1,9876,0,110556.042,31553.935,97.257,79681.624,132057.390,43724.263
N,1,1,2024-05-24 00:05:00.013,1,9877,0,110556.577,31553.935,97.257,79681.842,132057.967,43724.263
N,1,1,2024-05-24 00:10:00.010,1,9878,0,110557.123,31553.935,97.257,79682.065,132058.557,43724.263
N,1,1,2024-05-24 00:15:00.034,1,9879,0,110557.662,31553.935,97.257,79682.278,132059.137,43724.263
N,1,1,2024-05-24 00:20:00.004,1,9880,0,110557.863,31553.935,97.257,79682.480,132059.423,43724.263
N,1,1,2024-05-24 00:25:00.002,1,9881,0,110558.049,31553.935,97.257,79682.683,132059.698,43724.263
N,1,1,2024-05-24 00:30:00.011,1,9882,0,110558.237,31553.935,97.257,79682.887,132059.975,43724.263
N,1,1,2024-05-24 00:40:00.004,1,9883,0,110558.606,31553.935,97.257,79683.300,132060.529,43724.263
N,1,1,2024-05-24 00:45:00.021,1,9884,0,110558.795,31553.935,97.257,79683.517,132060.818,43724.263
N,1,1,2024-05-24 00:50:00.008,1,9885,0,110559.010,31553.935,97.257,79683.734,132061.123,43724.263
N,1,1,2024-05-24 00:55:00.002,1,9886,0,110559.203,31553.935,97.257,79683.954,132061.416,43724.263
N,1,1,2024-05-24 01:00:00.017,1,9887,0,110559.395,31553.935,97.257,79684.163,132061.700,43724.263
N,1,1,2024-05-24 01:05:00.013,1,9888,0,110559.590,31553.935,97.257,79684.366,132061.982,43724.263
N,1,1,2024-05-24 01:10:00.015,1,9889,0,110559.776,31553.935,97.257,79684.569,132062.257,43724.263
N,1,1,2024-05-24 01:15:00.007,1,9890,0,110559.980,31553.935,97.257,79684.769,132062.547,43724.263
N,1,1,2024-05-24 01:20:00.019,1,9891,0,110560.457,31553.935,97.257,79684.971,132063.065,43724.263
N,1,1,2024-05-24 01:25:00.008,1,9892,0,110560.775,31553.935,97.257,79685.175,132063.449,43724.263
N,1,1,2024-05-24 01:30:00.009,1,9893,0,110560.954,31553.935,97.257,79685.385,132063.725,43724.263
N,1,1,2024-05-24 01:35:00.006,1,9894,0,110561.137,31553.935,97.257,79685.598,132064.007,43724.263
N,1,1,2024-05-24 01:40:00.014,1,9895,0,110561.331,31553.935,97.257,79685.815,132064.298,43724.263
N,1,1,2024-05-24 01:45:00.017,1,9896,0,110561.532,31553.935,97.257,79686.030,132064.592,43724.263
N,1,1,2024-05-24 01:50:00.015,1,9897,0,110561.716,31553.935,97.257,79686.245,132064.875,43724.263
N,1,1,2024-05-24 01:55:00.014,1,9898,0,110561.909,31553.935,97.257,79686.449,132065.157,43724.263
N,1,1,2024-05-24 02:00:00.005,1,9899,0,110562.113,31553.935,97.257,79686.655,132065.447,43724.263
N,1,1,2024-05-24 02:05:00.008,1,9900,0,110562.300,31553.935,97.257,79686.865,132065.729,43724.263
N,1,1,2024-05-24 02:10:00.019,1,9901,0,110562.477,31553.935,97.257,79687.074,132066.003,43724.263
N,1,1,2024-05-24 02:15:00.016,1,9902,0,110562.648,31553.935,97.257,79687.279,132066.269,43724.263
N,1,1,2024-05-24 02:20:00.018,1,9903,0,110562.820,31553.935,97.257,79687.483,132066.536,43724.263
N,1,1,2024-05-24 02:25:00.015,1,9904,0,110563.002,31553.935,97.257,79687.681,132066.805,43724.263
N,1,1,2024-05-24 02:30:00.020,1,9905,0,110563.203,31553.935,97.257,79687.879,132067.087,43724.263
N,1,1,2024-05-24 02:35:00.000,1,9906,0,110563.386,31553.935,97.257,79688.073,132067.355,43724.263
N,1,1,2024-05-24 02:40:00.017,1,9907,0,110563.567,31553.935,97.257,79688.269,132067.621,43724.263
N,1,1,2024-05-24 02:45:00.017,1,9908,0,110563.758,31553.935,97.257,79688.473,132067.901,43724.263
N,1,1,2024-05-24 02:50:00.007,1,9909,0,110563.948,31553.935,97.257,79688.680,132068.182,43724.263
N,1,1,2024-05-24 02:55:00.015,1,9910,0,110564.121,31553.935,97.257,79688.896,132068.458,43724.263
N,1,1,2024-05-24 03:00:00.024,1,9911,0,110564.295,31553.935,97.257,79689.117,132068.740,43724.263
N,1,1,2024-05-24 03:05:00.018,1,9912,0,110564.492,31553.935,97.257,79689.339,132069.037,43724.263
N,1,1,2024-05-24 03:10:00.004,1,9913,0,110564.677,31553.935,97.257,79689.554,132069.321,43724.263
N,1,1,2024-05-24 03:15:00.009,1,9914,0,110564.862,31553.935,97.257,79689.761,132069.599,43724.263
N,1,1,2024-05-24 03:20:00.004,1,9915,0,110565.055,31553.935,97.257,79689.966,132069.881,43724.263
N,1,1,2024-05-24 03:25:00.006,1,9916,0,110565.253,31553.935,97.257,79690.176,132070.169,43724.263
N,1,1,2024-05-24 03:30:00.024,1,9917,0,110565.458,31553.935,97.257,79690.386,132070.463,43724.263
N,1,1,2024-05-24 03:35:00.019,1,9918,0,110565.650,31553.935,97.257,79690.597,132070.748,43724.263
N,1,1,2024-05-24 03:40:00.016,1,9919,0,110565.819,31553.935,97.257,79690.810,132071.021,43724.263
N,1,1,2024-05-24 03:45:00.019,1,9920,0,110566.085,31553.935,97.257,79691.030,132071.373,43724.263
N,1,1,2024-05-24 03:50:00.008,1,9921,0,110566.761,31553.935,97.257,79691.246,132072.084,43724.263
N,1,1,2024-05-24 03:55:00.002,1,9922,0,110567.366,31553.935,97.257,79691.452,132072.726,43724.263
N,1,1,2024-05-24 04:00:00.014,1,9923,0,110567.555,31553.935,97.257,79691.652,132073.001,43724.263
N,1,1,2024-05-24 04:05:00.006,1,9924,0,110567.763,31553.935,97.257,79691.853,132073.291,43724.263
N,1,1,2024-05-24 04:10:00.018,1,9925,0,110567.954,31553.935,97.257,79692.051,132073.566,43724.263
N,1,1,2024-05-24 04:15:00.017,1,9926,0,110568.122,31553.935,97.257,79692.255,132073.831,43724.263
N,1,1,2024-05-24 04:20:00.004,1,9927,0,110568.277,31553.935,97.257,79692.463,132074.090,43724.263
N,1,1,2024-05-24 04:25:00.013,1,9928,0,110568.426,31553.935,97.257,79692.668,132074.344,43724.263
N,1,1,2024-05-24 04:30:00.018,1,9929,0,110568.859,31553.935,97.257,79692.872,132074.827,43724.263
N,1,1,2024-05-24 04:35:00.017,1,9930,0,110569.336,31553.935,97.257,79693.081,132075.348,43724.263
N,1,1,2024-05-24 04:40:00.000,1,9931,0,110569.730,31553.935,97.257,79693.295,132075.801,43724.263
N,1,1,2024-05-24 04:45:00.012,1,9932,0,110569.887,31553.935,97.257,79693.505,132076.064,43724.263
N,1,1,2024-05-24 04:50:00.011,1,9933,0,110570.244,31553.935,97.257,79693.723,132076.490,43724.263
N,1,1,2024-05-24 04:55:00.001,1,9934,0,110570.607,31553.935,97.257,79693.940,132076.919,43724.263
N,1,1,2024-05-24 05:00:00.015,1,9935,0,110570.782,31553.935,97.257,79694.146,132077.189,43724.263
N,1,1,2024-05-24 05:05:00.011,1,9936,0,110570.953,31553.935,97.257,79694.350,132077.456,43724.263
N,1,1,2024-05-24 05:10:00.007,1,9937,0,110571.155,31553.935,97.257,79694.546,132077.740,43724.263
N,1,1,2024-05-24 05:15:00.014,1,9938,0,110571.625,31553.935,97.257,79694.741,132078.249,43724.263
N,1,1,2024-05-24 05:20:00.002,1,9939,0,110572.089,31553.935,97.257,79694.935,132078.751,43724.263
N,1,1,2024-05-24 05:25:00.000,1,9940,0,110572.590,31553.935,97.257,79695.133,132079.290,43724.263
N,1,1,2024-05-24 05:30:00.011,1,9941,0,110573.122,31553.935,97.257,79695.339,132079.862,43724.263
N,1,1,2024-05-24 05:35:00.010,1,9942,0,110573.905,31553.935,97.257,79695.558,132080.675,43724.263
N,1,1,2024-05-24 05:40:00.014,1,9943,0,110574.260,31553.935,97.257,79695.786,132081.105,43724.263
N,1,1,2024-05-24 05:45:00.016,1,9944,0,110574.492,31553.935,97.257,79696.015,132081.432,43724.263
N,1,1,2024-05-24 05:50:00.015,1,9945,0,110574.776,31553.935,97.257,79696.242,132081.795,43724.263
N,1,1,2024-05-24 05:55:00.013,1,9946,0,110575.081,31553.935,97.257,79696.470,132082.177,43724.263
N,1,1,2024-05-24 06:00:00.006,1,9947,0,110575.485,31553.935,97.257,79696.679,132082.639,43724.263
N,1,1,2024-05-24 06:05:00.004,1,9948,0,110575.993,31553.935,97.257,79696.886,132083.188,43724.263
N,1,1,2024-05-24 06:10:00.010,1,9949,0,110576.248,31553.935,97.257,79697.098,132083.520,43724.263
N,1,1,2024-05-24 06:15:00.009,1,9950,0,110576.498,31553.935,97.257,79697.323,132083.857,43724.263
N,1,1,2024-05-24 06:20:00.018,1,9951,0,110576.730,31553.935,97.257,79697.549,132084.180,43724.263
N,1,1,2024-05-24 06:25:00.011,1,9952,0,110576.937,31553.935,97.257,79697.760,132084.476,43724.263
N,1,1,2024-05-24 06:30:00.015,1,9953,0,110577.187,31553.935,97.257,79697.969,132084.802,43724.263
N,1,1,2024-05-24 06:35:00.009,1,9954,0,110577.448,31553.935,97.257,79698.189,132085.143,43724.263
N,1,1,2024-05-24 06:40:00.019,1,9955,0,110577.700,31553.935,97.257,79698.402,132085.473,43724.263
N,1,1,2024-05-24 06:45:00.006,1,9956,0,110578.041,31553.935,97.257,79698.616,132085.879,43724.263
N,1,1,2024-05-24 06:50:00.013,1,9957,0,110578.290,31553.935,97.257,79698.832,132086.209,43724.263
N,1,1,2024-05-24 06:55:00.006,1,9958,0,110578.609,31553.935,97.257,79699.049,132086.599,43724.263
N,1,1,2024-05-24 07:00:00.013,1,9959,0,110579.163,31553.935,97.257,79699.267,132087.196,43724.263
N,1,1,2024-05-24 07:05:00.007,1,9960,0,110579.687,31553.935,97.257,79699.489,132087.765,43724.263
N,1,1,2024-05-24 07:10:00.015,1,9961,0,110580.164,31553.935,97.257,79699.710,132088.291,43724.263
N,1,1,2024-05-24 07:15:00.012,1,9962,0,110580.640,31553.935,97.257,79699.926,132088.813,43724.263
N,1,1,2024-05-24 07:20:00.010,1,9963,0,110581.039,31553.935,97.257,79700.147,132089.274,43724.263
N,1,1,2024-05-24 07:25:00.015,1,9964,0,110581.236,31553.935,97.257,79700.355,132089.562,43724.263
N,1,1,2024-05-24 07:30:00.018,1,9965,0,110581.430,31553.935,97.257,79700.557,132089.842,43724.263
N,1,1,2024-05-24 07:35:00.003,1,9966,0,110581.599,31553.935,97.257,79700.762,132090.108,43724.263
N,1,1,2024-05-24 07:40:00.003,1,9967,0,110581.754,31553.935,97.257,79700.958,132090.360,43724.263
N,1,1,2024-05-24 07:45:00.017,1,9968,0,110581.943,31553.935,97.257,79701.149,132090.628,43724.263
N,1,1,2024-05-24 07:50:00.016,1,9969,0,110582.153,31553.935,97.257,79701.344,132090.915,43724.263
N,1,1,2024-05-24 07:55:00.016,1,9970,0,110582.357,31553.935,97.257,79701.540,132091.198,43724.263
N,1,1,2024-05-24 08:00:00.019,1,9971,0,110582.509,31553.935,97.257,79701.744,132091.453,43724.263
N,1,1,2024-05-24 08:05:00.005,1,9972,0,110582.857,31553.935,97.257,79701.951,132091.871,43724.263
N,1,1,2024-05-24 08:10:00.008,1,9973,0,110583.242,31553.935,97.257,79702.166,132092.311,43724.263
N,1,1,2024-05-24 08:15:00.003,1,9974,0,110583.360,31553.935,97.257,79702.376,132092.570,43724.263
N,1,1,2024-05-24 08:20:00.002,1,9975,0,110583.420,31553.935,97.257,79702.569,132092.774,43724.263
N,1,1,2024-05-24 08:25:00.013,1,9976,0,110583.619,31553.935,97.257,79702.762,132093.083,43724.263
N,1,1,2024-05-24 08:30:00.000,1,9977,0,110583.990,31553.935,97.257,79702.962,132093.507,43724.263
N,1,1,2024-05-24 08:35:00.012,1,9978,0,110584.167,31553.944,97.257,79703.153,132093.751,43724.293
N,1,1,2024-05-24 08:40:00.009,1,9979,0,110584.182,31553.963,97.257,79703.345,132093.828,43724.416
N,1,1,2024-05-24 08:45:00.014,1,9980,0,110584.266,31553.973,97.257,79703.543,132093.990,43724.491
N,1,1,2024-05-24 08:50:00.016,1,9981,0,110584.518,31553.973,97.257,79703.752,132094.318,43724.491
N,1,1,2024-05-24 08:55:00.003,1,9982,0,110584.589,31553.988,97.257,79703.957,132094.443,43724.604
N,1,1,2024-05-24 09:00:00.015,1,9983,0,110584.637,31553.988,97.257,79704.156,132094.634,43724.619
N,1,1,2024-05-24 09:05:00.018,1,9984,0,110584.767,31553.988,97.257,79704.351,132094.872,43724.619
N,1,1,2024-05-24 09:10:00.009,1,9985,0,110584.800,31553.993,97.257,79704.534,132095.009,43724.674
N,1,1,2024-05-24 09:15:00.006,1,9986,0,110585.118,31553.993,97.257,79704.716,132095.376,43724.674
N,1,1,2024-05-24 09:20:00.012,1,9987,0,110585.303,31553.998,97.257,79704.911,132095.637,43724.711
N,1,1,2024-05-24 09:25:00.003,1,9988,0,110585.307,31554.003,97.257,79705.102,132095.730,43724.810
N,1,1,2024-05-24 09:30:00.014,1,9989,0,110585.628,31554.003,97.257,79705.310,132096.116,43724.819
N,1,1,2024-05-24 09:35:00.015,1,9990,0,110585.955,31554.005,97.257,79705.521,132096.509,43724.824
N,1,1,2024-05-24 09:40:00.019,1,9991,0,110585.969,31554.021,97.257,79705.727,132096.590,43724.954
N,1,1,2024-05-24 09:45:00.008,1,9992,0,110585.988,31554.030,97.257,79705.936,132096.677,43725.082
N,1,1,2024-05-24 09:50:00.006,1,9993,0,110586.048,31554.040,97.258,79706.139,132096.813,43725.170
N,1,1,2024-05-24 09:55:00.003,1,9994,0,110586.198,31554.040,97.258,79706.349,132097.082,43725.170
N,1,1,2024-05-24 10:00:00.006,1,9995,0,110586.358,31554.040,97.258,79706.561,132097.367,43725.170
N,1,1,2024-05-24 10:05:00.018,1,9996,0,110586.686,31554.040,97.258,79706.777,132097.760,43725.170
N,1,1,2024-05-24 10:10:00.014,1,9997,0,110586.879,31554.040,97.258,79706.992,132098.062,43725.170
N,1,1,2024-05-24 10:15:00.019,1,9998,0,110586.891,31554.047,97.258,79707.200,132098.157,43725.284
N,1,1,2024-05-24 10:20:00.010,1,9999,0,110586.896,31554.062,97.258,79707.393,132098.236,43725.400
N,1,1,2024-05-24 10:25:00.010,1,10000,0,110586.910,31554.207,97.258,79707.579,132098.270,43725.629
N,1,1,2024-05-24 10:30:00.016,1,10001,0,110587.026,31554.211,97.258,79707.780,132098.495,43725.647
N,1,1,2024-05-24 10:35:00.018,1,10002,0,110587.252,31554.211,97.258,79707.986,132098.805,43725.647
N,1,1,2024-05-24 10:40:00.006,1,10003,0,110587.411,31554.211,97.258,79708.190,132099.064,43725.647
N,1,1,2024-05-24 10:45:00.032,1,10004,0,110587.567,31554.211,97.258,79708.407,132099.331,43725.647
N,1,1,2024-05-24 10:50:00.019,1,10005,0,110587.596,31554.249,97.258,79708.620,132099.489,43725.720
N,1,1,2024-05-24 10:55:00.019,1,10006,0,110587.606,31554.299,97.258,79708.822,132099.562,43725.864
N,1,1,2024-05-24 11:00:00.001,1,10007,0,110587.623,31554.349,97.258,79709.019,132099.645,43725.997
N,1,1,2024-05-24 11:05:00.011,1,10008,0,110587.636,31554.385,97.258,79709.211,132099.734,43726.112
N,1,1,2024-05-24 11:10:00.002,1,10009,0,110587.653,31554.443,97.258,79709.397,132099.807,43726.246
N,1,1,2024-05-24 11:15:00.003,1,10010,0,110587.659,31554.447,97.258,79709.584,132099.912,43726.329
N,1,1,2024-05-24 11:20:00.013,1,10011,0,110587.665,31554.452,97.258,79709.774,132100.003,43726.430
N,1,1,2024-05-24 11:25:00.019,1,10012,0,110587.758,31554.521,97.258,79709.973,132100.168,43726.544
N,1,1,2024-05-24 11:30:00.007,1,10013,0,110588.109,31554.521,97.258,79710.154,132100.565,43726.544
N,1,1,2024-05-24 11:35:00.015,1,10014,0,110588.149,31554.635,97.258,79710.325,132100.620,43726.730
N,1,1,2024-05-24 11:40:00.020,1,10015,0,110588.156,31554.646,97.258,79710.516,132100.701,43726.841
N,1,1,2024-05-24 11:45:00.017,1,10016,0,110588.174,31554.805,97.294,79710.656,132100.752,43727.063
N,1,1,2024-05-24 11:50:00.003,1,10017,0,110588.189,31554.875,97.294,79710.829,132100.816,43727.204
N,1,1,2024-05-24 11:55:00.005,1,10018,0,110588.197,31555.044,97.294,79711.002,132100.875,43727.427
N,1,1,2024-05-24 12:00:00.003,1,10019,0,110588.291,31555.084,97.294,79711.194,132101.027,43727.532
N,1,1,2024-05-24 12:05:00.012,1,10020,0,110588.317,31555.276,97.294,79711.386,132101.072,43727.787
N,1,1,2024-05-24 12:10:00.017,1,10021,0,110588.334,31555.315,97.294,79711.569,132101.135,43727.923
N,1,1,2024-05-24 12:15:00.006,1,10022,0,110588.371,31555.341,97.294,79711.746,132101.250,43728.000
N,1,1,2024-05-24 12:20:00.003,1,10023,0,110588.394,31555.417,97.294,79711.923,132101.336,43728.128
N,1,1,2024-05-24 12:25:00.004,1,10024,0,110588.404,31555.447,97.294,79712.107,132101.403,43728.251
N,1,1,2024-05-24 12:30:00.017,1,10025,0,110588.424,31555.461,97.294,79712.279,132101.489,43728.345
N,1,1,2024-05-24 12:35:00.006,1,10026,0,110588.426,31555.464,97.294,79712.441,132101.552,43728.445
N,1,1,2024-05-24 12:40:00.010,1,10027,0,110588.436,31555.580,97.294,79712.624,132101.598,43728.645
N,1,1,2024-05-24 12:45:00.000,1,10028,0,110588.444,31555.583,97.294,79712.806,132101.685,43728.742
N,1,1,2024-05-24 12:50:00.011,1,10029,0,110588.465,31555.635,97.294,79712.993,132101.778,43728.859
N,1,1,2024-05-24 12:55:00.000,1,10030,0,110588.474,31555.636,97.294,79713.185,132101.883,43728.946
N,1,1,2024-05-24 13:00:00.017,1,10031,0,110588.486,31555.652,97.294,79713.373,132101.965,43729.059
N,1,1,2024-05-24 13:05:00.014,1,10032,0,110588.498,31555.655,97.294,79713.564,132102.084,43729.132
N,1,1,2024-05-24 13:10:00.017,1,10033,0,110588.505,31555.674,97.294,79713.747,132102.133,43729.270
N,1,1,2024-05-24 13:15:00.018,1,10034,0,110588.563,31555.687,97.294,79713.929,132102.288,43729.326
N,1,1,2024-05-24 13:20:00.001,1,10035,0,110589.119,31555.687,97.294,79714.140,132102.884,43729.326
N,1,1,2024-05-24 13:25:00.012,1,10036,0,110589.504,31555.687,97.294,79714.347,132103.323,43729.326
N,1,1,2024-05-24 13:30:00.002,1,10037,0,110589.661,31555.687,97.294,79714.557,132103.587,43729.329
N,1,1,2024-05-24 13:35:00.000,1,10038,0,110589.804,31555.704,97.294,79714.768,132103.822,43729.385
N,1,1,2024-05-24 13:40:00.008,1,10039,0,110589.828,31555.723,97.294,79714.971,132103.927,43729.490
N,1,1,2024-05-24 13:45:00.014,1,10040,0,110589.868,31555.761,97.294,79715.179,132104.087,43729.560
N,1,1,2024-05-24 13:50:00.017,1,10041,0,110589.889,31555.793,97.294,79715.375,132104.189,43729.666
N,1,1,2024-05-24 13:55:00.015,1,10042,0,110589.937,31555.818,97.294,79715.560,132104.316,43729.741
N,1,1,2024-05-24 14:00:00.008,1,10043,0,110590.018,31555.838,97.294,79715.740,132104.477,43729.793
N,1,1,2024-05-24 14:05:00.001,1,10044,0,110590.117,31555.848,97.303,79715.917,132104.653,43729.837
N,1,1,2024-05-24 14:10:00.018,1,10045,0,110590.283,31555.848,97.324,79716.083,132104.906,43729.841
N,1,1,2024-05-24 14:15:00.007,1,10046,0,110590.504,31555.848,97.324,79716.280,132105.209,43729.841
N,1,1,2024-05-24 14:20:00.000,1,10047,0,110590.766,31555.848,97.324,79716.482,132105.550,43729.842
N,1,1,2024-05-24 14:25:00.001,1,10048,0,110591.235,31555.848,97.324,79716.686,132106.061,43729.842
N,1,1,2024-05-24 14:30:00.017,1,10049,0,110591.320,31555.865,97.324,79716.875,132106.215,43729.913
N,1,1,2024-05-24 14:35:00.015,1,10050,0,110591.339,31555.896,97.324,79717.061,132106.291,43730.034
N,1,1,2024-05-24 14:40:00.009,1,10051,0,110591.356,31555.910,97.324,79717.252,132106.421,43730.099
N,1,1,2024-05-24 14:45:00.008,1,10052,0,110591.457,31555.910,97.324,79717.461,132106.654,43730.099
N,1,1,2024-05-24 14:50:00.009,1,10053,0,110591.574,31555.910,97.324,79717.672,132106.901,43730.099
N,1,1,2024-05-24 14:55:00.009,1,10054,0,110591.617,31555.932,97.324,79717.879,132107.057,43730.166
N,1,1,2024-05-24 15:00:00.016,1,10055,0,110591.700,31555.933,97.324,79718.097,132107.257,43730.214
N,1,1,2024-05-24 15:05:00.008,1,10056,0,110591.735,31555.952,97.324,79718.321,132107.360,43730.346
N,1,1,2024-05-24 15:10:00.006,1,10057,0,110591.753,31555.955,97.324,79718.544,132107.474,43730.464
N,1,1,2024-05-24 15:15:00.004,1,10058,0,110591.790,31555.991,97.324,79718.754,132107.565,43730.608
N,1,1,2024-05-24 15:20:00.015,1,10059,0,110591.792,31556.002,97.324,79718.953,132107.635,43730.741
N,1,1,2024-05-24 15:25:00.007,1,10060,0,110591.865,31556.020,97.324,79719.141,132107.782,43730.815
N,1,1,2024-05-24 15:30:00.007,1,10061,0,110591.935,31556.024,97.324,79719.331,132107.945,43730.868
N,1,1,2024-05-24 15:35:00.011,1,10062,0,110591.942,31556.045,97.324,79719.516,132108.040,43730.966
N,1,1,2024-05-24 15:40:00.002,1,10063,0,110591.946,31556.047,97.324,79719.703,132108.145,43731.047
N,1,1,2024-05-24 15:45:00.009,1,10064,0,110591.950,31556.051,97.324,79719.896,132108.242,43731.144
N,1,1,2024-05-24 15:50:00.002,1,10065,0,110592.013,31556.053,97.324,79720.091,132108.406,43731.197
N,1,1,2024-05-24 15:55:00.018,1,10066,0,110592.030,31556.060,97.324,79720.281,132108.515,43731.281
N,1,1,2024-05-24 16:00:00.011,1,10067,0,110592.093,31556.061,97.324,79720.469,132108.690,43731.319
N,1,1,2024-05-24 16:05:00.004,1,10068,0,110592.144,31556.083,97.324,79720.660,132108.808,43731.415
N,1,1,2024-05-24 16:10:00.013,1,10069,0,110592.229,31556.089,97.324,79720.858,132108.984,43731.476
N,1,1,2024-05-24 16:15:00.007,1,10070,0,110592.260,31556.094,97.324,79721.059,132109.131,43731.538
N,1,1,2024-05-24 16:20:00.019,1,10071,0,110592.273,31556.126,97.324,79721.265,132109.193,43731.692
N,1,1,2024-05-24 16:25:00.001,1,10072,0,110592.361,31556.128,97.324,79721.478,132109.376,43731.761
N,1,1,2024-05-24 16:30:00.012,1,10073,0,110592.803,31556.128,97.324,79721.679,132109.871,43731.761
N,1,1,2024-05-24 16:35:00.007,1,10074,0,110593.209,31556.128,97.324,79721.874,132110.324,43731.761
N,1,1,2024-05-24 16:40:00.017,1,10075,0,110593.635,31556.128,97.324,79722.069,132110.793,43731.761
N,1,1,2024-05-24 16:45:00.007,1,10076,0,110593.944,31556.128,97.324,79722.259,132111.162,43731.761
N,1,1,2024-05-24 16:50:00.006,1,10077,0,110594.196,31556.128,97.324,79722.452,132111.486,43731.761
N,1,1,2024-05-24 16:55:00.007,1,10078,0,110594.668,31556.128,97.324,79722.651,132111.997,43731.761
N,1,1,2024-05-24 17:00:00.017,1,10079,0,110594.900,31556.128,97.324,79722.848,132112.308,43731.761
N,1,1,2024-05-24 17:05:00.001,1,10080,0,110595.242,31556.128,97.324,79723.050,132112.713,43731.761
N,1,1,2024-05-24 17:10:00.012,1,10081,0,110595.925,31556.128,97.324,79723.269,132113.432,43731.761
N,1,1,2024-05-24 17:15:00.004,1,10082,0,110596.572,31556.128,97.324,79723.475,132114.110,43731.761
N,1,1,2024-05-24 17:20:00.010,1,10083,0,110597.314,31556.128,97.324,79723.666,132114.877,43731.761
N,1,1,2024-05-24 17:25:00.016,1,10084,0,110598.013,31556.128,97.324,79723.870,132115.606,43731.761
N,1,1,2024-05-24 17:30:00.011,1,10085,0,110598.412,31556.128,97.324,79724.087,132116.064,43731.761
N,1,1,2024-05-24 17:35:00.008,1,10086,0,110598.715,31556.128,97.324,79724.310,132116.441,43731.761
N,1,1,2024-05-24 17:40:00.014,1,10087,0,110599.031,31556.128,97.324,79724.536,132116.834,43731.761
N,1,1,2024-05-24 17:45:00.010,1,10088,0,110599.556,31556.128,97.324,79724.769,132117.408,43731.761
N,1,1,2024-05-24 17:50:00.013,1,10089,0,110599.901,31556.128,97.324,79724.994,132117.824,43731.761
N,1,1,2024-05-24 17:55:00.020,1,10090,0,110600.176,31556.128,97.324,79725.208,132118.173,43731.761
N,1,1,2024-05-24 18:00:00.010,1,10091,0,110600.450,31556.128,97.324,79725.416,132118.517,43731.761
N,1,1,2024-05-24 18:05:00.006,1,10092,0,110600.710,31556.128,97.324,79725.624,132118.850,43731.761
N,1,1,2024-05-24 18:10:00.010,1,10093,0,110601.261,31556.128,97.324,79725.840,132119.443,43731.761
N,1,1,2024-05-24 18:15:00.002,1,10094,0,110601.681,31556.128,97.324,79726.056,132119.921,43731.761
N,1,1,2024-05-24 18:20:00.004,1,10095,0,110601.938,31556.128,97.324,79726.271,132120.256,43731.761
N,1,1,2024-05-24 18:25:00.003,1,10096,0,110602.211,31556.128,97.324,79726.501,132120.613,43731.761
N,1,1,2024-05-24 18:30:00.015,1,10097,0,110602.502,31556.128,97.324,79726.731,132120.984,43731.761
N,1,1,2024-05-24 18:35:00.019,1,10098,0,110602.818,31556.128,97.324,79726.956,132121.372,43731.761
N,1,1,2024-05-24 18:40:00.012,1,10099,0,110603.139,31556.128,97.324,79727.183,132121.766,43731.761
N,1,1,2024-05-24 18:45:00.023,1,10100,0,110603.449,31556.128,97.324,79727.410,132122.151,43731.761
N,1,1,2024-05-24 18:50:00.016,1,10101,0,110603.786,31556.128,97.324,79727.639,132122.561,43731.761
N,1,1,2024-05-24 18:55:00.013,1,10102,0,110604.366,31556.128,97.324,79727.866,132123.183,43731.761
N,1,1,2024-05-24 19:00:00.013,1,10103,0,110604.738,31556.128,97.324,79728.088,132123.619,43731.761
N,1,1,2024-05-24 19:05:00.005,1,10104,0,110605.220,31556.128,97.324,79728.311,132124.150,43731.761
N,1,1,2024-05-24 19:10:00.009,1,10105,0,110605.786,31556.128,97.324,79728.538,132124.761,43731.761
N,1,1,2024-05-24 19:15:00.014,1,10106,0,110607.034,31556.128,97.324,79728.774,132126.035,43731.761
N,1,1,2024-05-24 19:20:00.011,1,10107,0,110608.067,31556.128,97.324,79729.007,132127.095,43731.761
N,1,1,2024-05-24 19:25:00.015,1,10108,0,110608.513,31556.128,97.324,79729.227,132127.596,43731.761
N,1,1,2024-05-24 19:30:00.048,1,10109,0,110609.160,31556.128,97.324,79729.459,132128.284,43731.761
N,1,1,2024-05-24 19:35:00.011,1,10110,0,110609.621,31556.128,97.324,79729.688,132128.801,43731.761
N,1,1,2024-05-24 19:40:00.012,1,10111,0,110610.214,31556.128,97.324,79729.921,132129.440,43731.761
N,1,1,2024-05-24 19:45:00.012,1,10112,0,110610.875,31556.128,97.324,79730.151,132130.141,43731.761
N,1,1,2024-05-24 19:50:00.011,1,10113,0,110611.578,31556.128,97.324,79730.372,132130.877,43731.761
N,1,1,2024-05-24 19:55:00.015,1,10114,0,110612.259,31556.128,97.324,79730.599,132131.595,43731.761
N,1,1,2024-05-24 20:00:00.011,1,10115,0,110612.958,31556.128,97.324,79730.829,132132.332,43731.761
N,1,1,2024-05-24 20:05:00.002,1,10116,0,110613.829,31556.128,97.324,79731.063,132133.234,43731.761
N,1,1,2024-05-24 20:10:00.006,1,10117,0,110614.805,31556.128,97.324,79731.301,132134.239,43731.761
N,1,1,2024-05-24 20:15:00.017,1,10118,0,110615.632,31556.128,97.324,79731.542,132135.100,43731.761
N,1,1,2024-05-24 20:20:00.000,1,10119,0,110616.369,31556.128,97.324,79731.780,132135.876,43731.761
N,1,1,2024-05-24 20:25:00.004,1,10120,0,110617.138,31556.128,97.324,79732.017,132136.680,43731.761
N,1,1,2024-05-24 20:30:00.016,1,10121,0,110617.881,31556.128,97.324,79732.241,132137.456,43731.761
N,1,1,2024-05-24 20:35:00.008,1,10122,0,110618.579,31556.128,97.324,79732.457,132138.189,43731.761
N,1,1,2024-05-24 20:40:00.007,1,10123,0,110618.996,31556.128,97.324,79732.671,132138.658,43731.761
N,1,1,2024-05-24 20:45:00.005,1,10124,0,110619.392,31556.128,97.324,79732.883,132139.109,43731.761
N,1,1,2024-05-24 20:50:00.003,1,10125,0,110619.804,31556.128,97.324,79733.097,132139.574,43731.761
N,1,1,2024-05-24 20:55:00.018,1,10126,0,110620.124,31556.128,97.324,79733.317,132139.964,43731.761
N,1,1,2024-05-24 21:00:00.008,1,10127,0,110620.614,31556.128,97.324,79733.546,132140.509,43731.761
N,1,1,2024-05-24 21:05:00.003,1,10128,0,110621.161,31556.128,97.324,79733.782,132141.107,43731.761
N,1,1,2024-05-24 21:10:00.001,1,10129,0,110621.488,31556.128,97.324,79734.007,132141.503,43731.761
N,1,1,2024-05-24 21:15:00.010,1,10130,0,110622.066,31556.128,97.324,79734.247,132142.132,43731.761
N,1,1,2024-05-24 21:20:00.018,1,10131,0,110622.524,31556.128,97.324,79734.491,132142.654,43731.761
N,1,1,2024-05-24 21:25:00.003,1,10132,0,110622.863,31556.128,97.324,79734.726,132143.067,43731.761
N,1,1,2024-05-24 21:30:00.009,1,10133,0,110623.193,31556.128,97.324,79734.970,132143.477,43731.761
N,1,1,2024-05-24 21:35:00.012,1,10134,0,110623.490,31556.128,97.324,79735.207,132143.858,43731.761
N,1,1,2024-05-24 21:40:00.008,1,10135,0,110623.786,31556.128,97.324,79735.433,132144.230,43731.761
N,1,1,2024-05-24 21:45:00.000,1,10136,0,110624.115,31556.128,97.324,79735.653,132144.626,43731.761
N,1,1,2024-05-24 21:50:00.009,1,10137,0,110624.481,31556.128,97.324,79735.877,132145.057,43731.761
N,1,1,2024-05-24 21:55:00.004,1,10138,0,110625.168,31556.128,97.324,79736.095,132145.778,43731.761
N,1,1,2024-05-24 22:00:00.007,1,10139,0,110625.893,31556.128,97.324,79736.307,132146.535,43731.761
N,1,1,2024-05-24 22:05:00.005,1,10140,0,110626.252,31556.128,97.324,79736.524,132146.955,43731.761
N,1,1,2024-05-24 22:10:00.013,1,10141,0,110626.577,31556.128,97.324,79736.741,132147.347,43731.761
N,1,1,2024-05-24 22:15:00.006,1,10142,0,110626.888,31556.128,97.324,79736.961,132147.727,43731.761
N,1,1,2024-05-24 22:20:00.006,1,10143,0,110627.165,31556.128,97.324,79737.176,132148.078,43731.761
N,1,1,2024-05-24 22:25:00.015,1,10144,0,110627.457,31556.128,97.324,79737.402,132148.447,43731.761
N,1,1,2024-05-24 22:30:00.003,1,10145,0,110627.732,31556.128,97.324,79737.625,132148.801,43731.761
N,1,1,2024-05-24 22:35:00.000,1,10146,0,110628.014,31556.128,97.324,79737.856,132149.168,43731.761
N,1,1,2024-05-24 22:40:00.012,1,10147,0,110628.290,31556.128,97.324,79738.090,132149.529,43731.761
N,1,1,2024-05-24 22:45:00.010,1,10148,0,110628.601,31556.128,97.324,79738.320,132149.918,43731.761
N,1,1,2024-05-24 22:50:00.004,1,10149,0,110628.873,31556.128,97.324,79738.548,132150.274,43731.761
N,1,1,2024-05-24 22:55:00.014,1,10150,0,110629.189,31556.128,97.324,79738.756,132150.660,43731.761
N,1,1,2024-05-24 23:00:00.005,1,10151,0,110629.721,31556.128,97.324,79738.959,132151.229,43731.761
N,1,1,2024-05-24 23:05:00.018,1,10152,0,110630.233,31556.128,97.324,79739.160,132151.781,43731.761
N,1,1,2024-05-24 23:10:00.008,1,10153,0,110630.481,31556.128,97.324,79739.368,132152.105,43731.761
N,1,1,2024-05-24 23:15:00.010,1,10154,0,110630.724,31556.128,97.324,79739.583,132152.428,43731.761
N,1,1,2024-05-24 23:20:00.017,1,10155,0,110630.947,31556.128,97.324,79739.797,132152.738,43731.761
N,1,1,2024-05-24 23:25:00.003,1,10156,0,110631.155,31556.128,97.324,79740.005,132153.033,43731.761
N,1,1,2024-05-24 23:30:00.008,1,10157,0,110631.849,31556.128,97.324,79740.217,132153.762,43731.761
N,1,1,2024-05-24 23:35:00.005,1,10158,0,110632.418,31556.128,97.324,79740.427,132154.370,43731.761
N,1,1,2024-05-24 23:40:00.017,1,10159,0,110632.664,31556.128,97.324,79740.628,132154.694,43731.761
N,1,1,2024-05-24 23:45:00.006,1,10160,0,110632.856,31556.128,97.324,79740.833,132154.975,43731.761
N,1,1,2024-05-24 23:50:00.004,1,10161,0,110633.061,31556.128,97.324,79741.045,132155.270,43731.761
N,1,1,2024-05-24 23:55:00.017,1,10162,0,110633.259,31556.128,97.324,79741.262,132155.564,43731.761
N,1,1,2024-05-25 00:00:00.018,1,10163,0,110633.556,31556.128,97.324,79741.484,132155.943,43731.761
N,1,1,2024-05-25 00:05:00.010,1,10164,0,110634.027,31556.128,97.324,79741.701,132156.461,43731.761
N,1,1,2024-05-25 00:10:00.017,1,10165,0,110634.323,31556.128,97.324,79741.916,132156.835,43731.761
N,1,1,2024-05-25 00:15:00.041,1,10166,0,110634.795,31556.128,97.324,79742.121,132157.350,43731.761
N,1,1,2024-05-25 00:20:00.002,1,10167,0,110635.088,31556.128,97.324,79742.321,132157.712,43731.761
N,1,1,2024-05-25 00:25:00.000,1,10168,0,110635.283,31556.128,97.324,79742.517,132157.989,43731.761
N,1,1,2024-05-25 00:30:00.031,1,10169,0,110635.477,31556.128,97.324,79742.717,132158.267,43731.761
N,1,1,2024-05-25 00:35:00.015,1,10170,0,110635.659,31556.128,97.324,79742.913,132158.535,43731.761
N,1,1,2024-05-25 00:40:00.013,1,10171,0,110635.861,31556.128,97.324,79743.118,132158.823,43731.761
N,1,1,2024-05-25 00:45:00.022,1,10172,0,110636.072,31556.128,97.324,79743.330,132159.121,43731.761
N,1,1,2024-05-25 00:50:00.009,1,10173,0,110636.283,31556.128,97.324,79743.554,132159.431,43731.761
N,1,1,2024-05-25 00:55:00.008,1,10174,0,110636.498,31556.128,97.324,79743.780,132159.743,43731.761
N,1,1,2024-05-25 01:00:00.030,1,10175,0,110636.720,31556.128,97.324,79744.005,132160.059,43731.761
N,1,1,2024-05-25 01:05:00.005,1,10176,0,110636.922,31556.128,97.324,79744.228,132160.361,43731.761
N,1,1,2024-05-25 01:10:00.013,1,10177,0,110637.107,31556.128,97.324,79744.441,132160.642,43731.761
N,1,1,2024-05-25 01:15:00.025,1,10178,0,110637.310,31556.128,97.324,79744.650,132160.934,43731.761
N,1,1,2024-05-25 01:20:00.005,1,10179,0,110637.517,31556.128,97.324,79744.858,132161.227,43731.761
N,1,1,2024-05-25 01:25:00.015,1,10180,0,110637.732,31556.128,97.324,79745.066,132161.527,43731.761
N,1,1,2024-05-25 01:30:00.012,1,10181,0,110637.947,31556.128,97.324,79745.273,132161.825,43731.761
N,1,1,2024-05-25 01:35:00.017,1,10182,0,110638.160,31556.128,97.324,79745.478,132162.120,43731.761
N,1,1,2024-05-25 01:40:00.003,1,10183,0,110638.443,31556.128,97.324,79745.675,132162.473,43731.761
N,1,1,2024-05-25 01:45:00.033,1,10184,0,110638.945,31556.128,97.324,79745.883,132163.016,43731.761
N,1,1,2024-05-25 01:50:00.003,1,10185,0,110639.132,31556.128,97.324,79746.094,132163.298,43731.761
N,1,1,2024-05-25 01:55:00.002,1,10186,0,110639.335,31556.128,97.324,79746.308,132163.595,43731.761
N,1,1,2024-05-25 02:00:00.001,1,10187,0,110639.530,31556.128,97.324,79746.525,132163.886,43731.761
N,1,1,2024-05-25 02:05:00.013,1,10188,0,110639.720,31556.128,97.324,79746.739,132164.173,43731.761
N,1,1,2024-05-25 02:10:00.009,1,10189,0,110639.931,31556.128,97.324,79746.953,132164.473,43731.761
N,1,1,2024-05-25 02:15:00.009,1,10190,0,110640.286,31556.128,97.324,79747.171,132164.896,43731.761
N,1,1,2024-05-25 02:20:00.017,1,10191,0,110640.842,31556.128,97.324,79747.392,132165.494,43731.761
N,1,1,2024-05-25 02:25:00.013,1,10192,0,110641.382,31556.128,97.324,79747.610,132166.077,43731.761
N,1,1,2024-05-25 02:30:00.022,1,10193,0,110641.931,31556.128,97.324,79747.838,132166.671,43731.761
N,1,1,2024-05-25 02:35:00.014,1,10194,0,110642.314,31556.128,97.324,79748.073,132167.126,43731.761
N,1,1,2024-05-25 02:40:00.012,1,10195,0,110642.602,31556.128,97.324,79748.318,132167.509,43731.761
N,1,1,2024-05-25 02:45:00.006,1,10196,0,110643.295,31556.128,97.324,79748.563,132168.245,43731.761
N,1,1,2024-05-25 02:50:00.019,1,10197,0,110643.867,31556.128,97.324,79748.793,132168.862,43731.761
N,1,1,2024-05-25 02:55:00.014,1,10198,0,110644.121,31556.128,97.324,79749.004,132169.197,43731.761
N,1,1,2024-05-25 03:00:00.024,1,10199,0,110644.316,31556.128,97.324,79749.199,132169.473,43731.761
N,1,1,2024-05-25 03:05:00.013,1,10200,0,110644.518,31556.128,97.324,79749.390,132169.751,43731.761
N,1,1,2024-05-25 03:10:00.002,1,10201,0,110644.717,31556.128,97.324,79749.590,132170.033,43731.761
N,1,1,2024-05-25 03:15:00.021,1,10202,0,110644.911,31556.128,97.324,79749.796,132170.316,43731.761
N,1,1,2024-05-25 03:20:00.010,1,10203,0,110645.112,31556.128,97.324,79750.006,132170.606,43731.761
N,1,1,2024-05-25 03:25:00.001,1,10204,0,110645.306,31556.128,97.324,79750.219,132170.895,43731.761
N,1,1,2024-05-25 03:30:00.017,1,10205,0,110645.504,31556.128,97.324,79750.435,132171.188,43731.761
N,1,1,2024-05-25 03:35:00.019,1,10206,0,110645.684,31556.128,97.324,79750.651,132171.469,43731.761
N,1,1,2024-05-25 03:40:00.000,1,10207,0,110645.875,31556.128,97.324,79750.868,132171.758,43731.761
N,1,1,2024-05-25 03:45:00.020,1,10208,0,110646.058,31556.128,97.324,79751.085,132172.042,43731.761
N,1,1,2024-05-25 03:50:00.004,1,10209,0,110646.230,31556.128,97.324,79751.308,132172.324,43731.761
N,1,1,2024-05-25 03:55:00.008,1,10210,0,110646.412,31556.128,97.324,79751.523,132172.607,43731.761
N,1,1,2024-05-25 04:00:00.002,1,10211,0,110646.593,31556.128,97.324,79751.737,132172.887,43731.761
N,1,1,2024-05-25 04:05:00.007,1,10212,0,110646.759,31556.128,97.324,79751.950,132173.157,43731.761
N,1,1,2024-05-25 04:10:00.012,1,10213,0,110646.932,31556.128,97.324,79752.162,132173.430,43731.761
N,1,1,2024-05-25 04:15:00.002,1,10214,0,110647.128,31556.128,97.324,79752.362,132173.711,43731.761
N,1,1,2024-05-25 04:20:00.013,1,10215,0,110647.327,31556.128,97.324,79752.560,132173.991,43731.761
N,1,1,2024-05-25 04:25:00.004,1,10216,0,110647.513,31556.128,97.324,79752.768,132174.270,43731.761
N,1,1,2024-05-25 04:30:00.015,1,10217,0,110647.695,31556.128,97.324,79752.978,132174.548,43731.761
N,1,1,2024-05-25 04:35:00.003,1,10218,0,110647.880,31556.128,97.324,79753.190,132174.830,43731.761
N,1,1,2024-05-25 04:40:00.014,1,10219,0,110648.066,31556.128,97.324,79753.402,132175.112,43731.761
N,1,1,2024-05-25 04:45:00.002,1,10220,0,110648.251,31556.128,97.324,79753.617,132175.396,43731.761
N,1,1,2024-05-25 04:50:00.013,1,10221,0,110648.429,31556.128,97.324,79753.828,132175.672,43731.761
N,1,1,2024-05-25 04:55:00.003,1,10222,0,110648.613,31556.128,97.324,79754.033,132175.947,43731.761
N,1,1,2024-05-25 05:00:00.009,1,10223,0,110648.846,31556.128,97.324,79754.238,132176.265,43731.761
N,1,1,2024-05-25 05:05:00.010,1,10224,0,110649.516,31556.128,97.324,79754.449,132176.968,43731.761
N,1,1,2024-05-25 05:10:00.012,1,10225,0,110650.062,31556.128,97.324,79754.661,132177.557,43731.761
N,1,1,2024-05-25 05:15:00.016,1,10226,0,110650.227,31556.128,97.324,79754.876,132177.830,43731.761
N,1,1,2024-05-25 05:20:00.014,1,10227,0,110650.376,31556.128,97.324,79755.096,132178.095,43731.761
N,1,1,2024-05-25 05:25:00.014,1,10228,0,110650.542,31556.128,97.324,79755.317,132178.372,43731.761
N,1,1,2024-05-25 05:30:00.014,1,10229,0,110650.709,31556.128,97.324,79755.535,132178.647,43731.761
N,1,1,2024-05-25 05:35:00.015,1,10230,0,110650.903,31556.128,97.324,79755.748,132178.936,43731.761
N,1,1,2024-05-25 05:40:00.008,1,10231,0,110651.177,31556.128,97.324,79755.956,132179.287,43731.761
N,1,1,2024-05-25 05:45:00.007,1,10232,0,110651.689,31556.128,97.324,79756.164,132179.839,43731.761
N,1,1,2024-05-25 05:50:00.006,1,10233,0,110652.175,31556.128,97.324,79756.371,132180.368,43731.761
N,1,1,2024-05-25 05:55:00.008,1,10234,0,110652.633,31556.128,97.324,79756.575,132180.869,43731.761
N,1,1,2024-05-25 06:00:00.016,1,10235,0,110653.095,31556.128,97.324,79756.786,132181.377,43731.761
N,1,1,2024-05-25 06:05:00.003,1,10236,0,110653.581,31556.128,97.324,79757.000,132181.908,43731.761
N,1,1,2024-05-25 06:10:00.014,1,10237,0,110654.125,31556.128,97.324,79757.215,132182.495,43731.761
N,1,1,2024-05-25 06:15:00.018,1,10238,0,110654.672,31556.128,97.324,79757.426,132183.084,43731.761
N,1,1,2024-05-25 06:20:00.004,1,10239,0,110655.317,31556.128,97.324,79757.637,132183.762,43731.761
N,1,1,2024-05-25 06:25:00.002,1,10240,0,110655.975,31556.128,97.324,79757.858,132184.456,43731.761
N,1,1,2024-05-25 06:30:00.006,1,10241,0,110656.369,31556.128,97.324,79758.077,132184.920,43731.761
N,1,1,2024-05-25 06:35:00.010,1,10242,0,110656.580,31556.128,97.324,79758.293,132185.222,43731.761
N,1,1,2024-05-25 06:40:00.001,1,10243,0,110656.773,31556.128,97.324,79758.504,132185.509,43731.761
N,1,1,2024-05-25 06:45:00.017,1,10244,0,110656.978,31556.128,97.324,79758.713,132185.800,43731.761
N,1,1,2024-05-25 06:50:00.006,1,10245,0,110657.167,31556.128,97.324,79758.913,132186.076,43731.761
N,1,1,2024-05-25 06:55:00.000,1,10246,0,110657.364,31556.128,97.324,79759.111,132186.355,43731.761
N,1,1,2024-05-25 07:00:00.006,1,10247,0,110657.546,31556.128,97.324,79759.314,132186.629,43731.761
N,1,1,2024-05-25 07:05:00.007,1,10248,0,110657.732,31556.128,97.324,79759.515,132186.902,43731.761
N,1,1,2024-05-25 07:10:00.010,1,10249,0,110657.996,31556.128,97.324,79759.714,132187.238,43731.761
N,1,1,2024-05-25 07:15:00.005,1,10250,0,110658.433,31556.128,97.324,79759.926,132187.728,43731.761
N,1,1,2024-05-25 07:20:00.012,1,10251,0,110658.837,31556.128,97.324,79760.134,132188.185,43731.761
N,1,1,2024-05-25 07:25:00.020,1,10252,0,110658.994,31556.128,97.324,79760.330,132188.437,43731.761
N,1,1,2024-05-25 07:30:00.019,1,10253,0,110659.365,31556.128,97.324,79760.532,132188.867,43731.761
N,1,1,2024-05-25 07:35:00.013,1,10254,0,110659.791,31556.128,97.324,79760.730,132189.337,43731.761
N,1,1,2024-05-25 07:40:00.003,1,10255,0,110660.204,31556.128,97.324,79760.921,132189.792,43731.761
N,1,1,2024-05-25 07:45:00.008,1,10256,0,110660.629,31556.128,97.324,79761.108,132190.257,43731.761
N,1,1,2024-05-25 07:50:00.007,1,10257,0,110661.040,31556.128,97.324,79761.296,132190.709,43731.761
N,1,1,2024-05-25 07:55:00.015,1,10258,0,110661.391,31556.128,97.324,79761.491,132191.117,43731.761
N,1,1,2024-05-25 08:00:00.007,1,10259,0,110661.832,31556.128,97.324,79761.688,132191.600,43731.761
N,1,1,2024-05-25 08:05:00.016,1,10260,0,110662.246,31556.128,97.324,79761.889,132192.061,43731.761
N,1,1,2024-05-25 08:10:00.000,1,10261,0,110662.489,31556.128,97.324,79762.090,132192.383,43731.761
N,1,1,2024-05-25 08:15:00.014,1,10262,0,110662.877,31556.128,97.324,79762.290,132192.820,43731.761
N,1,1,2024-05-25 08:20:00.009,1,10263,0,110663.321,31556.128,97.324,79762.482,132193.306,43731.761
N,1,1,2024-05-25 08:25:00.006,1,10264,0,110664.205,31556.128,97.324,79762.683,132194.213,43731.761
N,1,1,2024-05-25 08:30:00.008,1,10265,0,110664.996,31556.128,97.324,79762.886,132195.030,43731.761
N,1,1,2024-05-25 08:35:00.011,1,10266,0,110665.863,31556.128,97.324,79763.100,132195.924,43731.761
N,1,1,2024-05-25 08:40:00.011,1,10267,0,110666.910,31556.128,97.324,79763.326,132196.994,43731.761
N,1,1,2024-05-25 08:45:00.008,1,10268,0,110668.018,31556.128,97.324,79763.547,132198.124,43731.761
N,1,1,2024-05-25 08:50:00.016,1,10269,0,110668.980,31556.128,97.325,79763.755,132199.109,43731.761
N,1,1,2024-05-25 08:55:00.019,1,10270,0,110669.954,31556.128,97.349,79763.931,132200.105,43731.761
N,1,1,2024-05-25 09:00:00.005,1,10271,0,110670.659,31556.128,97.349,79764.144,132200.844,43731.761
N,1,1,2024-05-25 09:05:00.002,1,10272,0,110670.928,31556.128,97.349,79764.353,132201.189,43731.761
N,1,1,2024-05-25 09:10:00.019,1,10273,0,110671.171,31556.128,97.349,79764.559,132201.513,43731.761
N,1,1,2024-05-25 09:15:00.018,1,10274,0,110671.351,31556.128,97.349,79764.762,132201.789,43731.761
N,1,1,2024-05-25 09:20:00.018,1,10275,0,110671.614,31556.128,97.349,79764.977,132202.129,43731.761
N,1,1,2024-05-25 09:25:00.012,1,10276,0,110671.881,31556.128,97.349,79765.192,132202.482,43731.761
N,1,1,2024-05-25 09:30:00.018,1,10277,0,110672.011,31556.179,97.349,79765.395,132202.698,43731.830
N,1,1,2024-05-25 09:35:00.006,1,10278,0,110672.026,31556.201,97.349,79765.579,132202.777,43731.943
N,1,1,2024-05-25 09:40:00.015,1,10279,0,110672.035,31556.236,97.349,79765.767,132202.844,43732.074
N,1,1,2024-05-25 09:45:00.000,1,10280,0,110672.097,31556.244,97.349,79765.945,132202.985,43732.130
N,1,1,2024-05-25 09:50:00.008,1,10281,0,110672.266,31556.255,97.349,79766.136,132203.233,43732.160
N,1,1,2024-05-25 09:55:00.011,1,10282,0,110672.557,31556.263,97.349,79766.330,132203.577,43732.188
N,1,1,2024-05-25 10:00:00.000,1,10283,0,110673.103,31556.263,97.349,79766.530,132204.161,43732.188
N,1,1,2024-05-25 10:05:00.012,1,10284,0,110673.678,31556.263,97.350,79766.731,132204.775,43732.188
N,1,1,2024-05-25 10:10:00.013,1,10285,0,110673.793,31556.305,97.350,79766.926,132204.962,43732.277
N,1,1,2024-05-25 10:15:00.007,1,10286,0,110673.803,31556.324,97.350,79767.133,132205.062,43732.388
N,1,1,2024-05-25 10:20:00.017,1,10287,0,110673.830,31556.435,97.350,79767.341,132205.165,43732.558
N,1,1,2024-05-25 10:25:00.004,1,10288,0,110673.851,31556.545,97.350,79767.537,132205.226,43732.746
N,1,1,2024-05-25 10:30:00.003,1,10289,0,110673.874,31556.566,97.350,79767.736,132205.328,43732.854
N,1,1,2024-05-25 10:35:00.017,1,10290,0,110673.880,31556.734,97.350,79767.924,132205.360,43733.097
N,1,1,2024-05-25 10:40:00.012,1,10291,0,110673.890,31556.745,97.350,79768.115,132205.452,43733.199
N,1,1,2024-05-25 10:45:00.019,1,10292,0,110673.895,31556.760,97.350,79768.305,132205.538,43733.305
N,1,1,2024-05-25 10:50:00.014,1,10293,0,110673.904,31556.808,97.350,79768.497,132205.584,43733.466
N,1,1,2024-05-25 10:55:00.015,1,10294,0,110673.910,31556.810,97.350,79768.693,132205.713,43733.532
N,1,1,2024-05-25 11:00:00.017,1,10295,0,110673.926,31556.997,97.350,79768.880,132205.769,43733.778
N,1,1,2024-05-25 11:05:00.003,1,10296,0,110673.928,31557.072,97.350,79769.070,132205.809,43733.958
N,1,1,2024-05-25 11:10:00.008,1,10297,0,110673.942,31557.081,97.350,79769.267,132205.882,43734.086
N,1,1,2024-05-25 11:15:00.015,1,10298,0,110674.039,31557.168,97.375,79769.426,132206.027,43734.219
N,1,1,2024-05-25 11:20:00.016,1,10299,0,110674.093,31557.199,97.375,79769.626,132206.201,43734.270
N,1,1,2024-05-25 11:25:00.009,1,10300,0,110674.103,31557.437,97.375,79769.827,132206.250,43734.584
N,1,1,2024-05-25 11:30:00.017,1,10301,0,110674.123,31557.621,97.375,79770.033,132206.298,43734.846
N,1,1,2024-05-25 11:35:00.009,1,10302,0,110674.161,31557.775,97.375,79770.227,132206.369,43735.065
N,1,1,2024-05-25 11:40:00.015,1,10303,0,110674.237,31557.902,97.406,79770.383,132206.502,43735.225
N,1,1,2024-05-25 11:45:00.002,1,10304,0,110674.269,31558.145,97.406,79770.567,132206.565,43735.509
N,1,1,2024-05-25 11:50:00.008,1,10305,0,110674.285,31558.229,97.406,79770.759,132206.620,43735.682
N,1,1,2024-05-25 11:55:00.008,1,10306,0,110674.289,31558.235,97.406,79770.958,132206.713,43735.789
N,1,1,2024-05-25 12:00:00.013,1,10307,0,110674.294,31558.240,97.406,79771.165,132206.799,43735.910
N,1,1,2024-05-25 12:05:00.016,1,10308,0,110674.364,31558.387,97.406,79771.371,132206.916,43736.109
N,1,1,2024-05-25 12:10:00.015,1,10309,0,110674.496,31558.389,97.406,79771.584,132207.165,43736.113
N,1,1,2024-05-25 12:15:00.002,1,10310,0,110674.511,31558.664,97.406,79771.779,132207.218,43736.430
N,1,1,2024-05-25 12:20:00.006,1,10311,0,110674.558,31558.721,97.406,79771.983,132207.344,43736.542
N,1,1,2024-05-25 12:25:00.005,1,10312,0,110674.923,31558.721,97.406,79772.185,132207.764,43736.542
N,1,1,2024-05-25 12:30:00.005,1,10313,0,110675.198,31558.816,97.406,79772.376,132208.070,43736.661
N,1,1,2024-05-25 12:35:00.013,1,10314,0,110675.219,31558.892,97.406,79772.573,132208.159,43736.806
N,1,1,2024-05-25 12:40:00.002,1,10315,0,110675.273,31559.032,97.406,79772.766,132208.249,43737.002
N,1,1,2024-05-25 12:45:00.016,1,10316,0,110675.317,31559.125,97.406,79772.950,132208.360,43737.153
N,1,1,2024-05-25 12:50:00.001,1,10317,0,110675.332,31559.525,97.406,79773.134,132208.379,43737.593
N,1,1,2024-05-25 12:55:00.002,1,10318,0,110675.355,31559.615,97.406,79773.321,132208.473,43737.745
N,1,1,2024-05-25 13:00:00.006,1,10319,0,110675.358,31560.003,97.406,79773.506,132208.501,43738.169
N,1,1,2024-05-25 13:05:00.003,1,10320,0,110675.380,31560.200,97.406,79773.701,132208.543,43738.431
N,1,1,2024-05-25 13:10:00.007,1,10321,0,110675.545,31560.213,97.406,79773.901,132208.791,43738.458
N,1,1,2024-05-25 13:15:00.003,1,10322,0,110675.600,31560.306,97.406,79774.096,132208.914,43738.597
N,1,1,2024-05-25 13:20:00.000,1,10323,0,110675.784,31560.324,97.406,79774.292,132209.178,43738.638
N,1,1,2024-05-25 13:25:00.019,1,10324,0,110675.926,31560.358,97.406,79774.482,132209.395,43738.693
N,1,1,2024-05-25 13:30:00.017,1,10325,0,110676.121,31560.393,97.406,79774.670,132209.648,43738.746
N,1,1,2024-05-25 13:35:00.011,1,10326,0,110676.214,31560.414,97.406,79774.851,132209.811,43738.808
N,1,1,2024-05-25 13:40:00.016,1,10327,0,110676.224,31560.659,97.406,79775.025,132209.833,43739.115
N,1,1,2024-05-25 13:45:00.002,1,10328,0,110676.256,31560.867,97.406,79775.199,132209.894,43739.373
N,1,1,2024-05-25 13:50:00.016,1,10329,0,110676.315,31560.973,97.406,79775.379,132210.028,43739.501
N,1,1,2024-05-25 13:55:00.018,1,10330,0,110676.392,31560.991,97.406,79775.565,132210.189,43739.563
N,1,1,2024-05-25 14:00:00.015,1,10331,0,110676.621,31560.991,97.406,79775.766,132210.494,43739.563
N,1,1,2024-05-25 14:05:00.006,1,10332,0,110676.661,31561.019,97.406,79775.961,132210.619,43739.651
N,1,1,2024-05-25 14:10:00.004,1,10333,0,110676.665,31561.138,97.406,79776.161,132210.640,43739.878
N,1,1,2024-05-25 14:15:00.019,1,10334,0,110676.683,31561.158,97.406,79776.355,132210.739,43739.981
N,1,1,2024-05-25 14:20:00.011,1,10335,0,110676.687,31561.191,97.406,79776.533,132210.796,43740.113
N,1,1,2024-05-25 14:25:00.008,1,10336,0,110676.708,31561.203,97.406,79776.706,132210.900,43740.187
N,1,1,2024-05-25 14:30:00.007,1,10337,0,110676.730,31561.220,97.406,79776.880,132210.989,43740.279
N,1,1,2024-05-25 14:35:00.010,1,10338,0,110676.760,31561.247,97.406,79777.072,132211.091,43740.384
N,1,1,2024-05-25 14:40:00.011,1,10339,0,110676.805,31561.280,97.406,79777.267,132211.218,43740.474
N,1,1,2024-05-25 14:45:00.016,1,10340,0,110676.932,31561.307,97.406,79777.475,132211.418,43740.542
N,1,1,2024-05-25 14:50:00.015,1,10341,0,110677.207,31561.307,97.406,79777.700,132211.781,43740.544
N,1,1,2024-05-25 14:55:00.014,1,10342,0,110677.505,31561.307,97.406,79777.918,132212.158,43740.544
N,1,1,2024-05-25 15:00:00.012,1,10343,0,110678.093,31561.307,97.406,79778.139,132212.795,43740.544
N,1,1,2024-05-25 15:05:00.013,1,10344,0,110678.734,31561.307,97.406,79778.353,132213.478,43740.544
N,1,1,2024-05-25 15:10:00.002,1,10345,0,110678.755,31561.328,97.406,79778.544,132213.577,43740.650
N,1,1,2024-05-25 15:15:00.015,1,10346,0,110678.797,31561.331,97.406,79778.740,132213.713,43740.729
N,1,1,2024-05-25 15:20:00.013,1,10347,0,110678.817,31561.349,97.406,79778.936,132213.818,43740.833
N,1,1,2024-05-25 15:25:00.007,1,10348,0,110678.820,31561.351,97.406,79779.133,132213.924,43740.923
N,1,1,2024-05-25 15:30:00.018,1,10349,0,110678.864,31561.354,97.406,79779.332,132214.049,43741.017
N,1,1,2024-05-25 15:35:00.009,1,10350,0,110679.174,31561.354,97.406,79779.529,132214.422,43741.017
N,1,1,2024-05-25 15:40:00.017,1,10351,0,110679.573,31561.354,97.406,79779.732,132214.875,43741.017
N,1,1,2024-05-25 15:45:00.024,1,10352,0,110679.718,31561.358,97.406,79779.932,132215.095,43741.053
N,1,1,2024-05-25 15:50:00.019,1,10353,0,110679.721,31561.360,97.406,79780.131,132215.224,43741.123
N,1,1,2024-05-25 15:55:00.015,1,10354,0,110679.726,31561.375,97.406,79780.328,132215.345,43741.204
N,1,1,2024-05-25 16:00:00.013,1,10355,0,110679.761,31561.379,97.406,79780.528,132215.429,43741.337
N,1,1,2024-05-25 16:05:00.014,1,10356,0,110679.819,31561.384,97.406,79780.715,132215.570,43741.404
N,1,1,2024-05-25 16:10:00.000,1,10357,0,110679.836,31561.389,97.406,79780.893,132215.649,43741.511
N,1,1,2024-05-25 16:15:00.005,1,10358,0,110679.920,31561.397,97.406,79781.068,132215.779,43741.599
N,1,1,2024-05-25 16:20:00.019,1,10359,0,110680.010,31561.397,97.406,79781.249,132215.978,43741.611
N,1,1,2024-05-25 16:25:00.013,1,10360,0,110680.030,31561.403,97.406,79781.437,132216.075,43741.709
N,1,1,2024-05-25 16:30:00.007,1,10361,0,110680.032,31561.408,97.406,79781.631,132216.142,43741.836
N,1,1,2024-05-25 16:35:00.019,1,10362,0,110680.037,31561.409,97.406,79781.833,132216.289,43741.891
N,1,1,2024-05-25 16:40:00.005,1,10363,0,110680.079,31561.409,97.406,79782.030,132216.496,43741.891
N,1,1,2024-05-25 16:45:00.001,1,10364,0,110680.115,31561.409,97.406,79782.215,132216.687,43741.891
N,1,1,2024-05-25 16:50:00.019,1,10365,0,110680.156,31561.409,97.406,79782.405,132216.886,43741.892
N,1,1,2024-05-25 16:55:00.004,1,10366,0,110680.622,31561.409,97.406,79782.594,132217.398,43741.892
N,1,1,2024-05-25 17:00:00.000,1,10367,0,110681.614,31561.409,97.406,79782.784,132218.408,43741.892
N,1,1,2024-05-25 17:05:00.012,1,10368,0,110682.428,31561.409,97.406,79782.977,132219.245,43741.892
N,1,1,2024-05-25 17:10:00.018,1,10369,0,110683.125,31561.409,97.406,79783.181,132219.973,43741.892
N,1,1,2024-05-25 17:15:00.008,1,10370,0,110683.635,31561.409,97.406,79783.383,132220.525,43741.892
N,1,1,2024-05-25 17:20:00.008,1,10371,0,110684.217,31561.409,97.406,79783.590,132221.143,43741.892
N,1,1,2024-05-25 17:25:00.001,1,10372,0,110684.784,31561.409,97.406,79783.798,132221.747,43741.892
N,1,1,2024-05-25 17:30:00.012,1,10373,0,110685.346,31561.409,97.406,79784.013,132222.350,43741.892
N,1,1,2024-05-25 17:35:00.011,1,10374,0,110685.991,31561.409,97.406,79784.232,132223.031,43741.892
N,1,1,2024-05-25 17:40:00.010,1,10375,0,110687.002,31561.409,97.406,79784.452,132224.068,43741.892
N,1,1,2024-05-25 17:45:00.006,1,10376,0,110688.031,31561.409,97.406,79784.672,132225.120,43741.892
N,1,1,2024-05-25 17:50:00.009,1,10377,0,110688.847,31561.409,97.406,79784.893,132225.966,43741.892
N,1,1,2024-05-25 17:55:00.017,1,10378,0,110689.641,31561.409,97.406,79785.108,132226.789,43741.892
N,1,1,2024-05-25 18:00:00.013,1,10379,0,110690.188,31561.409,97.406,79785.321,132227.376,43741.892
N,1,1,2024-05-25 18:05:00.007,1,10380,0,110690.788,31561.409,97.406,79785.540,132228.015,43741.892
N,1,1,2024-05-25 18:10:00.006,1,10381,0,110691.448,31561.409,97.406,79785.770,132228.714,43741.892
N,1,1,2024-05-25 18:15:00.011,1,10382,0,110692.039,31561.409,97.406,79785.992,132229.346,43741.892
N,1,1,2024-05-25 18:20:00.006,1,10383,0,110692.612,31561.409,97.406,79786.212,132229.960,43741.892
N,1,1,2024-05-25 18:25:00.005,1,10384,0,110693.176,31561.409,97.406,79786.438,132230.567,43741.892
N,1,1,2024-05-25 18:30:00.015,1,10385,0,110693.615,31561.409,97.406,79786.666,132231.065,43741.892
N,1,1,2024-05-25 18:35:00.019,1,10386,0,110694.136,31561.409,97.406,79786.904,132231.640,43741.892
N,1,1,2024-05-25 18:40:00.001,1,10387,0,110694.852,31561.409,97.406,79787.135,132232.393,43741.892
N,1,1,2024-05-25 18:45:00.015,1,10388,0,110695.775,31561.409,97.406,79787.374,132233.348,43741.892
N,1,1,2024-05-25 18:50:00.011,1,10389,0,110696.678,31561.409,97.406,79787.611,132234.283,43741.892
N,1,1,2024-05-25 18:55:00.003,1,10390,0,110697.307,31561.409,97.406,79787.842,132234.953,43741.892
N,1,1,2024-05-25 19:00:00.009,1,10391,0,110697.904,31561.409,97.406,79788.070,132235.592,43741.892
N,1,1,2024-05-25 19:05:00.015,1,10392,0,110698.607,31561.409,97.406,79788.276,132236.325,43741.892
N,1,1,2024-05-25 19:10:00.014,1,10393,0,110699.235,31561.409,97.406,79788.500,132236.992,43741.892
N,1,1,2024-05-25 19:15:00.000,1,10394,0,110700.025,31561.409,97.406,79788.724,132237.814,43741.892
N,1,1,2024-05-25 19:20:00.012,1,10395,0,110700.836,31561.409,97.406,79788.958,132238.660,43741.892
N,1,1,2024-05-25 19:25:00.013,1,10396,0,110701.447,31561.409,97.406,79789.191,132239.313,43741.892
N,1,1,2024-05-25 19:30:00.024,1,10397,0,110701.977,31561.409,97.406,79789.438,132239.900,43741.892
N,1,1,2024-05-25 19:35:00.002,1,10398,0,110702.363,31561.409,97.406,79789.675,132240.354,43741.892
N,1,1,2024-05-25 19:40:00.007,1,10399,0,110702.723,31561.409,97.406,79789.902,132240.779,43741.892
N,1,1,2024-05-25 19:45:00.017,1,10400,0,110703.126,31561.409,97.406,79790.140,132241.247,43741.892
N,1,1,2024-05-25 19:50:00.018,1,10401,0,110703.487,31561.409,97.406,79790.368,132241.674,43741.892
N,1,1,2024-05-25 19:55:00.012,1,10402,0,110703.896,31561.409,97.406,79790.588,132242.144,43741.892
N,1,1,2024-05-25 20:00:00.015,1,10403,0,110704.425,31561.409,97.406,79790.815,132242.723,43741.892
N,1,1,2024-05-25 20:05:00.004,1,10404,0,110704.869,31561.409,97.406,79791.041,132243.225,43741.892
N,1,1,2024-05-25 20:10:00.004,1,10405,0,110705.450,31561.409,97.406,79791.270,132243.849,43741.892
N,1,1,2024-05-25 20:15:00.005,1,10406,0,110706.013,31561.409,97.406,79791.493,132244.455,43741.892
N,1,1,2024-05-25 20:20:00.015,1,10407,0,110706.569,31561.409,97.406,79791.712,132245.053,43741.892
N,1,1,2024-05-25 20:25:00.016,1,10408,0,110707.138,31561.409,97.406,79791.922,132245.660,43741.892
N,1,1,2024-05-25 20:30:00.018,1,10409,0,110707.754,31561.409,97.406,79792.138,132246.313,43741.892
N,1,1,2024-05-25 20:35:00.005,1,10410,0,110708.786,31561.409,97.406,79792.363,132247.369,43741.892
N,1,1,2024-05-25 20:40:00.013,1,10411,0,110709.708,31561.409,97.406,79792.595,132248.321,43741.892
N,1,1,2024-05-25 20:45:00.021,1,10412,0,110710.358,31561.409,97.406,79792.824,132249.011,43741.892
N,1,1,2024-05-25 20:50:00.013,1,10413,0,110711.008,31561.409,97.406,79793.055,132249.701,43741.892
N,1,1,2024-05-25 20:55:00.003,1,10414,0,110711.972,31561.409,97.406,79793.289,132250.694,43741.892
N,1,1,2024-05-25 21:00:00.018,1,10415,0,110712.864,31561.409,97.406,79793.521,132251.616,43741.892
N,1,1,2024-05-25 21:05:00.016,1,10416,0,110713.741,31561.409,97.406,79793.749,132252.522,43741.892
N,1,1,2024-05-25 21:10:00.002,1,10417,0,110714.312,31561.409,97.406,79793.979,132253.137,43741.892
N,1,1,2024-05-25 21:15:00.000,1,10418,0,110714.873,31561.409,97.406,79794.206,132253.742,43741.892
N,1,1,2024-05-25 21:20:00.011,1,10419,0,110715.425,31561.409,97.406,79794.431,132254.339,43741.892
N,1,1,2024-05-25 21:25:00.014,1,10420,0,110715.980,31561.409,97.406,79794.647,132254.935,43741.892
N,1,1,2024-05-25 21:30:00.017,1,10421,0,110716.557,31561.409,97.406,79794.874,132255.554,43741.892
N,1,1,2024-05-25 21:35:00.013,1,10422,0,110717.031,31561.409,97.406,79795.099,132256.082,43741.892
N,1,1,2024-05-25 21:40:00.010,1,10423,0,110717.349,31561.409,97.406,79795.319,132256.471,43741.892
N,1,1,2024-05-25 21:45:00.001,1,10424,0,110717.617,31561.409,97.406,79795.538,132256.817,43741.892
N,1,1,2024-05-25 21:50:00.000,1,10425,0,110717.864,31561.409,97.406,79795.763,132257.152,43741.892
N,1,1,2024-05-25 21:55:00.006,1,10426,0,110718.115,31561.409,97.406,79795.976,132257.481,43741.892
N,1,1,2024-05-25 22:00:00.003,1,10427,0,110718.499,31561.409,97.406,79796.190,132257.926,43741.892
N,1,1,2024-05-25 22:05:00.001,1,10428,0,110719.059,31561.409,97.406,79796.398,132258.523,43741.892
N,1,1,2024-05-25 22:10:00.007,1,10429,0,110719.406,31561.409,97.406,79796.604,132258.930,43741.892
N,1,1,2024-05-25 22:15:00.006,1,10430,0,110719.669,31561.409,97.406,79796.813,132259.267,43741.892
N,1,1,2024-05-25 22:20:00.012,1,10431,0,110719.935,31561.409,97.406,79797.027,132259.608,43741.892
N,1,1,2024-05-25 22:25:00.017,1,10432,0,110720.195,31561.409,97.406,79797.247,132259.949,43741.892
N,1,1,2024-05-25 22:30:00.016,1,10433,0,110720.552,31561.409,97.406,79797.474,132260.375,43741.892
N,1,1,2024-05-25 22:35:00.018,1,10434,0,110720.953,31561.409,97.406,79797.705,132260.838,43741.892
N,1,1,2024-05-25 22:40:00.007,1,10435,0,110721.290,31561.409,97.406,79797.933,132261.248,43741.892
N,1,1,2024-05-25 22:45:00.014,1,10436,0,110721.845,31561.409,97.406,79798.159,132261.849,43741.892
N,1,1,2024-05-25 22:50:00.006,1,10437,0,110722.506,31561.409,97.406,79798.373,132262.545,43741.892
N,1,1,2024-05-25 22:55:00.008,1,10438,0,110722.862,31561.409,97.406,79798.584,132262.962,43741.892
N,1,1,2024-05-25 23:00:00.015,1,10439,0,110723.142,31561.409,97.406,79798.801,132263.317,43741.892
N,1,1,2024-05-25 23:05:00.009,1,10440,0,110723.698,31561.409,97.406,79799.025,132263.916,43741.892
N,1,1,2024-05-25 23:10:00.020,1,10441,0,110724.149,31561.409,97.406,79799.251,132264.426,43741.892
N,1,1,2024-05-25 23:15:00.007,1,10442,0,110724.387,31561.409,97.406,79799.476,132264.754,43741.892
N,1,1,2024-05-25 23:20:00.002,1,10443,0,110724.624,31561.409,97.406,79799.698,132265.079,43741.892
N,1,1,2024-05-25 23:25:00.018,1,10444,0,110724.907,31561.409,97.406,79799.920,132265.439,43741.892
N,1,1,2024-05-25 23:30:00.008,1,10445,0,110725.185,31561.409,97.406,79800.142,132265.795,43741.892
N,1,1,2024-05-25 23:35:00.011,1,10446,0,110725.467,31561.409,97.406,79800.366,132266.155,43741.892
N,1,1,2024-05-25 23:40:00.008,1,10447,0,110725.722,31561.409,97.406,79800.572,132266.483,43741.892
N,1,1,2024-05-25 23:45:00.014,1,10448,0,110726.010,31561.409,97.406,79800.789,132266.845,43741.892
N,1,1,2024-05-25 23:50:00.018,1,10449,0,110726.347,31561.409,97.406,79801.013,132267.253,43741.892
N,1,1,2024-05-25 23:55:00.003,1,10450,0,110726.906,31561.409,97.406,79801.239,132267.856,43741.892
N,1,1,2024-05-26 00:00:00.004,1,10451,0,110727.317,31561.409,97.406,79801.459,132268.327,43741.892
N,1,1,2024-05-26 00:05:00.019,1,10452,0,110727.576,31561.409,97.406,79801.675,132268.664,43741.892
N,1,1,2024-05-26 00:10:00.012,1,10453,0,110727.852,31561.409,97.406,79801.901,132269.021,43741.892
N,1,1,2024-05-26 00:15:00.047,1,10454,0,110728.105,31561.409,97.406,79802.121,132269.356,43741.892
N,1,1,2024-05-26 00:20:00.014,1,10455,0,110728.309,31561.409,97.406,79802.333,132269.651,43741.892
N,1,1,2024-05-26 00:25:00.011,1,10456,0,110728.515,31561.409,97.406,79802.549,132269.949,43741.892
N,1,1,2024-05-26 00:30:00.011,1,10457,0,110728.727,31561.409,97.406,79802.758,132270.247,43741.892
N,1,1,2024-05-26 00:35:00.014,1,10458,0,110728.916,31561.409,97.406,79802.957,132270.522,43741.892
N,1,1,2024-05-26 00:40:00.014,1,10459,0,110729.125,31561.409,97.406,79803.161,132270.814,43741.892
N,1,1,2024-05-26 00:45:00.033,1,10460,0,110729.346,31561.409,97.406,79803.360,132271.111,43741.892
N,1,1,2024-05-26 00:50:00.006,1,10461,0,110729.558,31561.409,97.406,79803.557,132271.401,43741.892
N,1,1,2024-05-26 00:55:00.019,1,10462,0,110729.756,31561.409,97.406,79803.754,132271.680,43741.892
N,1,1,2024-05-26 01:00:00.024,1,10463,0,110729.960,31561.409,97.406,79803.958,132271.969,43741.892
N,1,1,2024-05-26 01:05:00.013,1,10464,0,110730.181,31561.409,97.406,79804.164,132272.271,43741.892
N,1,1,2024-05-26 01:10:00.002,1,10465,0,110730.380,31561.409,97.406,79804.375,132272.562,43741.892
N,1,1,2024-05-26 01:15:00.012,1,10466,0,110730.578,31561.409,97.406,79804.589,132272.853,43741.892
N,1,1,2024-05-26 01:20:00.014,1,10467,0,110730.774,31561.409,97.406,79804.795,132273.138,43741.892
N,1,1,2024-05-26 01:25:00.015,1,10468,0,110730.961,31561.409,97.406,79804.997,132273.413,43741.892
N,1,1,2024-05-26 01:30:00.037,1,10469,0,110731.206,31561.409,97.406,79805.197,132273.735,43741.892
N,1,1,2024-05-26 01:35:00.013,1,10470,0,110731.723,31561.409,97.406,79805.400,132274.291,43741.892
N,1,1,2024-05-26 01:40:00.003,1,10471,0,110732.156,31561.409,97.406,79805.610,132274.776,43741.892
N,1,1,2024-05-26 01:45:00.033,1,10472,0,110732.344,31561.409,97.406,79805.819,132275.058,43741.892
N,1,1,2024-05-26 01:50:00.013,1,10473,0,110732.526,31561.409,97.406,79806.033,132275.339,43741.892
N,1,1,2024-05-26 01:55:00.009,1,10474,0,110732.718,31561.409,97.406,79806.251,132275.630,43741.892
N,1,1,2024-05-26 02:00:00.017,1,10475,0,110732.913,31561.409,97.406,79806.462,132275.918,43741.892
N,1,1,2024-05-26 02:05:00.007,1,10476,0,110733.107,31561.409,97.406,79806.674,132276.205,43741.892
N,1,1,2024-05-26 02:10:00.013,1,10477,0,110733.288,31561.409,97.406,79806.885,132276.484,43741.892
N,1,1,2024-05-26 02:15:00.009,1,10478,0,110733.470,31561.409,97.406,79807.095,132276.761,43741.892
N,1,1,2024-05-26 02:20:00.005,1,10479,0,110733.670,31561.409,97.406,79807.303,132277.051,43741.892
N,1,1,2024-05-26 02:25:00.009,1,10480,0,110733.881,31561.409,97.406,79807.513,132277.348,43741.892
N,1,1,2024-05-26 02:30:00.010,1,10481,0,110734.091,31561.409,97.406,79807.724,132277.646,43741.892
N,1,1,2024-05-26 02:35:00.001,1,10482,0,110734.303,31561.409,97.406,79807.928,132277.940,43741.892
N,1,1,2024-05-26 02:40:00.003,1,10483,0,110734.725,31561.409,97.406,79808.128,132278.411,43741.892
N,1,1,2024-05-26 02:45:00.028,1,10484,0,110735.177,31561.409,97.406,79808.339,132278.913,43741.892
N,1,1,2024-05-26 02:50:00.013,1,10485,0,110735.685,31561.409,97.406,79808.549,132279.463,43741.892
N,1,1,2024-05-26 02:55:00.002,1,10486,0,110735.944,31561.409,97.406,79808.761,132279.805,43741.892
N,1,1,2024-05-26 03:00:00.024,1,10487,0,110736.130,31561.409,97.406,79808.980,132280.093,43741.892
N,1,1,2024-05-26 03:05:00.016,1,10488,0,110736.332,31561.409,97.406,79809.200,132280.392,43741.892
N,1,1,2024-05-26 03:10:00.013,1,10489,0,110736.564,31561.409,97.406,79809.417,132280.709,43741.892
N,1,1,2024-05-26 03:15:00.023,1,10490,0,110736.826,31561.409,97.406,79809.627,132281.045,43741.892
N,1,1,2024-05-26 03:20:00.006,1,10491,0,110737.146,31561.409,97.406,79809.849,132281.435,43741.892
N,1,1,2024-05-26 03:25:00.000,1,10492,0,110737.388,31561.409,97.406,79810.059,132281.756,43741.892
N,1,1,2024-05-26 03:30:00.006,1,10493,0,110737.596,31561.409,97.406,79810.259,132282.045,43741.892
N,1,1,2024-05-26 03:35:00.009,1,10494,0,110737.825,31561.409,97.406,79810.478,132282.363,43741.892
N,1,1,2024-05-26 03:40:00.002,1,10495,0,110738.025,31561.409,97.406,79810.697,132282.659,43741.892
N,1,1,2024-05-26 03:45:00.011,1,10496,0,110738.263,31561.409,97.406,79810.920,132282.986,43741.892
N,1,1,2024-05-26 03:50:00.009,1,10497,0,110738.468,31561.409,97.406,79811.138,132283.285,43741.892
N,1,1,2024-05-26 03:55:00.012,1,10498,0,110738.700,31561.409,97.406,79811.352,132283.601,43741.892
N,1,1,2024-05-26 04:00:00.010,1,10499,0,110738.915,31561.409,97.406,79811.560,132283.900,43741.892
N,1,1,2024-05-26 04:05:00.001,1,10500,0,110739.142,31561.409,97.406,79811.760,132284.203,43741.892
N,1,1,2024-05-26 04:10:00.004,1,10501,0,110739.531,31561.409,97.406,79811.966,132284.648,43741.892
N,1,1,2024-05-26 04:15:00.013,1,10502,0,110739.906,31561.409,97.406,79812.171,132285.081,43741.892
N,1,1,2024-05-26 04:20:00.003,1,10503,0,110740.288,31561.409,97.406,79812.375,132285.521,43741.892
N,1,1,2024-05-26 04:25:00.019,1,10504,0,110740.763,31561.409,97.406,79812.583,132286.039,43741.892
N,1,1,2024-05-26 04:30:00.028,1,10505,0,110741.122,31561.409,97.406,79812.795,132286.465,43741.892
N,1,1,2024-05-26 04:35:00.018,1,10506,0,110741.341,31561.409,97.406,79813.005,132286.774,43741.892
N,1,1,2024-05-26 04:40:00.001,1,10507,0,110741.814,31561.409,97.406,79813.216,132287.292,43741.892
N,1,1,2024-05-26 04:45:00.010,1,10508,0,110742.057,31561.409,97.406,79813.426,132287.620,43741.892
N,1,1,2024-05-26 04:50:00.012,1,10509,0,110742.234,31561.409,97.406,79813.640,132287.899,43741.892
N,1,1,2024-05-26 04:55:00.006,1,10510,0,110742.411,31561.409,97.406,79813.847,132288.171,43741.892
N,1,1,2024-05-26 05:00:00.017,1,10511,0,110742.586,31561.409,97.406,79814.056,132288.443,43741.892
N,1,1,2024-05-26 05:05:00.007,1,10512,0,110742.768,31561.409,97.406,79814.264,132288.720,43741.892
N,1,1,2024-05-26 05:10:00.013,1,10513,0,110742.964,31561.409,97.406,79814.468,132289.003,43741.892
N,1,1,2024-05-26 05:15:00.015,1,10514,0,110743.159,31561.409,97.406,79814.667,132289.282,43741.892
N,1,1,2024-05-26 05:20:00.006,1,10515,0,110743.352,31561.409,97.406,79814.877,132289.567,43741.892
N,1,1,2024-05-26 05:25:00.004,1,10516,0,110743.527,31561.409,97.406,79815.085,132289.839,43741.892
N,1,1,2024-05-26 05:30:00.016,1,10517,0,110743.706,31561.409,97.406,79815.300,132290.119,43741.892
N,1,1,2024-05-26 05:35:00.008,1,10518,0,110743.878,31561.409,97.406,79815.515,132290.394,43741.892
N,1,1,2024-05-26 05:40:00.015,1,10519,0,110744.040,31561.409,97.406,79815.732,132290.665,43741.892
N,1,1,2024-05-26 05:45:00.006,1,10520,0,110744.215,31561.409,97.406,79815.942,132290.939,43741.892
N,1,1,2024-05-26 05:50:00.013,1,10521,0,110744.409,31561.409,97.406,79816.134,132291.212,43741.892
N,1,1,2024-05-26 05:55:00.009,1,10522,0,110744.601,31561.409,97.406,79816.326,132291.483,43741.892
N,1,1,2024-05-26 06:00:00.004,1,10523,0,110744.794,31561.409,97.406,79816.520,132291.757,43741.892
N,1,1,2024-05-26 06:05:00.003,1,10524,0,110744.991,31561.409,97.406,79816.717,132292.036,43741.892
N,1,1,2024-05-26 06:10:00.002,1,10525,0,110745.175,31561.409,97.406,79816.932,132292.319,43741.892
N,1,1,2024-05-26 06:15:00.010,1,10526,0,110745.501,31561.409,97.406,79817.154,132292.722,43741.892
N,1,1,2024-05-26 06:20:00.002,1,10527,0,110745.979,31561.409,97.406,79817.376,132293.248,43741.892
N,1,1,2024-05-26 06:25:00.016,1,10528,0,110746.273,31561.409,97.406,79817.594,132293.620,43741.892
N,1,1,2024-05-26 06:30:00.009,1,10529,0,110746.473,31561.409,97.406,79817.804,132293.910,43741.892
N,1,1,2024-05-26 06:35:00.010,1,10530,0,110746.670,31561.409,97.406,79818.011,132294.196,43741.892
N,1,1,2024-05-26 06:40:00.015,1,10531,0,110746.875,31561.409,97.406,79818.210,132294.482,43741.892
N,1,1,2024-05-26 06:45:00.018,1,10532,0,110747.065,31561.409,97.406,79818.413,132294.760,43741.892
N,1,1,2024-05-26 06:50:00.005,1,10533,0,110747.241,31561.409,97.406,79818.621,132295.033,43741.892
N,1,1,2024-05-26 06:55:00.008,1,10534,0,110747.428,31561.409,97.406,79818.829,132295.313,43741.892
N,1,1,2024-05-26 07:00:00.004,1,10535,0,110747.605,31561.409,97.406,79819.038,132295.586,43741.892
N,1,1,2024-05-26 07:05:00.017,1,10536,0,110747.773,31561.409,97.406,79819.249,132295.857,43741.892
N,1,1,2024-05-26 07:10:00.006,1,10537,0,110748.241,31561.409,97.406,79819.468,132296.379,43741.892
N,1,1,2024-05-26 07:15:00.013,1,10538,0,110748.909,31561.409,97.406,79819.686,132297.084,43741.892
N,1,1,2024-05-26 07:20:00.003,1,10539,0,110749.461,31561.409,97.406,79819.888,132297.673,43741.892
N,1,1,2024-05-26 07:25:00.009,1,10540,0,110750.141,31561.409,97.406,79820.094,132298.383,43741.892
N,1,1,2024-05-26 07:30:00.017,1,10541,0,110750.781,31561.409,97.406,79820.290,132299.052,43741.892
N,1,1,2024-05-26 07:35:00.002,1,10542,0,110751.576,31561.409,97.406,79820.489,132299.873,43741.892
N,1,1,2024-05-26 07:40:00.002,1,10543,0,110752.548,31561.409,97.406,79820.689,132300.865,43741.892
N,1,1,2024-05-26 07:45:00.028,1,10544,0,110753.307,31561.409,97.406,79820.886,132301.651,43741.892
N,1,1,2024-05-26 07:50:00.012,1,10545,0,110754.199,31561.409,97.406,79821.087,132302.565,43741.892
N,1,1,2024-05-26 07:55:00.012,1,10546,0,110754.759,31561.409,97.406,79821.289,132303.161,43741.892
N,1,1,2024-05-26 08:00:00.021,1,10547,0,110755.318,31561.409,97.406,79821.498,132303.757,43741.892
N,1,1,2024-05-26 08:05:00.002,1,10548,0,110755.922,31561.409,97.406,79821.706,132304.397,43741.892
N,1,1,2024-05-26 08:10:00.012,1,10549,0,110756.571,31561.409,97.406,79821.923,132305.082,43741.892
N,1,1,2024-05-26 08:15:00.007,1,10550,0,110756.833,31561.409,97.407,79822.132,132305.421,43741.892
N,1,1,2024-05-26 08:20:00.008,1,10551,0,110757.076,31561.409,97.407,79822.340,132305.742,43741.892
N,1,1,2024-05-26 08:25:00.013,1,10552,0,110757.332,31561.409,97.407,79822.537,132306.065,43741.892
N,1,1,2024-05-26 08:30:00.002,1,10553,0,110757.558,31561.409,97.407,79822.732,132306.365,43741.892
N,1,1,2024-05-26 08:35:00.001,1,10554,0,110758.046,31561.409,97.407,79822.936,132306.899,43741.892
N,1,1,2024-05-26 08:40:00.005,1,10555,0,110758.530,31561.409,97.407,79823.136,132307.427,43741.892
N,1,1,2024-05-26 08:45:00.018,1,10556,0,110758.839,31561.409,97.407,79823.351,132307.808,43741.892
N,1,1,2024-05-26 08:50:00.016,1,10557,0,110759.198,31561.409,97.407,79823.565,132308.227,43741.892
N,1,1,2024-05-26 08:55:00.015,1,10558,0,110759.563,31561.409,97.407,79823.786,132308.656,43741.892
N,1,1,2024-05-26 09:00:00.022,1,10559,0,110760.043,31561.409,97.407,79824.003,132309.185,43741.892
N,1,1,2024-05-26 09:05:00.004,1,10560,0,110760.554,31561.409,97.407,79824.210,132309.737,43741.892
N,1,1,2024-05-26 09:10:00.016,1,10561,0,110761.319,31561.409,97.407,79824.420,132310.532,43741.892
N,1,1,2024-05-26 09:15:00.018,1,10562,0,110762.369,31561.409,97.407,79824.628,132311.603,43741.892
N,1,1,2024-05-26 09:20:00.003,1,10563,0,110763.399,31561.409,97.407,79824.846,132312.655,43741.892
N,1,1,2024-05-26 09:25:00.007,1,10564,0,110764.073,31561.409,97.407,79825.072,132313.370,43741.892
N,1,1,2024-05-26 09:30:00.023,1,10565,0,110764.601,31561.409,97.407,79825.290,132313.943,43741.892
N,1,1,2024-05-26 09:35:00.003,1,10566,0,110765.149,31561.409,97.407,79825.501,132314.531,43741.892
N,1,1,2024-05-26 09:40:00.009,1,10567,0,110765.780,31561.409,97.407,79825.704,132315.194,43741.892
N,1,1,2024-05-26 09:45:00.003,1,10568,0,110766.740,31561.409,97.407,79825.914,132316.177,43741.892
N,1,1,2024-05-26 09:50:00.013,1,10569,0,110767.361,31561.409,97.407,79826.113,132316.832,43741.892
N,1,1,2024-05-26 09:55:00.003,1,10570,0,110767.902,31561.409,97.407,79826.321,132317.412,43741.892
N,1,1,2024-05-26 10:00:00.005,1,10571,0,110768.426,31561.409,97.407,79826.514,132317.973,43741.892
N,1,1,2024-05-26 10:05:00.013,1,10572,0,110768.965,31561.409,97.407,79826.729,132318.553,43741.892
N,1,1,2024-05-26 10:10:00.008,1,10573,0,110769.259,31561.409,97.407,79826.931,132318.915,43741.892
N,1,1,2024-05-26 10:15:00.009,1,10574,0,110769.450,31561.417,97.407,79827.132,132319.170,43741.926
N,1,1,2024-05-26 10:20:00.010,1,10575,0,110769.461,31561.444,97.407,79827.317,132319.264,43742.028
N,1,1,2024-05-26 10:25:00.008,1,10576,0,110769.475,31561.498,97.407,79827.506,132319.329,43742.173
N,1,1,2024-05-26 10:30:00.000,1,10577,0,110769.866,31561.499,97.407,79827.714,132319.777,43742.181
N,1,1,2024-05-26 10:35:00.013,1,10578,0,110770.485,31561.499,97.407,79827.928,132320.433,43742.181
N,1,1,2024-05-26 10:40:00.010,1,10579,0,110770.949,31561.499,97.407,79828.137,132320.945,43742.181
N,1,1,2024-05-26 10:45:00.017,1,10580,0,110771.146,31561.499,97.407,79828.340,132321.230,43742.207
N,1,1,2024-05-26 10:50:00.018,1,10581,0,110771.246,31561.507,97.407,79828.538,132321.433,43742.244
N,1,1,2024-05-26 10:55:00.013,1,10582,0,110771.271,31561.593,97.407,79828.716,132321.502,43742.398
N,1,1,2024-05-26 11:00:00.001,1,10583,0,110771.275,31561.737,97.408,79828.895,132321.514,43742.627
N,1,1,2024-05-26 11:05:00.015,1,10584,0,110771.290,31561.742,97.408,79829.095,132321.615,43742.728
N,1,1,2024-05-26 11:10:00.004,1,10585,0,110771.299,31561.897,97.408,79829.283,132321.634,43742.970
N,1,1,2024-05-26 11:15:00.006,1,10586,0,110771.304,31561.922,97.408,79829.480,132321.699,43743.107
N,1,1,2024-05-26 11:20:00.019,1,10587,0,110771.336,31561.943,97.408,79829.663,132321.795,43743.210
N,1,1,2024-05-26 11:25:00.019,1,10588,0,110771.340,31561.953,97.408,79829.845,132321.893,43743.297
N,1,1,2024-05-26 11:30:00.027,1,10589,0,110771.353,31562.025,97.436,79829.999,132321.945,43743.457
N,1,1,2024-05-26 11:35:00.013,1,10590,0,110771.359,31562.065,97.436,79830.189,132322.014,43743.589
N,1,1,2024-05-26 11:40:00.002,1,10591,0,110771.376,31562.088,97.436,79830.392,132322.113,43743.702
N,1,1,2024-05-26 11:45:00.012,1,10592,0,110771.384,31562.096,97.436,79830.602,132322.220,43743.807
N,1,1,2024-05-26 11:50:00.019,1,10593,0,110771.393,31562.125,97.436,79830.803,132322.266,43743.971
N,1,1,2024-05-26 11:55:00.011,1,10594,0,110771.422,31562.174,97.436,79830.994,132322.343,43744.107
N,1,1,2024-05-26 12:00:00.012,1,10595,0,110771.436,31562.262,97.436,79831.152,132322.381,43744.264
N,1,1,2024-05-26 12:05:00.008,1,10596,0,110771.452,31562.293,97.436,79831.306,132322.466,43744.346
N,1,1,2024-05-26 12:10:00.005,1,10597,0,110771.460,31562.303,97.436,79831.466,132322.539,43744.436
N,1,1,2024-05-26 12:15:00.004,1,10598,0,110771.469,31562.313,97.436,79831.631,132322.615,43744.527
N,1,1,2024-05-26 12:20:00.008,1,10599,0,110771.488,31562.324,97.436,79831.808,132322.703,43744.623
N,1,1,2024-05-26 12:25:00.000,1,10600,0,110771.514,31562.349,97.436,79831.967,132322.785,43744.715
N,1,1,2024-05-26 12:30:00.016,1,10601,0,110771.649,31562.359,97.436,79832.170,132323.003,43744.753
N,1,1,2024-05-26 12:35:00.011,1,10602,0,110771.711,31562.418,97.436,79832.368,132323.117,43744.881
N,1,1,2024-05-26 12:40:00.005,1,10603,0,110771.718,31562.688,97.436,79832.557,132323.131,43745.219
N,1,1,2024-05-26 12:45:00.013,1,10604,0,110771.737,31562.860,97.436,79832.745,132323.182,43745.456
N,1,1,2024-05-26 12:50:00.020,1,10605,0,110771.763,31563.063,97.436,79832.930,132323.242,43745.704
N,1,1,2024-05-26 12:55:00.010,1,10606,0,110771.783,31563.233,97.436,79833.115,132323.281,43745.947
N,1,1,2024-05-26 13:00:00.004,1,10607,0,110771.813,31563.361,97.464,79833.274,132323.344,43746.145
N,1,1,2024-05-26 13:05:00.017,1,10608,0,110771.863,31563.412,97.464,79833.474,132323.472,43746.255
N,1,1,2024-05-26 13:10:00.010,1,10609,0,110771.881,31563.482,97.464,79833.659,132323.559,43746.393
N,1,1,2024-05-26 13:15:00.006,1,10610,0,110771.936,31563.626,97.464,79833.846,132323.644,43746.596
N,1,1,2024-05-26 13:20:00.004,1,10611,0,110771.946,31563.711,97.465,79834.035,132323.690,43746.772
N,1,1,2024-05-26 13:25:00.007,1,10612,0,110771.964,31563.744,97.491,79834.196,132323.774,43746.886
N,1,1,2024-05-26 13:30:00.004,1,10613,0,110771.997,31563.757,97.491,79834.395,132323.887,43746.982
N,1,1,2024-05-26 13:35:00.004,1,10614,0,110772.186,31563.782,97.491,79834.597,132324.142,43747.036
N,1,1,2024-05-26 13:40:00.004,1,10615,0,110772.444,31563.796,97.491,79834.809,132324.465,43747.064
N,1,1,2024-05-26 13:45:00.007,1,10616,0,110772.899,31563.796,97.491,79835.037,132324.974,43747.064
N,1,1,2024-05-26 13:50:00.018,1,10617,0,110773.121,31563.797,97.491,79835.251,132325.300,43747.068
N,1,1,2024-05-26 13:55:00.015,1,10618,0,110773.210,31563.798,97.491,79835.449,132325.514,43747.072
N,1,1,2024-05-26 14:00:00.000,1,10619,0,110773.312,31563.799,97.491,79835.648,132325.734,43747.076
N,1,1,2024-05-26 14:05:00.017,1,10620,0,110773.412,31563.801,97.491,79835.840,132325.949,43747.079
N,1,1,2024-05-26 14:10:00.003,1,10621,0,110773.529,31563.802,97.491,79836.031,132326.167,43747.086
N,1,1,2024-05-26 14:15:00.009,1,10622,0,110773.727,31563.802,97.491,79836.234,132326.453,43747.086
N,1,1,2024-05-26 14:20:00.015,1,10623,0,110773.950,31563.802,97.491,79836.437,132326.757,43747.086
N,1,1,2024-05-26 14:25:00.016,1,10624,0,110774.067,31563.802,97.491,79836.637,132326.986,43747.090
N,1,1,2024-05-26 14:30:00.007,1,10625,0,110774.113,31563.816,97.491,79836.831,132327.150,43747.131
N,1,1,2024-05-26 14:35:00.004,1,10626,0,110774.135,31563.877,97.491,79837.003,132327.211,43747.273
N,1,1,2024-05-26 14:40:00.006,1,10627,0,110774.162,31563.902,97.491,79837.185,132327.312,43747.368
N,1,1,2024-05-26 14:45:00.009,1,10628,0,110774.177,31563.909,97.491,79837.365,132327.438,43747.426
N,1,1,2024-05-26 14:50:00.016,1,10629,0,110774.290,31563.924,97.491,79837.548,132327.613,43747.491
N,1,1,2024-05-26 14:55:00.012,1,10630,0,110774.833,31563.924,97.517,79837.710,132328.195,43747.491
N,1,1,2024-05-26 15:00:00.019,1,10631,0,110775.400,31563.924,97.520,79837.903,132328.797,43747.491
N,1,1,2024-05-26 15:05:00.006,1,10632,0,110775.519,31563.957,97.520,79838.089,132328.952,43747.602
N,1,1,2024-05-26 15:10:00.016,1,10633,0,110775.522,31563.969,97.520,79838.279,132328.998,43747.749
N,1,1,2024-05-26 15:15:00.005,1,10634,0,110775.537,31563.980,97.520,79838.469,132329.087,43747.852
N,1,1,2024-05-26 15:20:00.008,1,10635,0,110775.544,31563.988,97.520,79838.660,132329.183,43747.950
N,1,1,2024-05-26 15:25:00.015,1,10636,0,110775.622,31563.991,97.520,79838.849,132329.334,43748.022
N,1,1,2024-05-26 15:30:00.010,1,10637,0,110775.782,31563.995,97.521,79839.023,132329.558,43748.049
N,1,1,2024-05-26 15:35:00.019,1,10638,0,110776.039,31563.995,97.521,79839.210,132329.877,43748.049
N,1,1,2024-05-26 15:40:00.013,1,10639,0,110776.701,31563.995,97.521,79839.400,132330.567,43748.049
N,1,1,2024-05-26 15:45:00.012,1,10640,0,110777.260,31563.995,97.521,79839.585,132331.158,43748.049
N,1,1,2024-05-26 15:50:00.018,1,10641,0,110777.645,31563.995,97.521,79839.768,132331.586,43748.049
N,1,1,2024-05-26 15:55:00.019,1,10642,0,110778.054,31563.995,97.521,79839.952,132332.035,43748.049
N,1,1,2024-05-26 16:00:00.017,1,10643,0,110778.458,31563.995,97.521,79840.137,132332.481,43748.049
N,1,1,2024-05-26 16:05:00.018,1,10644,0,110778.768,31563.995,97.521,79840.323,132332.845,43748.049
N,1,1,2024-05-26 16:10:00.004,1,10645,0,110779.273,31563.995,97.521,79840.509,132333.388,43748.049
N,1,1,2024-05-26 16:15:00.016,1,10646,0,110780.319,31563.995,97.521,79840.694,132334.450,43748.049
N,1,1,2024-05-26 16:20:00.017,1,10647,0,110781.355,31563.995,97.554,79840.845,132335.503,43748.049
N,1,1,2024-05-26 16:25:00.015,1,10648,0,110782.314,31563.995,97.554,79841.032,132336.481,43748.049
N,1,1,2024-05-26 16:30:00.007,1,10649,0,110783.637,31563.995,97.554,79841.236,132337.819,43748.049
N,1,1,2024-05-26 16:35:00.006,1,10650,0,110784.846,31563.995,97.554,79841.448,132339.048,43748.049
N,1,1,2024-05-26 16:40:00.008,1,10651,0,110785.962,31563.995,97.554,79841.650,132340.182,43748.049
N,1,1,2024-05-26 16:45:00.004,1,10652,0,110787.155,31563.995,97.554,79841.865,132341.394,43748.049
N,1,1,2024-05-26 16:50:00.004,1,10653,0,110788.234,31563.995,97.554,79842.085,132342.496,43748.049
N,1,1,2024-05-26 16:55:00.002,1,10654,0,110788.945,31563.995,97.554,79842.294,132343.238,43748.049
N,1,1,2024-05-26 17:00:00.009,1,10655,0,110789.506,31563.995,97.554,79842.496,132343.835,43748.049
N,1,1,2024-05-26 17:05:00.001,1,10656,0,110790.137,31563.995,97.554,79842.699,132344.497,43748.049
N,1,1,2024-05-26 17:10:00.004,1,10657,0,110790.633,31563.995,97.554,79842.899,132345.038,43748.049
N,1,1,2024-05-26 17:15:00.010,1,10658,0,110790.982,31563.995,97.554,79843.107,132345.445,43748.049
N,1,1,2024-05-26 17:20:00.012,1,10659,0,110791.332,31563.995,97.554,79843.315,132345.854,43748.049
N,1,1,2024-05-26 17:25:00.014,1,10660,0,110791.687,31563.995,97.554,79843.530,132346.271,43748.049
N,1,1,2024-05-26 17:30:00.000,1,10661,0,110792.056,31563.995,97.554,79843.751,132346.703,43748.049
N,1,1,2024-05-26 17:35:00.012,1,10662,0,110792.791,31563.995,97.554,79843.979,132347.475,43748.049
N,1,1,2024-05-26 17:40:00.012,1,10663,0,110793.791,31563.995,97.554,79844.207,132348.500,43748.049
N,1,1,2024-05-26 17:45:00.012,1,10664,0,110794.715,31563.995,97.554,79844.434,132349.452,43748.049
N,1,1,2024-05-26 17:50:00.000,1,10665,0,110795.342,31563.995,97.554,79844.652,132350.117,43748.049
N,1,1,2024-05-26 17:55:00.019,1,10666,0,110795.974,31563.995,97.554,79844.871,132350.785,43748.049
N,1,1,2024-05-26 18:00:00.003,1,10667,0,110796.629,31563.995,97.554,79845.089,132351.477,43748.049
N,1,1,2024-05-26 18:05:00.018,1,10668,0,110797.291,31563.995,97.554,79845.312,132352.175,43748.049
N,1,1,2024-05-26 18:10:00.001,1,10669,0,110797.913,31563.995,97.554,79845.534,132352.836,43748.049
N,1,1,2024-05-26 18:15:00.023,1,10670,0,110798.405,31563.995,97.554,79845.753,132353.380,43748.049
N,1,1,2024-05-26 18:20:00.003,1,10671,0,110798.745,31563.995,97.554,79845.968,132353.784,43748.049
N,1,1,2024-05-26 18:25:00.017,1,10672,0,110799.134,31563.995,97.554,79846.184,132354.231,43748.049
N,1,1,2024-05-26 18:30:00.014,1,10673,0,110799.523,31563.995,97.554,79846.398,132354.676,43748.049
N,1,1,2024-05-26 18:35:00.012,1,10674,0,110800.166,31563.995,97.554,79846.628,132355.360,43748.049
N,1,1,2024-05-26 18:40:00.014,1,10675,0,110801.081,31563.995,97.554,79846.863,132356.306,43748.049
N,1,1,2024-05-26 18:45:00.013,1,10676,0,110802.273,31563.995,97.554,79847.102,132357.522,43748.049
N,1,1,2024-05-26 18:50:00.006,1,10677,0,110803.427,31563.995,97.554,79847.336,132358.699,43748.049
N,1,1,2024-05-26 18:55:00.009,1,10678,0,110804.512,31563.995,97.554,79847.563,132359.808,43748.049
N,1,1,2024-05-26 19:00:00.019,1,10679,0,110805.461,31563.995,97.554,79847.797,132360.785,43748.049
N,1,1,2024-05-26 19:05:00.018,1,10680,0,110806.237,31563.995,97.554,79848.031,132361.596,43748.049
N,1,1,2024-05-26 19:10:00.018,1,10681,0,110806.999,31563.995,97.554,79848.269,132362.395,43748.049
N,1,1,2024-05-26 19:15:00.012,1,10682,0,110808.038,31563.995,97.554,79848.511,132363.461,43748.049
N,1,1,2024-05-26 19:20:00.009,1,10683,0,110808.931,31563.995,97.554,79848.746,132364.385,43748.049
N,1,1,2024-05-26 19:25:00.002,1,10684,0,110809.804,31563.995,97.554,79848.976,132365.288,43748.049
N,1,1,2024-05-26 19:30:00.024,1,10685,0,110810.675,31563.995,97.554,79849.204,132366.189,43748.049
N,1,1,2024-05-26 19:35:00.003,1,10686,0,110811.592,31563.995,97.554,79849.435,132367.134,43748.049
N,1,1,2024-05-26 19:40:00.005,1,10687,0,110812.716,31563.995,97.554,79849.665,132368.282,43748.049
N,1,1,2024-05-26 19:45:00.017,1,10688,0,110813.948,31563.995,97.554,79849.893,132369.535,43748.049
N,1,1,2024-05-26 19:50:00.006,1,10689,0,110814.750,31563.995,97.554,79850.116,132370.368,43748.049
N,1,1,2024-05-26 19:55:00.003,1,10690,0,110815.248,31563.995,97.554,79850.333,132370.912,43748.049
N,1,1,2024-05-26 20:00:00.005,1,10691,0,110815.935,31563.995,97.554,79850.552,132371.635,43748.049
N,1,1,2024-05-26 20:05:00.011,1,10692,0,110816.587,31563.995,97.554,79850.786,132372.328,43748.049
N,1,1,2024-05-26 20:10:00.009,1,10693,0,110817.299,31563.995,97.554,79851.021,132373.080,43748.049
N,1,1,2024-05-26 20:15:00.013,1,10694,0,110817.957,31563.995,97.554,79851.264,132373.782,43748.049
N,1,1,2024-05-26 20:20:00.013,1,10695,0,110818.794,31563.995,97.554,79851.500,132374.652,43748.049
N,1,1,2024-05-26 20:25:00.017,1,10696,0,110819.499,31563.995,97.554,79851.735,132375.396,43748.049
N,1,1,2024-05-26 20:30:00.018,1,10697,0,110820.139,31563.995,97.554,79851.965,132376.077,43748.049
N,1,1,2024-05-26 20:35:00.009,1,10698,0,110821.098,31563.995,97.554,79852.195,132377.064,43748.049
N,1,1,2024-05-26 20:40:00.000,1,10699,0,110822.215,31563.995,97.554,79852.430,132378.206,43748.049
N,1,1,2024-05-26 20:45:00.008,1,10700,0,110823.432,31563.995,97.554,79852.667,132379.445,43748.049
N,1,1,2024-05-26 20:50:00.003,1,10701,0,110824.073,31563.995,97.554,79852.901,132380.128,43748.049
N,1,1,2024-05-26 20:55:00.001,1,10702,0,110824.756,31563.995,97.554,79853.131,132380.849,43748.049
N,1,1,2024-05-26 21:00:00.002,1,10703,0,110825.475,31563.995,97.554,79853.360,132381.604,43748.049
N,1,1,2024-05-26 21:05:00.013,1,10704,0,110826.175,31563.995,97.554,79853.590,132382.340,43748.049
N,1,1,2024-05-26 21:10:00.010,1,10705,0,110826.885,31563.995,97.554,79853.831,132383.091,43748.049
N,1,1,2024-05-26 21:15:00.015,1,10706,0,110827.377,31563.995,97.554,79854.073,132383.640,43748.049
N,1,1,2024-05-26 21:20:00.011,1,10707,0,110827.823,31563.995,97.554,79854.315,132384.149,43748.049
N,1,1,2024-05-26 21:25:00.010,1,10708,0,110828.747,31563.995,97.554,79854.567,132385.108,43748.049
N,1,1,2024-05-26 21:30:00.004,1,10709,0,110829.509,31563.995,97.554,79854.811,132385.911,43748.049
N,1,1,2024-05-26 21:35:00.013,1,10710,0,110829.931,31563.995,97.554,79855.041,132386.392,43748.049
N,1,1,2024-05-26 21:40:00.004,1,10711,0,110830.235,31563.995,97.554,79855.258,132386.766,43748.049
N,1,1,2024-05-26 21:45:00.018,1,10712,0,110830.527,31563.995,97.554,79855.475,132387.130,43748.049
N,1,1,2024-05-26 21:50:00.016,1,10713,0,110830.827,31563.995,97.554,79855.691,132387.499,43748.049
N,1,1,2024-05-26 21:55:00.000,1,10714,0,110831.139,31563.995,97.554,79855.909,132387.880,43748.049
N,1,1,2024-05-26 22:00:00.003,1,10715,0,110831.438,31563.995,97.554,79856.133,132388.254,43748.049
N,1,1,2024-05-26 22:05:00.003,1,10716,0,110831.719,31563.995,97.554,79856.365,132388.618,43748.049
N,1,1,2024-05-26 22:10:00.010,1,10717,0,110831.995,31563.995,97.554,79856.597,132388.979,43748.049
N,1,1,2024-05-26 22:15:00.004,1,10718,0,110832.282,31563.995,97.554,79856.820,132389.342,43748.049
N,1,1,2024-05-26 22:20:00.014,1,10719,0,110832.620,31563.995,97.554,79857.040,132389.748,43748.049
N,1,1,2024-05-26 22:25:00.015,1,10720,0,110832.914,31563.995,97.554,79857.256,132390.113,43748.049
N,1,1,2024-05-26 22:30:00.001,1,10721,0,110833.192,31563.995,97.554,79857.462,132390.459,43748.049
N,1,1,2024-05-26 22:35:00.013,1,10722,0,110833.458,31563.995,97.554,79857.678,132390.802,43748.049
N,1,1,2024-05-26 22:40:00.004,1,10723,0,110833.722,31563.995,97.554,79857.901,132391.147,43748.049
N,1,1,2024-05-26 22:45:00.010,1,10724,0,110834.043,31563.995,97.554,79858.128,132391.541,43748.049
N,1,1,2024-05-26 22:50:00.013,1,10725,0,110834.377,31563.995,97.554,79858.359,132391.947,43748.049
N,1,1,2024-05-26 22:55:00.018,1,10726,0,110834.868,31563.995,97.554,79858.582,132392.490,43748.049
N,1,1,2024-05-26 23:00:00.004,1,10727,0,110835.334,31563.995,97.554,79858.811,132393.013,43748.049
N,1,1,2024-05-26 23:05:00.002,1,10728,0,110835.633,31563.995,97.554,79859.039,132393.389,43748.049
N,1,1,2024-05-26 23:10:00.020,1,10729,0,110835.917,31563.995,97.554,79859.266,132393.753,43748.049
N,1,1,2024-05-26 23:15:00.007,1,10730,0,110836.252,31563.995,97.554,79859.508,132394.166,43748.049
N,1,1,2024-05-26 23:20:00.002,1,10731,0,110836.565,31563.995,97.554,79859.749,132394.561,43748.049
N,1,1,2024-05-26 23:25:00.006,1,10732,0,110836.889,31563.995,97.554,79859.988,132394.964,43748.049
N,1,1,2024-05-26 23:30:00.007,1,10733,0,110837.181,31563.995,97.554,79860.215,132395.334,43748.049
N,1,1,2024-05-26 23:35:00.018,1,10734,0,110837.609,31563.995,97.554,79860.437,132395.822,43748.049
N,1,1,2024-05-26 23:40:00.015,1,10735,0,110838.192,31563.995,97.554,79860.653,132396.444,43748.049
N,1,1,2024-05-26 23:45:00.011,1,10736,0,110839.187,31563.995,97.554,79860.874,132397.464,43748.049
N,1,1,2024-05-26 23:50:00.006,1,10737,0,110840.149,31563.995,97.554,79861.098,132398.454,43748.049
N,1,1,2024-05-26 23:55:00.016,1,10738,0,110840.592,31563.995,97.554,79861.330,132398.957,43748.049
N,1,1,2024-05-27 00:00:00.004,1,10739,0,110840.858,31563.995,97.554,79861.554,132399.306,43748.049
N,1,1,2024-05-27 00:05:00.004,1,10740,0,110841.154,31563.995,97.554,79861.781,132399.678,43748.049
N,1,1,2024-05-27 00:10:00.008,1,10741,0,110841.391,31563.995,97.554,79861.999,132400.001,43748.049
N,1,1,2024-05-27 00:15:00.049,1,10742,0,110841.644,31563.995,97.554,79862.205,132400.327,43748.049
N,1,1,2024-05-27 00:20:00.010,1,10743,0,110841.998,31563.995,97.554,79862.409,132400.742,43748.049
N,1,1,2024-05-27 00:25:00.016,1,10744,0,110842.506,31563.995,97.554,79862.620,132401.295,43748.049
N,1,1,2024-05-27 00:30:00.030,1,10745,0,110842.733,31563.995,97.554,79862.825,132401.601,43748.049
N,1,1,2024-05-27 00:35:00.017,1,10746,0,110842.976,31563.995,97.554,79863.044,132401.928,43748.049
N,1,1,2024-05-27 00:40:00.008,1,10747,0,110843.192,31563.995,97.554,79863.252,132402.228,43748.049
N,1,1,2024-05-27 00:45:00.037,1,10748,0,110843.435,31563.995,97.554,79863.473,132402.557,43748.049
N,1,1,2024-05-27 00:50:00.004,1,10749,0,110843.654,31563.995,97.554,79863.689,132402.864,43748.049
N,1,1,2024-05-27 00:55:00.016,1,10750,0,110843.893,31563.995,97.554,79863.905,132403.187,43748.049
N,1,1,2024-05-27 01:00:00.011,1,10751,0,110844.100,31563.995,97.554,79864.117,132403.482,43748.049
N,1,1,2024-05-27 01:05:00.005,1,10752,0,110844.331,31563.995,97.554,79864.327,132403.795,43748.049
N,1,1,2024-05-27 01:10:00.016,1,10753,0,110844.555,31563.995,97.554,79864.535,132404.101,43748.049
N,1,1,2024-05-27 01:15:00.006,1,10754,0,110844.798,31563.995,97.554,79864.748,132404.424,43748.049
N,1,1,2024-05-27 01:20:00.011,1,10755,0,110845.011,31563.995,97.554,79864.959,132404.725,43748.049
N,1,1,2024-05-27 01:25:00.000,1,10756,0,110845.238,31563.995,97.554,79865.172,132405.037,43748.049
N,1,1,2024-05-27 01:30:00.014,1,10757,0,110845.473,31563.995,97.554,79865.375,132405.348,43748.049
N,1,1,2024-05-27 01:35:00.000,1,10758,0,110845.985,31563.995,97.554,79865.589,132405.905,43748.049
N,1,1,2024-05-27 01:40:00.013,1,10759,0,110846.522,31563.995,97.554,79865.801,132406.484,43748.049
N,1,1,2024-05-27 01:45:00.033,1,10760,0,110846.756,31563.995,97.554,79866.011,132406.798,43748.049
N,1,1,2024-05-27 01:50:00.018,1,10761,0,110846.962,31563.995,97.554,79866.227,132407.096,43748.049
N,1,1,2024-05-27 01:55:00.011,1,10762,0,110847.179,31563.995,97.554,79866.444,132407.403,43748.049
N,1,1,2024-05-27 02:00:00.013,1,10763,0,110847.402,31563.995,97.554,79866.657,132407.713,43748.049
N,1,1,2024-05-27 02:05:00.012,1,10764,0,110847.626,31563.995,97.554,79866.866,132408.019,43748.049
N,1,1,2024-05-27 02:10:00.018,1,10765,0,110847.836,31563.995,97.554,79867.067,132408.310,43748.049
N,1,1,2024-05-27 02:15:00.013,1,10766,0,110848.055,31563.995,97.554,79867.268,132408.608,43748.049
N,1,1,2024-05-27 02:20:00.007,1,10767,0,110848.296,31563.995,97.554,79867.474,132408.925,43748.049
N,1,1,2024-05-27 02:25:00.010,1,10768,0,110848.529,31563.995,97.554,79867.687,132409.240,43748.049
N,1,1,2024-05-27 02:30:00.005,1,10769,0,110848.752,31563.995,97.554,79867.910,132409.556,43748.049
N,1,1,2024-05-27 02:35:00.013,1,10770,0,110848.991,31563.995,97.554,79868.130,132409.882,43748.049
N,1,1,2024-05-27 02:40:00.005,1,10771,0,110849.201,31563.995,97.554,79868.352,132410.186,43748.049
N,1,1,2024-05-27 02:45:00.016,1,10772,0,110849.401,31563.995,97.554,79868.569,132410.482,43748.049
N,1,1,2024-05-27 02:50:00.011,1,10773,0,110849.644,31563.995,97.554,79868.772,132410.803,43748.049
N,1,1,2024-05-27 02:55:00.011,1,10774,0,110850.137,31563.995,97.554,79868.977,132411.337,43748.049
N,1,1,2024-05-27 03:00:00.011,1,10775,0,110850.375,31563.995,97.554,79869.179,132411.653,43748.049
N,1,1,2024-05-27 03:05:00.008,1,10776,0,110850.585,31563.995,97.554,79869.385,132411.947,43748.049
N,1,1,2024-05-27 03:10:00.010,1,10777,0,110850.810,31563.995,97.554,79869.597,132412.257,43748.049
N,1,1,2024-05-27 03:15:00.010,1,10778,0,110851.033,31563.995,97.554,79869.811,132412.565,43748.049
N,1,1,2024-05-27 03:20:00.016,1,10779,0,110851.265,31563.995,97.554,79870.019,132412.877,43748.049
N,1,1,2024-05-27 03:25:00.007,1,10780,0,110851.505,31563.995,97.554,79870.218,132413.190,43748.049
N,1,1,2024-05-27 03:30:00.016,1,10781,0,110851.783,31563.995,97.554,79870.415,132413.534,43748.049
N,1,1,2024-05-27 03:35:00.003,1,10782,0,110852.294,31563.995,97.554,79870.616,132414.083,43748.049
N,1,1,2024-05-27 03:40:00.011,1,10783,0,110852.672,31563.995,97.554,79870.827,132414.523,43748.049
N,1,1,2024-05-27 03:45:00.014,1,10784,0,110852.865,31563.995,97.554,79871.046,132414.815,43748.049
N,1,1,2024-05-27 03:50:00.005,1,10785,0,110853.064,31563.995,97.554,79871.266,132415.112,43748.049
N,1,1,2024-05-27 03:55:00.010,1,10786,0,110853.269,31563.995,97.554,79871.488,132415.414,43748.049
N,1,1,2024-05-27 04:00:00.019,1,10787,0,110853.471,31563.995,97.554,79871.709,132415.713,43748.049
N,1,1,2024-05-27 04:05:00.011,1,10788,0,110853.706,31563.995,97.554,79871.914,132416.026,43748.049
N,1,1,2024-05-27 04:10:00.009,1,10789,0,110853.927,31563.995,97.554,79872.119,132416.327,43748.049
N,1,1,2024-05-27 04:15:00.003,1,10790,0,110854.149,31563.995,97.554,79872.324,132416.629,43748.049
N,1,1,2024-05-27 04:20:00.004,1,10791,0,110854.358,31563.995,97.554,79872.527,132416.921,43748.049
N,1,1,2024-05-27 04:25:00.017,1,10792,0,110854.549,31563.995,97.554,79872.736,132417.204,43748.049
N,1,1,2024-05-27 04:30:00.005,1,10793,0,110854.742,31563.995,97.554,79872.949,132417.492,43748.049
N,1,1,2024-05-27 04:35:00.017,1,10794,0,110854.938,31563.995,97.554,79873.168,132417.786,43748.049
N,1,1,2024-05-27 04:40:00.018,1,10795,0,110855.140,31563.995,97.554,79873.387,132418.084,43748.049
N,1,1,2024-05-27 04:45:00.015,1,10796,0,110855.368,31563.995,97.554,79873.599,132418.395,43748.049
N,1,1,2024-05-27 04:50:00.016,1,10797,0,110855.572,31563.995,97.554,79873.810,132418.689,43748.049
N,1,1,2024-05-27 04:55:00.017,1,10798,0,110855.786,31563.995,97.554,79874.017,132418.988,43748.049
N,1,1,2024-05-27 05:00:00.009,1,10799,0,110856.220,31563.995,97.554,79874.220,132419.472,43748.049
N,1,1,2024-05-27 05:05:00.006,1,10800,0,110856.765,31563.995,97.554,79874.428,132420.056,43748.049
N,1,1,2024-05-27 05:10:00.015,1,10801,0,110857.571,31563.995,97.554,79874.640,132420.890,43748.049
N,1,1,2024-05-27 05:15:00.026,1,10802,0,110858.393,31563.995,97.554,79874.849,132421.737,43748.049
N,1,1,2024-05-27 05:20:00.006,1,10803,0,110858.962,31563.995,97.554,79875.059,132422.345,43748.049
N,1,1,2024-05-27 05:25:00.016,1,10804,0,110859.548,31563.995,97.554,79875.274,132422.971,43748.049
N,1,1,2024-05-27 05:30:00.016,1,10805,0,110860.113,31563.995,97.554,79875.497,132423.582,43748.049
N,1,1,2024-05-27 05:35:00.013,1,10806,0,110860.365,31563.995,97.554,79875.721,132423.920,43748.049
N,1,1,2024-05-27 05:40:00.000,1,10807,0,110860.600,31563.995,97.554,79875.948,132424.248,43748.049
N,1,1,2024-05-27 05:45:00.024,1,10808,0,110860.806,31563.995,97.554,79876.172,132424.552,43748.049
N,1,1,2024-05-27 05:50:00.012,1,10809,0,110861.076,31563.995,97.554,79876.387,132424.899,43748.049
N,1,1,2024-05-27 05:55:00.005,1,10810,0,110861.554,31563.995,97.554,79876.602,132425.424,43748.049
N,1,1,2024-05-27 06:00:00.022,1,10811,0,110862.049,31563.995,97.554,79876.814,132425.962,43748.049
N,1,1,2024-05-27 06:05:00.014,1,10812,0,110862.743,31563.995,97.554,79877.022,132426.688,43748.049
N,1,1,2024-05-27 06:10:00.002,1,10813,0,110863.594,31563.995,97.554,79877.230,132427.565,43748.049
N,1,1,2024-05-27 06:15:00.019,1,10814,0,110864.114,31563.995,97.554,79877.443,132428.127,43748.049
N,1,1,2024-05-27 06:20:00.013,1,10815,0,110864.652,31563.995,97.554,79877.666,132428.709,43748.049
N,1,1,2024-05-27 06:25:00.012,1,10816,0,110865.193,31563.995,97.554,79877.896,132429.297,43748.049
N,1,1,2024-05-27 06:30:00.005,1,10817,0,110865.771,31563.995,97.554,79878.129,132429.921,43748.049
N,1,1,2024-05-27 06:35:00.004,1,10818,0,110866.486,31563.995,97.554,79878.351,132430.671,43748.049
N,1,1,2024-05-27 06:40:00.012,1,10819,0,110867.338,31563.995,97.554,79878.558,132431.548,43748.049
N,1,1,2024-05-27 06:45:00.018,1,10820,0,110868.184,31563.995,97.554,79878.765,132432.419,43748.049
N,1,1,2024-05-27 06:50:00.013,1,10821,0,110869.043,31563.995,97.554,79878.973,132433.303,43748.049
N,1,1,2024-05-27 06:55:00.015,1,10822,0,110869.925,31563.995,97.554,79879.184,132434.210,43748.049
N,1,1,2024-05-27 07:00:00.014,1,10823,0,110870.359,31563.995,97.554,79879.388,132434.695,43748.049
N,1,1,2024-05-27 07:05:00.017,1,10824,0,110870.514,31563.995,97.554,79879.601,132434.959,43748.049
N,1,1,2024-05-27 07:10:00.003,1,10825,0,110870.920,31563.995,97.554,79879.814,132435.423,43748.049
N,1,1,2024-05-27 07:15:00.019,1,10826,0,110871.380,31563.995,97.554,79880.024,132435.928,43748.049
N,1,1,2025-01-03 19:35:00.017,1,8641,0,128138.902,34583.004,105.363,95037.446,154652.521,48865.162
N,1,1,2025-01-03 19:40:00.004,1,8642,0,128139.108,34583.004,105.363,95037.727,154652.873,48865.162
N,1,1,2025-01-03 19:45:00.012,1,8643,0,128139.613,34583.004,105.363,95038.006,154653.451,48865.162
N,1,1,2025-01-03 19:50:00.018,1,8644,0,128140.146,34583.004,105.363,95038.263,154654.047,48865.162
N,1,1,2025-01-03 19:55:00.019,1,8645,0,128140.406,34583.004,105.363,95038.513,154654.423,48865.162
N,1,1,2025-01-03 20:00:00.001,1,8646,0,128140.896,34583.004,105.363,95038.774,154654.979,48865.162
N,1,1,2025-01-03 20:05:00.013,1,8647,0,128141.634,34583.004,105.363,95039.039,154655.766,48865.162
N,1,1,2025-01-03 20:10:00.019,1,8648,0,128142.015,34583.004,105.363,95039.301,154656.238,48865.162
N,1,1,2025-01-03 20:15:00.017,1,8649,0,128142.617,34583.004,105.363,95039.569,154656.909,48865.162
N,1,1,2025-01-03 20:20:00.003,1,8650,0,128143.207,34583.004,105.363,95039.826,154657.552,48865.162
N,1,1,2025-01-03 20:25:00.000,1,8651,0,128143.667,34583.004,105.363,95040.074,154658.079,48865.162
N,1,1,2025-01-03 20:30:00.013,1,8652,0,128143.759,34583.004,105.363,95040.301,154658.338,48865.162
N,1,1,2025-01-03 20:35:00.006,1,8653,0,128143.820,34583.004,105.363,95040.532,154658.577,48865.162
N,1,1,2025-01-03 20:40:00.007,1,8654,0,128143.932,34583.004,105.363,95040.764,154658.843,48865.162
N,1,1,2025-01-03 20:45:00.004,1,8655,0,128144.147,34583.004,105.363,95040.996,154659.160,48865.162
N,1,1,2025-01-03 20:50:00.019,1,8656,0,128144.361,34583.004,105.363,95041.227,154659.476,48865.162
N,1,1,2025-01-03 20:55:00.019,1,8657,0,128144.589,34583.004,105.363,95041.464,154659.808,48865.162
N,1,1,2025-01-03 21:00:00.011,1,8658,0,128144.877,34583.004,105.363,95041.691,154660.177,48865.162
N,1,1,2025-01-03 21:05:00.010,1,8659,0,128145.288,34583.004,105.363,95041.938,154660.665,48865.162
N,1,1,2025-01-03 21:10:00.013,1,8660,0,128145.803,34583.004,105.363,95042.178,154661.234,48865.162
N,1,1,2025-01-03 21:15:00.017,1,8661,0,128146.355,34583.004,105.363,95042.428,154661.840,48865.162
N,1,1,2025-01-03 21:20:00.011,1,8662,0,128146.678,34583.004,105.363,95042.686,154662.257,48865.162
N,1,1,2025-01-03 21:25:00.000,1,8663,0,128146.966,34583.004,105.363,95042.949,154662.647,48865.162
N,1,1,2025-01-03 21:30:00.019,1,8664,0,128147.224,34583.004,105.363,95043.213,154663.018,48865.162
N,1,1,2025-01-03 21:35:00.016,1,8665,0,128147.443,34583.004,105.363,95043.477,154663.362,48865.162
N,1,1,2025-01-03 21:40:00.005,1,8666,0,128147.632,34583.004,105.363,95043.743,154663.689,48865.162
N,1,1,2025-01-03 21:45:00.000,1,8667,0,128147.831,34583.004,105.363,95044.008,154664.021,48865.162
N,1,1,2025-01-03 21:50:00.013,1,8668,0,128148.055,34583.004,105.363,95044.276,154664.370,48865.162
N,1,1,2025-01-03 21:55:00.005,1,8669,0,128148.340,34583.004,105.363,95044.529,154664.756,48865.162
N,1,1,2025-01-03 22:00:00.013,1,8670,0,128148.562,34583.004,105.363,95044.782,154665.092,48865.162
N,1,1,2025-01-03 22:05:00.009,1,8671,0,128148.744,34583.004,105.363,95045.038,154665.406,48865.162
N,1,1,2025-01-03 22:10:00.005,1,8672,0,128148.983,34583.004,105.363,95045.283,154665.751,48865.162
N,1,1,2025-01-03 22:15:00.012,1,8673,0,128149.224,34583.004,105.363,95045.532,154666.098,48865.162
N,1,1,2025-01-03 22:20:00.000,1,8674,0,128149.470,34583.004,105.363,95045.787,154666.452,48865.162
N,1,1,2025-01-03 22:25:00.009,1,8675,0,128149.900,34583.004,105.363,95046.033,154666.954,48865.162
N,1,1,2025-01-03 22:30:00.015,1,8676,0,128150.457,34583.004,105.363,95046.286,154667.566,48865.162
N,1,1,2025-01-03 22:35:00.002,1,8677,0,128151.005,34583.004,105.363,95046.532,154668.166,48865.162
N,1,1,2025-01-03 22:40:00.019,1,8678,0,128151.600,34583.004,105.363,95046.781,154668.811,48865.162
N,1,1,2025-01-03 22:45:00.012,1,8679,0,128152.283,34583.004,105.363,95047.033,154669.541,48865.162
N,1,1,2025-01-03 22:50:00.004,1,8680,0,128153.351,34583.004,105.363,95047.290,154670.639,48865.162
N,1,1,2025-01-03 22:55:00.015,1,8681,0,128154.104,34583.004,105.363,95047.539,154671.434,48865.162
N,1,1,2025-01-03 23:00:00.009,1,8682,0,128154.577,34583.004,105.363,95047.794,154671.976,48865.162
N,1,1,2025-01-03 23:05:00.017,1,8683,0,128155.132,34583.004,105.363,95048.044,154672.584,48865.162
N,1,1,2025-01-03 23:10:00.013,1,8684,0,128155.490,34583.004,105.363,95048.286,154673.025,48865.162
N,1,1,2025-01-03 23:15:00.012,1,8685,0,128155.713,34583.004,105.363,95048.525,154673.352,48865.162
N,1,1,2025-01-03 23:20:00.003,1,8686,0,128156.125,34583.004,105.363,95048.758,154673.830,48865.162
N,1,1,2025-01-03 23:25:00.015,1,8687,0,128156.608,34583.004,105.363,95048.993,154674.368,48865.162
N,1,1,2025-01-03 23:30:00.004,1,8688,0,128157.083,34583.004,105.363,95049.230,154674.899,48865.162
N,1,1,2025-01-03 23:35:00.005,1,8689,0,128157.450,34583.004,105.363,95049.473,154675.348,48865.162
N,1,1,2025-01-03 23:40:00.012,1,8690,0,128157.662,34583.004,105.363,95049.722,154675.675,48865.162
N,1,1,2025-01-03 23:45:00.006,1,8691,0,128157.874,34583.004,105.363,95049.969,154676.001,48865.162
N,1,1,2025-01-03 23:50:00.017,1,8692,0,128158.083,34583.004,105.363,95050.211,154676.321,48865.162
N,1,1,2025-01-03 23:55:00.006,1,8693,0,128158.341,34583.004,105.363,95050.456,154676.677,48865.162
N,1,1,2025-01-04 00:00:00.007,1,8694,0,128158.599,34583.004,105.363,95050.688,154677.024,48865.162
N,1,1,2025-01-04 00:05:00.003,1,8695,0,128158.852,34583.004,105.363,95050.914,154677.363,48865.162
N,1,1,2025-01-04 00:10:00.020,1,8696,0,128159.085,34583.004,105.363,95051.139,154677.688,48865.162
N,1,1,2025-01-04 00:15:00.033,1,8697,0,128159.295,34583.004,105.363,95051.362,154677.994,48865.162
N,1,1,2025-01-04 00:20:00.001,1,8698,0,128159.532,34583.004,105.363,95051.586,154678.322,48865.162
N,1,1,2025-01-04 00:25:00.004,1,8699,0,128160.044,34583.004,105.363,95051.819,154678.885,48865.162
N,1,1,2025-01-04 00:30:00.029,1,8700,0,128160.544,34583.004,105.363,95052.048,154679.435,48865.162
N,1,1,2025-01-04 00:35:00.012,1,8701,0,128161.033,34583.004,105.363,95052.275,154679.974,48865.162
N,1,1,2025-01-04 00:40:00.008,1,8702,0,128161.310,34583.004,105.363,95052.501,154680.338,48865.162
N,1,1,2025-01-04 00:45:00.019,1,8703,0,128162.088,34583.004,105.363,95052.726,154681.148,48865.162
N,1,1,2025-01-04 00:50:00.013,1,8704,0,128162.548,34583.004,105.363,95052.951,154681.671,48865.162
N,1,1,2025-01-04 00:55:00.019,1,8705,0,128162.747,34583.004,105.363,95053.176,154681.971,48865.162
N,1,1,2025-01-04 01:00:00.002,1,8706,0,128162.927,34583.004,105.363,95053.400,154682.259,48865.162
N,1,1,2025-01-04 01:05:00.018,1,8707,0,128163.123,34583.004,105.363,95053.622,154682.555,48865.162
N,1,1,2025-01-04 01:10:00.014,1,8708,0,128163.328,34583.004,105.363,95053.848,154682.860,48865.162
N,1,1,2025-01-04 01:15:00.013,1,8709,0,128163.524,34583.004,105.363,95054.072,154683.158,48865.162
N,1,1,2025-01-04 01:20:00.000,1,8710,0,128163.721,34583.004,105.363,95054.297,154683.457,48865.162
N,1,1,2025-01-04 01:25:00.004,1,8711,0,128163.914,34583.004,105.363,95054.517,154683.750,48865.162
N,1,1,2025-01-04 01:30:00.016,1,8712,0,128164.103,34583.004,105.363,95054.739,154684.042,48865.162
N,1,1,2025-01-04 01:35:00.014,1,8713,0,128164.285,34583.004,105.363,95054.969,154684.335,48865.162
N,1,1,2025-01-04 01:40:00.007,1,8714,0,128164.463,34583.004,105.363,95055.198,154684.626,48865.162
N,1,1,2025-01-04 01:45:00.013,1,8715,0,128164.644,34583.004,105.363,95055.428,154684.918,48865.162
N,1,1,2025-01-04 01:50:00.006,1,8716,0,128164.828,34583.004,105.363,95055.658,154685.213,48865.162
N,1,1,2025-01-04 01:55:00.017,1,8717,0,128165.012,34583.004,105.363,95055.890,154685.509,48865.162
N,1,1,2025-01-04 02:00:00.016,1,8718,0,128165.199,34583.004,105.363,95056.122,154685.807,48865.162
N,1,1,2025-01-04 02:05:00.015,1,8719,0,128165.378,34583.004,105.363,95056.353,154686.099,48865.162
N,1,1,2025-01-04 02:10:00.007,1,8720,0,128165.553,34583.004,105.363,95056.583,154686.388,48865.162
N,1,1,2025-01-04 02:15:00.019,1,8721,0,128165.718,34583.004,105.363,95056.810,154686.670,48865.162
N,1,1,2025-01-04 02:20:00.002,1,8722,0,128165.895,34583.004,105.363,95057.037,154686.957,48865.162
N,1,1,2025-01-04 02:25:00.019,1,8723,0,128166.082,34583.004,105.363,95057.256,154687.246,48865.162
N,1,1,2025-01-04 02:30:00.015,1,8724,0,128166.277,34583.004,105.363,95057.475,154687.539,48865.162
N,1,1,2025-01-04 02:35:00.011,1,8725,0,128166.467,34583.004,105.363,95057.701,154687.834,48865.162
N,1,1,2025-01-04 02:40:00.008,1,8726,0,128166.649,34583.004,105.363,95057.923,154688.121,48865.162
N,1,1,2025-01-04 02:45:00.011,1,8727,0,128166.832,34583.004,105.363,95058.140,154688.405,48865.162
N,1,1,2025-01-04 02:50:00.017,1,8728,0,128166.993,34583.004,105.363,95058.364,154688.681,48865.162
N,1,1,2025-01-04 02:55:00.002,1,8729,0,128167.166,34583.004,105.363,95058.586,154688.962,48865.162
N,1,1,2025-01-04 03:00:00.014,1,8730,0,128167.330,34583.004,105.363,95058.806,154689.237,48865.162
N,1,1,2025-01-04 03:05:00.004,1,8731,0,128167.509,34583.004,105.363,95059.022,154689.519,48865.162
N,1,1,2025-01-04 03:10:00.007,1,8732,0,128167.695,34583.004,105.363,95059.235,154689.801,48865.162
N,1,1,2025-01-04 03:15:00.009,1,8733,0,128167.881,34583.004,105.363,95059.452,154690.087,48865.162
N,1,1,2025-01-04 03:20:00.011,1,8734,0,128168.049,34583.004,105.363,95059.678,154690.369,48865.162
N,1,1,2025-01-04 03:25:00.018,1,8735,0,128168.213,34583.004,105.363,95059.907,154690.651,48865.162
N,1,1,2025-01-04 03:30:00.002,1,8736,0,128168.374,34583.004,105.363,95060.134,154690.929,48865.162
N,1,1,2025-01-04 03:35:00.005,1,8737,0,128168.542,34583.004,105.363,95060.352,154691.205,48865.162
N,1,1,2025-01-04 03:40:00.015,1,8738,0,128168.724,34583.004,105.363,95060.568,154691.487,48865.162
N,1,1,2025-01-04 03:45:00.000,1,8739,0,128168.884,34583.004,105.363,95060.790,154691.761,48865.162
N,1,1,2025-01-04 03:50:00.015,1,8740,0,128169.046,34583.004,105.363,95061.017,154692.041,48865.162
N,1,1,2025-01-04 03:55:00.011,1,8741,0,128169.206,34583.004,105.363,95061.242,154692.317,48865.162
N,1,1,2025-01-04 04:00:00.007,1,8742,0,128169.375,34583.004,105.363,95061.468,154692.599,48865.162
N,1,1,2025-01-04 04:05:00.014,1,8743,0,128169.542,34583.004,105.363,95061.700,154692.885,48865.162
N,1,1,2025-01-04 04:10:00.003,1,8744,0,128169.959,34583.004,105.363,95061.936,154693.367,48865.162
N,1,1,2025-01-04 04:15:00.016,1,8745,0,128170.221,34583.004,105.363,95062.170,154693.730,48865.162
N,1,1,2025-01-04 04:20:00.001,1,8746,0,128170.394,34583.004,105.363,95062.393,154694.013,48865.162
N,1,1,2025-01-04 04:25:00.005,1,8747,0,128170.573,34583.004,105.363,95062.614,154694.298,48865.162
N,1,1,2025-01-04 04:30:00.011,1,8748,0,128170.749,34583.004,105.363,95062.835,154694.581,48865.162
N,1,1,2025-01-04 04:35:00.019,1,8749,0,128170.910,34583.004,105.363,95063.063,154694.859,48865.162
N,1,1,2025-01-04 04:40:00.017,1,8750,0,128171.058,34583.004,105.363,95063.287,154695.128,48865.162
N,1,1,2025-01-04 04:45:00.014,1,8751,0,128171.229,34583.004,105.363,95063.507,154695.407,48865.162
N,1,1,2025-01-04 04:50:00.004,1,8752,0,128171.398,34583.004,105.363,95063.729,154695.686,48865.162
N,1,1,2025-01-04 04:55:00.013,1,8753,0,128171.557,34583.004,105.363,95063.948,154695.957,48865.162
N,1,1,2025-01-04 05:00:00.016,1,8754,0,128171.703,34583.004,105.363,95064.167,154696.220,48865.162
N,1,1,2025-01-04 05:05:00.001,1,8755,0,128171.876,34583.004,105.363,95064.375,154696.492,48865.162
N,1,1,2025-01-04 05:10:00.008,1,8756,0,128172.052,34583.004,105.363,95064.582,154696.763,48865.162
N,1,1,2025-01-04 05:15:00.028,1,8757,0,128172.219,34583.004,105.363,95064.794,154697.033,48865.162
N,1,1,2025-01-04 05:20:00.016,1,8758,0,128172.376,34583.004,105.363,95065.008,154697.298,48865.162
N,1,1,2025-01-04 05:25:00.008,1,8759,0,128172.531,34583.004,105.363,95065.219,154697.560,48865.162
N,1,1,2025-01-04 05:30:00.014,1,8760,0,128172.697,34583.004,105.363,95065.427,154697.827,48865.162
N,1,1,2025-01-04 05:35:00.004,1,8761,0,128172.916,34583.004,105.363,95065.638,154698.138,48865.162
N,1,1,2025-01-04 05:40:00.014,1,8762,0,128173.539,34583.004,105.363,95065.856,154698.800,48865.162
N,1,1,2025-01-04 05:45:00.021,1,8763,0,128173.986,34583.004,105.363,95066.073,154699.316,48865.162
N,1,1,2025-01-04 05:50:00.013,1,8764,0,128174.110,34583.004,105.363,95066.284,154699.561,48865.162
N,1,1,2025-01-04 05:55:00.000,1,8765,0,128174.220,34583.004,105.363,95066.497,154699.801,48865.162
N,1,1,2025-01-04 06:00:00.009,1,8766,0,128174.314,34583.004,105.363,95066.711,154700.034,48865.162
N,1,1,2025-01-04 06:05:00.002,1,8767,0,128174.395,34583.004,105.363,95066.924,154700.262,48865.162
N,1,1,2025-01-04 06:10:00.011,1,8768,0,128174.464,34583.004,105.363,95067.139,154700.489,48865.162
N,1,1,2025-01-04 06:15:00.004,1,8769,0,128174.510,34583.004,105.363,95067.359,154700.713,48865.162
N,1,1,2025-01-04 06:20:00.013,1,8770,0,128174.610,34583.004,105.363,95067.577,154700.976,48865.162
N,1,1,2025-01-04 06:25:00.015,1,8771,0,128174.908,34583.004,105.363,95067.798,154701.347,48865.162
N,1,1,2025-01-04 06:30:00.015,1,8772,0,128174.959,34583.014,105.363,95068.014,154701.411,48865.339
N,1,1,2025-01-04 06:35:00.019,1,8773,0,128174.960,34583.028,105.363,95068.222,154701.452,48865.507
N,1,1,2025-01-04 06:40:00.009,1,8774,0,128174.962,34583.030,105.363,95068.426,154701.504,48865.660
N,1,1,2025-01-04 06:45:00.009,1,8775,0,128174.964,34583.037,105.363,95068.626,154701.569,48865.795
N,1,1,2025-01-04 06:50:00.002,1,8776,0,128175.022,34583.037,105.363,95068.828,154701.743,48865.840
N,1,1,2025-01-04 06:55:00.001,1,8777,0,128175.125,34583.042,105.363,95069.041,154701.955,48865.872
N,1,1,2025-01-04 07:00:00.010,1,8778,0,128175.166,34583.073,105.363,95069.248,154702.093,48865.958
N,1,1,2025-01-04 07:05:00.012,1,8779,0,128175.174,34583.091,105.363,95069.446,154702.187,48866.066
N,1,1,2025-01-04 07:10:00.012,1,8780,0,128175.204,34583.138,105.363,95069.641,154702.282,48866.188
N,1,1,2025-01-04 07:15:00.019,1,8781,0,128175.243,34583.156,105.363,95069.837,154702.408,48866.270
N,1,1,2025-01-04 07:20:00.016,1,8782,0,128175.257,34583.231,105.363,95070.025,154702.457,48866.433
N,1,1,2025-01-04 07:25:00.004,1,8783,0,128175.269,34583.287,105.363,95070.214,154702.517,48866.579
N,1,1,2025-01-04 07:30:00.006,1,8784,0,128175.307,34583.322,105.363,95070.407,154702.611,48866.698
N,1,1,2025-01-04 07:35:00.018,1,8785,0,128175.370,34583.355,105.363,95070.600,154702.734,48866.799
N,1,1,2025-01-04 07:40:00.013,1,8786,0,128175.449,34583.359,105.363,95070.799,154702.909,48866.847
N,1,1,2025-01-04 07:45:00.005,1,8787,0,128175.596,34583.375,105.363,95071.005,154703.143,48866.875
N,1,1,2025-01-04 07:50:00.007,1,8788,0,128175.605,34583.454,105.363,95071.204,154703.191,48867.052
N,1,1,2025-01-04 07:55:00.003,1,8789,0,128175.609,34583.460,105.363,95071.408,154703.277,48867.171
N,1,1,2025-01-04 08:00:00.023,1,8790,0,128175.625,34583.683,105.363,95071.604,154703.322,48867.453
N,1,1,2025-01-04 08:05:00.007,1,8791,0,128175.632,34583.722,105.363,95071.807,154703.374,48867.614
N,1,1,2025-01-04 08:10:00.011,1,8792,0,128175.645,34583.728,105.363,95072.020,154703.487,48867.718
N,1,1,2025-01-04 08:15:00.017,1,8793,0,128175.647,34583.730,105.363,95072.229,154703.569,48867.844
N,1,1,2025-01-04 08:20:00.018,1,8794,0,128175.655,34583.736,105.363,95072.440,154703.654,48867.974
N,1,1,2025-01-04 08:25:00.007,1,8795,0,128175.657,34583.744,105.363,95072.656,154703.731,48868.113
N,1,1,2025-01-04 08:30:00.024,1,8796,0,128175.663,34583.766,105.363,95072.870,154703.796,48868.266
N,1,1,2025-01-04 08:35:00.016,1,8797,0,128175.670,34583.874,105.363,95073.077,154703.826,48868.479
N,1,1,2025-01-04 08:40:00.008,1,8798,0,128175.713,34583.901,105.363,95073.297,154703.958,48868.582
N,1,1,2025-01-04 08:45:00.003,1,8799,0,128175.738,34583.942,105.363,95073.509,154704.045,48868.723
N,1,1,2025-01-04 08:50:00.018,1,8800,0,128175.772,34584.010,105.363,95073.721,154704.149,48868.865
N,1,1,2025-01-04 08:55:00.010,1,8801,0,128175.796,34584.032,105.363,95073.935,154704.277,48868.958
N,1,1,2025-01-04 09:00:00.020,1,8802,0,128175.798,34584.177,105.363,95074.145,154704.315,48869.190
N,1,1,2025-01-04 09:05:00.001,1,8803,0,128175.808,34584.192,105.363,95074.355,154704.412,48869.307
N,1,1,2025-01-04 09:10:00.018,1,8804,0,128175.819,34584.268,105.363,95074.571,154704.491,48869.480
N,1,1,2025-01-04 09:15:00.011,1,8805,0,128175.819,34584.467,105.363,95074.801,154704.493,48869.786
N,1,1,2025-01-04 09:20:00.000,1,8806,0,128175.841,34584.537,105.363,95075.023,154704.587,48869.946
N,1,1,2025-01-04 09:25:00.016,1,8807,0,128175.856,34584.582,105.363,95075.239,154704.656,48870.104
N,1,1,2025-01-04 09:30:00.011,1,8808,0,128175.874,34584.645,105.363,95075.450,154704.732,48870.264
N,1,1,2025-01-04 09:35:00.010,1,8809,0,128175.886,34584.705,105.363,95075.660,154704.771,48870.451
N,1,1,2025-01-04 09:40:00.005,1,8810,0,128175.891,34584.868,105.363,95075.878,154704.805,48870.715
N,1,1,2025-01-04 09:45:00.005,1,8811,0,128175.891,34585.222,105.363,95076.092,154704.805,48871.129
N,1,1,2025-01-04 09:50:00.010,1,8812,0,128175.891,34585.560,105.363,95076.316,154704.806,48871.539
N,1,1,2025-01-04 09:55:00.001,1,8813,0,128175.891,34585.957,105.363,95076.541,154704.806,48871.995
N,1,1,2025-01-04 10:00:00.009,1,8814,0,128175.894,34586.073,105.363,95076.765,154704.817,48872.242
N,1,1,2025-01-04 10:05:00.011,1,8815,0,128175.927,34586.345,105.363,95076.985,154704.866,48872.586
N,1,1,2025-01-04 10:10:00.014,1,8816,0,128175.928,34586.538,105.363,95077.205,154704.879,48872.883
N,1,1,2025-01-04 10:15:00.019,1,8817,0,128175.928,34586.956,105.363,95077.421,154704.879,48873.354
N,1,1,2025-01-04 10:20:00.001,1,8818,0,128175.928,34587.426,105.363,95077.629,154704.879,48873.870
N,1,1,2025-01-04 10:25:00.015,1,8819,0,128175.931,34587.601,105.363,95077.845,154704.884,48874.149
N,1,1,2025-01-04 10:30:00.015,1,8820,0,128175.932,34587.710,105.363,95078.075,154704.898,48874.398
N,1,1,2025-01-04 10:35:00.005,1,8821,0,128175.942,34587.820,105.363,95078.301,154704.985,48874.581
N,1,1,2025-01-04 10:40:00.004,1,8822,0,128175.963,34587.888,105.364,95078.531,154705.071,48874.746
N,1,1,2025-01-04 10:45:00.004,1,8823,0,128175.979,34587.982,105.364,95078.763,154705.123,48874.961
N,1,1,2025-01-04 10:50:00.015,1,8824,0,128175.998,34587.992,105.364,95078.993,154705.276,48875.042
N,1,1,2025-01-04 10:55:00.016,1,8825,0,128176.008,34588.147,105.364,95079.213,154705.308,48875.296
N,1,1,2025-01-04 11:00:00.013,1,8826,0,128176.008,34588.326,105.364,95079.431,154705.308,48875.584
N,1,1,2025-01-04 11:05:00.019,1,8827,0,128176.008,34588.829,105.364,95079.638,154705.308,48876.128
N,1,1,2025-01-04 11:10:00.012,1,8828,0,128176.008,34589.187,105.364,95079.844,154705.308,48876.549
N,1,1,2025-01-04 11:15:00.019,1,8829,0,128176.008,34589.560,105.364,95080.055,154705.308,48876.980
N,1,1,2025-01-04 11:20:00.007,1,8830,0,128176.008,34589.810,105.364,95080.268,154705.308,48877.318
N,1,1,2025-01-04 11:25:00.005,1,8831,0,128176.012,34590.147,105.364,95080.483,154705.315,48877.720
N,1,1,2025-01-04 11:30:00.009,1,8832,0,128176.049,34590.374,105.364,95080.699,154705.398,48877.995
N,1,1,2025-01-04 11:35:00.004,1,8833,0,128176.054,34590.464,105.364,95080.917,154705.405,48878.229
N,1,1,2025-01-04 11:40:00.017,1,8834,0,128176.627,34590.486,105.364,95081.146,154706.030,48878.269
N,1,1,2025-01-04 11:45:00.015,1,8835,0,128176.694,34590.750,105.364,95081.362,154706.118,48878.585
N,1,1,2025-01-04 11:50:00.014,1,8836,0,128176.704,34591.012,105.364,95081.597,154706.147,48878.933
N,1,1,2025-01-04 11:55:00.006,1,8837,0,128176.704,34591.281,105.364,95081.835,154706.147,48879.293
N,1,1,2025-01-04 12:00:00.022,1,8838,0,128176.704,34591.634,105.364,95082.081,154706.147,48879.724
N,1,1,2025-01-04 12:05:00.019,1,8839,0,128176.704,34592.032,105.364,95082.321,154706.147,48880.190
N,1,1,2025-01-04 12:10:00.015,1,8840,0,128176.717,34592.587,105.364,95082.538,154706.170,48880.786
N,1,1,2025-01-04 12:15:00.023,1,8841,0,128176.717,34593.034,105.364,95082.764,154706.170,48881.287
N,1,1,2025-01-04 12:20:00.013,1,8842,0,128176.720,34593.355,105.364,95082.989,154706.176,48881.688
N,1,1,2025-01-04 12:25:00.005,1,8843,0,128176.723,34593.504,105.364,95083.225,154706.195,48881.958
N,1,1,2025-01-04 12:30:00.009,1,8844,0,128176.723,34593.926,105.364,95083.453,154706.195,48882.443
N,1,1,2025-01-04 12:35:00.011,1,8845,0,128176.735,34594.331,105.364,95083.666,154706.219,48882.901
N,1,1,2025-01-04 12:40:00.018,1,8846,0,128176.735,34594.853,105.367,95083.868,154706.219,48883.479
N,1,1,2025-01-04 12:45:00.002,1,8847,0,128176.735,34595.005,105.367,95084.089,154706.220,48883.751
N,1,1,2025-01-04 12:50:00.008,1,8848,0,128176.735,34595.237,105.367,95084.312,154706.220,48884.077
N,1,1,2025-01-04 12:55:00.004,1,8849,0,128176.735,34595.765,105.367,95084.529,154706.220,48884.648
N,1,1,2025-01-04 13:00:00.009,1,8850,0,128176.735,34596.282,105.367,95084.743,154706.220,48885.209
N,1,1,2025-01-04 13:05:00.018,1,8851,0,128176.735,34596.799,105.367,95084.948,154706.220,48885.765
N,1,1,2025-01-04 13:10:00.016,1,8852,0,128176.735,34597.317,105.367,95085.154,154706.220,48886.323
N,1,1,2025-01-04 13:15:00.010,1,8853,0,128176.735,34597.849,105.367,95085.359,154706.220,48886.894
N,1,1,2025-01-04 13:20:00.020,1,8854,0,128176.735,34598.358,105.367,95085.563,154706.220,48887.443
N,1,1,2025-01-04 13:25:00.019,1,8855,0,128176.735,34598.880,105.367,95085.771,154706.220,48888.005
N,1,1,2025-01-04 13:30:00.020,1,8856,0,128176.735,34599.431,105.367,95085.979,154706.220,48888.595
N,1,1,2025-01-04 13:35:00.012,1,8857,0,128176.735,34600.009,105.367,95086.188,154706.220,48889.209
N,1,1,2025-01-04 13:40:00.008,1,8858,0,128176.735,34600.613,105.367,95086.395,154706.220,48889.848
N,1,1,2025-01-04 13:45:00.000,1,8859,0,128176.735,34601.200,105.367,95086.594,154706.220,48890.469
N,1,1,2025-01-04 13:50:00.006,1,8860,0,128176.735,34601.768,105.367,95086.795,154706.220,48891.072
N,1,1,2025-01-04 13:55:00.002,1,8861,0,128176.735,34602.288,105.367,95087.006,154706.220,48891.634
N,1,1,2025-01-04 14:00:00.007,1,8862,0,128176.759,34602.324,105.367,95087.222,154706.326,48891.760
N,1,1,2025-01-04 14:05:00.018,1,8863,0,128176.759,34602.695,105.367,95087.436,154706.326,48892.197
N,1,1,2025-01-04 14:10:00.005,1,8864,0,128176.759,34603.243,105.367,95087.656,154706.326,48892.787
N,1,1,2025-01-04 14:15:00.018,1,8865,0,128176.759,34603.828,105.367,95087.878,154706.326,48893.413
N,1,1,2025-01-04 14:20:00.014,1,8866,0,128176.759,34604.350,105.367,95088.100,154706.326,48893.984
N,1,1,2025-01-04 14:25:00.011,1,8867,0,128176.759,34604.648,105.367,95088.323,154706.327,48894.356
N,1,1,2025-01-04 14:30:00.016,1,8868,0,128176.759,34604.906,105.367,95088.553,154706.327,48894.703
N,1,1,2025-01-04 14:35:00.015,1,8869,0,128176.759,34605.460,105.367,95088.781,154706.327,48895.303
N,1,1,2025-01-04 14:40:00.007,1,8870,0,128176.759,34606.019,105.367,95089.006,154706.327,48895.907
N,1,1,2025-01-04 14:45:00.005,1,8871,0,128176.759,34606.536,105.367,95089.236,154706.327,48896.472
N,1,1,2025-01-04 14:50:00.006,1,8872,0,128176.759,34607.107,105.367,95089.469,154706.327,48897.090
N,1,1,2025-01-04 14:55:00.008,1,8873,0,128176.759,34607.726,105.367,95089.703,154706.327,48897.751
N,1,1,2025-01-04 15:00:00.006,1,8874,0,128176.759,34608.355,105.367,95089.948,154706.327,48898.427
N,1,1,2025-01-04 15:05:00.013,1,8875,0,128176.759,34608.978,105.367,95090.189,154706.327,48899.095
N,1,1,2025-01-04 15:10:00.015,1,8876,0,128176.759,34609.511,105.367,95090.423,154706.327,48899.677
N,1,1,2025-01-04 15:15:00.007,1,8877,0,128176.759,34610.078,105.367,95090.658,154706.327,48900.292
N,1,1,2025-01-04 15:20:00.016,1,8878,0,128176.759,34610.696,105.367,95090.893,154706.327,48900.952
N,1,1,2025-01-04 15:25:00.006,1,8879,0,128176.759,34611.301,105.367,95091.126,154706.327,48901.601
N,1,1,2025-01-04 15:30:00.016,1,8880,0,128176.759,34611.854,105.389,95091.319,154706.327,48902.195
N,1,1,2025-01-04 15:35:00.003,1,8881,0,128176.759,34612.409,105.389,95091.565,154706.327,48902.803
N,1,1,2025-01-04 15:40:00.016,1,8882,0,128176.759,34612.933,105.389,95091.812,154706.327,48903.383
N,1,1,2025-01-04 15:45:00.009,1,8883,0,128176.759,34613.429,105.389,95092.063,154706.327,48903.940
N,1,1,2025-01-04 15:50:00.018,1,8884,0,128176.759,34613.913,105.389,95092.310,154706.327,48904.484
N,1,1,2025-01-04 15:55:00.007,1,8885,0,128176.759,34614.398,105.389,95092.558,154706.327,48905.029
N,1,1,2025-01-04 16:00:00.005,1,8886,0,128176.759,34614.867,105.389,95092.805,154706.327,48905.559
N,1,1,2025-01-04 16:05:00.008,1,8887,0,128176.759,34615.323,105.389,95093.050,154706.327,48906.077
N,1,1,2025-01-04 16:10:00.001,1,8888,0,128176.759,34615.768,105.389,95093.299,154706.327,48906.587
N,1,1,2025-01-04 16:15:00.004,1,8889,0,128176.759,34616.164,105.389,95093.555,154706.327,48907.059
N,1,1,2025-01-04 16:20:00.015,1,8890,0,128176.759,34616.548,105.389,95093.811,154706.327,48907.520
N,1,1,2025-01-04 16:25:00.004,1,8891,0,128176.759,34616.912,105.389,95094.065,154706.327,48907.964
N,1,1,2025-01-04 16:30:00.012,1,8892,0,128176.759,34617.239,105.389,95094.315,154706.327,48908.376
N,1,1,2025-01-04 16:35:00.018,1,8893,0,128176.759,34617.539,105.389,95094.564,154706.327,48908.766
N,1,1,2025-01-04 16:40:00.007,1,8894,0,128176.759,34617.812,105.389,95094.815,154706.327,48909.137
N,1,1,2025-01-04 16:45:00.009,1,8895,0,128176.759,34618.058,105.389,95095.072,154706.328,48909.493
N,1,1,2025-01-04 16:50:00.008,1,8896,0,128176.760,34618.273,105.389,95095.331,154706.336,48909.823
N,1,1,2025-01-04 16:55:00.002,1,8897,0,128176.760,34618.461,105.389,95095.601,154706.336,48910.152
N,1,1,2025-01-04 17:00:00.002,1,8898,0,128176.761,34618.629,105.394,95095.855,154706.339,48910.459
N,1,1,2025-01-04 17:05:00.008,1,8899,0,128176.770,34618.747,105.406,95096.092,154706.352,48910.726
N,1,1,2025-01-04 17:10:00.005,1,8900,0,128176.775,34618.851,105.406,95096.367,154706.362,48911.014
N,1,1,2025-01-04 17:15:00.008,1,8901,0,128176.786,34618.900,105.406,95096.632,154706.410,48911.238
N,1,1,2025-01-04 17:20:00.001,1,8902,0,128176.844,34618.907,105.406,95096.885,154706.569,48911.349
N,1,1,2025-01-04 17:25:00.017,1,8903,0,128176.847,34618.916,105.406,95097.134,154706.685,48911.483
N,1,1,2025-01-04 17:30:00.007,1,8904,0,128176.849,34618.929,105.406,95097.375,154706.781,48911.631
N,1,1,2025-01-04 17:35:00.015,1,8905,0,128176.852,34618.932,105.406,95097.607,154706.897,48911.748
N,1,1,2025-01-04 17:40:00.018,1,8906,0,128176.867,34618.947,105.406,95097.846,154706.992,48911.899
N,1,1,2025-01-04 17:45:00.003,1,8907,0,128176.872,34618.951,105.406,95098.083,154707.105,48912.023
N,1,1,2025-01-04 17:50:00.004,1,8908,0,128176.891,34618.965,105.406,95098.317,154707.207,48912.164
N,1,1,2025-01-04 17:55:00.018,1,8909,0,128176.898,34618.972,105.406,95098.539,154707.304,48912.290
N,1,1,2025-01-04 18:00:00.015,1,8910,0,128176.912,34618.991,105.406,95098.742,154707.379,48912.426
N,1,1,2025-01-04 18:05:00.019,1,8911,0,128176.919,34618.998,105.406,95098.948,154707.479,48912.531
N,1,1,2025-01-04 18:10:00.013,1,8912,0,128176.931,34619.003,105.406,95099.153,154707.603,48912.614
N,1,1,2025-01-04 18:15:00.012,1,8913,0,128177.141,34619.003,105.406,95099.362,154707.917,48912.614
N,1,1,2025-01-04 18:20:00.012,1,8914,0,128177.584,34619.003,105.406,95099.593,154708.418,48912.614
N,1,1,2025-01-04 18:25:00.013,1,8915,0,128177.772,34619.003,105.406,95099.806,154708.710,48912.614
N,1,1,2025-01-04 18:30:00.006,1,8916,0,128178.012,34619.003,105.406,95100.016,154709.035,48912.614
N,1,1,2025-01-04 18:35:00.015,1,8917,0,128178.122,34619.003,105.406,95100.239,154709.285,48912.614
N,1,1,2025-01-04 18:40:00.016,1,8918,0,128178.243,34619.003,105.406,95100.482,154709.556,48912.614
N,1,1,2025-01-04 18:45:00.021,1,8919,0,128178.477,34619.003,105.406,95100.701,154709.892,48912.614
N,1,1,2025-01-04 18:50:00.010,1,8920,0,128178.917,34619.003,105.406,95100.929,154710.388,48912.614
N,1,1,2025-01-04 18:55:00.014,1,8921,0,128179.364,34619.003,105.406,95101.148,154710.886,48912.614
N,1,1,2025-01-04 19:00:00.016,1,8922,0,128179.921,34619.003,105.406,95101.385,154711.494,48912.614
N,1,1,2025-01-04 19:05:00.019,1,8923,0,128180.791,34619.003,105.406,95101.620,154712.396,48912.614
N,1,1,2025-01-04 19:10:00.001,1,8924,0,128181.874,34619.003,105.406,95101.860,154713.505,48912.614
N,1,1,2025-01-04 19:15:00.032,1,8925,0,128182.712,34619.003,105.406,95102.076,154714.372,48912.614
N,1,1,2025-01-04 19:20:00.011,1,8926,0,128183.310,34619.003,105.406,95102.318,154715.018,48912.614
N,1,1,2025-01-04 19:25:00.010,1,8927,0,128183.696,34619.003,105.406,95102.549,154715.476,48912.614
N,1,1,2025-01-04 19:30:00.038,1,8928,0,128183.872,34619.003,105.406,95102.783,154715.769,48912.614
N,1,1,2025-01-04 19:35:00.006,1,8929,0,128184.253,34619.003,105.406,95103.034,154716.240,48912.614
N,1,1,2025-01-04 19:40:00.007,1,8930,0,128184.998,34619.003,105.406,95103.282,154717.026,48912.614
N,1,1,2025-01-04 19:45:00.010,1,8931,0,128185.486,34619.003,105.406,95103.499,154717.564,48912.614
N,1,1,2025-01-04 19:50:00.009,1,8932,0,128185.950,34619.003,105.406,95103.704,154718.079,48912.614
N,1,1,2025-01-04 19:55:00.009,1,8933,0,128186.768,34619.003,105.406,95103.928,154718.928,48912.614
N,1,1,2025-01-04 20:00:00.005,1,8934,0,128187.284,34619.003,105.406,95104.147,154719.491,48912.614
N,1,1,2025-01-04 20:05:00.012,1,8935,0,128187.690,34619.003,105.406,95104.414,154719.980,48912.614
N,1,1,2025-01-04 20:10:00.018,1,8936,0,128188.052,34619.003,105.406,95104.668,154720.423,48912.614
N,1,1,2025-01-04 20:15:00.001,1,8937,0,128188.417,34619.003,105.406,95104.922,154720.869,48912.614
N,1,1,2025-01-04 20:20:00.002,1,8938,0,128188.719,34619.003,105.406,95105.158,154721.257,48912.614
N,1,1,2025-01-04 20:25:00.004,1,8939,0,128189.000,34619.003,105.406,95105.403,154721.630,48912.614
N,1,1,2025-01-04 20:30:00.004,1,8940,0,128189.201,34619.003,105.406,95105.647,154721.951,48912.614
N,1,1,2025-01-04 20:35:00.004,1,8941,0,128189.549,34619.003,105.406,95105.891,154722.382,48912.614
N,1,1,2025-01-04 20:40:00.004,1,8942,0,128189.780,34619.003,105.406,95106.132,154722.717,48912.614
N,1,1,2025-01-04 20:45:00.003,1,8943,0,128189.885,34619.003,105.406,95106.366,154722.962,48912.632
N,1,1,2025-01-04 20:50:00.008,1,8944,0,128189.963,34619.005,105.406,95106.603,154723.185,48912.670
N,1,1,2025-01-04 20:55:00.006,1,8945,0,128189.971,34619.005,105.406,95106.843,154723.406,48912.689
N,1,1,2025-01-04 21:00:00.001,1,8946,0,128190.006,34619.005,105.406,95107.082,154723.648,48912.689
N,1,1,2025-01-04 21:05:00.019,1,8947,0,128190.060,34619.005,105.406,95107.322,154723.894,48912.689
N,1,1,2025-01-04 21:10:00.006,1,8948,0,128190.096,34619.005,105.406,95107.556,154724.131,48912.689
N,1,1,2025-01-04 21:15:00.014,1,8949,0,128190.152,34619.005,105.406,95107.793,154724.374,48912.689
N,1,1,2025-01-04 21:20:00.004,1,8950,0,128190.461,34619.005,105.406,95108.045,154724.784,48912.689
N,1,1,2025-01-04 21:25:00.008,1,8951,0,128190.673,34619.005,105.406,95108.313,154725.136,48912.689
N,1,1,2025-01-04 21:30:00.001,1,8952,0,128190.964,34619.005,105.406,95108.587,154725.549,48912.689
N,1,1,2025-01-04 21:35:00.009,1,8953,0,128191.451,34619.005,105.406,95108.868,154726.111,48912.689
N,1,1,2025-01-04 21:40:00.010,1,8954,0,128192.150,34619.005,105.406,95109.126,154726.857,48912.689
N,1,1,2025-01-04 21:45:00.010,1,8955,0,128192.741,34619.005,105.406,95109.389,154727.506,48912.689
N,1,1,2025-01-04 21:50:00.012,1,8956,0,128193.211,34619.005,105.406,95109.642,154728.040,48912.689
N,1,1,2025-01-04 21:55:00.006,1,8957,0,128193.612,34619.005,105.406,95109.894,154728.517,48912.689
N,1,1,2025-01-04 22:00:00.013,1,8958,0,128193.960,34619.005,105.406,95110.143,154728.947,48912.689
N,1,1,2025-01-04 22:05:00.012,1,8959,0,128194.293,34619.005,105.406,95110.391,154729.365,48912.689
N,1,1,2025-01-04 22:10:00.006,1,8960,0,128194.711,34619.005,105.406,95110.642,154729.853,48912.689
N,1,1,2025-01-04 22:15:00.003,1,8961,0,128195.075,34619.005,105.406,95110.898,154730.300,48912.689
N,1,1,2025-01-04 22:20:00.014,1,8962,0,128195.608,34619.005,105.406,95111.164,154730.896,48912.689
N,1,1,2025-01-04 22:25:00.016,1,8963,0,128195.996,34619.005,105.406,95111.432,154731.375,48912.689
N,1,1,2025-01-04 22:30:00.019,1,8964,0,128196.259,34619.005,105.406,95111.692,154731.745,48912.689
N,1,1,2025-01-04 22:35:00.017,1,8965,0,128196.497,34619.005,105.406,95111.940,154732.088,48912.689
N,1,1,2025-01-04 22:40:00.010,1,8966,0,128196.686,34619.005,105.406,95112.187,154732.400,48912.689
N,1,1,2025-01-04 22:45:00.009,1,8967,0,128196.884,34619.005,105.406,95112.431,154732.714,48912.689
N,1,1,2025-01-04 22:50:00.013,1,8968,0,128197.089,34619.005,105.406,95112.675,154733.033,48912.689
N,1,1,2025-01-04 22:55:00.019,1,8969,0,128197.395,34619.005,105.406,95112.922,154733.436,48912.689
N,1,1,2025-01-04 23:00:00.006,1,8970,0,128197.942,34619.005,105.406,95113.179,154734.040,48912.689
N,1,1,2025-01-04 23:05:00.000,1,8971,0,128198.192,34619.005,105.406,95113.428,154734.403,48912.689
N,1,1,2025-01-04 23:10:00.006,1,8972,0,128198.438,34619.005,105.406,95113.676,154734.758,48912.689
N,1,1,2025-01-04 23:15:00.003,1,8973,0,128198.645,34619.005,105.406,95113.920,154735.084,48912.689
N,1,1,2025-01-04 23:20:00.008,1,8974,0,128199.138,34619.005,105.406,95114.164,154735.633,48912.689
N,1,1,2025-01-04 23:25:00.019,1,8975,0,128199.512,34619.005,105.406,95114.414,154736.089,48912.689
N,1,1,2025-01-04 23:30:00.000,1,8976,0,128199.759,34619.005,105.406,95114.671,154736.446,48912.689
N,1,1,2025-01-04 23:35:00.014,1,8977,0,128199.977,34619.005,105.406,95114.923,154736.780,48912.689
N,1,1,2025-01-04 23:40:00.007,1,8978,0,128200.275,34619.005,105.406,95115.164,154737.171,48912.689
N,1,1,2025-01-04 23:45:00.014,1,8979,0,128200.765,34619.005,105.406,95115.400,154737.715,48912.689
N,1,1,2025-01-04 23:50:00.014,1,8980,0,128201.146,34619.005,105.406,95115.644,154738.175,48912.689
N,1,1,2025-01-04 23:55:00.018,1,8981,0,128201.356,34619.005,105.406,95115.885,154738.502,48912.689
N,1,1,2025-01-05 00:00:00.004,1,8982,0,128201.800,34619.005,105.406,95116.123,154739.005,48912.689
N,1,1,2025-01-05 00:05:00.005,1,8983,0,128202.145,34619.005,105.406,95116.354,154739.429,48912.689
N,1,1,2025-01-05 00:10:00.016,1,8984,0,128202.312,34619.005,105.406,95116.582,154739.712,48912.689
N,1,1,2025-01-05 00:15:00.012,1,8985,0,128202.487,34619.005,105.406,95116.807,154739.997,48912.689
N,1,1,2025-01-05 00:20:00.001,1,8986,0,128202.902,34619.005,105.406,95117.040,154740.496,48912.689
N,1,1,2025-01-05 00:25:00.002,1,8987,0,128203.873,34619.005,105.406,95117.275,154741.495,48912.689
N,1,1,2025-01-05 00:30:00.001,1,8988,0,128204.721,34619.005,105.406,95117.516,154742.378,48912.689
N,1,1,2025-01-05 00:35:00.014,1,8989,0,128205.421,34619.005,105.406,95117.747,154743.115,48912.689
N,1,1,2025-01-05 00:40:00.009,1,8990,0,128205.811,34619.005,105.406,95117.971,154743.575,48912.689
N,1,1,2025-01-05 00:45:00.015,1,8991,0,128205.989,34619.005,105.406,95118.186,154743.853,48912.689
N,1,1,2025-01-05 00:50:00.018,1,8992,0,128206.157,34619.005,105.406,95118.406,154744.130,48912.689
N,1,1,2025-01-05 00:55:00.016,1,8993,0,128206.310,34619.005,105.406,95118.626,154744.399,48912.689
N,1,1,2025-01-05 01:00:00.018,1,8994,0,128206.472,34619.005,105.406,95118.849,154744.674,48912.689
N,1,1,2025-01-05 01:05:00.003,1,8995,0,128206.659,34619.005,105.406,95119.061,154744.957,48912.689
N,1,1,2025-01-05 01:10:00.015,1,8996,0,128207.017,34619.005,105.406,95119.280,154745.384,48912.689
N,1,1,2025-01-05 01:15:00.011,1,8997,0,128207.461,34619.005,105.406,95119.511,154745.884,48912.689
N,1,1,2025-01-05 01:20:00.016,1,8998,0,128207.666,34619.005,105.406,95119.740,154746.202,48912.689
N,1,1,2025-01-05 01:25:00.016,1,8999,0,128207.830,34619.005,105.406,95119.959,154746.476,48912.689
N,1,1,2025-01-05 01:30:00.007,1,9000,0,128207.993,34619.005,105.406,95120.174,154746.746,48912.689
N,1,1,2025-01-05 01:35:00.011,1,9001,0,128208.137,34619.005,105.406,95120.397,154747.012,48912.689
N,1,1,2025-01-05 01:40:00.016,1,9002,0,128208.278,34619.005,105.406,95120.625,154747.280,48912.689
N,1,1,2025-01-05 01:45:00.009,1,9003,0,128208.462,34619.005,105.406,95120.852,154747.573,48912.689
N,1,1,2025-01-05 01:50:00.010,1,9004,0,128208.656,34619.005,105.406,95121.079,154747.872,48912.689
N,1,1,2025-01-05 01:55:00.019,1,9005,0,128208.848,34619.005,105.406,95121.322,154748.183,48912.689
N,1,1,2025-01-05 02:00:00.010,1,9006,0,128209.044,34619.005,105.406,95121.572,154748.501,48912.689
N,1,1,2025-01-05 02:05:00.013,1,9007,0,128209.388,34619.005,105.406,95121.824,154748.938,48912.689
N,1,1,2025-01-05 02:10:00.003,1,9008,0,128209.907,34619.005,105.406,95122.066,154749.510,48912.689
N,1,1,2025-01-05 02:15:00.014,1,9009,0,128210.147,34619.005,105.406,95122.299,154749.848,48912.689
N,1,1,2025-01-05 02:20:00.004,1,9010,0,128210.334,34619.005,105.406,95122.533,154750.148,48912.689
N,1,1,2025-01-05 02:25:00.015,1,9011,0,128210.516,34619.005,105.406,95122.767,154750.445,48912.689
N,1,1,2025-01-05 02:30:00.004,1,9012,0,128210.717,34619.005,105.406,95122.995,154750.749,48912.689
N,1,1,2025-01-05 02:35:00.018,1,9013,0,128210.915,34619.005,105.406,95123.226,154751.053,48912.689
N,1,1,2025-01-05 02:40:00.014,1,9014,0,128211.097,34619.005,105.406,95123.464,154751.353,48912.689
N,1,1,2025-01-05 02:45:00.009,1,9015,0,128211.287,34619.005,105.406,95123.705,154751.659,48912.689
N,1,1,2025-01-05 02:50:00.009,1,9016,0,128211.496,34619.005,105.406,95123.941,154751.976,48912.689
N,1,1,2025-01-05 02:55:00.003,1,9017,0,128211.734,34619.005,105.406,95124.165,154752.302,48912.689
N,1,1,2025-01-05 03:00:00.014,1,9018,0,128211.963,34619.005,105.406,95124.386,154752.620,48912.689
N,1,1,2025-01-05 03:05:00.007,1,9019,0,128212.151,34619.005,105.406,95124.611,154752.914,48912.689
N,1,1,2025-01-05 03:10:00.019,1,9020,0,128212.338,34619.005,105.406,95124.837,154753.207,48912.689
N,1,1,2025-01-05 03:15:00.016,1,9021,0,128212.519,34619.005,105.406,95125.061,154753.496,48912.689
N,1,1,2025-01-05 03:20:00.017,1,9022,0,128212.720,34619.005,105.406,95125.285,154753.797,48912.689
N,1,1,2025-01-05 03:25:00.005,1,9023,0,128212.922,34619.005,105.406,95125.510,154754.099,48912.689
N,1,1,2025-01-05 03:30:00.007,1,9024,0,128213.098,34619.005,105.406,95125.740,154754.389,48912.689
N,1,1,2025-01-05 03:35:00.012,1,9025,0,128213.266,34619.005,105.406,95125.967,154754.672,48912.689
N,1,1,2025-01-05 03:40:00.010,1,9026,0,128213.443,34619.005,105.406,95126.196,154754.961,48912.689
N,1,1,2025-01-05 03:45:00.005,1,9027,0,128213.618,34619.005,105.406,95126.424,154755.250,48912.689
N,1,1,2025-01-05 03:50:00.015,1,9028,0,128213.800,34619.005,105.406,95126.651,154755.540,48912.689
N,1,1,2025-01-05 03:55:00.003,1,9029,0,128213.979,34619.005,105.406,95126.878,154755.830,48912.689
N,1,1,2025-01-05 04:00:00.009,1,9030,0,128214.137,34619.005,105.406,95127.117,154756.116,48912.689
N,1,1,2025-01-05 04:05:00.002,1,9031,0,128214.289,34619.005,105.406,95127.357,154756.400,48912.689
N,1,1,2025-01-05 04:10:00.008,1,9032,0,128214.442,34619.005,105.406,95127.595,154756.683,48912.689
N,1,1,2025-01-05 04:15:00.009,1,9033,0,128214.612,34619.005,105.406,95127.823,154756.968,48912.689
N,1,1,2025-01-05 04:20:00.001,1,9034,0,128214.783,34619.005,105.406,95128.048,154757.251,48912.689
N,1,1,2025-01-05 04:25:00.009,1,9035,0,128214.935,34619.005,105.406,95128.279,154757.528,48912.689
N,1,1,2025-01-05 04:30:00.003,1,9036,0,128215.089,34619.005,105.406,95128.511,154757.805,48912.689
N,1,1,2025-01-05 04:35:00.007,1,9037,0,128215.253,34619.005,105.406,95128.742,154758.089,48912.689
N,1,1,2025-01-05 04:40:00.010,1,9038,0,128215.426,34619.005,105.406,95128.968,154758.374,48912.689
N,1,1,2025-01-05 04:45:00.041,1,9039,0,128215.592,34619.005,105.406,95129.198,154758.657,48912.689
N,1,1,2025-01-05 04:50:00.004,1,9040,0,128216.036,34619.005,105.406,95129.432,154759.160,48912.689
N,1,1,2025-01-05 04:55:00.007,1,9041,0,128216.247,34619.005,105.406,95129.657,154759.476,48912.689
N,1,1,2025-01-05 05:00:00.026,1,9042,0,128216.407,34619.005,105.406,95129.874,154759.745,48912.689
N,1,1,2025-01-05 05:05:00.010,1,9043,0,128216.602,34619.005,105.406,95130.090,154760.043,48912.689
N,1,1,2025-01-05 05:10:00.001,1,9044,0,128217.066,34619.005,105.406,95130.301,154760.552,48912.689
N,1,1,2025-01-05 05:15:00.022,1,9045,0,128217.347,34619.005,105.406,95130.509,154760.911,48912.689
N,1,1,2025-01-05 05:20:00.000,1,9046,0,128217.503,34619.005,105.406,95130.729,154761.181,48912.689
N,1,1,2025-01-05 05:25:00.004,1,9047,0,128217.673,34619.005,105.406,95130.960,154761.468,48912.689
N,1,1,2025-01-05 05:30:00.049,1,9048,0,128217.844,34619.005,105.406,95131.186,154761.751,48912.689
N,1,1,2025-01-05 05:35:00.020,1,9049,0,128217.998,34619.005,105.406,95131.410,154762.024,48912.689
N,1,1,2025-01-05 05:40:00.018,1,9050,0,128218.149,34619.005,105.406,95131.617,154762.280,48912.689
N,1,1,2025-01-05 05:45:00.020,1,9051,0,128218.296,34619.005,105.406,95131.824,154762.534,48912.689
N,1,1,2025-01-05 05:50:00.018,1,9052,0,128218.416,34619.005,105.406,95132.041,154762.782,48912.689
N,1,1,2025-01-05 05:55:00.002,1,9053,0,128218.524,34619.005,105.406,95132.257,154763.023,48912.689
N,1,1,2025-01-05 06:00:00.024,1,9054,0,128218.869,34619.005,105.406,95132.477,154763.438,48912.689
N,1,1,2025-01-05 06:05:00.015,1,9055,0,128219.045,34619.005,105.406,95132.694,154763.733,48912.689
N,1,1,2025-01-05 06:10:00.009,1,9056,0,128219.112,34619.005,105.406,95132.910,154763.959,48912.689
N,1,1,2025-01-05 06:15:00.019,1,9057,0,128219.157,34619.005,105.406,95133.130,154764.184,48912.689
N,1,1,2025-01-05 06:20:00.014,1,9058,0,128219.175,34619.005,105.406,95133.354,154764.409,48912.689
N,1,1,2025-01-05 06:25:00.007,1,9059,0,128219.179,34619.007,105.406,95133.572,154764.545,48912.771
N,1,1,2025-01-05 06:30:00.004,1,9060,0,128219.179,34619.018,105.406,95133.787,154764.557,48912.975
N,1,1,2025-01-05 06:35:00.010,1,9061,0,128219.182,34619.025,105.406,95133.994,154764.651,48913.088
N,1,1,2025-01-05 06:40:00.014,1,9062,0,128219.184,34619.033,105.406,95134.197,154764.703,48913.239
N,1,1,2025-01-05 06:45:00.009,1,9063,0,128219.185,34619.037,105.406,95134.402,154764.737,48913.410
N,1,1,2025-01-05 06:50:00.016,1,9064,0,128219.186,34619.041,105.406,95134.613,154764.768,48913.591
N,1,1,2025-01-05 06:55:00.020,1,9065,0,128219.215,34619.042,105.406,95134.830,154764.877,48913.705
N,1,1,2025-01-05 07:00:00.031,1,9066,0,128219.270,34619.058,105.406,95135.039,154764.954,48913.867
N,1,1,2025-01-05 07:05:00.013,1,9067,0,128219.373,34619.062,105.406,95135.243,154765.177,48913.878
N,1,1,2025-01-05 07:10:00.014,1,9068,0,128219.416,34619.109,105.406,95135.434,154765.294,48913.978
N,1,1,2025-01-05 07:15:00.005,1,9069,0,128219.422,34619.111,105.406,95135.630,154765.392,48914.076
N,1,1,2025-01-05 07:20:00.014,1,9070,0,128219.423,34619.115,105.406,95135.825,154765.435,48914.228
N,1,1,2025-01-05 07:25:00.002,1,9071,0,128219.424,34619.118,105.406,95136.020,154765.465,48914.393
N,1,1,2025-01-05 07:30:00.002,1,9072,0,128219.426,34619.121,105.406,95136.212,154765.515,48914.536
N,1,1,2025-01-05 07:35:00.003,1,9073,0,128219.426,34619.125,105.406,95136.410,154765.545,48914.703
N,1,1,2025-01-05 07:40:00.016,1,9074,0,128219.428,34619.130,105.406,95136.616,154765.603,48914.852
N,1,1,2025-01-05 07:45:00.004,1,9075,0,128219.428,34619.132,105.406,95136.826,154765.651,48915.014
N,1,1,2025-01-05 07:50:00.015,1,9076,0,128219.431,34619.138,105.406,95137.036,154765.724,48915.152
N,1,1,2025-01-05 07:55:00.007,1,9077,0,128219.432,34619.141,105.406,95137.242,154765.796,48915.286
N,1,1,2025-01-05 08:00:00.010,1,9078,0,128219.441,34619.166,105.406,95137.451,154765.857,48915.442
N,1,1,2025-01-05 08:05:00.003,1,9079,0,128219.446,34619.188,105.406,95137.660,154765.882,48915.629
N,1,1,2025-01-05 08:10:00.006,1,9080,0,128219.446,34619.246,105.406,95137.869,154765.884,48915.846
N,1,1,2025-01-05 08:15:00.000,1,9081,0,128219.446,34619.363,105.406,95138.084,154765.884,48916.090
N,1,1,2025-01-05 08:20:00.017,1,9082,0,128219.450,34619.411,105.406,95138.297,154765.907,48916.295
N,1,1,2025-01-05 08:25:00.001,1,9083,0,128219.450,34619.586,105.406,95138.509,154765.907,48916.571
N,1,1,2025-01-05 08:30:00.005,1,9084,0,128219.450,34619.795,105.406,95138.725,154765.907,48916.871
N,1,1,2025-01-05 08:35:00.011,1,9085,0,128219.450,34620.010,105.406,95138.931,154765.907,48917.169
N,1,1,2025-01-05 08:40:00.019,1,9086,0,128219.466,34620.091,105.406,95139.142,154766.001,48917.325
N,1,1,2025-01-05 08:45:00.024,1,9087,0,128219.470,34620.133,105.406,95139.355,154766.086,48917.466
N,1,1,2025-01-05 08:50:00.011,1,9088,0,128219.488,34620.288,105.406,95139.567,154766.130,48917.704
N,1,1,2025-01-05 08:55:00.015,1,9089,0,128219.495,34620.349,105.406,95139.777,154766.185,48917.879
N,1,1,2025-01-05 09:00:00.028,1,9090,0,128219.498,34620.358,105.406,95140.005,154766.254,48918.039
N,1,1,2025-01-05 09:05:00.009,1,9091,0,128219.499,34620.381,105.406,95140.226,154766.255,48918.259
N,1,1,2025-01-05 09:10:00.015,1,9092,0,128219.510,34620.472,105.406,95140.448,154766.276,48918.489
N,1,1,2025-01-05 09:15:00.017,1,9093,0,128219.511,34620.539,105.406,95140.658,154766.279,48918.709
N,1,1,2025-01-05 09:20:00.007,1,9094,0,128219.511,34620.633,105.406,95140.858,154766.279,48918.930
N,1,1,2025-01-05 09:25:00.013,1,9095,0,128219.515,34620.764,105.406,95141.061,154766.286,48919.167
N,1,1,2025-01-05 09:30:00.017,1,9096,0,128219.515,34620.917,105.406,95141.258,154766.286,48919.417
N,1,1,2025-01-05 09:35:00.003,1,9097,0,128219.515,34621.289,105.406,95141.452,154766.286,48919.843
N,1,1,2025-01-05 09:40:00.002,1,9098,0,128219.515,34621.484,105.406,95141.653,154766.286,48920.122
N,1,1,2025-01-05 09:45:00.002,1,9099,0,128219.515,34621.754,105.406,95141.856,154766.287,48920.465
N,1,1,2025-01-05 09:50:00.010,1,9100,0,128219.515,34622.161,105.406,95142.055,154766.287,48920.917
N,1,1,2025-01-05 09:55:00.010,1,9101,0,128219.515,34622.825,105.406,95142.258,154766.287,48921.613
N,1,1,2025-01-05 10:00:00.020,1,9102,0,128219.515,34623.543,105.406,95142.462,154766.287,48922.359
N,1,1,2025-01-05 10:05:00.000,1,9103,0,128219.515,34624.169,105.406,95142.665,154766.287,48923.018
N,1,1,2025-01-05 10:10:00.019,1,9104,0,128219.515,34624.675,105.406,95142.876,154766.287,48923.567
N,1,1,2025-01-05 10:15:00.013,1,9105,0,128219.515,34625.120,105.406,95143.092,154766.287,48924.062
N,1,1,2025-01-05 10:20:00.009,1,9106,0,128219.515,34625.645,105.406,95143.306,154766.287,48924.630
N,1,1,2025-01-05 10:25:00.011,1,9107,0,128219.515,34626.173,105.406,95143.518,154766.287,48925.200
N,1,1,2025-01-05 10:30:00.021,1,9108,0,128219.515,34626.689,105.406,95143.724,154766.287,48925.757
N,1,1,2025-01-05 10:35:00.005,1,9109,0,128219.515,34627.138,105.406,95143.926,154766.287,48926.251
N,1,1,2025-01-05 10:40:00.004,1,9110,0,128219.515,34627.622,105.406,95144.127,154766.287,48926.776
N,1,1,2025-01-05 10:45:00.024,1,9111,0,128219.515,34628.123,105.406,95144.330,154766.287,48927.319
N,1,1,2025-01-05 10:50:00.003,1,9112,0,128219.515,34628.622,105.406,95144.532,154766.287,48927.858
N,1,1,2025-01-05 10:55:00.016,1,9113,0,128219.515,34629.148,105.406,95144.734,154766.287,48928.423
N,1,1,2025-01-05 11:00:00.018,1,9114,0,128219.515,34629.658,105.406,95144.936,154766.287,48928.973
N,1,1,2025-01-05 11:05:00.016,1,9115,0,128219.515,34630.264,105.406,95145.139,154766.287,48929.612
N,1,1,2025-01-05 11:10:00.019,1,9116,0,128219.515,34630.911,105.406,95145.343,154766.287,48930.290
N,1,1,2025-01-05 11:15:00.012,1,9117,0,128219.515,34631.465,105.406,95145.549,154766.288,48930.884
N,1,1,2025-01-05 11:20:00.011,1,9118,0,128219.515,34631.811,105.406,95145.753,154766.288,48931.286
N,1,1,2025-01-05 11:25:00.015,1,9119,0,128219.515,34632.260,105.406,95145.943,154766.288,48931.777
N,1,1,2025-01-05 11:30:00.032,1,9120,0,128219.515,34632.749,105.406,95146.137,154766.288,48932.303
N,1,1,2025-01-05 11:35:00.018,1,9121,0,128219.515,34633.201,105.406,95146.334,154766.288,48932.798
N,1,1,2025-01-05 11:40:00.006,1,9122,0,128219.515,34633.552,105.406,95146.535,154766.288,48933.208
N,1,1,2025-01-05 11:45:00.010,1,9123,0,128219.515,34633.867,105.406,95146.729,154766.288,48933.579
N,1,1,2025-01-05 11:50:00.006,1,9124,0,128219.515,34634.219,105.406,95146.900,154766.288,48933.975
N,1,1,2025-01-05 11:55:00.018,1,9125,0,128219.515,34634.770,105.406,95147.070,154766.288,48934.552
N,1,1,2025-01-05 12:00:00.018,1,9126,0,128219.515,34635.092,105.406,95147.244,154766.288,48934.930
N,1,1,2025-01-05 12:05:00.014,1,9127,0,128219.515,34635.264,105.406,95147.443,154766.288,48935.196
N,1,1,2025-01-05 12:10:00.014,1,9128,0,128219.515,34635.561,105.406,95147.640,154766.288,48935.559
N,1,1,2025-01-05 12:15:00.001,1,9129,0,128219.515,34635.959,105.406,95147.828,154766.288,48936.002
N,1,1,2025-01-05 12:20:00.002,1,9130,0,128219.515,34636.526,105.406,95148.039,154766.288,48936.607
N,1,1,2025-01-05 12:25:00.005,1,9131,0,128219.515,34637.042,105.406,95148.265,154766.288,48937.171
N,1,1,2025-01-05 12:30:00.013,1,9132,0,128219.515,34637.519,105.406,95148.490,154766.288,48937.700
N,1,1,2025-01-05 12:35:00.014,1,9133,0,128219.515,34637.848,105.406,95148.724,154766.288,48938.114
N,1,1,2025-01-05 12:40:00.000,1,9134,0,128219.515,34638.077,105.406,95148.925,154766.288,48938.426
N,1,1,2025-01-05 12:45:00.010,1,9135,0,128219.515,34638.520,105.406,95149.102,154766.288,48938.907
N,1,1,2025-01-05 12:50:00.009,1,9136,0,128219.515,34638.751,105.406,95149.286,154766.288,48939.203
N,1,1,2025-01-05 12:55:00.005,1,9137,0,128219.518,34638.931,105.406,95149.495,154766.292,48939.478
N,1,1,2025-01-05 13:00:00.005,1,9138,0,128219.518,34639.270,105.435,95149.660,154766.293,48939.876
N,1,1,2025-01-05 13:05:00.009,1,9139,0,128219.518,34639.743,105.435,95149.864,154766.293,48940.392
N,1,1,2025-01-05 13:10:00.010,1,9140,0,128219.518,34640.228,105.435,95150.064,154766.293,48940.918
N,1,1,2025-01-05 13:15:00.009,1,9141,0,128219.518,34640.693,105.435,95150.268,154766.293,48941.427
N,1,1,2025-01-05 13:20:00.004,1,9142,0,128219.518,34641.196,105.435,95150.441,154766.293,48941.961
N,1,1,2025-01-05 13:25:00.011,1,9143,0,128219.518,34641.735,105.435,95150.604,154766.293,48942.525
N,1,1,2025-01-05 13:30:00.002,1,9144,0,128219.519,34641.944,105.435,95150.759,154766.294,48942.791
N,1,1,2025-01-05 13:35:00.006,1,9145,0,128219.519,34642.190,105.435,95150.930,154766.294,48943.101
N,1,1,2025-01-05 13:40:00.017,1,9146,0,128219.519,34642.788,105.435,95151.109,154766.294,48943.726
N,1,1,2025-01-05 13:45:00.019,1,9147,0,128219.519,34643.419,105.435,95151.282,154766.294,48944.382
N,1,1,2025-01-05 13:50:00.015,1,9148,0,128219.519,34644.088,105.435,95151.463,154766.295,48945.077
N,1,1,2025-01-05 13:55:00.003,1,9149,0,128219.519,34644.436,105.435,95151.666,154766.295,48945.488
N,1,1,2025-01-05 14:00:00.017,1,9150,0,128219.519,34645.073,105.435,95151.882,154766.295,48946.160
N,1,1,2025-01-05 14:05:00.011,1,9151,0,128219.519,34645.716,105.435,95152.101,154766.295,48946.840
N,1,1,2025-01-05 14:10:00.019,1,9152,0,128219.519,34646.377,105.435,95152.336,154766.295,48947.542
N,1,1,2025-01-05 14:15:00.024,1,9153,0,128219.519,34646.910,105.463,95152.508,154766.295,48948.113
N,1,1,2025-01-05 14:20:00.005,1,9154,0,128219.519,34647.336,105.463,95152.739,154766.295,48948.599
N,1,1,2025-01-05 14:25:00.013,1,9155,0,128219.519,34647.666,105.463,95152.975,154766.295,48949.005
N,1,1,2025-01-05 14:30:00.017,1,9156,0,128219.627,34647.858,105.463,95153.223,154766.433,48949.259
N,1,1,2025-01-05 14:35:00.008,1,9157,0,128220.183,34647.858,105.463,95153.470,154767.048,48949.259
N,1,1,2025-01-05 14:40:00.008,1,9158,0,128220.557,34647.881,105.463,95153.715,154767.480,48949.313
N,1,1,2025-01-05 14:45:00.015,1,9159,0,128220.557,34648.238,105.463,95153.941,154767.480,48949.742
N,1,1,2025-01-05 14:50:00.000,1,9160,0,128220.557,34648.639,105.463,95154.191,154767.480,48950.215
N,1,1,2025-01-05 14:55:00.007,1,9161,0,128220.557,34649.003,105.463,95154.438,154767.480,48950.657
N,1,1,2025-01-05 15:00:00.004,1,9162,0,128220.557,34649.110,105.463,95154.679,154767.482,48950.922
N,1,1,2025-01-05 15:05:00.005,1,9163,0,128220.557,34649.349,105.463,95154.923,154767.482,48951.263
N,1,1,2025-01-05 15:10:00.014,1,9164,0,128220.577,34649.506,105.463,95155.165,154767.538,48951.515
N,1,1,2025-01-05 15:15:00.010,1,9165,0,128220.587,34649.517,105.463,95155.398,154767.635,48951.655
N,1,1,2025-01-05 15:20:00.005,1,9166,0,128220.587,34649.833,105.463,95155.634,154767.643,48952.058
N,1,1,2025-01-05 15:25:00.017,1,9167,0,128220.587,34650.184,105.463,95155.866,154767.643,48952.479
N,1,1,2025-01-05 15:30:00.013,1,9168,0,128220.587,34650.541,105.463,95156.109,154767.643,48952.911
N,1,1,2025-01-05 15:35:00.004,1,9169,0,128220.587,34650.858,105.463,95156.351,154767.644,48953.311
N,1,1,2025-01-05 15:40:00.013,1,9170,0,128220.587,34651.035,105.463,95156.604,154767.645,48953.634
N,1,1,2025-01-05 15:45:00.020,1,9171,0,128220.597,34651.134,105.463,95156.852,154767.686,48953.876
N,1,1,2025-01-05 15:50:00.009,1,9172,0,128220.597,34651.188,105.463,95157.104,154767.706,48954.122
N,1,1,2025-01-05 15:55:00.017,1,9173,0,128220.599,34651.229,105.463,95157.353,154767.717,48954.368
N,1,1,2025-01-05 16:00:00.005,1,9174,0,128220.642,34651.268,105.487,95157.543,154767.801,48954.522
N,1,1,2025-01-05 16:05:00.011,1,9175,0,128220.651,34651.376,105.488,95157.788,154767.825,48954.784
N,1,1,2025-01-05 16:10:00.013,1,9176,0,128220.655,34651.547,105.504,95157.995,154767.888,48955.020
N,1,1,2025-01-05 16:15:00.005,1,9177,0,128220.658,34651.591,105.504,95158.247,154767.991,48955.181
N,1,1,2025-01-05 16:20:00.018,1,9178,0,128220.675,34651.616,105.504,95158.532,154768.136,48955.329
N,1,1,2025-01-05 16:25:00.001,1,9179,0,128220.687,34651.634,105.504,95158.833,154768.268,48955.503
N,1,1,2025-01-05 16:30:00.013,1,9180,0,128220.691,34651.644,105.504,95159.131,154768.414,48955.657
N,1,1,2025-01-05 16:35:00.013,1,9181,0,128220.696,34651.649,105.504,95159.435,154768.552,48955.823
N,1,1,2025-01-05 16:40:00.010,1,9182,0,128220.699,34651.657,105.504,95159.736,154768.658,48956.018
N,1,1,2025-01-05 16:45:00.021,1,9183,0,128220.798,34651.657,105.504,95160.039,154768.946,48956.063
N,1,1,2025-01-05 16:50:00.010,1,9184,0,128221.117,34651.657,105.504,95160.337,154769.386,48956.063
N,1,1,2025-01-05 16:55:00.018,1,9185,0,128221.739,34651.657,105.504,95160.635,154770.080,48956.063
N,1,1,2025-01-05 17:00:00.009,1,9186,0,128222.091,34651.657,105.504,95160.930,154770.544,48956.063
N,1,1,2025-01-05 17:05:00.006,1,9187,0,128222.318,34651.657,105.504,95161.230,154770.920,48956.063
N,1,1,2025-01-05 17:10:00.007,1,9188,0,128222.619,34651.657,105.504,95161.529,154771.346,48956.063
N,1,1,2025-01-05 17:15:00.011,1,9189,0,128222.917,34651.657,105.504,95161.827,154771.767,48956.063
N,1,1,2025-01-05 17:20:00.012,1,9190,0,128222.972,34651.657,105.504,95162.119,154772.068,48956.067
N,1,1,2025-01-05 17:25:00.005,1,9191,0,128223.011,34651.657,105.504,95162.414,154772.367,48956.067
N,1,1,2025-01-05 17:30:00.017,1,9192,0,128223.106,34651.657,105.504,95162.705,154772.674,48956.067
N,1,1,2025-01-05 17:35:00.006,1,9193,0,128223.397,34651.657,105.504,95162.989,154773.096,48956.067
N,1,1,2025-01-05 17:40:00.011,1,9194,0,128223.810,34651.657,105.504,95163.271,154773.595,48956.067
N,1,1,2025-01-05 17:45:00.003,1,9195,0,128224.220,34651.657,105.504,95163.549,154774.092,48956.067
N,1,1,2025-01-05 17:50:00.018,1,9196,0,128224.648,34651.657,105.504,95163.825,154774.601,48956.067
N,1,1,2025-01-05 17:55:00.005,1,9197,0,128225.074,34651.657,105.504,95164.106,154775.111,48956.067
N,1,1,2025-01-05 18:00:00.020,1,9198,0,128225.467,34651.657,105.504,95164.378,154775.590,48956.067
N,1,1,2025-01-05 18:05:00.007,1,9199,0,128225.728,34651.657,105.504,95164.642,154775.977,48956.067
N,1,1,2025-01-05 18:10:00.013,1,9200,0,128226.174,34651.657,105.504,95164.906,154776.495,48956.067
N,1,1,2025-01-05 18:15:00.011,1,9201,0,128226.583,34651.657,105.504,95165.173,154776.987,48956.067
N,1,1,2025-01-05 18:20:00.000,1,9202,0,128226.869,34651.657,105.504,95165.441,154777.383,48956.067
N,1,1,2025-01-05 18:25:00.014,1,9203,0,128227.193,34651.657,105.504,95165.708,154777.806,48956.067
N,1,1,2025-01-05 18:30:00.010,1,9204,0,128227.629,34651.657,105.504,95165.990,154778.328,48956.067
N,1,1,2025-01-05 18:35:00.003,1,9205,0,128228.090,34651.657,105.504,95166.290,154778.878,48956.067
N,1,1,2025-01-05 18:40:00.005,1,9206,0,128228.608,34651.657,105.504,95166.600,154779.482,48956.067
N,1,1,2025-01-05 18:45:00.013,1,9207,0,128229.094,34651.657,105.504,95166.911,154780.059,48956.067
N,1,1,2025-01-05 18:50:00.001,1,9208,0,128229.566,34651.657,105.504,95167.216,154780.621,48956.067
N,1,1,2025-01-05 18:55:00.016,1,9209,0,128229.953,34651.657,105.504,95167.501,154781.102,48956.067
N,1,1,2025-01-05 19:00:00.019,1,9210,0,128230.298,34651.657,105.504,95167.773,154781.542,48956.067
N,1,1,2025-01-05 19:05:00.015,1,9211,0,128230.612,34651.657,105.504,95168.039,154781.954,48956.067
N,1,1,2025-01-05 19:10:00.004,1,9212,0,128231.033,34651.657,105.504,95168.299,154782.448,48956.067
N,1,1,2025-01-05 19:15:00.017,1,9213,0,128231.403,34651.657,105.504,95168.558,154782.901,48956.067
N,1,1,2025-01-05 19:20:00.015,1,9214,0,128231.732,34651.657,105.504,95168.815,154783.321,48956.067
N,1,1,2025-01-05 19:25:00.010,1,9215,0,128232.044,34651.657,105.504,95169.070,154783.726,48956.067
N,1,1,2025-01-05 19:30:00.027,1,9216,0,128232.355,34651.657,105.504,95169.325,154784.129,48956.067
N,1,1,2025-01-05 19:35:00.012,1,9217,0,128232.675,34651.657,105.504,95169.596,154784.549,48956.067
N,1,1,2025-01-05 19:40:00.002,1,9218,0,128232.996,34651.657,105.504,95169.872,154784.972,48956.067
N,1,1,2025-01-05 19:45:00.023,1,9219,0,128233.409,34651.657,105.504,95170.145,154785.469,48956.067
N,1,1,2025-01-05 19:50:00.006,1,9220,0,128233.998,34651.657,105.504,95170.413,154786.119,48956.067
N,1,1,2025-01-05 19:55:00.018,1,9221,0,128234.737,34651.657,105.504,95170.689,154786.908,48956.067
N,1,1,2025-01-05 20:00:00.017,1,9222,0,128235.448,34651.657,105.504,95170.960,154787.669,48956.067
N,1,1,2025-01-05 20:05:00.016,1,9223,0,128236.002,34651.657,105.504,95171.222,154788.285,48956.067
N,1,1,2025-01-05 20:10:00.013,1,9224,0,128236.402,34651.657,105.504,95171.489,154788.766,48956.067
N,1,1,2025-01-05 20:15:00.001,1,9225,0,128236.885,34651.657,105.504,95171.772,154789.326,48956.067
N,1,1,2025-01-05 20:20:00.002,1,9226,0,128237.362,34651.657,105.504,95172.057,154789.881,48956.067
N,1,1,2025-01-05 20:25:00.012,1,9227,0,128238.057,34651.657,105.504,95172.341,154790.635,48956.067
N,1,1,2025-01-05 20:30:00.003,1,9228,0,128238.858,34651.657,105.504,95172.628,154791.486,48956.067
N,1,1,2025-01-05 20:35:00.008,1,9229,0,128239.765,34651.657,105.504,95172.901,154792.434,48956.067
N,1,1,2025-01-05 20:40:00.013,1,9230,0,128240.506,34651.657,105.504,95173.167,154793.222,48956.067
N,1,1,2025-01-05 20:45:00.019,1,9231,0,128241.162,34651.657,105.504,95173.434,154793.931,48956.067
N,1,1,2025-01-05 20:50:00.007,1,9232,0,128242.073,34651.657,105.504,95173.704,154794.881,48956.067
N,1,1,2025-01-05 20:55:00.015,1,9233,0,128242.863,34651.657,105.504,95173.967,154795.715,48956.067
N,1,1,2025-01-05 21:00:00.011,1,9234,0,128243.745,34651.657,105.504,95174.231,154796.636,48956.067
N,1,1,2025-01-05 21:05:00.011,1,9235,0,128244.505,34651.657,105.504,95174.505,154797.445,48956.067
N,1,1,2025-01-05 21:10:00.015,1,9236,0,128245.147,34651.657,105.504,95174.777,154798.144,48956.067
N,1,1,2025-01-05 21:15:00.012,1,9237,0,128245.685,34651.657,105.504,95175.052,154798.747,48956.067
N,1,1,2025-01-05 21:20:00.004,1,9238,0,128246.220,34651.657,105.504,95175.318,154799.345,48956.067
N,1,1,2025-01-05 21:25:00.018,1,9239,0,128246.765,34651.657,105.504,95175.580,154799.950,48956.067
N,1,1,2025-01-05 21:30:00.007,1,9240,0,128247.371,34651.657,105.504,95175.843,154800.612,48956.067
N,1,1,2025-01-05 21:35:00.009,1,9241,0,128248.130,34651.657,105.504,95176.104,154801.415,48956.067
N,1,1,2025-01-05 21:40:00.019,1,9242,0,128248.880,34651.657,105.504,95176.359,154802.207,48956.067
N,1,1,2025-01-05 21:45:00.019,1,9243,0,128249.686,34651.657,105.504,95176.627,154803.057,48956.067
N,1,1,2025-01-05 21:50:00.004,1,9244,0,128250.296,34651.657,105.504,95176.901,154803.727,48956.067
N,1,1,2025-01-05 21:55:00.010,1,9245,0,128251.077,34651.657,105.504,95177.169,154804.555,48956.067
N,1,1,2025-01-05 22:00:00.019,1,9246,0,128252.088,34651.657,105.504,95177.434,154805.601,48956.067
N,1,1,2025-01-05 22:05:00.010,1,9247,0,128252.888,34651.657,105.504,95177.691,154806.443,48956.067
N,1,1,2025-01-05 22:10:00.003,1,9248,0,128253.478,34651.657,105.504,95177.942,154807.085,48956.067
N,1,1,2025-01-05 22:15:00.003,1,9249,0,128254.074,34651.657,105.504,95178.184,154807.730,48956.067
N,1,1,2025-01-05 22:20:00.013,1,9250,0,128254.600,34651.657,105.504,95178.416,154808.309,48956.067
N,1,1,2025-01-05 22:25:00.009,1,9251,0,128254.870,34651.657,105.504,95178.655,154808.669,48956.067
N,1,1,2025-01-05 22:30:00.018,1,9252,0,128255.102,34651.657,105.504,95178.890,154809.000,48956.067
N,1,1,2025-01-05 22:35:00.004,1,9253,0,128255.333,34651.657,105.504,95179.119,154809.325,48956.067
N,1,1,2025-01-05 22:40:00.016,1,9254,0,128255.575,34651.657,105.504,95179.339,154809.652,48956.067
N,1,1,2025-01-05 22:45:00.013,1,9255,0,128256.010,34651.657,105.504,95179.565,154810.147,48956.067
N,1,1,2025-01-05 22:50:00.008,1,9256,0,128256.386,34651.657,105.504,95179.797,154810.596,48956.067
N,1,1,2025-01-05 22:55:00.005,1,9257,0,128256.660,34651.657,105.504,95180.027,154810.955,48956.067
N,1,1,2025-01-05 23:00:00.012,1,9258,0,128256.959,34651.657,105.504,95180.258,154811.333,48956.067
N,1,1,2025-01-05 23:05:00.016,1,9259,0,128257.264,34651.657,105.504,95180.500,154811.722,48956.067
N,1,1,2025-01-05 23:10:00.014,1,9260,0,128257.678,34651.657,105.504,95180.747,154812.206,48956.067
N,1,1,2025-01-05 23:15:00.012,1,9261,0,128258.029,34651.657,105.504,95180.993,154812.636,48956.067
N,1,1,2025-01-05 23:20:00.004,1,9262,0,128258.388,34651.657,105.504,95181.225,154813.064,48956.067
N,1,1,2025-01-05 23:25:00.014,1,9263,0,128258.831,34651.657,105.504,95181.459,154813.565,48956.067
N,1,1,2025-01-05 23:30:00.016,1,9264,0,128259.279,34651.657,105.504,95181.696,154814.073,48956.067
N,1,1,2025-01-05 23:35:00.004,1,9265,0,128259.754,34651.657,105.504,95181.935,154814.605,48956.067
N,1,1,2025-01-05 23:40:00.007,1,9266,0,128260.231,34651.657,105.504,95182.172,154815.137,48956.067
N,1,1,2025-01-05 23:45:00.000,1,9267,0,128260.612,34651.657,105.504,95182.396,154815.580,48956.067
N,1,1,2025-01-05 23:50:00.001,1,9268,0,128261.002,34651.657,105.504,95182.619,154816.029,48956.067
N,1,1,2025-01-05 23:55:00.010,1,9269,0,128261.385,34651.657,105.504,95182.846,154816.475,48956.067
N,1,1,2025-01-06 00:00:00.003,1,9270,0,128261.765,34651.657,105.504,95183.065,154816.914,48956.067
N,1,1,2025-01-06 00:05:00.008,1,9271,0,128262.112,34651.657,105.504,95183.280,154817.323,48956.067
N,1,1,2025-01-06 00:10:00.014,1,9272,0,128262.571,34651.657,105.504,95183.494,154817.833,48956.067
N,1,1,2025-01-06 00:15:00.037,1,9273,0,128263.063,34651.657,105.504,95183.699,154818.369,48956.067
N,1,1,2025-01-06 00:20:00.003,1,9274,0,128263.368,34651.657,105.504,95183.907,154818.739,48956.067
N,1,1,2025-01-06 00:25:00.002,1,9275,0,128263.671,34651.657,105.504,95184.110,154819.106,48956.067
N,1,1,2025-01-06 00:30:00.022,1,9276,0,128263.955,34651.657,105.504,95184.319,154819.459,48956.067
N,1,1,2025-01-06 00:35:00.014,1,9277,0,128264.378,34651.657,105.504,95184.531,154819.935,48956.067
N,1,1,2025-01-06 00:40:00.013,1,9278,0,128264.840,34651.657,105.504,95184.732,154820.439,48956.067
N,1,1,2025-01-06 00:45:00.028,1,9279,0,128265.296,34651.657,105.504,95184.936,154820.939,48956.067
N,1,1,2025-01-06 00:50:00.010,1,9280,0,128265.627,34651.657,105.504,95185.141,154821.336,48956.067
N,1,1,2025-01-06 00:55:00.015,1,9281,0,128265.802,34651.657,105.504,95185.348,154821.607,48956.067
N,1,1,2025-01-06 01:00:00.017,1,9282,0,128266.213,34651.657,105.504,95185.562,154822.078,48956.067
N,1,1,2025-01-06 01:05:00.003,1,9283,0,128266.660,34651.657,105.504,95185.776,154822.577,48956.067
N,1,1,2025-01-06 01:10:00.018,1,9284,0,128266.857,34651.657,105.504,95185.986,154822.865,48956.067
N,1,1,2025-01-06 01:15:00.010,1,9285,0,128267.069,34651.657,105.504,95186.192,154823.161,48956.067
N,1,1,2025-01-06 01:20:00.009,1,9286,0,128267.470,34651.657,105.504,95186.397,154823.615,48956.067
N,1,1,2025-01-06 01:25:00.000,1,9287,0,128267.946,34651.657,105.504,95186.611,154824.138,48956.067
N,1,1,2025-01-06 01:30:00.018,1,9288,0,128268.301,34651.657,105.504,95186.829,154824.555,48956.067
N,1,1,2025-01-06 01:35:00.020,1,9289,0,128268.623,34651.657,105.504,95187.047,154824.945,48956.067
N,1,1,2025-01-06 01:40:00.002,1,9290,0,128268.976,34651.657,105.504,95187.274,154825.369,48956.067
N,1,1,2025-01-06 01:45:00.020,1,9291,0,128269.529,34651.657,105.504,95187.501,154825.967,48956.067
N,1,1,2025-01-06 01:50:00.001,1,9292,0,128269.997,34651.657,105.504,95187.727,154826.490,48956.067
N,1,1,2025-01-06 01:55:00.001,1,9293,0,128270.241,34651.657,105.504,95187.947,154826.821,48956.067
N,1,1,2025-01-06 02:00:00.018,1,9294,0,128270.502,34651.657,105.504,95188.165,154827.164,48956.067
N,1,1,2025-01-06 02:05:00.006,1,9295,0,128270.741,34651.657,105.504,95188.379,154827.487,48956.067
N,1,1,2025-01-06 02:10:00.015,1,9296,0,128270.990,34651.657,105.504,95188.590,154827.816,48956.067
N,1,1,2025-01-06 02:15:00.015,1,9297,0,128271.213,34651.657,105.504,95188.803,154828.127,48956.067
N,1,1,2025-01-06 02:20:00.006,1,9298,0,128271.402,34651.657,105.504,95189.027,154828.419,48956.067
N,1,1,2025-01-06 02:25:00.003,1,9299,0,128271.588,34651.657,105.504,95189.247,154828.708,48956.067
N,1,1,2025-01-06 02:30:00.013,1,9300,0,128271.777,34651.657,105.504,95189.464,154828.996,48956.067
N,1,1,2025-01-06 02:35:00.017,1,9301,0,128271.969,34651.657,105.504,95189.678,154829.283,48956.067
N,1,1,2025-01-06 02:40:00.012,1,9302,0,128272.152,34651.657,105.504,95189.885,154829.560,48956.067
N,1,1,2025-01-06 02:45:00.003,1,9303,0,128272.338,34651.657,105.504,95190.093,154829.840,48956.067
N,1,1,2025-01-06 02:50:00.019,1,9304,0,128272.527,34651.657,105.504,95190.301,154830.120,48956.067
N,1,1,2025-01-06 02:55:00.016,1,9305,0,128272.746,34651.657,105.504,95190.514,154830.425,48956.067
N,1,1,2025-01-06 03:00:00.005,1,9306,0,128272.955,34651.657,105.504,95190.733,154830.729,48956.067
N,1,1,2025-01-06 03:05:00.008,1,9307,0,128273.141,34651.657,105.504,95190.955,154831.018,48956.067
N,1,1,2025-01-06 03:10:00.006,1,9308,0,128273.314,34651.657,105.504,95191.170,154831.294,48956.067
N,1,1,2025-01-06 03:15:00.013,1,9309,0,128273.503,34651.657,105.504,95191.382,154831.579,48956.067
N,1,1,2025-01-06 03:20:00.014,1,9310,0,128273.686,34651.657,105.504,95191.589,154831.855,48956.067
N,1,1,2025-01-06 03:25:00.001,1,9311,0,128273.844,34651.657,105.504,95191.807,154832.124,48956.067
N,1,1,2025-01-06 03:30:00.023,1,9312,0,128273.997,34651.657,105.504,95192.025,154832.390,48956.067
N,1,1,2025-01-06 03:35:00.002,1,9313,0,128274.156,34651.657,105.504,95192.244,154832.661,48956.067
N,1,1,2025-01-06 03:40:00.011,1,9314,0,128274.300,34651.657,105.504,95192.469,154832.928,48956.067
N,1,1,2025-01-06 03:45:00.016,1,9315,0,128274.449,34651.657,105.504,95192.695,154833.199,48956.067
N,1,1,2025-01-06 03:50:00.005,1,9316,0,128274.583,34651.657,105.504,95192.923,154833.463,48956.067
N,1,1,2025-01-06 03:55:00.009,1,9317,0,128274.735,34651.657,105.504,95193.148,154833.735,48956.067
N,1,1,2025-01-06 04:00:00.013,1,9318,0,128275.080,34651.657,105.504,95193.373,154834.155,48956.067
N,1,1,2025-01-06 04:05:00.015,1,9319,0,128275.499,34651.657,105.504,95193.599,154834.633,48956.067
N,1,1,2025-01-06 04:10:00.010,1,9320,0,128275.791,34651.657,105.504,95193.819,154835.011,48956.067
N,1,1,2025-01-06 04:15:00.006,1,9321,0,128276.265,34651.657,105.504,95194.043,154835.534,48956.067
N,1,1,2025-01-06 04:20:00.019,1,9322,0,128276.736,34651.657,105.504,95194.272,154836.059,48956.067
N,1,1,2025-01-06 04:25:00.002,1,9323,0,128277.226,34651.657,105.504,95194.504,154836.602,48956.067
N,1,1,2025-01-06 04:30:00.015,1,9324,0,128277.514,34651.657,105.504,95194.736,154836.975,48956.067
N,1,1,2025-01-06 04:35:00.011,1,9325,0,128277.794,34651.657,105.504,95194.957,154837.335,48956.067
N,1,1,2025-01-06 04:40:00.008,1,9326,0,128277.948,34651.657,105.504,95195.173,154837.601,48956.067
N,1,1,2025-01-06 04:45:00.003,1,9327,0,128278.097,34651.657,105.504,95195.388,154837.863,48956.067
N,1,1,2025-01-06 04:50:00.009,1,9328,0,128278.279,34651.657,105.504,95195.597,154838.141,48956.067
N,1,1,2025-01-06 04:55:00.004,1,9329,0,128278.745,34651.657,105.504,95195.813,154838.655,48956.067
N,1,1,2025-01-06 05:00:00.006,1,9330,0,128279.000,34651.657,105.504,95196.036,154839.005,48956.067
N,1,1,2025-01-06 05:05:00.001,1,9331,0,128279.157,34651.657,105.504,95196.262,154839.280,48956.067
N,1,1,2025-01-06 05:10:00.014,1,9332,0,128279.337,34651.657,105.504,95196.494,154839.574,48956.067
N,1,1,2025-01-06 05:15:00.018,1,9333,0,128279.525,34651.657,105.504,95196.723,154839.870,48956.067
N,1,1,2025-01-06 05:20:00.000,1,9334,0,128279.720,34651.657,105.504,95196.944,154840.165,48956.067
N,1,1,2025-01-06 05:25:00.012,1,9335,0,128279.950,34651.657,105.504,95197.154,154840.477,48956.067
N,1,1,2025-01-06 05:30:00.024,1,9336,0,128280.159,34651.657,105.504,95197.364,154840.773,48956.067
N,1,1,2025-01-06 05:35:00.004,1,9337,0,128280.362,34651.657,105.504,95197.578,154841.069,48956.067
N,1,1,2025-01-06 05:40:00.018,1,9338,0,128280.540,34651.657,105.504,95197.797,154841.351,48956.067
N,1,1,2025-01-06 05:45:00.018,1,9339,0,128280.682,34651.657,105.504,95198.014,154841.611,48956.067
N,1,1,2025-01-06 05:50:00.020,1,9340,0,128280.822,34651.657,105.504,95198.233,154841.870,48956.067
N,1,1,2025-01-06 05:55:00.005,1,9341,0,128280.962,34651.657,105.504,95198.442,154842.123,48956.067
N,1,1,2025-01-06 06:00:00.006,1,9342,0,128281.147,34651.657,105.504,95198.651,154842.404,48956.067
N,1,1,2025-01-06 06:05:00.015,1,9343,0,128281.332,34651.657,105.506,95198.866,154842.689,48956.067
N,1,1,2025-01-06 06:10:00.018,1,9344,0,128281.485,34651.657,105.506,95199.086,154842.958,48956.067
N,1,1,2025-01-06 06:15:00.013,1,9345,0,128281.609,34651.657,105.506,95199.313,154843.217,48956.067
N,1,1,2025-01-06 06:20:00.017,1,9346,0,128281.712,34651.657,105.506,95199.542,154843.468,48956.067
N,1,1,2025-01-06 06:25:00.016,1,9347,0,128281.785,34651.657,105.506,95199.767,154843.705,48956.067
N,1,1,2025-01-06 06:30:00.024,1,9348,0,128281.859,34651.657,105.506,95199.984,154843.945,48956.067
N,1,1,2025-01-06 06:35:00.019,1,9349,0,128282.022,34651.657,105.506,95200.188,154844.212,48956.067
N,1,1,2025-01-06 06:40:00.010,1,9350,0,128282.030,34651.672,105.506,95200.387,154844.245,48956.235
N,1,1,2025-01-06 06:45:00.011,1,9351,0,128282.032,34651.674,105.506,95200.576,154844.315,48956.354
N,1,1,2025-01-06 06:50:00.018,1,9352,0,128282.035,34651.678,105.506,95200.762,154844.367,48956.489
N,1,1,2025-01-06 06:55:00.002,1,9353,0,128282.235,34651.678,105.506,95200.958,154844.651,48956.489
N,1,1,2025-01-06 07:00:00.013,1,9354,0,128282.439,34651.678,105.506,95201.162,154844.946,48956.489
N,1,1,2025-01-06 07:05:00.005,1,9355,0,128282.552,34651.678,105.506,95201.368,154845.181,48956.489
N,1,1,2025-01-06 07:10:00.001,1,9356,0,128282.679,34651.678,105.506,95201.573,154845.431,48956.489
N,1,1,2025-01-06 07:15:00.017,1,9357,0,128283.215,34651.678,105.506,95201.781,154846.008,48956.489
N,1,1,2025-01-06 07:20:00.002,1,9358,0,128283.566,34651.678,105.506,95201.972,154846.409,48956.489
N,1,1,2025-01-06 07:25:00.013,1,9359,0,128283.637,34651.684,105.506,95202.167,154846.629,48956.497
N,1,1,2025-01-06 07:30:00.000,1,9360,0,128283.645,34651.762,105.506,95202.370,154846.711,48956.648
N,1,1,2025-01-06 07:35:00.018,1,9361,0,128283.657,34651.775,105.506,95202.573,154846.773,48956.795
N,1,1,2025-01-06 07:40:00.013,1,9362,0,128283.665,34651.827,105.506,95202.783,154846.875,48956.926
N,1,1,2025-01-06 07:45:00.009,1,9363,0,128283.684,34651.890,105.506,95202.986,154846.963,48957.069
N,1,1,2025-01-06 07:50:00.009,1,9364,0,128283.686,34651.892,105.506,95203.175,154847.025,48957.195
N,1,1,2025-01-06 07:55:00.010,1,9365,0,128283.701,34651.909,105.506,95203.367,154847.126,48957.292
N,1,1,2025-01-06 08:00:00.029,1,9366,0,128283.724,34651.933,105.506,95203.561,154847.208,48957.415
N,1,1,2025-01-06 08:05:00.016,1,9367,0,128283.726,34651.971,105.506,95203.760,154847.256,48957.584
N,1,1,2025-01-06 08:10:00.012,1,9368,0,128283.727,34652.180,105.506,95203.955,154847.270,48957.878
N,1,1,2025-01-06 08:15:00.000,1,9369,0,128283.731,34652.186,105.506,95204.161,154847.362,48957.992
N,1,1,2025-01-06 08:20:00.018,1,9370,0,128283.731,34652.199,105.506,95204.367,154847.404,48958.157
N,1,1,2025-01-06 08:25:00.002,1,9371,0,128283.732,34652.306,105.506,95204.568,154847.405,48958.385
N,1,1,2025-01-06 08:30:00.015,1,9372,0,128283.732,34652.456,105.506,95204.766,154847.405,48958.634
N,1,1,2025-01-06 08:35:00.005,1,9373,0,128283.732,34652.575,105.506,95204.962,154847.419,48958.860
N,1,1,2025-01-06 08:40:00.017,1,9374,0,128283.732,34652.773,105.506,95205.157,154847.419,48959.140
N,1,1,2025-01-06 08:45:00.005,1,9375,0,128283.733,34653.024,105.506,95205.348,154847.419,48959.457
N,1,1,2025-01-06 08:50:00.003,1,9376,0,128283.733,34653.304,105.506,95205.542,154847.419,48959.797
N,1,1,2025-01-06 08:55:00.016,1,9377,0,128283.733,34653.589,105.506,95205.737,154847.422,48960.142
N,1,1,2025-01-06 09:00:00.011,1,9378,0,128283.733,34653.879,105.506,95205.937,154847.422,48960.496
N,1,1,2025-01-06 09:05:00.010,1,9379,0,128283.733,34654.166,105.506,95206.133,154847.422,48960.844
N,1,1,2025-01-06 09:10:00.014,1,9380,0,128283.733,34654.470,105.506,95206.327,154847.422,48961.205
N,1,1,2025-01-06 09:15:00.010,1,9381,0,128283.733,34654.813,105.506,95206.518,154847.422,48961.597
N,1,1,2025-01-06 09:20:00.006,1,9382,0,128283.733,34655.161,105.506,95206.717,154847.422,48961.999
N,1,1,2025-01-06 09:25:00.008,1,9383,0,128283.733,34655.403,105.506,95206.921,154847.423,48962.321
N,1,1,2025-01-06 09:30:00.019,1,9384,0,128283.733,34655.767,105.506,95207.123,154847.423,48962.739
N,1,1,2025-01-06 09:35:00.009,1,9385,0,128283.733,34656.161,105.506,95207.324,154847.423,48963.181
N,1,1,2025-01-06 09:40:00.017,1,9386,0,128283.733,34656.550,105.506,95207.533,154847.423,48963.622
N,1,1,2025-01-06 09:45:00.016,1,9387,0,128283.734,34656.750,105.506,95207.745,154847.425,48963.926
N,1,1,2025-01-06 09:50:00.011,1,9388,0,128283.734,34656.883,105.506,95207.957,154847.425,48964.176
N,1,1,2025-01-06 09:55:00.000,1,9389,0,128283.734,34657.035,105.506,95208.168,154847.425,48964.436
N,1,1,2025-01-06 10:00:00.016,1,9390,0,128283.737,34657.169,105.506,95208.384,154847.432,48964.686
N,1,1,2025-01-06 10:05:00.015,1,9391,0,128283.737,34657.230,105.506,95208.613,154847.432,48964.925
N,1,1,2025-01-06 10:10:00.006,1,9392,0,128283.738,34657.402,105.506,95208.849,154847.435,48965.237
N,1,1,2025-01-06 10:15:00.010,1,9393,0,128283.738,34657.726,105.506,95209.081,154847.435,48965.640
N,1,1,2025-01-06 10:20:00.006,1,9394,0,128283.740,34657.826,105.506,95209.318,154847.437,48965.895
N,1,1,2025-01-06 10:25:00.015,1,9395,0,128283.740,34658.187,105.506,95209.540,154847.437,48966.324
N,1,1,2025-01-06 10:30:00.001,1,9396,0,128283.740,34658.589,105.506,95209.760,154847.437,48966.784
N,1,1,2025-01-06 10:35:00.008,1,9397,0,128283.740,34658.995,105.506,95209.986,154847.437,48967.248
N,1,1,2025-01-06 10:40:00.018,1,9398,0,128283.740,34659.407,105.506,95210.211,154847.438,48967.718
N,1,1,2025-01-06 10:45:00.010,1,9399,0,128283.740,34659.550,105.506,95210.446,154847.438,48967.994
N,1,1,2025-01-06 10:50:00.018,1,9400,0,128283.740,34659.836,105.506,95210.681,154847.439,48968.376
N,1,1,2025-01-06 10:55:00.007,1,9401,0,128283.740,34660.287,105.506,95210.908,154847.439,48968.881
N,1,1,2025-01-06 11:00:00.011,1,9402,0,128283.740,34660.748,105.506,95211.130,154847.439,48969.393
N,1,1,2025-01-06 11:05:00.018,1,9403,0,128283.740,34661.206,105.506,95211.347,154847.439,48969.901
N,1,1,2025-01-06 11:10:00.003,1,9404,0,128283.740,34661.542,105.506,95211.577,154847.439,48970.317
N,1,1,2025-01-06 11:15:00.011,1,9405,0,128283.740,34661.731,105.506,95211.809,154847.439,48970.616
N,1,1,2025-01-06 11:20:00.000,1,9406,0,128283.741,34661.909,105.506,95212.044,154847.441,48970.911
N,1,1,2025-01-06 11:25:00.001,1,9407,0,128283.741,34662.222,105.506,95212.283,154847.441,48971.314
N,1,1,2025-01-06 11:30:00.014,1,9408,0,128283.741,34662.697,105.506,95212.521,154847.441,48971.845
N,1,1,2025-01-06 11:35:00.012,1,9409,0,128283.741,34663.172,105.506,95212.756,154847.441,48972.376
N,1,1,2025-01-06 11:40:00.009,1,9410,0,128283.741,34663.638,105.506,95212.994,154847.441,48972.898
N,1,1,2025-01-06 11:45:00.016,1,9411,0,128283.742,34663.769,105.506,95213.225,154847.466,48973.161
N,1,1,2025-01-06 11:50:00.002,1,9412,0,128283.742,34664.097,105.506,95213.456,154847.466,48973.572
N,1,1,2025-01-06 11:55:00.012,1,9413,0,128283.742,34664.541,105.506,95213.690,154847.466,48974.074
N,1,1,2025-01-06 12:00:00.016,1,9414,0,128283.742,34664.981,105.506,95213.919,154847.466,48974.572
N,1,1,2025-01-06 12:05:00.014,1,9415,0,128283.742,34665.194,105.506,95214.169,154847.467,48974.924
N,1,1,2025-01-06 12:10:00.015,1,9416,0,128283.744,34665.254,105.506,95214.428,154847.470,48975.189
N,1,1,2025-01-06 12:15:00.001,1,9417,0,128283.744,34665.520,105.506,95214.687,154847.470,48975.566
N,1,1,2025-01-06 12:20:00.009,1,9418,0,128283.744,34665.827,105.506,95214.954,154847.470,48975.974
N,1,1,2025-01-06 12:25:00.001,1,9419,0,128283.744,34666.145,105.506,95215.214,154847.470,48976.385
N,1,1,2025-01-06 12:30:00.002,1,9420,0,128283.744,34666.446,105.506,95215.469,154847.470,48976.781
N,1,1,2025-01-06 12:35:00.010,1,9421,0,128283.744,34666.695,105.506,95215.726,154847.471,48977.139
N,1,1,2025-01-06 12:40:00.009,1,9422,0,128283.744,34666.908,105.506,95215.985,154847.471,48977.476
N,1,1,2025-01-06 12:45:00.014,1,9423,0,128283.744,34667.141,105.506,95216.251,154847.474,48977.835
N,1,1,2025-01-06 12:50:00.010,1,9424,0,128283.744,34667.544,105.506,95216.523,154847.474,48978.321
N,1,1,2025-01-06 12:55:00.004,1,9425,0,128283.751,34667.757,105.506,95216.792,154847.534,48978.638
N,1,1,2025-01-06 13:00:00.002,1,9426,0,128283.773,34667.778,105.506,95217.059,154847.691,48978.755
N,1,1,2025-01-06 13:05:00.002,1,9427,0,128283.789,34667.847,105.506,95217.308,154847.788,48978.927
N,1,1,2025-01-06 13:10:00.005,1,9428,0,128283.806,34667.870,105.506,95217.562,154847.894,48979.081
N,1,1,2025-01-06 13:15:00.003,1,9429,0,128283.826,34667.891,105.506,95217.814,154848.047,48979.186
N,1,1,2025-01-06 13:20:00.016,1,9430,0,128283.831,34668.048,105.506,95218.071,154848.063,48979.479
N,1,1,2025-01-06 13:25:00.001,1,9431,0,128283.832,34668.213,105.506,95218.331,154848.064,48979.787
N,1,1,2025-01-06 13:30:00.007,1,9432,0,128283.845,34668.366,105.506,95218.591,154848.107,48980.055
N,1,1,2025-01-06 13:35:00.017,1,9433,0,128283.854,34668.391,105.506,95218.846,154848.218,48980.204
N,1,1,2025-01-06 13:40:00.018,1,9434,0,128283.859,34668.553,105.506,95219.103,154848.242,48980.492
N,1,1,2025-01-06 13:45:00.010,1,9435,0,128283.859,34668.728,105.506,95219.353,154848.242,48980.797
N,1,1,2025-01-06 13:50:00.009,1,9436,0,128283.861,34668.899,105.506,95219.602,154848.249,48981.096
N,1,1,2025-01-06 13:55:00.008,1,9437,0,128283.861,34669.056,105.506,95219.846,154848.249,48981.387
N,1,1,2025-01-06 14:00:00.016,1,9438,0,128283.861,34669.189,105.506,95220.102,154848.249,48981.676
N,1,1,2025-01-06 14:05:00.014,1,9439,0,128283.866,34669.235,105.506,95220.381,154848.304,48981.909
N,1,1,2025-01-06 14:10:00.018,1,9440,0,128283.875,34669.253,105.506,95220.661,154848.384,48982.111
N,1,1,2025-01-06 14:15:00.008,1,9441,0,128283.890,34669.261,105.506,95220.939,154848.533,48982.242
N,1,1,2025-01-06 14:20:00.009,1,9442,0,128283.899,34669.287,105.506,95221.215,154848.633,48982.421
N,1,1,2025-01-06 14:25:00.010,1,9443,0,128283.912,34669.306,105.506,95221.484,154848.753,48982.575
N,1,1,2025-01-06 14:30:00.034,1,9444,0,128283.920,34669.345,105.506,95221.752,154848.815,48982.787
N,1,1,2025-01-06 14:35:00.017,1,9445,0,128283.928,34669.376,105.506,95222.015,154848.892,48982.977
N,1,1,2025-01-06 14:40:00.011,1,9446,0,128283.935,34669.413,105.506,95222.280,154848.937,48983.202
N,1,1,2025-01-06 14:45:00.021,1,9447,0,128283.940,34669.449,105.506,95222.545,154848.993,48983.417
N,1,1,2025-01-06 14:50:00.001,1,9448,0,128283.946,34669.481,105.506,95222.822,154849.074,48983.616
N,1,1,2025-01-06 14:55:00.015,1,9449,0,128283.954,34669.502,105.506,95223.101,154849.202,48983.769
N,1,1,2025-01-06 15:00:00.021,1,9450,0,128283.961,34669.529,105.506,95223.384,154849.300,48983.959
N,1,1,2025-01-06 15:05:00.005,1,9451,0,128283.965,34669.550,105.506,95223.668,154849.354,48984.190
N,1,1,2025-01-06 15:10:00.006,1,9452,0,128283.974,34669.560,105.506,95223.955,154849.454,48984.379
N,1,1,2025-01-06 15:15:00.024,1,9453,0,128283.983,34669.566,105.506,95224.238,154849.608,48984.508
N,1,1,2025-01-06 15:20:00.002,1,9454,0,128283.994,34669.575,105.506,95224.510,154849.734,48984.656
N,1,1,2025-01-06 15:25:00.006,1,9455,0,128284.003,34669.588,105.506,95224.775,154849.815,48984.842
N,1,1,2025-01-06 15:30:00.008,1,9456,0,128284.017,34669.601,105.509,95225.038,154849.915,48985.012
N,1,1,2025-01-06 15:35:00.007,1,9457,0,128284.043,34669.630,105.522,95225.272,154849.995,48985.193
N,1,1,2025-01-06 15:40:00.019,1,9458,0,128284.053,34669.647,105.522,95225.554,154850.094,48985.378
N,1,1,2025-01-06 15:45:00.019,1,9459,0,128284.065,34669.661,105.522,95225.829,154850.174,48985.575
N,1,1,2025-01-06 15:50:00.017,1,9460,0,128284.076,34669.674,105.522,95226.103,154850.258,48985.767
N,1,1,2025-01-06 15:55:00.003,1,9461,0,128284.247,34669.678,105.522,95226.383,154850.568,48985.792
N,1,1,2025-01-06 16:00:00.017,1,9462,0,128284.339,34669.697,105.522,95226.661,154850.755,48985.914
N,1,1,2025-01-06 16:05:00.010,1,9463,0,128284.442,34669.704,105.522,95226.940,154850.963,48986.020
N,1,1,2025-01-06 16:10:00.013,1,9464,0,128284.613,34669.704,105.522,95227.230,154851.301,48986.020
N,1,1,2025-01-06 16:15:00.017,1,9465,0,128284.746,34669.722,105.522,95227.526,154851.537,48986.123
N,1,1,2025-01-06 16:20:00.002,1,9466,0,128284.764,34669.729,105.522,95227.821,154851.715,48986.243
N,1,1,2025-01-06 16:25:00.002,1,9467,0,128284.812,34669.729,105.522,95228.114,154852.013,48986.243
N,1,1,2025-01-06 16:30:00.016,1,9468,0,128284.848,34669.730,105.522,95228.405,154852.292,48986.259
N,1,1,2025-01-06 16:35:00.004,1,9469,0,128285.143,34669.730,105.522,95228.695,154852.719,48986.259
N,1,1,2025-01-06 16:40:00.000,1,9470,0,128285.371,34669.730,105.522,95228.987,154853.108,48986.259
N,1,1,2025-01-06 16:45:00.023,1,9471,0,128285.468,34669.730,105.522,95229.277,154853.415,48986.259
N,1,1,2025-01-06 16:50:00.006,1,9472,0,128285.599,34669.730,105.522,95229.575,154853.742,48986.259
N,1,1,2025-01-06 16:55:00.007,1,9473,0,128285.781,34669.730,105.522,95229.870,154854.091,48986.259
N,1,1,2025-01-06 17:00:00.002,1,9474,0,128285.979,34669.730,105.522,95230.167,154854.448,48986.259
N,1,1,2025-01-06 17:05:00.012,1,9475,0,128286.200,34669.730,105.522,95230.457,154854.815,48986.259
N,1,1,2025-01-06 17:10:00.000,1,9476,0,128286.429,34669.730,105.522,95230.748,154855.186,48986.259
N,1,1,2025-01-06 17:15:00.004,1,9477,0,128286.707,34669.730,105.522,95231.043,154855.592,48986.259
N,1,1,2025-01-06 17:20:00.011,1,9478,0,128287.127,34669.730,105.522,95231.348,154856.111,48986.259
N,1,1,2025-01-06 17:25:00.000,1,9479,0,128287.574,34669.730,105.522,95231.650,154856.651,48986.259
N,1,1,2025-01-06 17:30:00.010,1,9480,0,128288.028,34669.730,105.522,95231.963,154857.202,48986.259
N,1,1,2025-01-06 17:35:00.013,1,9481,0,128288.951,34669.730,105.522,95232.282,154858.181,48986.259
N,1,1,2025-01-06 17:40:00.007,1,9482,0,128289.895,34669.730,105.522,95232.596,154859.177,48986.259
N,1,1,2025-01-06 17:45:00.008,1,9483,0,128290.591,34669.730,105.522,95232.902,154859.940,48986.259
N,1,1,2025-01-06 17:50:00.006,1,9484,0,128291.753,34669.730,105.522,95233.202,154861.141,48986.259
N,1,1,2025-01-06 17:55:00.011,1,9485,0,128292.793,34669.730,105.522,95233.487,154862.221,48986.259
N,1,1,2025-01-06 18:00:00.022,1,9486,0,128293.825,34669.730,105.522,95233.760,154863.289,48986.259
N,1,1,2025-01-06 18:05:00.005,1,9487,0,128294.919,34669.730,105.522,95234.055,154864.423,48986.259
N,1,1,2025-01-06 18:10:00.000,1,9488,0,128295.708,34669.730,105.522,95234.360,154865.270,48986.259
N,1,1,2025-01-06 18:15:00.004,1,9489,0,128296.633,34669.730,105.522,95234.687,154866.252,48986.259
N,1,1,2025-01-06 18:20:00.009,1,9490,0,128297.595,34669.730,105.522,95235.014,154867.267,48986.259
N,1,1,2025-01-06 18:25:00.003,1,9491,0,128298.734,34669.730,105.522,95235.358,154868.458,48986.259
N,1,1,2025-01-06 18:30:00.020,1,9492,0,128299.960,34669.730,105.522,95235.699,154869.731,48986.259
N,1,1,2025-01-06 18:35:00.018,1,9493,0,128301.421,34669.730,105.522,95236.042,154871.232,48986.259
N,1,1,2025-01-06 18:40:00.011,1,9494,0,128302.834,34669.730,105.522,95236.392,154872.688,48986.259
N,1,1,2025-01-06 18:45:00.012,1,9495,0,128303.979,34669.730,105.522,95236.753,154873.890,48986.259
N,1,1,2025-01-06 18:50:00.006,1,9496,0,128305.447,34669.730,105.522,95237.132,154875.406,48986.259
N,1,1,2025-01-06 18:55:00.016,1,9497,0,128306.565,34669.730,105.522,95237.487,154876.580,48986.259
N,1,1,2025-01-06 19:00:00.016,1,9498,0,128307.701,34669.730,105.522,95237.842,154877.770,48986.259
N,1,1,2025-01-06 19:05:00.002,1,9499,0,128309.014,34669.730,105.522,95238.195,154879.130,48986.259
N,1,1,2025-01-06 19:10:00.017,1,9500,0,128310.177,34669.730,105.522,95238.535,154880.342,48986.259
N,1,1,2025-01-06 19:15:00.002,1,9501,0,128311.099,34669.730,105.522,95238.870,154881.324,48986.259
N,1,1,2025-01-06 19:20:00.015,1,9502,0,128311.890,34669.730,105.522,95239.195,154882.180,48986.259
N,1,1,2025-01-06 19:25:00.009,1,9503,0,128312.750,34669.730,105.522,95239.524,154883.100,48986.259
N,1,1,2025-01-06 19:30:00.010,1,9504,0,128313.590,34669.730,105.522,95239.852,154884.002,48986.259
N,1,1,2025-01-06 19:35:00.009,1,9505,0,128314.413,34669.730,105.522,95240.186,154884.890,48986.259
N,1,1,2025-01-06 19:40:00.000,1,9506,0,128315.197,34669.730,105.522,95240.526,154885.746,48986.259
N,1,1,2025-01-06 19:45:00.017,1,9507,0,128316.070,34669.730,105.522,95240.875,154886.686,48986.259
N,1,1,2025-01-06 19:50:00.017,1,9508,0,128317.191,34669.730,105.522,95241.225,154887.862,48986.259
N,1,1,2025-01-06 19:55:00.001,1,9509,0,128318.026,34669.730,105.522,95241.566,154888.764,48986.259
N,1,1,2025-01-06 20:00:00.018,1,9510,0,128318.778,34669.730,105.522,95241.893,154889.585,48986.259
N,1,1,2025-01-06 20:05:00.008,1,9511,0,128319.586,34669.730,105.522,95242.223,154890.458,48986.259
N,1,1,2025-01-06 20:10:00.002,1,9512,0,128320.415,34669.730,105.522,95242.541,154891.346,48986.259
N,1,1,2025-01-06 20:15:00.001,1,9513,0,128321.363,34669.730,105.522,95242.862,154892.348,48986.259
N,1,1,2025-01-06 20:20:00.006,1,9514,0,128322.284,34669.730,105.522,95243.185,154893.325,48986.259
N,1,1,2025-01-06 20:25:00.002,1,9515,0,128323.137,34669.730,105.522,95243.505,154894.236,48986.259
N,1,1,2025-01-06 20:30:00.000,1,9516,0,128324.110,34669.730,105.522,95243.822,154895.260,48986.259
N,1,1,2025-01-06 20:35:00.003,1,9517,0,128325.455,34669.730,105.522,95244.142,154896.642,48986.259
N,1,1,2025-01-06 20:40:00.002,1,9518,0,128326.896,34669.730,105.522,95244.461,154898.118,48986.259
N,1,1,2025-01-06 20:45:00.012,1,9519,0,128328.105,34669.730,105.522,95244.781,154899.370,48986.259
N,1,1,2025-01-06 20:50:00.000,1,9520,0,128329.174,34669.730,105.522,95245.098,154900.486,48986.259
N,1,1,2025-01-06 20:55:00.011,1,9521,0,128330.080,34669.730,105.522,95245.411,154901.444,48986.259
N,1,1,2025-01-06 21:00:00.008,1,9522,0,128330.968,34669.730,105.522,95245.724,154902.386,48986.259
N,1,1,2025-01-06 21:05:00.008,1,9523,0,128331.792,34669.730,105.522,95246.028,154903.266,48986.259
N,1,1,2025-01-06 21:10:00.004,1,9524,0,128332.508,34669.730,105.522,95246.338,154904.046,48986.259
N,1,1,2025-01-06 21:15:00.011,1,9525,0,128333.330,34669.730,105.522,95246.650,154904.925,48986.259
N,1,1,2025-01-06 21:20:00.010,1,9526,0,128334.194,34669.730,105.522,95246.958,154905.844,48986.259
N,1,1,2025-01-06 21:25:00.004,1,9527,0,128335.167,34669.730,105.522,95247.254,154906.862,48986.259
N,1,1,2025-01-06 21:30:00.019,1,9528,0,128335.728,34669.730,105.522,95247.541,154907.492,48986.259
N,1,1,2025-01-06 21:35:00.002,1,9529,0,128336.493,34669.730,105.522,95247.824,154908.308,48986.259
N,1,1,2025-01-06 21:40:00.018,1,9530,0,128337.190,34669.730,105.522,95248.111,154909.065,48986.259
N,1,1,2025-01-06 21:45:00.005,1,9531,0,128337.843,34669.730,105.522,95248.402,154909.779,48986.259
N,1,1,2025-01-06 21:50:00.015,1,9532,0,128338.486,34669.730,105.522,95248.687,154910.483,48986.259
N,1,1,2025-01-06 21:55:00.000,1,9533,0,128339.005,34669.730,105.522,95248.961,154911.072,48986.259
N,1,1,2025-01-06 22:00:00.008,1,9534,0,128339.753,34669.730,105.522,95249.251,154911.875,48986.259
N,1,1,2025-01-06 22:05:00.015,1,9535,0,128340.483,34669.730,105.522,95249.533,154912.659,48986.259
N,1,1,2025-01-06 22:10:00.013,1,9536,0,128341.081,34669.730,105.522,95249.807,154913.317,48986.259
N,1,1,2025-01-06 22:15:00.009,1,9537,0,128341.572,34669.730,105.522,95250.069,154913.874,48986.259
N,1,1,2025-01-06 22:20:00.010,1,9538,0,128342.105,34669.730,105.522,95250.328,154914.468,48986.259
N,1,1,2025-01-06 22:25:00.008,1,9539,0,128342.836,34669.730,105.522,95250.584,154915.242,48986.259
N,1,1,2025-01-06 22:30:00.012,1,9540,0,128343.288,34669.730,105.522,95250.830,154915.760,48986.259
N,1,1,2025-01-06 22:35:00.006,1,9541,0,128343.686,34669.730,105.522,95251.074,154916.226,48986.259
N,1,1,2025-01-06 22:40:00.007,1,9542,0,128344.097,34669.730,105.522,95251.319,154916.705,48986.259
N,1,1,2025-01-06 22:45:00.018,1,9543,0,128344.511,34669.730,105.522,95251.574,154917.191,48986.259
N,1,1,2025-01-06 22:50:00.007,1,9544,0,128344.915,34669.730,105.522,95251.830,154917.669,48986.259
N,1,1,2025-01-06 22:55:00.016,1,9545,0,128345.269,34669.730,105.522,95252.080,154918.103,48986.259
N,1,1,2025-01-06 23:00:00.014,1,9546,0,128345.654,34669.730,105.522,95252.340,154918.567,48986.259
N,1,1,2025-01-06 23:05:00.001,1,9547,0,128346.075,34669.730,105.522,95252.606,154919.065,48986.259
N,1,1,2025-01-06 23:10:00.001,1,9548,0,128346.470,34669.730,105.522,95252.865,154919.537,48986.259
N,1,1,2025-01-06 23:15:00.014,1,9549,0,128346.866,34669.730,105.522,95253.123,154920.010,48986.259
N,1,1,2025-01-06 23:20:00.007,1,9550,0,128347.397,34669.730,105.522,95253.383,154920.604,48986.259
N,1,1,2025-01-06 23:25:00.010,1,9551,0,128348.022,34669.730,105.522,95253.636,154921.279,48986.259
N,1,1,2025-01-06 23:30:00.018,1,9552,0,128348.533,34669.730,105.522,95253.883,154921.850,48986.259
N,1,1,2025-01-06 23:35:00.007,1,9553,0,128348.799,34669.730,105.522,95254.133,154922.218,48986.259
N,1,1,2025-01-06 23:40:00.005,1,9554,0,128349.325,34669.730,105.522,95254.393,154922.804,48986.259
N,1,1,2025-01-06 23:45:00.010,1,9555,0,128349.636,34669.730,105.522,95254.639,154923.208,48986.259
N,1,1,2025-01-06 23:50:00.019,1,9556,0,128350.192,34669.730,105.522,95254.886,154923.817,48986.259
N,1,1,2025-01-06 23:55:00.003,1,9557,0,128350.479,34669.730,105.522,95255.133,154924.198,48986.259
N,1,1,2025-01-07 00:00:00.001,1,9558,0,128350.795,34669.730,105.522,95255.379,154924.603,48986.259
N,1,1,2025-01-07 00:05:00.009,1,9559,0,128351.050,34669.730,105.522,95255.617,154924.955,48986.259
N,1,1,2025-01-07 00:10:00.011,1,9560,0,128351.483,34669.730,105.522,95255.853,154925.451,48986.259
N,1,1,2025-01-07 00:15:00.049,1,9561,0,128351.941,34669.730,105.522,95256.086,154925.965,48986.259
N,1,1,2025-01-07 00:20:00.013,1,9562,0,128352.390,34669.730,105.522,95256.315,154926.469,48986.259
N,1,1,2025-01-07 00:25:00.004,1,9563,0,128352.843,34669.730,105.522,95256.545,154926.977,48986.259
N,1,1,2025-01-07 00:30:00.022,1,9564,0,128353.282,34669.730,105.522,95256.774,154927.474,48986.259
N,1,1,2025-01-07 00:35:00.004,1,9565,0,128353.447,34669.730,105.522,95256.999,154927.753,48986.259
N,1,1,2025-01-07 00:40:00.001,1,9566,0,128353.606,34669.730,105.522,95257.223,154928.028,48986.259
N,1,1,2025-01-07 00:45:00.012,1,9567,0,128353.758,34669.730,105.522,95257.450,154928.302,48986.259
N,1,1,2025-01-07 00:50:00.006,1,9568,0,128353.890,34669.730,105.522,95257.677,154928.564,48986.259
N,1,1,2025-01-07 00:55:00.002,1,9569,0,128354.038,34669.730,105.522,95257.907,154928.837,48986.259
N,1,1,2025-01-07 01:00:00.011,1,9570,0,128354.172,34669.730,105.522,95258.135,154929.102,48986.259
N,1,1,2025-01-07 01:05:00.000,1,9571,0,128354.275,34669.730,105.522,95258.358,154929.349,48986.259
N,1,1,2025-01-07 01:10:00.012,1,9572,0,128354.323,34669.730,105.522,95258.576,154929.572,48986.259
N,1,1,2025-01-07 01:15:00.022,1,9573,0,128354.363,34669.730,105.522,95258.799,154929.799,48986.259
N,1,1,2025-01-07 01:20:00.012,1,9574,0,128354.368,34669.739,105.522,95259.020,154929.917,48986.362
N,1,1,2025-01-07 01:25:00.015,1,9575,0,128354.388,34669.739,105.522,95259.235,154930.129,48986.366
N,1,1,2025-01-07 01:30:00.022,1,9576,0,128354.388,34669.751,105.522,95259.442,154930.145,48986.558
N,1,1,2025-01-07 01:35:00.003,1,9577,0,128354.444,34669.755,105.522,95259.651,154930.308,48986.622
N,1,1,2025-01-07 01:40:00.000,1,9578,0,128354.736,34669.755,105.522,95259.861,154930.667,48986.624
N,1,1,2025-01-07 01:45:00.027,1,9579,0,128354.896,34669.755,105.522,95260.073,154930.961,48986.624
N,1,1,2025-01-07 01:50:00.018,1,9580,0,128354.949,34669.755,105.522,95260.287,154931.181,48986.624
N,1,1,2025-01-07 01:55:00.017,1,9581,0,128355.005,34669.755,105.522,95260.516,154931.418,48986.624
N,1,1,2025-01-07 02:00:00.021,1,9582,0,128355.043,34669.755,105.522,95260.738,154931.643,48986.624
N,1,1,2025-01-07 02:05:00.009,1,9583,0,128355.100,34669.755,105.522,95260.961,154931.874,48986.624
N,1,1,2025-01-07 02:10:00.013,1,9584,0,128355.145,34669.755,105.522,95261.180,154932.097,48986.624
N,1,1,2025-01-07 02:15:00.012,1,9585,0,128355.218,34669.755,105.522,95261.402,154932.330,48986.624
N,1,1,2025-01-07 02:20:00.001,1,9586,0,128355.302,34669.755,105.522,95261.619,154932.565,48986.624
N,1,1,2025-01-07 02:25:00.003,1,9587,0,128355.418,34669.755,105.522,95261.839,154932.814,48986.624
N,1,1,2025-01-07 02:30:00.021,1,9588,0,128355.514,34669.755,105.522,95262.061,154933.056,48986.624
N,1,1,2025-01-07 02:35:00.011,1,9589,0,128355.617,34669.755,105.522,95262.289,154933.307,48986.624
N,1,1,2025-01-07 02:40:00.001,1,9590,0,128355.748,34669.755,105.522,95262.527,154933.580,48986.624
N,1,1,2025-01-07 02:45:00.025,1,9591,0,128355.887,34669.755,105.522,95262.771,154933.860,48986.624
N,1,1,2025-01-07 02:50:00.016,1,9592,0,128356.026,34669.755,105.522,95263.006,154934.134,48986.624
N,1,1,2025-01-07 02:55:00.017,1,9593,0,128356.218,34669.755,105.522,95263.239,154934.436,48986.624
N,1,1,2025-01-07 03:00:00.011,1,9594,0,128356.436,34669.755,105.522,95263.467,154934.752,48986.624
N,1,1,2025-01-07 03:05:00.013,1,9595,0,128356.657,34669.755,105.522,95263.691,154935.066,48986.624
N,1,1,2025-01-07 03:10:00.010,1,9596,0,128356.920,34669.755,105.522,95263.917,154935.413,48986.624
N,1,1,2025-01-07 03:15:00.011,1,9597,0,128357.463,34669.755,105.522,95264.162,154936.010,48986.624
N,1,1,2025-01-07 03:20:00.005,1,9598,0,128357.853,34669.755,105.522,95264.416,154936.482,48986.624
N,1,1,2025-01-07 03:25:00.015,1,9599,0,128358.422,34669.755,105.522,95264.665,154937.104,48986.624
N,1,1,2025-01-07 03:30:00.014,1,9600,0,128358.733,34669.755,105.522,95264.912,154937.501,48986.624
N,1,1,2025-01-07 03:35:00.009,1,9601,0,128359.034,34669.755,105.522,95265.151,154937.886,48986.624
N,1,1,2025-01-07 03:40:00.009,1,9602,0,128359.340,34669.755,105.522,95265.394,154938.277,48986.624
N,1,1,2025-01-07 03:45:00.014,1,9603,0,128359.614,34669.755,105.522,95265.634,154938.641,48986.624
N,1,1,2025-01-07 03:50:00.016,1,9604,0,128360.177,34669.755,105.522,95265.877,154939.256,48986.624
N,1,1,2025-01-07 03:55:00.011,1,9605,0,128360.711,34669.755,105.522,95266.121,154939.846,48986.624
N,1,1,2025-01-07 04:00:00.013,1,9606,0,128360.988,34669.755,105.522,95266.369,154940.218,48986.624
N,1,1,2025-01-07 04:05:00.009,1,9607,0,128361.243,34669.755,105.522,95266.619,154940.574,48986.624
N,1,1,2025-01-07 04:10:00.013,1,9608,0,128361.531,34669.755,105.522,95266.862,154940.952,48986.624
N,1,1,2025-01-07 04:15:00.006,1,9609,0,128361.808,34669.755,105.522,95267.099,154941.316,48986.624
N,1,1,2025-01-07 04:20:00.006,1,9610,0,128362.354,34669.755,105.522,95267.338,154941.914,48986.624
N,1,1,2025-01-07 04:25:00.010,1,9611,0,128362.920,34669.755,105.522,95267.581,154942.530,48986.624
N,1,1,2025-01-07 04:30:00.022,1,9612,0,128363.208,34669.755,105.522,95267.822,154942.908,48986.624
N,1,1,2025-01-07 04:35:00.008,1,9613,0,128363.487,34669.755,105.522,95268.062,154943.277,48986.624
N,1,1,2025-01-07 04:40:00.001,1,9614,0,128363.751,34669.755,105.522,95268.309,154943.639,48986.624
N,1,1,2025-01-07 04:45:00.003,1,9615,0,128364.026,34669.755,105.522,95268.565,154944.014,48986.624
N,1,1,2025-01-07 04:50:00.004,1,9616,0,128364.318,34669.755,105.522,95268.817,154944.400,48986.624
N,1,1,2025-01-07 04:55:00.001,1,9617,0,128364.606,34669.755,105.522,95269.061,154944.777,48986.624
N,1,1,2025-01-07 05:00:00.013,1,9618,0,128364.915,34669.755,105.522,95269.310,154945.175,48986.624
N,1,1,2025-01-07 05:05:00.012,1,9619,0,128365.183,34669.755,105.522,95269.557,154945.540,48986.624
N,1,1,2025-01-07 05:10:00.009,1,9620,0,128365.462,34669.755,105.522,95269.811,154945.917,48986.624
N,1,1,2025-01-07 05:15:00.019,1,9621,0,128365.729,34669.755,105.522,95270.061,154946.283,48986.624
N,1,1,2025-01-07 05:20:00.013,1,9622,0,128365.992,34669.755,105.522,95270.303,154946.641,48986.624
N,1,1,2025-01-07 05:25:00.007,1,9623,0,128366.331,34669.755,105.522,95270.545,154947.062,48986.624
N,1,1,2025-01-07 05:30:00.017,1,9624,0,128366.893,34669.755,105.522,95270.775,154947.668,48986.624
N,1,1,2025-01-07 05:35:00.003,1,9625,0,128367.479,34669.755,105.522,95271.001,154948.297,48986.624
N,1,1,2025-01-07 05:40:00.001,1,9626,0,128368.058,34669.755,105.522,95271.235,154948.921,48986.624
N,1,1,2025-01-07 05:45:00.017,1,9627,0,128368.333,34669.755,105.522,95271.464,154949.281,48986.624
N,1,1,2025-01-07 05:50:00.019,1,9628,0,128368.619,34669.755,105.522,95271.688,154949.645,48986.624
N,1,1,2025-01-07 05:55:00.012,1,9629,0,128368.898,34669.755,105.522,95271.920,154950.010,48986.624
N,1,1,2025-01-07 06:00:00.000,1,9630,0,128369.192,34669.755,105.522,95272.155,154950.390,48986.624
N,1,1,2025-01-07 06:05:00.018,1,9631,0,128369.551,34669.755,105.522,95272.393,154950.822,48986.624
N,1,1,2025-01-07 06:10:00.015,1,9632,0,128370.114,34669.755,105.522,95272.621,154951.431,48986.624
N,1,1,2025-01-07 06:15:00.016,1,9633,0,128370.447,34669.755,105.522,95272.844,154951.839,48986.624
N,1,1,2025-01-07 06:20:00.020,1,9634,0,128370.911,34669.755,105.522,95273.069,154952.355,48986.624
N,1,1,2025-01-07 06:25:00.012,1,9635,0,128371.304,34669.755,105.522,95273.291,154952.810,48986.624
N,1,1,2025-01-07 06:30:00.017,1,9636,0,128371.438,34669.755,105.522,95273.511,154953.068,48986.624
N,1,1,2025-01-07 06:35:00.006,1,9637,0,128371.549,34669.755,105.522,95273.740,154953.324,48986.624
N,1,1,2025-01-07 06:40:00.015,1,9638,0,128371.616,34669.755,105.522,95273.973,154953.566,48986.624
N,1,1,2025-01-07 06:45:00.009,1,9639,0,128371.685,34669.755,105.522,95274.198,154953.803,48986.624
N,1,1,2025-01-07 06:50:00.000,1,9640,0,128371.745,34669.755,105.522,95274.420,154954.033,48986.624
N,1,1,2025-01-07 06:55:00.008,1,9641,0,128371.765,34669.760,105.522,95274.646,154954.147,48986.742
N,1,1,2025-01-07 07:00:00.016,1,9642,0,128371.935,34669.763,105.522,95274.872,154954.361,48986.841
N,1,1,2025-01-07 07:05:00.017,1,9643,0,128372.379,34669.763,105.522,95275.102,154954.866,48986.841
N,1,1,2025-01-07 07:10:00.002,1,9644,0,128372.647,34669.763,105.522,95275.332,154955.220,48986.841
N,1,1,2025-01-07 07:15:00.010,1,9645,0,128372.879,34669.763,105.522,95275.567,154955.550,48986.841
N,1,1,2025-01-07 07:20:00.005,1,9646,0,128373.086,34669.763,105.522,95275.799,154955.861,48986.841
N,1,1,2025-01-07 07:25:00.012,1,9647,0,128373.289,34669.763,105.522,95276.039,154956.176,48986.841
N,1,1,2025-01-07 07:30:00.015,1,9648,0,128373.462,34669.763,105.522,95276.270,154956.464,48986.841
N,1,1,2025-01-07 07:35:00.015,1,9649,0,128373.599,34669.784,105.522,95276.495,154956.681,48986.903
N,1,1,2025-01-07 07:40:00.011,1,9650,0,128373.666,34669.805,105.522,95276.718,154956.858,48986.969
N,1,1,2025-01-07 07:45:00.020,1,9651,0,128373.749,34669.818,105.522,95276.940,154957.083,48986.987
N,1,1,2025-01-07 07:50:00.007,1,9652,0,128373.762,34669.859,105.522,95277.158,154957.166,48987.135
N,1,1,2025-01-07 07:55:00.019,1,9653,0,128373.764,34669.863,105.522,95277.388,154957.241,48987.289
N,1,1,2025-01-07 08:00:00.018,1,9654,0,128373.766,34669.867,105.522,95277.616,154957.308,48987.450
N,1,1,2025-01-07 08:05:00.000,1,9655,0,128373.767,34669.873,105.522,95277.845,154957.384,48987.603
N,1,1,2025-01-07 08:10:00.018,1,9656,0,128373.773,34669.875,105.522,95278.064,154957.498,48987.711
N,1,1,2025-01-07 08:15:00.018,1,9657,0,128373.807,34669.906,105.522,95278.280,154957.589,48987.853
N,1,1,2025-01-07 08:20:00.013,1,9658,0,128373.807,34670.020,105.522,95278.489,154957.629,48988.076
N,1,1,2025-01-07 08:25:00.018,1,9659,0,128373.816,34670.089,105.522,95278.701,154957.692,48988.250
N,1,1,2025-01-07 08:30:00.016,1,9660,0,128373.838,34670.111,105.522,95278.914,154957.777,48988.386
N,1,1,2025-01-07 08:35:00.001,1,9661,0,128373.865,34670.131,105.522,95279.126,154957.882,48988.503
N,1,1,2025-01-07 08:40:00.016,1,9662,0,128373.880,34670.141,105.522,95279.336,154958.005,48988.595
N,1,1,2025-01-07 08:45:00.019,1,9663,0,128373.899,34670.163,105.522,95279.553,154958.109,48988.714
N,1,1,2025-01-07 08:50:00.005,1,9664,0,128373.909,34670.254,105.522,95279.778,154958.160,48988.919
N,1,1,2025-01-07 08:55:00.001,1,9665,0,128373.920,34670.275,105.522,95280.018,154958.287,48989.037
N,1,1,2025-01-07 09:00:00.009,1,9666,0,128373.935,34670.277,105.522,95280.251,154958.434,48989.125
N,1,1,2025-01-07 09:05:00.003,1,9667,0,128373.945,34670.307,105.522,95280.474,154958.501,48989.289
N,1,1,2025-01-07 09:10:00.009,1,9668,0,128373.952,34670.310,105.522,95280.685,154958.623,48989.379
N,1,1,2025-01-07 09:15:00.012,1,9669,0,128373.966,34670.340,105.522,95280.881,154958.704,48989.503
N,1,1,2025-01-07 09:20:00.009,1,9670,0,128373.970,34670.343,105.522,95281.076,154958.793,48989.609
N,1,1,2025-01-07 09:25:00.013,1,9671,0,128373.982,34670.364,105.522,95281.274,154958.878,48989.728
N,1,1,2025-01-07 09:30:00.002,1,9672,0,128373.995,34670.398,105.522,95281.511,154958.987,48989.864
N,1,1,2025-01-07 09:35:00.017,1,9673,0,128374.002,34670.402,105.522,95281.753,154959.112,48989.982
N,1,1,2025-01-07 09:40:00.016,1,9674,0,128374.003,34670.406,105.522,95281.970,154959.182,48990.129
N,1,1,2025-01-07 09:45:00.008,1,9675,0,128374.008,34670.411,105.522,95282.179,154959.266,48990.255
N,1,1,2025-01-07 09:50:00.004,1,9676,0,128374.010,34670.416,105.522,95282.383,154959.331,48990.394
N,1,1,2025-01-07 09:55:00.007,1,9677,0,128374.023,34670.454,105.522,95282.585,154959.395,48990.546
N,1,1,2025-01-07 10:00:00.015,1,9678,0,128374.025,34670.481,105.522,95282.794,154959.452,48990.706
N,1,1,2025-01-07 10:05:00.015,1,9679,0,128374.028,34670.514,105.522,95283.027,154959.474,48990.923
N,1,1,2025-01-07 10:10:00.009,1,9680,0,128374.034,34670.562,105.522,95283.269,154959.516,48991.132
N,1,1,2025-01-07 10:15:00.011,1,9681,0,128374.035,34670.668,105.522,95283.512,154959.517,48991.396
N,1,1,2025-01-07 10:20:00.000,1,9682,0,128374.035,34670.802,105.522,95283.752,154959.518,48991.671
N,1,1,2025-01-07 10:25:00.004,1,9683,0,128374.036,34670.946,105.522,95283.985,154959.519,48991.944
N,1,1,2025-01-07 10:30:00.009,1,9684,0,128374.036,34671.125,105.522,95284.219,154959.519,48992.239
N,1,1,2025-01-07 10:35:00.016,1,9685,0,128374.036,34671.379,105.522,95284.452,154959.520,48992.586
N,1,1,2025-01-07 10:40:00.002,1,9686,0,128374.036,34671.580,105.522,95284.682,154959.520,48992.892
N,1,1,2025-01-07 10:45:00.006,1,9687,0,128374.036,34671.751,105.522,95284.904,154959.521,48993.171
N,1,1,2025-01-07 10:50:00.012,1,9688,0,128374.045,34671.834,105.522,95285.137,154959.612,48993.343
N,1,1,2025-01-07 10:55:00.003,1,9689,0,128374.049,34671.836,105.522,95285.372,154959.731,48993.459
N,1,1,2025-01-07 11:00:00.011,1,9690,0,128374.061,34671.886,105.522,95285.601,154959.819,48993.616
N,1,1,2025-01-07 11:05:00.017,1,9691,0,128374.073,34671.988,105.522,95285.829,154959.906,48993.806
N,1,1,2025-01-07 11:10:00.006,1,9692,0,128374.088,34672.019,105.522,95286.062,154960.014,48993.942
N,1,1,2025-01-07 11:15:00.028,1,9693,0,128374.098,34672.056,105.522,95286.303,154960.173,48994.038
N,1,1,2025-01-07 11:20:00.004,1,9694,0,128374.101,34672.128,105.522,95286.551,154960.198,48994.274
N,1,1,2025-01-07 11:25:00.001,1,9695,0,128374.103,34672.147,105.522,95286.808,154960.251,48994.481
N,1,1,2025-01-07 11:30:00.000,1,9696,0,128374.112,34672.181,105.522,95287.076,154960.280,48994.726
N,1,1,2025-01-07 11:35:00.006,1,9697,0,128374.117,34672.261,105.522,95287.352,154960.289,48995.006
N,1,1,2025-01-07 11:40:00.006,1,9698,0,128374.118,34672.430,105.522,95287.622,154960.290,48995.329
N,1,1,2025-01-07 11:45:00.017,1,9699,0,128374.118,34672.529,105.522,95287.890,154960.291,48995.615
N,1,1,2025-01-07 11:50:00.003,1,9700,0,128374.126,34672.596,105.522,95288.155,154960.334,48995.849
N,1,1,2025-01-07 11:55:00.001,1,9701,0,128374.137,34672.625,105.522,95288.431,154960.395,48996.071
N,1,1,2025-01-07 12:00:00.023,1,9702,0,128374.144,34672.642,105.522,95288.702,154960.416,48996.324
N,1,1,2025-01-07 12:05:00.005,1,9703,0,128374.162,34672.654,105.522,95288.946,154960.529,48996.459
N,1,1,2025-01-07 12:10:00.005,1,9704,0,128374.175,34672.688,105.522,95289.203,154960.627,48996.625
N,1,1,2025-01-07 12:15:00.015,1,9705,0,128374.196,34672.702,105.522,95289.462,154960.764,48996.755
N,1,1,2025-01-07 12:20:00.005,1,9706,0,128374.201,34672.708,105.522,95289.707,154960.889,48996.876
N,1,1,2025-01-07 12:25:00.013,1,9707,0,128374.209,34672.776,105.522,95289.966,154960.978,48997.068
N,1,1,2025-01-07 12:30:00.028,1,9708,0,128374.212,34672.781,105.522,95290.224,154961.070,48997.234
N,1,1,2025-01-07 12:35:00.008,1,9709,0,128374.213,34672.787,105.522,95290.484,154961.150,48997.414
N,1,1,2025-01-07 12:40:00.008,1,9710,0,128374.214,34672.802,105.522,95290.742,154961.163,48997.660
N,1,1,2025-01-07 12:45:00.004,1,9711,0,128374.214,34672.887,105.522,95291.000,154961.165,48997.934
N,1,1,2025-01-07 12:50:00.007,1,9712,0,128374.215,34672.925,105.522,95291.264,154961.170,48998.196
N,1,1,2025-01-07 12:55:00.019,1,9713,0,128374.233,34672.941,105.522,95291.521,154961.246,48998.383
N,1,1,2025-01-07 13:00:00.010,1,9714,0,128374.258,34672.984,105.522,95291.788,154961.407,48998.510
N,1,1,2025-01-07 13:05:00.000,1,9715,0,128374.282,34673.005,105.522,95292.070,154961.576,48998.628
N,1,1,2025-01-07 13:10:00.004,1,9716,0,128374.309,34673.027,105.522,95292.348,154961.735,48998.753
N,1,1,2025-01-07 13:15:00.017,1,9717,0,128374.314,34673.045,105.522,95292.618,154961.817,48998.943
N,1,1,2025-01-07 13:20:00.001,1,9718,0,128374.315,34673.123,105.522,95292.892,154961.831,48999.217
N,1,1,2025-01-07 13:25:00.003,1,9719,0,128374.315,34673.168,105.522,95293.182,154961.831,48999.511
N,1,1,2025-01-07 13:30:00.013,1,9720,0,128374.330,34673.181,105.522,95293.461,154961.948,48999.677
N,1,1,2025-01-07 13:35:00.005,1,9721,0,128374.410,34673.190,105.522,95293.758,154962.193,48999.748
N,1,1,2025-01-07 13:40:00.000,1,9722,0,128374.715,34673.190,105.522,95294.054,154962.627,48999.748
N,1,1,2025-01-07 13:45:00.010,1,9723,0,128375.084,34673.190,105.522,95294.352,154963.107,48999.748
N,1,1,2025-01-07 13:50:00.013,1,9724,0,128375.291,34673.253,105.522,95294.643,154963.383,48999.880
N,1,1,2025-01-07 13:55:00.018,1,9725,0,128375.297,34673.319,105.522,95294.926,154963.429,49000.129
N,1,1,2025-01-07 14:00:00.010,1,9726,0,128375.327,34673.343,105.538,95295.142,154963.546,49000.258
N,1,1,2025-01-07 14:05:00.007,1,9727,0,128375.346,34673.369,105.538,95295.419,154963.698,49000.389
N,1,1,2025-01-07 14:10:00.005,1,9728,0,128375.354,34673.382,105.538,95295.702,154963.817,49000.555
N,1,1,2025-01-07 14:15:00.009,1,9729,0,128375.366,34673.394,105.538,95295.987,154963.998,49000.662
N,1,1,2025-01-07 14:20:00.013,1,9730,0,128375.374,34673.417,105.538,95296.274,154964.091,49000.858
N,1,1,2025-01-07 14:25:00.003,1,9731,0,128375.432,34673.443,105.538,95296.565,154964.262,49000.994
N,1,1,2025-01-07 14:30:00.006,1,9732,0,128375.522,34673.443,105.538,95296.843,154964.555,49000.994
N,1,1,2025-01-07 14:35:00.011,1,9733,0,128375.631,34673.443,105.538,95297.127,154964.860,49000.994
N,1,1,2025-01-07 14:40:00.016,1,9734,0,128375.687,34673.448,105.538,95297.409,154965.080,49001.072
N,1,1,2025-01-07 14:45:00.013,1,9735,0,128375.692,34673.463,105.538,95297.686,154965.148,49001.282
N,1,1,2025-01-07 14:50:00.010,1,9736,0,128375.697,34673.479,105.538,95297.964,154965.210,49001.499
N,1,1,2025-01-07 14:55:00.006,1,9737,0,128375.712,34673.516,105.538,95298.251,154965.341,49001.666
N,1,1,2025-01-07 15:00:00.014,1,9738,0,128375.732,34673.523,105.538,95298.546,154965.580,49001.724
N,1,1,2025-01-07 15:05:00.002,1,9739,0,128375.828,34673.526,105.538,95298.827,154965.854,49001.758
N,1,1,2025-01-07 15:10:00.001,1,9740,0,128376.102,34673.526,105.538,95299.112,154966.260,49001.758
N,1,1,2025-01-07 15:15:00.001,1,9741,0,128376.235,34673.545,105.538,95299.394,154966.483,49001.865
N,1,1,2025-01-07 15:20:00.015,1,9742,0,128376.241,34673.560,105.538,95299.673,154966.568,49002.061
N,1,1,2025-01-07 15:25:00.014,1,9743,0,128376.259,34673.571,105.538,95299.957,154966.685,49002.233
N,1,1,2025-01-07 15:30:00.011,1,9744,0,128376.278,34673.603,105.538,95300.237,154966.799,49002.406
N,1,1,2025-01-07 15:35:00.007,1,9745,0,128376.379,34673.606,105.538,95300.530,154967.073,49002.454
N,1,1,2025-01-07 15:40:00.000,1,9746,0,128376.385,34673.631,105.538,95300.818,154967.130,49002.689
N,1,1,2025-01-07 15:45:00.023,1,9747,0,128376.400,34673.665,105.538,95301.116,154967.266,49002.860
N,1,1,2025-01-07 15:50:00.003,1,9748,0,128376.417,34673.690,105.538,95301.410,154967.436,49002.989
N,1,1,2025-01-07 15:55:00.002,1,9749,0,128376.422,34673.702,105.538,95301.689,154967.520,49003.185
N,1,1,2025-01-07 16:00:00.013,1,9750,0,128376.435,34673.731,105.538,95301.972,154967.657,49003.337
N,1,1,2025-01-07 16:05:00.012,1,9751,0,128376.438,34673.736,105.538,95302.248,154967.772,49003.497
N,1,1,2025-01-07 16:10:00.006,1,9752,0,128376.445,34673.749,105.538,95302.528,154967.906,49003.646
N,1,1,2025-01-07 16:15:00.009,1,9753,0,128376.451,34673.758,105.538,95302.812,154968.046,49003.790
N,1,1,2025-01-07 16:20:00.008,1,9754,0,128376.485,34673.769,105.538,95303.098,154968.205,49003.927
N,1,1,2025-01-07 16:25:00.006,1,9755,0,128376.511,34673.784,105.538,95303.394,154968.356,49004.079
N,1,1,2025-01-07 16:30:00.006,1,9756,0,128376.519,34673.795,105.538,95303.692,154968.452,49004.284
N,1,1,2025-01-07 16:35:00.018,1,9757,0,128376.521,34673.805,105.538,95303.992,154968.539,49004.498
N,1,1,2025-01-07 16:40:00.018,1,9758,0,128376.524,34673.810,105.538,95304.279,154968.642,49004.681
N,1,1,2025-01-07 16:45:00.004,1,9759,0,128376.586,34673.817,105.538,95304.568,154968.845,49004.784
N,1,1,2025-01-07 16:50:00.006,1,9760,0,128376.626,34673.828,105.538,95304.850,154968.962,49004.965
N,1,1,2025-01-07 16:55:00.008,1,9761,0,128376.632,34673.832,105.538,95305.130,154969.073,49005.134
N,1,1,2025-01-07 17:00:00.007,1,9762,0,128376.676,34673.853,105.538,95305.419,154969.188,49005.328
N,1,1,2025-01-07 17:05:00.013,1,9763,0,128376.722,34673.860,105.538,95305.709,154969.381,49005.435
N,1,1,2025-01-07 17:10:00.007,1,9764,0,128376.738,34673.872,105.538,95305.993,154969.584,49005.521
N,1,1,2025-01-07 17:15:00.006,1,9765,0,128376.741,34673.882,105.538,95306.286,154969.683,49005.716
N,1,1,2025-01-07 17:20:00.010,1,9766,0,128376.743,34673.888,105.538,95306.565,154969.768,49005.910
N,1,1,2025-01-07 17:25:00.007,1,9767,0,128376.745,34673.892,105.538,95306.840,154969.881,49006.072
N,1,1,2025-01-07 17:30:00.016,1,9768,0,128376.750,34673.897,105.538,95307.115,154970.003,49006.227
N,1,1,2025-01-07 17:35:00.004,1,9769,0,128376.853,34673.906,105.547,95307.358,154970.216,49006.315
N,1,1,2025-01-07 17:40:00.011,1,9770,0,128377.300,34673.906,105.547,95307.653,154970.757,49006.315
N,1,1,2025-01-07 17:45:00.012,1,9771,0,128377.752,34673.906,105.547,95307.957,154971.310,49006.315
N,1,1,2025-01-07 17:50:00.016,1,9772,0,128378.376,34673.906,105.547,95308.283,154972.014,49006.315
N,1,1,2025-01-07 17:55:00.000,1,9773,0,128379.015,34673.906,105.547,95308.604,154972.730,49006.315
N,1,1,2025-01-07 18:00:00.012,1,9774,0,128379.574,34673.906,105.547,95308.915,154973.370,49006.315
N,1,1,2025-01-07 18:05:00.013,1,9775,0,128380.136,34673.906,105.547,95309.213,154974.007,49006.315
N,1,1,2025-01-07 18:10:00.001,1,9776,0,128380.914,34673.906,105.547,95309.522,154974.846,49006.315
N,1,1,2025-01-07 18:15:00.017,1,9777,0,128381.569,34673.906,105.547,95309.833,154975.572,49006.315
N,1,1,2025-01-07 18:20:00.016,1,9778,0,128382.181,34673.906,105.547,95310.153,154976.262,49006.315
N,1,1,2025-01-07 18:25:00.018,1,9779,0,128382.855,34673.906,105.547,95310.469,154977.009,49006.315
N,1,1,2025-01-07 18:30:00.011,1,9780,0,128383.631,34673.906,105.547,95310.789,154977.850,49006.315
N,1,1,2025-01-07 18:35:00.016,1,9781,0,128384.507,34673.906,105.547,95311.114,154978.785,49006.315
N,1,1,2025-01-07 18:40:00.018,1,9782,0,128385.679,34673.906,105.547,95311.461,154980.007,49006.315
N,1,1,2025-01-07 18:45:00.009,1,9783,0,128387.047,34673.906,105.547,95311.807,154981.419,49006.315
N,1,1,2025-01-07 18:50:00.011,1,9784,0,128388.699,34673.906,105.547,95312.156,154983.108,49006.315
N,1,1,2025-01-07 18:55:00.008,1,9785,0,128390.344,34673.906,105.547,95312.507,154984.790,49006.315
N,1,1,2025-01-07 19:00:00.017,1,9786,0,128391.912,34673.906,105.547,95312.862,154986.398,49006.315
N,1,1,2025-01-07 19:05:00.014,1,9787,0,128393.331,34673.906,105.547,95313.200,154987.856,49006.315
N,1,1,2025-01-07 19:10:00.008,1,9788,0,128394.565,34673.906,105.547,95313.501,154989.127,49006.315
N,1,1,2025-01-07 19:15:00.007,1,9789,0,128395.816,34673.906,105.547,95313.802,154990.414,49006.315
N,1,1,2025-01-07 19:20:00.008,1,9790,0,128396.887,34673.906,105.547,95314.101,154991.526,49006.315
N,1,1,2025-01-07 19:25:00.006,1,9791,0,128397.891,34673.906,105.547,95314.402,154992.575,49006.315
N,1,1,2025-01-07 19:30:00.004,1,9792,0,128398.921,34673.906,105.547,95314.733,154993.657,49006.315
N,1,1,2025-01-07 19:35:00.000,1,9793,0,128399.867,34673.906,105.547,95315.054,154994.656,49006.315
N,1,1,2025-01-07 19:40:00.003,1,9794,0,128400.751,34673.906,105.547,95315.369,154995.594,49006.315
N,1,1,2025-01-07 19:45:00.000,1,9795,0,128401.782,34673.906,105.547,95315.689,154996.674,49006.315
N,1,1,2025-01-07 19:50:00.006,1,9796,0,128403.013,34673.906,105.547,95316.014,154997.948,49006.315
N,1,1,2025-01-07 19:55:00.003,1,9797,0,128404.565,34673.906,105.547,95316.348,154999.536,49006.315
N,1,1,2025-01-07 20:00:00.020,1,9798,0,128405.796,34673.906,105.547,95316.673,155000.809,49006.315
N,1,1,2025-01-07 20:05:00.009,1,9799,0,128406.842,34673.906,105.547,95316.998,155001.906,49006.315
N,1,1,2025-01-07 20:10:00.004,1,9800,0,128407.627,34673.906,105.547,95317.317,155002.753,49006.315
N,1,1,2025-01-07 20:15:00.000,1,9801,0,128408.684,34673.906,105.547,95317.634,155003.859,49006.315
N,1,1,2025-01-07 20:20:00.009,1,9802,0,128409.837,34673.906,105.547,95317.954,155005.056,49006.315
N,1,1,2025-01-07 20:25:00.000,1,9803,0,128410.863,34673.906,105.547,95318.272,155006.130,49006.315
N,1,1,2025-01-07 20:30:00.005,1,9804,0,128412.072,34673.906,105.547,95318.578,155007.377,49006.315
N,1,1,2025-01-07 20:35:00.017,1,9805,0,128413.341,34673.906,105.547,95318.871,155008.680,49006.315
N,1,1,2025-01-07 20:40:00.001,1,9806,0,128414.315,34673.906,105.547,95319.173,155009.700,49006.315
N,1,1,2025-01-07 20:45:00.018,1,9807,0,128415.396,34673.906,105.547,95319.477,155010.824,49006.315
N,1,1,2025-01-07 20:50:00.016,1,9808,0,128416.278,34673.906,105.547,95319.780,155011.758,49006.315
N,1,1,2025-01-07 20:55:00.017,1,9809,0,128417.032,34673.906,105.547,95320.090,155012.575,49006.315
N,1,1,2025-01-07 21:00:00.007,1,9810,0,128418.230,34673.906,105.547,95320.400,155013.813,49006.315
N,1,1,2025-01-07 21:05:00.007,1,9811,0,128419.138,34673.906,105.547,95320.698,155014.769,49006.315
N,1,1,2025-01-07 21:10:00.005,1,9812,0,128419.957,34673.906,105.547,95320.995,155015.641,49006.315
N,1,1,2025-01-07 21:15:00.003,1,9813,0,128420.446,34673.906,105.547,95321.284,155016.211,49006.315
N,1,1,2025-01-07 21:20:00.016,1,9814,0,128420.985,34673.906,105.547,95321.571,155016.825,49006.315
N,1,1,2025-01-07 21:25:00.009,1,9815,0,128421.641,34673.906,105.547,95321.853,155017.540,49006.315
N,1,1,2025-01-07 21:30:00.000,1,9816,0,128421.973,34673.906,105.547,95322.135,155017.976,49006.315
N,1,1,2025-01-07 21:35:00.000,1,9817,0,128422.280,34673.906,105.547,95322.415,155018.392,49006.315
N,1,1,2025-01-07 21:40:00.011,1,9818,0,128422.824,34673.906,105.547,95322.697,155019.009,49006.315
N,1,1,2025-01-07 21:45:00.017,1,9819,0,128423.422,34673.906,105.547,95322.957,155019.665,49006.315
N,1,1,2025-01-07 21:50:00.010,1,9820,0,128423.730,34673.906,105.547,95323.215,155020.066,49006.315
N,1,1,2025-01-07 21:55:00.002,1,9821,0,128424.047,34673.906,105.547,95323.473,155020.475,49006.315
N,1,1,2025-01-07 22:00:00.010,1,9822,0,128424.454,34673.906,105.547,95323.744,155020.964,49006.315
N,1,1,2025-01-07 22:05:00.010,1,9823,0,128424.981,34673.906,105.547,95324.018,155021.561,49006.315
N,1,1,2025-01-07 22:10:00.003,1,9824,0,128425.600,34673.906,105.547,95324.293,155022.239,49006.315
N,1,1,2025-01-07 22:15:00.009,1,9825,0,128425.960,34673.906,105.547,95324.567,155022.692,49006.315
N,1,1,2025-01-07 22:20:00.001,1,9826,0,128426.325,34673.906,105.547,95324.832,155023.144,49006.315
N,1,1,2025-01-07 22:25:00.006,1,9827,0,128426.637,34673.906,105.547,95325.091,155023.549,49006.315
N,1,1,2025-01-07 22:30:00.010,1,9828,0,128426.963,34673.906,105.547,95325.356,155023.969,49006.315
N,1,1,2025-01-07 22:35:00.010,1,9829,0,128427.333,34673.906,105.547,95325.630,155024.430,49006.315
N,1,1,2025-01-07 22:40:00.011,1,9830,0,128427.731,34673.906,105.547,95325.902,155024.912,49006.315
N,1,1,2025-01-07 22:45:00.014,1,9831,0,128428.156,34673.906,105.547,95326.173,155025.416,49006.315
N,1,1,2025-01-07 22:50:00.009,1,9832,0,128428.567,34673.906,105.547,95326.444,155025.909,49006.315
N,1,1,2025-01-07 22:55:00.003,1,9833,0,128428.970,34673.906,105.547,95326.725,155026.400,49006.315
N,1,1,2025-01-07 23:00:00.003,1,9834,0,128429.367,34673.906,105.547,95327.003,155026.885,49006.315
N,1,1,2025-01-07 23:05:00.019,1,9835,0,128429.793,34673.906,105.547,95327.276,155027.391,49006.315
N,1,1,2025-01-07 23:10:00.017,1,9836,0,128430.173,34673.906,105.547,95327.547,155027.858,49006.315
N,1,1,2025-01-07 23:15:00.017,1,9837,0,128430.558,34673.906,105.547,95327.826,155028.333,49006.315
N,1,1,2025-01-07 23:20:00.005,1,9838,0,128431.084,34673.906,105.547,95328.109,155028.935,49006.315
N,1,1,2025-01-07 23:25:00.002,1,9839,0,128431.799,34673.906,105.547,95328.391,155029.704,49006.315
N,1,1,2025-01-07 23:30:00.017,1,9840,0,128432.310,34673.906,105.547,95328.664,155030.287,49006.315
N,1,1,2025-01-07 23:35:00.010,1,9841,0,128432.673,34673.906,105.547,95328.933,155030.739,49006.315
N,1,1,2025-01-07 23:40:00.017,1,9842,0,128433.096,34673.906,105.547,95329.201,155031.242,49006.315
N,1,1,2025-01-07 23:45:00.014,1,9843,0,128433.436,34673.906,105.547,95329.458,155031.668,49006.315
N,1,1,2025-01-07 23:50:00.014,1,9844,0,128433.757,34673.906,105.547,95329.712,155032.078,49006.315
N,1,1,2025-01-07 23:55:00.004,1,9845,0,128434.103,34673.906,105.547,95329.971,155032.510,49006.315
N,1,1,2025-01-08 00:00:00.002,1,9846,0,128434.491,34673.906,105.547,95330.214,155032.968,49006.315
N,1,1,2025-01-08 00:05:00.002,1,9847,0,128435.032,34673.906,105.547,95330.444,155033.557,49006.315
N,1,1,2025-01-08 00:10:00.000,1,9848,0,128435.484,34673.906,105.547,95330.659,155034.058,49006.315
N,1,1,2025-01-08 00:15:00.049,1,9849,0,128435.944,34673.906,105.547,95330.876,155034.567,49006.315
N,1,1,2025-01-08 00:20:00.002,1,9850,0,128436.937,34673.906,105.547,95331.102,155035.586,49006.315
N,1,1,2025-01-08 00:25:00.000,1,9851,0,128437.726,34673.906,105.547,95331.323,155036.407,49006.315
N,1,1,2025-01-08 00:30:00.029,1,9852,0,128438.276,34673.906,105.547,95331.551,155037.002,49006.315
N,1,1,2025-01-08 00:35:00.009,1,9853,0,128438.721,34673.906,105.547,95331.778,155037.505,49006.315
N,1,1,2025-01-08 00:40:00.004,1,9854,0,128439.046,34673.906,105.547,95332.007,155037.903,49006.315
N,1,1,2025-01-08 00:45:00.003,1,9855,0,128439.336,34673.906,105.547,95332.243,155038.278,49006.315
N,1,1,2025-01-08 00:50:00.003,1,9856,0,128439.590,34673.906,105.547,95332.472,155038.621,49006.315
N,1,1,2025-01-08 00:55:00.014,1,9857,0,128439.852,34673.906,105.547,95332.700,155038.968,49006.315
N,1,1,2025-01-08 01:00:00.029,1,9858,0,128440.116,34673.906,105.547,95332.931,155039.318,49006.315
N,1,1,2025-01-08 01:05:00.003,1,9859,0,128440.393,34673.906,105.547,95333.154,155039.674,49006.315
N,1,1,2025-01-08 01:10:00.000,1,9860,0,128440.685,34673.906,105.547,95333.380,155040.044,49006.315
N,1,1,2025-01-08 01:15:00.003,1,9861,0,128440.978,34673.906,105.547,95333.614,155040.420,49006.315
N,1,1,2025-01-08 01:20:00.013,1,9862,0,128441.191,34673.906,105.547,95333.859,155040.745,49006.315
N,1,1,2025-01-08 01:25:00.020,1,9863,0,128441.411,34673.906,105.547,95334.100,155041.071,49006.315
N,1,1,2025-01-08 01:30:00.000,1,9864,0,128441.651,34673.906,105.547,95334.338,155041.410,49006.315
N,1,1,2025-01-08 01:35:00.019,1,9865,0,128441.886,34673.906,105.547,95334.574,155041.743,49006.315
N,1,1,2025-01-08 01:40:00.000,1,9866,0,128442.085,34673.906,105.547,95334.816,155042.057,49006.315
N,1,1,2025-01-08 01:45:00.007,1,9867,0,128442.280,34673.906,105.547,95335.056,155042.366,49006.315
N,1,1,2025-01-08 01:50:00.003,1,9868,0,128442.494,34673.906,105.547,95335.291,155042.685,49006.315
N,1,1,2025-01-08 01:55:00.012,1,9869,0,128442.717,34673.906,105.547,95335.527,155043.009,49006.315
N,1,1,2025-01-08 02:00:00.009,1,9870,0,128442.926,34673.906,105.547,95335.766,155043.327,49006.315
N,1,1,2025-01-08 02:05:00.017,1,9871,0,128443.124,34673.906,105.547,95336.008,155043.640,49006.315
N,1,1,2025-01-08 02:10:00.015,1,9872,0,128443.320,34673.906,105.547,95336.250,155043.952,49006.315
N,1,1,2025-01-08 02:15:00.013,1,9873,0,128443.522,34673.906,105.547,95336.487,155044.263,49006.315
N,1,1,2025-01-08 02:20:00.016,1,9874,0,128443.745,34673.906,105.547,95336.714,155044.581,49006.315
N,1,1,2025-01-08 02:25:00.004,1,9875,0,128443.970,34673.906,105.547,95336.943,155044.902,49006.315
N,1,1,2025-01-08 02:30:00.006,1,9876,0,128444.166,34673.906,105.547,95337.179,155045.209,49006.315
N,1,1,2025-01-08 02:35:00.017,1,9877,0,128444.379,34673.906,105.547,95337.406,155045.520,49006.315
N,1,1,2025-01-08 02:40:00.018,1,9878,0,128444.595,34673.906,105.547,95337.639,155045.838,49006.315
N,1,1,2025-01-08 02:45:00.012,1,9879,0,128444.793,34673.906,105.547,95337.878,155046.149,49006.315
N,1,1,2025-01-08 02:50:00.002,1,9880,0,128444.986,34673.906,105.547,95338.120,155046.459,49006.315
N,1,1,2025-01-08 02:55:00.010,1,9881,0,128445.220,34673.906,105.547,95338.367,155046.799,49006.315
N,1,1,2025-01-08 03:00:00.004,1,9882,0,128445.445,34673.906,105.547,95338.608,155047.129,49006.315
N,1,1,2025-01-08 03:05:00.019,1,9883,0,128445.681,34673.906,105.547,95338.846,155047.464,49006.315
N,1,1,2025-01-08 03:10:00.019,1,9884,0,128445.895,34673.906,105.547,95339.076,155047.778,49006.315
N,1,1,2025-01-08 03:15:00.033,1,9885,0,128446.107,34673.906,105.547,95339.309,155048.093,49006.315
N,1,1,2025-01-08 03:20:00.012,1,9886,0,128446.307,34673.906,105.547,95339.545,155048.403,49006.315
N,1,1,2025-01-08 03:25:00.015,1,9887,0,128446.500,34673.906,105.547,95339.787,155048.712,49006.315
N,1,1,2025-01-08 03:30:00.015,1,9888,0,128446.697,34673.906,105.547,95340.030,155049.025,49006.315
N,1,1,2025-01-08 03:35:00.016,1,9889,0,128446.903,34673.906,105.547,95340.262,155049.336,49006.315
N,1,1,2025-01-08 03:40:00.019,1,9890,0,128447.116,34673.906,105.547,95340.491,155049.649,49006.315
N,1,1,2025-01-08 03:45:00.016,1,9891,0,128447.301,34673.906,105.547,95340.730,155049.951,49006.315
N,1,1,2025-01-08 03:50:00.012,1,9892,0,128447.494,34673.906,105.547,95340.971,155050.260,49006.315
N,1,1,2025-01-08 03:55:00.011,1,9893,0,128447.883,34673.906,105.547,95341.214,155050.726,49006.315
N,1,1,2025-01-08 04:00:00.011,1,9894,0,128448.553,34673.906,105.547,95341.465,155051.444,49006.315
N,1,1,2025-01-08 04:05:00.018,1,9895,0,128448.899,34673.906,105.547,95341.708,155051.876,49006.315
N,1,1,2025-01-08 04:10:00.014,1,9896,0,128449.114,34673.906,105.547,95341.951,155052.200,49006.315
N,1,1,2025-01-08 04:15:00.019,1,9897,0,128449.305,34673.906,105.547,95342.193,155052.508,49006.315
N,1,1,2025-01-08 04:20:00.006,1,9898,0,128449.496,34673.906,105.547,95342.431,155052.814,49006.315
N,1,1,2025-01-08 04:25:00.018,1,9899,0,128449.704,34673.906,105.547,95342.673,155053.133,49006.315
N,1,1,2025-01-08 04:30:00.016,1,9900,0,128449.928,34673.906,105.547,95342.918,155053.465,49006.315
N,1,1,2025-01-08 04:35:00.007,1,9901,0,128450.178,34673.906,105.547,95343.155,155053.809,49006.315
N,1,1,2025-01-08 04:40:00.019,1,9902,0,128450.400,34673.906,105.547,95343.394,155054.136,49006.315
N,1,1,2025-01-08 04:45:00.013,1,9903,0,128450.591,34673.906,105.547,95343.642,155054.450,49006.315
N,1,1,2025-01-08 04:50:00.005,1,9904,0,128450.784,34673.906,105.547,95343.893,155054.766,49006.315
N,1,1,2025-01-08 04:55:00.004,1,9905,0,128451.232,34673.906,105.547,95344.147,155055.293,49006.315
N,1,1,2025-01-08 05:00:00.006,1,9906,0,128452.020,34673.906,105.547,95344.405,155056.122,49006.315
N,1,1,2025-01-08 05:05:00.008,1,9907,0,128452.824,34673.906,105.547,95344.651,155056.963,49006.315
N,1,1,2025-01-08 05:10:00.008,1,9908,0,128453.622,34673.906,105.547,95344.894,155057.797,49006.315
N,1,1,2025-01-08 05:15:00.026,1,9909,0,128454.132,34673.906,105.547,95345.130,155058.365,49006.315
N,1,1,2025-01-08 05:20:00.018,1,9910,0,128454.588,34673.906,105.547,95345.375,155058.885,49006.315
N,1,1,2025-01-08 05:25:00.006,1,9911,0,128455.275,34673.906,105.547,95345.619,155059.615,49006.315
N,1,1,2025-01-08 05:30:00.018,1,9912,0,128455.783,34673.906,105.547,95345.856,155060.178,49006.315
N,1,1,2025-01-08 05:35:00.007,1,9913,0,128456.278,34673.906,105.547,95346.100,155060.733,49006.315
N,1,1,2025-01-08 05:40:00.004,1,9914,0,128456.834,34673.906,105.547,95346.347,155061.341,49006.315
N,1,1,2025-01-08 05:45:00.016,1,9915,0,128457.564,34673.906,105.547,95346.596,155062.114,49006.315
N,1,1,2025-01-08 05:50:00.014,1,9916,0,128458.218,34673.906,105.547,95346.847,155062.821,49006.315
N,1,1,2025-01-08 05:55:00.001,1,9917,0,128458.464,34673.906,105.547,95347.093,155063.169,49006.315
N,1,1,2025-01-08 06:00:00.030,1,9918,0,128458.676,34673.906,105.547,95347.332,155063.490,49006.315
N,1,1,2025-01-08 06:05:00.005,1,9919,0,128458.889,34673.906,105.548,95347.572,155063.814,49006.315
N,1,1,2025-01-08 06:10:00.007,1,9920,0,128459.090,34673.906,105.575,95347.766,155064.122,49006.315
N,1,1,2025-01-08 06:15:00.019,1,9921,0,128459.409,34673.906,105.575,95348.011,155064.534,49006.315
N,1,1,2025-01-08 06:20:00.019,1,9922,0,128459.579,34673.906,105.575,95348.256,155064.838,49006.315
N,1,1,2025-01-08 06:25:00.019,1,9923,0,128459.687,34673.906,105.575,95348.500,155065.107,49006.315
N,1,1,2025-01-08 06:30:00.011,1,9924,0,128459.927,34673.906,105.575,95348.743,155065.450,49006.315
N,1,1,2025-01-08 06:35:00.011,1,9925,0,128460.129,34673.906,105.575,95348.980,155065.761,49006.315
N,1,1,2025-01-08 06:40:00.004,1,9926,0,128460.303,34673.906,105.575,95349.214,155066.053,49006.315
N,1,1,2025-01-08 06:45:00.014,1,9927,0,128460.306,34673.912,105.575,95349.442,155066.134,49006.463
N,1,1,2025-01-08 06:50:00.004,1,9928,0,128460.387,34673.920,105.575,95349.673,155066.310,49006.540
N,1,1,2025-01-08 06:55:00.012,1,9929,0,128460.461,34673.923,105.575,95349.905,155066.523,49006.574
N,1,1,2025-01-08 07:00:00.028,1,9930,0,128460.508,34673.934,105.575,95350.142,155066.717,49006.624
N,1,1,2025-01-08 07:05:00.003,1,9931,0,128460.512,34673.938,105.575,95350.374,155066.790,49006.784
N,1,1,2025-01-08 07:10:00.012,1,9932,0,128460.517,34673.964,105.575,95350.609,155066.855,49006.961
N,1,1,2025-01-08 07:15:00.016,1,9933,0,128460.532,34674.042,105.575,95350.833,155066.917,49007.146
N,1,1,2025-01-08 07:20:00.008,1,9934,0,128460.561,34674.051,105.575,95351.062,155067.069,49007.230
N,1,1,2025-01-08 07:25:00.012,1,9935,0,128460.659,34674.063,105.575,95351.293,155067.255,49007.313
N,1,1,2025-01-08 07:30:00.004,1,9936,0,128460.888,34674.063,105.575,95351.521,155067.581,49007.329
N,1,1,2025-01-08 07:35:00.006,1,9937,0,128460.897,34674.072,105.575,95351.745,155067.644,49007.492
N,1,1,2025-01-08 07:40:00.002,1,9938,0,128460.900,34674.085,105.575,95351.969,155067.726,49007.636
N,1,1,2025-01-08 07:45:00.005,1,9939,0,128460.903,34674.088,105.575,95352.188,155067.802,49007.780
N,1,1,2025-01-08 07:50:00.009,1,9940,0,128460.905,34674.100,105.575,95352.403,155067.839,49007.960
N,1,1,2025-01-08 07:55:00.009,1,9941,0,128460.933,34674.143,105.575,95352.618,155067.928,49008.103
N,1,1,2025-01-08 08:00:00.000,1,9942,0,128460.948,34674.153,105.575,95352.833,155068.040,49008.209
N,1,1,2025-01-08 08:05:00.008,1,9943,0,128460.958,34674.160,105.575,95353.047,155068.135,49008.330
N,1,1,2025-01-08 08:10:00.001,1,9944,0,128460.970,34674.173,105.575,95353.259,155068.255,49008.426
N,1,1,2025-01-08 08:15:00.006,1,9945,0,128460.981,34674.203,105.575,95353.482,155068.331,49008.581
N,1,1,2025-01-08 08:20:00.015,1,9946,0,128460.985,34674.284,105.575,95353.697,155068.359,49008.793
N,1,1,2025-01-08 08:25:00.016,1,9947,0,128460.988,34674.292,105.575,95353.922,155068.429,49008.949
N,1,1,2025-01-08 08:30:00.017,1,9948,0,128460.998,34674.303,105.575,95354.146,155068.524,49009.082
N,1,1,2025-01-08 08:35:00.010,1,9949,0,128461.002,34674.344,105.575,95354.368,155068.602,49009.242
N,1,1,2025-01-08 08:40:00.009,1,9950,0,128461.002,34674.459,105.575,95354.593,155068.602,49009.496
N,1,1,2025-01-08 08:45:00.004,1,9951,0,128461.003,34674.625,105.575,95354.821,155068.603,49009.778
N,1,1,2025-01-08 08:50:00.003,1,9952,0,128461.003,34674.840,105.575,95355.042,155068.603,49010.086
N,1,1,2025-01-08 08:55:00.013,1,9953,0,128461.003,34675.099,105.575,95355.267,155068.604,49010.430
N,1,1,2025-01-08 09:00:00.021,1,9954,0,128461.003,34675.387,105.575,95355.493,155068.604,49010.796
N,1,1,2025-01-08 09:05:00.005,1,9955,0,128461.003,34675.697,105.575,95355.724,155068.604,49011.182
N,1,1,2025-01-08 09:10:00.007,1,9956,0,128461.003,34676.036,105.575,95355.944,155068.604,49011.586
N,1,1,2025-01-08 09:15:00.006,1,9957,0,128461.003,34676.385,105.575,95356.165,155068.604,49012.000
N,1,1,2025-01-08 09:20:00.003,1,9958,0,128461.003,34676.758,105.575,95356.388,155068.604,49012.434
N,1,1,2025-01-08 09:25:00.017,1,9959,0,128461.003,34677.148,105.575,95356.611,155068.604,49012.883
N,1,1,2025-01-08 09:30:00.018,1,9960,0,128461.003,34677.553,105.575,95356.837,155068.604,49013.348
N,1,1,2025-01-08 09:35:00.014,1,9961,0,128461.003,34677.946,105.575,95357.062,155068.604,49013.802
N,1,1,2025-01-08 09:40:00.010,1,9962,0,128461.003,34678.339,105.575,95357.290,155068.604,49014.258
N,1,1,2025-01-08 09:45:00.002,1,9963,0,128461.003,34678.561,105.575,95357.516,155068.605,49014.582
N,1,1,2025-01-08 09:50:00.004,1,9964,0,128461.003,34678.814,105.575,95357.739,155068.605,49014.928
N,1,1,2025-01-08 09:55:00.014,1,9965,0,128461.003,34679.294,105.575,95357.952,155068.605,49015.453
N,1,1,2025-01-08 10:00:00.004,1,9966,0,128461.003,34679.789,105.575,95358.165,155068.605,49015.992
N,1,1,2025-01-08 10:05:00.019,1,9967,0,128461.003,34680.297,105.575,95358.377,155068.605,49016.543
N,1,1,2025-01-08 10:10:00.006,1,9968,0,128461.003,34680.539,105.575,95358.599,155068.605,49016.871
N,1,1,2025-01-08 10:15:00.013,1,9969,0,128461.003,34680.872,105.575,95358.819,155068.605,49017.276
N,1,1,2025-01-08 10:20:00.009,1,9970,0,128461.003,34681.430,105.575,95359.035,155068.605,49017.874
N,1,1,2025-01-08 10:25:00.000,1,9971,0,128461.003,34681.998,105.575,95359.245,155068.605,49018.480
N,1,1,2025-01-08 10:30:00.001,1,9972,0,128461.003,34682.566,105.575,95359.452,155068.605,49019.085
N,1,1,2025-01-08 10:35:00.019,1,9973,0,128461.003,34683.138,105.575,95359.661,155068.605,49019.694
N,1,1,2025-01-08 10:40:00.002,1,9974,0,128461.003,34683.741,105.575,95359.869,155068.605,49020.331
N,1,1,2025-01-08 10:45:00.016,1,9975,0,128461.003,34684.326,105.575,95360.074,155068.605,49020.952
N,1,1,2025-01-08 10:50:00.000,1,9976,0,128461.003,34684.913,105.575,95360.289,155068.605,49021.577
N,1,1,2025-01-08 10:55:00.016,1,9977,0,128461.003,34685.480,105.575,95360.501,155068.605,49022.184
N,1,1,2025-01-08 11:00:00.008,1,9978,0,128461.005,34685.537,105.575,95360.729,155068.608,49022.418
N,1,1,2025-01-08 11:05:00.001,1,9979,0,128461.005,34685.684,105.575,95360.951,155068.608,49022.703
N,1,1,2025-01-08 11:10:00.005,1,9980,0,128461.005,34686.037,105.575,95361.167,155068.609,49023.117
N,1,1,2025-01-08 11:15:00.003,1,9981,0,128461.005,34686.591,105.575,95361.389,155068.609,49023.717
N,1,1,2025-01-08 11:20:00.010,1,9982,0,128461.005,34687.243,105.575,95361.609,155068.609,49024.405
N,1,1,2025-01-08 11:25:00.015,1,9983,0,128461.005,34687.727,105.575,95361.834,155068.609,49024.939
N,1,1,2025-01-08 11:30:00.006,1,9984,0,128461.005,34688.197,105.575,95362.069,155068.609,49025.465
N,1,1,2025-01-08 11:35:00.002,1,9985,0,128461.005,34688.604,105.575,95362.306,155068.609,49025.939
N,1,1,2025-01-08 11:40:00.010,1,9986,0,128461.005,34689.037,105.575,95362.543,155068.609,49026.436
N,1,1,2025-01-08 11:45:00.002,1,9987,0,128461.005,34689.559,105.575,95362.778,155068.609,49027.009
N,1,1,2025-01-08 11:50:00.013,1,9988,0,128461.005,34690.093,105.575,95363.013,155068.609,49027.593
N,1,1,2025-01-08 11:55:00.017,1,9989,0,128461.005,34690.662,105.575,95363.248,155068.609,49028.210
N,1,1,2025-01-08 12:00:00.004,1,9990,0,128461.005,34691.239,105.575,95363.486,155068.609,49028.834
N,1,1,2025-01-08 12:05:00.014,1,9991,0,128461.005,34691.834,105.575,95363.725,155068.609,49029.475
N,1,1,2025-01-08 12:10:00.011,1,9992,0,128461.005,34692.350,105.575,95363.966,155068.609,49030.048
N,1,1,2025-01-08 12:15:00.018,1,9993,0,128461.005,34692.654,105.575,95364.209,155068.609,49030.438
N,1,1,2025-01-08 12:20:00.001,1,9994,0,128461.005,34693.082,105.575,95364.440,155068.609,49030.929
N,1,1,2025-01-08 12:25:00.003,1,9995,0,128461.005,34693.652,105.575,95364.660,155068.609,49031.540
N,1,1,2025-01-08 12:30:00.013,1,9996,0,128461.005,34694.229,105.575,95364.876,155068.609,49032.157
N,1,1,2025-01-08 12:35:00.015,1,9997,0,128461.005,34694.766,105.575,95365.109,155068.609,49032.743
N,1,1,2025-01-08 12:40:00.008,1,9998,0,128461.005,34695.256,105.575,95365.344,155068.609,49033.287
N,1,1,2025-01-08 12:45:00.011,1,9999,0,128461.005,34695.670,105.575,95365.583,155068.609,49033.773
N,1,1,2025-01-08 12:50:00.015,1,10000,0,128461.005,34695.800,105.575,95365.826,155068.609,49034.051
N,1,1,2025-01-08 12:55:00.007,1,10001,0,128461.005,34695.979,105.575,95366.073,155068.615,49034.355
N,1,1,2025-01-08 13:00:00.011,1,10002,0,128461.011,34696.152,105.575,95366.308,155068.650,49034.639
N,1,1,2025-01-08 13:05:00.010,1,10003,0,128461.012,34696.541,105.575,95366.537,155068.652,49035.094
N,1,1,2025-01-08 13:10:00.009,1,10004,0,128461.012,34697.040,105.575,95366.768,155068.652,49035.645
N,1,1,2025-01-08 13:15:00.016,1,10005,0,128461.012,34697.520,105.575,95366.996,155068.652,49036.178
N,1,1,2025-01-08 13:20:00.018,1,10006,0,128461.012,34697.857,105.575,95367.225,155068.652,49036.590
N,1,1,2025-01-08 13:25:00.003,1,10007,0,128461.012,34697.935,105.575,95367.466,155068.652,49036.844
N,1,1,2025-01-08 13:30:00.009,1,10008,0,128461.012,34698.445,105.575,95367.700,155068.652,49037.424
N,1,1,2025-01-08 13:35:00.007,1,10009,0,128461.012,34699.136,105.575,95367.919,155068.652,49038.149
N,1,1,2025-01-08 13:40:00.013,1,10010,0,128461.012,34699.451,105.575,95368.135,155068.652,49038.536
N,1,1,2025-01-08 13:45:00.018,1,10011,0,128461.012,34699.672,105.575,95368.352,155068.652,49038.846
N,1,1,2025-01-08 13:50:00.020,1,10012,0,128461.012,34700.135,105.575,95368.570,155068.652,49039.363
N,1,1,2025-01-08 13:55:00.008,1,10013,0,128461.012,34700.828,105.575,95368.787,155068.652,49040.090
N,1,1,2025-01-08 14:00:00.013,1,10014,0,128461.012,34701.575,105.575,95369.013,155068.652,49040.871
N,1,1,2025-01-08 14:05:00.015,1,10015,0,128461.012,34702.229,105.575,95369.251,155068.652,49041.568
N,1,1,2025-01-08 14:10:00.015,1,10016,0,128461.012,34702.689,105.575,95369.491,155068.652,49042.087
N,1,1,2025-01-08 14:15:00.018,1,10017,0,128461.012,34703.099,105.575,95369.740,155068.653,49042.567
N,1,1,2025-01-08 14:20:00.008,1,10018,0,128461.012,34703.612,105.575,95369.983,155068.653,49043.137
N,1,1,2025-01-08 14:25:00.003,1,10019,0,128461.012,34704.153,105.575,95370.225,155068.653,49043.730
N,1,1,2025-01-08 14:30:00.010,1,10020,0,128461.012,34704.822,105.575,95370.464,155068.653,49044.442
N,1,1,2025-01-08 14:35:00.004,1,10021,0,128461.012,34705.525,105.575,95370.703,155068.653,49045.184
N,1,1,2025-01-08 14:40:00.019,1,10022,0,128461.012,34706.210,105.575,95370.951,155068.653,49045.913
N,1,1,2025-01-08 14:45:00.008,1,10023,0,128461.012,34706.699,105.575,95371.202,155068.653,49046.466
N,1,1,2025-01-08 14:50:00.010,1,10024,0,128461.013,34706.922,105.575,95371.454,155068.657,49046.803
N,1,1,2025-01-08 14:55:00.001,1,10025,0,128461.013,34707.354,105.575,95371.704,155068.657,49047.306
N,1,1,2025-01-08 15:00:00.009,1,10026,0,128461.013,34707.755,105.575,95371.957,155068.657,49047.781
N,1,1,2025-01-08 15:05:00.009,1,10027,0,128461.013,34708.120,105.575,95372.217,155068.657,49048.229
N,1,1,2025-01-08 15:10:00.010,1,10028,0,128461.013,34708.387,105.575,95372.483,155068.657,49048.614
N,1,1,2025-01-08 15:15:00.010,1,10029,0,128461.013,34708.505,105.575,95372.756,155068.657,49048.920
N,1,1,2025-01-08 15:20:00.010,1,10030,0,128461.013,34708.629,105.575,95373.029,155068.657,49049.224
N,1,1,2025-01-08 15:25:00.003,1,10031,0,128461.014,34708.892,105.575,95373.297,155068.667,49049.600
N,1,1,2025-01-08 15:30:00.010,1,10032,0,128461.016,34709.015,105.575,95373.566,155068.682,49049.889
N,1,1,2025-01-08 15:35:00.015,1,10033,0,128461.071,34709.043,105.591,95373.779,155068.822,49050.008
N,1,1,2025-01-08 15:40:00.005,1,10034,0,128461.089,34709.073,105.591,95374.050,155068.920,49050.189
N,1,1,2025-01-08 15:45:00.026,1,10035,0,128461.124,34709.092,105.591,95374.319,155069.062,49050.328
N,1,1,2025-01-08 15:50:00.005,1,10036,0,128461.136,34709.199,105.591,95374.603,155069.105,49050.602
N,1,1,2025-01-08 15:55:00.018,1,10037,0,128461.214,34709.259,105.591,95374.881,155069.295,49050.733
N,1,1,2025-01-08 16:00:00.012,1,10038,0,128461.217,34709.271,105.591,95375.166,155069.394,49050.920
N,1,1,2025-01-08 16:05:00.006,1,10039,0,128461.219,34709.285,105.591,95375.444,155069.504,49051.092
N,1,1,2025-01-08 16:10:00.001,1,10040,0,128461.225,34709.291,105.591,95375.720,155069.632,49051.240
N,1,1,2025-01-08 16:15:00.004,1,10041,0,128461.229,34709.296,105.591,95375.995,155069.762,49051.385
N,1,1,2025-01-08 16:20:00.015,1,10042,0,128461.243,34709.367,105.591,95376.258,155069.839,49051.594
N,1,1,2025-01-08 16:25:00.011,1,10043,0,128461.262,34709.413,105.591,95376.498,155069.961,49051.730
N,1,1,2025-01-08 16:30:00.015,1,10044,0,128461.287,34709.426,105.591,95376.749,155070.134,49051.812
N,1,1,2025-01-08 16:35:00.019,1,10045,0,128461.294,34709.428,105.591,95377.015,155070.295,49051.917
N,1,1,2025-01-08 16:40:00.014,1,10046,0,128461.295,34709.579,105.591,95377.283,155070.332,49052.206
N,1,1,2025-01-08 16:45:00.018,1,10047,0,128461.295,34709.838,105.591,95377.545,155070.332,49052.574
N,1,1,2025-01-08 16:50:00.015,1,10048,0,128461.300,34710.009,105.591,95377.806,155070.374,49052.859
N,1,1,2025-01-08 16:55:00.009,1,10049,0,128461.358,34710.033,105.591,95378.068,155070.530,49052.990
N,1,1,2025-01-08 17:00:00.005,1,10050,0,128461.360,34710.087,105.591,95378.350,155070.611,49053.200
N,1,1,2025-01-08 17:05:00.002,1,10051,0,128461.362,34710.172,105.591,95378.633,155070.618,49053.489
N,1,1,2025-01-08 17:10:00.015,1,10052,0,128461.363,34710.230,105.591,95378.917,155070.620,49053.778
N,1,1,2025-01-08 17:15:00.014,1,10053,0,128461.363,34710.262,105.591,95379.195,155070.621,49054.057
N,1,1,2025-01-08 17:20:00.017,1,10054,0,128461.372,34710.268,105.591,95379.474,155070.752,49054.208
N,1,1,2025-01-08 17:25:00.003,1,10055,0,128461.458,34710.277,105.591,95379.743,155070.974,49054.283
N,1,1,2025-01-08 17:30:00.005,1,10056,0,128461.460,34710.283,105.591,95380.007,155071.034,49054.487
N,1,1,2025-01-08 17:35:00.007,1,10057,0,128461.463,34710.296,105.591,95380.265,155071.162,49054.620
N,1,1,2025-01-08 17:40:00.002,1,10058,0,128461.539,34710.298,105.591,95380.538,155071.365,49054.712
N,1,1,2025-01-08 17:45:00.007,1,10059,0,128461.543,34710.303,105.591,95380.794,155071.493,49054.841
N,1,1,2025-01-08 17:50:00.019,1,10060,0,128461.553,34710.304,105.591,95381.045,155071.668,49054.917
N,1,1,2025-01-08 17:55:00.003,1,10061,0,128461.556,34710.322,105.591,95381.306,155071.758,49055.091
N,1,1,2025-01-08 18:00:00.001,1,10062,0,128461.559,34710.325,105.591,95381.574,155071.878,49055.239
N,1,1,2025-01-08 18:05:00.014,1,10063,0,128461.560,34710.328,105.591,95381.843,155071.988,49055.399
N,1,1,2025-01-08 18:10:00.011,1,10064,0,128461.580,34710.329,105.591,95382.108,155072.157,49055.497
N,1,1,2025-01-08 18:15:00.008,1,10065,0,128461.681,34710.336,105.591,95382.361,155072.387,49055.564
N,1,1,2025-01-08 18:20:00.003,1,10066,0,128462.030,34710.336,105.591,95382.621,155072.823,49055.564
N,1,1,2025-01-08 18:25:00.007,1,10067,0,128462.417,34710.336,105.591,95382.881,155073.291,49055.564
N,1,1,2025-01-08 18:30:00.008,1,10068,0,128462.946,34710.336,105.591,95383.136,155073.878,49055.564
N,1,1,2025-01-08 18:35:00.011,1,10069,0,128463.466,34710.336,105.591,95383.390,155074.457,49055.564
N,1,1,2025-01-08 18:40:00.010,1,10070,0,128464.053,34710.336,105.591,95383.610,155075.085,49055.564
N,1,1,2025-01-08 18:45:00.011,1,10071,0,128464.575,34710.336,105.591,95383.821,155075.651,49055.564
N,1,1,2025-01-08 18:50:00.010,1,10072,0,128465.048,34710.336,105.591,95384.028,155076.170,49055.564
N,1,1,2025-01-08 18:55:00.005,1,10073,0,128465.412,34710.336,105.591,95384.269,155076.610,49055.564
N,1,1,2025-01-08 19:00:00.016,1,10074,0,128465.522,34710.336,105.591,95384.492,155076.870,49055.564
N,1,1,2025-01-08 19:05:00.016,1,10075,0,128465.671,34710.336,105.591,95384.726,155077.157,49055.564
N,1,1,2025-01-08 19:10:00.001,1,10076,0,128465.887,34710.336,105.591,95384.996,155077.511,49055.564
N,1,1,2025-01-08 19:15:00.012,1,10077,0,128466.426,34710.336,105.591,95385.282,155078.128,49055.564
N,1,1,2025-01-08 19:20:00.011,1,10078,0,128467.221,34710.336,105.591,95385.573,155078.976,49055.564
N,1,1,2025-01-08 19:25:00.012,1,10079,0,128467.885,34710.336,105.591,95385.876,155079.712,49055.564
N,1,1,2025-01-08 19:30:00.027,1,10080,0,128468.700,34710.336,105.591,95386.185,155080.586,49055.564
N,1,1,2025-01-08 19:35:00.017,1,10081,0,128469.565,34710.336,105.591,95386.499,155081.508,49055.564
N,1,1,2025-01-08 19:40:00.005,1,10082,0,128469.842,34710.336,105.591,95386.790,155081.920,49055.564
N,1,1,2025-01-08 19:45:00.001,1,10083,0,128470.017,34710.336,105.591,95387.063,155082.247,49055.564
N,1,1,2025-01-08 19:50:00.010,1,10084,0,128470.264,34710.336,105.591,95387.332,155082.617,49055.564
N,1,1,2025-01-08 19:55:00.010,1,10085,0,128470.743,34710.336,105.591,95387.609,155083.173,49055.564
N,1,1,2025-01-08 20:00:00.009,1,10086,0,128471.366,34710.336,105.591,95387.882,155083.856,49055.564
N,1,1,2025-01-08 20:05:00.007,1,10087,0,128471.964,34710.336,105.591,95388.159,155084.516,49055.564
N,1,1,2025-01-08 20:10:00.010,1,10088,0,128472.647,34710.336,105.591,95388.438,155085.254,49055.564
N,1,1,2025-01-08 20:15:00.019,1,10089,0,128473.306,34710.336,105.591,95388.719,155085.971,49055.564
N,1,1,2025-01-08 20:20:00.001,1,10090,0,128473.927,34710.336,105.591,95389.000,155086.653,49055.564
N,1,1,2025-01-08 20:25:00.016,1,10091,0,128474.667,34710.336,105.591,95389.279,155087.445,49055.564
N,1,1,2025-01-08 20:30:00.003,1,10092,0,128475.268,34710.336,105.608,95389.495,155088.100,49055.564
N,1,1,2025-01-08 20:35:00.001,1,10093,0,128475.779,34710.336,105.608,95389.765,155088.681,49055.564
N,1,1,2025-01-08 20:40:00.013,1,10094,0,128476.287,34710.336,105.608,95390.042,155089.261,49055.564
N,1,1,2025-01-08 20:45:00.007,1,10095,0,128476.613,34710.336,105.608,95390.332,155089.698,49055.564
N,1,1,2025-01-08 20:50:00.006,1,10096,0,128476.944,34710.336,105.608,95390.621,155090.138,49055.564
N,1,1,2025-01-08 20:55:00.020,1,10097,0,128477.301,34710.336,105.608,95390.910,155090.598,49055.564
N,1,1,2025-01-08 21:00:00.006,1,10098,0,128477.673,34710.336,105.608,95391.197,155091.069,49055.564
N,1,1,2025-01-08 21:05:00.020,1,10099,0,128478.062,34710.336,105.608,95391.484,155091.553,49055.564
N,1,1,2025-01-08 21:10:00.003,1,10100,0,128478.348,34710.336,105.608,95391.764,155091.955,49055.564
N,1,1,2025-01-08 21:15:00.020,1,10101,0,128478.607,34710.336,105.608,95392.040,155092.334,49055.564
N,1,1,2025-01-08 21:20:00.011,1,10102,0,128478.887,34710.336,105.608,95392.332,155092.739,49055.564
N,1,1,2025-01-08 21:25:00.016,1,10103,0,128479.185,34710.336,105.608,95392.635,155093.164,49055.564
N,1,1,2025-01-08 21:30:00.013,1,10104,0,128479.892,34710.336,105.608,95392.951,155093.945,49055.564
N,1,1,2025-01-08 21:35:00.007,1,10105,0,128480.724,34710.336,105.608,95393.261,155094.832,49055.564
N,1,1,2025-01-08 21:40:00.010,1,10106,0,128481.571,34710.336,105.608,95393.559,155095.731,49055.564
N,1,1,2025-01-08 21:45:00.020,1,10107,0,128482.337,34710.336,105.608,95393.858,155096.554,49055.564
N,1,1,2025-01-08 21:50:00.001,1,10108,0,128482.894,34710.336,105.608,95394.153,155097.185,49055.564
N,1,1,2025-01-08 21:55:00.006,1,10109,0,128483.238,34710.336,105.608,95394.444,155097.636,49055.564
N,1,1,2025-01-08 22:00:00.014,1,10110,0,128483.584,34710.336,105.608,95394.734,155098.087,49055.564
N,1,1,2025-01-08 22:05:00.016,1,10111,0,128483.816,34710.336,105.608,95395.018,155098.459,49055.564
N,1,1,2025-01-08 22:10:00.010,1,10112,0,128484.008,34710.336,105.608,95395.306,155098.805,49055.564
N,1,1,2025-01-08 22:15:00.019,1,10113,0,128484.306,34710.336,105.608,95395.589,155099.227,49055.564
N,1,1,2025-01-08 22:20:00.015,1,10114,0,128484.834,34710.336,105.608,95395.868,155099.824,49055.564
N,1,1,2025-01-08 22:25:00.006,1,10115,0,128485.332,34710.336,105.608,95396.132,155100.389,49055.564
N,1,1,2025-01-08 22:30:00.020,1,10116,0,128485.944,34710.336,105.608,95396.393,155101.055,49055.564
N,1,1,2025-01-08 22:35:00.015,1,10117,0,128486.408,34710.336,105.608,95396.644,155101.583,49055.564
N,1,1,2025-01-08 22:40:00.005,1,10118,0,128486.561,34710.336,105.608,95396.882,155101.867,49055.564
N,1,1,2025-01-08 22:45:00.002,1,10119,0,128486.694,34710.336,105.608,95397.126,155102.144,49055.564
N,1,1,2025-01-08 22:50:00.003,1,10120,0,128486.810,34710.336,105.608,95397.375,155102.419,49055.564
N,1,1,2025-01-08 22:55:00.013,1,10121,0,128486.966,34710.336,105.608,95397.627,155102.717,49055.564
N,1,1,2025-01-08 23:00:00.011,1,10122,0,128487.143,34710.336,105.608,95397.876,155103.023,49055.564
N,1,1,2025-01-08 23:05:00.003,1,10123,0,128487.340,34710.336,105.608,95398.119,155103.337,49055.564
N,1,1,2025-01-08 23:10:00.013,1,10124,0,128487.568,34710.336,105.608,95398.366,155103.675,49055.564
N,1,1,2025-01-08 23:15:00.004,1,10125,0,128488.025,34710.336,105.608,95398.610,155104.197,49055.564
N,1,1,2025-01-08 23:20:00.002,1,10126,0,128488.765,34710.336,105.608,95398.860,155104.979,49055.564
N,1,1,2025-01-08 23:25:00.019,1,10127,0,128489.394,34710.336,105.608,95399.109,155105.655,49055.564
N,1,1,2025-01-08 23:30:00.006,1,10128,0,128490.018,34710.336,105.608,95399.362,155106.328,49055.564
N,1,1,2025-01-08 23:35:00.005,1,10129,0,128490.520,34710.336,105.608,95399.611,155106.894,49055.564
N,1,1,2025-01-08 23:40:00.017,1,10130,0,128490.838,34710.336,105.608,95399.853,155107.294,49055.564
N,1,1,2025-01-08 23:45:00.005,1,10131,0,128491.129,34710.336,105.608,95400.096,155107.673,49055.564
N,1,1,2025-01-08 23:50:00.002,1,10132,0,128491.400,34710.336,105.608,95400.340,155108.039,49055.564
N,1,1,2025-01-08 23:55:00.004,1,10133,0,128491.745,34710.336,105.608,95400.591,155108.467,49055.564
N,1,1,2025-01-09 00:00:00.005,1,10134,0,128492.052,34710.336,105.608,95400.843,155108.868,49055.564
N,1,1,2025-01-09 00:05:00.016,1,10135,0,128492.248,34710.336,105.608,95401.091,155109.184,49055.564
N,1,1,2025-01-09 00:10:00.012,1,10136,0,128492.427,34710.336,105.608,95401.343,155109.493,49055.564
N,1,1,2025-01-09 00:15:00.049,1,10137,0,128492.599,34710.336,105.608,95401.588,155109.793,49055.564
N,1,1,2025-01-09 00:20:00.002,1,10138,0,128492.777,34710.336,105.608,95401.831,155110.094,49055.564
N,1,1,2025-01-09 00:25:00.011,1,10139,0,128492.961,34710.336,105.608,95402.066,155110.393,49055.564
N,1,1,2025-01-09 00:30:00.045,1,10140,0,128493.158,34710.336,105.608,95402.303,155110.700,49055.564
N,1,1,2025-01-09 00:35:00.004,1,10141,0,128493.432,34710.336,105.608,95402.537,155111.069,49055.564
N,1,1,2025-01-09 00:40:00.017,1,10142,0,128493.906,34710.336,105.608,95402.775,155111.599,49055.564
N,1,1,2025-01-09 00:45:00.045,1,10143,0,128494.115,34710.336,105.608,95403.014,155111.922,49055.564
N,1,1,2025-01-09 00:50:00.018,1,10144,0,128494.257,34710.336,105.608,95403.259,155112.205,49055.564
N,1,1,2025-01-09 00:55:00.008,1,10145,0,128494.399,34710.336,105.608,95403.506,155112.491,49055.564
N,1,1,2025-01-09 01:00:00.023,1,10146,0,128494.554,34710.336,105.608,95403.745,155112.776,49055.564
N,1,1,2025-01-09 01:05:00.015,1,10147,0,128494.752,34710.336,105.608,95403.966,155113.073,49055.564
N,1,1,2025-01-09 01:10:00.009,1,10148,0,128494.928,34710.336,105.608,95404.194,155113.362,49055.564
N,1,1,2025-01-09 01:15:00.009,1,10149,0,128495.217,34710.336,105.608,95404.427,155113.732,49055.564
N,1,1,2025-01-09 01:20:00.005,1,10150,0,128495.485,34710.336,105.608,95404.659,155114.089,49055.564
N,1,1,2025-01-09 01:25:00.001,1,10151,0,128495.689,34710.336,105.608,95404.893,155114.401,49055.564
N,1,1,2025-01-09 01:30:00.020,1,10152,0,128495.866,34710.336,105.608,95405.128,155114.695,49055.564
N,1,1,2025-01-09 01:35:00.011,1,10153,0,128496.024,34710.336,105.608,95405.369,155114.984,49055.564
N,1,1,2025-01-09 01:40:00.011,1,10154,0,128496.288,34710.336,105.608,95405.611,155115.344,49055.564
N,1,1,2025-01-09 01:45:00.012,1,10155,0,128496.554,34710.336,105.608,95405.848,155115.701,49055.564
N,1,1,2025-01-09 01:50:00.017,1,10156,0,128496.866,34710.336,105.608,95406.082,155116.097,49055.564
N,1,1,2025-01-09 01:55:00.006,1,10157,0,128497.448,34710.336,105.608,95406.320,155116.726,49055.564
N,1,1,2025-01-09 02:00:00.024,1,10158,0,128497.765,34710.336,105.608,95406.554,155117.122,49055.564
N,1,1,2025-01-09 02:05:00.015,1,10159,0,128498.042,34710.336,105.608,95406.789,155117.487,49055.564
N,1,1,2025-01-09 02:10:00.004,1,10160,0,128498.302,34710.336,105.608,95407.033,155117.845,49055.564
N,1,1,2025-01-09 02:15:00.023,1,10161,0,128498.559,34710.336,105.608,95407.281,155118.204,49055.564
N,1,1,2025-01-09 02:20:00.017,1,10162,0,128498.798,34710.336,105.608,95407.527,155118.549,49055.564
N,1,1,2025-01-09 02:25:00.006,1,10163,0,128499.029,34710.336,105.608,95407.767,155118.885,49055.564
N,1,1,2025-01-09 02:30:00.020,1,10164,0,128499.288,34710.336,105.608,95408.002,155119.237,49055.564
N,1,1,2025-01-09 02:35:00.004,1,10165,0,128499.527,34710.336,105.608,95408.237,155119.574,49055.564
N,1,1,2025-01-09 02:40:00.004,1,10166,0,128499.781,34710.336,105.608,95408.473,155119.923,49055.564
N,1,1,2025-01-09 02:45:00.013,1,10167,0,128500.025,34710.336,105.608,95408.709,155120.265,49055.564
N,1,1,2025-01-09 02:50:00.012,1,10168,0,128500.315,34710.336,105.608,95408.952,155120.651,49055.564
N,1,1,2025-01-09 02:55:00.011,1,10169,0,128500.838,34710.336,105.608,95409.200,155121.231,49055.564
N,1,1,2025-01-09 03:00:00.018,1,10170,0,128501.122,34710.336,105.608,95409.449,155121.615,49055.564
N,1,1,2025-01-09 03:05:00.021,1,10171,0,128501.357,34710.336,105.608,95409.695,155121.959,49055.564
N,1,1,2025-01-09 03:10:00.006,1,10172,0,128501.593,34710.336,105.608,95409.939,155122.301,49055.564
N,1,1,2025-01-09 03:15:00.017,1,10173,0,128501.815,34710.336,105.608,95410.180,155122.632,49055.564
N,1,1,2025-01-09 03:20:00.019,1,10174,0,128502.040,34710.336,105.608,95410.419,155122.963,49055.564
N,1,1,2025-01-09 03:25:00.017,1,10175,0,128502.271,34710.336,105.608,95410.658,155123.298,49055.564
N,1,1,2025-01-09 03:30:00.009,1,10176,0,128502.506,34710.336,105.608,95410.905,155123.642,49055.564
N,1,1,2025-01-09 03:35:00.009,1,10177,0,128502.723,34710.336,105.608,95411.148,155123.971,49055.564
N,1,1,2025-01-09 03:40:00.017,1,10178,0,128503.053,34710.336,105.608,95411.392,155124.394,49055.564
N,1,1,2025-01-09 03:45:00.029,1,10179,0,128503.553,34710.336,105.608,95411.632,155124.950,49055.564
N,1,1,2025-01-09 03:50:00.004,1,10180,0,128503.779,34710.336,105.608,95411.867,155125.279,49055.564
N,1,1,2025-01-09 03:55:00.010,1,10181,0,128504.006,34710.336,105.608,95412.102,155125.609,49055.564
N,1,1,2025-01-09 04:00:00.030,1,10182,0,128504.235,34710.336,105.608,95412.337,155125.940,49055.564
N,1,1,2025-01-09 04:05:00.006,1,10183,0,128504.451,34710.336,105.608,95412.570,155126.261,49055.564
N,1,1,2025-01-09 04:10:00.010,1,10184,0,128504.662,34710.336,105.608,95412.810,155126.584,49055.564
N,1,1,2025-01-09 04:15:00.008,1,10185,0,128504.872,34710.336,105.608,95413.052,155126.908,49055.564
N,1,1,2025-01-09 04:20:00.008,1,10186,0,128505.082,34710.336,105.608,95413.291,155127.230,49055.564
N,1,1,2025-01-09 04:25:00.006,1,10187,0,128505.294,34710.336,105.608,95413.524,155127.548,49055.564
N,1,1,2025-01-09 04:30:00.018,1,10188,0,128505.532,34710.336,105.608,95413.761,155127.887,49055.564
N,1,1,2025-01-09 04:35:00.005,1,10189,0,128505.796,34710.336,105.608,95414.008,155128.250,49055.564
N,1,1,2025-01-09 04:40:00.015,1,10190,0,128506.006,34710.336,105.608,95414.253,155128.574,49055.564
N,1,1,2025-01-09 04:45:00.016,1,10191,0,128506.219,34710.336,105.608,95414.497,155128.898,49055.564
N,1,1,2025-01-09 04:50:00.008,1,10192,0,128506.460,34710.336,105.608,95414.752,155129.250,49055.564
N,1,1,2025-01-09 04:55:00.019,1,10193,0,128506.944,34710.336,105.608,95415.011,155129.800,49055.564
N,1,1,2025-01-09 05:00:00.034,1,10194,0,128507.293,34710.336,105.608,95415.267,155130.242,49055.564
N,1,1,2025-01-09 05:05:00.008,1,10195,0,128507.721,34710.336,105.608,95415.522,155130.746,49055.564
N,1,1,2025-01-09 05:10:00.007,1,10196,0,128508.180,34710.336,105.608,95415.781,155131.278,49055.564
N,1,1,2025-01-09 05:15:00.004,1,10197,0,128508.385,34710.336,105.608,95416.044,155131.612,49055.564
N,1,1,2025-01-09 05:20:00.009,1,10198,0,128508.589,34710.336,105.608,95416.307,155131.944,49055.564
N,1,1,2025-01-09 05:25:00.013,1,10199,0,128508.794,34710.336,105.608,95416.565,155132.273,49055.564
N,1,1,2025-01-09 05:30:00.005,1,10200,0,128508.979,34710.336,105.608,95416.819,155132.588,49055.564
N,1,1,2025-01-09 05:35:00.002,1,10201,0,128509.150,34710.336,105.608,95417.064,155132.887,49055.564
N,1,1,2025-01-09 05:40:00.008,1,10202,0,128509.423,34710.336,105.608,95417.311,155133.264,49055.564
N,1,1,2025-01-09 05:45:00.017,1,10203,0,128509.877,34710.336,105.608,95417.552,155133.778,49055.564
N,1,1,2025-01-09 05:50:00.003,1,10204,0,128510.224,34710.336,105.608,95417.797,155134.211,49055.564
N,1,1,2025-01-09 05:55:00.016,1,10205,0,128510.403,34710.336,105.608,95418.039,155134.512,49055.564
N,1,1,2025-01-09 06:00:00.010,1,10206,0,128510.590,34710.336,105.609,95418.273,155134.814,49055.564
N,1,1,2025-01-09 06:05:00.017,1,10207,0,128510.727,34710.336,105.609,95418.512,155135.090,49055.564
N,1,1,2025-01-09 06:10:00.014,1,10208,0,128510.840,34710.336,105.609,95418.753,155135.357,49055.564
N,1,1,2025-01-09 06:15:00.007,1,10209,0,128510.942,34710.336,105.609,95418.992,155135.621,49055.564
N,1,1,2025-01-09 06:20:00.010,1,10210,0,128511.213,34710.336,105.609,95419.230,155135.986,49055.564
N,1,1,2025-01-09 06:25:00.015,1,10211,0,128511.282,34710.336,105.609,95419.459,155136.226,49055.564
N,1,1,2025-01-09 06:30:00.006,1,10212,0,128511.320,34710.336,105.609,95419.687,155136.457,49055.564
N,1,1,2025-01-09 06:35:00.001,1,10213,0,128511.342,34710.336,105.609,95419.914,155136.673,49055.577
N,1,1,2025-01-09 06:40:00.020,1,10214,0,128511.354,34710.342,105.609,95420.140,155136.774,49055.704
N,1,1,2025-01-09 06:45:00.010,1,10215,0,128511.385,34710.345,105.609,95420.373,155136.969,49055.745
N,1,1,2025-01-09 06:50:00.008,1,10216,0,128511.414,34710.348,105.609,95420.606,155137.161,49055.789
N,1,1,2025-01-09 06:55:00.008,1,10217,0,128511.419,34710.359,105.609,95420.827,155137.255,49055.917
N,1,1,2025-01-09 07:00:00.008,1,10218,0,128511.431,34710.368,105.609,95421.050,155137.386,49056.011
N,1,1,2025-01-09 07:05:00.008,1,10219,0,128511.433,34710.373,105.609,95421.270,155137.437,49056.180
N,1,1,2025-01-09 07:10:00.003,1,10220,0,128511.434,34710.376,105.609,95421.490,155137.498,49056.340
N,1,1,2025-01-09 07:15:00.011,1,10221,0,128511.437,34710.382,105.609,95421.711,155137.573,49056.485
N,1,1,2025-01-09 07:20:00.013,1,10222,0,128511.448,34710.397,105.609,95421.936,155137.647,49056.640
N,1,1,2025-01-09 07:25:00.004,1,10223,0,128511.474,34710.423,105.609,95422.175,155137.766,49056.770
N,1,1,2025-01-09 07:30:00.011,1,10224,0,128511.507,34710.472,105.609,95422.419,155137.857,49056.940
N,1,1,2025-01-09 07:35:00.008,1,10225,0,128511.523,34710.490,105.609,95422.659,155137.991,49057.052
N,1,1,2025-01-09 07:40:00.001,1,10226,0,128511.531,34710.515,105.609,95422.896,155138.077,49057.207
N,1,1,2025-01-09 07:45:00.012,1,10227,0,128511.533,34710.520,105.609,95423.128,155138.132,49057.385
N,1,1,2025-01-09 07:50:00.016,1,10228,0,128511.537,34710.527,105.609,95423.359,155138.219,49057.528
N,1,1,2025-01-09 07:55:00.003,1,10229,0,128511.549,34710.542,105.609,95423.595,155138.329,49057.657
N,1,1,2025-01-09 08:00:00.020,1,10230,0,128511.575,34710.561,105.609,95423.837,155138.468,49057.767
N,1,1,2025-01-09 08:05:00.018,1,10231,0,128511.619,34710.582,105.609,95424.077,155138.612,49057.879
N,1,1,2025-01-09 08:10:00.020,1,10232,0,128511.639,34710.616,105.609,95424.320,155138.722,49058.021
N,1,1,2025-01-09 08:15:00.011,1,10233,0,128511.674,34710.654,105.609,95424.564,155138.860,49058.143
N,1,1,2025-01-09 08:20:00.015,1,10234,0,128511.724,34710.671,105.609,95424.803,155139.001,49058.259
N,1,1,2025-01-09 08:25:00.001,1,10235,0,128511.766,34710.697,105.609,95425.036,155139.100,49058.414
N,1,1,2025-01-09 08:30:00.013,1,10236,0,128511.950,34710.697,105.609,95425.266,155139.400,49058.420
N,1,1,2025-01-09 08:35:00.005,1,10237,0,128511.980,34710.721,105.609,95425.486,155139.495,49058.567
N,1,1,2025-01-09 08:40:00.012,1,10238,0,128511.990,34710.763,105.609,95425.717,155139.577,49058.730
N,1,1,2025-01-09 08:45:00.006,1,10239,0,128511.997,34710.845,105.609,95425.947,155139.653,49058.918
N,1,1,2025-01-09 08:50:00.018,1,10240,0,128512.004,34710.940,105.609,95426.176,155139.697,49059.135
N,1,1,2025-01-09 08:55:00.011,1,10241,0,128512.008,34710.949,105.609,95426.408,155139.781,49059.284
N,1,1,2025-01-09 09:00:00.004,1,10242,0,128512.017,34711.025,105.609,95426.643,155139.807,49059.512
N,1,1,2025-01-09 09:05:00.009,1,10243,0,128512.017,34711.173,105.609,95426.871,155139.807,49059.784
N,1,1,2025-01-09 09:10:00.001,1,10244,0,128512.020,34711.353,105.609,95427.096,155139.829,49060.057
N,1,1,2025-01-09 09:15:00.018,1,10245,0,128512.036,34711.381,105.609,95427.326,155139.946,49060.178
N,1,1,2025-01-09 09:20:00.007,1,10246,0,128512.039,34711.658,105.609,95427.554,155139.962,49060.534
N,1,1,2025-01-09 09:25:00.011,1,10247,0,128512.040,34711.845,105.609,95427.792,155139.970,49060.833
N,1,1,2025-01-09 09:30:00.003,1,10248,0,128512.041,34712.106,105.609,95428.022,155139.970,49061.183
N,1,1,2025-01-09 09:35:00.012,1,10249,0,128512.041,34712.395,105.609,95428.252,155139.970,49061.552
N,1,1,2025-01-09 09:40:00.013,1,10250,0,128512.041,34712.669,105.609,95428.484,155139.971,49061.911
N,1,1,2025-01-09 09:45:00.002,1,10251,0,128512.041,34712.949,105.609,95428.703,155139.971,49062.267
N,1,1,2025-01-09 09:50:00.016,1,10252,0,128512.041,34713.217,105.609,95428.935,155139.971,49062.622
N,1,1,2025-01-09 09:55:00.009,1,10253,0,128512.041,34713.513,105.609,95429.172,155139.971,49063.001
N,1,1,2025-01-09 10:00:00.013,1,10254,0,128512.041,34713.752,105.609,95429.404,155139.972,49063.341
N,1,1,2025-01-09 10:05:00.015,1,10255,0,128512.060,34713.788,105.609,95429.631,155140.068,49063.486
N,1,1,2025-01-09 10:10:00.011,1,10256,0,128512.072,34713.845,105.609,95429.853,155140.226,49063.578
N,1,1,2025-01-09 10:15:00.008,1,10257,0,128512.082,34713.882,105.609,95430.074,155140.325,49063.711
N,1,1,2025-01-09 10:20:00.007,1,10258,0,128512.090,34713.947,105.609,95430.302,155140.391,49063.891
N,1,1,2025-01-09 10:25:00.019,1,10259,0,128512.095,34713.969,105.609,95430.546,155140.453,49064.077
N,1,1,2025-01-09 10:30:00.003,1,10260,0,128512.097,34714.035,105.609,95430.783,155140.473,49064.308
N,1,1,2025-01-09 10:35:00.009,1,10261,0,128512.097,34714.170,105.609,95431.026,155140.475,49064.588
N,1,1,2025-01-09 10:40:00.018,1,10262,0,128512.098,34714.268,105.609,95431.267,155140.503,49064.830
N,1,1,2025-01-09 10:45:00.011,1,10263,0,128512.099,34714.411,105.609,95431.511,155140.512,49065.111
N,1,1,2025-01-09 10:50:00.008,1,10264,0,128512.108,34714.539,105.609,95431.738,155140.549,49065.346
N,1,1,2025-01-09 10:55:00.003,1,10265,0,128512.116,34714.690,105.609,95431.952,155140.579,49065.595
N,1,1,2025-01-09 11:00:00.011,1,10266,0,128512.126,34714.722,105.609,95432.194,155140.666,49065.761
N,1,1,2025-01-09 11:05:00.004,1,10267,0,128512.126,34714.739,105.609,95432.425,155140.674,49065.984
N,1,1,2025-01-09 11:10:00.003,1,10268,0,128512.127,34714.793,105.609,95432.659,155140.677,49066.223
N,1,1,2025-01-09 11:15:00.011,1,10269,0,128512.127,34714.908,105.609,95432.911,155140.677,49066.511
N,1,1,2025-01-09 11:20:00.008,1,10270,0,128512.127,34715.280,105.609,95433.157,155140.678,49066.958
N,1,1,2025-01-09 11:25:00.014,1,10271,0,128512.127,34715.660,105.609,95433.391,155140.678,49067.405
N,1,1,2025-01-09 11:30:00.005,1,10272,0,128512.130,34715.786,105.609,95433.618,155140.708,49067.658
N,1,1,2025-01-09 11:35:00.004,1,10273,0,128512.130,34715.986,105.609,95433.844,155140.708,49067.961
N,1,1,2025-01-09 11:40:00.017,1,10274,0,128512.138,34716.017,105.609,95434.072,155140.810,49068.099
N,1,1,2025-01-09 11:45:00.018,1,10275,0,128512.139,34716.156,105.609,95434.303,155140.833,49068.357
N,1,1,2025-01-09 11:50:00.003,1,10276,0,128512.151,34716.171,105.609,95434.535,155140.989,49068.438
N,1,1,2025-01-09 11:55:00.000,1,10277,0,128512.172,34716.220,105.609,95434.767,155141.105,49068.571
N,1,1,2025-01-09 12:00:00.026,1,10278,0,128512.173,34716.298,105.609,95434.996,155141.147,49068.783
N,1,1,2025-01-09 12:05:00.005,1,10279,0,128512.177,34716.314,105.609,95435.253,155141.190,49069.000
N,1,1,2025-01-09 12:10:00.006,1,10280,0,128512.177,34716.347,105.609,95435.507,155141.192,49069.255
N,1,1,2025-01-09 12:15:00.009,1,10281,0,128512.178,34716.493,105.609,95435.761,155141.194,49069.550
N,1,1,2025-01-09 12:20:00.009,1,10282,0,128512.178,34716.615,105.609,95436.023,155141.200,49069.839
N,1,1,2025-01-09 12:25:00.011,1,10283,0,128512.178,34716.738,105.609,95436.288,155141.200,49070.134
N,1,1,2025-01-09 12:30:00.024,1,10284,0,128512.190,34716.769,105.609,95436.567,155141.339,49070.280
N,1,1,2025-01-09 12:35:00.009,1,10285,0,128512.217,34716.798,105.609,95436.841,155141.502,49070.401
N,1,1,2025-01-09 12:40:00.018,1,10286,0,128512.250,34716.837,105.609,95437.121,155141.619,49070.576
N,1,1,2025-01-09 12:45:00.011,1,10287,0,128512.282,34716.862,105.609,95437.398,155141.790,49070.693
N,1,1,2025-01-09 12:50:00.009,1,10288,0,128512.296,34716.873,105.609,95437.658,155141.971,49070.775
N,1,1,2025-01-09 12:55:00.008,1,10289,0,128512.308,34716.883,105.609,95437.925,155142.139,49070.875
N,1,1,2025-01-09 13:00:00.015,1,10290,0,128512.321,34716.945,105.609,95438.191,155142.256,49071.046
N,1,1,2025-01-09 13:05:00.018,1,10291,0,128512.335,34716.973,105.609,95438.472,155142.402,49071.190
N,1,1,2025-01-09 13:10:00.010,1,10292,0,128512.342,34717.014,105.609,95438.758,155142.497,49071.390
N,1,1,2025-01-09 13:15:00.012,1,10293,0,128512.355,34717.060,105.609,95439.051,155142.577,49071.614
N,1,1,2025-01-09 13:20:00.003,1,10294,0,128512.371,34717.088,105.609,95439.342,155142.670,49071.821
N,1,1,2025-01-09 13:25:00.006,1,10295,0,128512.386,34717.102,105.609,95439.627,155142.839,49071.941
N,1,1,2025-01-09 13:30:00.027,1,10296,0,128512.406,34717.121,105.609,95439.904,155143.018,49072.044
N,1,1,2025-01-09 13:35:00.007,1,10297,0,128512.409,34717.125,105.609,95440.189,155143.137,49072.210
N,1,1,2025-01-09 13:40:00.013,1,10298,0,128512.413,34717.129,105.609,95440.470,155143.272,49072.356
N,1,1,2025-01-09 13:45:00.011,1,10299,0,128512.416,34717.192,105.609,95440.742,155143.330,49072.593
N,1,1,2025-01-09 13:50:00.015,1,10300,0,128512.428,34717.297,105.609,95441.020,155143.413,49072.824
N,1,1,2025-01-09 13:55:00.017,1,10301,0,128512.440,34717.360,105.609,95441.300,155143.461,49073.072
N,1,1,2025-01-09 14:00:00.006,1,10302,0,128512.440,34717.473,105.609,95441.574,155143.461,49073.370
N,1,1,2025-01-09 14:05:00.005,1,10303,0,128512.441,34717.640,105.609,95441.851,155143.463,49073.692
N,1,1,2025-01-09 14:10:00.003,1,10304,0,128512.441,34717.855,105.609,95442.116,155143.463,49074.034
N,1,1,2025-01-09 14:15:00.015,1,10305,0,128512.544,34717.994,105.609,95442.390,155143.641,49074.229
N,1,1,2025-01-09 14:20:00.013,1,10306,0,128512.990,34717.994,105.609,95442.670,155144.174,49074.229
N,1,1,2025-01-09 14:25:00.007,1,10307,0,128513.028,34718.057,105.609,95442.937,155144.337,49074.373
N,1,1,2025-01-09 14:30:00.000,1,10308,0,128513.041,34718.061,105.609,95443.211,155144.494,49074.492
N,1,1,2025-01-09 14:35:00.003,1,10309,0,128513.046,34718.118,105.609,95443.494,155144.596,49074.688
N,1,1,2025-01-09 14:40:00.002,1,10310,0,128513.052,34718.186,105.609,95443.786,155144.642,49074.948
N,1,1,2025-01-09 14:45:00.006,1,10311,0,128513.058,34718.295,105.609,95444.071,155144.665,49075.240
N,1,1,2025-01-09 14:50:00.010,1,10312,0,128513.058,34718.394,105.609,95444.349,155144.665,49075.544
N,1,1,2025-01-09 14:55:00.015,1,10313,0,128513.058,34718.633,105.609,95444.626,155144.666,49075.910
N,1,1,2025-01-09 15:00:00.009,1,10314,0,128513.058,34718.895,105.609,95444.901,155144.666,49076.290
N,1,1,2025-01-09 15:05:00.012,1,10315,0,128513.058,34719.138,105.609,95445.174,155144.667,49076.655
N,1,1,2025-01-09 15:10:00.001,1,10316,0,128513.058,34719.400,105.609,95445.444,155144.667,49077.031
N,1,1,2025-01-09 15:15:00.011,1,10317,0,128513.058,34719.638,105.609,95445.716,155144.667,49077.393
N,1,1,2025-01-09 15:20:00.003,1,10318,0,128513.069,34719.682,105.609,95445.989,155144.778,49077.570
N,1,1,2025-01-09 15:25:00.004,1,10319,0,128513.080,34719.841,105.609,95446.259,155144.843,49077.844
N,1,1,2025-01-09 15:30:00.010,1,10320,0,128513.086,34719.937,105.609,95446.541,155144.875,49078.115
N,1,1,2025-01-09 15:35:00.016,1,10321,0,128513.093,34720.025,105.609,95446.817,155144.890,49078.395
N,1,1,2025-01-09 15:40:00.008,1,10322,0,128513.094,34720.083,105.609,95447.103,155144.923,49078.655
N,1,1,2025-01-09 15:45:00.019,1,10323,0,128513.099,34720.157,105.609,95447.383,155144.936,49078.935
N,1,1,2025-01-09 15:50:00.004,1,10324,0,128513.103,34720.245,105.609,95447.650,155144.946,49079.207
N,1,1,2025-01-09 15:55:00.007,1,10325,0,128513.104,34720.310,105.609,95447.912,155144.949,49079.476
N,1,1,2025-01-09 16:00:00.015,1,10326,0,128513.104,34720.400,105.609,95448.200,155144.949,49079.778
N,1,1,2025-01-09 16:05:00.009,1,10327,0,128513.139,34720.424,105.609,95448.483,155145.087,49079.933
N,1,1,2025-01-09 16:10:00.012,1,10328,0,128513.144,34720.429,105.609,95448.767,155145.223,49080.081
N,1,1,2025-01-09 16:15:00.001,1,10329,0,128513.150,34720.441,105.609,95449.047,155145.293,49080.294
N,1,1,2025-01-09 16:20:00.011,1,10330,0,128513.151,34720.481,105.609,95449.330,155145.296,49080.577
N,1,1,2025-01-09 16:25:00.009,1,10331,0,128513.184,34720.502,105.609,95449.599,155145.417,49080.736
N,1,1,2025-01-09 16:30:00.004,1,10332,0,128513.224,34720.531,105.609,95449.870,155145.533,49080.908
N,1,1,2025-01-09 16:35:00.009,1,10333,0,128513.231,34720.556,105.609,95450.148,155145.604,49081.119
N,1,1,2025-01-09 16:40:00.015,1,10334,0,128513.241,34720.573,105.609,95450.418,155145.704,49081.291
N,1,1,2025-01-09 16:45:00.015,1,10335,0,128513.247,34720.578,105.609,95450.678,155145.833,49081.423
N,1,1,2025-01-09 16:50:00.001,1,10336,0,128513.253,34720.583,105.609,95450.941,155145.977,49081.543
N,1,1,2025-01-09 16:55:00.010,1,10337,0,128513.258,34720.587,105.609,95451.195,155146.106,49081.669
N,1,1,2025-01-09 17:00:00.004,1,10338,0,128513.261,34720.591,105.609,95451.445,155146.220,49081.805
N,1,1,2025-01-09 17:05:00.011,1,10339,0,128513.265,34720.595,105.609,95451.700,155146.351,49081.929
N,1,1,2025-01-09 17:10:00.018,1,10340,0,128513.270,34720.600,105.609,95451.972,155146.494,49082.059
N,1,1,2025-01-09 17:15:00.001,1,10341,0,128513.273,34720.603,105.609,95452.247,155146.605,49082.222
N,1,1,2025-01-09 17:20:00.010,1,10342,0,128513.276,34720.611,105.609,95452.497,155146.685,49082.392
N,1,1,2025-01-09 17:25:00.016,1,10343,0,128513.280,34720.614,105.609,95452.751,155146.810,49082.522
N,1,1,2025-01-09 17:30:00.017,1,10344,0,128513.291,34720.625,105.609,95453.025,155146.932,49082.678
N,1,1,2025-01-09 17:35:00.020,1,10345,0,128513.308,34720.639,105.609,95453.292,155147.061,49082.819
N,1,1,2025-01-09 17:40:00.002,1,10346,0,128513.319,34720.646,105.609,95453.564,155147.180,49082.975
N,1,1,2025-01-09 17:45:00.010,1,10347,0,128513.416,34720.652,105.609,95453.835,155147.443,49083.009
N,1,1,2025-01-09 17:50:00.011,1,10348,0,128513.534,34720.652,105.609,95454.096,155147.731,49083.009
N,1,1,2025-01-09 17:55:00.015,1,10349,0,128513.731,34720.652,105.609,95454.353,155148.056,49083.009
N,1,1,2025-01-09 18:00:00.019,1,10350,0,128514.002,34720.652,105.609,95454.605,155148.427,49083.009
N,1,1,2025-01-09 18:05:00.005,1,10351,0,128514.301,34720.652,105.609,95454.861,155148.824,49083.009
N,1,1,2025-01-09 18:10:00.011,1,10352,0,128514.358,34720.652,105.609,95455.119,155149.089,49083.009
N,1,1,2025-01-09 18:15:00.008,1,10353,0,128514.443,34720.652,105.609,95455.376,155149.360,49083.009
N,1,1,2025-01-09 18:20:00.014,1,10354,0,128514.569,34720.652,105.609,95455.633,155149.646,49083.009
N,1,1,2025-01-09 18:25:00.008,1,10355,0,128514.715,34720.652,105.609,95455.883,155149.936,49083.009
N,1,1,2025-01-09 18:30:00.010,1,10356,0,128514.880,34720.652,105.609,95456.129,155150.232,49083.009
N,1,1,2025-01-09 18:35:00.012,1,10357,0,128515.054,34720.652,105.609,95456.375,155150.534,49083.009
N,1,1,2025-01-09 18:40:00.013,1,10358,0,128515.287,34720.652,105.609,95456.616,155150.870,49083.009
N,1,1,2025-01-09 18:45:00.010,1,10359,0,128515.496,34720.652,105.609,95456.864,155151.194,49083.009
N,1,1,2025-01-09 18:50:00.003,1,10360,0,128515.728,34720.652,105.609,95457.125,155151.545,49083.009
N,1,1,2025-01-09 18:55:00.002,1,10361,0,128515.993,34720.652,105.609,95457.404,155151.930,49083.009
N,1,1,2025-01-09 19:00:00.005,1,10362,0,128516.298,34720.652,105.609,95457.699,155152.354,49083.009
N,1,1,2025-01-09 19:05:00.002,1,10363,0,128516.652,34720.652,105.609,95457.994,155152.819,49083.009
N,1,1,2025-01-09 19:10:00.012,1,10364,0,128517.322,34720.652,105.618,95458.233,155153.542,49083.009
N,1,1,2025-01-09 19:15:00.018,1,10365,0,128518.109,34720.652,105.618,95458.532,155154.385,49083.009
N,1,1,2025-01-09 19:20:00.019,1,10366,0,128519.009,34720.652,105.618,95458.831,155155.333,49083.009
N,1,1,2025-01-09 19:25:00.007,1,10367,0,128519.735,34720.652,105.618,95459.131,155156.122,49083.009
N,1,1,2025-01-09 19:30:00.008,1,10368,0,128520.242,34720.652,105.618,95459.431,155156.712,49083.009
N,1,1,2025-01-09 19:35:00.006,1,10369,0,128520.583,34720.652,105.618,95459.723,155157.164,49083.009
N,1,1,2025-01-09 19:40:00.016,1,10370,0,128520.847,34720.652,105.618,95460.018,155157.560,49083.009
N,1,1,2025-01-09 19:45:00.003,1,10371,0,128521.092,34720.652,105.618,95460.312,155157.943,49083.009
N,1,1,2025-01-09 19:50:00.013,1,10372,0,128521.340,34720.652,105.618,95460.605,155158.326,49083.009
N,1,1,2025-01-09 19:55:00.014,1,10373,0,128521.582,34720.652,105.618,95460.887,155158.698,49083.009
N,1,1,2025-01-09 20:00:00.016,1,10374,0,128521.838,34720.652,105.618,95461.170,155159.081,49083.009
N,1,1,2025-01-09 20:05:00.016,1,10375,0,128522.158,34720.652,105.618,95461.450,155159.509,49083.009
N,1,1,2025-01-09 20:10:00.005,1,10376,0,128522.815,34720.652,105.618,95461.724,155160.227,49083.009
N,1,1,2025-01-09 20:15:00.010,1,10377,0,128523.792,34720.652,105.618,95461.999,155161.243,49083.009
N,1,1,2025-01-09 20:20:00.012,1,10378,0,128524.539,34720.652,105.618,95462.268,155162.038,49083.009
N,1,1,2025-01-09 20:25:00.013,1,10379,0,128525.149,34720.652,105.618,95462.535,155162.705,49083.009
N,1,1,2025-01-09 20:30:00.018,1,10380,0,128525.739,34720.652,105.618,95462.799,155163.352,49083.009
N,1,1,2025-01-09 20:35:00.004,1,10381,0,128526.288,34720.652,105.618,95463.059,155163.963,49083.009
N,1,1,2025-01-09 20:40:00.018,1,10382,0,128527.090,34720.652,105.618,95463.315,155164.805,49083.009
N,1,1,2025-01-09 20:45:00.004,1,10383,0,128527.878,34720.652,105.618,95463.568,155165.633,49083.009
N,1,1,2025-01-09 20:50:00.017,1,10384,0,128528.441,34720.652,105.618,95463.817,155166.252,49083.009
N,1,1,2025-01-09 20:55:00.013,1,10385,0,128528.940,34720.652,105.618,95464.065,155166.809,49083.009
N,1,1,2025-01-09 21:00:00.014,1,10386,0,128529.191,34720.652,105.618,95464.313,155167.168,49083.009
N,1,1,2025-01-09 21:05:00.008,1,10387,0,128529.333,34720.652,105.618,95464.556,155167.452,49083.009
N,1,1,2025-01-09 21:10:00.011,1,10388,0,128529.605,34720.652,105.618,95464.799,155167.829,49083.009
N,1,1,2025-01-09 21:15:00.009,1,10389,0,128529.979,34720.652,105.618,95465.034,155168.271,49083.009
N,1,1,2025-01-09 21:20:00.019,1,10390,0,128530.480,34720.652,105.618,95465.259,155168.823,49083.009
N,1,1,2025-01-09 21:25:00.004,1,10391,0,128530.855,34720.652,105.618,95465.484,155169.260,49083.009
N,1,1,2025-01-09 21:30:00.002,1,10392,0,128531.228,34720.652,105.618,95465.711,155169.697,49083.009
N,1,1,2025-01-09 21:35:00.015,1,10393,0,128531.308,34720.652,105.618,95465.932,155169.940,49083.009
N,1,1,2025-01-09 21:40:00.010,1,10394,0,128531.368,34720.652,105.618,95466.156,155170.172,49083.009
N,1,1,2025-01-09 21:45:00.019,1,10395,0,128531.493,34720.652,105.618,95466.387,155170.438,49083.009
N,1,1,2025-01-09 21:50:00.009,1,10396,0,128531.630,34720.652,105.618,95466.632,155170.718,49083.009
N,1,1,2025-01-09 21:55:00.009,1,10397,0,128531.755,34720.652,105.618,95466.876,155170.993,49083.009
N,1,1,2025-01-09 22:00:00.018,1,10398,0,128531.863,34720.652,105.618,95467.122,155171.262,49083.009
N,1,1,2025-01-09 22:05:00.013,1,10399,0,128531.971,34720.652,105.618,95467.362,155171.525,49083.009
N,1,1,2025-01-09 22:10:00.013,1,10400,0,128532.044,34720.652,105.618,95467.603,155171.776,49083.009
N,1,1,2025-01-09 22:15:00.013,1,10401,0,128532.187,34720.652,105.618,95467.841,155172.070,49083.009
N,1,1,2025-01-09 22:20:00.001,1,10402,0,128532.476,34720.652,105.618,95468.076,155172.451,49083.009
N,1,1,2025-01-09 22:25:00.009,1,10403,0,128532.512,34720.652,105.618,95468.311,155172.689,49083.009
N,1,1,2025-01-09 22:30:00.015,1,10404,0,128532.551,34720.652,105.618,95468.548,155172.929,49083.009
N,1,1,2025-01-09 22:35:00.016,1,10405,0,128532.585,34720.652,105.618,95468.794,155173.176,49083.009
N,1,1,2025-01-09 22:40:00.015,1,10406,0,128532.664,34720.652,105.618,95469.039,155173.435,49083.009
N,1,1,2025-01-09 22:45:00.006,1,10407,0,128532.733,34720.652,105.618,95469.272,155173.678,49083.009
N,1,1,2025-01-09 22:50:00.002,1,10408,0,128532.826,34720.652,105.618,95469.503,155173.928,49083.009
N,1,1,2025-01-09 22:55:00.010,1,10409,0,128532.935,34720.652,105.618,95469.728,155174.177,49083.009
N,1,1,2025-01-09 23:00:00.010,1,10410,0,128533.119,34720.652,105.618,95469.949,155174.482,49083.009
N,1,1,2025-01-09 23:05:00.012,1,10411,0,128533.478,34720.652,105.618,95470.173,155174.912,49083.009
N,1,1,2025-01-09 23:10:00.016,1,10412,0,128533.611,34720.652,105.618,95470.392,155175.168,49083.009
N,1,1,2025-01-09 23:15:00.012,1,10413,0,128533.740,34720.652,105.618,95470.621,155175.430,49083.009
N,1,1,2025-01-09 23:20:00.009,1,10414,0,128533.855,34720.652,105.618,95470.855,155175.691,49083.009
N,1,1,2025-01-09 23:25:00.008,1,10415,0,128533.988,34720.652,105.618,95471.092,155175.966,49083.009
N,1,1,2025-01-09 23:30:00.007,1,10416,0,128534.139,34720.652,105.618,95471.328,155176.252,49083.009
N,1,1,2025-01-09 23:35:00.018,1,10417,0,128534.368,34720.652,105.618,95471.555,155176.580,49083.009
N,1,1,2025-01-09 23:40:00.009,1,10418,0,128534.473,34720.652,105.618,95471.781,155176.829,49083.009
N,1,1,2025-01-09 23:45:00.009,1,10419,0,128534.573,34720.652,105.618,95472.006,155177.075,49083.009
N,1,1,2025-01-09 23:50:00.019,1,10420,0,128534.662,34720.652,105.618,95472.229,155177.316,49083.009
N,1,1,2025-01-09 23:55:00.001,1,10421,0,128534.745,34720.652,105.618,95472.452,155177.553,49083.009
N,1,1,2025-01-10 00:00:00.017,1,10422,0,128534.905,34720.652,105.618,95472.688,155177.853,49083.009
N,1,1,2025-01-10 00:05:00.000,1,10423,0,128535.323,34720.652,105.618,95472.941,155178.341,49083.009
N,1,1,2025-01-10 00:10:00.002,1,10424,0,128535.491,34720.652,105.618,95473.195,155178.648,49083.009
N,1,1,2025-01-10 00:15:00.046,1,10425,0,128535.702,34720.652,105.618,95473.447,155178.978,49083.009
N,1,1,2025-01-10 00:20:00.014,1,10426,0,128535.923,34720.652,105.618,95473.697,155179.312,49083.009
N,1,1,2025-01-10 00:25:00.009,1,10427,0,128536.143,34720.652,105.618,95473.946,155179.644,49083.009
N,1,1,2025-01-10 00:30:00.025,1,10428,0,128536.364,34720.652,105.618,95474.194,155179.975,49083.009
N,1,1,2025-01-10 00:35:00.020,1,10429,0,128536.595,34720.652,105.618,95474.443,155180.316,49083.009
N,1,1,2025-01-10 00:40:00.007,1,10430,0,128536.884,34720.652,105.618,95474.698,155180.702,49083.009
N,1,1,2025-01-10 00:45:00.005,1,10431,0,128537.181,34720.652,105.618,95474.964,155181.100,49083.009
N,1,1,2025-01-10 00:50:00.000,1,10432,0,128537.485,34720.652,105.618,95475.235,155181.507,49083.009
N,1,1,2025-01-10 00:55:00.017,1,10433,0,128537.783,34720.652,105.618,95475.501,155181.907,49083.009
N,1,1,2025-01-10 01:00:00.018,1,10434,0,128538.069,34720.652,105.618,95475.755,155182.289,49083.009
N,1,1,2025-01-10 01:05:00.006,1,10435,0,128538.511,34720.652,105.618,95476.003,155182.801,49083.009
N,1,1,2025-01-10 01:10:00.021,1,10436,0,128538.871,34720.652,105.618,95476.249,155183.244,49083.009
N,1,1,2025-01-10 01:15:00.009,1,10437,0,128539.109,34720.652,105.618,95476.492,155183.584,49083.009
N,1,1,2025-01-10 01:20:00.010,1,10438,0,128539.327,34720.652,105.618,95476.730,155183.907,49083.009
N,1,1,2025-01-10 01:25:00.012,1,10439,0,128539.536,34720.652,105.618,95476.968,155184.224,49083.009
N,1,1,2025-01-10 01:30:00.023,1,10440,0,128539.748,34720.652,105.618,95477.214,155184.549,49083.009
N,1,1,2025-01-10 01:35:00.006,1,10441,0,128540.132,34720.652,105.618,95477.461,155185.012,49083.009
N,1,1,2025-01-10 01:40:00.004,1,10442,0,128540.622,34720.652,105.618,95477.707,155185.561,49083.009
N,1,1,2025-01-10 01:45:00.017,1,10443,0,128540.963,34720.652,105.618,95477.944,155185.985,49083.009
N,1,1,2025-01-10 01:50:00.008,1,10444,0,128541.170,34720.652,105.618,95478.179,155186.297,49083.009
N,1,1,2025-01-10 01:55:00.006,1,10445,0,128541.368,34720.652,105.618,95478.413,155186.604,49083.009
N,1,1,2025-01-10 02:00:00.014,1,10446,0,128541.558,34720.652,105.618,95478.648,155186.906,49083.009
N,1,1,2025-01-10 02:05:00.013,1,10447,0,128541.747,34720.652,105.618,95478.881,155187.206,49083.009
N,1,1,2025-01-10 02:10:00.007,1,10448,0,128542.104,34720.652,105.618,95479.122,155187.644,49083.009
N,1,1,2025-01-10 02:15:00.027,1,10449,0,128542.570,34720.652,105.618,95479.367,155188.170,49083.009
N,1,1,2025-01-10 02:20:00.009,1,10450,0,128543.001,34720.652,105.618,95479.613,155188.671,49083.009
N,1,1,2025-01-10 02:25:00.003,1,10451,0,128543.473,34720.652,105.618,95479.860,155189.204,49083.009
N,1,1,2025-01-10 02:30:00.011,1,10452,0,128543.664,34720.652,105.618,95480.101,155189.511,49083.009
N,1,1,2025-01-10 02:35:00.018,1,10453,0,128543.846,34720.652,105.618,95480.339,155189.812,49083.009
N,1,1,2025-01-10 02:40:00.018,1,10454,0,128544.038,34720.652,105.618,95480.581,155190.120,49083.009
N,1,1,2025-01-10 02:45:00.008,1,10455,0,128544.235,34720.652,105.618,95480.824,155190.433,49083.009
N,1,1,2025-01-10 02:50:00.003,1,10456,0,128544.421,34720.652,105.618,95481.069,155190.740,49083.009
N,1,1,2025-01-10 02:55:00.008,1,10457,0,128544.600,34720.652,105.618,95481.318,155191.048,49083.009
N,1,1,2025-01-10 03:00:00.015,1,10458,0,128544.778,34720.652,105.618,95481.566,155191.353,49083.009
N,1,1,2025-01-10 03:05:00.014,1,10459,0,128544.965,34720.652,105.618,95481.809,155191.660,49083.009
N,1,1,2025-01-10 03:10:00.004,1,10460,0,128545.182,34720.652,105.618,95482.046,155191.983,49083.009
N,1,1,2025-01-10 03:15:00.013,1,10461,0,128545.676,34720.652,105.618,95482.286,155192.533,49083.009
N,1,1,2025-01-10 03:20:00.001,1,10462,0,128546.029,34720.652,105.618,95482.524,155192.968,49083.009
N,1,1,2025-01-10 03:25:00.009,1,10463,0,128546.215,34720.652,105.618,95482.761,155193.270,49083.009
N,1,1,2025-01-10 03:30:00.019,1,10464,0,128546.402,34720.652,105.618,95483.001,155193.574,49083.009
N,1,1,2025-01-10 03:35:00.004,1,10465,0,128546.582,34720.652,105.618,95483.248,155193.879,49083.009
N,1,1,2025-01-10 03:40:00.011,1,10466,0,128546.812,34720.652,105.618,95483.498,155194.223,49083.009
N,1,1,2025-01-10 03:45:00.016,1,10467,0,128547.391,34720.652,105.618,95483.743,155194.854,49083.009
N,1,1,2025-01-10 03:50:00.009,1,10468,0,128547.981,34720.652,105.618,95483.978,155195.490,49083.009
N,1,1,2025-01-10 03:55:00.019,1,10469,0,128548.511,34720.652,105.618,95484.213,155196.070,49083.009
N,1,1,2025-01-10 04:00:00.016,1,10470,0,128549.001,34720.652,105.618,95484.448,155196.614,49083.009
N,1,1,2025-01-10 04:05:00.012,1,10471,0,128549.391,34720.652,105.618,95484.685,155197.073,49083.009
N,1,1,2025-01-10 04:10:00.018,1,10472,0,128549.697,34720.652,105.618,95484.929,155197.465,49083.009
N,1,1,2025-01-10 04:15:00.006,1,10473,0,128550.122,34720.652,105.618,95485.179,155197.964,49083.009
N,1,1,2025-01-10 04:20:00.019,1,10474,0,128550.627,34720.652,105.618,95485.429,155198.528,49083.009
N,1,1,2025-01-10 04:25:00.018,1,10475,0,128550.846,34720.652,105.618,95485.675,155198.860,49083.009
N,1,1,2025-01-10 04:30:00.007,1,10476,0,128551.054,34720.652,105.618,95485.915,155199.179,49083.009
N,1,1,2025-01-10 04:35:00.007,1,10477,0,128551.248,34720.652,105.618,95486.152,155199.485,49083.009
N,1,1,2025-01-10 04:40:00.013,1,10478,0,128551.435,34720.652,105.618,95486.388,155199.787,49083.009
N,1,1,2025-01-10 04:45:00.002,1,10479,0,128551.616,34720.652,105.618,95486.625,155200.085,49083.009
N,1,1,2025-01-10 04:50:00.010,1,10480,0,128551.789,34720.652,105.618,95486.867,155200.382,49083.009
N,1,1,2025-01-10 04:55:00.019,1,10481,0,128551.976,34720.652,105.618,95487.116,155200.694,49083.009
N,1,1,2025-01-10 05:00:00.003,1,10482,0,128552.161,34720.652,105.618,95487.369,155201.008,49083.009
N,1,1,2025-01-10 05:05:00.015,1,10483,0,128552.358,34720.652,105.618,95487.622,155201.329,49083.009
N,1,1,2025-01-10 05:10:00.019,1,10484,0,128552.530,34720.652,105.618,95487.866,155201.628,49083.009
N,1,1,2025-01-10 05:15:00.013,1,10485,0,128552.701,34720.652,105.618,95488.103,155201.919,49083.009
N,1,1,2025-01-10 05:20:00.007,1,10486,0,128552.857,34720.652,105.618,95488.332,155202.197,49083.009
N,1,1,2025-01-10 05:25:00.017,1,10487,0,128553.249,34720.652,105.618,95488.565,155202.658,49083.009
N,1,1,2025-01-10 05:30:00.024,1,10488,0,128553.631,34720.652,105.618,95488.789,155203.106,49083.009
N,1,1,2025-01-10 05:35:00.013,1,10489,0,128553.775,34720.652,105.618,95489.011,155203.371,49083.009
N,1,1,2025-01-10 05:40:00.005,1,10490,0,128553.911,34720.652,105.618,95489.235,155203.633,49083.009
N,1,1,2025-01-10 05:45:00.013,1,10491,0,128554.032,34720.652,105.618,95489.459,155203.887,49083.009
N,1,1,2025-01-10 05:50:00.011,1,10492,0,128554.351,34720.652,105.618,95489.692,155204.293,49083.009
N,1,1,2025-01-10 05:55:00.010,1,10493,0,128554.701,34720.652,105.618,95489.916,155204.718,49083.009
N,1,1,2025-01-10 06:00:00.010,1,10494,0,128554.795,34720.652,105.618,95490.139,155204.960,49083.009
N,1,1,2025-01-10 06:05:00.013,1,10495,0,128554.915,34720.652,105.618,95490.360,155205.219,49083.009
N,1,1,2025-01-10 06:10:00.002,1,10496,0,128555.398,34720.652,105.618,95490.582,155205.751,49083.009
N,1,1,2025-01-10 06:15:00.017,1,10497,0,128555.687,34720.652,105.619,95490.799,155206.125,49083.009
N,1,1,2025-01-10 06:20:00.015,1,10498,0,128555.784,34720.652,105.619,95491.026,155206.373,49083.009
N,1,1,2025-01-10 06:25:00.020,1,10499,0,128555.849,34720.652,105.619,95491.255,155206.611,49083.009
N,1,1,2025-01-10 06:30:00.016,1,10500,0,128555.883,34720.652,105.619,95491.482,155206.841,49083.009
N,1,1,2025-01-10 06:35:00.011,1,10501,0,128555.915,34720.652,105.619,95491.704,155207.065,49083.009
N,1,1,2025-01-10 06:40:00.003,1,10502,0,128555.917,34720.660,105.619,95491.918,155207.127,49083.161
N,1,1,2025-01-10 06:45:00.001,1,10503,0,128555.919,34720.672,105.619,95492.128,155207.164,49083.335
N,1,1,2025-01-10 06:50:00.016,1,10504,0,128555.920,34720.676,105.619,95492.338,155207.214,49083.495
N,1,1,2025-01-10 06:55:00.012,1,10505,0,128555.921,34720.682,105.619,95492.552,155207.248,49083.676
N,1,1,2025-01-10 07:00:00.027,1,10506,0,128555.921,34720.687,105.619,95492.772,155207.290,49083.854
N,1,1,2025-01-10 07:05:00.004,1,10507,0,128555.923,34720.692,105.619,95492.993,155207.348,49084.016
N,1,1,2025-01-10 07:10:00.018,1,10508,0,128555.932,34720.699,105.619,95493.219,155207.457,49084.134
N,1,1,2025-01-10 07:15:00.001,1,10509,0,128555.944,34720.701,105.619,95493.437,155207.579,49084.232
N,1,1,2025-01-10 07:20:00.019,1,10510,0,128555.948,34720.720,105.619,95493.655,155207.638,49084.395
N,1,1,2025-01-10 07:25:00.015,1,10511,0,128555.966,34720.741,105.619,95493.879,155207.753,49084.511
N,1,1,2025-01-10 07:30:00.019,1,10512,0,128555.982,34720.811,105.619,95494.102,155207.840,49084.673
N,1,1,2025-01-10 07:35:00.006,1,10513,0,128555.991,34720.815,105.619,95494.321,155207.944,49084.789
N,1,1,2025-01-10 07:40:00.010,1,10514,0,128556.007,34720.859,105.619,95494.546,155208.019,49084.952
N,1,1,2025-01-10 07:45:00.015,1,10515,0,128556.028,34720.891,105.619,95494.769,155208.143,49085.062
N,1,1,2025-01-10 07:50:00.003,1,10516,0,128556.050,34720.911,105.619,95494.993,155208.264,49085.173
N,1,1,2025-01-10 07:55:00.003,1,10517,0,128556.071,34720.982,105.619,95495.216,155208.325,49085.358
N,1,1,2025-01-10 08:00:00.006,1,10518,0,128556.097,34720.999,105.619,95495.435,155208.460,49085.449
N,1,1,2025-01-10 08:05:00.014,1,10519,0,128556.099,34721.096,105.619,95495.652,155208.504,49085.663
N,1,1,2025-01-10 08:10:00.017,1,10520,0,128556.112,34721.164,105.619,95495.872,155208.566,49085.841
N,1,1,2025-01-10 08:15:00.007,1,10521,0,128556.135,34721.189,105.619,95496.091,155208.672,49085.970
N,1,1,2025-01-10 08:20:00.013,1,10522,0,128556.140,34721.198,105.619,95496.314,155208.762,49086.104
N,1,1,2025-01-10 08:25:00.001,1,10523,0,128556.151,34721.258,105.619,95496.544,155208.849,49086.265
N,1,1,2025-01-10 08:30:00.011,1,10524,0,128556.159,34721.277,105.619,95496.767,155208.957,49086.386
N,1,1,2025-01-10 08:35:00.010,1,10525,0,128556.175,34721.297,105.619,95496.988,155209.057,49086.513
N,1,1,2025-01-10 08:40:00.013,1,10526,0,128556.184,34721.300,105.619,95497.208,155209.177,49086.614
N,1,1,2025-01-10 08:45:00.012,1,10527,0,128556.188,34721.305,105.619,95497.424,155209.267,49086.740
N,1,1,2025-01-10 08:50:00.016,1,10528,0,128556.190,34721.341,105.619,95497.640,155209.349,49086.890
N,1,1,2025-01-10 08:55:00.020,1,10529,0,128556.194,34721.432,105.619,95497.858,155209.358,49087.125
N,1,1,2025-01-10 09:00:00.017,1,10530,0,128556.194,34721.547,105.619,95498.074,155209.371,49087.363
N,1,1,2025-01-10 09:05:00.010,1,10531,0,128556.194,34721.684,105.619,95498.294,155209.372,49087.636
N,1,1,2025-01-10 09:10:00.008,1,10532,0,128556.194,34721.947,105.619,95498.514,155209.372,49087.979
N,1,1,2025-01-10 09:15:00.003,1,10533,0,128556.194,34722.232,105.619,95498.734,155209.372,49088.339
N,1,1,2025-01-10 09:20:00.010,1,10534,0,128556.194,34722.575,105.619,95498.949,155209.372,49088.744
N,1,1,2025-01-10 09:25:00.006,1,10535,0,128556.194,34722.913,105.619,95499.157,155209.372,49089.140
N,1,1,2025-01-10 09:30:00.016,1,10536,0,128556.194,34723.196,105.619,95499.358,155209.372,49089.488
N,1,1,2025-01-10 09:35:00.012,1,10537,0,128556.194,34723.478,105.619,95499.575,155209.372,49089.844
N,1,1,2025-01-10 09:40:00.017,1,10538,0,128556.195,34723.788,105.619,95499.786,155209.372,49090.218
N,1,1,2025-01-10 09:45:00.018,1,10539,0,128556.195,34724.111,105.619,95499.995,155209.372,49090.604
N,1,1,2025-01-10 09:50:00.017,1,10540,0,128556.195,34724.451,105.619,95500.208,155209.373,49091.005
N,1,1,2025-01-10 09:55:00.020,1,10541,0,128556.195,34724.789,105.619,95500.421,155209.373,49091.405
N,1,1,2025-01-10 10:00:00.009,1,10542,0,128556.195,34725.151,105.619,95500.633,155209.373,49091.825
N,1,1,2025-01-10 10:05:00.020,1,10543,0,128556.195,34725.520,105.619,95500.849,155209.373,49092.252
N,1,1,2025-01-10 10:10:00.007,1,10544,0,128556.195,34725.915,105.619,95501.072,155209.373,49092.707
N,1,1,2025-01-10 10:15:00.006,1,10545,0,128556.195,34726.272,105.619,95501.294,155209.373,49093.129
N,1,1,2025-01-10 10:20:00.008,1,10546,0,128556.195,34726.693,105.619,95501.512,155209.373,49093.604
N,1,1,2025-01-10 10:25:00.011,1,10547,0,128556.195,34727.152,105.619,95501.725,155209.373,49094.110
N,1,1,2025-01-10 10:30:00.001,1,10548,0,128556.195,34727.489,105.619,95501.943,155209.373,49094.521
N,1,1,2025-01-10 10:35:00.009,1,10549,0,128556.195,34727.668,105.619,95502.162,155209.373,49094.805
N,1,1,2025-01-10 10:40:00.003,1,10550,0,128556.195,34727.892,105.619,95502.380,155209.374,49095.117
N,1,1,2025-01-10 10:45:00.012,1,10551,0,128556.195,34728.337,105.619,95502.600,155209.374,49095.618
N,1,1,2025-01-10 10:50:00.007,1,10552,0,128556.195,34728.885,105.619,95502.817,155209.374,49096.208
N,1,1,2025-01-10 10:55:00.018,1,10553,0,128556.195,34729.423,105.619,95503.035,155209.374,49096.788
N,1,1,2025-01-10 11:00:00.004,1,10554,0,128556.195,34729.965,105.619,95503.252,155209.374,49097.371
N,1,1,2025-01-10 11:05:00.010,1,10555,0,128556.195,34730.512,105.619,95503.476,155209.374,49097.963
N,1,1,2025-01-10 11:10:00.008,1,10556,0,128556.195,34731.069,105.619,95503.698,155209.374,49098.563
N,1,1,2025-01-10 11:15:00.007,1,10557,0,128556.195,34731.653,105.619,95503.917,155209.374,49099.186
N,1,1,2025-01-10 11:20:00.007,1,10558,0,128556.195,34732.238,105.619,95504.130,155209.374,49099.809
N,1,1,2025-01-10 11:25:00.003,1,10559,0,128556.195,34732.796,105.619,95504.340,155209.374,49100.405
N,1,1,2025-01-10 11:30:00.006,1,10560,0,128556.195,34733.348,105.619,95504.541,155209.374,49100.993
N,1,1,2025-01-10 11:35:00.002,1,10561,0,128556.195,34733.864,105.619,95504.743,155209.374,49101.548
N,1,1,2025-01-10 11:40:00.019,1,10562,0,128556.195,34734.388,105.619,95504.955,155209.374,49102.112
N,1,1,2025-01-10 11:45:00.011,1,10563,0,128556.195,34734.889,105.619,95505.172,155209.374,49102.661
N,1,1,2025-01-10 11:50:00.004,1,10564,0,128556.195,34735.157,105.619,95505.391,155209.374,49103.007
N,1,1,2025-01-10 11:55:00.016,1,10565,0,128556.195,34735.606,105.619,95505.603,155209.374,49103.508
N,1,1,2025-01-10 12:00:00.022,1,10566,0,128556.195,34736.138,105.619,95505.809,155209.374,49104.079
N,1,1,2025-01-10 12:05:00.018,1,10567,0,128556.195,34736.667,105.619,95506.011,155209.374,49104.645
N,1,1,2025-01-10 12:10:00.008,1,10568,0,128556.195,34737.202,105.619,95506.211,155209.374,49105.216
N,1,1,2025-01-10 12:15:00.001,1,10569,0,128556.195,34737.727,105.619,95506.412,155209.374,49105.779
N,1,1,2025-01-10 12:20:00.012,1,10570,0,128556.195,34738.253,105.619,95506.615,155209.374,49106.342
N,1,1,2025-01-10 12:25:00.015,1,10571,0,128556.195,34738.799,105.619,95506.824,155209.374,49106.927
N,1,1,2025-01-10 12:30:00.016,1,10572,0,128556.195,34739.343,105.619,95507.042,155209.374,49107.516
N,1,1,2025-01-10 12:35:00.018,1,10573,0,128556.195,34739.611,105.619,95507.266,155209.384,49107.862
N,1,1,2025-01-10 12:40:00.010,1,10574,0,128556.196,34739.651,105.619,95507.495,155209.393,49108.097
N,1,1,2025-01-10 12:45:00.004,1,10575,0,128556.196,34739.996,105.619,95507.715,155209.393,49108.506
N,1,1,2025-01-10 12:50:00.007,1,10576,0,128556.196,34740.434,105.619,95507.937,155209.393,49109.003
N,1,1,2025-01-10 12:55:00.003,1,10577,0,128556.196,34741.034,105.619,95508.168,155209.393,49109.646
N,1,1,2025-01-10 13:00:00.021,1,10578,0,128556.196,34741.658,105.619,95508.392,155209.393,49110.308
N,1,1,2025-01-10 13:05:00.010,1,10579,0,128556.196,34742.276,105.619,95508.613,155209.393,49110.965
N,1,1,2025-01-10 13:10:00.008,1,10580,0,128556.196,34742.985,105.619,95508.839,155209.393,49111.709
N,1,1,2025-01-10 13:15:00.014,1,10581,0,128556.196,34743.734,105.619,95509.061,155209.393,49112.491
N,1,1,2025-01-10 13:20:00.003,1,10582,0,128556.196,34744.565,105.619,95509.275,155209.393,49113.348
N,1,1,2025-01-10 13:25:00.016,1,10583,0,128556.196,34745.420,105.619,95509.484,155209.393,49114.229
N,1,1,2025-01-10 13:30:00.024,1,10584,0,128556.196,34746.305,105.619,95509.691,155209.393,49115.137
N,1,1,2025-01-10 13:35:00.013,1,10585,0,128556.196,34747.197,105.619,95509.899,155209.393,49116.054
N,1,1,2025-01-10 13:40:00.007,1,10586,0,128556.196,34748.091,105.619,95510.107,155209.393,49116.971
N,1,1,2025-01-10 13:45:00.025,1,10587,0,128556.196,34748.987,105.619,95510.307,155209.393,49117.890
N,1,1,2025-01-10 13:50:00.007,1,10588,0,128556.196,34749.906,105.619,95510.516,155209.393,49118.832
N,1,1,2025-01-10 13:55:00.003,1,10589,0,128556.196,34750.819,105.619,95510.727,155209.393,49119.769
N,1,1,2025-01-10 14:00:00.024,1,10590,0,128556.196,34751.744,105.619,95510.938,155209.393,49120.718
N,1,1,2025-01-10 14:05:00.006,1,10591,0,128556.196,34752.678,105.619,95511.144,155209.393,49121.674
N,1,1,2025-01-10 14:10:00.018,1,10592,0,128556.196,34753.601,105.619,95511.350,155209.393,49122.620
N,1,1,2025-01-10 14:15:00.013,1,10593,0,128556.196,34754.523,105.619,95511.556,155209.393,49123.565
N,1,1,2025-01-10 14:20:00.011,1,10594,0,128556.196,34755.453,105.619,95511.760,155209.393,49124.517
N,1,1,2025-01-10 14:25:00.007,1,10595,0,128556.196,34756.099,105.619,95511.971,155209.393,49125.198
N,1,1,2025-01-10 14:30:00.009,1,10596,0,128556.196,34756.440,105.619,95512.198,155209.395,49125.608
N,1,1,2025-01-10 14:35:00.001,1,10597,0,128556.196,34757.039,105.619,95512.436,155209.395,49126.255
N,1,1,2025-01-10 14:40:00.004,1,10598,0,128556.196,34757.676,105.619,95512.673,155209.395,49126.934
N,1,1,2025-01-10 14:45:00.018,1,10599,0,128556.196,34758.254,105.619,95512.908,155209.395,49127.559
N,1,1,2025-01-10 14:50:00.008,1,10600,0,128556.196,34758.801,105.619,95513.142,155209.395,49128.154
N,1,1,2025-01-10 14:55:00.006,1,10601,0,128556.196,34759.517,105.619,95513.373,155209.395,49128.907
N,1,1,2025-01-10 15:00:00.016,1,10602,0,128556.196,34760.262,105.619,95513.605,155209.395,49129.689
N,1,1,2025-01-10 15:05:00.001,1,10603,0,128556.196,34760.691,105.619,95513.840,155209.395,49130.183
N,1,1,2025-01-10 15:10:00.014,1,10604,0,128556.196,34761.212,105.619,95514.081,155209.395,49130.769
N,1,1,2025-01-10 15:15:00.001,1,10605,0,128556.196,34761.975,105.619,95514.320,155209.395,49131.569
N,1,1,2025-01-10 15:20:00.007,1,10606,0,128556.196,34762.410,105.619,95514.555,155209.395,49132.074
N,1,1,2025-01-10 15:25:00.016,1,10607,0,128556.196,34762.932,105.619,95514.783,155209.395,49132.645
N,1,1,2025-01-10 15:30:00.009,1,10608,0,128556.196,34763.503,105.619,95515.022,155209.395,49133.267
N,1,1,2025-01-10 15:35:00.009,1,10609,0,128556.196,34763.800,105.619,95515.265,155209.395,49133.651
N,1,1,2025-01-10 15:40:00.006,1,10610,0,128556.196,34764.294,105.619,95515.494,155209.395,49134.200
N,1,1,2025-01-10 15:45:00.008,1,10611,0,128556.196,34764.842,105.619,95515.730,155209.395,49134.796
N,1,1,2025-01-10 15:50:00.017,1,10612,0,128556.221,34765.032,105.619,95515.969,155209.452,49135.074
N,1,1,2025-01-10 15:55:00.015,1,10613,0,128556.313,34765.140,105.619,95516.218,155209.590,49135.268
N,1,1,2025-01-10 16:00:00.002,1,10614,0,128556.313,34765.626,105.619,95516.472,155209.590,49135.822
N,1,1,2025-01-10 16:05:00.013,1,10615,0,128556.314,34765.922,105.619,95516.721,155209.602,49136.218
N,1,1,2025-01-10 16:10:00.008,1,10616,0,128556.356,34766.120,105.619,95516.963,155209.702,49136.488
N,1,1,2025-01-10 16:15:00.006,1,10617,0,128556.360,34766.300,105.619,95517.205,155209.716,49136.801
N,1,1,2025-01-10 16:20:00.003,1,10618,0,128556.374,34766.433,105.619,95517.443,155209.802,49137.017
N,1,1,2025-01-10 16:25:00.017,1,10619,0,128556.379,34766.572,105.619,95517.676,155209.840,49137.279
N,1,1,2025-01-10 16:30:00.016,1,10620,0,128556.381,34766.845,105.619,95517.909,155209.851,49137.647
N,1,1,2025-01-10 16:35:00.006,1,10621,0,128556.381,34767.449,105.619,95518.135,155209.851,49138.292
N,1,1,2025-01-10 16:40:00.016,1,10622,0,128556.382,34767.901,105.619,95518.368,155209.861,49138.804
N,1,1,2025-01-10 16:45:00.020,1,10623,0,128556.382,34768.230,105.644,95518.559,155209.861,49139.201
N,1,1,2025-01-10 16:50:00.001,1,10624,0,128556.382,34768.669,105.644,95518.793,155209.861,49139.702
N,1,1,2025-01-10 16:55:00.020,1,10625,0,128556.382,34769.005,105.644,95519.025,155209.861,49140.112
N,1,1,2025-01-10 17:00:00.023,1,10626,0,128556.383,34769.247,105.644,95519.266,155209.864,49140.451
N,1,1,2025-01-10 17:05:00.008,1,10627,0,128556.384,34769.433,105.644,95519.517,155209.868,49140.763
N,1,1,2025-01-10 17:10:00.011,1,10628,0,128556.384,34769.606,105.644,95519.771,155209.869,49141.074
N,1,1,2025-01-10 17:15:00.028,1,10629,0,128556.404,34769.646,105.644,95520.030,155209.954,49141.259
N,1,1,2025-01-10 17:20:00.019,1,10630,0,128556.456,34769.680,105.644,95520.292,155210.147,49141.348
N,1,1,2025-01-10 17:25:00.008,1,10631,0,128556.520,34769.705,105.644,95520.555,155210.284,49141.504
N,1,1,2025-01-10 17:30:00.013,1,10632,0,128556.547,34769.732,105.644,95520.804,155210.404,49141.646
N,1,1,2025-01-10 17:35:00.004,1,10633,0,128556.553,34769.734,105.644,95521.070,155210.574,49141.742
N,1,1,2025-01-10 17:40:00.014,1,10634,0,128556.648,34769.737,105.644,95521.330,155210.798,49141.816
N,1,1,2025-01-10 17:45:00.021,1,10635,0,128556.729,34769.737,105.644,95521.583,155211.067,49141.816
N,1,1,2025-01-10 17:50:00.017,1,10636,0,128556.884,34769.737,105.644,95521.844,155211.374,49141.816
N,1,1,2025-01-10 17:55:00.018,1,10637,0,128557.077,34769.740,105.644,95522.113,155211.691,49141.835
N,1,1,2025-01-10 18:00:00.021,1,10638,0,128557.082,34769.744,105.644,95522.378,155211.823,49141.968
N,1,1,2025-01-10 18:05:00.006,1,10639,0,128557.228,34769.744,105.644,95522.639,155212.119,49141.977
N,1,1,2025-01-10 18:10:00.006,1,10640,0,128557.646,34769.744,105.644,95522.906,155212.623,49141.977
N,1,1,2025-01-10 18:15:00.023,1,10641,0,128558.006,34769.744,105.644,95523.173,155213.080,49141.977
N,1,1,2025-01-10 18:20:00.016,1,10642,0,128558.352,34769.744,105.644,95523.437,155213.516,49141.977
N,1,1,2025-01-10 18:25:00.013,1,10643,0,128558.844,34769.744,105.644,95523.693,155214.074,49141.977
N,1,1,2025-01-10 18:30:00.025,1,10644,0,128559.300,34769.744,105.644,95523.936,155214.593,49141.977
N,1,1,2025-01-10 18:35:00.003,1,10645,0,128559.712,34769.744,105.644,95524.177,155215.072,49141.977
N,1,1,2025-01-10 18:40:00.003,1,10646,0,128560.139,34769.744,105.644,95524.390,155215.552,49141.977
N,1,1,2025-01-10 18:45:00.017,1,10647,0,128560.440,34769.744,105.644,95524.601,155215.925,49141.977
N,1,1,2025-01-10 18:50:00.007,1,10648,0,128560.599,34769.744,105.644,95524.807,155216.196,49141.977
N,1,1,2025-01-10 18:55:00.004,1,10649,0,128560.650,34769.744,105.644,95525.013,155216.411,49141.977
N,1,1,2025-01-10 19:00:00.018,1,10650,0,128560.987,34769.744,105.644,95525.232,155216.814,49141.977
N,1,1,2025-01-10 19:05:00.006,1,10651,0,128561.298,34769.744,105.644,95525.449,155217.195,49141.977
N,1,1,2025-01-10 19:10:00.012,1,10652,0,128561.639,34769.744,105.644,95525.674,155217.607,49141.977
N,1,1,2025-01-10 19:15:00.002,1,10653,0,128561.767,34769.744,105.644,95525.903,155217.877,49141.977
N,1,1,2025-01-10 19:20:00.005,1,10654,0,128561.958,34769.744,105.644,95526.131,155218.181,49141.977
N,1,1,2025-01-10 19:25:00.001,1,10655,0,128562.175,34769.744,105.644,95526.355,155218.494,49141.977
N,1,1,2025-01-10 19:30:00.013,1,10656,0,128562.231,34769.744,105.644,95526.577,155218.729,49141.977
N,1,1,2025-01-10 19:35:00.002,1,10657,0,128562.377,34769.744,105.644,95526.803,155219.025,49141.977
N,1,1,2025-01-10 19:40:00.014,1,10658,0,128562.826,34769.744,105.644,95527.035,155219.532,49141.977
N,1,1,2025-01-10 19:45:00.012,1,10659,0,128563.151,34769.744,105.644,95527.267,155219.932,49141.977
N,1,1,2025-01-10 19:50:00.016,1,10660,0,128563.621,34769.744,105.644,95527.508,155220.463,49141.977
N,1,1,2025-01-10 19:55:00.012,1,10661,0,128563.845,34769.744,105.644,95527.748,155220.796,49141.977
N,1,1,2025-01-10 20:00:00.015,1,10662,0,128564.076,34769.744,105.644,95527.990,155221.134,49141.977
N,1,1,2025-01-10 20:05:00.003,1,10663,0,128564.251,34769.744,105.644,95528.229,155221.432,49141.977
N,1,1,2025-01-10 20:10:00.005,1,10664,0,128564.408,34769.744,105.644,95528.475,155221.725,49141.977
N,1,1,2025-01-10 20:15:00.009,1,10665,0,128564.648,34769.744,105.644,95528.731,155222.078,49141.977
N,1,1,2025-01-10 20:20:00.020,1,10666,0,128564.864,34769.744,105.644,95528.978,155222.408,49141.977
N,1,1,2025-01-10 20:25:00.003,1,10667,0,128565.121,34769.744,105.644,95529.223,155222.769,49141.977
N,1,1,2025-01-10 20:30:00.019,1,10668,0,128565.443,34769.744,105.644,95529.475,155223.179,49141.977
N,1,1,2025-01-10 20:35:00.017,1,10669,0,128565.643,34769.744,105.644,95529.721,155223.503,49141.977
N,1,1,2025-01-10 20:40:00.004,1,10670,0,128565.694,34769.744,105.644,95529.967,155223.758,49141.979
N,1,1,2025-01-10 20:45:00.001,1,10671,0,128565.707,34769.744,105.644,95530.212,155224.002,49141.980
N,1,1,2025-01-10 20:50:00.008,1,10672,0,128565.723,34769.745,105.644,95530.453,155224.183,49142.041
N,1,1,2025-01-10 20:55:00.013,1,10673,0,128565.943,34769.745,105.644,95530.696,155224.533,49142.041
N,1,1,2025-01-10 21:00:00.020,1,10674,0,128566.322,34769.745,105.644,95530.942,155224.985,49142.041
N,1,1,2025-01-10 21:05:00.003,1,10675,0,128566.666,34769.745,105.644,95531.179,155225.403,49142.041
N,1,1,2025-01-10 21:10:00.008,1,10676,0,128566.807,34769.745,105.644,95531.421,155225.690,49142.041
N,1,1,2025-01-10 21:15:00.019,1,10677,0,128567.005,34769.745,105.644,95531.677,155226.014,49142.041
N,1,1,2025-01-10 21:20:00.019,1,10678,0,128567.173,34769.745,105.644,95531.926,155226.317,49142.041
N,1,1,2025-01-10 21:25:00.010,1,10679,0,128567.355,34769.745,105.644,95532.182,155226.631,49142.041
N,1,1,2025-01-10 21:30:00.005,1,10680,0,128567.665,34769.745,105.644,95532.441,155227.046,49142.041
N,1,1,2025-01-10 21:35:00.010,1,10681,0,128568.387,34769.745,105.644,95532.704,155227.815,49142.041
N,1,1,2025-01-10 21:40:00.010,1,10682,0,128568.864,34769.745,105.644,95532.968,155228.378,49142.041
N,1,1,2025-01-10 21:45:00.004,1,10683,0,128569.027,34769.745,105.644,95533.226,155228.683,49142.041
N,1,1,2025-01-10 21:50:00.020,1,10684,0,128569.172,34769.745,105.644,95533.484,155228.980,49142.041
N,1,1,2025-01-10 21:55:00.018,1,10685,0,128569.378,34769.745,105.644,95533.750,155229.318,49142.041
N,1,1,2025-01-10 22:00:00.016,1,10686,0,128569.881,34769.745,105.644,95534.018,155229.888,49142.041
N,1,1,2025-01-10 22:05:00.009,1,10687,0,128570.120,34769.745,105.644,95534.281,155230.254,49142.041
N,1,1,2025-01-10 22:10:00.014,1,10688,0,128570.267,34769.745,105.644,95534.535,155230.547,49142.041
N,1,1,2025-01-10 22:15:00.019,1,10689,0,128570.426,34769.745,105.644,95534.791,155230.849,49142.041
N,1,1,2025-01-10 22:20:00.009,1,10690,0,128570.642,34769.745,105.644,95535.035,155231.182,49142.041
N,1,1,2025-01-10 22:25:00.010,1,10691,0,128570.829,34769.745,105.644,95535.282,155231.495,49142.041
N,1,1,2025-01-10 22:30:00.002,1,10692,0,128571.059,34769.745,105.644,95535.532,155231.834,49142.041
N,1,1,2025-01-10 22:35:00.020,1,10693,0,128571.334,34769.745,105.644,95535.782,155232.206,49142.041
N,1,1,2025-01-10 22:40:00.005,1,10694,0,128571.604,34769.745,105.644,95536.026,155232.569,49142.041
N,1,1,2025-01-10 22:45:00.012,1,10695,0,128571.868,34769.745,105.644,95536.274,155232.932,49142.041
N,1,1,2025-01-10 22:50:00.012,1,10696,0,128572.113,34769.745,105.644,95536.521,155233.280,49142.041
N,1,1,2025-01-10 22:55:00.017,1,10697,0,128572.343,34769.745,105.644,95536.766,155233.618,49142.041
N,1,1,2025-01-10 23:00:00.009,1,10698,0,128572.799,34769.745,105.644,95537.005,155234.132,49142.041
N,1,1,2025-01-10 23:05:00.012,1,10699,0,128573.397,34769.745,105.644,95537.234,155234.775,49142.041
N,1,1,2025-01-10 23:10:00.017,1,10700,0,128574.057,34769.745,105.644,95537.466,155235.477,49142.041
N,1,1,2025-01-10 23:15:00.013,1,10701,0,128574.167,34769.745,105.644,95537.694,155235.730,49142.041
N,1,1,2025-01-10 23:20:00.010,1,10702,0,128574.276,34769.745,105.644,95537.916,155235.978,49142.041
N,1,1,2025-01-10 23:25:00.015,1,10703,0,128574.400,34769.745,105.644,95538.152,155236.245,49142.041
N,1,1,2025-01-10 23:30:00.021,1,10704,0,128574.516,34769.745,105.644,95538.380,155236.500,49142.041
N,1,1,2025-01-10 23:35:00.005,1,10705,0,128574.667,34769.745,105.644,95538.613,155236.779,49142.041
N,1,1,2025-01-10 23:40:00.011,1,10706,0,128574.808,34769.745,105.644,95538.842,155237.048,49142.041
N,1,1,2025-01-10 23:45:00.004,1,10707,0,128574.961,34769.745,105.644,95539.069,155237.323,49142.041
N,1,1,2025-01-10 23:50:00.016,1,10708,0,128575.238,34769.745,105.644,95539.295,155237.685,49142.041
N,1,1,2025-01-10 23:55:00.012,1,10709,0,128575.632,34769.745,105.644,95539.530,155238.144,49142.041
N,1,1,2025-01-11 00:00:00.010,1,10710,0,128575.952,34769.745,105.644,95539.764,155238.544,49142.041
N,1,1,2025-01-11 00:05:00.014,1,10711,0,128576.239,34769.745,105.644,95540.007,155238.921,49142.041
N,1,1,2025-01-11 00:10:00.010,1,10712,0,128576.507,34769.745,105.644,95540.249,155239.282,49142.041
N,1,1,2025-01-11 00:15:00.032,1,10713,0,128576.714,34769.745,105.644,95540.494,155239.604,49142.041
N,1,1,2025-01-11 00:20:00.017,1,10714,0,128576.923,34769.745,105.644,95540.733,155239.921,49142.041
N,1,1,2025-01-11 00:25:00.008,1,10715,0,128577.142,34769.745,105.644,95540.971,155240.244,49142.041
N,1,1,2025-01-11 00:30:00.026,1,10716,0,128577.353,34769.745,105.644,95541.213,155240.565,49142.041
N,1,1,2025-01-11 00:35:00.003,1,10717,0,128577.614,34769.745,105.644,95541.444,155240.922,49142.041
N,1,1,2025-01-11 00:40:00.005,1,10718,0,128578.116,34769.745,105.644,95541.687,155241.481,49142.041
N,1,1,2025-01-11 00:45:00.036,1,10719,0,128578.312,34769.745,105.644,95541.926,155241.790,49142.041
N,1,1,2025-01-11 00:50:00.011,1,10720,0,128578.516,34769.745,105.644,95542.161,155242.102,49142.041
N,1,1,2025-01-11 00:55:00.002,1,10721,0,128578.721,34769.745,105.644,95542.396,155242.413,49142.041
N,1,1,2025-01-11 01:00:00.017,1,10722,0,128578.900,34769.745,105.644,95542.627,155242.706,49142.041
N,1,1,2025-01-11 01:05:00.007,1,10723,0,128579.118,34769.745,105.644,95542.858,155243.024,49142.041
N,1,1,2025-01-11 01:10:00.001,1,10724,0,128579.337,34769.745,105.644,95543.089,155243.342,49142.041
N,1,1,2025-01-11 01:15:00.026,1,10725,0,128579.568,34769.745,105.644,95543.327,155243.675,49142.041
N,1,1,2025-01-11 01:20:00.008,1,10726,0,128579.837,34769.745,105.644,95543.575,155244.040,49142.041
N,1,1,2025-01-11 01:25:00.018,1,10727,0,128580.125,34769.745,105.644,95543.820,155244.421,49142.041
N,1,1,2025-01-11 01:30:00.016,1,10728,0,128580.632,34769.745,105.644,95544.074,155244.988,49142.041
N,1,1,2025-01-11 01:35:00.011,1,10729,0,128581.061,34769.745,105.644,95544.312,155245.483,49142.041
N,1,1,2025-01-11 01:40:00.012,1,10730,0,128581.309,34769.745,105.644,95544.548,155245.825,49142.041
N,1,1,2025-01-11 01:45:00.012,1,10731,0,128581.642,34769.745,105.644,95544.782,155246.234,49142.041
N,1,1,2025-01-11 01:50:00.006,1,10732,0,128581.945,34769.745,105.644,95545.010,155246.614,49142.041
N,1,1,2025-01-11 01:55:00.010,1,10733,0,128582.196,34769.745,105.644,95545.243,155246.959,49142.041
N,1,1,2025-01-11 02:00:00.012,1,10734,0,128582.398,34769.745,105.644,95545.479,155247.270,49142.041
N,1,1,2025-01-11 02:05:00.011,1,10735,0,128582.564,34769.745,105.644,95545.715,155247.559,49142.041
N,1,1,2025-01-11 02:10:00.004,1,10736,0,128582.845,34769.745,105.644,95545.952,155247.929,49142.041
N,1,1,2025-01-11 02:15:00.003,1,10737,0,128583.143,34769.745,105.644,95546.182,155248.306,49142.041
N,1,1,2025-01-11 02:20:00.014,1,10738,0,128583.462,34769.745,105.644,95546.407,155248.697,49142.041
N,1,1,2025-01-11 02:25:00.010,1,10739,0,128583.774,34769.745,105.644,95546.631,155249.082,49142.041
N,1,1,2025-01-11 02:30:00.012,1,10740,0,128584.071,34769.745,105.644,95546.860,155249.458,49142.041
N,1,1,2025-01-11 02:35:00.017,1,10741,0,128584.307,34769.745,105.644,95547.095,155249.793,49142.041
N,1,1,2025-01-11 02:40:00.009,1,10742,0,128584.569,34769.745,105.644,95547.341,155250.155,49142.041
N,1,1,2025-01-11 02:45:00.006,1,10743,0,128584.828,34769.745,105.644,95547.588,155250.514,49142.041
N,1,1,2025-01-11 02:50:00.011,1,10744,0,128585.091,34769.745,105.644,95547.826,155250.873,49142.041
N,1,1,2025-01-11 02:55:00.005,1,10745,0,128585.349,34769.745,105.644,95548.057,155251.222,49142.041
N,1,1,2025-01-11 03:00:00.029,1,10746,0,128585.625,34769.745,105.644,95548.284,155251.583,49142.041
N,1,1,2025-01-11 03:05:00.007,1,10747,0,128585.881,34769.745,105.644,95548.515,155251.929,49142.041
N,1,1,2025-01-11 03:10:00.017,1,10748,0,128586.132,34769.745,105.644,95548.750,155252.276,49142.041
N,1,1,2025-01-11 03:15:00.006,1,10749,0,128586.383,34769.745,105.644,95548.989,155252.626,49142.041
N,1,1,2025-01-11 03:20:00.019,1,10750,0,128586.633,34769.745,105.644,95549.228,155252.974,49142.041
N,1,1,2025-01-11 03:25:00.014,1,10751,0,128586.860,34769.745,105.644,95549.465,155253.305,49142.041
N,1,1,2025-01-11 03:30:00.018,1,10752,0,128587.257,34769.745,105.644,95549.697,155253.775,49142.041
N,1,1,2025-01-11 03:35:00.016,1,10753,0,128588.168,34769.745,105.644,95549.935,155254.717,49142.041
N,1,1,2025-01-11 03:40:00.014,1,10754,0,128588.984,34769.745,105.644,95550.173,155255.568,49142.041
N,1,1,2025-01-11 03:45:00.028,1,10755,0,128589.290,34769.745,105.644,95550.409,155255.970,49142.041
N,1,1,2025-01-11 03:50:00.012,1,10756,0,128589.532,34769.745,105.644,95550.647,155256.312,49142.041
N,1,1,2025-01-11 03:55:00.015,1,10757,0,128589.947,34769.745,105.644,95550.891,155256.799,49142.041
N,1,1,2025-01-11 04:00:00.018,1,10758,0,128590.455,34769.745,105.644,95551.129,155257.360,49142.041
N,1,1,2025-01-11 04:05:00.000,1,10759,0,128590.735,34769.745,105.644,95551.360,155257.729,49142.041
N,1,1,2025-01-11 04:10:00.011,1,10760,0,128590.994,34769.745,105.644,95551.587,155258.077,49142.041
N,1,1,2025-01-11 04:15:00.014,1,10761,0,128591.215,34769.745,105.644,95551.814,155258.397,49142.041
N,1,1,2025-01-11 04:20:00.002,1,10762,0,128591.439,34769.745,105.644,95552.043,155258.720,49142.041
N,1,1,2025-01-11 04:25:00.004,1,10763,0,128591.688,34769.745,105.644,95552.272,155259.060,49142.041
N,1,1,2025-01-11 04:30:00.008,1,10764,0,128591.898,34769.745,105.644,95552.503,155259.376,49142.041
N,1,1,2025-01-11 04:35:00.019,1,10765,0,128592.111,34769.745,105.644,95552.738,155259.697,49142.041
N,1,1,2025-01-11 04:40:00.005,1,10766,0,128592.339,34769.745,105.644,95552.969,155260.025,49142.041
N,1,1,2025-01-11 04:45:00.014,1,10767,0,128592.595,34769.745,105.644,95553.198,155260.372,49142.041
N,1,1,2025-01-11 04:50:00.004,1,10768,0,128592.824,34769.745,105.644,95553.420,155260.695,49142.041
N,1,1,2025-01-11 04:55:00.017,1,10769,0,128593.057,34769.745,105.644,95553.646,155261.022,49142.041
N,1,1,2025-01-11 05:00:00.013,1,10770,0,128593.250,34769.745,105.644,95553.879,155261.325,49142.041
N,1,1,2025-01-11 05:05:00.008,1,10771,0,128593.414,34769.745,105.644,95554.109,155261.608,49142.041
N,1,1,2025-01-11 05:10:00.002,1,10772,0,128593.571,34769.745,105.644,95554.343,155261.890,49142.041
N,1,1,2025-01-11 05:15:00.018,1,10773,0,128593.747,34769.745,105.644,95554.582,155262.186,49142.041
N,1,1,2025-01-11 05:20:00.012,1,10774,0,128593.916,34769.745,105.644,95554.820,155262.478,49142.041
N,1,1,2025-01-11 05:25:00.005,1,10775,0,128594.075,34769.745,105.644,95555.051,155262.760,49142.041
N,1,1,2025-01-11 05:30:00.018,1,10776,0,128594.254,34769.745,105.644,95555.273,155263.044,49142.041
N,1,1,2025-01-11 05:35:00.002,1,10777,0,128594.420,34769.745,105.644,95555.492,155263.320,49142.041
N,1,1,2025-01-11 05:40:00.008,1,10778,0,128594.549,34769.745,105.644,95555.719,155263.582,49142.041
N,1,1,2025-01-11 05:45:00.020,1,10779,0,128594.677,34769.745,105.644,95555.946,155263.843,49142.041
N,1,1,2025-01-11 05:50:00.007,1,10780,0,128594.843,34769.745,105.644,95556.177,155264.128,49142.041
N,1,1,2025-01-11 05:55:00.001,1,10781,0,128594.979,34769.745,105.644,95556.406,155264.395,49142.041
N,1,1,2025-01-11 06:00:00.006,1,10782,0,128595.089,34769.745,105.644,95556.636,155264.650,49142.041
N,1,1,2025-01-11 06:05:00.002,1,10783,0,128595.207,34769.745,105.644,95556.869,155264.912,49142.041
N,1,1,2025-01-11 06:10:00.013,1,10784,0,128595.316,34769.745,105.644,95557.094,155265.162,49142.041
N,1,1,2025-01-11 06:15:00.015,1,10785,0,128595.439,34769.745,105.644,95557.316,155265.417,49142.041
N,1,1,2025-01-11 06:20:00.003,1,10786,0,128595.527,34769.745,105.644,95557.528,155265.646,49142.041
N,1,1,2025-01-11 06:25:00.014,1,10787,0,128595.958,34769.745,105.644,95557.742,155266.134,49142.041
N,1,1,2025-01-11 06:30:00.010,1,10788,0,128596.174,34769.745,105.644,95557.954,155266.457,49142.050
N,1,1,2025-01-11 06:35:00.002,1,10789,0,128596.174,34769.757,105.644,95558.169,155266.474,49142.249
N,1,1,2025-01-11 06:40:00.002,1,10790,0,128596.176,34769.767,105.644,95558.386,155266.517,49142.423
N,1,1,2025-01-11 06:45:00.002,1,10791,0,128596.179,34769.775,105.644,95558.605,155266.594,49142.565
N,1,1,2025-01-11 06:50:00.013,1,10792,0,128596.196,34769.778,105.644,95558.820,155266.690,49142.688
N,1,1,2025-01-11 06:55:00.002,1,10793,0,128596.257,34769.793,105.644,95559.037,155266.829,49142.786
N,1,1,2025-01-11 07:00:00.007,1,10794,0,128596.393,34769.793,105.644,95559.250,155267.086,49142.786
N,1,1,2025-01-11 07:05:00.007,1,10795,0,128596.652,34769.793,105.644,95559.466,155267.435,49142.786
N,1,1,2025-01-11 07:10:00.012,1,10796,0,128597.014,34769.793,105.644,95559.684,155267.866,49142.786
N,1,1,2025-01-11 07:15:00.031,1,10797,0,128597.038,34769.827,105.644,95559.890,155267.975,49142.896
N,1,1,2025-01-11 07:20:00.017,1,10798,0,128597.039,34769.832,105.644,95560.103,155268.035,49143.050
N,1,1,2025-01-11 07:25:00.005,1,10799,0,128597.041,34769.837,105.644,95560.323,155268.096,49143.209
N,1,1,2025-01-11 07:30:00.012,1,10800,0,128597.043,34769.840,105.644,95560.541,155268.177,49143.346
N,1,1,2025-01-11 07:35:00.017,1,10801,0,128597.054,34769.868,105.644,95560.755,155268.251,49143.492
N,1,1,2025-01-11 07:40:00.005,1,10802,0,128597.062,34769.871,105.644,95560.962,155268.363,49143.588
N,1,1,2025-01-11 07:45:00.005,1,10803,0,128597.077,34769.913,105.644,95561.175,155268.444,49143.735
N,1,1,2025-01-11 07:50:00.018,1,10804,0,128597.080,34769.918,105.644,95561.395,155268.529,49143.871
N,1,1,2025-01-11 07:55:00.005,1,10805,0,128597.083,34769.924,105.644,95561.609,155268.601,49144.013
N,1,1,2025-01-11 08:00:00.008,1,10806,0,128597.093,34769.929,105.644,95561.824,155268.688,49144.145
N,1,1,2025-01-11 08:05:00.003,1,10807,0,128597.097,34769.934,105.644,95562.048,155268.779,49144.278
N,1,1,2025-01-11 08:10:00.012,1,10808,0,128597.100,34770.008,105.644,95562.273,155268.834,49144.473
N,1,1,2025-01-11 08:15:00.013,1,10809,0,128597.104,34770.015,105.644,95562.500,155268.921,49144.613
N,1,1,2025-01-11 08:20:00.003,1,10810,0,128597.116,34770.021,105.644,95562.718,155269.017,49144.740
N,1,1,2025-01-11 08:25:00.004,1,10811,0,128597.160,34770.042,105.644,95562.910,155269.138,49144.831
N,1,1,2025-01-11 08:30:00.009,1,10812,0,128597.188,34770.069,105.644,95563.121,155269.243,49144.948
N,1,1,2025-01-11 08:35:00.002,1,10813,0,128597.192,34770.102,105.644,95563.340,155269.257,49145.158
N,1,1,2025-01-11 08:40:00.015,1,10814,0,128597.208,34770.196,105.644,95563.557,155269.318,49145.355
N,1,1,2025-01-11 08:45:00.006,1,10815,0,128597.235,34770.271,105.644,95563.776,155269.400,49145.522
N,1,1,2025-01-11 08:50:00.004,1,10816,0,128597.244,34770.299,105.644,95564.004,155269.468,49145.691
N,1,1,2025-01-11 08:55:00.018,1,10817,0,128597.252,34770.354,105.644,95564.224,155269.497,49145.898
N,1,1,2025-01-11 09:00:00.009,1,10818,0,128597.272,34770.389,105.644,95564.443,155269.597,49146.027
N,1,1,2025-01-11 09:05:00.002,1,10819,0,128597.291,34770.423,105.644,95564.662,155269.696,49146.158
N,1,1,2025-01-11 09:10:00.004,1,10820,0,128597.306,34770.465,105.644,95564.880,155269.797,49146.294
N,1,1,2025-01-11 09:15:00.009,1,10821,0,128597.307,34770.584,105.644,95565.091,155269.804,49146.534
N,1,1,2025-01-11 09:20:00.003,1,10822,0,128597.307,34770.777,105.644,95565.284,155269.804,49146.810
N,1,1,2025-01-11 09:25:00.006,1,10823,0,128597.307,34771.031,105.644,95565.464,155269.804,49147.123
N,1,1,2025-01-11 09:30:00.002,1,10824,0,128597.307,34771.342,105.644,95565.621,155269.804,49147.473
N,1,1,2025-01-11 09:35:00.006,1,10825,0,128597.307,34771.676,105.644,95565.771,155269.804,49147.840
N,1,1,2025-01-11 09:40:00.012,1,10826,0,128597.307,34771.997,105.644,95565.931,155269.805,49148.199
N,1,1,2025-01-11 09:45:00.009,1,10827,0,128597.307,34772.368,105.644,95566.092,155269.805,49148.605
N,1,1,2025-01-11 09:50:00.004,1,10828,0,128597.307,34772.759,105.644,95566.262,155269.805,49149.033
N,1,1,2025-01-11 09:55:00.013,1,10829,0,128597.307,34773.137,105.644,95566.441,155269.805,49149.452
N,1,1,2025-01-11 10:00:00.018,1,10830,0,128597.307,34773.542,105.644,95566.622,155269.805,49149.896
N,1,1,2025-01-11 10:05:00.008,1,10831,0,128597.307,34773.929,105.644,95566.813,155269.805,49150.330
N,1,1,2025-01-11 10:10:00.016,1,10832,0,128597.307,34774.370,105.644,95567.028,155269.805,49150.821
N,1,1,2025-01-11 10:15:00.010,1,10833,0,128597.307,34774.801,105.644,95567.236,155269.805,49151.300
N,1,1,2025-01-11 10:20:00.000,1,10834,0,128597.307,34775.277,105.644,95567.448,155269.805,49151.823
N,1,1,2025-01-11 10:25:00.010,1,10835,0,128597.307,34775.759,105.645,95567.644,155269.805,49152.344
N,1,1,2025-01-11 10:30:00.008,1,10836,0,128597.308,34776.123,105.672,95567.800,155269.806,49152.752
N,1,1,2025-01-11 10:35:00.009,1,10837,0,128597.308,34776.495,105.672,95568.005,155269.806,49153.178
N,1,1,2025-01-11 10:40:00.006,1,10838,0,128597.308,34776.775,105.672,95568.217,155269.806,49153.542
N,1,1,2025-01-11 10:45:00.013,1,10839,0,128597.308,34776.892,105.672,95568.427,155269.806,49153.782
N,1,1,2025-01-11 10:50:00.001,1,10840,0,128597.308,34777.192,105.672,95568.641,155269.806,49154.161
N,1,1,2025-01-11 10:55:00.018,1,10841,0,128597.308,34777.315,105.672,95568.862,155269.806,49154.416
N,1,1,2025-01-11 11:00:00.028,1,10842,0,128597.308,34777.449,105.672,95569.070,155269.807,49154.663
N,1,1,2025-01-11 11:05:00.016,1,10843,0,128597.310,34777.517,105.672,95569.294,155269.876,49154.838
N,1,1,2025-01-11 11:10:00.014,1,10844,0,128597.315,34777.527,105.674,95569.517,155269.909,49155.031
N,1,1,2025-01-11 11:15:00.006,1,10845,0,128597.315,34777.559,105.674,95569.752,155269.915,49155.264
N,1,1,2025-01-11 11:20:00.003,1,10846,0,128597.318,34777.714,105.674,95569.986,155269.922,49155.543
N,1,1,2025-01-11 11:25:00.011,1,10847,0,128597.318,34778.168,105.674,95570.216,155269.922,49156.054
N,1,1,2025-01-11 11:30:00.005,1,10848,0,128597.318,34778.520,105.674,95570.441,155269.923,49156.478
N,1,1,2025-01-11 11:35:00.017,1,10849,0,128597.319,34778.717,105.674,95570.663,155269.923,49156.781
N,1,1,2025-01-11 11:40:00.007,1,10850,0,128597.319,34778.942,105.674,95570.878,155269.924,49157.095
N,1,1,2025-01-11 11:45:00.003,1,10851,0,128597.319,34779.213,105.674,95571.096,155269.924,49157.455
N,1,1,2025-01-11 11:50:00.011,1,10852,0,128597.319,34779.464,105.674,95571.315,155269.925,49157.791
N,1,1,2025-01-11 11:55:00.005,1,10853,0,128597.319,34779.828,105.674,95571.539,155269.925,49158.225
N,1,1,2025-01-11 12:00:00.012,1,10854,0,128597.319,34780.099,105.674,95571.768,155269.926,49158.579
N,1,1,2025-01-11 12:05:00.016,1,10855,0,128597.319,34780.483,105.674,95572.000,155269.926,49159.034
N,1,1,2025-01-11 12:10:00.006,1,10856,0,128597.319,34781.054,105.674,95572.221,155269.926,49159.646
N,1,1,2025-01-11 12:15:00.010,1,10857,0,128597.319,34781.590,105.674,95572.450,155269.926,49160.229
N,1,1,2025-01-11 12:20:00.012,1,10858,0,128597.319,34782.149,105.674,95572.678,155269.926,49160.833
N,1,1,2025-01-11 12:25:00.017,1,10859,0,128597.319,34782.691,105.674,95572.907,155269.926,49161.422
N,1,1,2025-01-11 12:30:00.014,1,10860,0,128597.319,34783.112,105.674,95573.135,155269.926,49161.906
N,1,1,2025-01-11 12:35:00.001,1,10861,0,128597.320,34783.149,105.674,95573.365,155269.952,49162.122
N,1,1,2025-01-11 12:40:00.013,1,10862,0,128597.322,34783.268,105.674,95573.598,155269.958,49162.396
N,1,1,2025-01-11 12:45:00.019,1,10863,0,128597.322,34783.559,105.674,95573.825,155269.958,49162.772
N,1,1,2025-01-11 12:50:00.004,1,10864,0,128597.324,34783.812,105.674,95574.045,155269.964,49163.104
N,1,1,2025-01-11 12:55:00.001,1,10865,0,128597.328,34784.196,105.674,95574.269,155269.975,49163.551
N,1,1,2025-01-11 13:00:00.020,1,10866,0,128597.328,34784.703,105.674,95574.497,155269.975,49164.106
N,1,1,2025-01-11 13:05:00.021,1,10867,0,128597.328,34785.167,105.674,95574.729,155269.975,49164.627
N,1,1,2025-01-11 13:10:00.017,1,10868,0,128597.328,34785.714,105.674,95574.960,155269.975,49165.225
N,1,1,2025-01-11 13:15:00.005,1,10869,0,128597.328,34786.375,105.674,95575.186,155269.975,49165.924
N,1,1,2025-01-11 13:20:00.004,1,10870,0,128597.328,34787.023,105.674,95575.420,155269.975,49166.612
N,1,1,2025-01-11 13:25:00.007,1,10871,0,128597.328,34787.595,105.674,95575.656,155269.975,49167.231
N,1,1,2025-01-11 13:30:00.007,1,10872,0,128597.328,34788.207,105.674,95575.889,155269.975,49167.887
N,1,1,2025-01-11 13:35:00.007,1,10873,0,128597.328,34788.864,105.674,95576.110,155269.975,49168.580
N,1,1,2025-01-11 13:40:00.013,1,10874,0,128597.328,34789.521,105.674,95576.327,155269.975,49169.272
N,1,1,2025-01-11 13:45:00.005,1,10875,0,128597.328,34790.167,105.674,95576.546,155269.975,49169.954
N,1,1,2025-01-11 13:50:00.014,1,10876,0,128597.328,34790.819,105.674,95576.771,155269.975,49170.644
N,1,1,2025-01-11 13:55:00.004,1,10877,0,128597.328,34791.398,105.674,95576.994,155269.975,49171.269
N,1,1,2025-01-11 14:00:00.014,1,10878,0,128597.328,34791.669,105.674,95577.225,155269.975,49171.629
N,1,1,2025-01-11 14:05:00.010,1,10879,0,128597.349,34791.704,105.674,95577.467,155270.119,49171.739
N,1,1,2025-01-11 14:10:00.002,1,10880,0,128597.349,34791.906,105.674,95577.715,155270.121,49172.060
N,1,1,2025-01-11 14:15:00.004,1,10881,0,128597.349,34792.393,105.674,95577.958,155270.121,49172.607
N,1,1,2025-01-11 14:20:00.015,1,10882,0,128597.349,34792.851,105.674,95578.199,155270.121,49173.125
N,1,1,2025-01-11 14:25:00.007,1,10883,0,128597.349,34793.486,105.674,95578.435,155270.121,49173.803
N,1,1,2025-01-11 14:30:00.015,1,10884,0,128597.349,34794.197,105.674,95578.669,155270.121,49174.552
N,1,1,2025-01-11 14:35:00.005,1,10885,0,128597.349,34794.971,105.674,95578.893,155270.121,49175.357
N,1,1,2025-01-11 14:40:00.010,1,10886,0,128597.349,34795.732,105.674,95579.116,155270.121,49176.151
N,1,1,2025-01-11 14:45:00.018,1,10887,0,128597.349,34796.459,105.674,95579.341,155270.121,49176.912
N,1,1,2025-01-11 14:50:00.010,1,10888,0,128597.349,34797.187,105.674,95579.566,155270.121,49177.673
N,1,1,2025-01-11 14:55:00.020,1,10889,0,128597.349,34797.860,105.674,95579.808,155270.121,49178.389
N,1,1,2025-01-11 15:00:00.015,1,10890,0,128597.349,34798.527,105.674,95580.058,155270.121,49179.102
N,1,1,2025-01-11 15:05:00.017,1,10891,0,128597.349,34799.163,105.674,95580.310,155270.121,49179.785
N,1,1,2025-01-11 15:10:00.010,1,10892,0,128597.349,34799.745,105.674,95580.561,155270.121,49180.419
N,1,1,2025-01-11 15:15:00.014,1,10893,0,128597.349,34800.296,105.674,95580.816,155270.121,49181.026
N,1,1,2025-01-11 15:20:00.011,1,10894,0,128597.349,34800.810,105.674,95581.072,155270.121,49181.600
N,1,1,2025-01-11 15:25:00.015,1,10895,0,128597.349,34801.262,105.674,95581.328,155270.121,49182.124
N,1,1,2025-01-11 15:30:00.008,1,10896,0,128597.349,34801.465,105.674,95581.588,155270.121,49182.454
N,1,1,2025-01-11 15:35:00.001,1,10897,0,128597.349,34801.813,105.674,95581.850,155270.121,49182.899
N,1,1,2025-01-11 15:40:00.000,1,10898,0,128597.349,34802.275,105.674,95582.110,155270.121,49183.429
N,1,1,2025-01-11 15:45:00.005,1,10899,0,128597.349,34802.712,105.674,95582.362,155270.121,49183.934
N,1,1,2025-01-11 15:50:00.014,1,10900,0,128597.349,34803.146,105.674,95582.608,155270.121,49184.433
N,1,1,2025-01-11 15:55:00.001,1,10901,0,128597.350,34803.463,105.674,95582.848,155270.122,49184.839
N,1,1,2025-01-11 16:00:00.019,1,10902,0,128597.353,34803.650,105.674,95583.082,155270.130,49185.138
N,1,1,2025-01-11 16:05:00.019,1,10903,0,128597.353,34804.073,105.674,95583.319,155270.130,49185.623
N,1,1,2025-01-11 16:10:00.001,1,10904,0,128597.353,34804.503,105.674,95583.557,155270.130,49186.115
N,1,1,2025-01-11 16:15:00.006,1,10905,0,128597.353,34804.923,105.674,95583.797,155270.130,49186.599
N,1,1,2025-01-11 16:20:00.018,1,10906,0,128597.353,34805.333,105.674,95584.040,155270.130,49187.075
N,1,1,2025-01-11 16:25:00.009,1,10907,0,128597.353,34805.714,105.674,95584.283,155270.130,49187.527
N,1,1,2025-01-11 16:30:00.009,1,10908,0,128597.353,34806.085,105.674,95584.526,155270.130,49187.971
N,1,1,2025-01-11 16:35:00.012,1,10909,0,128597.353,34806.394,105.674,95584.732,155270.130,49188.344
N,1,1,2025-01-11 16:40:00.004,1,10910,0,128597.353,34806.678,105.674,95584.935,155270.130,49188.693
N,1,1,2025-01-11 16:45:00.011,1,10911,0,128597.353,34806.944,105.674,95585.145,155270.130,49189.033
N,1,1,2025-01-11 16:50:00.006,1,10912,0,128597.355,34807.103,105.674,95585.362,155270.176,49189.280
N,1,1,2025-01-11 16:55:00.005,1,10913,0,128597.361,34807.106,105.674,95585.568,155270.288,49189.374
N,1,1,2025-01-11 17:00:00.003,1,10914,0,128597.361,34807.288,105.674,95585.800,155270.292,49189.667
N,1,1,2025-01-11 17:05:00.005,1,10915,0,128597.361,34807.464,105.674,95586.041,155270.292,49189.967
N,1,1,2025-01-11 17:10:00.008,1,10916,0,128597.361,34807.638,105.674,95586.302,155270.296,49190.277
N,1,1,2025-01-11 17:15:00.019,1,10917,0,128597.361,34807.790,105.674,95586.554,155270.296,49190.572
N,1,1,2025-01-11 17:20:00.000,1,10918,0,128597.361,34807.902,105.674,95586.807,155270.297,49190.849
N,1,1,2025-01-11 17:25:00.007,1,10919,0,128597.361,34807.975,105.674,95587.060,155270.297,49191.112
N,1,1,2025-01-11 17:30:00.003,1,10920,0,128597.399,34808.018,105.674,95587.308,155270.387,49191.286
N,1,1,2025-01-11 17:35:00.006,1,10921,0,128597.401,34808.041,105.674,95587.551,155270.489,49191.432
N,1,1,2025-01-11 17:40:00.017,1,10922,0,128597.406,34808.049,105.674,95587.802,155270.600,49191.572
N,1,1,2025-01-11 17:45:00.006,1,10923,0,128597.414,34808.058,105.674,95588.033,155270.681,49191.726
N,1,1,2025-01-11 17:50:00.002,1,10924,0,128597.442,34808.061,105.674,95588.269,155270.816,49191.836
N,1,1,2025-01-11 17:55:00.014,1,10925,0,128597.492,34808.070,105.674,95588.507,155270.984,49191.920
N,1,1,2025-01-11 18:00:00.008,1,10926,0,128597.495,34808.072,105.674,95588.735,155271.093,49192.039
N,1,1,2025-01-11 18:05:00.004,1,10927,0,128597.615,34808.073,105.674,95588.956,155271.323,49192.076
N,1,1,2025-01-11 18:10:00.004,1,10928,0,128597.775,34808.073,105.674,95589.170,155271.611,49192.076
N,1,1,2025-01-11 18:15:00.016,1,10929,0,128597.869,34808.073,105.674,95589.388,155271.853,49192.076
N,1,1,2025-01-11 18:20:00.013,1,10930,0,128598.131,34808.073,105.674,95589.623,155272.205,49192.076
N,1,1,2025-01-11 18:25:00.017,1,10931,0,128598.484,34808.073,105.674,95589.874,155272.639,49192.076
N,1,1,2025-01-11 18:30:00.015,1,10932,0,128598.837,34808.073,105.674,95590.125,155273.071,49192.076
N,1,1,2025-01-11 18:35:00.016,1,10933,0,128599.242,34808.073,105.674,95590.373,155273.547,49192.076
N,1,1,2025-01-11 18:40:00.007,1,10934,0,128599.704,34808.073,105.674,95590.627,155274.076,49192.076
N,1,1,2025-01-11 18:45:00.027,1,10935,0,128600.065,34808.073,105.674,95590.879,155274.524,49192.076
N,1,1,2025-01-11 18:50:00.002,1,10936,0,128600.176,34808.073,105.674,95591.125,155274.795,49192.076
N,1,1,2025-01-11 18:55:00.018,1,10937,0,128600.284,34808.073,105.674,95591.372,155275.064,49192.076
N,1,1,2025-01-11 19:00:00.022,1,10938,0,128600.404,34808.073,105.674,95591.622,155275.342,49192.076
N,1,1,2025-01-11 19:05:00.004,1,10939,0,128600.569,34808.073,105.674,95591.875,155275.644,49192.076
N,1,1,2025-01-11 19:10:00.008,1,10940,0,128600.738,34808.073,105.674,95592.129,155275.950,49192.076
N,1,1,2025-01-11 19:15:00.021,1,10941,0,128600.876,34808.073,105.674,95592.386,155276.242,49192.076
N,1,1,2025-01-11 19:20:00.001,1,10942,0,128600.988,34808.073,105.674,95592.630,155276.510,49192.076
N,1,1,2025-01-11 19:25:00.003,1,10943,0,128601.081,34808.073,105.674,95592.865,155276.763,49192.076
N,1,1,2025-01-11 19:30:00.002,1,10944,0,128601.184,34808.073,105.674,95593.107,155277.027,49192.076
N,1,1,2025-01-11 19:35:00.013,1,10945,0,128601.267,34808.073,105.674,95593.361,155277.302,49192.076
N,1,1,2025-01-11 19:40:00.004,1,10946,0,128601.689,34808.073,105.674,95593.616,155277.803,49192.076
N,1,1,2025-01-11 19:45:00.015,1,10947,0,128601.995,34808.073,105.674,95593.865,155278.205,49192.076
N,1,1,2025-01-11 19:50:00.006,1,10948,0,128602.139,34808.073,105.674,95594.099,155278.486,49192.076
N,1,1,2025-01-11 19:55:00.014,1,10949,0,128602.216,34808.073,105.674,95594.328,155278.736,49192.076
N,1,1,2025-01-11 20:00:00.006,1,10950,0,128602.394,34808.073,105.674,95594.560,155279.060,49192.076
N,1,1,2025-01-11 20:05:00.006,1,10951,0,128602.782,34808.073,105.674,95594.794,155279.514,49192.076
N,1,1,2025-01-11 20:10:00.018,1,10952,0,128603.018,34808.073,105.674,95595.025,155279.862,49192.079
N,1,1,2025-01-11 20:15:00.001,1,10953,0,128603.065,34808.080,105.674,95595.249,155279.975,49192.202
N,1,1,2025-01-11 20:20:00.012,1,10954,0,128603.125,34808.086,105.674,95595.477,155280.123,49192.294
N,1,1,2025-01-11 20:25:00.014,1,10955,0,128603.164,34808.100,105.674,95595.709,155280.239,49192.419
N,1,1,2025-01-11 20:30:00.008,1,10956,0,128603.178,34808.116,105.674,95595.938,155280.303,49192.589
N,1,1,2025-01-11 20:35:00.005,1,10957,0,128603.179,34808.119,105.674,95596.170,155280.376,49192.748
N,1,1,2025-01-11 20:40:00.008,1,10958,0,128603.302,34808.121,105.674,95596.396,155280.600,49192.792
N,1,1,2025-01-11 20:45:00.005,1,10959,0,128603.461,34808.127,105.674,95596.620,155280.856,49192.817
N,1,1,2025-01-11 20:50:00.001,1,10960,0,128603.657,34808.127,105.674,95596.846,155281.157,49192.817
N,1,1,2025-01-11 20:55:00.009,1,10961,0,128603.722,34808.136,105.674,95597.077,155281.256,49192.976
N,1,1,2025-01-11 21:00:00.005,1,10962,0,128603.723,34808.142,105.674,95597.302,155281.273,49193.184
N,1,1,2025-01-11 21:05:00.011,1,10963,0,128603.723,34808.146,105.674,95597.527,155281.305,49193.377
N,1,1,2025-01-11 21:10:00.004,1,10964,0,128603.724,34808.149,105.674,95597.751,155281.347,49193.559
N,1,1,2025-01-11 21:15:00.003,1,10965,0,128603.727,34808.151,105.674,95597.970,155281.435,49193.691
N,1,1,2025-01-11 21:20:00.003,1,10966,0,128603.730,34808.153,105.674,95598.184,155281.552,49193.788
N,1,1,2025-01-11 21:25:00.008,1,10967,0,128603.731,34808.155,105.674,95598.398,155281.630,49193.923
N,1,1,2025-01-11 21:30:00.017,1,10968,0,128603.737,34808.160,105.674,95598.608,155281.711,49194.055
N,1,1,2025-01-11 21:35:00.019,1,10969,0,128603.759,34808.161,105.674,95598.836,155281.898,49194.100
N,1,1,2025-01-11 21:40:00.004,1,10970,0,128603.798,34808.161,105.674,95599.069,155282.130,49194.105
N,1,1,2025-01-11 21:45:00.019,1,10971,0,128603.806,34808.163,105.674,95599.309,155282.305,49194.170
N,1,1,2025-01-11 21:50:00.014,1,10972,0,128603.949,34808.163,105.674,95599.553,155282.594,49194.170
N,1,1,2025-01-11 21:55:00.005,1,10973,0,128604.122,34808.163,105.674,95599.788,155282.887,49194.170
N,1,1,2025-01-11 22:00:00.010,1,10974,0,128604.331,34808.163,105.674,95600.014,155283.195,49194.170
N,1,1,2025-01-11 22:05:00.017,1,10975,0,128604.398,34808.163,105.674,95600.235,155283.435,49194.170
N,1,1,2025-01-11 22:10:00.003,1,10976,0,128604.537,34808.163,105.674,95600.451,155283.700,49194.170
N,1,1,2025-01-11 22:15:00.001,1,10977,0,128604.661,34808.163,105.674,95600.667,155283.956,49194.170
N,1,1,2025-01-11 22:20:00.003,1,10978,0,128604.902,34808.163,105.674,95600.890,155284.286,49194.170
N,1,1,2025-01-11 22:25:00.000,1,10979,0,128604.964,34808.163,105.674,95601.128,155284.535,49194.170
N,1,1,2025-01-11 22:30:00.004,1,10980,0,128604.971,34808.168,105.674,95601.368,155284.655,49194.290
N,1,1,2025-01-11 22:35:00.007,1,10981,0,128605.039,34808.168,105.674,95601.607,155284.907,49194.291
N,1,1,2025-01-11 22:40:00.002,1,10982,0,128605.261,34808.168,105.674,95601.854,155285.256,49194.291
N,1,1,2025-01-11 22:45:00.014,1,10983,0,128605.654,34808.168,105.674,95602.095,155285.716,49194.291
N,1,1,2025-01-11 22:50:00.005,1,10984,0,128606.000,34808.168,105.674,95602.332,155286.149,49194.291
N,1,1,2025-01-11 22:55:00.016,1,10985,0,128606.140,34808.168,105.674,95602.572,155286.445,49194.291
N,1,1,2025-01-11 23:00:00.008,1,10986,0,128606.203,34808.168,105.674,95602.802,155286.685,49194.291
N,1,1,2025-01-11 23:05:00.008,1,10987,0,128606.301,34808.168,105.674,95603.029,155286.933,49194.291
N,1,1,2025-01-11 23:10:00.020,1,10988,0,128606.404,34808.168,105.674,95603.259,155287.186,49194.291
N,1,1,2025-01-11 23:15:00.010,1,10989,0,128606.493,34808.168,105.674,95603.492,155287.436,49194.291
N,1,1,2025-01-11 23:20:00.008,1,10990,0,128606.807,34808.168,105.674,95603.724,155287.837,49194.291
N,1,1,2025-01-11 23:25:00.007,1,10991,0,128607.217,34808.168,105.674,95603.959,155288.310,49194.291
N,1,1,2025-01-11 23:30:00.010,1,10992,0,128607.381,34808.168,105.674,95604.190,155288.614,49194.291
N,1,1,2025-01-11 23:35:00.010,1,10993,0,128607.513,34808.168,105.674,95604.418,155288.879,49194.291
N,1,1,2025-01-11 23:40:00.005,1,10994,0,128607.655,34808.168,105.674,95604.648,155289.149,49194.291
N,1,1,2025-01-11 23:45:00.018,1,10995,0,128607.868,34808.168,105.674,95604.888,155289.470,49194.291
N,1,1,2025-01-11 23:50:00.018,1,10996,0,128608.094,34808.168,105.674,95605.123,155289.801,49194.291
N,1,1,2025-01-11 23:55:00.005,1,10997,0,128608.455,34808.168,105.674,95605.360,155290.235,49194.291
N,1,1,2025-01-12 00:00:00.012,1,10998,0,128609.112,34808.168,105.674,95605.591,155290.931,49194.291
N,1,1,2025-01-12 00:05:00.009,1,10999,0,128609.705,34808.168,105.674,95605.819,155291.569,49194.291
N,1,1,2025-01-12 00:10:00.005,1,11000,0,128610.170,34808.168,105.674,95606.047,155292.087,49194.291
N,1,1,2025-01-12 00:15:00.049,1,11001,0,128610.591,34808.168,105.674,95606.272,155292.564,49194.291
N,1,1,2025-01-12 00:20:00.003,1,11002,0,128610.747,34808.168,105.674,95606.497,155292.844,49194.291
N,1,1,2025-01-12 00:25:00.018,1,11003,0,128610.830,34808.168,105.674,95606.727,155293.088,49194.291
N,1,1,2025-01-12 00:30:00.018,1,11004,0,128610.935,34808.168,105.674,95606.961,155293.345,49194.291
N,1,1,2025-01-12 00:35:00.009,1,11005,0,128611.033,34808.168,105.674,95607.198,155293.602,49194.291
N,1,1,2025-01-12 00:40:00.005,1,11006,0,128611.364,34808.168,105.674,95607.434,155294.020,49194.291
N,1,1,2025-01-12 00:45:00.002,1,11007,0,128611.665,34808.168,105.674,95607.665,155294.407,49194.291
N,1,1,2025-01-12 00:50:00.003,1,11008,0,128611.846,34808.168,105.674,95607.898,155294.702,49194.291
N,1,1,2025-01-12 00:55:00.008,1,11009,0,128612.051,34808.168,105.674,95608.137,155295.017,49194.291
N,1,1,2025-01-12 01:00:00.013,1,11010,0,128612.235,34808.168,105.674,95608.380,155295.322,49194.291
N,1,1,2025-01-12 01:05:00.017,1,11011,0,128612.432,34808.168,105.674,95608.623,155295.635,49194.291
N,1,1,2025-01-12 01:10:00.011,1,11012,0,128612.634,34808.168,105.674,95608.867,155295.952,49194.291
N,1,1,2025-01-12 01:15:00.015,1,11013,0,128612.814,34808.168,105.674,95609.110,155296.255,49194.291
N,1,1,2025-01-12 01:20:00.014,1,11014,0,128612.988,34808.168,105.674,95609.347,155296.549,49194.291
N,1,1,2025-01-12 01:25:00.004,1,11015,0,128613.147,34808.168,105.674,95609.581,155296.832,49194.291
N,1,1,2025-01-12 01:30:00.006,1,11016,0,128613.326,34808.168,105.674,95609.802,155297.117,49194.291
N,1,1,2025-01-12 01:35:00.010,1,11017,0,128613.509,34808.168,105.674,95610.023,155297.404,49194.291
N,1,1,2025-01-12 01:40:00.013,1,11018,0,128613.739,34808.168,105.674,95610.261,155297.736,49194.291
N,1,1,2025-01-12 01:45:00.011,1,11019,0,128613.931,34808.168,105.674,95610.506,155298.047,49194.291
N,1,1,2025-01-12 01:50:00.015,1,11020,0,128614.099,34808.168,105.674,95610.749,155298.343,49194.291
N,1,1,2025-01-12 01:55:00.008,1,11021,0,128614.252,34808.168,105.674,95610.987,155298.626,49194.291
N,1,1,2025-01-12 02:00:00.003,1,11022,0,128614.433,34808.168,105.674,95611.211,155298.915,49194.291
N,1,1,2025-01-12 02:05:00.007,1,11023,0,128614.648,34808.168,105.674,95611.435,155299.226,49194.291
N,1,1,2025-01-12 02:10:00.011,1,11024,0,128614.814,34808.168,105.674,95611.660,155299.506,49194.291
N,1,1,2025-01-12 02:15:00.002,1,11025,0,128614.966,34808.168,105.674,95611.881,155299.774,49194.291
N,1,1,2025-01-12 02:20:00.005,1,11026,0,128615.122,34808.168,105.674,95612.108,155300.050,49194.291
N,1,1,2025-01-12 02:25:00.013,1,11027,0,128615.293,34808.168,105.674,95612.336,155300.336,49194.291
N,1,1,2025-01-12 02:30:00.020,1,11028,0,128615.492,34808.168,105.674,95612.558,155300.634,49194.291
N,1,1,2025-01-12 02:35:00.003,1,11029,0,128615.666,34808.168,105.674,95612.786,155300.921,49194.291
N,1,1,2025-01-12 02:40:00.009,1,11030,0,128615.818,34808.168,105.674,95613.014,155301.195,49194.291
N,1,1,2025-01-12 02:45:00.004,1,11031,0,128615.983,34808.168,105.674,95613.249,155301.484,49194.291
N,1,1,2025-01-12 02:50:00.003,1,11032,0,128616.447,34808.168,105.674,95613.487,155302.006,49194.291
N,1,1,2025-01-12 02:55:00.003,1,11033,0,128616.773,34808.168,105.674,95613.721,155302.415,49194.291
N,1,1,2025-01-12 03:00:00.022,1,11034,0,128616.932,34808.168,105.674,95613.961,155302.703,49194.291
N,1,1,2025-01-12 03:05:00.005,1,11035,0,128617.076,34808.168,105.674,95614.200,155302.982,49194.291
N,1,1,2025-01-12 03:10:00.009,1,11036,0,128617.210,34808.168,105.674,95614.443,155303.260,49194.291
N,1,1,2025-01-12 03:15:00.011,1,11037,0,128617.362,34808.168,105.674,95614.682,155303.544,49194.291
N,1,1,2025-01-12 03:20:00.004,1,11038,0,128617.531,34808.168,105.674,95614.916,155303.832,49194.291
N,1,1,2025-01-12 03:25:00.001,1,11039,0,128617.683,34808.168,105.674,95615.151,155304.112,49194.291
N,1,1,2025-01-12 03:30:00.019,1,11040,0,128617.852,34808.168,105.674,95615.378,155304.396,49194.291
N,1,1,2025-01-12 03:35:00.001,1,11041,0,128618.009,34808.168,105.674,95615.610,155304.676,49194.291
N,1,1,2025-01-12 03:40:00.008,1,11042,0,128618.149,34808.168,105.674,95615.851,155304.955,49194.291
N,1,1,2025-01-12 03:45:00.003,1,11043,0,128618.299,34808.168,105.674,95616.093,155305.240,49194.291
N,1,1,2025-01-12 03:50:00.017,1,11044,0,128618.444,34808.168,105.674,95616.329,155305.518,49194.291
N,1,1,2025-01-12 03:55:00.012,1,11045,0,128618.597,34808.168,105.674,95616.557,155305.792,49194.291
N,1,1,2025-01-12 04:00:00.026,1,11046,0,128618.744,34808.168,105.674,95616.779,155306.059,49194.291
N,1,1,2025-01-12 04:05:00.001,1,11047,0,128618.879,34808.168,105.674,95617.005,155306.321,49194.291
N,1,1,2025-01-12 04:10:00.004,1,11048,0,128619.039,34808.168,105.674,95617.230,155306.598,49194.291
N,1,1,2025-01-12 04:15:00.003,1,11049,0,128619.178,34808.168,105.674,95617.461,155306.868,49194.291
N,1,1,2025-01-12 04:20:00.012,1,11050,0,128619.321,34808.168,105.674,95617.690,155307.138,49194.291
N,1,1,2025-01-12 04:25:00.004,1,11051,0,128619.484,34808.168,105.674,95617.914,155307.415,49194.291
N,1,1,2025-01-12 04:30:00.004,1,11052,0,128619.829,34808.168,105.674,95618.142,155307.838,49194.291
N,1,1,2025-01-12 04:35:00.007,1,11053,0,128620.314,34808.168,105.674,95618.367,155308.373,49194.291
N,1,1,2025-01-12 04:40:00.003,1,11054,0,128620.515,34808.168,105.674,95618.587,155308.678,49194.291
N,1,1,2025-01-12 04:45:00.010,1,11055,0,128620.949,34808.168,105.674,95618.809,155309.166,49194.291
N,1,1,2025-01-12 04:50:00.003,1,11056,0,128621.132,34808.168,105.674,95619.032,155309.460,49194.291
N,1,1,2025-01-12 04:55:00.011,1,11057,0,128621.279,34808.168,105.674,95619.261,155309.733,49194.291
N,1,1,2025-01-12 05:00:00.016,1,11058,0,128621.453,34808.168,105.674,95619.494,155310.024,49194.291
N,1,1,2025-01-12 05:05:00.011,1,11059,0,128621.607,34808.168,105.674,95619.730,155310.306,49194.291
N,1,1,2025-01-12 05:10:00.012,1,11060,0,128621.729,34808.168,105.674,95619.971,155310.576,49194.291
N,1,1,2025-01-12 05:15:00.017,1,11061,0,128621.858,34808.168,105.674,95620.202,155310.841,49194.291
N,1,1,2025-01-12 05:20:00.008,1,11062,0,128621.980,34808.168,105.674,95620.430,155311.099,49194.291
N,1,1,2025-01-12 05:25:00.009,1,11063,0,128622.119,34808.168,105.674,95620.658,155311.367,49194.291
N,1,1,2025-01-12 05:30:00.015,1,11064,0,128622.258,34808.168,105.674,95620.882,155311.631,49194.291
N,1,1,2025-01-12 05:35:00.008,1,11065,0,128622.375,34808.168,105.674,95621.103,155311.882,49194.291
N,1,1,2025-01-12 05:40:00.020,1,11066,0,128622.502,34808.168,105.674,95621.324,155312.136,49194.291
N,1,1,2025-01-12 05:45:00.003,1,11067,0,128622.618,34808.168,105.674,95621.545,155312.386,49194.291
N,1,1,2025-01-12 05:50:00.004,1,11068,0,128622.723,34808.168,105.674,95621.771,155312.636,49194.291
N,1,1,2025-01-12 05:55:00.017,1,11069,0,128622.843,34808.168,105.674,95621.988,155312.884,49194.291
N,1,1,2025-01-12 06:00:00.016,1,11070,0,128623.057,34808.168,105.674,95622.206,155313.204,49194.291
N,1,1,2025-01-12 06:05:00.017,1,11071,0,128623.401,34808.168,105.674,95622.425,155313.612,49194.291
N,1,1,2025-01-12 06:10:00.014,1,11072,0,128623.509,34808.168,105.674,95622.637,155313.860,49194.291
N,1,1,2025-01-12 06:15:00.012,1,11073,0,128623.570,34808.168,105.674,95622.856,155314.088,49194.291
N,1,1,2025-01-12 06:20:00.005,1,11074,0,128623.635,34808.168,105.674,95623.073,155314.315,49194.291
N,1,1,2025-01-12 06:25:00.013,1,11075,0,128623.645,34808.172,105.674,95623.290,155314.438,49194.385
N,1,1,2025-01-12 06:30:00.010,1,11076,0,128623.645,34808.184,105.674,95623.500,155314.450,49194.584
N,1,1,2025-01-12 06:35:00.003,1,11077,0,128623.647,34808.192,105.674,95623.699,155314.525,49194.709
N,1,1,2025-01-12 06:40:00.016,1,11078,0,128623.648,34808.195,105.674,95623.896,155314.578,49194.852
N,1,1,2025-01-12 06:45:00.013,1,11079,0,128623.651,34808.205,105.674,95624.088,155314.642,49194.981
N,1,1,2025-01-12 06:50:00.007,1,11080,0,128623.654,34808.209,105.674,95624.276,155314.730,49195.082
N,1,1,2025-01-12 06:55:00.002,1,11081,0,128623.656,34808.213,105.674,95624.472,155314.785,49195.223
N,1,1,2025-01-12 07:00:00.028,1,11082,0,128623.693,34808.227,105.674,95624.683,155314.897,49195.334
N,1,1,2025-01-12 07:05:00.019,1,11083,0,128623.794,34808.227,105.674,95624.899,155315.118,49195.360
N,1,1,2025-01-12 07:10:00.019,1,11084,0,128623.897,34808.227,105.675,95625.114,155315.362,49195.360
N,1,1,2025-01-12 07:15:00.009,1,11085,0,128623.960,34808.264,105.700,95625.287,155315.521,49195.426
N,1,1,2025-01-12 07:20:00.010,1,11086,0,128623.974,34808.321,105.700,95625.499,155315.618,49195.563
N,1,1,2025-01-12 07:25:00.011,1,11087,0,128623.977,34808.328,105.700,95625.716,155315.686,49195.713
N,1,1,2025-01-12 07:30:00.013,1,11088,0,128623.978,34808.398,105.700,95625.926,155315.728,49195.905
N,1,1,2025-01-12 07:35:00.019,1,11089,0,128623.989,34808.401,105.700,95626.139,155315.859,49195.987
N,1,1,2025-01-12 07:40:00.007,1,11090,0,128623.997,34808.429,105.700,95626.350,155315.919,49196.151
N,1,1,2025-01-12 07:45:00.020,1,11091,0,128624.004,34808.446,105.700,95626.565,155315.997,49196.290
N,1,1,2025-01-12 07:50:00.018,1,11092,0,128624.004,34808.450,105.700,95626.778,155316.052,49196.448
N,1,1,2025-01-12 07:55:00.020,1,11093,0,128624.014,34808.484,105.700,95626.990,155316.118,49196.610
N,1,1,2025-01-12 08:00:00.015,1,11094,0,128624.027,34808.502,105.700,95627.202,155316.210,49196.735
N,1,1,2025-01-12 08:05:00.009,1,11095,0,128624.030,34808.507,105.700,95627.417,155316.280,49196.881
N,1,1,2025-01-12 08:10:00.003,1,11096,0,128624.030,34808.580,105.700,95627.636,155316.305,49197.099
N,1,1,2025-01-12 08:15:00.017,1,11097,0,128624.032,34808.592,105.700,95627.854,155316.345,49197.278
N,1,1,2025-01-12 08:20:00.004,1,11098,0,128624.041,34808.631,105.700,95628.072,155316.424,49197.427
N,1,1,2025-01-12 08:25:00.013,1,11099,0,128624.042,34808.674,105.700,95628.283,155316.485,49197.595
N,1,1,2025-01-12 08:30:00.020,1,11100,0,128624.042,34808.819,105.700,95628.492,155316.485,49197.850
N,1,1,2025-01-12 08:35:00.011,1,11101,0,128624.042,34808.995,105.700,95628.700,155316.486,49198.122
N,1,1,2025-01-12 08:40:00.000,1,11102,0,128624.042,34809.234,105.700,95628.900,155316.486,49198.435
N,1,1,2025-01-12 08:45:00.014,1,11103,0,128624.043,34809.439,105.700,95629.103,155316.487,49198.730
N,1,1,2025-01-12 08:50:00.008,1,11104,0,128624.043,34809.725,105.700,95629.309,155316.487,49199.085
N,1,1,2025-01-12 08:55:00.001,1,11105,0,128624.043,34810.031,105.700,95629.518,155316.487,49199.455
N,1,1,2025-01-12 09:00:00.020,1,11106,0,128624.043,34810.333,105.700,95629.729,155316.487,49199.825
N,1,1,2025-01-12 09:05:00.019,1,11107,0,128624.044,34810.542,105.700,95629.938,155316.493,49200.120
N,1,1,2025-01-12 09:10:00.009,1,11108,0,128624.044,34810.876,105.700,95630.145,155316.494,49200.514
N,1,1,2025-01-12 09:15:00.000,1,11109,0,128624.044,34811.251,105.700,95630.352,155316.494,49200.942
N,1,1,2025-01-12 09:20:00.009,1,11110,0,128624.044,34811.598,105.700,95630.553,155316.495,49201.346
N,1,1,2025-01-12 09:25:00.003,1,11111,0,128624.044,34811.939,105.700,95630.754,155316.495,49201.743
N,1,1,2025-01-12 09:30:00.006,1,11112,0,128624.044,34812.346,105.700,95630.951,155316.495,49202.195
N,1,1,2025-01-12 09:35:00.001,1,11113,0,128624.044,34812.746,105.700,95631.151,155316.495,49202.644
N,1,1,2025-01-12 09:40:00.020,1,11114,0,128624.044,34813.200,105.700,95631.355,155316.495,49203.142
N,1,1,2025-01-12 09:45:00.005,1,11115,0,128624.044,34813.676,105.700,95631.564,155316.495,49203.662
N,1,1,2025-01-12 09:50:00.000,1,11116,0,128624.044,34814.163,105.700,95631.778,155316.495,49204.194
N,1,1,2025-01-12 09:55:00.006,1,11117,0,128624.044,34814.647,105.702,95631.991,155316.495,49204.725
N,1,1,2025-01-12 10:00:00.016,1,11118,0,128624.044,34815.268,105.702,95632.208,155316.495,49205.383
N,1,1,2025-01-12 10:05:00.020,1,11119,0,128624.044,34815.808,105.702,95632.419,155316.495,49205.965
N,1,1,2025-01-12 10:10:00.003,1,11120,0,128624.045,34816.115,105.702,95632.630,155316.496,49206.347
N,1,1,2025-01-12 10:15:00.010,1,11121,0,128624.045,34816.212,105.702,95632.845,155316.512,49206.592
N,1,1,2025-01-12 10:20:00.012,1,11122,0,128624.047,34816.356,105.702,95633.060,155316.520,49206.866
N,1,1,2025-01-12 10:25:00.007,1,11123,0,128624.048,34816.713,105.702,95633.271,155316.524,49207.285
N,1,1,2025-01-12 10:30:00.003,1,11124,0,128624.048,34817.290,105.702,95633.478,155316.524,49207.898
N,1,1,2025-01-12 10:35:00.016,1,11125,0,128624.048,34817.873,105.702,95633.686,155316.524,49208.517
N,1,1,2025-01-12 10:40:00.017,1,11126,0,128624.048,34818.487,105.702,95633.892,155316.524,49209.164
N,1,1,2025-01-12 10:45:00.006,1,11127,0,128624.048,34819.065,105.702,95634.103,155316.524,49209.780
N,1,1,2025-01-12 10:50:00.009,1,11128,0,128624.048,34819.411,105.702,95634.296,155316.524,49210.181
N,1,1,2025-01-12 10:55:00.012,1,11129,0,128624.048,34819.573,105.702,95634.485,155316.524,49210.431
N,1,1,2025-01-12 11:00:00.010,1,11130,0,128624.048,34819.828,105.702,95634.673,155316.525,49210.764
N,1,1,2025-01-12 11:05:00.018,1,11131,0,128624.048,34819.957,105.702,95634.870,155316.527,49211.010
N,1,1,2025-01-12 11:10:00.003,1,11132,0,128624.058,34820.080,105.702,95635.044,155316.562,49211.210
N,1,1,2025-01-12 11:15:00.016,1,11133,0,128624.060,34820.419,105.702,95635.223,155316.567,49211.596
N,1,1,2025-01-12 11:20:00.019,1,11134,0,128624.068,34820.575,105.702,95635.415,155316.584,49211.845
N,1,1,2025-01-12 11:25:00.006,1,11135,0,128624.070,34820.871,105.730,95635.576,155316.590,49212.204
N,1,1,2025-01-12 11:30:00.016,1,11136,0,128624.070,34821.320,105.730,95635.786,155316.590,49212.702
N,1,1,2025-01-12 11:35:00.018,1,11137,0,128624.070,34821.526,105.730,95636.003,155316.603,49213.012
N,1,1,2025-01-12 11:40:00.003,1,11138,0,128624.085,34821.619,105.755,95636.184,155316.676,49213.184
N,1,1,2025-01-12 11:45:00.025,1,11139,0,128624.115,34821.663,105.755,95636.404,155316.758,49213.338
N,1,1,2025-01-12 11:50:00.003,1,11140,0,128624.134,34821.704,105.755,95636.612,155316.846,49213.471
N,1,1,2025-01-12 11:55:00.003,1,11141,0,128624.148,34821.719,105.755,95636.831,155316.970,49213.571
N,1,1,2025-01-12 12:00:00.020,1,11142,0,128624.149,34821.819,105.755,95637.049,155316.981,49213.805
N,1,1,2025-01-12 12:05:00.011,1,11143,0,128624.150,34821.903,105.755,95637.247,155316.989,49214.021
N,1,1,2025-01-12 12:10:00.011,1,11144,0,128624.150,34822.101,105.755,95637.470,155316.989,49214.321
N,1,1,2025-01-12 12:15:00.016,1,11145,0,128624.150,34822.479,105.755,95637.694,155316.989,49214.785
N,1,1,2025-01-12 12:20:00.010,1,11146,0,128624.150,34822.865,105.755,95637.922,155316.989,49215.242
N,1,1,2025-01-12 12:25:00.002,1,11147,0,128624.167,34823.015,105.755,95638.148,155317.030,49215.492
N,1,1,2025-01-12 12:30:00.018,1,11148,0,128624.197,34823.175,105.755,95638.381,155317.103,49215.731
N,1,1,2025-01-12 12:35:00.007,1,11149,0,128624.205,34823.420,105.755,95638.623,155317.134,49216.071
N,1,1,2025-01-12 12:40:00.015,1,11150,0,128624.205,34823.897,105.755,95638.855,155317.134,49216.604
N,1,1,2025-01-12 12:45:00.012,1,11151,0,128624.205,34824.481,105.755,95639.079,155317.134,49217.229
N,1,1,2025-01-12 12:50:00.001,1,11152,0,128624.205,34825.072,105.755,95639.305,155317.134,49217.862
N,1,1,2025-01-12 12:55:00.004,1,11153,0,128624.205,34825.689,105.755,95639.529,155317.134,49218.518
N,1,1,2025-01-12 13:00:00.024,1,11154,0,128624.205,34826.349,105.755,95639.748,155317.134,49219.214
N,1,1,2025-01-12 13:05:00.012,1,11155,0,128624.205,34827.017,105.755,95639.965,155317.134,49219.918
N,1,1,2025-01-12 13:10:00.006,1,11156,0,128624.205,34827.443,105.755,95640.184,155317.134,49220.396
N,1,1,2025-01-12 13:15:00.009,1,11157,0,128624.205,34828.154,105.755,95640.399,155317.134,49221.139
N,1,1,2025-01-12 13:20:00.013,1,11158,0,128624.205,34828.882,105.755,95640.612,155317.134,49221.898
N,1,1,2025-01-12 13:25:00.019,1,11159,0,128624.205,34829.581,105.755,95640.827,155317.134,49222.629
N,1,1,2025-01-12 13:30:00.017,1,11160,0,128624.205,34830.195,105.755,95641.051,155317.134,49223.283
N,1,1,2025-01-12 13:35:00.004,1,11161,0,128624.205,34830.573,105.755,95641.279,155317.134,49223.725
N,1,1,2025-01-12 13:40:00.010,1,11162,0,128624.205,34830.972,105.755,95641.502,155317.134,49224.182
N,1,1,2025-01-12 13:45:00.019,1,11163,0,128624.205,34831.437,105.755,95641.713,155317.134,49224.694
N,1,1,2025-01-12 13:50:00.004,1,11164,0,128624.205,34831.918,105.789,95641.858,155317.135,49225.210
N,1,1,2025-01-12 13:55:00.013,1,11165,0,128624.205,34832.270,105.789,95642.046,155317.135,49225.609
N,1,1,2025-01-12 14:00:00.018,1,11166,0,128624.205,34832.907,105.789,95642.241,155317.135,49226.277
N,1,1,2025-01-12 14:05:00.010,1,11167,0,128624.205,34833.594,105.789,95642.437,155317.135,49226.992
N,1,1,2025-01-12 14:10:00.014,1,11168,0,128624.205,34834.369,105.789,95642.629,155317.135,49227.791
N,1,1,2025-01-12 14:15:00.015,1,11169,0,128624.205,34835.145,105.789,95642.822,155317.135,49228.590
N,1,1,2025-01-12 14:20:00.015,1,11170,0,128624.205,34835.902,105.789,95643.025,155317.135,49229.374
N,1,1,2025-01-12 14:25:00.005,1,11171,0,128624.205,34836.634,105.789,95643.212,155317.135,49230.131
N,1,1,2025-01-12 14:30:00.018,1,11172,0,128624.205,34837.276,105.789,95643.389,155317.135,49230.799
N,1,1,2025-01-12 14:35:00.003,1,11173,0,128624.205,34837.853,105.789,95643.577,155317.135,49231.406
N,1,1,2025-01-12 14:40:00.007,1,11174,0,128624.205,34838.200,105.789,95643.782,155317.136,49231.815
N,1,1,2025-01-12 14:45:00.017,1,11175,0,128624.205,34838.458,105.789,95643.984,155317.136,49232.145
N,1,1,2025-01-12 14:50:00.017,1,11176,0,128624.205,34838.612,105.789,95644.207,155317.136,49232.418
N,1,1,2025-01-12 14:55:00.011,1,11177,0,128624.235,34838.722,105.789,95644.431,155317.212,49232.614
N,1,1,2025-01-12 15:00:00.011,1,11178,0,128624.243,34838.787,105.789,95644.657,155317.251,49232.817
N,1,1,2025-01-12 15:05:00.014,1,11179,0,128624.279,34838.810,105.789,95644.871,155317.341,49232.960
N,1,1,2025-01-12 15:10:00.003,1,11180,0,128624.319,34838.853,105.789,95645.103,155317.433,49233.120
N,1,1,2025-01-12 15:15:00.014,1,11181,0,128624.357,34838.875,105.789,95645.335,155317.553,49233.244
N,1,1,2025-01-12 15:20:00.003,1,11182,0,128624.379,34838.922,105.789,95645.558,155317.622,49233.413
N,1,1,2025-01-12 15:25:00.012,1,11183,0,128624.385,34838.967,105.789,95645.788,155317.681,49233.594
N,1,1,2025-01-12 15:30:00.003,1,11184,0,128624.415,34838.974,105.789,95645.996,155317.800,49233.693
N,1,1,2025-01-12 15:35:00.018,1,11185,0,128624.501,34838.995,105.789,95646.229,155318.008,49233.749
N,1,1,2025-01-12 15:40:00.005,1,11186,0,128624.526,34839.114,105.789,95646.457,155318.092,49233.949
N,1,1,2025-01-12 15:45:00.008,1,11187,0,128624.526,34839.324,105.789,95646.700,155318.093,49234.273
N,1,1,2025-01-12 15:50:00.001,1,11188,0,128624.526,34839.502,105.789,95646.935,155318.093,49234.575
N,1,1,2025-01-12 15:55:00.002,1,11189,0,128624.570,34839.547,105.789,95647.167,155318.182,49234.749
N,1,1,2025-01-12 16:00:00.004,1,11190,0,128624.589,34839.569,105.789,95647.377,155318.273,49234.876
N,1,1,2025-01-12 16:05:00.009,1,11191,0,128624.605,34839.614,105.789,95647.602,155318.333,49235.054
N,1,1,2025-01-12 16:10:00.002,1,11192,0,128624.611,34839.637,105.789,95647.829,155318.392,49235.226
N,1,1,2025-01-12 16:15:00.018,1,11193,0,128624.692,34839.657,105.789,95648.059,155318.578,49235.307
N,1,1,2025-01-12 16:20:00.013,1,11194,0,128624.763,34839.676,105.789,95648.282,155318.748,49235.385
N,1,1,2025-01-12 16:25:00.004,1,11195,0,128624.845,34839.687,105.789,95648.504,155318.951,49235.430
N,1,1,2025-01-12 16:30:00.011,1,11196,0,128624.889,34839.703,105.789,95648.723,155319.120,49235.490
N,1,1,2025-01-12 16:35:00.017,1,11197,0,128624.941,34839.724,105.789,95648.957,155319.291,49235.569
N,1,1,2025-01-12 16:40:00.006,1,11198,0,128624.958,34839.751,105.789,95649.201,155319.433,49235.677
N,1,1,2025-01-12 16:45:00.012,1,11199,0,128624.966,34839.777,105.789,95649.431,155319.492,49235.854
N,1,1,2025-01-12 16:50:00.003,1,11200,0,128625.060,34839.785,105.789,95649.661,155319.685,49235.927
N,1,1,2025-01-12 16:55:00.007,1,11201,0,128625.180,34839.792,105.789,95649.888,155319.917,49235.965
N,1,1,2025-01-12 17:00:00.017,1,11202,0,128625.231,34839.799,105.789,95650.117,155320.081,49236.049
N,1,1,2025-01-12 17:05:00.004,1,11203,0,128625.244,34839.801,105.789,95650.350,155320.285,49236.079
N,1,1,2025-01-12 17:10:00.012,1,11204,0,128625.260,34839.826,105.789,95650.579,155320.392,49236.210
N,1,1,2025-01-12 17:15:00.007,1,11205,0,128625.262,34839.829,105.789,95650.806,155320.505,49236.324
N,1,1,2025-01-12 17:20:00.005,1,11206,0,128625.319,34839.831,105.789,95651.033,155320.666,49236.411
N,1,1,2025-01-12 17:25:00.019,1,11207,0,128625.342,34839.838,105.789,95651.269,155320.794,49236.524
N,1,1,2025-01-12 17:30:00.011,1,11208,0,128625.346,34839.855,105.789,95651.504,155320.900,49236.658
N,1,1,2025-01-12 17:35:00.008,1,11209,0,128625.438,34839.857,105.789,95651.743,155321.100,49236.728
N,1,1,2025-01-12 17:40:00.011,1,11210,0,128625.484,34839.868,105.789,95651.975,155321.316,49236.753
N,1,1,2025-01-12 17:45:00.019,1,11211,0,128625.485,34839.877,105.789,95652.233,155321.366,49236.961
N,1,1,2025-01-12 17:50:00.003,1,11212,0,128625.488,34839.883,105.789,95652.489,155321.466,49237.119
N,1,1,2025-01-12 17:55:00.004,1,11213,0,128625.490,34839.885,105.789,95652.735,155321.604,49237.226
N,1,1,2025-01-12 18:00:00.015,1,11214,0,128625.551,34839.887,105.789,95652.962,155321.797,49237.275
N,1,1,2025-01-12 18:05:00.015,1,11215,0,128625.648,34839.890,105.789,95653.187,155322.009,49237.320
N,1,1,2025-01-12 18:10:00.012,1,11216,0,128625.792,34839.890,105.789,95653.415,155322.287,49237.320
N,1,1,2025-01-12 18:15:00.003,1,11217,0,128626.450,34839.890,105.789,95653.650,155322.987,49237.320
N,1,1,2025-01-12 18:20:00.013,1,11218,0,128627.094,34839.890,105.789,95653.896,155323.677,49237.320
N,1,1,2025-01-12 18:25:00.003,1,11219,0,128627.793,34839.890,105.789,95654.140,155324.418,49237.320
N,1,1,2025-01-12 18:30:00.011,1,11220,0,128628.325,34839.890,105.789,95654.382,155325.010,49237.320
N,1,1,2025-01-12 18:35:00.015,1,11221,0,128628.519,34839.890,105.789,95654.622,155325.329,49237.320
N,1,1,2025-01-12 18:40:00.008,1,11222,0,128628.778,34839.890,105.789,95654.862,155325.690,49237.320
N,1,1,2025-01-12 18:45:00.016,1,11223,0,128629.143,34839.890,105.789,95655.101,155326.140,49237.320
N,1,1,2025-01-12 18:50:00.013,1,11224,0,128629.760,34839.890,105.789,95655.354,155326.808,49237.320
N,1,1,2025-01-12 18:55:00.017,1,11225,0,128630.427,34839.890,105.789,95655.617,155327.526,49237.320
N,1,1,2025-01-12 19:00:00.022,1,11226,0,128630.813,34839.890,105.789,95655.884,155328.001,49237.320
N,1,1,2025-01-12 19:05:00.001,1,11227,0,128631.140,34839.890,105.789,95656.153,155328.427,49237.320
N,1,1,2025-01-12 19:10:00.010,1,11228,0,128631.483,34839.890,105.789,95656.419,155328.866,49237.320
N,1,1,2025-01-12 19:15:00.011,1,11229,0,128632.076,34839.890,105.789,95656.686,155329.517,49237.320
N,1,1,2025-01-12 19:20:00.004,1,11230,0,128632.936,34839.890,105.789,95656.955,155330.419,49237.320
N,1,1,2025-01-12 19:25:00.003,1,11231,0,128633.584,34839.890,105.789,95657.227,155331.123,49237.320
N,1,1,2025-01-12 19:30:00.040,1,11232,0,128634.034,34839.890,105.789,95657.507,155331.662,49237.320
N,1,1,2025-01-12 19:35:00.009,1,11233,0,128634.303,34839.890,105.789,95657.784,155332.051,49237.320
N,1,1,2025-01-12 19:40:00.019,1,11234,0,128634.492,34839.890,105.789,95658.064,155332.388,49237.320
N,1,1,2025-01-12 19:45:00.018,1,11235,0,128634.765,34839.890,105.789,95658.343,155332.791,49237.320
N,1,1,2025-01-12 19:50:00.019,1,11236,0,128635.209,34839.890,105.789,95658.622,155333.315,49237.320
N,1,1,2025-01-12 19:55:00.009,1,11237,0,128635.828,34839.890,105.789,95658.897,155333.998,49237.320
N,1,1,2025-01-12 20:00:00.023,1,11238,0,128636.906,34839.890,105.789,95659.179,155335.113,49237.320
N,1,1,2025-01-12 20:05:00.010,1,11239,0,128637.423,34839.890,105.789,95659.454,155335.700,49237.320
N,1,1,2025-01-12 20:10:00.006,1,11240,0,128638.160,34839.890,105.789,95659.744,155336.493,49237.320
N,1,1,2025-01-12 20:15:00.012,1,11241,0,128638.944,34839.890,105.789,95660.041,155337.332,49237.320
N,1,1,2025-01-12 20:20:00.010,1,11242,0,128639.499,34839.890,105.789,95660.338,155337.963,49237.320
N,1,1,2025-01-12 20:25:00.014,1,11243,0,128639.842,34839.890,105.789,95660.632,155338.419,49237.320
N,1,1,2025-01-12 20:30:00.001,1,11244,0,128640.493,34839.890,105.789,95660.929,155339.134,49237.320
N,1,1,2025-01-12 20:35:00.017,1,11245,0,128641.083,34839.890,105.789,95661.213,155339.791,49237.320
N,1,1,2025-01-12 20:40:00.014,1,11246,0,128641.741,34839.890,105.789,95661.491,155340.507,49237.320
N,1,1,2025-01-12 20:45:00.017,1,11247,0,128642.519,34839.890,105.789,95661.781,155341.339,49237.320
N,1,1,2025-01-12 20:50:00.005,1,11248,0,128643.338,34839.890,105.789,95662.074,155342.209,49237.320
N,1,1,2025-01-12 20:55:00.018,1,11249,0,128643.911,34839.890,105.789,95662.363,155342.851,49237.320
N,1,1,2025-01-12 21:00:00.008,1,11250,0,128644.313,34839.890,105.789,95662.631,155343.344,49237.320
N,1,1,2025-01-12 21:05:00.020,1,11251,0,128644.655,34839.890,105.789,95662.889,155343.780,49237.320
N,1,1,2025-01-12 21:10:00.006,1,11252,0,128645.403,34839.890,105.789,95663.148,155344.572,49237.320
N,1,1,2025-01-12 21:15:00.013,1,11253,0,128646.165,34839.890,105.789,95663.420,155345.381,49237.320
N,1,1,2025-01-12 21:20:00.006,1,11254,0,128646.619,34839.890,105.789,95663.687,155345.912,49237.320
N,1,1,2025-01-12 21:25:00.003,1,11255,0,128647.011,34839.890,105.789,95663.949,155346.385,49237.320
N,1,1,2025-01-12 21:30:00.003,1,11256,0,128647.441,34839.890,105.789,95664.208,155346.890,49237.320
N,1,1,2025-01-12 21:35:00.016,1,11257,0,128647.938,34839.890,105.789,95664.472,155347.454,49237.320
N,1,1,2025-01-12 21:40:00.017,1,11258,0,128648.351,34839.890,105.789,95664.745,155347.950,49237.320
N,1,1,2025-01-12 21:45:00.009,1,11259,0,128648.680,34839.890,105.789,95665.019,155348.378,49237.320
N,1,1,2025-01-12 21:50:00.010,1,11260,0,128648.986,34839.890,105.789,95665.291,155348.788,49237.320
N,1,1,2025-01-12 21:55:00.019,1,11261,0,128649.338,34839.890,105.789,95665.544,155349.222,49237.320
N,1,1,2025-01-12 22:00:00.002,1,11262,0,128649.705,34839.890,105.789,95665.794,155349.666,49237.320
N,1,1,2025-01-12 22:05:00.005,1,11263,0,128650.291,34839.890,105.789,95666.039,155350.304,49237.320
N,1,1,2025-01-12 22:10:00.019,1,11264,0,128650.863,34839.890,105.789,95666.283,155350.927,49237.320
N,1,1,2025-01-12 22:15:00.010,1,11265,0,128651.234,34839.890,105.789,95666.521,155351.368,49237.320
N,1,1,2025-01-12 22:20:00.007,1,11266,0,128651.568,34839.890,105.789,95666.758,155351.778,49237.320
N,1,1,2025-01-12 22:25:00.011,1,11267,0,128651.861,34839.890,105.789,95667.001,155352.159,49237.320
N,1,1,2025-01-12 22:30:00.019,1,11268,0,128652.124,34839.890,105.789,95667.240,155352.514,49237.320
N,1,1,2025-01-12 22:35:00.008,1,11269,0,128652.658,34839.890,105.789,95667.483,155353.113,49237.320
N,1,1,2025-01-12 22:40:00.001,1,11270,0,128653.483,34839.890,105.789,95667.731,155353.974,49237.320
N,1,1,2025-01-12 22:45:00.006,1,11271,0,128654.335,34839.890,105.789,95667.994,155354.866,49237.320
N,1,1,2025-01-12 22:50:00.014,1,11272,0,128655.298,34839.890,105.789,95668.254,155355.865,49237.320
N,1,1,2025-01-12 22:55:00.002,1,11273,0,128656.202,34839.890,105.789,95668.508,155356.805,49237.320
N,1,1,2025-01-12 23:00:00.020,1,11274,0,128657.072,34839.890,105.789,95668.759,155357.710,49237.320
N,1,1,2025-01-12 23:05:00.005,1,11275,0,128657.949,34839.890,105.789,95669.012,155358.623,49237.320
N,1,1,2025-01-12 23:10:00.020,1,11276,0,128658.810,34839.890,105.789,95669.264,155359.521,49237.320
N,1,1,2025-01-12 23:15:00.007,1,11277,0,128659.343,34839.890,105.789,95669.513,155360.113,49237.320
N,1,1,2025-01-12 23:20:00.005,1,11278,0,128659.735,34839.890,105.789,95669.757,155360.575,49237.320
N,1,1,2025-01-12 23:25:00.010,1,11279,0,128660.241,34839.890,105.789,95669.998,155361.138,49237.320
N,1,1,2025-01-12 23:30:00.005,1,11280,0,128660.927,34839.890,105.789,95670.229,155361.862,49237.320
N,1,1,2025-01-12 23:35:00.014,1,11281,0,128661.586,34839.890,105.789,95670.467,155362.563,49237.320
N,1,1,2025-01-12 23:40:00.013,1,11282,0,128661.980,34839.890,105.789,95670.701,155363.023,49237.320
N,1,1,2025-01-12 23:45:00.005,1,11283,0,128662.333,34839.890,105.789,95670.933,155363.446,49237.320
N,1,1,2025-01-12 23:50:00.009,1,11284,0,128662.753,34839.890,105.789,95671.163,155363.925,49237.320
N,1,1,2025-01-12 23:55:00.006,1,11285,0,128663.076,34839.890,105.789,95671.391,155364.321,49237.320
N,1,1,2025-01-13 00:00:00.020,1,11286,0,128663.380,34839.890,105.789,95671.621,155364.702,49237.320
N,1,1,2025-01-13 00:05:00.012,1,11287,0,128663.665,34839.890,105.789,95671.855,155365.071,49237.320
N,1,1,2025-01-13 00:10:00.003,1,11288,0,128663.934,34839.890,105.789,95672.087,155365.427,49237.320
N,1,1,2025-01-13 00:15:00.041,1,11289,0,128664.218,34839.890,105.789,95672.312,155365.789,49237.320
N,1,1,2025-01-13 00:20:00.015,1,11290,0,128664.697,34839.890,105.789,95672.545,155366.324,49237.320
N,1,1,2025-01-13 00:25:00.014,1,11291,0,128665.016,34839.890,105.789,95672.780,155366.727,49237.320
N,1,1,2025-01-13 00:30:00.030,1,11292,0,128665.245,34839.890,105.789,95673.013,155367.054,49237.320
N,1,1,2025-01-13 00:35:00.015,1,11293,0,128665.472,34839.890,105.789,95673.246,155367.379,49237.320
N,1,1,2025-01-13 00:40:00.016,1,11294,0,128665.693,34839.890,105.789,95673.481,155367.701,49237.320
N,1,1,2025-01-13 00:45:00.027,1,11295,0,128665.904,34839.890,105.789,95673.718,155368.018,49237.320
N,1,1,2025-01-13 00:50:00.020,1,11296,0,128666.111,34839.890,105.789,95673.961,155368.338,49237.320
N,1,1,2025-01-13 00:55:00.008,1,11297,0,128666.325,34839.890,105.789,95674.203,155368.661,49237.320
N,1,1,2025-01-13 01:00:00.016,1,11298,0,128666.553,34839.890,105.789,95674.443,155368.992,49237.320
N,1,1,2025-01-13 01:05:00.020,1,11299,0,128666.762,34839.890,105.789,95674.684,155369.311,49237.320
N,1,1,2025-01-13 01:10:00.012,1,11300,0,128666.959,34839.890,105.789,95674.936,155369.631,49237.320
N,1,1,2025-01-13 01:15:00.028,1,11301,0,128667.153,34839.890,105.789,95675.188,155369.949,49237.320
N,1,1,2025-01-13 01:20:00.015,1,11302,0,128667.539,34839.890,105.789,95675.428,155370.409,49237.320
N,1,1,2025-01-13 01:25:00.019,1,11303,0,128667.986,34839.890,105.789,95675.667,155370.921,49237.320
N,1,1,2025-01-13 01:30:00.026,1,11304,0,128668.210,34839.890,105.789,95675.902,155371.245,49237.320
N,1,1,2025-01-13 01:35:00.017,1,11305,0,128668.428,34839.890,105.789,95676.135,155371.564,49237.320
N,1,1,2025-01-13 01:40:00.018,1,11306,0,128668.643,34839.890,105.789,95676.366,155371.881,49237.320
N,1,1,2025-01-13 01:45:00.014,1,11307,0,128668.861,34839.890,105.789,95676.599,155372.199,49237.320
N,1,1,2025-01-13 01:50:00.009,1,11308,0,128669.084,34839.890,105.789,95676.830,155372.521,49237.320
N,1,1,2025-01-13 01:55:00.005,1,11309,0,128669.312,34839.890,105.789,95677.062,155372.845,49237.320
N,1,1,2025-01-13 02:00:00.028,1,11310,0,128669.536,34839.890,105.789,95677.295,155373.169,49237.320
N,1,1,2025-01-13 02:05:00.016,1,11311,0,128669.759,34839.890,105.789,95677.528,155373.492,49237.320
N,1,1,2025-01-13 02:10:00.013,1,11312,0,128669.985,34839.890,105.789,95677.762,155373.817,49237.320
N,1,1,2025-01-13 02:15:00.020,1,11313,0,128670.202,34839.890,105.789,95677.992,155374.133,49237.320
N,1,1,2025-01-13 02:20:00.004,1,11314,0,128670.418,34839.890,105.789,95678.221,155374.448,49237.320
N,1,1,2025-01-13 02:25:00.013,1,11315,0,128670.617,34839.890,105.789,95678.456,155374.756,49237.320
N,1,1,2025-01-13 02:30:00.019,1,11316,0,128670.851,34839.890,105.789,95678.687,155375.084,49237.320
N,1,1,2025-01-13 02:35:00.001,1,11317,0,128671.074,34839.890,105.789,95678.918,155375.406,49237.320
N,1,1,2025-01-13 02:40:00.001,1,11318,0,128671.256,34839.890,105.789,95679.160,155375.709,49237.320
N,1,1,2025-01-13 02:45:00.013,1,11319,0,128671.461,34839.890,105.789,95679.402,155376.027,49237.320
N,1,1,2025-01-13 02:50:00.004,1,11320,0,128671.676,34839.890,105.789,95679.642,155376.348,49237.320
N,1,1,2025-01-13 02:55:00.001,1,11321,0,128671.894,34839.890,105.789,95679.878,155376.670,49237.320
N,1,1,2025-01-13 03:00:00.034,1,11322,0,128672.109,34839.890,105.789,95680.111,155376.987,49237.320
N,1,1,2025-01-13 03:05:00.008,1,11323,0,128672.316,34839.890,105.789,95680.348,155377.302,49237.320
N,1,1,2025-01-13 03:10:00.006,1,11324,0,128672.510,34839.890,105.789,95680.588,155377.610,49237.320
N,1,1,2025-01-13 03:15:00.006,1,11325,0,128672.691,34839.890,105.789,95680.833,155377.915,49237.320
N,1,1,2025-01-13 03:20:00.000,1,11326,0,128672.879,34839.890,105.789,95681.077,155378.224,49237.320
N,1,1,2025-01-13 03:25:00.008,1,11327,0,128673.076,34839.890,105.789,95681.318,155378.534,49237.320
N,1,1,2025-01-13 03:30:00.018,1,11328,0,128673.277,34839.890,105.789,95681.560,155378.849,49237.320
N,1,1,2025-01-13 03:35:00.005,1,11329,0,128673.499,34839.890,105.789,95681.801,155379.177,49237.320
N,1,1,2025-01-13 03:40:00.019,1,11330,0,128673.705,34839.890,105.789,95682.040,155379.493,49237.320
N,1,1,2025-01-13 03:45:00.007,1,11331,0,128673.902,34839.890,105.789,95682.278,155379.802,49237.320
N,1,1,2025-01-13 03:50:00.014,1,11332,0,128674.128,34839.890,105.789,95682.519,155380.133,49237.320
N,1,1,2025-01-13 03:55:00.015,1,11333,0,128674.532,34839.890,105.789,95682.764,155380.612,49237.320
N,1,1,2025-01-13 04:00:00.021,1,11334,0,128674.979,34839.890,105.789,95683.002,155381.125,49237.320
N,1,1,2025-01-13 04:05:00.004,1,11335,0,128675.163,34839.890,105.789,95683.232,155381.420,49237.320
N,1,1,2025-01-13 04:10:00.009,1,11336,0,128675.379,34839.890,105.789,95683.472,155381.750,49237.320
N,1,1,2025-01-13 04:15:00.019,1,11337,0,128675.791,34839.890,105.789,95683.718,155382.235,49237.320
N,1,1,2025-01-13 04:20:00.017,1,11338,0,128675.943,34839.890,105.789,95683.964,155382.524,49237.320
N,1,1,2025-01-13 04:25:00.017,1,11339,0,128676.118,34839.890,105.789,95684.198,155382.817,49237.320
N,1,1,2025-01-13 04:30:00.001,1,11340,0,128676.310,34839.890,105.789,95684.423,155383.113,49237.320
N,1,1,2025-01-13 04:35:00.003,1,11341,0,128676.522,34839.890,105.789,95684.650,155383.423,49237.320
N,1,1,2025-01-13 04:40:00.002,1,11342,0,128676.718,34839.890,105.789,95684.872,155383.720,49237.320
N,1,1,2025-01-13 04:45:00.001,1,11343,0,128676.910,34839.890,105.789,95685.096,155384.015,49237.320
N,1,1,2025-01-13 04:50:00.014,1,11344,0,128677.084,34839.890,105.789,95685.325,155384.303,49237.320
N,1,1,2025-01-13 04:55:00.004,1,11345,0,128677.245,34839.890,105.789,95685.563,155384.590,49237.320
N,1,1,2025-01-13 05:00:00.020,1,11346,0,128677.420,34839.890,105.789,95685.804,155384.889,49237.320
N,1,1,2025-01-13 05:05:00.018,1,11347,0,128677.599,34839.890,105.789,95686.050,155385.194,49237.320
N,1,1,2025-01-13 05:10:00.020,1,11348,0,128677.810,34839.890,105.789,95686.287,155385.512,49237.320
N,1,1,2025-01-13 05:15:00.015,1,11349,0,128678.031,34839.890,105.789,95686.522,155385.834,49237.320
N,1,1,2025-01-13 05:20:00.013,1,11350,0,128678.216,34839.890,105.789,95686.750,155386.129,49237.320
N,1,1,2025-01-13 05:25:00.018,1,11351,0,128678.386,34839.890,105.789,95686.975,155386.411,49237.320
N,1,1,2025-01-13 05:30:00.020,1,11352,0,128678.560,34839.890,105.789,95687.198,155386.694,49237.320
N,1,1,2025-01-13 05:35:00.012,1,11353,0,128678.702,34839.890,105.789,95687.425,155386.962,49237.320
N,1,1,2025-01-13 05:40:00.020,1,11354,0,128678.862,34839.890,105.789,95687.652,155387.239,49237.320
N,1,1,2025-01-13 05:45:00.006,1,11355,0,128679.146,34839.890,105.789,95687.888,155387.614,49237.320
N,1,1,2025-01-13 05:50:00.017,1,11356,0,128679.681,34839.890,105.789,95688.132,155388.205,49237.320
N,1,1,2025-01-13 05:55:00.011,1,11357,0,128680.337,34839.890,105.789,95688.368,155388.902,49237.320
N,1,1,2025-01-13 06:00:00.018,1,11358,0,128681.242,34839.890,105.789,95688.601,155389.837,49237.320
N,1,1,2025-01-13 06:05:00.018,1,11359,0,128681.998,34839.890,105.789,95688.825,155390.628,49237.320
N,1,1,2025-01-13 06:10:00.018,1,11360,0,128682.555,34839.890,105.789,95689.060,155391.233,49237.320
N,1,1,2025-01-13 06:15:00.006,1,11361,0,128683.167,34839.890,105.790,95689.294,155391.891,49237.320
N,1,1,2025-01-13 06:20:00.017,1,11362,0,128684.624,34839.890,105.790,95689.544,155393.369,49237.320
N,1,1,2025-01-13 06:25:00.011,1,11363,0,128685.737,34839.890,105.790,95689.798,155394.512,49237.320
N,1,1,2025-01-13 06:30:00.027,1,11364,0,128686.300,34839.890,105.790,95690.046,155395.128,49237.320
N,1,1,2025-01-13 06:35:00.013,1,11365,0,128686.555,34839.890,105.790,95690.283,155395.477,49237.320
N,1,1,2025-01-13 06:40:00.010,1,11366,0,128687.010,34839.890,105.790,95690.526,155395.998,49237.320
N,1,1,2025-01-13 06:45:00.015,1,11367,0,128687.669,34839.890,105.790,95690.748,155396.696,49237.320
N,1,1,2025-01-13 06:50:00.003,1,11368,0,128687.927,34839.896,105.790,95690.980,155397.001,49237.394
N,1,1,2025-01-13 06:55:00.018,1,11369,0,128687.939,34839.910,105.790,95691.193,155397.062,49237.550
N,1,1,2025-01-13 07:00:00.001,1,11370,0,128687.940,34839.918,105.790,95691.406,155397.100,49237.726
N,1,1,2025-01-13 07:05:00.014,1,11371,0,128687.954,34839.927,105.790,95691.618,155397.221,49237.822
N,1,1,2025-01-13 07:10:00.016,1,11372,0,128688.112,34839.932,105.790,95691.835,155397.482,49237.840
N,1,1,2025-01-13 07:15:00.013,1,11373,0,128688.716,34839.932,105.790,95692.065,155398.131,49237.840
N,1,1,2025-01-13 07:20:00.002,1,11374,0,128689.186,34839.932,105.790,95692.293,155398.653,49237.840
N,1,1,2025-01-13 07:25:00.017,1,11375,0,128689.415,34839.947,105.790,95692.516,155398.944,49237.911
N,1,1,2025-01-13 07:30:00.018,1,11376,0,128689.436,34839.966,105.790,95692.727,155399.044,49238.030
N,1,1,2025-01-13 07:35:00.002,1,11377,0,128689.447,34839.993,105.790,95692.935,155399.128,49238.160
N,1,1,2025-01-13 07:40:00.016,1,11378,0,128689.453,34840.000,105.790,95693.136,155399.224,49238.266
N,1,1,2025-01-13 07:45:00.016,1,11379,0,128689.470,34840.020,105.790,95693.340,155399.344,49238.357
N,1,1,2025-01-13 07:50:00.004,1,11380,0,128689.475,34840.027,105.790,95693.547,155399.430,49238.479
N,1,1,2025-01-13 07:55:00.008,1,11381,0,128689.481,34840.035,105.790,95693.766,155399.517,49238.614
N,1,1,2025-01-13 08:00:00.017,1,11382,0,128689.493,34840.057,105.790,95694.006,155399.606,49238.770
N,1,1,2025-01-13 08:05:00.016,1,11383,0,128689.507,34840.114,105.790,95694.243,155399.715,49238.917
N,1,1,2025-01-13 08:10:00.003,1,11384,0,128689.513,34840.118,105.790,95694.480,155399.801,49239.070
N,1,1,2025-01-13 08:15:00.011,1,11385,0,128689.521,34840.154,105.790,95694.710,155399.892,49239.218
N,1,1,2025-01-13 08:20:00.016,1,11386,0,128689.522,34840.158,105.790,95694.936,155399.930,49239.406
N,1,1,2025-01-13 08:25:00.019,1,11387,0,128689.529,34840.176,105.791,95695.161,155400.008,49239.558
N,1,1,2025-01-13 08:30:00.015,1,11388,0,128689.538,34840.187,105.793,95695.384,155400.109,49239.685
N,1,1,2025-01-13 08:35:00.006,1,11389,0,128689.540,34840.195,105.793,95695.615,155400.140,49239.885
N,1,1,2025-01-13 08:40:00.002,1,11390,0,128689.561,34840.200,105.793,95695.854,155400.272,49239.997
N,1,1,2025-01-13 08:45:00.009,1,11391,0,128689.563,34840.212,105.793,95696.093,155400.320,49240.190
N,1,1,2025-01-13 08:50:00.016,1,11392,0,128689.565,34840.222,105.793,95696.332,155400.373,49240.376
N,1,1,2025-01-13 08:55:00.004,1,11393,0,128689.579,34840.297,105.793,95696.564,155400.483,49240.528
N,1,1,2025-01-13 09:00:00.007,1,11394,0,128689.582,34840.304,105.793,95696.792,155400.572,49240.666
N,1,1,2025-01-13 09:05:00.010,1,11395,0,128689.585,34840.309,105.793,95697.021,155400.652,49240.816
N,1,1,2025-01-13 09:10:00.017,1,11396,0,128689.592,34840.312,105.793,95697.252,155400.722,49240.978
N,1,1,2025-01-13 09:15:00.004,1,11397,0,128689.599,34840.420,105.793,95697.475,155400.761,49241.199
N,1,1,2025-01-13 09:20:00.003,1,11398,0,128689.599,34840.539,105.793,95697.700,155400.761,49241.458
N,1,1,2025-01-13 09:25:00.007,1,11399,0,128689.600,34840.722,105.793,95697.936,155400.765,49241.753
N,1,1,2025-01-13 09:30:00.004,1,11400,0,128689.600,34840.868,105.793,95698.167,155400.765,49242.029
N,1,1,2025-01-13 09:35:00.008,1,11401,0,128689.600,34841.014,105.793,95698.399,155400.767,49242.302
N,1,1,2025-01-13 09:40:00.009,1,11402,0,128689.603,34841.172,105.793,95698.625,155400.773,49242.575
N,1,1,2025-01-13 09:45:00.005,1,11403,0,128689.603,34841.349,105.793,95698.849,155400.774,49242.860
N,1,1,2025-01-13 09:50:00.005,1,11404,0,128689.603,34841.559,105.793,95699.068,155400.774,49243.165
N,1,1,2025-01-13 09:55:00.018,1,11405,0,128689.603,34841.845,105.793,95699.286,155400.774,49243.526
N,1,1,2025-01-13 10:00:00.006,1,11406,0,128689.603,34842.206,105.793,95699.501,155400.774,49243.946
N,1,1,2025-01-13 10:05:00.008,1,11407,0,128689.603,34842.586,105.793,95699.721,155400.774,49244.385
N,1,1,2025-01-13 10:10:00.003,1,11408,0,128689.603,34842.979,105.793,95699.943,155400.774,49244.837
N,1,1,2025-01-13 10:15:00.007,1,11409,0,128689.603,34843.231,105.793,95700.165,155400.774,49245.188
N,1,1,2025-01-13 10:20:00.004,1,11410,0,128689.604,34843.351,105.793,95700.391,155400.776,49245.442
N,1,1,2025-01-13 10:25:00.018,1,11411,0,128689.606,34843.435,105.793,95700.614,155400.822,49245.649
N,1,1,2025-01-13 10:30:00.006,1,11412,0,128689.606,34843.857,105.793,95700.832,155400.822,49246.124
N,1,1,2025-01-13 10:35:00.011,1,11413,0,128689.606,34844.213,105.793,95701.061,155400.822,49246.548
N,1,1,2025-01-13 10:40:00.017,1,11414,0,128689.606,34844.591,105.793,95701.295,155400.822,49246.992
N,1,1,2025-01-13 10:45:00.016,1,11415,0,128689.612,34844.798,105.793,95701.541,155400.833,49247.326
N,1,1,2025-01-13 10:50:00.006,1,11416,0,128689.613,34844.908,105.793,95701.798,155400.836,49247.605
N,1,1,2025-01-13 10:55:00.015,1,11417,0,128689.613,34845.047,105.793,95702.056,155400.836,49247.899
N,1,1,2025-01-13 11:00:00.013,1,11418,0,128689.618,34845.316,105.793,95702.311,155400.864,49248.266
N,1,1,2025-01-13 11:05:00.019,1,11419,0,128689.619,34845.528,105.793,95702.549,155400.871,49248.589
N,1,1,2025-01-13 11:10:00.005,1,11420,0,128689.621,34845.716,105.793,95702.766,155400.879,49248.877
N,1,1,2025-01-13 11:15:00.004,1,11421,0,128689.621,34846.120,105.793,95702.970,155400.879,49249.332
N,1,1,2025-01-13 11:20:00.007,1,11422,0,128689.621,34846.512,105.793,95703.160,155400.879,49249.768
N,1,1,2025-01-13 11:25:00.004,1,11423,0,128689.621,34846.805,105.793,95703.352,155400.879,49250.120
N,1,1,2025-01-13 11:30:00.019,1,11424,0,128689.621,34847.113,105.793,95703.551,155400.879,49250.486
N,1,1,2025-01-13 11:35:00.016,1,11425,0,128689.621,34847.439,105.793,95703.753,155400.879,49250.872
N,1,1,2025-01-13 11:40:00.001,1,11426,0,128689.621,34847.766,105.793,95703.960,155400.879,49251.259
N,1,1,2025-01-13 11:45:00.012,1,11427,0,128689.621,34848.096,105.793,95704.161,155400.879,49251.647
N,1,1,2025-01-13 11:50:00.001,1,11428,0,128689.621,34848.512,105.793,95704.343,155400.879,49252.102
N,1,1,2025-01-13 11:55:00.003,1,11429,0,128689.621,34848.889,105.793,95704.532,155400.879,49252.525
N,1,1,2025-01-13 12:00:00.015,1,11430,0,128689.621,34849.325,105.793,95704.738,155400.879,49253.008
N,1,1,2025-01-13 12:05:00.013,1,11431,0,128689.621,34849.845,105.793,95704.937,155400.879,49253.565
N,1,1,2025-01-13 12:10:00.021,1,11432,0,128689.621,34850.369,105.793,95705.143,155400.879,49254.128
N,1,1,2025-01-13 12:15:00.010,1,11433,0,128689.621,34850.892,105.793,95705.345,155400.879,49254.690
N,1,1,2025-01-13 12:20:00.018,1,11434,0,128689.621,34851.365,105.793,95705.563,155400.880,49255.213
N,1,1,2025-01-13 12:25:00.018,1,11435,0,128689.621,34851.873,105.793,95705.772,155400.880,49255.763
N,1,1,2025-01-13 12:30:00.012,1,11436,0,128689.621,34852.388,105.793,95705.990,155400.880,49256.323
N,1,1,2025-01-13 12:35:00.003,1,11437,0,128689.621,34852.896,105.793,95706.190,155400.880,49256.870
N,1,1,2025-01-13 12:40:00.006,1,11438,0,128689.621,34853.416,105.793,95706.406,155400.880,49257.432
N,1,1,2025-01-13 12:45:00.004,1,11439,0,128689.621,34853.766,105.793,95706.624,155400.880,49257.858
N,1,1,2025-01-13 12:50:00.016,1,11440,0,128689.621,34853.861,105.793,95706.861,155400.880,49258.115
N,1,1,2025-01-13 12:55:00.002,1,11441,0,128689.621,34854.172,105.793,95707.121,155400.880,49258.528
N,1,1,2025-01-13 13:00:00.010,1,11442,0,128689.621,34854.490,105.793,95707.387,155400.880,49258.942
N,1,1,2025-01-13 13:05:00.006,1,11443,0,128689.621,34854.818,105.793,95707.654,155400.880,49259.367
N,1,1,2025-01-13 13:10:00.012,1,11444,0,128689.621,34855.150,105.793,95707.921,155400.880,49259.794
N,1,1,2025-01-13 13:15:00.001,1,11445,0,128689.621,34855.565,105.793,95708.185,155400.880,49260.286
N,1,1,2025-01-13 13:20:00.012,1,11446,0,128689.621,34855.986,105.793,95708.446,155400.880,49260.781
N,1,1,2025-01-13 13:25:00.008,1,11447,0,128689.622,34856.246,105.793,95708.707,155400.882,49261.163
N,1,1,2025-01-13 13:30:00.008,1,11448,0,128689.638,34856.320,105.793,95708.960,155400.997,49261.329
N,1,1,2025-01-13 13:35:00.003,1,11449,0,128689.639,34856.421,105.793,95709.219,155400.999,49261.606
N,1,1,2025-01-13 13:40:00.017,1,11450,0,128689.639,34856.544,105.793,95709.485,155400.999,49261.899
N,1,1,2025-01-13 13:45:00.001,1,11451,0,128689.641,34856.696,105.793,95709.752,155401.008,49262.202
N,1,1,2025-01-13 13:50:00.008,1,11452,0,128689.641,34856.799,105.793,95710.026,155401.008,49262.494
N,1,1,2025-01-13 13:55:00.007,1,11453,0,128689.643,34856.845,105.793,95710.288,155401.028,49262.743
N,1,1,2025-01-13 14:00:00.019,1,11454,0,128689.644,34857.068,105.793,95710.547,155401.029,49263.085
N,1,1,2025-01-13 14:05:00.001,1,11455,0,128689.644,34857.242,105.793,95710.804,155401.029,49263.396
N,1,1,2025-01-13 14:10:00.007,1,11456,0,128689.644,34857.392,105.793,95711.055,155401.030,49263.689
N,1,1,2025-01-13 14:15:00.014,1,11457,0,128689.701,34857.434,105.793,95711.292,155401.167,49263.815
N,1,1,2025-01-13 14:20:00.017,1,11458,0,128689.773,34857.455,105.793,95711.511,155401.390,49263.841
N,1,1,2025-01-13 14:25:00.007,1,11459,0,128689.773,34857.634,105.793,95711.707,155401.390,49264.113
N,1,1,2025-01-13 14:30:00.008,1,11460,0,128689.773,34857.769,105.793,95711.909,155401.391,49264.356
N,1,1,2025-01-13 14:35:00.015,1,11461,0,128689.773,34857.872,105.793,95712.109,155401.391,49264.582
N,1,1,2025-01-13 14:40:00.019,1,11462,0,128689.774,34858.032,105.793,95712.301,155401.392,49264.847
N,1,1,2025-01-13 14:45:00.008,1,11463,0,128689.774,34858.163,105.793,95712.505,155401.392,49265.091
N,1,1,2025-01-13 14:50:00.005,1,11464,0,128689.775,34858.435,105.793,95712.711,155401.394,49265.448
N,1,1,2025-01-13 14:55:00.018,1,11465,0,128689.778,34858.751,105.793,95712.933,155401.406,49265.839
N,1,1,2025-01-13 15:00:00.013,1,11466,0,128689.779,34858.923,105.793,95713.165,155401.418,49266.139
N,1,1,2025-01-13 15:05:00.007,1,11467,0,128689.788,34859.161,105.793,95713.420,155401.447,49266.475
N,1,1,2025-01-13 15:10:00.005,1,11468,0,128689.790,34859.468,105.793,95713.672,155401.453,49266.878
N,1,1,2025-01-13 15:15:00.020,1,11469,0,128689.814,34859.540,105.793,95713.913,155401.550,49267.053
N,1,1,2025-01-13 15:20:00.015,1,11470,0,128689.822,34859.609,105.793,95714.162,155401.592,49267.280
N,1,1,2025-01-13 15:25:00.010,1,11471,0,128689.822,34860.074,105.793,95714.414,155401.592,49267.813
N,1,1,2025-01-13 15:30:00.028,1,11472,0,128689.825,34860.211,105.793,95714.675,155401.604,49268.103
N,1,1,2025-01-13 15:35:00.010,1,11473,0,128689.825,34860.524,105.793,95714.933,155401.609,49268.521
N,1,1,2025-01-13 15:40:00.018,1,11474,0,128689.825,34860.940,105.813,95715.145,155401.609,49269.002
N,1,1,2025-01-13 15:45:00.001,1,11475,0,128689.825,34861.378,105.813,95715.394,155401.609,49269.506
N,1,1,2025-01-13 15:50:00.008,1,11476,0,128689.825,34861.774,105.813,95715.669,155401.609,49269.988
N,1,1,2025-01-13 15:55:00.011,1,11477,0,128689.825,34862.064,105.813,95715.953,155401.609,49270.401
N,1,1,2025-01-13 16:00:00.002,1,11478,0,128689.826,34862.369,105.813,95716.237,155401.614,49270.821
N,1,1,2025-01-13 16:05:00.016,1,11479,0,128689.852,34862.669,105.813,95716.503,155401.663,49271.201
N,1,1,2025-01-13 16:10:00.005,1,11480,0,128689.886,34862.915,105.813,95716.774,155401.733,49271.535
N,1,1,2025-01-13 16:15:00.011,1,11481,0,128689.935,34863.120,105.813,95717.049,155401.813,49271.841
N,1,1,2025-01-13 16:20:00.004,1,11482,0,128689.937,34863.461,105.813,95717.315,155401.825,49272.272
N,1,1,2025-01-13 16:25:00.015,1,11483,0,128689.938,34863.810,105.813,95717.576,155401.829,49272.708
N,1,1,2025-01-13 16:30:00.005,1,11484,0,128689.938,34864.131,105.813,95717.835,155401.829,49273.122
N,1,1,2025-01-13 16:35:00.009,1,11485,0,128689.938,34864.349,105.813,95718.101,155401.829,49273.468
N,1,1,2025-01-13 16:40:00.004,1,11486,0,128690.040,34864.418,105.813,95718.359,155402.020,49273.595
N,1,1,2025-01-13 16:45:00.018,1,11487,0,128690.053,34864.616,105.813,95718.615,155402.077,49273.882
N,1,1,2025-01-13 16:50:00.003,1,11488,0,128690.054,34864.765,105.813,95718.862,155402.090,49274.166
N,1,1,2025-01-13 16:55:00.001,1,11489,0,128690.130,34864.816,105.813,95719.073,155402.242,49274.268
N,1,1,2025-01-13 17:00:00.002,1,11490,0,128690.209,34864.831,105.813,95719.294,155402.441,49274.315
N,1,1,2025-01-13 17:05:00.006,1,11491,0,128690.235,34864.858,105.813,95719.508,155402.560,49274.424
N,1,1,2025-01-13 17:10:00.013,1,11492,0,128690.243,34864.871,105.813,95719.711,155402.625,49274.565
N,1,1,2025-01-13 17:15:00.019,1,11493,0,128690.251,34864.880,105.813,95719.913,155402.711,49274.682
N,1,1,2025-01-13 17:20:00.006,1,11494,0,128690.258,34864.890,105.813,95720.125,155402.799,49274.808
N,1,1,2025-01-13 17:25:00.003,1,11495,0,128690.265,34864.899,105.813,95720.341,155402.888,49274.935
N,1,1,2025-01-13 17:30:00.023,1,11496,0,128690.274,34864.907,105.813,95720.551,155402.977,49275.058
N,1,1,2025-01-13 17:35:00.003,1,11497,0,128690.287,34864.916,105.813,95720.752,155403.069,49275.169
N,1,1,2025-01-13 17:40:00.013,1,11498,0,128690.476,34864.916,105.813,95720.976,155403.366,49275.169
N,1,1,2025-01-13 17:45:00.015,1,11499,0,128690.899,34864.916,105.813,95721.229,155403.868,49275.169
N,1,1,2025-01-13 17:50:00.011,1,11500,0,128691.557,34864.916,105.813,95721.484,155404.575,49275.169
N,1,1,2025-01-13 17:55:00.016,1,11501,0,128692.305,34864.916,105.813,95721.753,155405.370,49275.169
N,1,1,2025-01-13 18:00:00.018,1,11502,0,128693.080,34864.916,105.813,95722.007,155406.186,49275.169
N,1,1,2025-01-13 18:05:00.006,1,11503,0,128693.595,34864.916,105.813,95722.247,155406.759,49275.169
N,1,1,2025-01-13 18:10:00.017,1,11504,0,128693.913,34864.916,105.813,95722.485,155407.157,49275.169
N,1,1,2025-01-13 18:15:00.006,1,11505,0,128694.478,34864.916,105.813,95722.734,155407.776,49275.169
N,1,1,2025-01-13 18:20:00.003,1,11506,0,128695.133,34864.916,105.813,95722.964,155408.472,49275.169
N,1,1,2025-01-13 18:25:00.004,1,11507,0,128695.806,34864.916,105.813,95723.226,155409.197,49275.169
N,1,1,2025-01-13 18:30:00.001,1,11508,0,128696.023,34864.916,105.813,95723.473,155409.543,49275.169
N,1,1,2025-01-13 18:35:00.014,1,11509,0,128696.283,34864.916,105.813,95723.742,155409.924,49275.169
N,1,1,2025-01-13 18:40:00.010,1,11510,0,128696.512,34864.916,105.813,95724.013,155410.281,49275.169
N,1,1,2025-01-13 18:45:00.005,1,11511,0,128696.822,34864.916,105.813,95724.282,155410.699,49275.169
N,1,1,2025-01-13 18:50:00.006,1,11512,0,128697.308,34864.916,105.813,95724.554,155411.257,49275.169
N,1,1,2025-01-13 18:55:00.014,1,11513,0,128697.610,34864.916,105.813,95724.825,155411.674,49275.169
N,1,1,2025-01-13 19:00:00.007,1,11514,0,128697.796,34864.916,105.813,95725.089,155411.997,49275.169
N,1,1,2025-01-13 19:05:00.009,1,11515,0,128697.963,34864.916,105.813,95725.344,155412.303,49275.169
N,1,1,2025-01-13 19:10:00.007,1,11516,0,128698.010,34864.916,105.813,95725.574,155412.538,49275.169
N,1,1,2025-01-13 19:15:00.020,1,11517,0,128698.055,34864.916,105.813,95725.799,155412.769,49275.169
N,1,1,2025-01-13 19:20:00.010,1,11518,0,128698.108,34864.916,105.813,95726.025,155413.001,49275.169
N,1,1,2025-01-13 19:25:00.014,1,11519,0,128698.275,34864.916,105.813,95726.247,155413.281,49275.169
N,1,1,2025-01-13 19:30:00.009,1,11520,0,128698.521,34864.916,105.813,95726.478,155413.632,49275.169
N,1,1,2025-01-13 19:35:00.002,1,11521,0,128698.995,34864.916,105.813,95726.720,155414.166,49275.169
N,1,1,2025-01-13 19:40:00.003,1,11522,0,128699.201,34864.916,105.813,95726.963,155414.490,49275.169
N,1,1,2025-01-13 19:45:00.013,1,11523,0,128699.620,34864.916,105.813,95727.221,155414.985,49275.169
N,1,1,2025-01-13 19:50:00.007,1,11524,0,128699.834,34864.916,105.813,95727.475,155415.338,49275.169
N,1,1,2025-01-13 19:55:00.011,1,11525,0,128700.062,34864.916,105.813,95727.722,155415.676,49275.169
N,1,1,2025-01-13 20:00:00.018,1,11526,0,128700.246,34864.916,105.813,95727.967,155415.987,49275.169
N,1,1,2025-01-13 20:05:00.017,1,11527,0,128700.379,34864.916,105.813,95728.213,155416.276,49275.169
N,1,1,2025-01-13 20:10:00.018,1,11528,0,128700.741,34864.916,105.813,95728.470,155416.720,49275.169
N,1,1,2025-01-13 20:15:00.010,1,11529,0,128701.179,34864.916,105.813,95728.732,155417.235,49275.169
N,1,1,2025-01-13 20:20:00.014,1,11530,0,128701.703,34864.916,105.813,95728.990,155417.823,49275.169
N,1,1,2025-01-13 20:25:00.018,1,11531,0,128701.760,34864.916,105.813,95729.237,155418.084,49275.169
N,1,1,2025-01-13 20:30:00.016,1,11532,0,128701.817,34864.916,105.813,95729.484,155418.341,49275.169
N,1,1,2025-01-13 20:35:00.005,1,11533,0,128701.928,34864.916,105.813,95729.736,155418.632,49275.169
N,1,1,2025-01-13 20:40:00.007,1,11534,0,128702.426,34864.916,105.813,95729.997,155419.195,49275.169
N,1,1,2025-01-13 20:45:00.012,1,11535,0,128702.982,34864.916,105.813,95730.259,155419.810,49275.169
N,1,1,2025-01-13 20:50:00.018,1,11536,0,128703.283,34864.916,105.813,95730.518,155420.210,49275.169
N,1,1,2025-01-13 20:55:00.011,1,11537,0,128703.407,34864.916,105.813,95730.769,155420.493,49275.169
N,1,1,2025-01-13 21:00:00.014,1,11538,0,128703.744,34864.916,105.813,95731.030,155420.932,49275.169
N,1,1,2025-01-13 21:05:00.016,1,11539,0,128704.274,34864.916,105.813,95731.291,155421.524,49275.169
N,1,1,2025-01-13 21:10:00.015,1,11540,0,128704.600,34864.916,105.813,95731.541,155421.937,49275.169
N,1,1,2025-01-13 21:15:00.017,1,11541,0,128704.787,34864.916,105.813,95731.799,155422.255,49275.169
N,1,1,2025-01-13 21:20:00.008,1,11542,0,128704.973,34864.916,105.813,95732.058,155422.574,49275.169
N,1,1,2025-01-13 21:25:00.008,1,11543,0,128705.157,34864.916,105.813,95732.319,155422.894,49275.169
N,1,1,2025-01-13 21:30:00.005,1,11544,0,128705.353,34864.916,105.813,95732.585,155423.225,49275.169
N,1,1,2025-01-13 21:35:00.017,1,11545,0,128705.578,34864.916,105.813,95732.847,155423.570,49275.169
N,1,1,2025-01-13 21:40:00.009,1,11546,0,128706.034,34864.916,105.813,95733.106,155424.099,49275.169
N,1,1,2025-01-13 21:45:00.008,1,11547,0,128706.530,34864.916,105.813,95733.366,155424.659,49275.169
N,1,1,2025-01-13 21:50:00.016,1,11548,0,128707.006,34864.916,105.813,95733.618,155425.198,49275.169
N,1,1,2025-01-13 21:55:00.006,1,11549,0,128707.510,34864.916,105.813,95733.869,155425.763,49275.169
N,1,1,2025-01-13 22:00:00.010,1,11550,0,128708.161,34864.916,105.813,95734.121,155426.461,49275.169
N,1,1,2025-01-13 22:05:00.015,1,11551,0,128708.825,34864.916,105.813,95734.370,155427.169,49275.169
N,1,1,2025-01-13 22:10:00.015,1,11552,0,128709.327,34864.916,105.813,95734.629,155427.736,49275.169
N,1,1,2025-01-13 22:15:00.018,1,11553,0,128709.857,34864.916,105.813,95734.897,155428.330,49275.169
N,1,1,2025-01-13 22:20:00.017,1,11554,0,128710.385,34864.916,105.813,95735.178,155428.933,49275.169
N,1,1,2025-01-13 22:25:00.016,1,11555,0,128711.241,34864.916,105.813,95735.456,155429.834,49275.169
N,1,1,2025-01-13 22:30:00.007,1,11556,0,128712.303,34864.916,105.813,95735.730,155430.931,49275.169
N,1,1,2025-01-13 22:35:00.013,1,11557,0,128713.570,34864.916,105.813,95736.000,155432.227,49275.169
N,1,1,2025-01-13 22:40:00.015,1,11558,0,128714.741,34864.916,105.813,95736.268,155433.430,49275.169
N,1,1,2025-01-13 22:45:00.022,1,11559,0,128715.381,34864.916,105.813,95736.531,155434.122,49275.169
N,1,1,2025-01-13 22:50:00.000,1,11560,0,128715.961,34864.916,105.813,95736.795,155434.761,49275.169
N,1,1,2025-01-13 22:55:00.006,1,11561,0,128716.361,34864.916,105.813,95737.064,155435.243,49275.169
N,1,1,2025-01-13 23:00:00.007,1,11562,0,128716.783,34864.916,105.813,95737.329,155435.744,49275.169
N,1,1,2025-01-13 23:05:00.007,1,11563,0,128717.212,34864.916,105.813,95737.591,155436.248,49275.169
N,1,1,2025-01-13 23:10:00.018,1,11564,0,128717.768,34864.916,105.813,95737.865,155436.869,49275.169
N,1,1,2025-01-13 23:15:00.016,1,11565,0,128718.186,34864.916,105.813,95738.131,155437.364,49275.169
N,1,1,2025-01-13 23:20:00.003,1,11566,0,128718.603,34864.916,105.813,95738.392,155437.857,49275.169
N,1,1,2025-01-13 23:25:00.007,1,11567,0,128719.057,34864.916,105.813,95738.659,155438.384,49275.169
N,1,1,2025-01-13 23:30:00.013,1,11568,0,128719.553,34864.916,105.813,95738.925,155438.949,49275.169
N,1,1,2025-01-13 23:35:00.016,1,11569,0,128720.244,34864.916,105.813,95739.188,155439.688,49275.169
N,1,1,2025-01-13 23:40:00.005,1,11570,0,128720.982,34864.916,105.813,95739.445,155440.471,49275.169
N,1,1,2025-01-13 23:45:00.007,1,11571,0,128721.498,34864.916,105.813,95739.691,155441.043,49275.169
N,1,1,2025-01-13 23:50:00.008,1,11572,0,128722.198,34864.916,105.813,95739.940,155441.787,49275.169
N,1,1,2025-01-13 23:55:00.015,1,11573,0,128722.992,34864.916,105.813,95740.189,155442.619,49275.169
N,1,1,2025-01-14 00:00:00.021,1,11574,0,128723.745,34864.916,105.813,95740.430,155443.410,49275.169
N,1,1,2025-01-14 00:05:00.003,1,11575,0,128724.378,34864.916,105.813,95740.670,155444.088,49275.169
N,1,1,2025-01-14 00:10:00.015,1,11576,0,128724.926,34864.916,105.813,95740.904,155444.684,49275.169
N,1,1,2025-01-14 00:15:00.050,1,11577,0,128725.400,34864.916,105.813,95741.140,155445.214,49275.169
N,1,1,2025-01-14 00:20:00.014,1,11578,0,128726.078,34864.916,105.813,95741.377,155445.934,49275.169
N,1,1,2025-01-14 00:25:00.014,1,11579,0,128726.722,34864.916,105.813,95741.620,155446.625,49275.169
N,1,1,2025-01-14 00:30:00.029,1,11580,0,128727.148,34864.916,105.813,95741.865,155447.117,49275.169
N,1,1,2025-01-14 00:35:00.018,1,11581,0,128727.569,34864.916,105.813,95742.115,155447.607,49275.169
N,1,1,2025-01-14 00:40:00.000,1,11582,0,128728.016,34864.916,105.813,95742.359,155448.116,49275.169
N,1,1,2025-01-14 00:45:00.046,1,11583,0,128728.443,34864.916,105.813,95742.601,155448.608,49275.169
N,1,1,2025-01-14 00:50:00.003,1,11584,0,128728.839,34864.916,105.813,95742.842,155449.072,49275.169
N,1,1,2025-01-14 00:55:00.013,1,11585,0,128729.216,34864.916,105.813,95743.079,155449.518,49275.169
N,1,1,2025-01-14 01:00:00.011,1,11586,0,128729.598,34864.916,105.813,95743.312,155449.966,49275.169
N,1,1,2025-01-14 01:05:00.018,1,11587,0,128729.982,34864.916,105.813,95743.543,155450.414,49275.169
N,1,1,2025-01-14 01:10:00.001,1,11588,0,128730.337,34864.916,105.813,95743.772,155450.839,49275.169
N,1,1,2025-01-14 01:15:00.019,1,11589,0,128730.823,34864.916,105.813,95744.008,155451.379,49275.169
N,1,1,2025-01-14 01:20:00.003,1,11590,0,128731.315,34864.916,105.813,95744.249,155451.927,49275.169
N,1,1,2025-01-14 01:25:00.018,1,11591,0,128731.831,34864.916,105.813,95744.480,155452.493,49275.169
N,1,1,2025-01-14 01:30:00.023,1,11592,0,128732.329,34864.916,105.813,95744.709,155453.042,49275.169
N,1,1,2025-01-14 01:35:00.014,1,11593,0,128732.815,34864.916,105.813,95744.937,155453.580,49275.169
N,1,1,2025-01-14 01:40:00.010,1,11594,0,128733.214,34864.916,105.813,95745.164,155454.040,49275.169
N,1,1,2025-01-14 01:45:00.008,1,11595,0,128733.590,34864.916,105.813,95745.391,155454.479,49275.169
N,1,1,2025-01-14 01:50:00.004,1,11596,0,128733.961,34864.916,105.813,95745.628,155454.921,49275.169
N,1,1,2025-01-14 01:55:00.004,1,11597,0,128734.318,34864.916,105.813,95745.865,155455.350,49275.169
N,1,1,2025-01-14 02:00:00.020,1,11598,0,128734.667,34864.916,105.813,95746.105,155455.774,49275.169
N,1,1,2025-01-14 02:05:00.011,1,11599,0,128735.030,34864.916,105.813,95746.342,155456.209,49275.169
N,1,1,2025-01-14 02:10:00.006,1,11600,0,128735.418,34864.916,105.813,95746.578,155456.663,49275.169
N,1,1,2025-01-14 02:15:00.008,1,11601,0,128735.774,34864.916,105.813,95746.816,155457.092,49275.169
N,1,1,2025-01-14 02:20:00.007,1,11602,0,128736.123,34864.916,105.813,95747.057,155457.518,49275.169
N,1,1,2025-01-14 02:25:00.004,1,11603,0,128736.475,34864.916,105.813,95747.296,155457.944,49275.169
N,1,1,2025-01-14 02:30:00.012,1,11604,0,128736.839,34864.916,105.813,95747.539,155458.382,49275.169
N,1,1,2025-01-14 02:35:00.019,1,11605,0,128737.177,34864.916,105.813,95747.784,155458.800,49275.169
N,1,1,2025-01-14 02:40:00.019,1,11606,0,128737.504,34864.916,105.813,95748.020,155459.205,49275.169
N,1,1,2025-01-14 02:45:00.015,1,11607,0,128737.938,34864.916,105.813,95748.252,155459.703,49275.169
N,1,1,2025-01-14 02:50:00.020,1,11608,0,128738.729,34864.916,105.813,95748.480,155460.527,49275.169
N,1,1,2025-01-14 02:55:00.002,1,11609,0,128739.263,34864.916,105.813,95748.712,155461.113,49275.169
N,1,1,2025-01-14 03:00:00.014,1,11610,0,128739.603,34864.916,105.813,95748.941,155461.524,49275.169
N,1,1,2025-01-14 03:05:00.006,1,11611,0,128739.876,34864.916,105.813,95749.166,155461.880,49275.169
N,1,1,2025-01-14 03:10:00.000,1,11612,0,128740.097,34864.916,105.813,95749.394,155462.199,49275.169
N,1,1,2025-01-14 03:15:00.016,1,11613,0,128740.309,34864.916,105.813,95749.635,155462.520,49275.169
N,1,1,2025-01-14 03:20:00.016,1,11614,0,128740.499,34864.916,105.813,95749.875,155462.826,49275.169
N,1,1,2025-01-14 03:25:00.018,1,11615,0,128740.669,34864.916,105.813,95750.114,155463.120,49275.169
N,1,1,2025-01-14 03:30:00.014,1,11616,0,128740.863,34864.916,105.813,95750.346,155463.422,49275.169
N,1,1,2025-01-14 03:35:00.009,1,11617,0,128741.107,34864.916,105.813,95750.571,155463.754,49275.169
N,1,1,2025-01-14 03:40:00.006,1,11618,0,128741.349,34864.916,105.813,95750.800,155464.088,49275.169
N,1,1,2025-01-14 03:45:00.010,1,11619,0,128741.569,34864.916,105.813,95751.035,155464.410,49275.169
N,1,1,2025-01-14 03:50:00.008,1,11620,0,128741.767,34864.916,105.813,95751.275,155464.721,49275.169
N,1,1,2025-01-14 03:55:00.013,1,11621,0,128741.951,34864.916,105.813,95751.520,155465.028,49275.169
N,1,1,2025-01-14 04:00:00.011,1,11622,0,128742.158,34864.916,105.813,95751.764,155465.348,49275.169
N,1,1,2025-01-14 04:05:00.020,1,11623,0,128742.357,34864.916,105.813,95752.006,155465.662,49275.169
N,1,1,2025-01-14 04:10:00.014,1,11624,0,128742.559,34864.916,105.813,95752.242,155465.972,49275.169
N,1,1,2025-01-14 04:15:00.003,1,11625,0,128742.761,34864.916,105.813,95752.476,155466.281,49275.169
N,1,1,2025-01-14 04:20:00.010,1,11626,0,128742.962,34864.916,105.813,95752.716,155466.595,49275.169
N,1,1,2025-01-14 04:25:00.003,1,11627,0,128743.151,34864.916,105.813,95752.959,155466.902,49275.169
N,1,1,2025-01-14 04:30:00.018,1,11628,0,128743.328,34864.916,105.813,95753.195,155467.197,49275.169
N,1,1,2025-01-14 04:35:00.018,1,11629,0,128743.504,34864.916,105.813,95753.439,155467.498,49275.169
N,1,1,2025-01-14 04:40:00.015,1,11630,0,128743.705,34864.916,105.813,95753.678,155467.812,49275.169
N,1,1,2025-01-14 04:45:00.003,1,11631,0,128744.118,34864.916,105.813,95753.918,155468.295,49275.169
N,1,1,2025-01-14 04:50:00.019,1,11632,0,128744.583,34864.916,105.813,95754.154,155468.816,49275.169
N,1,1,2025-01-14 04:55:00.004,1,11633,0,128745.038,34864.916,105.813,95754.392,155469.330,49275.169
N,1,1,2025-01-14 05:00:00.005,1,11634,0,128745.523,34864.916,105.813,95754.629,155469.869,49275.169
N,1,1,2025-01-14 05:05:00.007,1,11635,0,128745.890,34864.916,105.813,95754.869,155470.315,49275.169
N,1,1,2025-01-14 05:10:00.015,1,11636,0,128746.119,34864.916,105.813,95755.105,155470.646,49275.169
N,1,1,2025-01-14 05:15:00.018,1,11637,0,128746.485,34864.916,105.813,95755.350,155471.101,49275.169
N,1,1,2025-01-14 05:20:00.011,1,11638,0,128747.255,34864.916,105.813,95755.588,155471.907,49275.169
N,1,1,2025-01-14 05:25:00.017,1,11639,0,128747.978,34864.916,105.813,95755.825,155472.669,49275.169
N,1,1,2025-01-14 05:30:00.020,1,11640,0,128748.441,34864.916,105.813,95756.057,155473.188,49275.169
N,1,1,2025-01-14 05:35:00.013,1,11641,0,128748.902,34864.916,105.813,95756.282,155473.700,49275.169
N,1,1,2025-01-14 05:40:00.014,1,11642,0,128749.133,34864.916,105.813,95756.499,155474.025,49275.169
N,1,1,2025-01-14 05:45:00.000,1,11643,0,128749.316,34864.916,105.813,95756.709,155474.306,49275.169
N,1,1,2025-01-14 05:50:00.015,1,11644,0,128749.518,34864.916,105.813,95756.918,155474.596,49275.169
N,1,1,2025-01-14 05:55:00.008,1,11645,0,128749.984,34864.916,105.813,95757.134,155475.112,49275.169
N,1,1,2025-01-14 06:00:00.013,1,11646,0,128750.404,34864.916,105.813,95757.358,155475.588,49275.169
N,1,1,2025-01-14 06:05:00.003,1,11647,0,128750.733,34864.916,105.813,95757.581,155475.996,49275.169
N,1,1,2025-01-14 06:10:00.006,1,11648,0,128750.876,34864.916,105.813,95757.814,155476.272,49275.169
N,1,1,2025-01-14 06:15:00.015,1,11649,0,128751.225,34864.916,105.813,95758.044,155476.693,49275.169
N,1,1,2025-01-14 06:20:00.003,1,11650,0,128751.384,34864.916,105.813,95758.277,155476.976,49275.169
N,1,1,2025-01-14 06:25:00.017,1,11651,0,128751.548,34864.916,105.813,95758.517,155477.267,49275.169
N,1,1,2025-01-14 06:30:00.003,1,11652,0,128751.889,34864.916,105.813,95758.765,155477.697,49275.169
N,1,1,2025-01-14 06:35:00.006,1,11653,0,128752.182,34864.916,105.813,95759.009,155478.091,49275.169
N,1,1,2025-01-14 06:40:00.013,1,11654,0,128752.234,34864.916,105.813,95759.251,155478.338,49275.169
N,1,1,2025-01-14 06:45:00.005,1,11655,0,128752.284,34864.916,105.813,95759.488,155478.581,49275.169
N,1,1,2025-01-14 06:50:00.007,1,11656,0,128752.307,34864.920,105.813,95759.718,155478.782,49275.200
N,1,1,2025-01-14 06:55:00.010,1,11657,0,128752.524,34864.920,105.813,95759.945,155479.115,49275.202
N,1,1,2025-01-14 07:00:00.020,1,11658,0,128753.172,34864.920,105.813,95760.176,155479.804,49275.202
N,1,1,2025-01-14 07:05:00.005,1,11659,0,128753.752,34864.920,105.813,95760.403,155480.432,49275.202
N,1,1,2025-01-14 07:10:00.013,1,11660,0,128754.034,34864.920,105.813,95760.637,155480.802,49275.202
N,1,1,2025-01-14 07:15:00.014,1,11661,0,128754.061,34864.924,105.813,95760.865,155480.954,49275.283
N,1,1,2025-01-14 07:20:00.016,1,11662,0,128754.077,34864.939,105.813,95761.100,155481.062,49275.416
N,1,1,2025-01-14 07:25:00.018,1,11663,0,128754.250,34864.942,105.813,95761.346,155481.365,49275.431
N,1,1,2025-01-14 07:30:00.001,1,11664,0,128754.262,34864.954,105.813,95761.579,155481.488,49275.544
N,1,1,2025-01-14 07:35:00.008,1,11665,0,128754.266,34864.963,105.813,95761.801,155481.571,49275.684
N,1,1,2025-01-14 07:40:00.012,1,11666,0,128754.297,34864.983,105.813,95762.024,155481.652,49275.843
N,1,1,2025-01-14 07:45:00.020,1,11667,0,128754.539,34864.983,105.813,95762.243,155481.990,49275.843
N,1,1,2025-01-14 07:50:00.003,1,11668,0,128754.780,34864.983,105.813,95762.460,155482.313,49275.852
N,1,1,2025-01-14 07:55:00.011,1,11669,0,128754.839,34865.014,105.813,95762.674,155482.458,49275.945
N,1,1,2025-01-14 08:00:00.006,1,11670,0,128754.846,34865.036,105.813,95762.894,155482.557,49276.070
N,1,1,2025-01-14 08:05:00.018,1,11671,0,128754.849,34865.040,105.813,95763.114,155482.635,49276.213
N,1,1,2025-01-14 08:10:00.008,1,11672,0,128754.860,34865.044,105.813,95763.333,155482.710,49276.360
N,1,1,2025-01-14 08:15:00.004,1,11673,0,128754.863,34865.051,105.813,95763.548,155482.776,49276.510
N,1,1,2025-01-14 08:20:00.005,1,11674,0,128754.864,34865.122,105.813,95763.761,155482.812,49276.712
N,1,1,2025-01-14 08:25:00.019,1,11675,0,128754.866,34865.129,105.813,95763.979,155482.874,49276.869
N,1,1,2025-01-14 08:30:00.002,1,11676,0,128754.885,34865.292,105.813,95764.194,155482.905,49277.137
N,1,1,2025-01-14 08:35:00.012,1,11677,0,128754.897,34865.661,105.813,95764.403,155482.948,49277.554
N,1,1,2025-01-14 08:40:00.019,1,11678,0,128754.915,34865.921,105.813,95764.621,155483.004,49277.888
N,1,1,2025-01-14 08:45:00.006,1,11679,0,128754.922,34866.189,105.813,95764.848,155483.021,49278.239
N,1,1,2025-01-14 08:50:00.008,1,11680,0,128754.951,34866.547,105.813,95765.080,155483.071,49278.660
N,1,1,2025-01-14 08:55:00.015,1,11681,0,128754.966,34866.893,105.813,95765.312,155483.105,49279.072
N,1,1,2025-01-14 09:00:00.003,1,11682,0,128755.010,34867.045,105.813,95765.538,155483.240,49279.266
N,1,1,2025-01-14 09:05:00.015,1,11683,0,128755.109,34867.177,105.813,95765.760,155483.412,49279.433
N,1,1,2025-01-14 09:10:00.003,1,11684,0,128755.125,34867.202,105.813,95765.992,155483.527,49279.560
N,1,1,2025-01-14 09:15:00.008,1,11685,0,128755.141,34867.415,105.813,95766.227,155483.558,49279.873
N,1,1,2025-01-14 09:20:00.001,1,11686,0,128755.303,34867.463,105.813,95766.477,155483.831,49279.939
N,1,1,2025-01-14 09:25:00.002,1,11687,0,128755.311,34867.549,105.813,95766.732,155483.877,49280.192
N,1,1,2025-01-14 09:30:00.000,1,11688,0,128755.322,34867.927,105.813,95766.982,155483.911,49280.648
N,1,1,2025-01-14 09:35:00.010,1,11689,0,128755.349,34868.090,105.813,95767.239,155483.972,49280.919
N,1,1,2025-01-14 09:40:00.021,1,11690,0,128755.366,34868.353,105.813,95767.484,155484.001,49281.266
N,1,1,2025-01-14 09:45:00.017,1,11691,0,128755.366,34868.550,105.813,95767.706,155484.002,49281.565
N,1,1,2025-01-14 09:50:00.007,1,11692,0,128755.366,34868.926,105.813,95767.928,155484.002,49282.003
N,1,1,2025-01-14 09:55:00.005,1,11693,0,128755.595,34869.055,105.813,95768.153,155484.275,49282.165
N,1,1,2025-01-14 10:00:00.012,1,11694,0,128755.614,34869.398,105.813,95768.377,155484.354,49282.554
N,1,1,2025-01-14 10:05:00.014,1,11695,0,128755.631,34869.805,105.813,95768.612,155484.386,49283.019
N,1,1,2025-01-14 10:10:00.001,1,11696,0,128755.640,34870.208,105.813,95768.840,155484.398,49283.480
N,1,1,2025-01-14 10:15:00.015,1,11697,0,128755.699,34870.595,105.813,95769.062,155484.503,49283.894
N,1,1,2025-01-14 10:20:00.002,1,11698,0,128755.711,34871.058,105.813,95769.283,155484.533,49284.406
N,1,1,2025-01-14 10:25:00.012,1,11699,0,128755.717,34871.619,105.813,95769.505,155484.544,49285.012
N,1,1,2025-01-14 10:30:00.012,1,11700,0,128755.733,34871.865,105.813,95769.740,155484.602,49285.326
N,1,1,2025-01-14 10:35:00.002,1,11701,0,128755.747,34872.046,105.813,95769.956,155484.661,49285.602
N,1,1,2025-01-14 10:40:00.003,1,11702,0,128755.762,34872.323,105.813,95770.176,155484.704,49285.958
N,1,1,2025-01-14 10:45:00.018,1,11703,0,128755.763,34872.695,105.813,95770.404,155484.710,49286.395
N,1,1,2025-01-14 10:50:00.007,1,11704,0,128755.788,34872.985,105.813,95770.633,155484.795,49286.734
N,1,1,2025-01-14 10:55:00.019,1,11705,0,128755.813,34873.080,105.813,95770.874,155484.920,49286.908
N,1,1,2025-01-14 11:00:00.010,1,11706,0,128755.843,34873.226,105.813,95771.109,155485.015,49287.141
N,1,1,2025-01-14 11:05:00.020,1,11707,0,128755.847,34873.663,105.813,95771.343,155485.053,49287.633
N,1,1,2025-01-14 11:10:00.001,1,11708,0,128755.867,34873.815,105.813,95771.582,155485.091,49287.898
N,1,1,2025-01-14 11:15:00.011,1,11709,0,128755.879,34874.275,105.813,95771.811,155485.117,49288.415
N,1,1,2025-01-14 11:20:00.008,1,11710,0,128755.879,34874.339,105.813,95772.057,155485.117,49288.671
N,1,1,2025-01-14 11:25:00.017,1,11711,0,128755.991,34874.406,105.813,95772.310,155485.282,49288.824
N,1,1,2025-01-14 11:30:00.011,1,11712,0,128756.163,34874.527,105.813,95772.556,155485.541,49288.958
N,1,1,2025-01-14 11:35:00.010,1,11713,0,128756.180,34875.051,105.813,95772.781,155485.568,49289.527
N,1,1,2025-01-14 11:40:00.012,1,11714,0,128756.203,34875.209,105.813,95773.011,155485.655,49289.759
N,1,1,2025-01-14 11:45:00.013,1,11715,0,128756.214,34875.461,105.813,95773.242,155485.735,49290.082
N,1,1,2025-01-14 11:50:00.008,1,11716,0,128756.249,34875.608,105.813,95773.483,155485.900,49290.255
N,1,1,2025-01-14 11:55:00.004,1,11717,0,128756.265,34876.081,105.813,95773.707,155485.968,49290.766
N,1,1,2025-01-14 12:00:00.017,1,11718,0,128756.265,34876.588,105.813,95773.936,155485.968,49291.329
N,1,1,2025-01-14 12:05:00.014,1,11719,0,128756.265,34876.913,105.813,95774.177,155485.968,49291.735
N,1,1,2025-01-14 12:10:00.015,1,11720,0,128756.265,34877.374,105.813,95774.396,155485.968,49292.245
N,1,1,2025-01-14 12:15:00.015,1,11721,0,128756.277,34877.797,105.813,95774.618,155485.993,49292.721
N,1,1,2025-01-14 12:20:00.010,1,11722,0,128756.277,34878.254,105.813,95774.832,155485.993,49293.227
N,1,1,2025-01-14 12:25:00.010,1,11723,0,128756.317,34878.554,105.813,95775.044,155486.068,49293.566
N,1,1,2025-01-14 12:30:00.018,1,11724,0,128756.339,34879.008,105.813,95775.257,155486.136,49294.048
N,1,1,2025-01-14 12:35:00.003,1,11725,0,128756.339,34879.489,105.813,95775.459,155486.138,49294.586
N,1,1,2025-01-14 12:40:00.006,1,11726,0,128756.355,34879.866,105.813,95775.674,155486.174,49295.013
N,1,1,2025-01-14 12:45:00.011,1,11727,0,128756.379,34880.404,105.813,95775.891,155486.237,49295.578
N,1,1,2025-01-14 12:50:00.010,1,11728,0,128756.379,34880.814,105.813,95776.109,155486.237,49296.042
N,1,1,2025-01-14 12:55:00.011,1,11729,0,128756.379,34881.280,105.813,95776.326,155486.237,49296.555
N,1,1,2025-01-14 13:00:00.008,1,11730,0,128756.379,34881.737,105.813,95776.541,155486.237,49297.061
N,1,1,2025-01-14 13:05:00.017,1,11731,0,128756.379,34882.233,105.813,95776.755,155486.237,49297.602
N,1,1,2025-01-14 13:10:00.007,1,11732,0,128756.379,34882.498,105.813,95776.974,155486.237,49297.950
N,1,1,2025-01-14 13:15:00.007,1,11733,0,128756.379,34882.703,105.813,95777.204,155486.237,49298.259
N,1,1,2025-01-14 13:20:00.002,1,11734,0,128756.379,34882.878,105.813,95777.429,155486.237,49298.546
N,1,1,2025-01-14 13:25:00.019,1,11735,0,128756.392,34882.907,105.813,95777.671,155486.334,49298.697
N,1,1,2025-01-14 13:30:00.010,1,11736,0,128756.394,34882.942,105.813,95777.909,155486.401,49298.882
N,1,1,2025-01-14 13:35:00.008,1,11737,0,128756.394,34883.372,105.813,95778.148,155486.401,49299.376
N,1,1,2025-01-14 13:40:00.009,1,11738,0,128756.394,34883.790,105.813,95778.391,155486.401,49299.860
N,1,1,2025-01-14 13:45:00.012,1,11739,0,128756.394,34884.224,105.813,95778.622,155486.401,49300.351
N,1,1,2025-01-14 13:50:00.011,1,11740,0,128756.394,34884.663,105.813,95778.864,155486.401,49300.853
N,1,1,2025-01-14 13:55:00.019,1,11741,0,128756.394,34885.052,105.813,95779.103,155486.401,49301.310
N,1,1,2025-01-14 14:00:00.016,1,11742,0,128756.394,34885.506,105.813,95779.336,155486.401,49301.822
N,1,1,2025-01-14 14:05:00.005,1,11743,0,128756.396,34886.011,105.813,95779.568,155486.403,49302.378
N,1,1,2025-01-14 14:10:00.016,1,11744,0,128756.396,34886.508,105.813,95779.813,155486.403,49302.932
N,1,1,2025-01-14 14:15:00.001,1,11745,0,128756.396,34887.013,105.813,95780.057,155486.403,49303.492
N,1,1,2025-01-14 14:20:00.006,1,11746,0,128756.396,34887.278,105.813,95780.295,155486.403,49303.861
N,1,1,2025-01-14 14:25:00.018,1,11747,0,128756.396,34887.563,105.813,95780.517,155486.404,49304.234
N,1,1,2025-01-14 14:30:00.017,1,11748,0,128756.396,34887.911,105.813,95780.734,155486.404,49304.655
N,1,1,2025-01-14 14:35:00.010,1,11749,0,128756.398,34888.030,105.813,95780.959,155486.407,49304.923
N,1,1,2025-01-14 14:40:00.015,1,11750,0,128756.398,34888.473,105.813,95781.168,155486.407,49305.415
N,1,1,2025-01-14 14:45:00.004,1,11751,0,128756.398,34888.878,105.813,95781.382,155486.407,49305.881
N,1,1,2025-01-14 14:50:00.019,1,11752,0,128756.407,34888.910,105.813,95781.613,155486.562,49305.971
N,1,1,2025-01-14 14:55:00.014,1,11753,0,128756.408,34889.061,105.813,95781.853,155486.564,49306.256
N,1,1,2025-01-14 15:00:00.006,1,11754,0,128756.408,34889.469,105.813,95782.095,155486.564,49306.730
N,1,1,2025-01-14 15:05:00.000,1,11755,0,128756.408,34889.901,105.813,95782.321,155486.564,49307.220
N,1,1,2025-01-14 15:10:00.008,1,11756,0,128756.408,34890.336,105.813,95782.541,155486.564,49307.711
N,1,1,2025-01-14 15:15:00.004,1,11757,0,128756.422,34890.440,105.813,95782.774,155486.595,49307.945
N,1,1,2025-01-14 15:20:00.009,1,11758,0,128756.422,34890.653,105.813,95783.019,155486.605,49308.274
N,1,1,2025-01-14 15:25:00.014,1,11759,0,128756.423,34890.899,105.813,95783.266,155486.606,49308.623
N,1,1,2025-01-14 15:30:00.020,1,11760,0,128756.423,34891.138,105.813,95783.524,155486.606,49308.982
N,1,1,2025-01-14 15:35:00.010,1,11761,0,128756.423,34891.436,105.813,95783.781,155486.606,49309.378
N,1,1,2025-01-14 15:40:00.004,1,11762,0,128756.423,34891.772,105.813,95784.033,155486.606,49309.798
N,1,1,2025-01-14 15:45:00.002,1,11763,0,128756.423,34892.119,105.813,95784.281,155486.606,49310.226
N,1,1,2025-01-14 15:50:00.017,1,11764,0,128756.423,34892.471,105.813,95784.525,155486.606,49310.654
N,1,1,2025-01-14 15:55:00.015,1,11765,0,128756.425,34892.789,105.813,95784.768,155486.615,49311.050
N,1,1,2025-01-14 16:00:00.019,1,11766,0,128756.444,34892.938,105.813,95785.028,155486.670,49311.315
N,1,1,2025-01-14 16:05:00.010,1,11767,0,128756.523,34892.945,105.813,95785.298,155486.862,49311.419
N,1,1,2025-01-14 16:10:00.007,1,11768,0,128756.575,34892.955,105.813,95785.555,155487.094,49311.458
N,1,1,2025-01-14 16:15:00.014,1,11769,0,128756.607,34892.978,105.813,95785.814,155487.190,49311.638
N,1,1,2025-01-14 16:20:00.006,1,11770,0,128756.607,34893.110,105.813,95786.088,155487.191,49311.950
N,1,1,2025-01-14 16:25:00.003,1,11771,0,128756.608,34893.154,105.813,95786.373,155487.197,49312.234
N,1,1,2025-01-14 16:30:00.007,1,11772,0,128756.608,34893.237,105.813,95786.657,155487.197,49312.532
N,1,1,2025-01-14 16:35:00.019,1,11773,0,128756.609,34893.277,105.813,95786.948,155487.202,49312.822
N,1,1,2025-01-14 16:40:00.018,1,11774,0,128756.622,34893.299,105.813,95787.218,155487.314,49312.983
N,1,1,2025-01-14 16:45:00.002,1,11775,0,128756.629,34893.302,105.813,95787.474,155487.463,49313.091
N,1,1,2025-01-14 16:50:00.005,1,11776,0,128756.638,34893.308,105.813,95787.735,155487.604,49313.213
N,1,1,2025-01-14 16:55:00.014,1,11777,0,128756.643,34893.315,105.813,95787.996,155487.728,49313.350
N,1,1,2025-01-14 17:00:00.020,1,11778,0,128756.648,34893.320,105.813,95788.263,155487.847,49313.498
N,1,1,2025-01-14 17:05:00.015,1,11779,0,128756.659,34893.324,105.813,95788.538,155487.985,49313.638
N,1,1,2025-01-14 17:10:00.011,1,11780,0,128756.669,34893.344,105.813,95788.812,155488.110,49313.793
N,1,1,2025-01-14 17:15:00.001,1,11781,0,128756.671,34893.347,105.813,95789.094,155488.235,49313.949
N,1,1,2025-01-14 17:20:00.017,1,11782,0,128756.679,34893.356,105.813,95789.370,155488.327,49314.135
N,1,1,2025-01-14 17:25:00.008,1,11783,0,128756.682,34893.365,105.813,95789.628,155488.426,49314.295
N,1,1,2025-01-14 17:30:00.012,1,11784,0,128756.691,34893.375,105.813,95789.872,155488.529,49314.440
N,1,1,2025-01-14 17:35:00.012,1,11785,0,128756.694,34893.377,105.813,95790.120,155488.660,49314.556
N,1,1,2025-01-14 17:40:00.011,1,11786,0,128756.721,34893.397,105.831,95790.327,155488.762,49314.696
N,1,1,2025-01-14 17:45:00.020,1,11787,0,128756.735,34893.411,105.831,95790.607,155488.900,49314.840
N,1,1,2025-01-14 17:50:00.003,1,11788,0,128756.758,34893.437,105.831,95790.889,155489.007,49315.029
N,1,1,2025-01-14 17:55:00.004,1,11789,0,128756.762,34893.441,105.831,95791.168,155489.147,49315.168
N,1,1,2025-01-14 18:00:00.010,1,11790,0,128756.778,34893.454,105.831,95791.413,155489.235,49315.333
N,1,1,2025-01-14 18:05:00.008,1,11791,0,128756.914,34893.456,105.849,95791.616,155489.459,49315.395
N,1,1,2025-01-14 18:10:00.019,1,11792,0,128757.031,34893.459,105.849,95791.846,155489.706,49315.413
N,1,1,2025-01-14 18:15:00.003,1,11793,0,128757.465,34893.459,105.849,95792.101,155490.218,49315.413
N,1,1,2025-01-14 18:20:00.003,1,11794,0,128757.978,34893.459,105.849,95792.377,155490.801,49315.413
N,1,1,2025-01-14 18:25:00.016,1,11795,0,128758.937,34893.459,105.849,95792.665,155491.807,49315.413
N,1,1,2025-01-14 18:30:00.018,1,11796,0,128760.274,34893.459,105.849,95792.955,155493.176,49315.413
N,1,1,2025-01-14 18:35:00.017,1,11797,0,128761.214,34893.459,105.849,95793.233,155494.156,49315.413
N,1,1,2025-01-14 18:40:00.003,1,11798,0,128762.151,34893.459,105.849,95793.506,155495.134,49315.413
N,1,1,2025-01-14 18:45:00.020,1,11799,0,128763.414,34893.459,105.849,95793.793,155496.429,49315.413
N,1,1,2025-01-14 18:50:00.008,1,11800,0,128764.497,34893.459,105.849,95794.075,155497.548,49315.413
N,1,1,2025-01-14 18:55:00.016,1,11801,0,128765.337,34893.459,105.849,95794.348,155498.434,49315.413
N,1,1,2025-01-14 19:00:00.020,1,11802,0,128765.952,34893.459,105.849,95794.619,155499.107,49315.413
N,1,1,2025-01-14 19:05:00.002,1,11803,0,128766.622,34893.459,105.849,95794.889,155499.831,49315.413
N,1,1,2025-01-14 19:10:00.001,1,11804,0,128767.513,34893.459,105.849,95795.167,155500.764,49315.413
N,1,1,2025-01-14 19:15:00.021,1,11805,0,128768.415,34893.459,105.849,95795.441,155501.707,49315.413
N,1,1,2025-01-14 19:20:00.006,1,11806,0,128769.210,34893.459,105.849,95795.711,155502.547,49315.413
N,1,1,2025-01-14 19:25:00.012,1,11807,0,128769.721,34893.459,105.849,95795.978,155503.131,49315.413
N,1,1,2025-01-14 19:30:00.026,1,11808,0,128770.104,34893.459,105.849,95796.259,155503.608,49315.413
N,1,1,2025-01-14 19:35:00.013,1,11809,0,128770.703,34893.459,105.849,95796.545,155504.272,49315.413
N,1,1,2025-01-14 19:40:00.018,1,11810,0,128771.077,34893.459,105.849,95796.823,155504.752,49315.413
N,1,1,2025-01-14 19:45:00.014,1,11811,0,128771.367,34893.459,105.849,95797.095,155505.153,49315.413
N,1,1,2025-01-14 19:50:00.004,1,11812,0,128771.626,34893.459,105.849,95797.363,155505.535,49315.413
N,1,1,2025-01-14 19:55:00.016,1,11813,0,128772.039,34893.459,105.849,95797.611,155506.024,49315.413
N,1,1,2025-01-14 20:00:00.014,1,11814,0,128772.646,34893.459,105.849,95797.859,155506.681,49315.413
N,1,1,2025-01-14 20:05:00.006,1,11815,0,128773.252,34893.459,105.849,95798.130,155507.348,49315.413
N,1,1,2025-01-14 20:10:00.015,1,11816,0,128774.023,34893.459,105.849,95798.398,155508.167,49315.413
N,1,1,2025-01-14 20:15:00.008,1,11817,0,128774.755,34893.459,105.849,95798.674,155508.950,49315.413
N,1,1,2025-01-14 20:20:00.011,1,11818,0,128775.090,34893.459,105.849,95798.944,155509.384,49315.413
N,1,1,2025-01-14 20:25:00.005,1,11819,0,128775.304,34893.459,105.849,95799.208,155509.740,49315.413
N,1,1,2025-01-14 20:30:00.011,1,11820,0,128775.601,34893.459,105.849,95799.474,155510.144,49315.413
N,1,1,2025-01-14 20:35:00.004,1,11821,0,128776.094,34893.459,105.849,95799.738,155510.706,49315.413
N,1,1,2025-01-14 20:40:00.017,1,11822,0,128776.690,34893.459,105.849,95800.011,155511.363,49315.413
N,1,1,2025-01-14 20:45:00.004,1,11823,0,128777.020,34893.459,105.849,95800.274,155511.808,49315.413
N,1,1,2025-01-14 20:50:00.001,1,11824,0,128777.144,34893.459,105.849,95800.531,155512.094,49315.413
N,1,1,2025-01-14 20:55:00.019,1,11825,0,128777.360,34893.459,105.849,95800.790,155512.437,49315.413
N,1,1,2025-01-14 21:00:00.018,1,11826,0,128777.943,34893.459,105.849,95801.045,155513.075,49315.413
N,1,1,2025-01-14 21:05:00.009,1,11827,0,128778.493,34893.459,105.849,95801.305,155513.697,49315.413
N,1,1,2025-01-14 21:10:00.005,1,11828,0,128778.815,34893.459,105.849,95801.562,155514.122,49315.413
N,1,1,2025-01-14 21:15:00.014,1,11829,0,128779.259,34893.459,105.849,95801.822,155514.636,49315.413
N,1,1,2025-01-14 21:20:00.006,1,11830,0,128780.134,34893.459,105.849,95802.101,155515.556,49315.413
N,1,1,2025-01-14 21:25:00.010,1,11831,0,128780.766,34893.459,105.849,95802.384,155516.249,49315.413
N,1,1,2025-01-14 21:30:00.018,1,11832,0,128781.115,34893.459,105.849,95802.658,155516.703,49315.413
N,1,1,2025-01-14 21:35:00.011,1,11833,0,128781.317,34893.459,105.849,95802.920,155517.034,49315.413
N,1,1,2025-01-14 21:40:00.014,1,11834,0,128781.789,34893.459,105.849,95803.188,155517.579,49315.413
N,1,1,2025-01-14 21:45:00.005,1,11835,0,128782.100,34893.459,105.849,95803.454,155518.000,49315.413
N,1,1,2025-01-14 21:50:00.008,1,11836,0,128782.175,34893.459,105.849,95803.695,155518.254,49315.413
N,1,1,2025-01-14 21:55:00.001,1,11837,0,128782.345,34893.459,105.849,95803.930,155518.564,49315.413
N,1,1,2025-01-14 22:00:00.013,1,11838,0,128782.699,34893.459,105.849,95804.168,155518.991,49315.413
N,1,1,2025-01-14 22:05:00.009,1,11839,0,128783.180,34893.459,105.849,95804.412,155519.532,49315.413
N,1,1,2025-01-14 22:10:00.004,1,11840,0,128783.518,34893.459,105.849,95804.649,155519.945,49315.413
N,1,1,2025-01-14 22:15:00.019,1,11841,0,128783.898,34893.459,105.849,95804.890,155520.399,49315.413
N,1,1,2025-01-14 22:20:00.016,1,11842,0,128784.131,34893.459,105.849,95805.131,155520.737,49315.413
N,1,1,2025-01-14 22:25:00.017,1,11843,0,128784.231,34893.459,105.849,95805.376,155521.004,49315.413
N,1,1,2025-01-14 22:30:00.006,1,11844,0,128784.376,34893.459,105.849,95805.628,155521.300,49315.413
N,1,1,2025-01-14 22:35:00.018,1,11845,0,128784.548,34893.459,105.849,95805.896,155521.619,49315.413
N,1,1,2025-01-14 22:40:00.017,1,11846,0,128784.745,34893.459,105.849,95806.159,155521.948,49315.413
N,1,1,2025-01-14 22:45:00.019,1,11847,0,128785.080,34893.459,105.849,95806.418,155522.382,49315.413
N,1,1,2025-01-14 22:50:00.015,1,11848,0,128785.607,34893.459,105.849,95806.676,155522.968,49315.413
N,1,1,2025-01-14 22:55:00.015,1,11849,0,128785.923,34893.459,105.849,95806.928,155523.376,49315.413
N,1,1,2025-01-14 23:00:00.005,1,11850,0,128786.312,34893.459,105.849,95807.190,155523.847,49315.413
N,1,1,2025-01-14 23:05:00.005,1,11851,0,128786.625,34893.459,105.849,95807.447,155524.254,49315.413
N,1,1,2025-01-14 23:10:00.007,1,11852,0,128786.902,34893.459,105.849,95807.707,155524.636,49315.413
N,1,1,2025-01-14 23:15:00.008,1,11853,0,128787.136,34893.459,105.849,95807.965,155524.984,49315.413
N,1,1,2025-01-14 23:20:00.007,1,11854,0,128787.373,34893.459,105.849,95808.223,155525.334,49315.413
N,1,1,2025-01-14 23:25:00.002,1,11855,0,128787.806,34893.459,105.849,95808.480,155525.839,49315.413
N,1,1,2025-01-14 23:30:00.014,1,11856,0,128788.260,34893.459,105.849,95808.734,155526.359,49315.413
N,1,1,2025-01-14 23:35:00.019,1,11857,0,128788.851,34893.459,105.849,95808.983,155527.001,49315.413
N,1,1,2025-01-14 23:40:00.008,1,11858,0,128789.430,34893.459,105.849,95809.237,155527.633,49315.413
N,1,1,2025-01-14 23:45:00.019,1,11859,0,128789.992,34893.459,105.849,95809.498,155528.252,49315.413
N,1,1,2025-01-14 23:50:00.016,1,11860,0,128790.590,34893.459,105.849,95809.753,155528.903,49315.413
N,1,1,2025-01-14 23:55:00.012,1,11861,0,128791.058,34893.459,105.849,95810.009,155529.437,49315.413
N,1,1,2025-01-15 00:00:00.010,1,11862,0,128791.522,34893.459,105.849,95810.252,155529.961,49315.413
N,1,1,2025-01-15 00:05:00.001,1,11863,0,128791.975,34893.459,105.849,95810.493,155530.475,49315.413
N,1,1,2025-01-15 00:10:00.004,1,11864,0,128792.425,34893.459,105.849,95810.741,155530.989,49315.413
N,1,1,2025-01-15 00:15:00.044,1,11865,0,128792.818,34893.459,105.849,95810.985,155531.452,49315.413
N,1,1,2025-01-15 00:20:00.020,1,11866,0,128793.209,34893.459,105.849,95811.230,155531.914,49315.413
N,1,1,2025-01-15 00:25:00.014,1,11867,0,128793.754,34893.459,105.849,95811.474,155532.516,49315.413
N,1,1,2025-01-15 00:30:00.037,1,11868,0,128794.443,34893.459,105.849,95811.717,155533.247,49315.413
N,1,1,2025-01-15 00:35:00.005,1,11869,0,128794.921,34893.459,105.849,95811.961,155533.788,49315.413
N,1,1,2025-01-15 00:40:00.008,1,11870,0,128795.268,34893.459,105.849,95812.201,155534.211,49315.413
N,1,1,2025-01-15 00:45:00.010,1,11871,0,128795.628,34893.459,105.849,95812.439,155534.643,49315.413
N,1,1,2025-01-15 00:50:00.006,1,11872,0,128796.006,34893.459,105.849,95812.685,155535.095,49315.413
N,1,1,2025-01-15 00:55:00.015,1,11873,0,128796.396,34893.459,105.849,95812.924,155535.553,49315.413
N,1,1,2025-01-15 01:00:00.017,1,11874,0,128796.766,34893.459,105.849,95813.166,155535.996,49315.413
N,1,1,2025-01-15 01:05:00.012,1,11875,0,128797.117,34893.459,105.849,95813.411,155536.425,49315.413
N,1,1,2025-01-15 01:10:00.011,1,11876,0,128797.491,34893.459,105.849,95813.663,155536.877,49315.413
N,1,1,2025-01-15 01:15:00.005,1,11877,0,128797.839,34893.459,105.849,95813.916,155537.309,49315.413
N,1,1,2025-01-15 01:20:00.004,1,11878,0,128798.189,34893.459,105.849,95814.172,155537.743,49315.413
N,1,1,2025-01-15 01:25:00.015,1,11879,0,128798.560,34893.459,105.849,95814.413,155538.185,49315.413
N,1,1,2025-01-15 01:30:00.023,1,11880,0,128798.955,34893.459,105.849,95814.653,155538.648,49315.413
N,1,1,2025-01-15 01:35:00.001,1,11881,0,128799.311,34893.459,105.849,95814.903,155539.085,49315.413
N,1,1,2025-01-15 01:40:00.018,1,11882,0,128799.666,34893.459,105.849,95815.150,155539.519,49315.413
N,1,1,2025-01-15 01:45:00.029,1,11883,0,128800.300,34893.459,105.849,95815.399,155540.201,49315.413
N,1,1,2025-01-15 01:50:00.006,1,11884,0,128800.678,34893.459,105.849,95815.657,155540.659,49315.413
N,1,1,2025-01-15 01:55:00.006,1,11885,0,128801.062,34893.459,105.849,95815.907,155541.118,49315.413
N,1,1,2025-01-15 02:00:00.020,1,11886,0,128801.441,34893.459,105.849,95816.160,155541.574,49315.413
N,1,1,2025-01-15 02:05:00.005,1,11887,0,128801.783,34893.459,105.849,95816.415,155542.002,49315.413
N,1,1,2025-01-15 02:10:00.001,1,11888,0,128802.145,34893.459,105.849,95816.661,155542.441,49315.413
N,1,1,2025-01-15 02:15:00.001,1,11889,0,128802.511,34893.459,105.849,95816.905,155542.882,49315.413
N,1,1,2025-01-15 02:20:00.001,1,11890,0,128802.871,34893.459,105.849,95817.149,155543.317,49315.413
N,1,1,2025-01-15 02:25:00.008,1,11891,0,128803.231,34893.459,105.849,95817.386,155543.749,49315.413
N,1,1,2025-01-15 02:30:00.019,1,11892,0,128803.611,34893.459,105.849,95817.628,155544.200,49315.413
N,1,1,2025-01-15 02:35:00.005,1,11893,0,128803.896,34893.459,105.849,95817.874,155544.581,49315.413
N,1,1,2025-01-15 02:40:00.001,1,11894,0,128804.365,34893.459,105.849,95818.124,155545.114,49315.413
N,1,1,2025-01-15 02:45:00.013,1,11895,0,128804.755,34893.459,105.849,95818.376,155545.587,49315.413
N,1,1,2025-01-15 02:50:00.011,1,11896,0,128804.977,34893.459,105.849,95818.620,155545.918,49315.413
N,1,1,2025-01-15 02:55:00.001,1,11897,0,128805.202,34893.459,105.849,95818.862,155546.248,49315.413
N,1,1,2025-01-15 03:00:00.012,1,11898,0,128805.418,34893.459,105.849,95819.098,155546.568,49315.413
N,1,1,2025-01-15 03:05:00.016,1,11899,0,128805.644,34893.459,105.849,95819.332,155546.894,49315.413
N,1,1,2025-01-15 03:10:00.008,1,11900,0,128805.859,34893.459,105.849,95819.576,155547.220,49315.413
N,1,1,2025-01-15 03:15:00.018,1,11901,0,128806.056,34893.459,105.849,95819.827,155547.539,49315.413
N,1,1,2025-01-15 03:20:00.005,1,11902,0,128806.403,34893.459,105.849,95820.078,155547.976,49315.413
N,1,1,2025-01-15 03:25:00.016,1,11903,0,128806.787,34893.459,105.849,95820.329,155548.442,49315.413
N,1,1,2025-01-15 03:30:00.018,1,11904,0,128806.999,34893.459,105.849,95820.575,155548.767,49315.413
N,1,1,2025-01-15 03:35:00.004,1,11905,0,128807.220,34893.459,105.849,95820.818,155549.096,49315.413
N,1,1,2025-01-15 03:40:00.005,1,11906,0,128807.461,34893.459,105.849,95821.059,155549.437,49315.413
N,1,1,2025-01-15 03:45:00.019,1,11907,0,128807.703,34893.459,105.849,95821.309,155549.785,49315.413
N,1,1,2025-01-15 03:50:00.011,1,11908,0,128807.951,34893.459,105.849,95821.566,155550.142,49315.413
N,1,1,2025-01-15 03:55:00.006,1,11909,0,128808.172,34893.459,105.849,95821.828,155550.485,49315.413
N,1,1,2025-01-15 04:00:00.002,1,11910,0,128808.363,34893.459,105.849,95822.085,155550.805,49315.413
N,1,1,2025-01-15 04:05:00.016,1,11911,0,128808.546,34893.459,105.849,95822.341,155551.120,49315.413
N,1,1,2025-01-15 04:10:00.004,1,11912,0,128808.757,34893.459,105.849,95822.596,155551.452,49315.413
N,1,1,2025-01-15 04:15:00.010,1,11913,0,128808.986,34893.459,105.849,95822.839,155551.786,49315.413
N,1,1,2025-01-15 04:20:00.013,1,11914,0,128809.190,34893.459,105.849,95823.082,155552.103,49315.413
N,1,1,2025-01-15 04:25:00.013,1,11915,0,128809.390,34893.459,105.849,95823.332,155552.424,49315.413
N,1,1,2025-01-15 04:30:00.008,1,11916,0,128809.627,34893.459,105.849,95823.582,155552.769,49315.413
N,1,1,2025-01-15 04:35:00.005,1,11917,0,128809.868,34893.459,105.849,95823.836,155553.119,49315.413
N,1,1,2025-01-15 04:40:00.019,1,11918,0,128810.094,34893.459,105.849,95824.093,155553.461,49315.413
N,1,1,2025-01-15 04:45:00.001,1,11919,0,128810.313,34893.459,105.849,95824.349,155553.798,49315.413
N,1,1,2025-01-15 04:50:00.002,1,11920,0,128810.562,34893.459,105.849,95824.608,155554.157,49315.413
N,1,1,2025-01-15 04:55:00.018,1,11921,0,128810.822,34893.459,105.849,95824.861,155554.520,49315.413
N,1,1,2025-01-15 05:00:00.014,1,11922,0,128811.081,34893.459,105.849,95825.105,155554.878,49315.413
N,1,1,2025-01-15 05:05:00.010,1,11923,0,128811.331,34893.459,105.849,95825.354,155555.231,49315.413
N,1,1,2025-01-15 05:10:00.007,1,11924,0,128811.591,34893.459,105.849,95825.609,155555.594,49315.413
N,1,1,2025-01-15 05:15:00.017,1,11925,0,128811.796,34893.459,105.849,95825.853,155555.914,49315.413
N,1,1,2025-01-15 05:20:00.006,1,11926,0,128812.098,34893.459,105.849,95826.104,155556.310,49315.413
N,1,1,2025-01-15 05:25:00.019,1,11927,0,128812.553,34893.459,105.849,95826.360,155556.842,49315.413
N,1,1,2025-01-15 05:30:00.012,1,11928,0,128813.381,34893.459,105.849,95826.622,155557.711,49315.413
N,1,1,2025-01-15 05:35:00.011,1,11929,0,128814.205,34893.459,105.849,95826.879,155558.574,49315.413
N,1,1,2025-01-15 05:40:00.015,1,11930,0,128814.821,34893.459,105.849,95827.120,155559.238,49315.413
N,1,1,2025-01-15 05:45:00.014,1,11931,0,128815.248,34893.459,105.849,95827.358,155559.730,49315.413
N,1,1,2025-01-15 05:50:00.021,1,11932,0,128815.520,34893.459,105.849,95827.599,155560.096,49315.413
N,1,1,2025-01-15 05:55:00.009,1,11933,0,128815.734,34893.459,105.849,95827.839,155560.421,49315.413
N,1,1,2025-01-15 06:00:00.004,1,11934,0,128815.943,34893.459,105.849,95828.079,155560.740,49315.413
N,1,1,2025-01-15 06:05:00.010,1,11935,0,128816.363,34893.459,105.849,95828.318,155561.243,49315.413
N,1,1,2025-01-15 06:10:00.006,1,11936,0,128817.040,34893.459,105.849,95828.561,155561.964,49315.413
N,1,1,2025-01-15 06:15:00.016,1,11937,0,128817.287,34893.459,105.850,95828.801,155562.316,49315.413
N,1,1,2025-01-15 06:20:00.014,1,11938,0,128817.556,34893.459,105.850,95829.050,155562.687,49315.413
N,1,1,2025-01-15 06:25:00.015,1,11939,0,128817.726,34893.459,105.850,95829.297,155563.000,49315.413
N,1,1,2025-01-15 06:30:00.014,1,11940,0,128818.114,34893.459,105.850,95829.548,155563.462,49315.413
N,1,1,2025-01-15 06:35:00.008,1,11941,0,128818.447,34893.459,105.850,95829.792,155563.875,49315.413
N,1,1,2025-01-15 06:40:00.002,1,11942,0,128818.588,34893.464,105.850,95830.026,155564.088,49315.501
N,1,1,2025-01-15 06:45:00.002,1,11943,0,128818.590,34893.474,105.850,95830.262,155564.144,49315.681
N,1,1,2025-01-15 06:50:00.009,1,11944,0,128818.591,34893.485,105.850,95830.495,155564.185,49315.874
N,1,1,2025-01-15 06:55:00.003,1,11945,0,128818.593,34893.495,105.850,95830.718,155564.248,49316.035
N,1,1,2025-01-15 07:00:00.003,1,11946,0,128818.608,34893.516,105.850,95830.945,155564.310,49316.209
N,1,1,2025-01-15 07:05:00.002,1,11947,0,128818.626,34893.529,105.850,95831.184,155564.414,49316.348
N,1,1,2025-01-15 07:10:00.011,1,11948,0,128818.627,34893.537,105.850,95831.424,155564.472,49316.531
N,1,1,2025-01-15 07:15:00.011,1,11949,0,128818.639,34893.548,105.850,95831.655,155564.515,49316.722
N,1,1,2025-01-15 07:20:00.010,1,11950,0,128818.655,34893.572,105.850,95831.885,155564.616,49316.858
N,1,1,2025-01-15 07:25:00.014,1,11951,0,128818.674,34893.590,105.850,95832.107,155564.747,49316.955
N,1,1,2025-01-15 07:30:00.002,1,11952,0,128818.750,34893.601,105.850,95832.334,155564.923,49317.031
N,1,1,2025-01-15 07:35:00.003,1,11953,0,128818.821,34893.628,105.850,95832.557,155565.077,49317.125
N,1,1,2025-01-15 07:40:00.020,1,11954,0,128818.835,34893.631,105.850,95832.775,155565.204,49317.220
N,1,1,2025-01-15 07:45:00.002,1,11955,0,128818.837,34893.644,105.850,95832.992,155565.258,49317.383
N,1,1,2025-01-15 07:50:00.003,1,11956,0,128818.855,34893.659,105.850,95833.216,155565.379,49317.492
N,1,1,2025-01-15 07:55:00.006,1,11957,0,128818.894,34893.674,105.850,95833.447,155565.507,49317.608
N,1,1,2025-01-15 08:00:00.030,1,11958,0,128818.895,34893.712,105.850,95833.684,155565.546,49317.816
N,1,1,2025-01-15 08:05:00.002,1,11959,0,128818.908,34893.770,105.850,95833.916,155565.620,49317.995
N,1,1,2025-01-15 08:10:00.007,1,11960,0,128818.910,34893.775,105.850,95834.141,155565.691,49318.149
N,1,1,2025-01-15 08:15:00.010,1,11961,0,128818.927,34893.826,105.850,95834.367,155565.774,49318.310
N,1,1,2025-01-15 08:20:00.003,1,11962,0,128818.937,34893.838,105.850,95834.593,155565.889,49318.428
N,1,1,2025-01-15 08:25:00.014,1,11963,0,128818.942,34893.898,105.850,95834.822,155565.956,49318.608
N,1,1,2025-01-15 08:30:00.002,1,11964,0,128818.945,34893.904,105.850,95835.052,155566.043,49318.750
N,1,1,2025-01-15 08:35:00.017,1,11965,0,128818.946,34893.945,105.850,95835.287,155566.069,49318.965
N,1,1,2025-01-15 08:40:00.020,1,11966,0,128818.946,34894.088,105.850,95835.519,155566.069,49319.239
N,1,1,2025-01-15 08:45:00.002,1,11967,0,128818.947,34894.242,105.850,95835.756,155566.070,49319.521
N,1,1,2025-01-15 08:50:00.004,1,11968,0,128818.947,34894.464,105.850,95835.984,155566.070,49319.839
N,1,1,2025-01-15 08:55:00.006,1,11969,0,128818.956,34894.486,105.850,95836.218,155566.208,49319.945
N,1,1,2025-01-15 09:00:00.001,1,11970,0,128818.959,34894.491,105.850,95836.453,155566.326,49320.063
N,1,1,2025-01-15 09:05:00.003,1,11971,0,128818.962,34894.495,105.850,95836.688,155566.407,49320.217
N,1,1,2025-01-15 09:10:00.011,1,11972,0,128818.964,34894.503,105.850,95836.922,155566.472,49320.386
N,1,1,2025-01-15 09:15:00.012,1,11973,0,128818.980,34894.509,105.850,95837.147,155566.532,49320.558
N,1,1,2025-01-15 09:20:00.016,1,11974,0,128819.019,34894.535,105.850,95837.370,155566.662,49320.664
N,1,1,2025-01-15 09:25:00.014,1,11975,0,128819.035,34894.587,105.850,95837.589,155566.740,49320.821
N,1,1,2025-01-15 09:30:00.025,1,11976,0,128819.051,34894.642,105.850,95837.811,155566.814,49320.989
N,1,1,2025-01-15 09:35:00.017,1,11977,0,128819.070,34894.694,105.850,95838.022,155566.896,49321.136
N,1,1,2025-01-15 09:40:00.013,1,11978,0,128819.086,34894.812,105.850,95838.214,155566.940,49321.336
N,1,1,2025-01-15 09:45:00.001,1,11979,0,128819.092,34894.912,105.850,95838.406,155566.992,49321.519
N,1,1,2025-01-15 09:50:00.001,1,11980,0,128819.101,34894.924,105.850,95838.607,155567.081,49321.635
N,1,1,2025-01-15 09:55:00.010,1,11981,0,128819.108,34894.937,105.850,95838.812,155567.160,49321.763
N,1,1,2025-01-15 10:00:00.006,1,11982,0,128819.138,34894.961,105.850,95839.017,155567.278,49321.863
N,1,1,2025-01-15 10:05:00.013,1,11983,0,128819.145,34895.005,105.850,95839.229,155567.376,49321.994
N,1,1,2025-01-15 10:10:00.008,1,11984,0,128819.149,34895.050,105.850,95839.446,155567.412,49322.185
N,1,1,2025-01-15 10:15:00.004,1,11985,0,128819.154,34895.100,105.850,95839.663,155567.461,49322.365
N,1,1,2025-01-15 10:20:00.011,1,11986,0,128819.167,34895.133,105.850,95839.868,155567.533,49322.508
N,1,1,2025-01-15 10:25:00.000,1,11987,0,128819.167,34895.225,105.850,95840.071,155567.534,49322.735
N,1,1,2025-01-15 10:30:00.005,1,11988,0,128819.172,34895.332,105.850,95840.279,155567.564,49322.945
N,1,1,2025-01-15 10:35:00.015,1,11989,0,128819.172,34895.461,105.850,95840.491,155567.564,49323.197
N,1,1,2025-01-15 10:40:00.007,1,11990,0,128819.174,34895.594,105.850,95840.710,155567.567,49323.454
N,1,1,2025-01-15 10:45:00.009,1,11991,0,128819.174,34895.741,105.850,95840.940,155567.567,49323.729
N,1,1,2025-01-15 10:50:00.009,1,11992,0,128819.174,34895.918,105.850,95841.170,155567.568,49324.022
N,1,1,2025-01-15 10:55:00.015,1,11993,0,128819.174,34896.044,105.850,95841.398,155567.569,49324.292
N,1,1,2025-01-15 11:00:00.002,1,11994,0,128819.186,34896.082,105.850,95841.623,155567.661,49324.437
N,1,1,2025-01-15 11:05:00.018,1,11995,0,128819.189,34896.113,105.850,95841.844,155567.766,49324.562
N,1,1,2025-01-15 11:10:00.013,1,11996,0,128819.217,34896.182,105.850,95842.057,155567.846,49324.726
N,1,1,2025-01-15 11:15:00.024,1,11997,0,128819.222,34896.267,105.850,95842.272,155567.913,49324.904
N,1,1,2025-01-15 11:20:00.003,1,11998,0,128819.234,34896.297,105.850,95842.492,155568.056,49324.991
N,1,1,2025-01-15 11:25:00.020,1,11999,0,128819.262,34896.336,105.850,95842.720,155568.202,49325.086
N,1,1,2025-01-15 11:30:00.037,1,12000,0,128819.296,34896.366,105.850,95842.944,155568.357,49325.170
N,1,1,2025-01-15 11:35:00.018,1,12001,0,128819.466,34896.369,105.850,95843.181,155568.649,49325.178
N,1,1,2025-01-15 11:40:00.013,1,12002,0,128819.614,34896.439,105.850,95843.418,155568.849,49325.316
N,1,1,2025-01-15 11:45:00.022,1,12003,0,128819.651,34896.470,105.850,95843.645,155568.991,49325.417
N,1,1,2025-01-15 11:50:00.004,1,12004,0,128819.686,34896.499,105.850,95843.870,155569.164,49325.485
N,1,1,2025-01-15 11:55:00.013,1,12005,0,128819.717,34896.545,105.850,95844.097,155569.285,49325.608
N,1,1,2025-01-15 12:00:00.013,1,12006,0,128819.760,34896.572,105.850,95844.319,155569.442,49325.687
N,1,1,2025-01-15 12:05:00.001,1,12007,0,128819.796,34896.604,105.850,95844.545,155569.595,49325.775
N,1,1,2025-01-15 12:10:00.011,1,12008,0,128819.814,34896.657,105.850,95844.775,155569.695,49325.920
N,1,1,2025-01-15 12:15:00.002,1,12009,0,128819.814,34896.817,105.850,95844.997,155569.698,49326.201
N,1,1,2025-01-15 12:20:00.001,1,12010,0,128819.814,34897.077,105.850,95845.218,155569.698,49326.544
N,1,1,2025-01-15 12:25:00.001,1,12011,0,128819.814,34897.390,105.850,95845.433,155569.698,49326.923
N,1,1,2025-01-15 12:30:00.003,1,12012,0,128819.814,34897.729,105.850,95845.646,155569.698,49327.324
N,1,1,2025-01-15 12:35:00.018,1,12013,0,128819.814,34898.018,105.850,95845.874,155569.698,49327.698
N,1,1,2025-01-15 12:40:00.007,1,12014,0,128819.814,34898.200,105.850,95846.096,155569.699,49327.987
N,1,1,2025-01-15 12:45:00.001,1,12015,0,128819.814,34898.446,105.850,95846.318,155569.699,49328.322
N,1,1,2025-01-15 12:50:00.015,1,12016,0,128819.814,34898.820,105.850,95846.544,155569.699,49328.760
N,1,1,2025-01-15 12:55:00.017,1,12017,0,128819.814,34899.198,105.850,95846.774,155569.699,49329.202
N,1,1,2025-01-15 13:00:00.008,1,12018,0,128819.814,34899.539,105.850,95847.011,155569.699,49329.619
N,1,1,2025-01-15 13:05:00.020,1,12019,0,128819.815,34899.674,105.850,95847.261,155569.701,49329.924
N,1,1,2025-01-15 13:10:00.020,1,12020,0,128819.815,34899.771,105.850,95847.509,155569.707,49330.207
N,1,1,2025-01-15 13:15:00.018,1,12021,0,128819.815,34900.063,105.850,95847.754,155569.708,49330.590
N,1,1,2025-01-15 13:20:00.013,1,12022,0,128819.815,34900.473,105.850,95847.991,155569.708,49331.064
N,1,1,2025-01-15 13:25:00.013,1,12023,0,128819.815,34900.918,105.850,95848.225,155569.708,49331.567
N,1,1,2025-01-15 13:30:00.011,1,12024,0,128819.815,34901.380,105.850,95848.462,155569.708,49332.086
N,1,1,2025-01-15 13:35:00.005,1,12025,0,128819.815,34901.820,105.850,95848.709,155569.708,49332.591
N,1,1,2025-01-15 13:40:00.003,1,12026,0,128819.815,34902.266,105.850,95848.950,155569.708,49333.098
N,1,1,2025-01-15 13:45:00.015,1,12027,0,128819.815,34902.768,105.850,95849.194,155569.708,49333.657
N,1,1,2025-01-15 13:50:00.017,1,12028,0,128819.815,34903.269,105.850,95849.423,155569.708,49334.207
N,1,1,2025-01-15 13:55:00.005,1,12029,0,128819.815,34903.841,105.850,95849.646,155569.708,49334.822
N,1,1,2025-01-15 14:00:00.018,1,12030,0,128819.815,34904.399,105.850,95849.870,155569.708,49335.423
N,1,1,2025-01-15 14:05:00.001,1,12031,0,128819.815,34904.846,105.850,95850.090,155569.708,49335.923
N,1,1,2025-01-15 14:10:00.018,1,12032,0,128819.815,34905.294,105.850,95850.320,155569.708,49336.428
N,1,1,2025-01-15 14:15:00.007,1,12033,0,128819.815,34905.724,105.850,95850.555,155569.708,49336.918
N,1,1,2025-01-15 14:20:00.013,1,12034,0,128819.815,34906.123,105.850,95850.791,155569.708,49337.381
N,1,1,2025-01-15 14:25:00.004,1,12035,0,128819.815,34906.596,105.850,95851.017,155569.708,49337.906
N,1,1,2025-01-15 14:30:00.008,1,12036,0,128819.815,34907.157,105.850,95851.226,155569.708,49338.505
N,1,1,2025-01-15 14:35:00.001,1,12037,0,128819.815,34907.754,105.850,95851.422,155569.708,49339.136
N,1,1,2025-01-15 14:40:00.008,1,12038,0,128819.815,34908.125,105.850,95851.623,155569.708,49339.558
N,1,1,2025-01-15 14:45:00.007,1,12039,0,128819.815,34908.561,105.850,95851.823,155569.708,49340.039
N,1,1,2025-01-15 14:50:00.008,1,12040,0,128819.815,34909.107,105.850,95852.022,155569.708,49340.621
N,1,1,2025-01-15 14:55:00.013,1,12041,0,128819.815,34909.443,105.850,95852.237,155569.708,49341.021
N,1,1,2025-01-15 15:00:00.010,1,12042,0,128819.815,34909.823,105.850,95852.448,155569.708,49341.459
N,1,1,2025-01-15 15:05:00.005,1,12043,0,128819.815,34910.420,105.850,95852.657,155569.708,49342.091
N,1,1,2025-01-15 15:10:00.013,1,12044,0,128819.815,34910.886,105.850,95852.866,155569.708,49342.605
N,1,1,2025-01-15 15:15:00.006,1,12045,0,128819.815,34911.166,105.850,95853.074,155569.708,49342.955
N,1,1,2025-01-15 15:20:00.002,1,12046,0,128819.815,34911.667,105.850,95853.285,155569.709,49343.502
N,1,1,2025-01-15 15:25:00.007,1,12047,0,128819.815,34912.266,105.850,95853.494,155569.709,49344.136
N,1,1,2025-01-15 15:30:00.017,1,12048,0,128819.815,34912.844,105.850,95853.705,155569.709,49344.751
N,1,1,2025-01-15 15:35:00.007,1,12049,0,128819.815,34913.333,105.850,95853.901,155569.709,49345.278
N,1,1,2025-01-15 15:40:00.002,1,12050,0,128819.815,34913.759,105.851,95854.099,155569.709,49345.750
N,1,1,2025-01-15 15:45:00.021,1,12051,0,128819.815,34914.175,105.877,95854.286,155569.709,49346.221
N,1,1,2025-01-15 15:50:00.012,1,12052,0,128819.825,34914.392,105.877,95854.535,155569.729,49346.552
N,1,1,2025-01-15 15:55:00.019,1,12053,0,128819.825,34914.564,105.877,95854.783,155569.737,49346.855
N,1,1,2025-01-15 16:00:00.003,1,12054,0,128819.831,34914.613,105.877,95855.016,155569.825,49347.013
N,1,1,2025-01-15 16:05:00.011,1,12055,0,128819.833,34914.683,105.877,95855.254,155569.859,49347.234
N,1,1,2025-01-15 16:10:00.019,1,12056,0,128819.840,34914.867,105.877,95855.488,155569.876,49347.538
N,1,1,2025-01-15 16:15:00.003,1,12057,0,128819.840,34915.038,105.877,95855.723,155569.876,49347.832
N,1,1,2025-01-15 16:20:00.011,1,12058,0,128819.840,34915.202,105.877,95855.967,155569.877,49348.126
N,1,1,2025-01-15 16:25:00.001,1,12059,0,128819.840,34915.363,105.877,95856.219,155569.877,49348.426
N,1,1,2025-01-15 16:30:00.014,1,12060,0,128819.847,34915.441,105.877,95856.484,155569.907,49348.677
N,1,1,2025-01-15 16:35:00.017,1,12061,0,128819.847,34915.477,105.877,95856.754,155569.912,49348.946
N,1,1,2025-01-15 16:40:00.016,1,12062,0,128819.853,34915.490,105.877,95857.003,155570.064,49349.045
N,1,1,2025-01-15 16:45:00.003,1,12063,0,128819.861,34915.502,105.877,95857.229,155570.223,49349.116
N,1,1,2025-01-15 16:50:00.015,1,12064,0,128819.867,34915.558,105.877,95857.468,155570.298,49349.290
N,1,1,2025-01-15 16:55:00.009,1,12065,0,128819.933,34915.585,105.899,95857.671,155570.418,49349.420
N,1,1,2025-01-15 17:00:00.003,1,12066,0,128819.950,34915.608,105.899,95857.926,155570.518,49349.583
N,1,1,2025-01-15 17:05:00.017,1,12067,0,128819.953,34915.613,105.899,95858.183,155570.638,49349.720
N,1,1,2025-01-15 17:10:00.011,1,12068,0,128820.040,34915.616,105.899,95858.456,155570.866,49349.793
N,1,1,2025-01-15 17:15:00.006,1,12069,0,128820.072,34915.625,105.899,95858.732,155571.049,49349.893
N,1,1,2025-01-15 17:20:00.005,1,12070,0,128820.085,34915.651,105.899,95858.989,155571.150,49350.056
N,1,1,2025-01-15 17:25:00.017,1,12071,0,128820.090,34915.655,105.899,95859.241,155571.281,49350.177
N,1,1,2025-01-15 17:30:00.020,1,12072,0,128820.109,34915.668,105.899,95859.485,155571.394,49350.317
N,1,1,2025-01-15 17:35:00.010,1,12073,0,128820.114,34915.671,105.899,95859.758,155571.548,49350.436
N,1,1,2025-01-15 17:40:00.018,1,12074,0,128820.165,34915.677,105.899,95860.032,155571.724,49350.552
N,1,1,2025-01-15 17:45:00.018,1,12075,0,128820.389,34915.677,105.899,95860.314,155572.086,49350.552
N,1,1,2025-01-15 17:50:00.018,1,12076,0,128820.661,34915.677,105.899,95860.611,155572.489,49350.552
N,1,1,2025-01-15 17:55:00.003,1,12077,0,128821.219,34915.677,105.899,95860.924,155573.132,49350.552
N,1,1,2025-01-15 18:00:00.012,1,12078,0,128821.543,34915.677,105.899,95861.229,155573.584,49350.552
N,1,1,2025-01-15 18:05:00.018,1,12079,0,128821.838,34915.677,105.899,95861.534,155574.016,49350.552
N,1,1,2025-01-15 18:10:00.010,1,12080,0,128822.404,34915.677,105.899,95861.826,155574.653,49350.552
N,1,1,2025-01-15 18:15:00.018,1,12081,0,128823.290,34915.677,105.899,95862.110,155575.585,49350.552
N,1,1,2025-01-15 18:20:00.007,1,12082,0,128824.291,34915.677,105.899,95862.406,155576.629,49350.552
N,1,1,2025-01-15 18:25:00.012,1,12083,0,128825.301,34915.677,105.899,95862.711,155577.686,49350.552
N,1,1,2025-01-15 18:30:00.017,1,12084,0,128826.648,34915.677,105.899,95863.014,155579.067,49350.552
N,1,1,2025-01-15 18:35:00.014,1,12085,0,128827.923,34915.677,105.899,95863.315,155580.377,49350.552
N,1,1,2025-01-15 18:40:00.019,1,12086,0,128829.138,34915.677,105.899,95863.607,155581.627,49350.552
N,1,1,2025-01-15 18:45:00.010,1,12087,0,128830.276,34915.677,105.899,95863.902,155582.803,49350.552
N,1,1,2025-01-15 18:50:00.012,1,12088,0,128830.969,34915.677,105.899,95864.191,155583.555,49350.552
N,1,1,2025-01-15 18:55:00.013,1,12089,0,128831.924,34915.677,105.899,95864.488,155584.555,49350.552
N,1,1,2025-01-15 19:00:00.008,1,12090,0,128832.562,34915.677,105.899,95864.784,155585.260,49350.552
N,1,1,2025-01-15 19:05:00.000,1,12091,0,128833.143,34915.677,105.899,95865.069,155585.908,49350.552
N,1,1,2025-01-15 19:10:00.013,1,12092,0,128833.708,34915.677,105.899,95865.346,155586.538,49350.552
N,1,1,2025-01-15 19:15:00.005,1,12093,0,128834.409,34915.677,105.899,95865.634,155587.299,49350.552
N,1,1,2025-01-15 19:20:00.016,1,12094,0,128834.793,34915.677,105.899,95865.909,155587.773,49350.552
N,1,1,2025-01-15 19:25:00.005,1,12095,0,128835.588,34915.677,105.899,95866.192,155588.617,49350.552
N,1,1,2025-01-15 19:30:00.002,1,12096,0,128836.295,34915.677,105.899,95866.485,155589.382,49350.552
N,1,1,2025-01-15 19:35:00.003,1,12097,0,128836.934,34915.677,105.899,95866.762,155590.080,49350.552
N,1,1,2025-01-15 19:40:00.016,1,12098,0,128837.313,34915.677,105.899,95867.036,155590.549,49350.552
N,1,1,2025-01-15 19:45:00.020,1,12099,0,128837.809,34915.677,105.899,95867.331,155591.126,49350.552
N,1,1,2025-01-15 19:50:00.008,1,12100,0,128838.479,34915.677,105.899,95867.635,155591.866,49350.552
N,1,1,2025-01-15 19:55:00.006,1,12101,0,128839.532,34915.677,105.899,95867.948,155592.965,49350.552
N,1,1,2025-01-15 20:00:00.009,1,12102,0,128840.586,34915.677,105.899,95868.260,155594.064,49350.552
N,1,1,2025-01-15 20:05:00.005,1,12103,0,128841.582,34915.677,105.899,95868.577,155595.110,49350.552
N,1,1,2025-01-15 20:10:00.009,1,12104,0,128842.506,34915.677,105.899,95868.902,155596.089,49350.552
N,1,1,2025-01-15 20:15:00.006,1,12105,0,128843.395,34915.677,105.899,95869.210,155597.030,49350.552
N,1,1,2025-01-15 20:20:00.004,1,12106,0,128844.196,34915.677,105.899,95869.510,155597.886,49350.552
N,1,1,2025-01-15 20:25:00.011,1,12107,0,128845.261,34915.677,105.899,95869.812,155598.994,49350.552
N,1,1,2025-01-15 20:30:00.015,1,12108,0,128846.200,34915.677,105.899,95870.110,155599.980,49350.552
N,1,1,2025-01-15 20:35:00.004,1,12109,0,128846.913,34915.677,105.899,95870.403,155600.751,49350.552
N,1,1,2025-01-15 20:40:00.014,1,12110,0,128847.535,34915.677,105.899,95870.690,155601.436,49350.552
N,1,1,2025-01-15 20:45:00.011,1,12111,0,128848.169,34915.677,105.899,95870.963,155602.128,49350.552
N,1,1,2025-01-15 20:50:00.019,1,12112,0,128848.819,34915.677,105.899,95871.230,155602.831,49350.552
N,1,1,2025-01-15 20:55:00.019,1,12113,0,128849.846,34915.677,105.899,95871.511,155603.896,49350.552
N,1,1,2025-01-15 21:00:00.023,1,12114,0,128850.578,34915.677,105.899,95871.791,155604.683,49350.552
N,1,1,2025-01-15 21:05:00.002,1,12115,0,128851.241,34915.677,105.899,95872.037,155605.393,49350.552
N,1,1,2025-01-15 21:10:00.020,1,12116,0,128851.928,34915.677,105.899,95872.292,155606.127,49350.552
N,1,1,2025-01-15 21:15:00.015,1,12117,0,128852.484,34915.677,105.899,95872.540,155606.736,49350.552
N,1,1,2025-01-15 21:20:00.021,1,12118,0,128852.810,34915.677,105.899,95872.787,155607.167,49350.552
N,1,1,2025-01-15 21:25:00.012,1,12119,0,128853.050,34915.677,105.899,95873.038,155607.535,49350.552
N,1,1,2025-01-15 21:30:00.001,1,12120,0,128853.507,34915.677,105.899,95873.288,155608.057,49350.552
N,1,1,2025-01-15 21:35:00.011,1,12121,0,128854.244,34915.677,105.899,95873.540,155608.837,49350.552
N,1,1,2025-01-15 21:40:00.010,1,12122,0,128854.793,34915.677,105.899,95873.791,155609.443,49350.552
N,1,1,2025-01-15 21:45:00.013,1,12123,0,128855.026,34915.677,105.899,95874.042,155609.804,49350.552
N,1,1,2025-01-15 21:50:00.012,1,12124,0,128855.246,34915.677,105.899,95874.280,155610.135,49350.552
N,1,1,2025-01-15 21:55:00.013,1,12125,0,128855.538,34915.677,105.899,95874.519,155610.513,49350.552
N,1,1,2025-01-15 22:00:00.006,1,12126,0,128855.648,34915.677,105.899,95874.757,155610.775,49350.552
N,1,1,2025-01-15 22:05:00.017,1,12127,0,128855.770,34915.677,105.899,95874.992,155611.041,49350.552
N,1,1,2025-01-15 22:10:00.003,1,12128,0,128855.867,34915.677,105.899,95875.222,155611.289,49350.552
N,1,1,2025-01-15 22:15:00.004,1,12129,0,128855.982,34915.677,105.899,95875.449,155611.544,49350.552
N,1,1,2025-01-15 22:20:00.003,1,12130,0,128856.100,34915.677,105.899,95875.677,155611.802,49350.552
N,1,1,2025-01-15 22:25:00.003,1,12131,0,128856.170,34915.677,105.899,95875.911,155612.047,49350.552
N,1,1,2025-01-15 22:30:00.012,1,12132,0,128856.248,34915.677,105.899,95876.154,155612.308,49350.552
N,1,1,2025-01-15 22:35:00.010,1,12133,0,128856.470,34915.677,105.899,95876.398,155612.638,49350.552
N,1,1,2025-01-15 22:40:00.017,1,12134,0,128856.696,34915.677,105.899,95876.634,155612.970,49350.552
N,1,1,2025-01-15 22:45:00.017,1,12135,0,128856.833,34915.677,105.899,95876.865,155613.239,49350.552
N,1,1,2025-01-15 22:50:00.012,1,12136,0,128856.961,34915.677,105.899,95877.098,155613.505,49350.552
N,1,1,2025-01-15 22:55:00.011,1,12137,0,128857.101,34915.677,105.899,95877.337,155613.783,49350.552
N,1,1,2025-01-15 23:00:00.008,1,12138,0,128857.317,34915.677,105.899,95877.580,155614.115,49350.552
N,1,1,2025-01-15 23:05:00.012,1,12139,0,128857.564,34915.677,105.899,95877.841,155614.480,49350.552
N,1,1,2025-01-15 23:10:00.011,1,12140,0,128857.848,34915.677,105.899,95878.102,155614.868,49350.552
N,1,1,2025-01-15 23:15:00.010,1,12141,0,128858.061,34915.677,105.899,95878.349,155615.195,49350.552
N,1,1,2025-01-15 23:20:00.007,1,12142,0,128858.392,34915.677,105.899,95878.591,155615.615,49350.552
N,1,1,2025-01-15 23:25:00.018,1,12143,0,128858.902,34915.677,105.899,95878.838,155616.182,49350.552
N,1,1,2025-01-15 23:30:00.000,1,12144,0,128859.129,34915.677,105.899,95879.080,155616.521,49350.552
N,1,1,2025-01-15 23:35:00.002,1,12145,0,128859.281,34915.677,105.899,95879.324,155616.810,49350.552
N,1,1,2025-01-15 23:40:00.009,1,12146,0,128859.412,34915.677,105.899,95879.568,155617.086,49350.552
N,1,1,2025-01-15 23:45:00.015,1,12147,0,128859.545,34915.677,105.899,95879.812,155617.365,49350.552
N,1,1,2025-01-15 23:50:00.020,1,12148,0,128859.688,34915.677,105.899,95880.056,155617.648,49350.552
N,1,1,2025-01-15 23:55:00.009,1,12149,0,128859.836,34915.677,105.899,95880.290,155617.925,49350.552
N,1,1,2025-01-16 00:00:00.007,1,12150,0,128859.991,34915.677,105.899,95880.525,155618.207,49350.552
N,1,1,2025-01-16 00:05:00.009,1,12151,0,128860.149,34915.677,105.899,95880.754,155618.485,49350.552
N,1,1,2025-01-16 00:10:00.016,1,12152,0,128860.324,34915.677,105.899,95880.984,155618.774,49350.552
N,1,1,2025-01-16 00:15:00.032,1,12153,0,128860.705,34915.677,105.899,95881.216,155619.225,49350.552
N,1,1,2025-01-16 00:20:00.011,1,12154,0,128860.930,34915.677,105.899,95881.452,155619.568,49350.552
N,1,1,2025-01-16 00:25:00.009,1,12155,0,128861.147,34915.677,105.899,95881.680,155619.897,49350.552
N,1,1,2025-01-16 00:30:00.027,1,12156,0,128861.570,34915.677,105.899,95881.913,155620.380,49350.552
N,1,1,2025-01-16 00:35:00.019,1,12157,0,128862.077,34915.677,105.899,95882.148,155620.939,49350.552
N,1,1,2025-01-16 00:40:00.011,1,12158,0,128862.559,34915.677,105.899,95882.382,155621.475,49350.552
N,1,1,2025-01-16 00:45:00.035,1,12159,0,128863.053,34915.677,105.899,95882.610,155622.020,49350.552
N,1,1,2025-01-16 00:50:00.007,1,12160,0,128863.671,34915.677,105.899,95882.833,155622.679,49350.552
N,1,1,2025-01-16 00:55:00.016,1,12161,0,128864.473,34915.677,105.899,95883.066,155623.514,49350.552
N,1,1,2025-01-16 01:00:00.020,1,12162,0,128865.015,34915.677,105.899,95883.307,155624.109,49350.552
N,1,1,2025-01-16 01:05:00.015,1,12163,0,128865.485,34915.677,105.899,95883.548,155624.637,49350.552
N,1,1,2025-01-16 01:10:00.016,1,12164,0,128866.209,34915.677,105.899,95883.793,155625.403,49350.552
N,1,1,2025-01-16 01:15:00.020,1,12165,0,128866.855,34915.677,105.899,95884.041,155626.096,49350.552
N,1,1,2025-01-16 01:20:00.002,1,12166,0,128867.339,34915.677,105.899,95884.287,155626.640,49350.552
N,1,1,2025-01-16 01:25:00.015,1,12167,0,128867.827,34915.677,105.899,95884.533,155627.187,49350.552
N,1,1,2025-01-16 01:30:00.031,1,12168,0,128868.290,34915.677,105.899,95884.777,155627.712,49350.552
N,1,1,2025-01-16 01:35:00.012,1,12169,0,128868.757,34915.677,105.899,95885.018,155628.237,49350.552
N,1,1,2025-01-16 01:40:00.014,1,12170,0,128869.345,34915.677,105.899,95885.258,155628.876,49350.552
N,1,1,2025-01-16 01:45:00.023,1,12171,0,128870.127,34915.677,105.899,95885.498,155629.693,49350.552
N,1,1,2025-01-16 01:50:00.016,1,12172,0,128870.768,34915.677,105.899,95885.734,155630.380,49350.552
N,1,1,2025-01-16 01:55:00.003,1,12173,0,128871.239,34915.677,105.899,95885.975,155630.909,49350.552
N,1,1,2025-01-16 02:00:00.009,1,12174,0,128871.692,34915.677,105.899,95886.223,155631.426,49350.552
N,1,1,2025-01-16 02:05:00.019,1,12175,0,128872.134,34915.677,105.899,95886.468,155631.932,49350.552
N,1,1,2025-01-16 02:10:00.006,1,12176,0,128872.596,34915.677,105.899,95886.711,155632.455,49350.552
N,1,1,2025-01-16 02:15:00.010,1,12177,0,128873.044,34915.677,105.899,95886.945,155632.961,49350.552
N,1,1,2025-01-16 02:20:00.013,1,12178,0,128873.523,34915.677,105.899,95887.167,155633.490,49350.552
N,1,1,2025-01-16 02:25:00.010,1,12179,0,128874.284,34915.677,105.899,95887.394,155634.285,49350.552
N,1,1,2025-01-16 02:30:00.023,1,12180,0,128874.833,34915.677,105.899,95887.622,155634.882,49350.552
N,1,1,2025-01-16 02:35:00.001,1,12181,0,128875.295,34915.677,105.899,95887.849,155635.397,49350.552
N,1,1,2025-01-16 02:40:00.002,1,12182,0,128875.727,34915.677,105.899,95888.083,155635.890,49350.552
N,1,1,2025-01-16 02:45:00.024,1,12183,0,128876.166,34915.677,105.899,95888.318,155636.388,49350.552
N,1,1,2025-01-16 02:50:00.019,1,12184,0,128876.612,34915.677,105.899,95888.551,155636.892,49350.552
N,1,1,2025-01-16 02:55:00.017,1,12185,0,128877.114,34915.677,105.899,95888.772,155637.441,49350.552
N,1,1,2025-01-16 03:00:00.020,1,12186,0,128877.601,34915.677,105.899,95888.991,155637.976,49350.552
N,1,1,2025-01-16 03:05:00.001,1,12187,0,128878.052,34915.677,105.899,95889.214,155638.480,49350.552
N,1,1,2025-01-16 03:10:00.007,1,12188,0,128878.494,34915.677,105.899,95889.439,155638.976,49350.552
N,1,1,2025-01-16 03:15:00.015,1,12189,0,128878.833,34915.677,105.899,95889.666,155639.385,49350.552
N,1,1,2025-01-16 03:20:00.001,1,12190,0,128879.162,34915.677,105.899,95889.906,155639.794,49350.552
N,1,1,2025-01-16 03:25:00.018,1,12191,0,128879.458,34915.677,105.899,95890.152,155640.180,49350.552
N,1,1,2025-01-16 03:30:00.011,1,12192,0,128879.777,34915.677,105.899,95890.390,155640.579,49350.552
N,1,1,2025-01-16 03:35:00.002,1,12193,0,128880.096,34915.677,105.899,95890.627,155640.978,49350.552
N,1,1,2025-01-16 03:40:00.003,1,12194,0,128880.414,34915.677,105.899,95890.866,155641.377,49350.552
N,1,1,2025-01-16 03:45:00.009,1,12195,0,128880.712,34915.677,105.899,95891.105,155641.760,49350.552
N,1,1,2025-01-16 03:50:00.014,1,12196,0,128880.992,34915.677,105.899,95891.339,155642.126,49350.552
N,1,1,2025-01-16 03:55:00.005,1,12197,0,128881.190,34915.677,105.899,95891.572,155642.435,49350.552
N,1,1,2025-01-16 04:00:00.019,1,12198,0,128881.371,34915.677,105.899,95891.796,155642.724,49350.552
N,1,1,2025-01-16 04:05:00.012,1,12199,0,128881.557,34915.677,105.899,95892.034,155643.026,49350.552
N,1,1,2025-01-16 04:10:00.006,1,12200,0,128881.722,34915.677,105.899,95892.284,155643.326,49350.552
N,1,1,2025-01-16 04:15:00.013,1,12201,0,128881.901,34915.677,105.899,95892.538,155643.636,49350.552
N,1,1,2025-01-16 04:20:00.003,1,12202,0,128882.091,34915.677,105.899,95892.791,155643.953,49350.552
N,1,1,2025-01-16 04:25:00.010,1,12203,0,128882.296,34915.677,105.899,95893.035,155644.272,49350.552
N,1,1,2025-01-16 04:30:00.019,1,12204,0,128882.493,34915.677,105.899,95893.272,155644.580,49350.552
N,1,1,2025-01-16 04:35:00.014,1,12205,0,128882.675,34915.677,105.899,95893.504,155644.875,49350.552
N,1,1,2025-01-16 04:40:00.019,1,12206,0,128882.843,34915.677,105.899,95893.729,155645.155,49350.552
N,1,1,2025-01-16 04:45:00.015,1,12207,0,128883.015,34915.677,105.899,95893.957,155645.441,49350.552
N,1,1,2025-01-16 04:50:00.002,1,12208,0,128883.243,34915.677,105.899,95894.200,155645.775,49350.552
N,1,1,2025-01-16 04:55:00.005,1,12209,0,128883.444,34915.677,105.899,95894.442,155646.089,49350.552
N,1,1,2025-01-16 05:00:00.016,1,12210,0,128883.633,34915.677,105.899,95894.684,155646.397,49350.552
N,1,1,2025-01-16 05:05:00.001,1,12211,0,128883.806,34915.677,105.899,95894.918,155646.688,49350.552
N,1,1,2025-01-16 05:10:00.018,1,12212,0,128884.010,34915.677,105.899,95895.141,155646.992,49350.552
N,1,1,2025-01-16 05:15:00.006,1,12213,0,128884.204,34915.677,105.899,95895.365,155647.288,49350.552
N,1,1,2025-01-16 05:20:00.012,1,12214,0,128884.374,34915.677,105.899,95895.594,155647.573,49350.552
N,1,1,2025-01-16 05:25:00.005,1,12215,0,128884.528,34915.677,105.899,95895.820,155647.847,49350.552
N,1,1,2025-01-16 05:30:00.014,1,12216,0,128884.953,34915.677,105.899,95896.062,155648.340,49350.552
N,1,1,2025-01-16 05:35:00.010,1,12217,0,128885.276,34915.677,105.899,95896.301,155648.750,49350.552
N,1,1,2025-01-16 05:40:00.014,1,12218,0,128885.453,34915.677,105.899,95896.536,155649.046,49350.552
N,1,1,2025-01-16 05:45:00.001,1,12219,0,128885.602,34915.677,105.899,95896.763,155649.319,49350.552
N,1,1,2025-01-16 05:50:00.016,1,12220,0,128885.829,34915.677,105.899,95896.990,155649.640,49350.552
N,1,1,2025-01-16 05:55:00.003,1,12221,0,128886.016,34915.677,105.899,95897.217,155649.936,49350.552
N,1,1,2025-01-16 06:00:00.018,1,12222,0,128886.188,34915.677,105.899,95897.446,155650.223,49350.552
N,1,1,2025-01-16 06:05:00.015,1,12223,0,128886.572,34915.677,105.900,95897.680,155650.680,49350.552
N,1,1,2025-01-16 06:10:00.012,1,12224,0,128886.876,34915.677,105.900,95897.922,155651.078,49350.552
N,1,1,2025-01-16 06:15:00.009,1,12225,0,128887.016,34915.677,105.900,95898.170,155651.363,49350.552
N,1,1,2025-01-16 06:20:00.010,1,12226,0,128887.554,34915.677,105.900,95898.414,155651.962,49350.552
N,1,1,2025-01-16 06:25:00.016,1,12227,0,128888.081,34915.677,105.900,95898.659,155652.544,49350.552
N,1,1,2025-01-16 06:30:00.024,1,12228,0,128888.259,34915.677,105.900,95898.897,155652.861,49350.552
N,1,1,2025-01-16 06:35:00.005,1,12229,0,128888.468,34915.677,105.900,95899.130,155653.194,49350.552
N,1,1,2025-01-16 06:40:00.008,1,12230,0,128888.811,34915.677,105.900,95899.364,155653.610,49350.552
N,1,1,2025-01-16 06:45:00.033,1,12231,0,128889.172,34915.677,105.900,95899.599,155654.041,49350.552
N,1,1,2025-01-16 06:50:00.018,1,12232,0,128889.460,34915.677,105.900,95899.826,155654.408,49350.552
N,1,1,2025-01-16 06:55:00.010,1,12233,0,128889.544,34915.686,105.900,95900.045,155654.569,49350.648
N,1,1,2025-01-16 07:00:00.002,1,12234,0,128889.555,34915.695,105.900,95900.261,155654.657,49350.780
N,1,1,2025-01-16 07:05:00.016,1,12235,0,128889.558,34915.698,105.900,95900.474,155654.736,49350.915
N,1,1,2025-01-16 07:10:00.003,1,12236,0,128889.560,34915.703,105.900,95900.683,155654.819,49351.041
N,1,1,2025-01-16 07:15:00.009,1,12237,0,128889.580,34915.706,105.900,95900.897,155654.900,49351.179
N,1,1,2025-01-16 07:20:00.018,1,12238,0,128889.620,34915.724,105.900,95901.129,155655.005,49351.324
N,1,1,2025-01-16 07:25:00.009,1,12239,0,128889.901,34915.724,105.900,95901.364,155655.386,49351.324
N,1,1,2025-01-16 07:30:00.012,1,12240,0,128890.141,34915.724,105.900,95901.606,155655.745,49351.324
N,1,1,2025-01-16 07:35:00.013,1,12241,0,128890.170,34915.785,105.900,95901.835,155655.856,49351.465
N,1,1,2025-01-16 07:40:00.017,1,12242,0,128890.173,34915.790,105.900,95902.060,155655.949,49351.598
N,1,1,2025-01-16 07:45:00.017,1,12243,0,128890.179,34915.802,105.900,95902.281,155655.997,49351.772
N,1,1,2025-01-16 07:50:00.005,1,12244,0,128890.210,34915.835,105.900,95902.500,155656.110,49351.891
N,1,1,2025-01-16 07:55:00.008,1,12245,0,128890.222,34915.847,105.900,95902.718,155656.193,49352.029
N,1,1,2025-01-16 08:00:00.006,1,12246,0,128890.224,34915.851,105.900,95902.943,155656.267,49352.181
N,1,1,2025-01-16 08:05:00.013,1,12247,0,128890.225,34915.856,105.900,95903.171,155656.328,49352.349
N,1,1,2025-01-16 08:10:00.013,1,12248,0,128890.228,34915.861,105.900,95903.407,155656.405,49352.508
N,1,1,2025-01-16 08:15:00.015,1,12249,0,128890.239,34915.865,105.900,95903.642,155656.484,49352.667
N,1,1,2025-01-16 08:20:00.013,1,12250,0,128890.242,34915.869,105.900,95903.871,155656.564,49352.817
N,1,1,2025-01-16 08:25:00.019,1,12251,0,128890.242,34915.873,105.900,95904.100,155656.602,49353.008
N,1,1,2025-01-16 08:30:00.006,1,12252,0,128890.245,34915.878,105.900,95904.329,155656.656,49353.183
N,1,1,2025-01-16 08:35:00.017,1,12253,0,128890.245,34915.959,105.900,95904.558,155656.690,49353.406
N,1,1,2025-01-16 08:40:00.005,1,12254,0,128890.249,34915.968,105.900,95904.786,155656.767,49353.559
N,1,1,2025-01-16 08:45:00.006,1,12255,0,128890.249,34916.046,105.900,95905.024,155656.767,49353.810
N,1,1,2025-01-16 08:50:00.002,1,12256,0,128890.249,34916.185,105.900,95905.259,155656.768,49354.084
N,1,1,2025-01-16 08:55:00.004,1,12257,0,128890.257,34916.192,105.900,95905.497,155656.900,49354.193
N,1,1,2025-01-16 09:00:00.005,1,12258,0,128890.266,34916.272,105.900,95905.724,155656.982,49354.376
N,1,1,2025-01-16 09:05:00.013,1,12259,0,128890.267,34916.454,105.900,95905.944,155656.990,49354.658
N,1,1,2025-01-16 09:10:00.019,1,12260,0,128890.269,34916.656,105.900,95906.165,155656.995,49354.958
N,1,1,2025-01-16 09:15:00.018,1,12261,0,128890.269,34916.869,105.900,95906.388,155657.014,49355.259
N,1,1,2025-01-16 09:20:00.012,1,12262,0,128890.290,34916.915,105.900,95906.615,155657.064,49355.456
N,1,1,2025-01-16 09:25:00.017,1,12263,0,128890.306,34916.983,105.900,95906.833,155657.154,49355.610
N,1,1,2025-01-16 09:30:00.009,1,12264,0,128890.319,34917.033,105.900,95907.059,155657.234,49355.782
N,1,1,2025-01-16 09:35:00.008,1,12265,0,128890.320,34917.268,105.900,95907.288,155657.239,49356.116
N,1,1,2025-01-16 09:40:00.014,1,12266,0,128890.321,34917.410,105.900,95907.520,155657.243,49356.400
N,1,1,2025-01-16 09:45:00.013,1,12267,0,128890.321,34917.685,105.900,95907.746,155657.243,49356.757
N,1,1,2025-01-16 09:50:00.016,1,12268,0,128890.321,34917.979,105.900,95907.965,155657.243,49357.125
N,1,1,2025-01-16 09:55:00.007,1,12269,0,128890.321,34918.251,105.900,95908.177,155657.244,49357.475
N,1,1,2025-01-16 10:00:00.016,1,12270,0,128890.321,34918.609,105.900,95908.387,155657.244,49357.890
N,1,1,2025-01-16 10:05:00.006,1,12271,0,128890.321,34918.982,105.900,95908.603,155657.244,49358.321
N,1,1,2025-01-16 10:10:00.008,1,12272,0,128890.321,34919.333,105.900,95908.827,155657.244,49358.741
N,1,1,2025-01-16 10:15:00.006,1,12273,0,128890.321,34919.687,105.900,95909.055,155657.245,49359.164
N,1,1,2025-01-16 10:20:00.011,1,12274,0,128890.321,34920.060,105.900,95909.284,155657.245,49359.601
N,1,1,2025-01-16 10:25:00.009,1,12275,0,128890.321,34920.426,105.900,95909.509,155657.245,49360.033
N,1,1,2025-01-16 10:30:00.030,1,12276,0,128890.341,34920.510,105.900,95909.727,155657.313,49360.227
N,1,1,2025-01-16 10:35:00.014,1,12277,0,128890.347,34920.588,105.900,95909.952,155657.349,49360.439
N,1,1,2025-01-16 10:40:00.015,1,12278,0,128890.347,34920.923,105.900,95910.176,155657.352,49360.846
N,1,1,2025-01-16 10:45:00.015,1,12279,0,128890.348,34921.108,105.900,95910.399,155657.353,49361.141
N,1,1,2025-01-16 10:50:00.010,1,12280,0,128890.348,34921.221,105.900,95910.637,155657.353,49361.405
N,1,1,2025-01-16 10:55:00.015,1,12281,0,128890.349,34921.355,105.900,95910.879,155657.355,49361.681
N,1,1,2025-01-16 11:00:00.006,1,12282,0,128890.349,34921.491,105.900,95911.122,155657.355,49361.960
N,1,1,2025-01-16 11:05:00.015,1,12283,0,128890.349,34921.797,105.900,95911.361,155657.355,49362.360
N,1,1,2025-01-16 11:10:00.015,1,12284,0,128890.349,34922.078,105.900,95911.588,155657.355,49362.723
N,1,1,2025-01-16 11:15:00.020,1,12285,0,128890.358,34922.209,105.900,95911.816,155657.456,49362.906
N,1,1,2025-01-16 11:20:00.002,1,12286,0,128890.372,34922.226,105.900,95912.046,155657.608,49362.989
N,1,1,2025-01-16 11:25:00.010,1,12287,0,128890.374,34922.456,105.900,95912.289,155657.616,49363.326
N,1,1,2025-01-16 11:30:00.016,1,12288,0,128890.374,34922.821,105.900,95912.543,155657.616,49363.770
N,1,1,2025-01-16 11:35:00.017,1,12289,0,128890.374,34923.161,105.900,95912.806,155657.617,49364.201
N,1,1,2025-01-16 11:40:00.012,1,12290,0,128890.374,34923.427,105.900,95913.078,155657.621,49364.584
N,1,1,2025-01-16 11:45:00.010,1,12291,0,128890.387,34923.619,105.900,95913.349,155657.669,49364.882
N,1,1,2025-01-16 11:50:00.011,1,12292,0,128890.392,34923.637,105.900,95913.612,155657.799,49365.018
N,1,1,2025-01-16 11:55:00.020,1,12293,0,128890.401,34923.685,105.900,95913.870,155657.895,49365.195
N,1,1,2025-01-16 12:00:00.013,1,12294,0,128890.406,34923.717,105.900,95914.128,155657.963,49365.389
N,1,1,2025-01-16 12:05:00.003,1,12295,0,128890.406,34924.036,105.900,95914.375,155657.964,49365.796
N,1,1,2025-01-16 12:10:00.017,1,12296,0,128890.406,34924.188,105.900,95914.623,155657.964,49366.097
N,1,1,2025-01-16 12:15:00.020,1,12297,0,128890.408,34924.461,105.900,95914.868,155657.970,49366.472
N,1,1,2025-01-16 12:20:00.010,1,12298,0,128890.408,34924.687,105.900,95915.118,155657.970,49366.829
N,1,1,2025-01-16 12:25:00.003,1,12299,0,128890.409,34924.804,105.900,95915.370,155657.972,49367.106
N,1,1,2025-01-16 12:30:00.011,1,12300,0,128890.412,34925.095,105.900,95915.620,155657.977,49367.497
N,1,1,2025-01-16 12:35:00.003,1,12301,0,128890.412,34925.519,105.900,95915.859,155657.977,49367.985
N,1,1,2025-01-16 12:40:00.020,1,12302,0,128890.412,34925.929,105.900,95916.098,155657.977,49368.459
N,1,1,2025-01-16 12:45:00.000,1,12303,0,128890.412,34926.358,105.900,95916.335,155657.977,49368.950
N,1,1,2025-01-16 12:50:00.003,1,12304,0,128890.412,34926.814,105.900,95916.565,155657.977,49369.460
N,1,1,2025-01-16 12:55:00.001,1,12305,0,128890.412,34927.203,105.900,95916.788,155657.977,49369.910
N,1,1,2025-01-16 13:00:00.017,1,12306,0,128890.412,34927.533,105.900,95917.022,155657.978,49370.316
N,1,1,2025-01-16 13:05:00.003,1,12307,0,128890.412,34928.006,105.900,95917.254,155657.978,49370.844
N,1,1,2025-01-16 13:10:00.019,1,12308,0,128890.412,34928.409,105.900,95917.487,155657.978,49371.311
N,1,1,2025-01-16 13:15:00.011,1,12309,0,128890.412,34928.827,105.900,95917.717,155657.978,49371.789
N,1,1,2025-01-16 13:20:00.005,1,12310,0,128890.412,34929.302,105.900,95917.927,155657.978,49372.309
N,1,1,2025-01-16 13:25:00.016,1,12311,0,128890.412,34929.871,105.900,95918.134,155657.978,49372.915
N,1,1,2025-01-16 13:30:00.005,1,12312,0,128890.412,34930.342,105.900,95918.341,155657.978,49373.430
N,1,1,2025-01-16 13:35:00.002,1,12313,0,128890.412,34930.827,105.900,95918.546,155657.978,49373.959
N,1,1,2025-01-16 13:40:00.013,1,12314,0,128890.412,34931.373,105.900,95918.762,155657.978,49374.547
N,1,1,2025-01-16 13:45:00.006,1,12315,0,128890.412,34931.931,105.900,95918.981,155657.978,49375.146
N,1,1,2025-01-16 13:50:00.014,1,12316,0,128890.412,34932.299,105.900,95919.207,155657.979,49375.583
N,1,1,2025-01-16 13:55:00.004,1,12317,0,128890.412,34932.571,105.900,95919.435,155657.979,49375.938
N,1,1,2025-01-16 14:00:00.009,1,12318,0,128890.412,34933.087,105.900,95919.657,155657.979,49376.502
N,1,1,2025-01-16 14:05:00.019,1,12319,0,128890.412,34933.621,105.900,95919.872,155657.979,49377.078
N,1,1,2025-01-16 14:10:00.019,1,12320,0,128890.412,34933.968,105.900,95920.088,155657.979,49377.499
N,1,1,2025-01-16 14:15:00.005,1,12321,0,128890.412,34934.178,105.900,95920.309,155657.979,49377.804
N,1,1,2025-01-16 14:20:00.008,1,12322,0,128890.412,34934.478,105.900,95920.543,155657.979,49378.192
N,1,1,2025-01-16 14:25:00.003,1,12323,0,128890.436,34934.568,105.900,95920.800,155658.055,49378.398
N,1,1,2025-01-16 14:30:00.009,1,12324,0,128890.601,34934.568,105.900,95921.085,155658.388,49378.398
N,1,1,2025-01-16 14:35:00.005,1,12325,0,128890.656,34934.688,105.900,95921.358,155658.498,49378.617
N,1,1,2025-01-16 14:40:00.016,1,12326,0,128890.657,34934.862,105.900,95921.626,155658.505,49378.933
N,1,1,2025-01-16 14:45:00.003,1,12327,0,128890.664,34934.976,105.900,95921.900,155658.525,49379.214
N,1,1,2025-01-16 14:50:00.002,1,12328,0,128890.674,34935.030,105.900,95922.177,155658.556,49379.471
N,1,1,2025-01-16 14:55:00.016,1,12329,0,128890.747,34935.030,105.900,95922.444,155658.823,49379.485
N,1,1,2025-01-16 15:00:00.012,1,12330,0,128890.777,34935.044,105.900,95922.723,155658.950,49379.645
N,1,1,2025-01-16 15:05:00.007,1,12331,0,128890.947,34935.045,105.900,95922.997,155659.255,49379.668
N,1,1,2025-01-16 15:10:00.019,1,12332,0,128890.998,34935.074,105.900,95923.253,155659.360,49379.836
N,1,1,2025-01-16 15:15:00.023,1,12333,0,128891.000,34935.082,105.900,95923.493,155659.433,49380.004
N,1,1,2025-01-16 15:20:00.003,1,12334,0,128891.003,34935.097,105.900,95923.736,155659.476,49380.205
N,1,1,2025-01-16 15:25:00.009,1,12335,0,128891.004,34935.106,105.900,95923.974,155659.530,49380.390
N,1,1,2025-01-16 15:30:00.003,1,12336,0,128891.006,34935.116,105.900,95924.211,155659.585,49380.572
N,1,1,2025-01-16 15:35:00.008,1,12337,0,128891.009,34935.122,105.900,95924.451,155659.668,49380.731
N,1,1,2025-01-16 15:40:00.020,1,12338,0,128891.071,34935.141,105.900,95924.686,155659.829,49380.821
N,1,1,2025-01-16 15:45:00.009,1,12339,0,128891.075,34935.146,105.900,95924.913,155659.934,49380.943
N,1,1,2025-01-16 15:50:00.006,1,12340,0,128891.078,34935.148,105.900,95925.143,155660.045,49381.063
N,1,1,2025-01-16 15:55:00.019,1,12341,0,128891.083,34935.151,105.900,95925.383,155660.189,49381.159
N,1,1,2025-01-16 16:00:00.015,1,12342,0,128891.097,34935.151,105.900,95925.630,155660.434,49381.161
N,1,1,2025-01-16 16:05:00.006,1,12343,0,128891.170,34935.151,105.900,95925.875,155660.691,49381.161
N,1,1,2025-01-16 16:10:00.001,1,12344,0,128891.285,34935.151,105.900,95926.116,155660.958,49381.161
N,1,1,2025-01-16 16:15:00.010,1,12345,0,128891.384,34935.151,105.900,95926.351,155661.213,49381.161
N,1,1,2025-01-16 16:20:00.017,1,12346,0,128891.491,34935.151,105.900,95926.585,155661.471,49381.161
N,1,1,2025-01-16 16:25:00.006,1,12347,0,128891.717,34935.151,105.923,95926.776,155661.795,49381.161
N,1,1,2025-01-16 16:30:00.013,1,12348,0,128892.072,34935.151,105.923,95927.048,155662.242,49381.161
N,1,1,2025-01-16 16:35:00.010,1,12349,0,128892.467,34935.151,105.923,95927.332,155662.730,49381.161
N,1,1,2025-01-16 16:40:00.001,1,12350,0,128892.806,34935.151,105.923,95927.646,155663.193,49381.161
N,1,1,2025-01-16 16:45:00.020,1,12351,0,128893.279,34935.151,105.923,95927.927,155663.744,49381.161
N,1,1,2025-01-16 16:50:00.009,1,12352,0,128893.798,34935.151,105.923,95928.196,155664.328,49381.161
N,1,1,2025-01-16 16:55:00.011,1,12353,0,128894.355,34935.151,105.923,95928.467,155664.948,49381.161
N,1,1,2025-01-16 17:00:00.019,1,12354,0,128894.944,34935.151,105.923,95928.731,155665.594,49381.161
N,1,1,2025-01-16 17:05:00.012,1,12355,0,128895.586,34935.151,105.923,95929.006,155666.292,49381.161
N,1,1,2025-01-16 17:10:00.002,1,12356,0,128896.258,34935.151,105.924,95929.288,155667.021,49381.161
N,1,1,2025-01-16 17:15:00.026,1,12357,0,128896.943,34935.151,105.924,95929.571,155667.763,49381.161
N,1,1,2025-01-16 17:20:00.019,1,12358,0,128897.693,34935.151,105.924,95929.857,155668.566,49381.161
N,1,1,2025-01-16 17:25:00.019,1,12359,0,128898.745,34935.151,105.924,95930.142,155669.656,49381.161
N,1,1,2025-01-16 17:30:00.013,1,12360,0,128899.720,34935.151,105.924,95930.416,155670.669,49381.161
N,1,1,2025-01-16 17:35:00.006,1,12361,0,128900.529,34935.151,105.924,95930.688,155671.523,49381.161
N,1,1,2025-01-16 17:40:00.000,1,12362,0,128901.371,34935.151,105.924,95930.952,155672.405,49381.161
N,1,1,2025-01-16 17:45:00.012,1,12363,0,128902.244,34935.151,105.924,95931.214,155673.317,49381.161
N,1,1,2025-01-16 17:50:00.003,1,12364,0,128903.170,34935.151,105.924,95931.478,155674.280,49381.161
N,1,1,2025-01-16 17:55:00.014,1,12365,0,128904.347,34935.151,105.924,95931.757,155675.490,49381.161
N,1,1,2025-01-16 18:00:00.023,1,12366,0,128905.521,34935.151,105.924,95932.062,155676.703,49381.161
N,1,1,2025-01-16 18:05:00.009,1,12367,0,128906.475,34935.151,105.924,95932.359,155677.702,49381.161
N,1,1,2025-01-16 18:10:00.001,1,12368,0,128907.375,34935.151,105.924,95932.657,155678.650,49381.161
N,1,1,2025-01-16 18:15:00.008,1,12369,0,128908.368,34935.151,105.924,95932.956,155679.688,49381.161
N,1,1,2025-01-16 18:20:00.016,1,12370,0,128909.373,34935.151,105.924,95933.230,155680.730,49381.161
N,1,1,2025-01-16 18:25:00.016,1,12371,0,128910.607,34935.151,105.924,95933.500,155681.993,49381.161
N,1,1,2025-01-16 18:30:00.006,1,12372,0,128911.821,34935.151,105.924,95933.785,155683.240,49381.161
N,1,1,2025-01-16 18:35:00.017,1,12373,0,128913.070,34935.151,105.924,95934.097,155684.528,49381.161
N,1,1,2025-01-16 18:40:00.012,1,12374,0,128914.104,34935.151,105.924,95934.423,155685.613,49381.161
N,1,1,2025-01-16 18:45:00.009,1,12375,0,128915.055,34935.151,105.924,95934.758,155686.622,49381.161
N,1,1,2025-01-16 18:50:00.012,1,12376,0,128915.996,34935.151,105.924,95935.093,155687.620,49381.161
N,1,1,2025-01-16 18:55:00.010,1,12377,0,128916.963,34935.151,105.924,95935.418,155688.640,49381.161
N,1,1,2025-01-16 19:00:00.014,1,12378,0,128918.226,34935.151,105.924,95935.728,155689.941,49381.161
N,1,1,2025-01-16 19:05:00.008,1,12379,0,128919.461,34935.151,105.924,95936.039,155691.216,49381.161
N,1,1,2025-01-16 19:10:00.012,1,12380,0,128920.588,34935.151,105.924,95936.353,155692.386,49381.161
N,1,1,2025-01-16 19:15:00.013,1,12381,0,128921.790,34935.151,105.924,95936.672,155693.630,49381.161
N,1,1,2025-01-16 19:20:00.018,1,12382,0,128922.991,34935.151,105.924,95936.986,155694.871,49381.161
N,1,1,2025-01-16 19:25:00.001,1,12383,0,128924.234,34935.151,105.924,95937.311,155696.156,49381.161
N,1,1,2025-01-16 19:30:00.009,1,12384,0,128925.539,34935.151,105.924,95937.680,155697.512,49381.161
N,1,1,2025-01-16 19:35:00.018,1,12385,0,128926.887,34935.151,105.924,95938.036,155698.907,49381.161
N,1,1,2025-01-16 19:40:00.001,1,12386,0,128928.280,34935.151,105.924,95938.375,155700.341,49381.161
N,1,1,2025-01-16 19:45:00.008,1,12387,0,128930.034,34935.151,105.924,95938.705,155702.127,49381.161
N,1,1,2025-01-16 19:50:00.012,1,12388,0,128931.542,34935.151,105.924,95939.018,155703.667,49381.161
N,1,1,2025-01-16 19:55:00.010,1,12389,0,128933.107,34935.151,105.924,95939.327,155705.263,49381.161
N,1,1,2025-01-16 20:00:00.009,1,12390,0,128934.437,34935.151,105.924,95939.637,155706.629,49381.161
N,1,1,2025-01-16 20:05:00.000,1,12391,0,128936.263,34935.151,105.924,95939.956,155708.483,49381.161
N,1,1,2025-01-16 20:10:00.002,1,12392,0,128937.943,34935.151,105.924,95940.283,155710.194,49381.161
N,1,1,2025-01-16 20:15:00.012,1,12393,0,128939.496,34935.151,105.924,95940.614,155711.782,49381.161
N,1,1,2025-01-16 20:20:00.016,1,12394,0,128940.867,34935.151,105.924,95940.946,155713.194,49381.161
N,1,1,2025-01-16 20:25:00.006,1,12395,0,128942.048,34935.151,105.925,95941.250,155714.415,49381.161
N,1,1,2025-01-16 20:30:00.006,1,12396,0,128943.212,34935.151,105.926,95941.519,155715.618,49381.161
N,1,1,2025-01-16 20:35:00.004,1,12397,0,128944.409,34935.151,105.926,95941.867,155716.865,49381.161
N,1,1,2025-01-16 20:40:00.003,1,12398,0,128945.899,34935.151,105.926,95942.224,155718.398,49381.161
N,1,1,2025-01-16 20:45:00.017,1,12399,0,128947.470,34935.151,105.926,95942.585,155720.010,49381.161
N,1,1,2025-01-16 20:50:00.004,1,12400,0,128948.984,34935.151,105.926,95942.946,155721.567,49381.161
N,1,1,2025-01-16 20:55:00.016,1,12401,0,128950.235,34935.151,105.926,95943.308,155722.870,49381.161
N,1,1,2025-01-16 21:00:00.020,1,12402,0,128951.951,34935.151,105.926,95943.658,155724.621,49381.161
N,1,1,2025-01-16 21:05:00.001,1,12403,0,128953.365,34935.151,105.926,95944.023,155726.082,49381.161
N,1,1,2025-01-16 21:10:00.012,1,12404,0,128954.986,34935.151,105.926,95944.378,155727.741,49381.161
N,1,1,2025-01-16 21:15:00.011,1,12405,0,128956.114,34935.151,105.926,95944.712,155728.918,49381.161
N,1,1,2025-01-16 21:20:00.005,1,12406,0,128957.203,34935.151,105.926,95945.058,155730.062,49381.161
N,1,1,2025-01-16 21:25:00.015,1,12407,0,128958.510,34935.151,105.926,95945.409,155731.415,49381.161
N,1,1,2025-01-16 20:05:00.000,1,12391,0,128936.263,34935.151,105.924,95939.956,155708.483,49381.161
N,1,1,2025-01-16 20:10:00.002,1,12392,0,128937.943,34935.151,105.924,95940.283,155710.194,49381.161
N,1,1,2025-01-16 20:15:00.012,1,12393,0,128939.496,34935.151,105.924,95940.614,155711.782,49381.161
N,1,1,2025-01-16 20:20:00.016,1,12394,0,128940.867,34935.151,105.924,95940.946,155713.194,49381.161
N,1,1,2025-01-16 20:25:00.006,1,12395,0,128942.048,34935.151,105.925,95941.250,155714.415,49381.161
N,1,1,2025-01-16 20:30:00.006,1,12396,0,128943.212,34935.151,105.926,95941.519,155715.618,49381.161
N,1,1,2025-01-16 20:35:00.004,1,12397,0,128944.409,34935.151,105.926,95941.867,155716.865,49381.161
N,1,1,2025-01-16 20:40:00.003,1,12398,0,128945.899,34935.151,105.926,95942.224,155718.398,49381.161
N,1,1,2025-01-16 20:45:00.017,1,12399,0,128947.470,34935.151,105.926,95942.585,155720.010,49381.161
N,1,1,2025-01-16 20:50:00.004,1,12400,0,128948.984,34935.151,105.926,95942.946,155721.567,49381.161
N,1,1,2025-01-16 20:55:00.016,1,12401,0,128950.235,34935.151,105.926,95943.308,155722.870,49381.161
N,1,1,2025-01-16 21:00:00.020,1,12402,0,128951.951,34935.151,105.926,95943.658,155724.621,49381.161
N,1,1,2025-01-16 21:05:00.001,1,12403,0,128953.365,34935.151,105.926,95944.023,155726.082,49381.161
N,1,1,2025-01-16 21:10:00.012,1,12404,0,128954.986,34935.151,105.926,95944.378,155727.741,49381.161
N,1,1,2025-01-16 21:15:00.011,1,12405,0,128956.114,34935.151,105.926,95944.712,155728.918,49381.161
N,1,1,2025-01-16 21:20:00.005,1,12406,0,128957.203,34935.151,105.926,95945.058,155730.062,49381.161
N,1,1,2025-01-16 21:25:00.015,1,12407,0,128958.510,34935.151,105.926,95945.409,155731.415,49381.161
N,1,1,2025-01-16 21:30:00.011,1,12408,0,128959.908,34935.151,105.926,95945.759,155732.857,49381.161
N,1,1,2025-01-16 21:35:00.014,1,12409,0,128960.887,34935.151,105.926,95946.114,155733.898,49381.161
N,1,1,2025-01-16 21:40:00.016,1,12410,0,128961.777,34935.151,105.926,95946.455,155734.852,49381.161
N,1,1,2025-01-16 21:45:00.017,1,12411,0,128962.728,34935.151,105.926,95946.782,155735.858,49381.161
N,1,1,2025-01-16 21:50:00.005,1,12412,0,128963.931,34935.151,105.926,95947.105,155737.104,49381.161
N,1,1,2025-01-16 21:55:00.007,1,12413,0,128965.264,34935.151,105.926,95947.423,155738.474,49381.161
N,1,1,2025-01-16 22:00:00.003,1,12414,0,128966.496,34935.151,105.926,95947.732,155739.745,49381.161
N,1,1,2025-01-16 22:05:00.013,1,12415,0,128967.494,34935.151,105.926,95948.036,155740.789,49381.161
N,1,1,2025-01-16 22:10:00.015,1,12416,0,128968.497,34935.151,105.926,95948.330,155741.834,49381.161
N,1,1,2025-01-16 22:15:00.007,1,12417,0,128969.263,34935.151,105.926,95948.613,155742.651,49381.161
N,1,1,2025-01-16 22:20:00.017,1,12418,0,128970.381,34935.151,105.926,95948.905,155743.808,49381.161
N,1,1,2025-01-16 22:25:00.017,1,12419,0,128971.996,34935.151,105.926,95949.206,155745.451,49381.161
N,1,1,2025-01-16 22:30:00.004,1,12420,0,128973.210,34935.151,105.926,95949.508,155746.703,49381.161
N,1,1,2025-01-16 22:35:00.018,1,12421,0,128973.960,34935.151,105.926,95949.796,155747.507,49381.161
N,1,1,2025-01-16 22:40:00.011,1,12422,0,128974.603,34935.151,105.926,95950.077,155748.209,49381.161
N,1,1,2025-01-16 22:45:00.012,1,12423,0,128975.123,34935.151,105.926,95950.350,155748.797,49381.161
N,1,1,2025-01-16 22:50:00.005,1,12424,0,128975.608,34935.151,105.926,95950.627,155749.357,49381.161
N,1,1,2025-01-16 22:55:00.015,1,12425,0,128976.062,34935.151,105.926,95950.911,155749.893,49381.161
N,1,1,2025-01-16 23:00:00.017,1,12426,0,128976.699,34935.151,105.926,95951.201,155750.594,49381.161
N,1,1,2025-01-16 23:05:00.019,1,12427,0,128977.226,34935.151,105.926,95951.490,155751.199,49381.161
N,1,1,2025-01-16 23:10:00.007,1,12428,0,128977.630,34935.151,105.926,95951.783,155751.698,49381.161
N,1,1,2025-01-16 23:15:00.013,1,12429,0,128978.003,34935.151,105.926,95952.076,155752.172,49381.161
N,1,1,2025-01-16 23:20:00.014,1,12430,0,128978.316,34935.151,105.926,95952.360,155752.596,49381.161
N,1,1,2025-01-16 23:25:00.003,1,12431,0,128978.540,34935.151,105.926,95952.642,155752.957,49381.161
N,1,1,2025-01-16 23:30:00.014,1,12432,0,128978.804,34935.151,105.926,95952.932,155753.351,49381.161
N,1,1,2025-01-16 23:35:00.000,1,12433,0,128979.019,34935.151,105.926,95953.222,155753.712,49381.161
N,1,1,2025-01-16 23:40:00.003,1,12434,0,128979.128,34935.151,105.926,95953.494,155754.005,49381.161
N,1,1,2025-01-16 23:45:00.005,1,12435,0,128979.204,34935.151,105.926,95953.760,155754.282,49381.161
N,1,1,2025-01-16 23:50:00.014,1,12436,0,128979.539,34935.151,105.926,95954.024,155754.713,49381.161
N,1,1,2025-01-16 23:55:00.002,1,12437,0,128979.881,34935.151,105.926,95954.283,155755.142,49381.161
N,1,1,2025-01-17 00:00:00.016,1,12438,0,128979.988,34935.151,105.926,95954.532,155755.421,49381.161
N,1,1,2025-01-17 00:05:00.005,1,12439,0,128980.081,34935.151,105.926,95954.773,155755.679,49381.161
N,1,1,2025-01-17 00:10:00.002,1,12440,0,128980.232,34935.151,105.926,95955.020,155755.970,49381.161
N,1,1,2025-01-17 00:15:00.037,1,12441,0,128980.357,34935.151,105.926,95955.263,155756.243,49381.161
N,1,1,2025-01-17 00:20:00.013,1,12442,0,128980.452,34935.151,105.926,95955.506,155756.504,49381.161
N,1,1,2025-01-17 00:25:00.007,1,12443,0,128980.529,34935.151,105.926,95955.754,155756.764,49381.161
N,1,1,2025-01-17 00:30:00.031,1,12444,0,128980.575,34935.151,105.926,95956.004,155757.018,49381.161
N,1,1,2025-01-17 00:35:00.012,1,12445,0,128980.614,34935.151,105.926,95956.255,155757.272,49381.161
N,1,1,2025-01-17 00:40:00.006,1,12446,0,128980.685,34935.151,105.926,95956.503,155757.531,49381.161
N,1,1,2025-01-17 00:45:00.021,1,12447,0,128980.836,34935.151,105.926,95956.752,155757.826,49381.161
N,1,1,2025-01-17 00:50:00.014,1,12448,0,128980.988,34935.151,105.926,95957.001,155758.118,49381.161
N,1,1,2025-01-17 00:55:00.019,1,12449,0,128981.122,34935.151,105.926,95957.255,155758.406,49381.161
N,1,1,2025-01-17 01:00:00.010,1,12450,0,128981.277,34935.151,105.926,95957.506,155758.700,49381.161
N,1,1,2025-01-17 01:05:00.002,1,12451,0,128981.421,34935.151,105.926,95957.765,155758.997,49381.161
N,1,1,2025-01-17 01:10:00.013,1,12452,0,128981.544,34935.151,105.926,95958.030,155759.290,49381.161
N,1,1,2025-01-17 01:15:00.014,1,12453,0,128981.681,34935.151,105.926,95958.302,155759.594,49381.161
N,1,1,2025-01-17 01:20:00.010,1,12454,0,128981.851,34935.151,105.926,95958.570,155759.912,49381.161
N,1,1,2025-01-17 01:25:00.004,1,12455,0,128982.020,34935.151,105.926,95958.823,155760.218,49381.161
N,1,1,2025-01-17 01:30:00.005,1,12456,0,128982.149,34935.151,105.926,95959.071,155760.497,49381.161
N,1,1,2025-01-17 01:35:00.003,1,12457,0,128982.414,34935.151,105.926,95959.323,155760.864,49381.161
N,1,1,2025-01-17 01:40:00.012,1,12458,0,128982.588,34935.151,105.926,95959.577,155761.175,49381.161
N,1,1,2025-01-17 01:45:00.024,1,12459,0,128982.781,34935.151,105.926,95959.838,155761.504,49381.161
N,1,1,2025-01-17 01:50:00.000,1,12460,0,128982.942,34935.151,105.926,95960.103,155761.815,49381.161
N,1,1,2025-01-17 01:55:00.014,1,12461,0,128983.111,34935.151,105.926,95960.366,155762.128,49381.161
N,1,1,2025-01-17 02:00:00.001,1,12462,0,128983.282,34935.151,105.926,95960.631,155762.443,49381.161
N,1,1,2025-01-17 02:05:00.008,1,12463,0,128983.462,34935.151,105.926,95960.893,155762.762,49381.161
N,1,1,2025-01-17 02:10:00.008,1,12464,0,128983.668,34935.151,105.926,95961.154,155763.094,49381.161
N,1,1,2025-01-17 02:15:00.010,1,12465,0,128983.897,34935.151,105.926,95961.410,155763.438,49381.161
N,1,1,2025-01-17 02:20:00.015,1,12466,0,128984.220,34935.151,105.926,95961.672,155763.855,49381.161
N,1,1,2025-01-17 02:25:00.007,1,12467,0,128984.772,34935.151,105.926,95961.936,155764.476,49381.161
N,1,1,2025-01-17 02:30:00.024,1,12468,0,128985.681,34935.151,105.926,95962.211,155765.425,49381.161
N,1,1,2025-01-17 02:35:00.010,1,12469,0,128986.618,34935.151,105.926,95962.486,155766.403,49381.161
N,1,1,2025-01-17 02:40:00.005,1,12470,0,128987.246,34935.151,105.926,95962.754,155767.085,49381.161
N,1,1,2025-01-17 02:45:00.020,1,12471,0,128987.860,34935.151,105.926,95963.023,155767.756,49381.161
N,1,1,2025-01-17 02:50:00.004,1,12472,0,128988.481,34935.151,105.926,95963.290,155768.432,49381.161
N,1,1,2025-01-17 02:55:00.015,1,12473,0,128989.069,34935.151,105.926,95963.563,155769.081,49381.161
N,1,1,2025-01-17 03:00:00.004,1,12474,0,128989.652,34935.151,105.926,95963.838,155769.725,49381.161
N,1,1,2025-01-17 03:05:00.010,1,12475,0,128990.203,34935.151,105.926,95964.099,155770.334,49381.161
N,1,1,2025-01-17 03:10:00.007,1,12476,0,128990.744,34935.151,105.926,95964.368,155770.939,49381.161
N,1,1,2025-01-17 03:15:00.007,1,12477,0,128991.299,34935.151,105.926,95964.632,155771.554,49381.161
N,1,1,2025-01-17 03:20:00.014,1,12478,0,128991.870,34935.151,105.926,95964.894,155772.183,49381.161
N,1,1,2025-01-17 03:25:00.016,1,12479,0,128992.444,34935.151,105.926,95965.158,155772.814,49381.161
N,1,1,2025-01-17 03:30:00.018,1,12480,0,128992.880,34935.151,105.926,95965.414,155773.321,49381.161
N,1,1,2025-01-17 03:35:00.010,1,12481,0,128993.270,34935.151,105.926,95965.673,155773.789,49381.161
N,1,1,2025-01-17 03:40:00.017,1,12482,0,128993.662,34935.151,105.926,95965.930,155774.259,49381.161
N,1,1,2025-01-17 03:45:00.000,1,12483,0,128994.346,34935.151,105.926,95966.185,155774.990,49381.161
N,1,1,2025-01-17 03:50:00.001,1,12484,0,128994.940,34935.151,105.926,95966.425,155775.632,49381.161
N,1,1,2025-01-17 03:55:00.003,1,12485,0,128995.556,34935.151,105.926,95966.675,155776.300,49381.161
N,1,1,2025-01-17 04:00:00.021,1,12486,0,128996.325,34935.151,105.926,95966.927,155777.108,49381.161
N,1,1,2025-01-17 04:05:00.006,1,12487,0,128996.953,34935.151,105.926,95967.183,155777.792,49381.161
N,1,1,2025-01-17 04:10:00.008,1,12488,0,128997.413,34935.151,105.926,95967.436,155778.318,49381.161
N,1,1,2025-01-17 04:15:00.012,1,12489,0,128997.948,34935.151,105.926,95967.683,155778.909,49381.161
N,1,1,2025-01-17 04:20:00.002,1,12490,0,128998.434,34935.151,105.926,95967.920,155779.456,49381.161
N,1,1,2025-01-17 04:25:00.013,1,12491,0,128998.600,34935.151,105.926,95968.160,155779.749,49381.161
N,1,1,2025-01-17 04:30:00.009,1,12492,0,128998.753,34935.151,105.926,95968.401,155780.035,49381.161
N,1,1,2025-01-17 04:35:00.014,1,12493,0,128998.888,34935.151,105.926,95968.651,155780.319,49381.161
N,1,1,2025-01-17 04:40:00.018,1,12494,0,128999.038,34935.151,105.926,95968.903,155780.613,49381.161
N,1,1,2025-01-17 04:45:00.016,1,12495,0,128999.199,34935.151,105.926,95969.146,155780.904,49381.161
N,1,1,2025-01-17 04:50:00.004,1,12496,0,128999.375,34935.151,105.926,95969.393,155781.209,49381.161
N,1,1,2025-01-17 04:55:00.003,1,12497,0,128999.544,34935.151,105.926,95969.637,155781.507,49381.161
N,1,1,2025-01-17 05:00:00.021,1,12498,0,128999.995,34935.151,105.926,95969.888,155782.024,49381.161
N,1,1,2025-01-17 05:05:00.003,1,12499,0,129000.447,34935.151,105.926,95970.141,155782.542,49381.161
N,1,1,2025-01-17 05:10:00.010,1,12500,0,129000.855,34935.151,105.926,95970.390,155783.026,49381.161
N,1,1,2025-01-17 05:15:00.012,1,12501,0,129001.400,34935.151,105.926,95970.646,155783.629,49381.161
N,1,1,2025-01-17 05:20:00.013,1,12502,0,129001.879,34935.151,105.926,95970.913,155784.178,49381.161
N,1,1,2025-01-17 05:25:00.008,1,12503,0,129002.029,34935.151,105.926,95971.170,155784.477,49381.161
N,1,1,2025-01-17 05:30:00.015,1,12504,0,129002.187,34935.151,105.926,95971.426,155784.780,49381.161
N,1,1,2025-01-17 05:35:00.003,1,12505,0,129002.338,34935.151,105.926,95971.678,155785.074,49381.161
N,1,1,2025-01-17 05:40:00.012,1,12506,0,129002.495,34935.151,105.926,95971.921,155785.363,49381.161
N,1,1,2025-01-17 05:45:00.006,1,12507,0,129002.664,34935.151,105.926,95972.158,155785.655,49381.161
N,1,1,2025-01-17 05:50:00.001,1,12508,0,129002.882,34935.151,105.926,95972.395,155785.977,49381.161
N,1,1,2025-01-17 05:55:00.004,1,12509,0,129003.103,34935.151,105.926,95972.617,155786.291,49381.161
N,1,1,2025-01-17 06:00:00.013,1,12510,0,129003.319,34935.151,105.926,95972.844,155786.606,49381.161
N,1,1,2025-01-17 06:05:00.001,1,12511,0,129003.576,34935.151,105.926,95973.075,155786.956,49381.161
N,1,1,2025-01-17 06:10:00.005,1,12512,0,129003.764,34935.151,105.927,95973.293,155787.247,49381.161
N,1,1,2025-01-17 06:15:00.006,1,12513,0,129004.077,34935.151,105.927,95973.516,155787.636,49381.161
N,1,1,2025-01-17 06:20:00.015,1,12514,0,129004.392,34935.151,105.927,95973.733,155788.022,49381.161
N,1,1,2025-01-17 06:25:00.018,1,12515,0,129005.025,34935.151,105.927,95973.960,155788.700,49381.161
N,1,1,2025-01-17 06:30:00.019,1,12516,0,129005.708,34935.151,105.927,95974.186,155789.426,49381.161
N,1,1,2025-01-17 06:35:00.003,1,12517,0,129005.902,34935.151,105.927,95974.401,155789.717,49381.161
N,1,1,2025-01-17 06:40:00.007,1,12518,0,129006.354,34935.151,105.927,95974.625,155790.222,49381.161
N,1,1,2025-01-17 06:45:00.015,1,12519,0,129006.812,34935.151,105.927,95974.852,155790.733,49381.161
N,1,1,2025-01-17 06:50:00.019,1,12520,0,129007.293,34935.151,105.927,95975.083,155791.268,49381.161
N,1,1,2025-01-17 06:55:00.010,1,12521,0,129007.577,34935.151,105.927,95975.314,155791.648,49381.161
N,1,1,2025-01-17 07:00:00.017,1,12522,0,129007.651,34935.151,105.927,95975.540,155791.888,49381.161
N,1,1,2025-01-17 07:05:00.012,1,12523,0,129007.773,34935.151,105.927,95975.772,155792.152,49381.161
N,1,1,2025-01-17 07:10:00.017,1,12524,0,129008.119,34935.151,105.927,95976.008,155792.581,49381.161
N,1,1,2025-01-17 07:15:00.018,1,12525,0,129008.542,34935.151,105.927,95976.243,155793.071,49381.161
N,1,1,2025-01-17 07:20:00.006,1,12526,0,129009.118,34935.151,105.927,95976.484,155793.701,49381.161
N,1,1,2025-01-17 07:25:00.018,1,12527,0,129009.771,34935.151,105.927,95976.727,155794.397,49381.161
N,1,1,2025-01-17 07:30:00.020,1,12528,0,129010.411,34935.151,105.927,95976.976,155795.084,49381.161
N,1,1,2025-01-17 07:35:00.007,1,12529,0,129010.704,34935.151,105.927,95977.221,155795.483,49381.161
N,1,1,2025-01-17 07:40:00.008,1,12530,0,129010.877,34935.151,105.927,95977.455,155795.779,49381.161
N,1,1,2025-01-17 07:45:00.010,1,12531,0,129011.030,34935.151,105.927,95977.679,155796.063,49381.161
N,1,1,2025-01-17 07:50:00.006,1,12532,0,129011.268,34935.151,105.927,95977.903,155796.392,49381.161
N,1,1,2025-01-17 07:55:00.018,1,12533,0,129011.395,34935.151,105.927,95978.126,155796.649,49381.161
N,1,1,2025-01-17 08:00:00.007,1,12534,0,129011.916,34935.151,105.927,95978.353,155797.231,49381.161
N,1,1,2025-01-17 08:05:00.007,1,12535,0,129012.741,34935.151,105.927,95978.585,155798.088,49381.161
N,1,1,2025-01-17 08:10:00.005,1,12536,0,129013.548,34935.151,105.927,95978.820,155798.928,49381.161
N,1,1,2025-01-17 08:15:00.014,1,12537,0,129014.398,34935.151,105.927,95979.055,155799.811,49381.161
N,1,1,2025-01-17 08:20:00.006,1,12538,0,129015.521,34935.151,105.927,95979.286,155800.958,49381.161
N,1,1,2025-01-17 08:25:00.013,1,12539,0,129016.534,34935.151,105.927,95979.514,155801.997,49381.161
N,1,1,2025-01-17 08:30:00.011,1,12540,0,129017.253,34935.151,105.927,95979.724,155802.746,49381.161
N,1,1,2025-01-17 08:35:00.006,1,12541,0,129017.906,34935.151,105.927,95979.943,155803.435,49381.161
N,1,1,2025-01-17 08:40:00.006,1,12542,0,129018.633,34935.151,105.927,95980.167,155804.196,49381.161
N,1,1,2025-01-17 08:45:00.003,1,12543,0,129019.123,34935.151,105.927,95980.374,155804.733,49381.161
N,1,1,2025-01-17 08:50:00.011,1,12544,0,129019.344,34935.151,105.927,95980.575,155805.038,49381.161
N,1,1,2025-01-17 08:55:00.001,1,12545,0,129019.687,34935.151,105.927,95980.786,155805.445,49381.161
N,1,1,2025-01-17 09:00:00.013,1,12546,0,129019.939,34935.151,105.927,95981.002,155805.778,49381.161
N,1,1,2025-01-17 09:05:00.012,1,12547,0,129020.172,34935.151,105.927,95981.225,155806.102,49381.161
N,1,1,2025-01-17 09:10:00.005,1,12548,0,129020.416,34935.151,105.927,95981.448,155806.433,49381.161
N,1,1,2025-01-17 09:15:00.008,1,12549,0,129020.670,34935.151,105.927,95981.664,155806.768,49381.161
N,1,1,2025-01-17 09:20:00.004,1,12550,0,129020.902,34935.151,105.927,95981.880,155807.086,49381.161
N,1,1,2025-01-17 09:25:00.018,1,12551,0,129021.146,34935.151,105.927,95982.102,155807.416,49381.161
N,1,1,2025-01-17 09:30:00.005,1,12552,0,129021.461,34935.151,105.927,95982.326,155807.804,49381.161
N,1,1,2025-01-17 09:35:00.007,1,12553,0,129021.757,34935.151,105.927,95982.556,155808.178,49381.161
N,1,1,2025-01-17 09:40:00.000,1,12554,0,129022.083,34935.151,105.927,95982.797,155808.585,49381.161
N,1,1,2025-01-17 09:45:00.020,1,12555,0,129022.488,34935.151,105.927,95983.053,155809.064,49381.161
N,1,1,2025-01-17 09:50:00.002,1,12556,0,129022.893,34935.151,105.927,95983.309,155809.543,49381.161
N,1,1,2025-01-17 09:55:00.002,1,12557,0,129023.238,34935.151,105.927,95983.558,155809.969,49381.161
N,1,1,2025-01-17 10:00:00.000,1,12558,0,129023.555,34935.151,105.927,95983.811,155810.374,49381.161
N,1,1,2025-01-17 10:05:00.014,1,12559,0,129023.815,34935.151,105.927,95984.061,155810.735,49381.161
N,1,1,2025-01-17 10:10:00.017,1,12560,0,129024.068,34935.151,105.927,95984.311,155811.091,49381.161
N,1,1,2025-01-17 10:15:00.006,1,12561,0,129024.311,34935.151,105.927,95984.559,155811.439,49381.161
N,1,1,2025-01-17 10:20:00.013,1,12562,0,129024.515,34935.151,105.927,95984.810,155811.762,49381.161
N,1,1,2025-01-17 10:25:00.009,1,12563,0,129024.802,34935.151,105.927,95985.060,155812.145,49381.161
N,1,1,2025-01-17 10:30:00.001,1,12564,0,129025.211,34935.151,105.927,95985.308,155812.627,49381.161
N,1,1,2025-01-17 10:35:00.015,1,12565,0,129025.453,34935.151,105.927,95985.551,155812.970,49381.161
N,1,1,2025-01-17 10:40:00.005,1,12566,0,129025.763,34935.151,105.927,95985.793,155813.364,49381.161
N,1,1,2025-01-17 10:45:00.014,1,12567,0,129026.096,34935.151,105.927,95986.036,155813.776,49381.161
N,1,1,2025-01-17 10:50:00.002,1,12568,0,129026.489,34935.151,105.927,95986.276,155814.237,49381.161
N,1,1,2025-01-17 10:55:00.011,1,12569,0,129026.951,34935.151,105.927,95986.517,155814.761,49381.161
N,1,1,2025-01-17 11:00:00.009,1,12570,0,129027.597,34935.151,105.927,95986.767,155815.455,49381.161
N,1,1,2025-01-17 11:05:00.012,1,12571,0,129028.264,34935.151,105.927,95987.027,155816.184,49381.161
N,1,1,2025-01-17 11:10:00.017,1,12572,0,129028.334,34935.151,105.927,95987.282,155816.451,49381.161
N,1,1,2025-01-17 11:15:00.011,1,12573,0,129028.361,34935.157,105.927,95987.536,155816.605,49381.266
N,1,1,2025-01-17 11:20:00.014,1,12574,0,129028.404,34935.158,105.927,95987.782,155816.841,49381.281
N,1,1,2025-01-17 11:25:00.016,1,12575,0,129028.649,34935.158,105.927,95988.006,155817.186,49381.281
N,1,1,2025-01-17 11:30:00.013,1,12576,0,129029.012,34935.158,105.927,95988.218,155817.607,49381.281
N,1,1,2025-01-17 11:35:00.012,1,12577,0,129029.161,34935.158,105.927,95988.452,155817.886,49381.281
N,1,1,2025-01-17 11:40:00.017,1,12578,0,129029.476,34935.158,105.927,95988.699,155818.308,49381.281
N,1,1,2025-01-17 11:45:00.000,1,12579,0,129030.074,34935.158,105.927,95988.958,155818.962,49381.281
N,1,1,2025-01-17 11:50:00.005,1,12580,0,129030.235,34935.158,105.927,95989.211,155819.261,49381.296
N,1,1,2025-01-17 11:55:00.013,1,12581,0,129030.406,34935.158,105.927,95989.465,155819.568,49381.296
N,1,1,2025-01-17 12:00:00.007,1,12582,0,129030.430,34935.207,105.927,95989.709,155819.684,49381.445
N,1,1,2025-01-17 12:05:00.010,1,12583,0,129030.467,34935.207,105.927,95989.960,155819.937,49381.448
N,1,1,2025-01-17 12:10:00.011,1,12584,0,129030.631,34935.207,105.927,95990.211,155820.238,49381.448
N,1,1,2025-01-17 12:15:00.014,1,12585,0,129030.842,34935.207,105.927,95990.464,155820.569,49381.448
N,1,1,2025-01-17 12:20:00.014,1,12586,0,129031.141,34935.207,105.927,95990.720,155820.967,49381.448
N,1,1,2025-01-17 12:25:00.018,1,12587,0,129031.344,34935.207,105.927,95990.981,155821.298,49381.448
N,1,1,2025-01-17 12:30:00.003,1,12588,0,129031.640,34935.207,105.927,95991.237,155821.690,49381.448
N,1,1,2025-01-17 12:35:00.003,1,12589,0,129031.765,34935.207,105.927,95991.492,155821.980,49381.448
N,1,1,2025-01-17 12:40:00.006,1,12590,0,129031.863,34935.207,105.927,95991.737,155822.250,49381.448
N,1,1,2025-01-17 12:45:00.001,1,12591,0,129031.948,34935.207,105.927,95991.997,155822.525,49381.464
N,1,1,2025-01-17 12:50:00.010,1,12592,0,129032.456,34935.207,105.927,95992.262,155823.098,49381.464
N,1,1,2025-01-17 12:55:00.003,1,12593,0,129032.922,34935.207,105.927,95992.521,155823.636,49381.464
N,1,1,2025-01-17 13:00:00.022,1,12594,0,129033.213,34935.207,105.927,95992.784,155824.028,49381.464
N,1,1,2025-01-17 13:05:00.001,1,12595,0,129033.534,34935.207,105.927,95993.051,155824.447,49381.464
N,1,1,2025-01-17 13:10:00.015,1,12596,0,129033.948,34935.207,105.927,95993.324,155824.944,49381.464
N,1,1,2025-01-17 13:15:00.012,1,12597,0,129034.222,34935.207,105.927,95993.594,155825.328,49381.464
N,1,1,2025-01-17 13:20:00.016,1,12598,0,129034.418,34935.207,105.927,95993.861,155825.661,49381.464
N,1,1,2025-01-17 13:25:00.008,1,12599,0,129034.742,34935.207,105.927,95994.124,155826.079,49381.464
N,1,1,2025-01-17 13:30:00.014,1,12600,0,129035.122,34935.207,105.927,95994.381,155826.544,49381.464
N,1,1,2025-01-17 13:35:00.003,1,12601,0,129035.393,34935.240,105.927,95994.639,155826.887,49381.545
N,1,1,2025-01-17 13:40:00.003,1,12602,0,129035.442,34935.287,105.927,95994.899,155827.068,49381.649
N,1,1,2025-01-17 13:45:00.002,1,12603,0,129035.533,34935.288,105.927,95995.167,155827.353,49381.650
N,1,1,2025-01-17 13:50:00.012,1,12604,0,129035.751,34935.288,105.927,95995.442,155827.705,49381.650
N,1,1,2025-01-17 13:55:00.014,1,12605,0,129035.953,34935.288,105.927,95995.716,155828.045,49381.650
N,1,1,2025-01-17 14:00:00.014,1,12606,0,129036.142,34935.293,105.927,95995.987,155828.371,49381.660
N,1,1,2025-01-17 14:05:00.009,1,12607,0,129036.335,34935.293,105.927,95996.262,155828.709,49381.660
N,1,1,2025-01-17 14:10:00.019,1,12608,0,129036.393,34935.293,105.927,95996.529,155828.985,49381.660
N,1,1,2025-01-17 14:15:00.013,1,12609,0,129036.510,34935.293,105.927,95996.796,155829.278,49381.660
N,1,1,2025-01-17 14:20:00.013,1,12610,0,129036.630,34935.305,105.927,95997.064,155829.543,49381.708
N,1,1,2025-01-17 14:25:00.008,1,12611,0,129036.966,34935.307,105.927,95997.339,155829.979,49381.714
N,1,1,2025-01-17 14:30:00.009,1,12612,0,129037.136,34935.321,105.927,95997.610,155830.303,49381.743
N,1,1,2025-01-17 14:35:00.007,1,12613,0,129037.358,34935.323,105.927,95997.892,155830.665,49381.759
N,1,1,2025-01-17 14:40:00.003,1,12614,0,129037.601,34935.323,105.927,95998.173,155831.044,49381.759
N,1,1,2025-01-17 14:45:00.009,1,12615,0,129037.859,34935.323,105.927,95998.449,155831.423,49381.759
N,1,1,2025-01-17 14:50:00.001,1,12616,0,129038.132,34935.323,105.927,95998.724,155831.811,49381.759
N,1,1,2025-01-17 14:55:00.004,1,12617,0,129038.293,34935.323,105.927,95998.983,155832.120,49381.759
N,1,1,2025-01-17 15:00:00.013,1,12618,0,129038.336,34935.441,105.927,95999.244,155832.303,49381.912
N,1,1,2025-01-17 15:05:00.010,1,12619,0,129038.361,34935.453,105.927,95999.510,155832.465,49382.021
N,1,1,2025-01-17 15:10:00.009,1,12620,0,129038.369,34935.465,105.927,95999.783,155832.627,49382.134
N,1,1,2025-01-17 15:15:00.009,1,12621,0,129038.450,34935.466,105.927,96000.054,155832.892,49382.156
N,1,1,2025-01-17 15:20:00.017,1,12622,0,129038.553,34935.466,105.927,96000.325,155833.186,49382.156
N,1,1,2025-01-17 15:25:00.012,1,12623,0,129038.578,34935.468,105.927,96000.594,155833.404,49382.210
N,1,1,2025-01-17 15:30:00.000,1,12624,0,129038.605,34935.509,105.927,96000.857,155833.534,49382.357
N,1,1,2025-01-17 15:35:00.012,1,12625,0,129038.623,34935.536,105.927,96001.111,155833.652,49382.502
N,1,1,2025-01-17 15:40:00.006,1,12626,0,129038.657,34935.710,105.927,96001.367,155833.742,49382.774
N,1,1,2025-01-17 15:45:00.019,1,12627,0,129038.692,34935.968,105.927,96001.625,155833.819,49383.104
N,1,1,2025-01-17 15:50:00.004,1,12628,0,129038.744,34935.979,105.927,96001.886,155833.999,49383.196
N,1,1,2025-01-17 15:55:00.010,1,12629,0,129038.745,34936.023,105.927,96002.143,155834.021,49383.447
N,1,1,2025-01-17 16:00:00.012,1,12630,0,129038.925,34936.099,105.927,96002.406,155834.279,49383.575
N,1,1,2025-01-17 16:05:00.003,1,12631,0,129039.402,34936.099,105.927,96002.669,155834.827,49383.575
N,1,1,2025-01-17 16:10:00.009,1,12632,0,129039.480,34936.219,105.927,96002.921,155834.948,49383.785
N,1,1,2025-01-17 16:15:00.019,1,12633,0,129039.930,34936.219,105.927,96003.179,155835.491,49383.785
N,1,1,2025-01-17 16:20:00.010,1,12634,0,129040.329,34936.240,105.927,96003.431,155835.955,49383.829
N,1,1,2025-01-17 16:25:00.006,1,12635,0,129040.441,34936.394,105.927,96003.671,155836.103,49384.052
N,1,1,2025-01-17 16:30:00.003,1,12636,0,129040.479,34936.450,105.927,96003.904,155836.210,49384.204
N,1,1,2025-01-17 16:35:00.006,1,12637,0,129040.507,34936.558,105.927,96004.132,155836.314,49384.383
N,1,1,2025-01-17 16:40:00.012,1,12638,0,129040.520,34936.701,105.927,96004.363,155836.366,49384.626
N,1,1,2025-01-17 16:45:00.009,1,12639,0,129040.581,34936.772,105.927,96004.598,155836.526,49384.748
N,1,1,2025-01-17 16:50:00.008,1,12640,0,129040.647,34936.830,105.927,96004.834,155836.639,49384.918
N,1,1,2025-01-17 16:55:00.019,1,12641,0,129040.664,34936.841,105.927,96005.080,155836.774,49385.032
N,1,1,2025-01-17 17:00:00.015,1,12642,0,129040.807,34936.883,105.951,96005.267,155836.957,49385.161
N,1,1,2025-01-17 17:05:00.014,1,12643,0,129040.846,34936.904,105.951,96005.511,155837.100,49385.279
N,1,1,2025-01-17 17:10:00.000,1,12644,0,129040.959,34936.940,105.951,96005.770,155837.282,49385.419
N,1,1,2025-01-17 17:15:00.009,1,12645,0,129041.011,34936.991,105.951,96006.030,155837.441,49385.547
N,1,1,2025-01-17 17:20:00.008,1,12646,0,129041.498,34936.991,105.951,96006.296,155837.997,49385.547
N,1,1,2025-01-17 17:25:00.014,1,12647,0,129041.805,34936.991,105.951,96006.565,155838.418,49385.547
N,1,1,2025-01-17 17:30:00.002,1,12648,0,129042.027,34936.998,105.951,96006.833,155838.740,49385.591
N,1,1,2025-01-17 17:35:00.018,1,12649,0,129042.042,34937.013,105.951,96007.102,155838.859,49385.746
N,1,1,2025-01-17 17:40:00.001,1,12650,0,129042.156,34937.014,105.951,96007.370,155839.132,49385.781
N,1,1,2025-01-17 17:45:00.018,1,12651,0,129042.354,34937.014,105.951,96007.643,155839.477,49385.781
N,1,1,2025-01-17 17:50:00.015,1,12652,0,129042.539,34937.014,105.951,96007.925,155839.818,49385.781
N,1,1,2025-01-17 17:55:00.011,1,12653,0,129042.757,34937.014,105.951,96008.211,155840.177,49385.781
N,1,1,2025-01-17 18:00:00.003,1,12654,0,129043.013,34937.014,105.951,96008.497,155840.562,49385.781
N,1,1,2025-01-17 18:05:00.010,1,12655,0,129043.315,34937.014,105.951,96008.782,155840.978,49385.781
N,1,1,2025-01-17 18:10:00.014,1,12656,0,129043.911,34937.014,105.951,96009.068,155841.648,49385.781
N,1,1,2025-01-17 18:15:00.006,1,12657,0,129045.338,34937.014,105.951,96009.359,155843.104,49385.781
N,1,1,2025-01-17 18:20:00.001,1,12658,0,129046.732,34937.014,105.951,96009.651,155844.530,49385.781
N,1,1,2025-01-17 18:25:00.004,1,12659,0,129047.935,34937.014,105.951,96009.940,155845.767,49385.781
N,1,1,2025-01-17 18:30:00.011,1,12660,0,129049.108,34937.014,105.951,96010.226,155846.974,49385.781
N,1,1,2025-01-17 18:35:00.018,1,12661,0,129049.870,34937.014,105.951,96010.499,155847.784,49385.781
N,1,1,2025-01-17 18:40:00.014,1,12662,0,129050.579,34937.014,105.951,96010.766,155848.543,49385.781
N,1,1,2025-01-17 18:45:00.003,1,12663,0,129051.621,34937.014,105.951,96011.036,155849.620,49385.781
N,1,1,2025-01-17 18:50:00.017,1,12664,0,129052.655,34937.014,105.951,96011.315,155850.692,49385.781
N,1,1,2025-01-17 18:55:00.019,1,12665,0,129053.667,34937.014,105.951,96011.596,155851.743,49385.781
N,1,1,2025-01-17 19:00:00.024,1,12666,0,129054.739,34937.014,105.951,96011.884,155852.854,49385.781
N,1,1,2025-01-17 19:05:00.003,1,12667,0,129055.981,34937.014,105.951,96012.174,155854.130,49385.781
N,1,1,2025-01-17 19:10:00.003,1,12668,0,129056.973,34937.014,105.951,96012.468,155855.165,49385.781
N,1,1,2025-01-17 19:15:00.020,1,12669,0,129058.239,34937.014,105.951,96012.769,155856.468,49385.781
N,1,1,2025-01-17 19:20:00.014,1,12670,0,129059.364,34937.014,105.951,96013.074,155857.633,49385.781
N,1,1,2025-01-17 19:25:00.019,1,12671,0,129060.545,34937.014,105.951,96013.384,155858.855,49385.781
N,1,1,2025-01-17 19:30:00.014,1,12672,0,129061.835,34937.014,105.951,96013.697,155860.182,49385.781
N,1,1,2025-01-17 19:35:00.003,1,12673,0,129062.919,34937.014,105.951,96014.007,155861.310,49385.781
N,1,1,2025-01-17 19:40:00.009,1,12674,0,129064.074,34937.014,105.951,96014.314,155862.505,49385.781
N,1,1,2025-01-17 19:45:00.016,1,12675,0,129065.147,34937.014,105.951,96014.630,155863.624,49385.781
N,1,1,2025-01-17 19:50:00.014,1,12676,0,129065.912,34937.014,105.951,96014.941,155864.451,49385.781
N,1,1,2025-01-17 19:55:00.015,1,12677,0,129066.694,34937.014,105.951,96015.258,155865.295,49385.781
N,1,1,2025-01-17 20:00:00.018,1,12678,0,129067.489,34937.014,105.951,96015.575,155866.152,49385.781
N,1,1,2025-01-17 20:05:00.002,1,12679,0,129068.224,34937.014,105.951,96015.880,155866.948,49385.781
N,1,1,2025-01-17 20:10:00.010,1,12680,0,129068.998,34937.014,105.951,96016.183,155867.780,49385.781
N,1,1,2025-01-17 20:15:00.019,1,12681,0,129069.760,34937.014,105.951,96016.486,155868.601,49385.781
N,1,1,2025-01-17 20:20:00.010,1,12682,0,129070.617,34937.014,105.951,96016.792,155869.511,49385.781
N,1,1,2025-01-17 20:25:00.016,1,12683,0,129071.497,34937.014,105.951,96017.104,155870.445,49385.781
N,1,1,2025-01-17 20:30:00.018,1,12684,0,129072.308,34937.014,105.951,96017.415,155871.315,49385.781
N,1,1,2025-01-17 20:35:00.012,1,12685,0,129073.076,34937.014,105.951,96017.723,155872.143,49385.781
N,1,1,2025-01-17 20:40:00.013,1,12686,0,129073.779,34937.014,105.951,96018.012,155872.904,49385.781
N,1,1,2025-01-17 20:45:00.015,1,12687,0,129074.532,34937.014,105.951,96018.286,155873.706,49385.781
N,1,1,2025-01-17 20:50:00.003,1,12688,0,129075.243,34937.014,105.951,96018.565,155874.470,49385.781
N,1,1,2025-01-17 20:55:00.009,1,12689,0,129076.192,34937.014,105.951,96018.855,155875.463,49385.781
N,1,1,2025-01-17 21:00:00.006,1,12690,0,129076.843,34937.014,105.951,96019.144,155876.177,49385.781
N,1,1,2025-01-17 21:05:00.001,1,12691,0,129077.416,34937.014,105.951,96019.436,155876.821,49385.781
N,1,1,2025-01-17 21:10:00.004,1,12692,0,129077.968,34937.014,105.951,96019.735,155877.449,49385.781
N,1,1,2025-01-17 21:15:00.015,1,12693,0,129078.526,34937.014,105.951,96020.035,155878.083,49385.781
N,1,1,2025-01-17 21:20:00.017,1,12694,0,129079.086,34937.014,105.951,96020.337,155878.720,49385.781
N,1,1,2025-01-17 21:25:00.005,1,12695,0,129079.684,34937.014,105.951,96020.640,155879.391,49385.781
N,1,1,2025-01-17 21:30:00.003,1,12696,0,129080.261,34937.014,105.951,96020.946,155880.044,49385.781
N,1,1,2025-01-17 21:35:00.012,1,12697,0,129080.802,34937.014,105.951,96021.248,155880.665,49385.781
N,1,1,2025-01-17 21:40:00.001,1,12698,0,129081.360,34937.014,105.951,96021.556,155881.302,49385.781
N,1,1,2025-01-17 21:45:00.001,1,12699,0,129081.875,34937.014,105.951,96021.855,155881.897,49385.781
N,1,1,2025-01-17 21:50:00.018,1,12700,0,129082.428,34937.014,105.951,96022.156,155882.527,49385.781
N,1,1,2025-01-17 21:55:00.018,1,12701,0,129082.945,34937.014,105.951,96022.453,155883.125,49385.781
N,1,1,2025-01-17 22:00:00.000,1,12702,0,129083.440,34937.014,105.951,96022.754,155883.704,49385.781
N,1,1,2025-01-17 22:05:00.004,1,12703,0,129083.889,34937.014,105.951,96023.045,155884.239,49385.781
N,1,1,2025-01-17 22:10:00.001,1,12704,0,129084.352,34937.014,105.951,96023.338,155884.787,49385.781
N,1,1,2025-01-17 22:15:00.018,1,12705,0,129084.811,34937.014,105.951,96023.624,155885.328,49385.781
N,1,1,2025-01-17 22:20:00.014,1,12706,0,129085.277,34937.014,105.951,96023.911,155885.875,49385.781
N,1,1,2025-01-17 22:25:00.018,1,12707,0,129085.722,34937.014,105.951,96024.196,155886.404,49385.781
N,1,1,2025-01-17 22:30:00.010,1,12708,0,129086.248,34937.014,105.951,96024.488,155887.005,49385.781
N,1,1,2025-01-17 22:35:00.010,1,12709,0,129086.793,34937.014,105.951,96024.768,155887.620,49385.781
N,1,1,2025-01-17 22:40:00.012,1,12710,0,129087.653,34937.014,105.951,96025.036,155888.522,49385.781
N,1,1,2025-01-17 22:45:00.005,1,12711,0,129088.225,34937.014,105.951,96025.297,155889.158,49385.781
N,1,1,2025-01-17 22:50:00.007,1,12712,0,129088.815,34937.014,105.951,96025.556,155889.802,49385.781
N,1,1,2025-01-17 22:55:00.009,1,12713,0,129089.302,34937.014,105.951,96025.817,155890.360,49385.781
N,1,1,2025-01-17 23:00:00.008,1,12714,0,129089.684,34937.014,105.951,96026.086,155890.827,49385.781
N,1,1,2025-01-17 23:05:00.016,1,12715,0,129090.393,34937.014,105.951,96026.358,155891.591,49385.781
N,1,1,2025-01-17 23:10:00.003,1,12716,0,129091.414,34937.014,105.951,96026.634,155892.648,49385.781
N,1,1,2025-01-17 23:15:00.003,1,12717,0,129092.476,34937.014,105.951,96026.909,155893.747,49385.781
N,1,1,2025-01-17 23:20:00.016,1,12718,0,129093.562,34937.014,105.951,96027.187,155894.868,49385.781
N,1,1,2025-01-17 23:25:00.019,1,12719,0,129094.560,34937.014,105.951,96027.461,155895.905,49385.781
N,1,1,2025-01-17 23:30:00.030,1,12720,0,129095.234,34937.014,105.951,96027.734,155896.632,49385.781
N,1,1,2025-01-17 23:35:00.018,1,12721,0,129095.869,34937.014,105.951,96027.998,155897.319,49385.781
N,1,1,2025-01-17 23:40:00.014,1,12722,0,129096.228,34937.014,105.951,96028.258,155897.764,49385.781
N,1,1,2025-01-17 23:45:00.012,1,12723,0,129096.570,34937.014,105.951,96028.516,155898.192,49385.781
N,1,1,2025-01-17 23:50:00.016,1,12724,0,129096.936,34937.014,105.951,96028.776,155898.640,49385.781
N,1,1,2025-01-17 23:55:00.005,1,12725,0,129097.334,34937.014,105.951,96029.039,155899.118,49385.781
N,1,1,2025-01-18 00:00:00.011,1,12726,0,129097.714,34937.014,105.951,96029.312,155899.586,49385.781
N,1,1,2025-01-18 00:05:00.005,1,12727,0,129098.079,34937.014,105.951,96029.595,155900.048,49385.781
N,1,1,2025-01-18 00:10:00.019,1,12728,0,129098.445,34937.014,105.951,96029.882,155900.513,49385.781
N,1,1,2025-01-18 00:15:00.031,1,12729,0,129098.784,34937.014,105.951,96030.155,155900.948,49385.781
N,1,1,2025-01-18 00:20:00.008,1,12730,0,129099.099,34937.014,105.951,96030.417,155901.358,49385.781
N,1,1,2025-01-18 00:25:00.015,1,12731,0,129099.393,34937.014,105.951,96030.672,155901.751,49385.781
N,1,1,2025-01-18 00:30:00.028,1,12732,0,129099.931,34937.014,105.951,96030.926,155902.346,49385.781
N,1,1,2025-01-18 00:35:00.015,1,12733,0,129100.231,34937.014,105.951,96031.173,155902.740,49385.781
N,1,1,2025-01-18 00:40:00.000,1,12734,0,129100.486,34937.014,105.951,96031.421,155903.096,49385.781
N,1,1,2025-01-18 00:45:00.008,1,12735,0,129100.776,34937.014,105.951,96031.671,155903.483,49385.781
N,1,1,2025-01-18 00:50:00.004,1,12736,0,129101.025,34937.014,105.951,96031.916,155903.834,49385.781
N,1,1,2025-01-18 00:55:00.014,1,12737,0,129101.243,34937.014,105.951,96032.160,155904.162,49385.781
N,1,1,2025-01-18 01:00:00.002,1,12738,0,129101.475,34937.014,105.951,96032.403,155904.498,49385.781
N,1,1,2025-01-18 01:05:00.005,1,12739,0,129101.743,34937.014,105.951,96032.646,155904.860,49385.781
N,1,1,2025-01-18 01:10:00.015,1,12740,0,129102.002,34937.014,105.951,96032.893,155905.218,49385.781
N,1,1,2025-01-18 01:15:00.006,1,12741,0,129102.280,34937.014,105.951,96033.141,155905.590,49385.781
N,1,1,2025-01-18 01:20:00.004,1,12742,0,129102.539,34937.014,105.951,96033.390,155905.950,49385.781
N,1,1,2025-01-18 01:25:00.005,1,12743,0,129102.808,34937.014,105.951,96033.638,155906.316,49385.781
N,1,1,2025-01-18 01:30:00.006,1,12744,0,129103.055,34937.014,105.951,96033.881,155906.663,49385.781
N,1,1,2025-01-18 01:35:00.005,1,12745,0,129103.280,34937.014,105.951,96034.124,155906.994,49385.781
N,1,1,2025-01-18 01:40:00.015,1,12746,0,129103.479,34937.014,105.951,96034.368,155907.309,49385.781
N,1,1,2025-01-18 01:45:00.013,1,12747,0,129103.908,34937.014,105.951,96034.607,155907.807,49385.781
N,1,1,2025-01-18 01:50:00.005,1,12748,0,129104.436,34937.014,105.951,96034.844,155908.385,49385.781
N,1,1,2025-01-18 01:55:00.006,1,12749,0,129104.941,34937.014,105.951,96035.080,155908.943,49385.781
N,1,1,2025-01-18 02:00:00.011,1,12750,0,129105.650,34937.014,105.951,96035.317,155909.692,49385.781
N,1,1,2025-01-18 02:05:00.004,1,12751,0,129106.039,34937.014,105.951,96035.547,155910.152,49385.781
N,1,1,2025-01-18 02:10:00.003,1,12752,0,129106.251,34937.014,105.951,96035.778,155910.466,49385.781
N,1,1,2025-01-18 02:15:00.017,1,12753,0,129106.465,34937.014,105.951,96036.010,155910.782,49385.781
N,1,1,2025-01-18 02:20:00.005,1,12754,0,129106.676,34937.014,105.951,96036.245,155911.097,49385.781
N,1,1,2025-01-18 02:25:00.013,1,12755,0,129106.872,34937.014,105.951,96036.481,155911.404,49385.781
N,1,1,2025-01-18 02:30:00.019,1,12756,0,129107.083,34937.014,105.951,96036.716,155911.720,49385.781
N,1,1,2025-01-18 02:35:00.013,1,12757,0,129107.281,34937.014,105.951,96036.949,155912.026,49385.781
N,1,1,2025-01-18 02:40:00.010,1,12758,0,129107.467,34937.014,105.951,96037.184,155912.325,49385.781
N,1,1,2025-01-18 02:45:00.007,1,12759,0,129107.682,34937.014,105.951,96037.426,155912.649,49385.781
N,1,1,2025-01-18 02:50:00.017,1,12760,0,129107.899,34937.014,105.951,96037.669,155912.975,49385.781
N,1,1,2025-01-18 02:55:00.017,1,12761,0,129108.125,34937.014,105.951,96037.917,155913.311,49385.781
N,1,1,2025-01-18 03:00:00.016,1,12762,0,129108.333,34937.014,105.951,96038.163,155913.633,49385.781
N,1,1,2025-01-18 03:05:00.008,1,12763,0,129108.528,34937.014,105.951,96038.408,155913.946,49385.781
N,1,1,2025-01-18 03:10:00.014,1,12764,0,129108.707,34937.014,105.951,96038.646,155914.244,49385.781
N,1,1,2025-01-18 03:15:00.019,1,12765,0,129108.911,34937.014,105.951,96038.877,155914.553,49385.781
N,1,1,2025-01-18 03:20:00.010,1,12766,0,129109.150,34937.014,105.951,96039.112,155914.890,49385.781
N,1,1,2025-01-18 03:25:00.009,1,12767,0,129109.365,34937.014,105.951,96039.357,155915.217,49385.781
N,1,1,2025-01-18 03:30:00.021,1,12768,0,129109.812,34937.014,105.951,96039.606,155915.732,49385.781
N,1,1,2025-01-18 03:35:00.012,1,12769,0,129110.294,34937.014,105.951,96039.853,155916.274,49385.781
N,1,1,2025-01-18 03:40:00.013,1,12770,0,129110.782,34937.014,105.951,96040.098,155916.820,49385.781
N,1,1,2025-01-18 03:45:00.018,1,12771,0,129111.398,34937.014,105.951,96040.343,155917.483,49385.781
N,1,1,2025-01-18 03:50:00.007,1,12772,0,129112.008,34937.014,105.951,96040.585,155918.140,49385.781
N,1,1,2025-01-18 03:55:00.017,1,12773,0,129112.628,34937.014,105.951,96040.818,155918.802,49385.781
N,1,1,2025-01-18 04:00:00.018,1,12774,0,129113.262,34937.014,105.951,96041.044,155919.475,49385.781
N,1,1,2025-01-18 04:05:00.017,1,12775,0,129113.653,34937.014,105.951,96041.271,155919.930,49385.781
N,1,1,2025-01-18 04:10:00.003,1,12776,0,129113.973,34937.014,105.951,96041.497,155920.322,49385.781
N,1,1,2025-01-18 04:15:00.004,1,12777,0,129114.293,34937.014,105.951,96041.723,155920.714,49385.781
N,1,1,2025-01-18 04:20:00.009,1,12778,0,129114.623,34937.014,105.951,96041.953,155921.116,49385.781
N,1,1,2025-01-18 04:25:00.002,1,12779,0,129114.965,34937.014,105.951,96042.186,155921.531,49385.781
N,1,1,2025-01-18 04:30:00.019,1,12780,0,129115.274,34937.014,105.951,96042.418,155921.918,49385.781
N,1,1,2025-01-18 04:35:00.011,1,12781,0,129115.583,34937.014,105.951,96042.648,155922.304,49385.781
N,1,1,2025-01-18 04:40:00.016,1,12782,0,129115.901,34937.014,105.951,96042.874,155922.696,49385.781
N,1,1,2025-01-18 04:45:00.012,1,12783,0,129116.244,34937.014,105.951,96043.099,155923.107,49385.781
N,1,1,2025-01-18 04:50:00.005,1,12784,0,129116.562,34937.014,105.951,96043.328,155923.500,49385.781
N,1,1,2025-01-18 04:55:00.010,1,12785,0,129116.874,34937.014,105.951,96043.558,155923.889,49385.781
N,1,1,2025-01-18 05:00:00.000,1,12786,0,129117.199,34937.014,105.951,96043.783,155924.285,49385.781
N,1,1,2025-01-18 05:05:00.001,1,12787,0,129117.535,34937.014,105.951,96044.016,155924.695,49385.781
N,1,1,2025-01-18 05:10:00.017,1,12788,0,129117.880,34937.014,105.951,96044.250,155925.112,49385.781
N,1,1,2025-01-18 05:15:00.012,1,12789,0,129118.191,34937.014,105.951,96044.486,155925.504,49385.781
N,1,1,2025-01-18 05:20:00.016,1,12790,0,129118.490,34937.014,105.951,96044.721,155925.885,49385.781
N,1,1,2025-01-18 05:25:00.006,1,12791,0,129118.800,34937.014,105.951,96044.945,155926.269,49385.781
N,1,1,2025-01-18 05:30:00.010,1,12792,0,129119.128,34937.014,105.951,96045.169,155926.667,49385.781
N,1,1,2025-01-18 05:35:00.017,1,12793,0,129119.426,34937.014,105.951,96045.388,155927.038,49385.781
N,1,1,2025-01-18 05:40:00.003,1,12794,0,129119.842,34937.014,105.951,96045.607,155927.513,49385.781
N,1,1,2025-01-18 05:45:00.021,1,12795,0,129120.408,34937.014,105.951,96045.829,155928.122,49385.781
N,1,1,2025-01-18 05:50:00.008,1,12796,0,129120.997,34937.014,105.951,96046.057,155928.753,49385.781
N,1,1,2025-01-18 05:55:00.018,1,12797,0,129121.342,34937.014,105.951,96046.283,155929.173,49385.781
N,1,1,2025-01-18 06:00:00.000,1,12798,0,129121.597,34937.014,105.951,96046.506,155929.513,49385.781
N,1,1,2025-01-18 06:05:00.001,1,12799,0,129121.843,34937.014,105.951,96046.726,155929.845,49385.781
N,1,1,2025-01-18 06:10:00.009,1,12800,0,129122.103,34937.014,105.951,96046.942,155930.184,49385.781
N,1,1,2025-01-18 06:15:00.018,1,12801,0,129122.359,34937.014,105.951,96047.153,155930.517,49385.781
N,1,1,2025-01-18 06:20:00.020,1,12802,0,129122.589,34937.014,105.951,96047.361,155930.829,49385.781
N,1,1,2025-01-18 06:25:00.010,1,12803,0,129122.804,34937.014,105.951,96047.570,155931.131,49385.781
N,1,1,2025-01-18 06:30:00.004,1,12804,0,129123.198,34937.014,105.951,96047.784,155931.586,49385.781
N,1,1,2025-01-18 06:35:00.004,1,12805,0,129123.580,34937.014,105.951,96048.001,155932.035,49385.781
N,1,1,2025-01-18 06:40:00.004,1,12806,0,129123.717,34937.014,105.951,96048.214,155932.282,49385.790
N,1,1,2025-01-18 06:45:00.015,1,12807,0,129123.830,34937.017,105.951,96048.427,155932.509,49385.808
N,1,1,2025-01-18 06:50:00.000,1,12808,0,129123.939,34937.020,105.951,96048.636,155932.731,49385.823
N,1,1,2025-01-18 06:55:00.003,1,12809,0,129124.036,34937.024,105.951,96048.842,155932.942,49385.842
N,1,1,2025-01-18 07:00:00.014,1,12810,0,129124.085,34937.033,105.951,96049.049,155933.138,49385.863
N,1,1,2025-01-18 07:05:00.019,1,12811,0,129124.110,34937.045,105.951,96049.252,155933.324,49385.885
N,1,1,2025-01-18 07:10:00.001,1,12812,0,129124.115,34937.063,105.951,96049.456,155933.423,49385.995
N,1,1,2025-01-18 07:15:00.009,1,12813,0,129124.117,34937.083,105.951,96049.671,155933.454,49386.183
N,1,1,2025-01-18 07:20:00.002,1,12814,0,129124.226,34937.099,105.951,96049.887,155933.647,49386.253
N,1,1,2025-01-18 07:25:00.008,1,12815,0,129124.412,34937.099,105.951,96050.101,155933.933,49386.253
N,1,1,2025-01-18 07:30:00.022,1,12816,0,129124.576,34937.099,105.951,96050.312,155934.203,49386.253
N,1,1,2025-01-18 07:35:00.003,1,12817,0,129124.740,34937.099,105.951,96050.520,155934.471,49386.253
N,1,1,2025-01-18 07:40:00.019,1,12818,0,129124.854,34937.101,105.951,96050.731,155934.701,49386.266
N,1,1,2025-01-18 07:45:00.018,1,12819,0,129124.860,34937.117,105.951,96050.944,155934.776,49386.406
N,1,1,2025-01-18 07:50:00.002,1,12820,0,129124.867,34937.187,105.951,96051.157,155934.857,49386.565
N,1,1,2025-01-18 07:55:00.000,1,12821,0,129124.870,34937.191,105.951,96051.379,155934.938,49386.705
N,1,1,2025-01-18 08:00:00.021,1,12822,0,129124.881,34937.196,105.951,96051.600,155935.029,49386.839
N,1,1,2025-01-18 08:05:00.011,1,12823,0,129124.883,34937.200,105.951,96051.818,155935.078,49387.008
N,1,1,2025-01-18 08:10:00.019,1,12824,0,129124.888,34937.336,105.951,96052.027,155935.128,49387.245
N,1,1,2025-01-18 08:15:00.009,1,12825,0,129124.896,34937.413,105.951,96052.240,155935.183,49387.431
N,1,1,2025-01-18 08:20:00.014,1,12826,0,129124.908,34937.428,105.951,96052.456,155935.271,49387.563
N,1,1,2025-01-18 08:25:00.005,1,12827,0,129124.913,34937.433,105.951,96052.678,155935.390,49387.666
N,1,1,2025-01-18 08:30:00.015,1,12828,0,129124.924,34937.438,105.951,96052.904,155935.484,49387.801
N,1,1,2025-01-18 08:35:00.015,1,12829,0,129124.928,34937.440,105.951,96053.130,155935.598,49387.914
N,1,1,2025-01-18 08:40:00.012,1,12830,0,129124.938,34937.450,105.951,96053.343,155935.699,49388.028
N,1,1,2025-01-18 08:45:00.011,1,12831,0,129124.956,34937.478,105.951,96053.556,155935.802,49388.147
N,1,1,2025-01-18 08:50:00.013,1,12832,0,129124.969,34937.488,105.951,96053.765,155935.914,49388.249
N,1,1,2025-01-18 08:55:00.017,1,12833,0,129124.974,34937.492,105.951,96053.974,155935.994,49388.378
N,1,1,2025-01-18 09:00:00.011,1,12834,0,129124.982,34937.572,105.951,96054.183,155936.048,49388.563
N,1,1,2025-01-18 09:05:00.011,1,12835,0,129124.984,34937.656,105.951,96054.399,155936.083,49388.775
N,1,1,2025-01-18 09:10:00.011,1,12836,0,129124.993,34937.681,105.951,96054.620,155936.155,49388.930
N,1,1,2025-01-18 09:15:00.006,1,12837,0,129125.010,34937.691,105.951,96054.849,155936.265,49389.056
N,1,1,2025-01-18 09:20:00.002,1,12838,0,129125.043,34937.712,105.951,96055.072,155936.385,49389.170
N,1,1,2025-01-18 09:25:00.007,1,12839,0,129125.074,34937.724,105.951,96055.271,155936.468,49389.298
N,1,1,2025-01-18 09:30:00.010,1,12840,0,129125.090,34937.829,105.951,96055.455,155936.523,49389.479
N,1,1,2025-01-18 09:35:00.007,1,12841,0,129125.109,34937.867,105.951,96055.636,155936.606,49389.592
N,1,1,2025-01-18 09:40:00.002,1,12842,0,129125.127,34937.882,105.951,96055.846,155936.716,49389.699
N,1,1,2025-01-18 09:45:00.004,1,12843,0,129125.140,34937.943,105.951,96056.070,155936.788,49389.871
N,1,1,2025-01-18 09:50:00.006,1,12844,0,129125.141,34938.015,105.951,96056.300,155936.791,49390.111
N,1,1,2025-01-18 09:55:00.018,1,12845,0,129125.143,34938.143,105.951,96056.543,155936.796,49390.384
N,1,1,2025-01-18 10:00:00.000,1,12846,0,129125.154,34938.244,105.951,96056.798,155936.890,49390.580
N,1,1,2025-01-18 10:05:00.018,1,12847,0,129125.213,34938.250,105.951,96057.045,155937.100,49390.633
N,1,1,2025-01-18 10:10:00.010,1,12848,0,129125.220,34938.284,105.951,96057.294,155937.156,49390.832
N,1,1,2025-01-18 10:15:00.022,1,12849,0,129125.223,34938.437,105.951,96057.548,155937.186,49391.117
N,1,1,2025-01-18 10:20:00.001,1,12850,0,129125.232,34938.444,105.951,96057.801,155937.332,49391.225
N,1,1,2025-01-18 10:25:00.019,1,12851,0,129125.261,34938.471,105.962,96058.022,155937.448,49391.359
N,1,1,2025-01-18 10:30:00.001,1,12852,0,129125.273,34938.570,105.966,96058.252,155937.494,49391.579
N,1,1,2025-01-18 10:35:00.010,1,12853,0,129125.285,34938.601,105.966,96058.498,155937.595,49391.733
N,1,1,2025-01-18 10:40:00.013,1,12854,0,129125.289,34938.661,105.966,96058.754,155937.682,49391.922
N,1,1,2025-01-18 10:45:00.003,1,12855,0,129125.298,34938.704,105.966,96059.018,155937.779,49392.099
N,1,1,2025-01-18 10:50:00.001,1,12856,0,129125.301,34938.710,105.966,96059.281,155937.871,49392.271
N,1,1,2025-01-18 10:55:00.000,1,12857,0,129125.303,34938.823,105.966,96059.540,155937.894,49392.554
N,1,1,2025-01-18 11:00:00.017,1,12858,0,129125.303,34939.091,105.966,96059.799,155937.894,49392.927
N,1,1,2025-01-18 11:05:00.000,1,12859,0,129125.303,34939.376,105.966,96060.028,155937.894,49393.292
N,1,1,2025-01-18 11:10:00.010,1,12860,0,129125.303,34939.559,105.966,96060.217,155937.894,49393.559
N,1,1,2025-01-18 11:15:00.004,1,12861,0,129125.314,34939.593,105.966,96060.391,155937.974,49393.668
N,1,1,2025-01-18 11:20:00.001,1,12862,0,129125.324,34939.774,105.966,96060.550,155938.010,49393.920
N,1,1,2025-01-18 11:25:00.015,1,12863,0,129125.329,34939.850,105.966,96060.719,155938.037,49394.092
N,1,1,2025-01-18 11:30:00.010,1,12864,0,129125.331,34939.886,105.966,96060.888,155938.057,49394.247
N,1,1,2025-01-18 11:35:00.016,1,12865,0,129125.336,34939.916,105.966,96061.051,155938.076,49394.398
N,1,1,2025-01-18 11:40:00.013,1,12866,0,129125.339,34939.989,105.966,96061.212,155938.079,49394.574
N,1,1,2025-01-18 11:45:00.003,1,12867,0,129125.339,34940.143,105.966,96061.354,155938.081,49394.803
N,1,1,2025-01-18 11:50:00.011,1,12868,0,129125.348,34940.299,105.966,96061.511,155938.103,49395.024
N,1,1,2025-01-18 11:55:00.010,1,12869,0,129125.356,34940.452,105.966,96061.693,155938.132,49395.253
N,1,1,2025-01-18 12:00:00.012,1,12870,0,129125.361,34940.604,105.966,96061.879,155938.162,49395.480
N,1,1,2025-01-18 12:05:00.012,1,12871,0,129125.378,34940.685,105.966,96062.057,155938.208,49395.642
N,1,1,2025-01-18 12:10:00.015,1,12872,0,129125.394,34940.743,105.966,96062.257,155938.282,49395.792
N,1,1,2025-01-18 12:15:00.001,1,12873,0,129125.396,34941.033,105.966,96062.441,155938.302,49396.129
N,1,1,2025-01-18 12:20:00.001,1,12874,0,129125.396,34941.427,105.966,96062.642,155938.303,49396.587
N,1,1,2025-01-18 12:25:00.015,1,12875,0,129125.396,34941.584,105.966,96062.831,155938.304,49396.835
N,1,1,2025-01-18 12:30:00.010,1,12876,0,129125.397,34941.885,105.966,96063.024,155938.316,49397.203
N,1,1,2025-01-18 12:35:00.000,1,12877,0,129125.397,34942.291,105.966,96063.204,155938.316,49397.650
N,1,1,2025-01-18 12:40:00.002,1,12878,0,129125.402,34942.600,105.966,96063.397,155938.332,49398.010
N,1,1,2025-01-18 12:45:00.014,1,12879,0,129125.426,34942.657,105.966,96063.594,155938.402,49398.160
N,1,1,2025-01-18 12:50:00.018,1,12880,0,129125.435,34942.775,105.966,96063.808,155938.453,49398.376
N,1,1,2025-01-18 12:55:00.002,1,12881,0,129125.442,34942.968,105.966,96064.058,155938.480,49398.685
N,1,1,2025-01-18 13:00:00.005,1,12882,0,129125.442,34943.121,105.966,96064.297,155938.480,49398.982
N,1,1,2025-01-18 13:05:00.013,1,12883,0,129125.442,34943.252,105.966,96064.522,155938.480,49399.255
N,1,1,2025-01-18 13:10:00.016,1,12884,0,129125.442,34943.296,105.966,96064.747,155938.484,49399.486
N,1,1,2025-01-18 13:15:00.001,1,12885,0,129125.443,34943.322,105.966,96064.979,155938.489,49399.717
N,1,1,2025-01-18 13:20:00.006,1,12886,0,129125.469,34943.350,105.966,96065.214,155938.554,49399.899
N,1,1,2025-01-18 13:25:00.003,1,12887,0,129125.490,34943.387,105.966,96065.430,155938.650,49400.033
N,1,1,2025-01-18 13:30:00.018,1,12888,0,129125.503,34943.417,105.966,96065.626,155938.737,49400.150
N,1,1,2025-01-18 13:35:00.010,1,12889,0,129125.521,34943.480,105.966,96065.838,155938.849,49400.277
N,1,1,2025-01-18 13:40:00.014,1,12890,0,129125.543,34943.516,105.966,96066.072,155938.957,49400.419
N,1,1,2025-01-18 13:45:00.003,1,12891,0,129125.553,34943.589,105.966,96066.284,155939.025,49400.601
N,1,1,2025-01-18 13:50:00.008,1,12892,0,129125.565,34943.625,105.966,96066.508,155939.119,49400.743
N,1,1,2025-01-18 13:55:00.012,1,12893,0,129125.577,34943.635,105.966,96066.736,155939.222,49400.871
N,1,1,2025-01-18 14:00:00.005,1,12894,0,129125.644,34943.725,105.966,96066.975,155939.334,49401.059
N,1,1,2025-01-18 14:05:00.016,1,12895,0,129125.823,34943.725,105.966,96067.211,155939.637,49401.059
N,1,1,2025-01-18 14:10:00.009,1,12896,0,129125.848,34943.877,105.966,96067.430,155939.748,49401.250
N,1,1,2025-01-18 14:15:00.007,1,12897,0,129125.850,34943.933,105.966,96067.672,155939.792,49401.463
N,1,1,2025-01-18 14:20:00.019,1,12898,0,129125.859,34943.966,105.966,96067.885,155939.885,49401.592
N,1,1,2025-01-18 14:25:00.009,1,12899,0,129125.859,34944.111,105.966,96068.085,155939.888,49401.844
N,1,1,2025-01-18 14:30:00.018,1,12900,0,129125.861,34944.179,105.966,96068.278,155939.892,49402.046
N,1,1,2025-01-18 14:35:00.008,1,12901,0,129125.863,34944.369,105.966,96068.468,155939.898,49402.320
N,1,1,2025-01-18 14:40:00.016,1,12902,0,129125.863,34944.616,105.966,96068.654,155939.899,49402.631
N,1,1,2025-01-18 14:45:00.017,1,12903,0,129125.863,34944.939,105.966,96068.835,155939.899,49403.002
N,1,1,2025-01-18 14:50:00.002,1,12904,0,129125.863,34945.244,105.966,96069.052,155939.899,49403.377
N,1,1,2025-01-18 14:55:00.016,1,12905,0,129125.863,34945.553,105.966,96069.276,155939.899,49403.759
N,1,1,2025-01-18 15:00:00.008,1,12906,0,129125.864,34945.808,105.966,96069.512,155939.904,49404.104
N,1,1,2025-01-18 15:05:00.012,1,12907,0,129125.864,34946.090,105.966,96069.747,155939.904,49404.472
N,1,1,2025-01-18 15:10:00.012,1,12908,0,129125.864,34946.483,105.966,96069.968,155939.905,49404.924
N,1,1,2025-01-18 15:15:00.013,1,12909,0,129125.864,34946.875,105.966,96070.200,155939.905,49405.379
N,1,1,2025-01-18 15:20:00.016,1,12910,0,129125.864,34947.257,105.966,96070.419,155939.905,49405.820
N,1,1,2025-01-18 15:25:00.011,1,12911,0,129125.864,34947.626,105.966,96070.642,155939.905,49406.252
N,1,1,2025-01-18 15:30:00.019,1,12912,0,129125.864,34948.012,105.966,96070.871,155939.905,49406.702
N,1,1,2025-01-18 15:35:00.012,1,12913,0,129125.864,34948.148,105.966,96071.106,155939.906,49406.973
N,1,1,2025-01-18 15:40:00.006,1,12914,0,129125.864,34948.266,105.966,96071.336,155939.906,49407.232
N,1,1,2025-01-18 15:45:00.014,1,12915,0,129125.873,34948.354,105.966,96071.567,155939.953,49407.441
N,1,1,2025-01-18 15:50:00.002,1,12916,0,129125.886,34948.374,105.966,96071.794,155940.029,49407.601
N,1,1,2025-01-18 15:55:00.016,1,12917,0,129125.898,34948.381,105.966,96072.024,155940.144,49407.720
N,1,1,2025-01-18 16:00:00.001,1,12918,0,129125.901,34948.449,105.966,96072.267,155940.201,49407.923
N,1,1,2025-01-18 16:05:00.003,1,12919,0,129125.911,34948.454,105.966,96072.471,155940.317,49408.013
N,1,1,2025-01-18 16:10:00.005,1,12920,0,129125.999,34948.467,105.966,96072.661,155940.471,49408.094
N,1,1,2025-01-18 16:15:00.013,1,12921,0,129126.421,34948.467,105.966,96072.851,155940.939,49408.094
N,1,1,2025-01-18 16:20:00.009,1,12922,0,129126.519,34948.512,105.966,96073.021,155941.071,49408.197
N,1,1,2025-01-18 16:25:00.006,1,12923,0,129126.570,34948.530,105.966,96073.217,155941.193,49408.291
N,1,1,2025-01-18 16:30:00.019,1,12924,0,129126.598,34948.565,105.966,96073.437,155941.298,49408.423
N,1,1,2025-01-18 16:35:00.013,1,12925,0,129126.653,34948.577,105.966,96073.667,155941.463,49408.508
N,1,1,2025-01-18 16:40:00.012,1,12926,0,129126.657,34948.588,105.966,96073.881,155941.537,49408.650
N,1,1,2025-01-18 16:45:00.018,1,12927,0,129126.662,34948.602,105.966,96074.099,155941.631,49408.778
N,1,1,2025-01-18 16:50:00.018,1,12928,0,129126.677,34948.615,105.966,96074.354,155941.731,49408.938
N,1,1,2025-01-18 16:55:00.006,1,12929,0,129126.683,34948.623,105.966,96074.632,155941.843,49409.105
N,1,1,2025-01-18 17:00:00.002,1,12930,0,129126.695,34948.636,105.966,96074.912,155941.957,49409.275
N,1,1,2025-01-18 17:05:00.017,1,12931,0,129126.713,34948.651,105.966,96075.179,155942.079,49409.425
N,1,1,2025-01-18 17:10:00.003,1,12932,0,129126.724,34948.662,105.966,96075.445,155942.200,49409.571
N,1,1,2025-01-18 17:15:00.006,1,12933,0,129126.742,34948.678,105.966,96075.727,155942.311,49409.751
N,1,1,2025-01-18 17:20:00.004,1,12934,0,129126.754,34948.696,105.966,96076.013,155942.404,49409.948
N,1,1,2025-01-18 17:25:00.004,1,12935,0,129126.781,34948.721,105.966,96076.290,155942.549,49410.087
N,1,1,2025-01-18 17:30:00.014,1,12936,0,129126.801,34948.742,105.966,96076.549,155942.671,49410.234
N,1,1,2025-01-18 17:35:00.011,1,12937,0,129126.823,34948.760,105.966,96076.810,155942.825,49410.351
N,1,1,2025-01-18 17:40:00.015,1,12938,0,129126.829,34948.780,105.966,96077.071,155942.903,49410.537
N,1,1,2025-01-18 17:45:00.017,1,12939,0,129126.834,34948.786,105.966,96077.330,155942.997,49410.702
N,1,1,2025-01-18 17:50:00.008,1,12940,0,129126.837,34948.791,105.966,96077.578,155943.096,49410.852
N,1,1,2025-01-18 17:55:00.012,1,12941,0,129126.840,34948.794,105.966,96077.820,155943.209,49410.981
N,1,1,2025-01-18 18:00:00.010,1,12942,0,129126.845,34948.797,105.966,96078.074,155943.366,49411.078
N,1,1,2025-01-18 18:05:00.003,1,12943,0,129126.856,34948.799,105.966,96078.344,155943.537,49411.179
N,1,1,2025-01-18 18:10:00.001,1,12944,0,129126.900,34948.801,105.966,96078.611,155943.741,49411.259
N,1,1,2025-01-18 18:15:00.008,1,12945,0,129127.106,34948.801,105.966,96078.859,155944.071,49411.259
N,1,1,2025-01-18 18:20:00.016,1,12946,0,129127.684,34948.801,105.966,96079.091,155944.694,49411.259
N,1,1,2025-01-18 18:25:00.001,1,12947,0,129128.479,34948.801,105.966,96079.333,155945.527,49411.259
N,1,1,2025-01-18 18:30:00.005,1,12948,0,129129.401,34948.801,105.966,96079.572,155946.480,49411.259
N,1,1,2025-01-18 18:35:00.006,1,12949,0,129130.257,34948.801,105.966,96079.815,155947.371,49411.259
N,1,1,2025-01-18 18:40:00.012,1,12950,0,129131.017,34948.801,105.966,96080.064,155948.170,49411.259
N,1,1,2025-01-18 18:45:00.008,1,12951,0,129131.691,34948.801,105.966,96080.310,155948.888,49411.259
N,1,1,2025-01-18 18:50:00.016,1,12952,0,129132.390,34948.801,105.966,96080.564,155949.631,49411.259
N,1,1,2025-01-18 18:55:00.006,1,12953,0,129133.357,34948.801,105.966,96080.823,155950.633,49411.259
N,1,1,2025-01-18 19:00:00.020,1,12954,0,129134.319,34948.801,105.966,96081.088,155951.630,49411.259
N,1,1,2025-01-18 19:05:00.002,1,12955,0,129135.280,34948.801,105.966,96081.348,155952.627,49411.259
N,1,1,2025-01-18 19:10:00.005,1,12956,0,129136.078,34948.801,105.966,96081.601,155953.465,49411.259
N,1,1,2025-01-18 19:15:00.025,1,12957,0,129136.602,34948.801,105.966,96081.848,155954.051,49411.259
N,1,1,2025-01-18 19:20:00.016,1,12958,0,129137.027,34948.801,105.966,96082.086,155954.538,49411.259
N,1,1,2025-01-18 19:25:00.000,1,12959,0,129137.426,34948.801,105.966,96082.340,155955.011,49411.259
N,1,1,2025-01-18 19:30:00.016,1,12960,0,129137.946,34948.801,105.966,96082.596,155955.592,49411.259
N,1,1,2025-01-18 19:35:00.013,1,12961,0,129138.443,34948.801,105.966,96082.853,155956.152,49411.259
N,1,1,2025-01-18 19:40:00.016,1,12962,0,129139.239,34948.801,105.966,96083.125,155956.994,49411.259
N,1,1,2025-01-18 19:45:00.004,1,12963,0,129139.965,34948.801,105.966,96083.395,155957.769,49411.259
N,1,1,2025-01-18 19:50:00.019,1,12964,0,129140.757,34948.801,105.966,96083.657,155958.604,49411.259
N,1,1,2025-01-18 19:55:00.000,1,12965,0,129141.323,34948.801,105.966,96083.908,155959.223,49411.259
N,1,1,2025-01-18 20:00:00.022,1,12966,0,129141.650,34948.801,105.966,96084.165,155959.640,49411.259
N,1,1,2025-01-18 20:05:00.014,1,12967,0,129141.983,34948.801,105.966,96084.421,155960.061,49411.259
N,1,1,2025-01-18 20:10:00.000,1,12968,0,129142.274,34948.801,105.966,96084.679,155960.451,49411.259
N,1,1,2025-01-18 20:15:00.008,1,12969,0,129142.539,34948.801,105.966,96084.934,155960.819,49411.259
N,1,1,2025-01-18 20:20:00.011,1,12970,0,129142.702,34948.801,105.966,96085.193,155961.130,49411.259
N,1,1,2025-01-18 20:25:00.008,1,12971,0,129142.869,34948.801,105.966,96085.455,155961.440,49411.259
N,1,1,2025-01-18 20:30:00.019,1,12972,0,129143.074,34948.801,105.966,96085.717,155961.773,49411.259
N,1,1,2025-01-18 20:35:00.018,1,12973,0,129143.293,34948.801,105.966,96085.968,155962.107,49411.259
N,1,1,2025-01-18 20:40:00.009,1,12974,0,129143.455,34948.801,105.966,96086.213,155962.401,49411.259
N,1,1,2025-01-18 20:45:00.004,1,12975,0,129143.726,34948.801,105.966,96086.460,155962.778,49411.259
N,1,1,2025-01-18 20:50:00.017,1,12976,0,129144.198,34948.801,105.966,96086.711,155963.312,49411.259
N,1,1,2025-01-18 20:55:00.006,1,12977,0,129144.414,34948.801,105.966,96086.960,155963.648,49411.259
N,1,1,2025-01-18 21:00:00.019,1,12978,0,129144.621,34948.801,105.966,96087.200,155963.965,49411.259
N,1,1,2025-01-18 21:05:00.011,1,12979,0,129144.824,34948.801,105.966,96087.448,155964.286,49411.259
N,1,1,2025-01-18 21:10:00.014,1,12980,0,129145.025,34948.801,105.966,96087.688,155964.599,49411.259
N,1,1,2025-01-18 21:15:00.004,1,12981,0,129145.202,34948.801,105.966,96087.926,155964.896,49411.259
N,1,1,2025-01-18 21:20:00.010,1,12982,0,129145.366,34948.801,105.966,96088.162,155965.184,49411.259
N,1,1,2025-01-18 21:25:00.006,1,12983,0,129145.538,34948.801,105.966,96088.407,155965.483,49411.259
N,1,1,2025-01-18 21:30:00.017,1,12984,0,129145.678,34948.801,105.966,96088.639,155965.754,49411.259
N,1,1,2025-01-18 21:35:00.018,1,12985,0,129145.827,34948.801,105.966,96088.870,155966.029,49411.259
N,1,1,2025-01-18 21:40:00.017,1,12986,0,129145.955,34948.801,105.966,96089.101,155966.294,49411.259
N,1,1,2025-01-18 21:45:00.012,1,12987,0,129146.377,34948.801,105.966,96089.336,155966.790,49411.259
N,1,1,2025-01-18 21:50:00.002,1,12988,0,129146.786,34948.801,105.966,96089.573,155967.269,49411.259
N,1,1,2025-01-18 21:55:00.003,1,12989,0,129147.020,34948.801,105.966,96089.809,155967.601,49411.259
N,1,1,2025-01-18 22:00:00.018,1,12990,0,129147.270,34948.801,105.966,96090.046,155967.945,49411.259
N,1,1,2025-01-18 22:05:00.006,1,12991,0,129147.493,34948.801,105.966,96090.275,155968.265,49411.259
N,1,1,2025-01-18 22:10:00.016,1,12992,0,129147.721,34948.801,105.966,96090.515,155968.597,49411.259
N,1,1,2025-01-18 22:15:00.012,1,12993,0,129147.960,34948.801,105.966,96090.768,155968.946,49411.259
N,1,1,2025-01-18 22:20:00.000,1,12994,0,129148.233,34948.801,105.966,96091.027,155969.322,49411.259
N,1,1,2025-01-18 22:25:00.016,1,12995,0,129148.518,34948.801,105.966,96091.283,155969.706,49411.259
N,1,1,2025-01-18 22:30:00.005,1,12996,0,129148.826,34948.801,105.966,96091.544,155970.110,49411.259
N,1,1,2025-01-18 22:35:00.010,1,12997,0,129149.131,34948.801,105.966,96091.809,155970.514,49411.259
N,1,1,2025-01-18 22:40:00.017,1,12998,0,129149.465,34948.801,105.966,96092.090,155970.951,49411.259
N,1,1,2025-01-18 22:45:00.005,1,12999,0,129150.085,34948.801,105.966,96092.380,155971.637,49411.259
N,1,1,2025-01-18 22:50:00.017,1,13000,0,129150.706,34948.801,105.966,96092.656,155972.317,49411.259
N,1,1,2025-01-18 22:55:00.002,1,13001,0,129151.411,34948.801,105.966,96092.916,155973.069,49411.259
N,1,1,2025-01-18 23:00:00.011,1,13002,0,129152.082,34948.801,105.966,96093.170,155973.786,49411.259
N,1,1,2025-01-18 23:05:00.000,1,13003,0,129152.922,34948.801,105.966,96093.423,155974.665,49411.259
N,1,1,2025-01-18 23:10:00.007,1,13004,0,129153.862,34948.801,105.966,96093.678,155975.639,49411.259
N,1,1,2025-01-18 23:15:00.019,1,13005,0,129154.455,34948.801,105.966,96093.937,155976.297,49411.259
N,1,1,2025-01-18 23:20:00.018,1,13006,0,129154.763,34948.801,105.966,96094.204,155976.704,49411.259
N,1,1,2025-01-18 23:25:00.013,1,13007,0,129155.068,34948.801,105.966,96094.472,155977.111,49411.259
N,1,1,2025-01-18 23:30:00.004,1,13008,0,129155.359,34948.801,105.966,96094.731,155977.500,49411.259
N,1,1,2025-01-18 23:35:00.010,1,13009,0,129155.620,34948.801,105.966,96094.984,155977.864,49411.259
N,1,1,2025-01-18 23:40:00.011,1,13010,0,129155.931,34948.801,105.966,96095.241,155978.267,49411.259
N,1,1,2025-01-18 23:45:00.006,1,13011,0,129156.283,34948.801,105.966,96095.498,155978.703,49411.259
N,1,1,2025-01-18 23:50:00.017,1,13012,0,129156.628,34948.801,105.966,96095.757,155979.135,49411.259
N,1,1,2025-01-18 23:55:00.009,1,13013,0,129156.964,34948.801,105.966,96095.993,155979.546,49411.259
N,1,1,2025-01-19 00:00:00.005,1,13014,0,129157.308,34948.801,105.966,96096.230,155979.963,49411.259
N,1,1,2025-01-19 00:05:00.016,1,13015,0,129157.734,34948.801,105.966,96096.459,155980.452,49411.259
N,1,1,2025-01-19 00:10:00.012,1,13016,0,129158.386,34948.801,105.966,96096.696,155981.146,49411.259
N,1,1,2025-01-19 00:15:00.049,1,13017,0,129158.899,34948.801,105.966,96096.936,155981.717,49411.259
N,1,1,2025-01-19 00:20:00.014,1,13018,0,129159.183,34948.801,105.966,96097.167,155982.083,49411.259
N,1,1,2025-01-19 00:25:00.005,1,13019,0,129159.418,34948.801,105.966,96097.396,155982.411,49411.259
N,1,1,2025-01-19 00:30:00.023,1,13020,0,129159.931,34948.801,105.966,96097.630,155982.981,49411.259
N,1,1,2025-01-19 00:35:00.003,1,13021,0,129160.648,34948.801,105.966,96097.859,155983.735,49411.259
N,1,1,2025-01-19 00:40:00.003,1,13022,0,129161.344,34948.801,105.966,96098.091,155984.471,49411.259
N,1,1,2025-01-19 00:45:00.029,1,13023,0,129161.970,34948.801,105.966,96098.332,155985.143,49411.259
N,1,1,2025-01-19 00:50:00.005,1,13024,0,129162.381,34948.801,105.966,96098.571,155985.624,49411.259
N,1,1,2025-01-19 00:55:00.011,1,13025,0,129162.651,34948.801,105.966,96098.808,155985.983,49411.259
N,1,1,2025-01-19 01:00:00.005,1,13026,0,129162.876,34948.801,105.966,96099.045,155986.310,49411.259
N,1,1,2025-01-19 01:05:00.008,1,13027,0,129163.106,34948.801,105.966,96099.289,155986.645,49411.259
N,1,1,2025-01-19 01:10:00.005,1,13028,0,129163.325,34948.801,105.966,96099.532,155986.972,49411.259
N,1,1,2025-01-19 01:15:00.013,1,13029,0,129163.568,34948.801,105.966,96099.775,155987.317,49411.259
N,1,1,2025-01-19 01:20:00.014,1,13030,0,129163.811,34948.801,105.966,96100.013,155987.657,49411.259
N,1,1,2025-01-19 01:25:00.012,1,13031,0,129164.035,34948.801,105.966,96100.249,155987.982,49411.259
N,1,1,2025-01-19 01:30:00.008,1,13032,0,129164.248,34948.801,105.966,96100.484,155988.300,49411.259
N,1,1,2025-01-19 01:35:00.020,1,13033,0,129164.472,34948.801,105.966,96100.718,155988.624,49411.259
N,1,1,2025-01-19 01:40:00.019,1,13034,0,129164.718,34948.801,105.966,96100.953,155988.964,49411.259
N,1,1,2025-01-19 01:45:00.018,1,13035,0,129164.924,34948.801,105.966,96101.191,155989.279,49411.259
N,1,1,2025-01-19 01:50:00.004,1,13036,0,129165.137,34948.801,105.966,96101.435,155989.603,49411.259
N,1,1,2025-01-19 01:55:00.002,1,13037,0,129165.347,34948.801,105.966,96101.678,155989.923,49411.259
N,1,1,2025-01-19 02:00:00.005,1,13038,0,129165.587,34948.801,105.966,96101.917,155990.263,49411.259
N,1,1,2025-01-19 02:05:00.009,1,13039,0,129165.810,34948.801,105.966,96102.140,155990.578,49411.259
N,1,1,2025-01-19 02:10:00.009,1,13040,0,129166.019,34948.801,105.966,96102.359,155990.881,49411.259
N,1,1,2025-01-19 02:15:00.007,1,13041,0,129166.227,34948.801,105.966,96102.580,155991.185,49411.259
N,1,1,2025-01-19 02:20:00.006,1,13042,0,129166.457,34948.801,105.966,96102.801,155991.504,49411.259
N,1,1,2025-01-19 02:25:00.010,1,13043,0,129166.696,34948.801,105.966,96103.021,155991.829,49411.259
N,1,1,2025-01-19 02:30:00.018,1,13044,0,129166.892,34948.801,105.966,96103.250,155992.130,49411.259
N,1,1,2025-01-19 02:35:00.009,1,13045,0,129167.087,34948.801,105.966,96103.490,155992.439,49411.259
N,1,1,2025-01-19 02:40:00.016,1,13046,0,129167.280,34948.801,105.966,96103.729,155992.747,49411.259
N,1,1,2025-01-19 02:45:00.021,1,13047,0,129167.483,34948.801,105.966,96103.962,155993.057,49411.259
N,1,1,2025-01-19 02:50:00.011,1,13048,0,129167.698,34948.801,105.966,96104.184,155993.365,49411.259
N,1,1,2025-01-19 02:55:00.017,1,13049,0,129167.898,34948.801,105.966,96104.408,155993.666,49411.259
N,1,1,2025-01-19 03:00:00.013,1,13050,0,129168.098,34948.801,105.966,96104.631,155993.966,49411.259
N,1,1,2025-01-19 03:05:00.012,1,13051,0,129168.313,34948.801,105.966,96104.855,155994.276,49411.259
N,1,1,2025-01-19 03:10:00.020,1,13052,0,129168.504,34948.801,105.966,96105.088,155994.578,49411.259
N,1,1,2025-01-19 03:15:00.013,1,13053,0,129168.671,34948.801,105.966,96105.332,155994.874,49411.259
N,1,1,2025-01-19 03:20:00.011,1,13054,0,129168.834,34948.801,105.966,96105.572,155995.165,49411.259
N,1,1,2025-01-19 03:25:00.014,1,13055,0,129169.036,34948.801,105.966,96105.815,155995.480,49411.259
N,1,1,2025-01-19 03:30:00.017,1,13056,0,129169.257,34948.801,105.966,96106.044,155995.799,49411.259
N,1,1,2025-01-19 03:35:00.013,1,13057,0,129169.456,34948.801,105.966,96106.269,155996.100,49411.259
N,1,1,2025-01-19 03:40:00.018,1,13058,0,129169.759,34948.801,105.966,96106.498,155996.488,49411.259
N,1,1,2025-01-19 03:45:00.001,1,13059,0,129170.206,34948.801,105.966,96106.729,155996.994,49411.259
N,1,1,2025-01-19 03:50:00.013,1,13060,0,129170.407,34948.801,105.966,96106.960,155997.301,49411.259
N,1,1,2025-01-19 03:55:00.015,1,13061,0,129170.584,34948.801,105.966,96107.205,155997.603,49411.259
N,1,1,2025-01-19 04:00:00.002,1,13062,0,129170.744,34948.801,105.966,96107.446,155997.893,49411.259
N,1,1,2025-01-19 04:05:00.001,1,13063,0,129170.910,34948.801,105.966,96107.689,155998.187,49411.259
N,1,1,2025-01-19 04:10:00.018,1,13064,0,129171.111,34948.801,105.966,96107.921,155998.495,49411.259
N,1,1,2025-01-19 04:15:00.018,1,13065,0,129171.304,34948.801,105.966,96108.143,155998.789,49411.259
N,1,1,2025-01-19 04:20:00.006,1,13066,0,129171.496,34948.801,105.966,96108.366,155999.084,49411.259
N,1,1,2025-01-19 04:25:00.013,1,13067,0,129171.668,34948.801,105.966,96108.592,155999.368,49411.259
N,1,1,2025-01-19 04:30:00.011,1,13068,0,129171.862,34948.801,105.966,96108.819,155999.667,49411.259
N,1,1,2025-01-19 04:35:00.008,1,13069,0,129172.044,34948.801,105.966,96109.050,155999.961,49411.259
N,1,1,2025-01-19 04:40:00.011,1,13070,0,129172.231,34948.801,105.966,96109.272,156000.252,49411.259
N,1,1,2025-01-19 04:45:00.008,1,13071,0,129172.414,34948.801,105.966,96109.498,156000.543,49411.259
N,1,1,2025-01-19 04:50:00.016,1,13072,0,129172.607,34948.801,105.966,96109.731,156000.846,49411.259
N,1,1,2025-01-19 04:55:00.018,1,13073,0,129172.794,34948.801,105.966,96109.955,156001.137,49411.259
N,1,1,2025-01-19 05:00:00.001,1,13074,0,129172.961,34948.801,105.966,96110.177,156001.416,49411.259
N,1,1,2025-01-19 05:05:00.017,1,13075,0,129173.151,34948.801,105.966,96110.393,156001.704,49411.259
N,1,1,2025-01-19 05:10:00.004,1,13076,0,129173.335,34948.801,105.966,96110.609,156001.988,49411.259
N,1,1,2025-01-19 05:15:00.003,1,13077,0,129173.536,34948.801,105.966,96110.831,156002.287,49411.259
N,1,1,2025-01-19 05:20:00.010,1,13078,0,129173.686,34948.801,105.966,96111.065,156002.566,49411.259
N,1,1,2025-01-19 05:25:00.009,1,13079,0,129173.831,34948.801,105.966,96111.297,156002.840,49411.259
N,1,1,2025-01-19 05:30:00.031,1,13080,0,129173.988,34948.801,105.966,96111.528,156003.119,49411.259
N,1,1,2025-01-19 05:35:00.009,1,13081,0,129174.191,34948.801,105.966,96111.748,156003.419,49411.259
N,1,1,2025-01-19 05:40:00.010,1,13082,0,129174.367,34948.801,105.966,96111.960,156003.695,49411.259
N,1,1,2025-01-19 05:45:00.020,1,13083,0,129174.513,34948.801,105.966,96112.179,156003.959,49411.259
N,1,1,2025-01-19 05:50:00.002,1,13084,0,129174.651,34948.801,105.966,96112.403,156004.222,49411.259
N,1,1,2025-01-19 05:55:00.004,1,13085,0,129174.804,34948.801,105.966,96112.626,156004.493,49411.259
N,1,1,2025-01-19 06:00:00.010,1,13086,0,129174.927,34948.801,105.966,96112.855,156004.753,49411.259
N,1,1,2025-01-19 06:05:00.013,1,13087,0,129175.062,34948.801,105.966,96113.081,156005.019,49411.259
N,1,1,2025-01-19 06:10:00.014,1,13088,0,129175.187,34948.801,105.966,96113.313,156005.283,49411.259
N,1,1,2025-01-19 06:15:00.022,1,13089,0,129175.588,34948.801,105.966,96113.549,156005.751,49411.259
N,1,1,2025-01-19 06:20:00.011,1,13090,0,129175.907,34948.801,105.966,96113.775,156006.155,49411.259
N,1,1,2025-01-19 06:25:00.017,1,13091,0,129176.273,34948.801,105.966,96113.997,156006.583,49411.259
N,1,1,2025-01-19 06:30:00.010,1,13092,0,129176.631,34948.801,105.966,96114.212,156007.001,49411.259
N,1,1,2025-01-19 06:35:00.011,1,13093,0,129176.999,34948.801,105.966,96114.429,156007.428,49411.259
N,1,1,2025-01-19 06:40:00.003,1,13094,0,129177.429,34948.801,105.966,96114.654,156007.916,49411.259
N,1,1,2025-01-19 06:45:00.000,1,13095,0,129177.930,34948.804,105.966,96114.883,156008.460,49411.283
N,1,1,2025-01-19 06:50:00.010,1,13096,0,129177.941,34948.812,105.966,96115.110,156008.525,49411.448
N,1,1,2025-01-19 06:55:00.014,1,13097,0,129177.986,34948.813,105.966,96115.349,156008.754,49411.464
N,1,1,2025-01-19 07:00:00.016,1,13098,0,129178.025,34948.813,105.966,96115.583,156008.988,49411.468
N,1,1,2025-01-19 07:05:00.009,1,13099,0,129178.029,34948.822,105.966,96115.802,156009.057,49411.619
N,1,1,2025-01-19 07:10:00.005,1,13100,0,129178.037,34948.829,105.966,96116.020,156009.181,49411.714
N,1,1,2025-01-19 07:15:00.014,1,13101,0,129178.040,34948.833,105.966,96116.238,156009.280,49411.834
N,1,1,2025-01-19 07:20:00.014,1,13102,0,129178.045,34948.842,105.966,96116.449,156009.350,49411.976
N,1,1,2025-01-19 07:25:00.014,1,13103,0,129178.046,34948.845,105.966,96116.665,156009.420,49412.122
N,1,1,2025-01-19 07:30:00.011,1,13104,0,129178.057,34948.878,105.966,96116.880,156009.485,49412.280
N,1,1,2025-01-19 07:35:00.016,1,13105,0,129178.070,34948.882,105.966,96117.105,156009.605,49412.386
N,1,1,2025-01-19 07:40:00.010,1,13106,0,129178.086,34948.903,105.966,96117.324,156009.676,49412.541
N,1,1,2025-01-19 07:45:00.002,1,13107,0,129178.088,34948.907,105.966,96117.540,156009.755,49412.679
N,1,1,2025-01-19 07:50:00.003,1,13108,0,129178.097,34948.970,105.966,96117.750,156009.821,49412.846
N,1,1,2025-01-19 07:55:00.004,1,13109,0,129178.098,34948.974,105.966,96117.961,156009.883,49412.996
N,1,1,2025-01-19 08:00:00.017,1,13110,0,129178.122,34948.989,105.966,96118.179,156010.000,49413.104
N,1,1,2025-01-19 08:05:00.005,1,13111,0,129178.132,34949.018,105.966,96118.398,156010.074,49413.255
N,1,1,2025-01-19 08:10:00.012,1,13112,0,129178.142,34949.121,105.966,96118.620,156010.133,49413.462
N,1,1,2025-01-19 08:15:00.018,1,13113,0,129178.159,34949.157,105.966,96118.849,156010.221,49413.613
N,1,1,2025-01-19 08:20:00.016,1,13114,0,129178.188,34949.180,105.966,96119.078,156010.336,49413.738
N,1,1,2025-01-19 08:25:00.002,1,13115,0,129178.203,34949.214,105.966,96119.299,156010.431,49413.873
N,1,1,2025-01-19 08:30:00.001,1,13116,0,129178.207,34949.219,105.966,96119.488,156010.507,49413.986
N,1,1,2025-01-19 08:35:00.013,1,13117,0,129178.223,34949.227,105.966,96119.642,156010.587,49414.065
N,1,1,2025-01-19 08:40:00.000,1,13118,0,129178.237,34949.237,105.966,96119.802,156010.654,49414.164
N,1,1,2025-01-19 08:45:00.016,1,13119,0,129178.263,34949.328,105.966,96119.961,156010.706,49414.324
N,1,1,2025-01-19 08:50:00.012,1,13120,0,129178.272,34949.409,105.966,96120.118,156010.745,49414.481
N,1,1,2025-01-19 08:55:00.015,1,13121,0,129178.288,34949.436,105.966,96120.286,156010.820,49414.585
N,1,1,2025-01-19 09:00:00.005,1,13122,0,129178.293,34949.454,105.966,96120.471,156010.864,49414.728
N,1,1,2025-01-19 09:05:00.000,1,13123,0,129178.327,34949.484,105.966,96120.684,156010.957,49414.861
N,1,1,2025-01-19 09:10:00.013,1,13124,0,129178.345,34949.503,105.966,96120.902,156011.058,49414.984
N,1,1,2025-01-19 09:15:00.013,1,13125,0,129178.353,34949.595,105.966,96121.121,156011.107,49415.187
N,1,1,2025-01-19 09:20:00.007,1,13126,0,129178.425,34949.610,105.966,96121.318,156011.254,49415.265
N,1,1,2025-01-19 09:25:00.013,1,13127,0,129178.441,34949.637,105.966,96121.526,156011.311,49415.425
N,1,1,2025-01-19 09:30:00.002,1,13128,0,129178.451,34949.683,105.966,96121.742,156011.367,49415.596
N,1,1,2025-01-19 09:35:00.016,1,13129,0,129178.467,34949.702,105.966,96121.944,156011.465,49415.706
N,1,1,2025-01-19 09:40:00.000,1,13130,0,129178.472,34949.727,105.966,96122.163,156011.572,49415.827
N,1,1,2025-01-19 09:45:00.001,1,13131,0,129178.495,34949.794,105.966,96122.390,156011.653,49415.997
N,1,1,2025-01-19 09:50:00.001,1,13132,0,129178.511,34949.808,105.966,96122.622,156011.801,49416.084
N,1,1,2025-01-19 09:55:00.013,1,13133,0,129178.525,34949.816,105.966,96122.864,156011.901,49416.232
N,1,1,2025-01-19 10:00:00.004,1,13134,0,129178.537,34949.832,105.966,96123.121,156012.032,49416.360
N,1,1,2025-01-19 10:05:00.004,1,13135,0,129178.562,34949.869,105.966,96123.398,156012.211,49416.472
N,1,1,2025-01-19 10:10:00.000,1,13136,0,129178.578,34950.021,105.966,96123.661,156012.273,49416.732
N,1,1,2025-01-19 10:15:00.010,1,13137,0,129178.590,34950.043,105.966,96123.932,156012.393,49416.888
N,1,1,2025-01-19 10:20:00.003,1,13138,0,129178.593,34950.070,105.966,96124.188,156012.454,49417.087
N,1,1,2025-01-19 10:25:00.019,1,13139,0,129178.595,34950.098,105.966,96124.450,156012.459,49417.347
N,1,1,2025-01-19 10:30:00.012,1,13140,0,129178.605,34950.140,105.966,96124.709,156012.536,49417.535
N,1,1,2025-01-19 10:35:00.000,1,13141,0,129178.610,34950.174,105.966,96124.958,156012.666,49417.670
N,1,1,2025-01-19 10:40:00.010,1,13142,0,129178.616,34950.334,105.966,96125.209,156012.693,49417.956
N,1,1,2025-01-19 10:45:00.014,1,13143,0,129178.625,34950.411,105.966,96125.467,156012.707,49418.215
N,1,1,2025-01-19 10:50:00.016,1,13144,0,129178.640,34950.477,105.966,96125.725,156012.810,49418.389
N,1,1,2025-01-19 10:55:00.003,1,13145,0,129178.651,34950.549,105.966,96125.990,156012.906,49418.580
N,1,1,2025-01-19 11:00:00.021,1,13146,0,129178.690,34950.576,105.966,96126.263,156013.019,49418.755
N,1,1,2025-01-19 11:05:00.009,1,13147,0,129178.863,34950.576,105.966,96126.550,156013.362,49418.755
N,1,1,2025-01-19 11:10:00.018,1,13148,0,129178.979,34950.576,105.966,96126.831,156013.694,49418.756
N,1,1,2025-01-19 11:15:00.000,1,13149,0,129179.239,34950.576,105.966,96127.109,156014.083,49418.759
N,1,1,2025-01-19 11:20:00.006,1,13150,0,129179.382,34950.624,105.966,96127.381,156014.319,49418.875
N,1,1,2025-01-19 11:25:00.014,1,13151,0,129179.402,34950.625,105.966,96127.664,156014.563,49418.916
N,1,1,2025-01-19 11:30:00.017,1,13152,0,129179.436,34950.723,105.966,96127.939,156014.676,49419.117
N,1,1,2025-01-19 11:35:00.019,1,13153,0,129179.458,34950.743,105.966,96128.223,156014.827,49419.257
N,1,1,2025-01-19 11:40:00.006,1,13154,0,129179.573,34950.763,105.966,96128.506,156015.078,49419.326
N,1,1,2025-01-19 11:45:00.006,1,13155,0,129179.596,34950.853,105.966,96128.794,156015.186,49419.538
N,1,1,2025-01-19 11:50:00.005,1,13156,0,129179.632,34950.906,105.966,96129.088,156015.314,49419.721
N,1,1,2025-01-19 11:55:00.011,1,13157,0,129179.657,34950.932,105.966,96129.387,156015.461,49419.879
N,1,1,2025-01-19 12:00:00.017,1,13158,0,129179.671,34950.961,105.966,96129.685,156015.570,49420.073
N,1,1,2025-01-19 12:05:00.001,1,13159,0,129179.687,34950.992,105.966,96129.976,156015.705,49420.237
N,1,1,2025-01-19 12:10:00.019,1,13160,0,129179.884,34950.993,105.966,96130.256,156016.053,49420.251
N,1,1,2025-01-19 12:15:00.001,1,13161,0,129180.059,34950.993,105.966,96130.536,156016.391,49420.251
N,1,1,2025-01-19 12:20:00.009,1,13162,0,129180.455,34950.994,105.966,96130.830,156016.891,49420.257
N,1,1,2025-01-19 12:25:00.006,1,13163,0,129180.681,34951.017,105.966,96131.125,156017.225,49420.332
N,1,1,2025-01-19 12:30:00.012,1,13164,0,129181.035,34951.032,105.966,96131.432,156017.679,49420.378
N,1,1,2025-01-19 12:35:00.004,1,13165,0,129181.180,34951.164,105.966,96131.728,156017.905,49420.573
N,1,1,2025-01-19 12:40:00.006,1,13166,0,129181.219,34951.322,105.966,96132.024,156017.993,49420.858
N,1,1,2025-01-19 12:45:00.008,1,13167,0,129181.231,34951.327,105.966,96132.322,156018.125,49421.027
N,1,1,2025-01-19 12:50:00.002,1,13168,0,129181.259,34951.339,105.966,96132.610,156018.332,49421.111
N,1,1,2025-01-19 12:55:00.016,1,13169,0,129181.273,34951.422,105.966,96132.891,156018.453,49421.300
N,1,1,2025-01-19 13:00:00.002,1,13170,0,129181.275,34951.437,105.966,96133.177,156018.542,49421.499
N,1,1,2025-01-19 13:05:00.019,1,13171,0,129181.288,34951.439,105.966,96133.469,156018.729,49421.603
N,1,1,2025-01-19 13:10:00.003,1,13172,0,129181.296,34951.463,105.966,96133.751,156018.827,49421.793
N,1,1,2025-01-19 13:15:00.011,1,13173,0,129181.320,34951.465,105.966,96134.048,156019.119,49421.800
N,1,1,2025-01-19 13:20:00.007,1,13174,0,129181.346,34951.486,105.966,96134.340,156019.285,49421.932
N,1,1,2025-01-19 13:25:00.006,1,13175,0,129181.355,34951.493,105.966,96134.628,156019.441,49422.065
N,1,1,2025-01-19 13:30:00.007,1,13176,0,129181.519,34951.493,105.966,96134.930,156019.773,49422.082
N,1,1,2025-01-19 13:35:00.002,1,13177,0,129181.724,34951.493,105.966,96135.232,156020.142,49422.082
N,1,1,2025-01-19 13:40:00.012,1,13178,0,129181.899,34951.506,105.966,96135.536,156020.442,49422.159
N,1,1,2025-01-19 13:45:00.007,1,13179,0,129181.919,34951.536,105.966,96135.834,156020.525,49422.381
N,1,1,2025-01-19 13:50:00.019,1,13180,0,129181.944,34951.545,105.966,96136.131,156020.731,49422.476
N,1,1,2025-01-19 13:55:00.014,1,13181,0,129181.958,34951.615,105.966,96136.415,156020.838,49422.672
N,1,1,2025-01-19 14:00:00.000,1,13182,0,129181.978,34951.642,105.966,96136.698,156020.984,49422.817
N,1,1,2025-01-19 14:05:00.014,1,13183,0,129181.994,34951.677,105.966,96136.985,156021.115,49422.980
N,1,1,2025-01-19 14:10:00.015,1,13184,0,129182.004,34951.688,105.966,96137.282,156021.284,49423.109
N,1,1,2025-01-19 14:15:00.009,1,13185,0,129182.012,34951.693,105.966,96137.577,156021.406,49423.285
N,1,1,2025-01-19 14:20:00.013,1,13186,0,129182.034,34951.728,105.967,96137.857,156021.519,49423.460
N,1,1,2025-01-19 14:25:00.001,1,13187,0,129182.055,34951.757,105.967,96138.143,156021.663,49423.609
N,1,1,2025-01-19 14:30:00.014,1,13188,0,129182.064,34951.764,105.967,96138.427,156021.825,49423.733
N,1,1,2025-01-19 14:35:00.007,1,13189,0,129182.081,34951.788,105.967,96138.711,156021.980,49423.868
N,1,1,2025-01-19 14:40:00.012,1,13190,0,129182.099,34951.809,105.967,96138.987,156022.114,49424.016
N,1,1,2025-01-19 14:45:00.000,1,13191,0,129182.120,34951.854,105.967,96139.259,156022.223,49424.190
N,1,1,2025-01-19 14:50:00.012,1,13192,0,129182.137,34951.872,105.967,96139.533,156022.382,49424.309
N,1,1,2025-01-19 14:55:00.015,1,13193,0,129182.153,34951.901,105.967,96139.813,156022.488,49424.491
N,1,1,2025-01-19 15:00:00.018,1,13194,0,129182.156,34951.905,105.967,96140.092,156022.613,49424.646
N,1,1,2025-01-19 15:05:00.011,1,13195,0,129182.169,34951.917,105.967,96140.359,156022.752,49424.776
N,1,1,2025-01-19 15:10:00.007,1,13196,0,129182.172,34951.921,105.967,96140.626,156022.865,49424.931
N,1,1,2025-01-19 15:15:00.019,1,13197,0,129182.181,34951.945,105.967,96140.901,156022.958,49425.117
N,1,1,2025-01-19 15:20:00.006,1,13198,0,129182.230,34951.956,105.967,96141.191,156023.165,49425.214
N,1,1,2025-01-19 15:25:00.014,1,13199,0,129182.291,34951.985,105.967,96141.476,156023.325,49425.363
N,1,1,2025-01-19 15:30:00.004,1,13200,0,129182.311,34952.004,105.967,96141.763,156023.431,49425.549
N,1,1,2025-01-19 15:35:00.019,1,13201,0,129182.330,34952.028,105.967,96142.054,156023.534,49425.742
N,1,1,2025-01-19 15:40:00.016,1,13202,0,129182.348,34952.036,105.967,96142.353,156023.649,49425.929
N,1,1,2025-01-19 15:45:00.023,1,13203,0,129182.363,34952.069,105.967,96142.660,156023.740,49426.150
N,1,1,2025-01-19 15:50:00.006,1,13204,0,129182.422,34952.084,105.967,96142.968,156023.920,49426.293
N,1,1,2025-01-19 15:55:00.003,1,13205,0,129182.526,34952.092,105.967,96143.266,156024.160,49426.381
N,1,1,2025-01-19 16:00:00.010,1,13206,0,129182.543,34952.120,105.967,96143.573,156024.283,49426.569
N,1,1,2025-01-19 16:05:00.008,1,13207,0,129182.545,34952.126,105.967,96143.886,156024.374,49426.793
N,1,1,2025-01-19 16:10:00.013,1,13208,0,129182.627,34952.127,105.967,96144.196,156024.688,49426.806
N,1,1,2025-01-19 16:15:00.011,1,13209,0,129182.744,34952.127,105.967,96144.501,156025.017,49426.806
N,1,1,2025-01-19 16:20:00.010,1,13210,0,129183.001,34952.127,105.974,96144.747,156025.405,49426.806
N,1,1,2025-01-19 16:25:00.017,1,13211,0,129183.148,34952.135,105.974,96145.064,156025.665,49426.911
N,1,1,2025-01-19 16:30:00.031,1,13212,0,129183.153,34952.140,105.974,96145.389,156025.820,49427.082
N,1,1,2025-01-19 16:35:00.003,1,13213,0,129183.162,34952.145,105.974,96145.708,156025.999,49427.222
N,1,1,2025-01-19 16:40:00.016,1,13214,0,129183.298,34952.145,105.974,96146.026,156026.356,49427.235
N,1,1,2025-01-19 16:45:00.014,1,13215,0,129183.633,34952.145,105.974,96146.339,156026.816,49427.235
N,1,1,2025-01-19 16:50:00.007,1,13216,0,129183.695,34952.145,105.974,96146.648,156027.132,49427.235
N,1,1,2025-01-19 16:55:00.001,1,13217,0,129183.758,34952.145,105.974,96146.957,156027.447,49427.235
N,1,1,2025-01-19 17:00:00.008,1,13218,0,129183.953,34952.145,105.974,96147.268,156027.832,49427.235
N,1,1,2025-01-19 17:05:00.002,1,13219,0,129184.503,34952.145,105.974,96147.582,156028.467,49427.235
N,1,1,2025-01-19 17:10:00.000,1,13220,0,129185.035,34952.145,105.974,96147.908,156029.094,49427.235
N,1,1,2025-01-19 17:15:00.011,1,13221,0,129185.464,34952.145,105.974,96148.245,156029.644,49427.235
N,1,1,2025-01-19 17:20:00.010,1,13222,0,129186.005,34952.145,105.974,96148.580,156030.283,49427.235
N,1,1,2025-01-19 17:25:00.019,1,13223,0,129186.712,34952.145,105.982,96148.826,156031.047,49427.235
N,1,1,2025-01-19 17:30:00.018,1,13224,0,129187.566,34952.145,105.982,96149.139,156031.957,49427.235
N,1,1,2025-01-19 17:35:00.008,1,13225,0,129188.367,34952.145,105.982,96149.455,156032.818,49427.235
N,1,1,2025-01-19 17:40:00.018,1,13226,0,129189.115,34952.145,105.982,96149.764,156033.629,49427.235
N,1,1,2025-01-19 17:45:00.000,1,13227,0,129189.852,34952.145,105.982,96150.048,156034.420,49427.235
N,1,1,2025-01-19 17:50:00.001,1,13228,0,129190.566,34952.145,105.982,96150.330,156035.188,49427.235
N,1,1,2025-01-19 17:55:00.013,1,13229,0,129191.311,34952.145,105.982,96150.630,156035.992,49427.235
N,1,1,2025-01-19 18:00:00.012,1,13230,0,129192.070,34952.145,105.982,96150.937,156036.812,49427.235
N,1,1,2025-01-19 18:05:00.006,1,13231,0,129192.858,34952.145,105.982,96151.251,156037.660,49427.235
N,1,1,2025-01-19 18:10:00.004,1,13232,0,129193.943,34952.145,105.982,96151.547,156038.786,49427.235
N,1,1,2025-01-19 18:15:00.015,1,13233,0,129195.319,34952.145,105.982,96151.885,156040.203,49427.235
N,1,1,2025-01-19 18:20:00.001,1,13234,0,129196.721,34952.145,105.982,96152.222,156041.645,49427.235
N,1,1,2025-01-19 18:25:00.008,1,13235,0,129198.219,34952.145,105.982,96152.555,156043.180,49427.235
N,1,1,2025-01-19 18:30:00.016,1,13236,0,129199.350,34952.145,105.982,96152.875,156044.356,49427.235
N,1,1,2025-01-19 18:35:00.007,1,13237,0,129200.290,34952.145,105.982,96153.193,156045.348,49427.235
N,1,1,2025-01-19 18:40:00.011,1,13238,0,129201.569,34952.145,105.982,96153.513,156046.667,49427.235
N,1,1,2025-01-19 18:45:00.016,1,13239,0,129202.856,34952.145,105.983,96153.825,156047.992,49427.235
N,1,1,2025-01-19 18:50:00.001,1,13240,0,129204.156,34952.145,105.983,96154.144,156049.331,49427.235
N,1,1,2025-01-19 18:55:00.012,1,13241,0,129205.333,34952.145,105.983,96154.463,156050.551,49427.235
N,1,1,2025-01-19 19:00:00.023,1,13242,0,129206.711,34952.145,105.983,96154.782,156051.966,49427.235
N,1,1,2025-01-19 19:05:00.007,1,13243,0,129207.945,34952.145,105.983,96155.101,156053.241,49427.235
N,1,1,2025-01-19 19:10:00.011,1,13244,0,129208.961,34952.145,105.983,96155.423,156054.307,49427.235
N,1,1,2025-01-19 19:15:00.017,1,13245,0,129209.928,34952.145,105.988,96155.691,156055.320,49427.235
N,1,1,2025-01-19 19:20:00.013,1,13246,0,129210.925,34952.145,105.988,96156.015,156056.369,49427.235
N,1,1,2025-01-19 19:25:00.018,1,13247,0,129211.969,34952.145,105.988,96156.353,156057.467,49427.235
N,1,1,2025-01-19 19:30:00.004,1,13248,0,129212.993,34952.145,105.988,96156.692,156058.546,49427.235
N,1,1,2025-01-19 19:35:00.019,1,13249,0,129214.039,34952.145,105.988,96157.006,156059.638,49427.235
N,1,1,2025-01-19 19:40:00.010,1,13250,0,129215.147,34952.145,105.988,96157.326,156060.791,49427.235
N,1,1,2025-01-19 19:45:00.010,1,13251,0,129216.158,34952.145,105.988,96157.655,156061.855,49427.235
N,1,1,2025-01-19 19:50:00.016,1,13252,0,129217.268,34952.145,105.988,96157.974,156063.010,49427.235
N,1,1,2025-01-19 19:55:00.014,1,13253,0,129218.160,34952.145,105.988,96158.289,156063.956,49427.235
N,1,1,2025-01-19 20:00:00.005,1,13254,0,129219.356,34952.145,105.988,96158.611,156065.197,49427.235
N,1,1,2025-01-19 20:05:00.009,1,13255,0,129220.395,34952.145,105.988,96158.929,156066.284,49427.235
N,1,1,2025-01-19 20:10:00.005,1,13256,0,129221.508,34952.145,105.988,96159.244,156067.442,49427.235
N,1,1,2025-01-19 20:15:00.010,1,13257,0,129222.524,34952.145,105.988,96159.551,156068.505,49427.235
N,1,1,2025-01-19 20:20:00.010,1,13258,0,129223.386,34952.145,105.988,96159.856,156069.419,49427.235
N,1,1,2025-01-19 20:25:00.008,1,13259,0,129224.242,34952.145,105.988,96160.156,156070.327,49427.235
N,1,1,2025-01-19 20:30:00.019,1,13260,0,129225.256,34952.145,105.988,96160.453,156071.384,49427.235
N,1,1,2025-01-19 20:35:00.000,1,13261,0,129226.405,34952.145,105.988,96160.755,156072.572,49427.235
N,1,1,2025-01-19 20:40:00.001,1,13262,0,129227.494,34952.145,105.988,96161.056,156073.702,49427.235
N,1,1,2025-01-19 20:45:00.006,1,13263,0,129228.547,34952.145,105.988,96161.359,156074.798,49427.235
N,1,1,2025-01-19 20:50:00.012,1,13264,0,129229.610,34952.145,105.988,96161.662,156075.904,49427.235
N,1,1,2025-01-19 20:55:00.019,1,13265,0,129230.576,34952.145,105.988,96161.959,156076.915,49427.235
N,1,1,2025-01-19 21:00:00.002,1,13266,0,129231.223,34952.145,105.988,96162.245,156077.622,49427.235
N,1,1,2025-01-19 21:05:00.017,1,13267,0,129231.810,34952.145,105.988,96162.521,156078.270,49427.235
N,1,1,2025-01-19 21:10:00.005,1,13268,0,129232.385,34952.145,105.988,96162.800,156078.910,49427.235
N,1,1,2025-01-19 21:15:00.015,1,13269,0,129233.223,34952.145,105.988,96163.088,156079.796,49427.235
N,1,1,2025-01-19 21:20:00.000,1,13270,0,129234.044,34952.145,105.988,96163.372,156080.664,49427.235
N,1,1,2025-01-19 21:25:00.016,1,13271,0,129234.882,34952.145,105.988,96163.638,156081.544,49427.235
N,1,1,2025-01-19 21:30:00.011,1,13272,0,129235.749,34952.145,105.988,96163.898,156082.451,49427.235
N,1,1,2025-01-19 21:35:00.017,1,13273,0,129236.849,34952.145,105.988,96164.162,156083.582,49427.235
N,1,1,2025-01-19 21:40:00.009,1,13274,0,129237.621,34952.145,105.988,96164.423,156084.398,49427.235
N,1,1,2025-01-19 21:45:00.004,1,13275,0,129238.261,34952.145,105.988,96164.682,156085.089,49427.235
N,1,1,2025-01-19 21:50:00.002,1,13276,0,129238.681,34952.145,105.988,96164.937,156085.581,49427.235
N,1,1,2025-01-19 21:55:00.006,1,13277,0,129239.133,34952.145,105.988,96165.177,156086.094,49427.235
N,1,1,2025-01-19 22:00:00.001,1,13278,0,129239.577,34952.145,105.988,96165.414,156086.597,49427.235
N,1,1,2025-01-19 22:05:00.010,1,13279,0,129239.937,34952.145,105.988,96165.649,156087.030,49427.235
N,1,1,2025-01-19 22:10:00.013,1,13280,0,129240.205,34952.145,105.988,96165.885,156087.387,49427.235
N,1,1,2025-01-19 22:15:00.002,1,13281,0,129240.624,34952.145,105.988,96166.123,156087.874,49427.235
N,1,1,2025-01-19 22:20:00.018,1,13282,0,129241.211,34952.145,105.988,96166.371,156088.511,49427.235
N,1,1,2025-01-19 22:25:00.014,1,13283,0,129241.491,34952.145,105.988,96166.616,156088.883,49427.235
N,1,1,2025-01-19 22:30:00.017,1,13284,0,129241.777,34952.145,105.988,96166.858,156089.259,49427.235
N,1,1,2025-01-19 22:35:00.002,1,13285,0,129242.071,34952.145,105.988,96167.098,156089.638,49427.235
N,1,1,2025-01-19 22:40:00.011,1,13286,0,129242.390,34952.145,105.988,96167.347,156090.042,49427.235
N,1,1,2025-01-19 22:45:00.010,1,13287,0,129242.722,34952.145,105.988,96167.607,156090.464,49427.235
N,1,1,2025-01-19 22:50:00.006,1,13288,0,129243.053,34952.145,105.988,96167.866,156090.884,49427.235
N,1,1,2025-01-19 22:55:00.009,1,13289,0,129243.365,34952.145,105.988,96168.117,156091.285,49427.235
N,1,1,2025-01-19 23:00:00.017,1,13290,0,129243.740,34952.145,105.988,96168.364,156091.737,49427.235
N,1,1,2025-01-19 23:05:00.013,1,13291,0,129244.329,34952.145,105.988,96168.612,156092.376,49427.235
N,1,1,2025-01-19 23:10:00.019,1,13292,0,129244.983,34952.145,105.988,96168.863,156093.077,49427.235
N,1,1,2025-01-19 23:15:00.007,1,13293,0,129245.574,34952.145,105.988,96169.112,156093.719,49427.235
N,1,1,2025-01-19 23:20:00.014,1,13294,0,129245.985,34952.145,105.988,96169.358,156094.204,49427.235
N,1,1,2025-01-19 23:25:00.002,1,13295,0,129246.259,34952.145,105.988,96169.593,156094.565,49427.235
N,1,1,2025-01-19 23:30:00.001,1,13296,0,129246.533,34952.145,105.988,96169.828,156094.926,49427.235
N,1,1,2025-01-19 23:35:00.003,1,13297,0,129246.844,34952.145,105.988,96170.057,156095.315,49427.235
N,1,1,2025-01-19 23:40:00.004,1,13298,0,129247.402,34952.145,105.988,96170.287,156095.919,49427.235
N,1,1,2025-01-19 23:45:00.007,1,13299,0,129247.759,34952.145,105.988,96170.509,156096.344,49427.235
N,1,1,2025-01-19 23:50:00.003,1,13300,0,129248.025,34952.145,105.988,96170.730,156096.690,49427.235
N,1,1,2025-01-19 23:55:00.017,1,13301,0,129248.288,34952.145,105.988,96170.947,156097.031,49427.235
N,1,1,2025-01-20 00:00:00.002,1,13302,0,129248.669,34952.145,105.988,96171.171,156097.478,49427.235
N,1,1,2025-01-20 00:05:00.010,1,13303,0,129249.249,34952.145,105.988,96171.396,156098.099,49427.235
N,1,1,2025-01-20 00:10:00.011,1,13304,0,129249.547,34952.145,105.988,96171.625,156098.475,49427.235
N,1,1,2025-01-20 00:15:00.045,1,13305,0,129249.846,34952.145,105.988,96171.854,156098.852,49427.235
N,1,1,2025-01-20 00:20:00.008,1,13306,0,129250.145,34952.145,105.988,96172.085,156099.230,49427.235
N,1,1,2025-01-20 00:25:00.016,1,13307,0,129250.415,34952.145,105.988,96172.310,156099.582,49427.235
N,1,1,2025-01-20 00:30:00.036,1,13308,0,129250.682,34952.145,105.988,96172.535,156099.931,49427.235
N,1,1,2025-01-20 00:35:00.014,1,13309,0,129250.954,34952.145,105.988,96172.762,156100.284,49427.235
N,1,1,2025-01-20 00:40:00.014,1,13310,0,129251.145,34952.145,105.988,96172.976,156100.572,49427.235
N,1,1,2025-01-20 00:45:00.029,1,13311,0,129251.322,34952.145,105.988,96173.189,156100.849,49427.235
N,1,1,2025-01-20 00:50:00.002,1,13312,0,129251.497,34952.145,105.988,96173.402,156101.125,49427.235
N,1,1,2025-01-20 00:55:00.017,1,13313,0,129251.671,34952.145,105.988,96173.617,156101.402,49427.235
N,1,1,2025-01-20 01:00:00.017,1,13314,0,129251.847,34952.145,105.988,96173.835,156101.682,49427.235
N,1,1,2025-01-20 01:05:00.001,1,13315,0,129252.011,34952.145,105.988,96174.052,156101.955,49427.235
N,1,1,2025-01-20 01:10:00.013,1,13316,0,129252.456,34952.145,105.988,96174.278,156102.455,49427.235
N,1,1,2025-01-20 01:15:00.017,1,13317,0,129252.613,34952.145,105.988,96174.495,156102.725,49427.235
N,1,1,2025-01-20 01:20:00.003,1,13318,0,129252.761,34952.145,105.988,96174.713,156102.989,49427.235
N,1,1,2025-01-20 01:25:00.004,1,13319,0,129252.916,34952.145,105.988,96174.932,156103.257,49427.235
N,1,1,2025-01-20 01:30:00.000,1,13320,0,129253.105,34952.145,105.988,96175.152,156103.547,49427.235
N,1,1,2025-01-20 01:35:00.019,1,13321,0,129253.308,34952.145,105.988,96175.370,156103.846,49427.235
N,1,1,2025-01-20 01:40:00.005,1,13322,0,129253.506,34952.145,105.988,96175.597,156104.148,49427.235
N,1,1,2025-01-20 01:45:00.012,1,13323,0,129253.696,34952.145,105.988,96175.828,156104.447,49427.235
N,1,1,2025-01-20 01:50:00.002,1,13324,0,129253.884,34952.145,105.988,96176.058,156104.745,49427.235
N,1,1,2025-01-20 01:55:00.002,1,13325,0,129254.073,34952.145,105.988,96176.288,156105.042,49427.235
N,1,1,2025-01-20 02:00:00.006,1,13326,0,129254.262,34952.145,105.988,96176.508,156105.332,49427.235
N,1,1,2025-01-20 02:05:00.013,1,13327,0,129254.446,34952.145,105.988,96176.724,156105.616,49427.235
N,1,1,2025-01-20 02:10:00.019,1,13328,0,129254.639,34952.145,105.988,96176.941,156105.907,49427.235
N,1,1,2025-01-20 02:15:00.001,1,13329,0,129254.824,34952.145,105.988,96177.161,156106.194,49427.235
N,1,1,2025-01-20 02:20:00.013,1,13330,0,129255.007,34952.145,105.988,96177.380,156106.479,49427.235
N,1,1,2025-01-20 02:25:00.008,1,13331,0,129255.196,34952.145,105.988,96177.595,156106.766,49427.235
N,1,1,2025-01-20 02:30:00.001,1,13332,0,129255.389,34952.145,105.988,96177.812,156107.056,49427.235
N,1,1,2025-01-20 02:35:00.012,1,13333,0,129255.581,34952.145,105.988,96178.031,156107.347,49427.235
N,1,1,2025-01-20 02:40:00.003,1,13334,0,129255.763,34952.145,105.988,96178.249,156107.632,49427.235
N,1,1,2025-01-20 02:45:00.021,1,13335,0,129255.951,34952.145,105.988,96178.464,156107.917,49427.235
N,1,1,2025-01-20 02:50:00.012,1,13336,0,129256.162,34952.145,105.988,96178.683,156108.221,49427.235
N,1,1,2025-01-20 02:55:00.001,1,13337,0,129256.489,34952.145,105.988,96178.905,156108.625,49427.235
N,1,1,2025-01-20 03:00:00.023,1,13338,0,129256.992,34952.145,105.988,96179.132,156109.177,49427.235
N,1,1,2025-01-20 03:05:00.013,1,13339,0,129257.213,34952.145,105.988,96179.348,156109.491,49427.235
N,1,1,2025-01-20 03:10:00.001,1,13340,0,129257.392,34952.145,105.988,96179.570,156109.776,49427.235
N,1,1,2025-01-20 03:15:00.012,1,13341,0,129257.564,34952.145,105.988,96179.793,156110.058,49427.235
N,1,1,2025-01-20 03:20:00.014,1,13342,0,129257.736,34952.145,105.988,96180.016,156110.339,49427.235
N,1,1,2025-01-20 03:25:00.006,1,13343,0,129257.918,34952.145,105.988,96180.237,156110.626,49427.235
N,1,1,2025-01-20 03:30:00.000,1,13344,0,129258.099,34952.145,105.988,96180.451,156110.906,49427.235
N,1,1,2025-01-20 03:35:00.008,1,13345,0,129258.284,34952.145,105.988,96180.666,156111.189,49427.235
N,1,1,2025-01-20 03:40:00.018,1,13346,0,129258.469,34952.145,105.988,96180.881,156111.473,49427.235
N,1,1,2025-01-20 03:45:00.024,1,13347,0,129258.655,34952.145,105.988,96181.098,156111.759,49427.235
N,1,1,2025-01-20 03:50:00.016,1,13348,0,129258.834,34952.145,105.988,96181.314,156112.040,49427.235
N,1,1,2025-01-20 03:55:00.016,1,13349,0,129259.004,34952.145,105.988,96181.537,156112.320,49427.235
N,1,1,2025-01-20 04:00:00.022,1,13350,0,129259.209,34952.145,105.988,96181.768,156112.634,49427.235
N,1,1,2025-01-20 04:05:00.014,1,13351,0,129259.678,34952.145,105.988,96182.000,156113.158,49427.235
N,1,1,2025-01-20 04:10:00.009,1,13352,0,129260.007,34952.145,105.988,96182.227,156113.564,49427.235
N,1,1,2025-01-20 04:15:00.000,1,13353,0,129260.185,34952.145,105.988,96182.444,156113.845,49427.235
N,1,1,2025-01-20 04:20:00.011,1,13354,0,129260.366,34952.145,105.988,96182.662,156114.129,49427.235
N,1,1,2025-01-20 04:25:00.006,1,13355,0,129260.547,34952.145,105.988,96182.881,156114.413,49427.235
N,1,1,2025-01-20 04:30:00.020,1,13356,0,129260.717,34952.145,105.988,96183.099,156114.690,49427.235
N,1,1,2025-01-20 04:35:00.012,1,13357,0,129260.898,34952.145,105.988,96183.320,156114.977,49427.235
N,1,1,2025-01-20 04:40:00.013,1,13358,0,129261.341,34952.145,105.988,96183.553,156115.480,49427.235
N,1,1,2025-01-20 04:45:00.028,1,13359,0,129261.796,34952.145,105.988,96183.790,156115.993,49427.235
N,1,1,2025-01-20 04:50:00.008,1,13360,0,129262.396,34952.145,105.988,96184.025,156116.638,49427.235
N,1,1,2025-01-20 04:55:00.006,1,13361,0,129262.986,34952.145,105.988,96184.261,156117.275,49427.235
N,1,1,2025-01-20 05:00:00.023,1,13362,0,129263.376,34952.145,105.988,96184.491,156117.737,49427.235
N,1,1,2025-01-20 05:05:00.011,1,13363,0,129263.631,34952.145,105.988,96184.724,156118.087,49427.235
N,1,1,2025-01-20 05:10:00.005,1,13364,0,129263.821,34952.145,105.988,96184.959,156118.388,49427.235
N,1,1,2025-01-20 05:15:00.005,1,13365,0,129264.281,34952.145,105.988,96185.195,156118.911,49427.235
N,1,1,2025-01-20 05:20:00.005,1,13366,0,129264.666,34952.145,105.988,96185.432,156119.370,49427.235
N,1,1,2025-01-20 05:25:00.019,1,13367,0,129264.856,34952.145,105.988,96185.664,156119.671,49427.235
N,1,1,2025-01-20 05:30:00.001,1,13368,0,129265.207,34952.145,105.988,96185.905,156120.105,49427.235
N,1,1,2025-01-20 05:35:00.001,1,13369,0,129265.652,34952.145,105.988,96186.147,156120.617,49427.235
N,1,1,2025-01-20 05:40:00.009,1,13370,0,129265.882,34952.145,105.988,96186.377,156120.943,49427.235
N,1,1,2025-01-20 05:45:00.008,1,13371,0,129266.149,34952.145,105.988,96186.608,156121.296,49427.235
N,1,1,2025-01-20 05:50:00.001,1,13372,0,129266.495,34952.145,105.988,96186.841,156121.715,49427.235
N,1,1,2025-01-20 05:55:00.008,1,13373,0,129266.816,34952.145,105.988,96187.075,156122.115,49427.235
N,1,1,2025-01-20 06:00:00.003,1,13374,0,129267.092,34952.145,105.988,96187.317,156122.482,49427.235
N,1,1,2025-01-20 06:05:00.009,1,13375,0,129267.588,34952.145,105.988,96187.568,156123.042,49427.235
N,1,1,2025-01-20 06:10:00.011,1,13376,0,129268.189,34952.145,105.988,96187.812,156123.690,49427.235
N,1,1,2025-01-20 06:15:00.014,1,13377,0,129268.858,34952.145,105.989,96188.053,156124.402,49427.235
N,1,1,2025-01-20 06:20:00.006,1,13378,0,129269.507,34952.145,105.989,96188.295,156125.096,49427.235
N,1,1,2025-01-20 06:25:00.017,1,13379,0,129270.053,34952.145,105.989,96188.538,156125.697,49427.235
N,1,1,2025-01-20 06:30:00.011,1,13380,0,129270.370,34952.145,105.989,96188.780,156126.096,49427.235
N,1,1,2025-01-20 06:35:00.004,1,13381,0,129270.658,34952.145,105.989,96189.022,156126.472,49427.235
N,1,1,2025-01-20 06:40:00.015,1,13382,0,129270.924,34952.145,105.989,96189.272,156126.837,49427.235
N,1,1,2025-01-20 06:45:00.013,1,13383,0,129271.168,34952.145,105.989,96189.520,156127.186,49427.235
N,1,1,2025-01-20 06:50:00.004,1,13384,0,129271.393,34952.145,105.989,96189.769,156127.522,49427.235
N,1,1,2025-01-20 06:55:00.004,1,13385,0,129271.582,34952.145,105.989,96190.020,156127.837,49427.235
N,1,1,2025-01-20 07:00:00.020,1,13386,0,129271.753,34952.145,105.989,96190.272,156128.141,49427.235
N,1,1,2025-01-20 07:05:00.005,1,13387,0,129271.905,34952.145,105.989,96190.522,156128.435,49427.235
N,1,1,2025-01-20 07:10:00.005,1,13388,0,129272.016,34952.145,105.989,96190.764,156128.701,49427.235
N,1,1,2025-01-20 07:15:00.018,1,13389,0,129272.094,34952.145,105.989,96191.005,156128.955,49427.235
N,1,1,2025-01-20 07:20:00.019,1,13390,0,129272.110,34952.156,105.989,96191.242,156129.074,49427.355
N,1,1,2025-01-20 07:25:00.006,1,13391,0,129272.190,34952.159,105.989,96191.486,156129.312,49427.378
N,1,1,2025-01-20 07:30:00.018,1,13392,0,129272.197,34952.174,105.989,96191.727,156129.443,49427.492
N,1,1,2025-01-20 07:35:00.003,1,13393,0,129272.198,34952.177,105.989,96191.965,156129.481,49427.691
N,1,1,2025-01-20 07:40:00.002,1,13394,0,129272.199,34952.182,105.989,96192.192,156129.535,49427.864
N,1,1,2025-01-20 07:45:00.013,1,13395,0,129272.200,34952.186,105.989,96192.416,156129.587,49428.036
N,1,1,2025-01-20 07:50:00.001,1,13396,0,129272.202,34952.190,105.989,96192.640,156129.629,49428.219
N,1,1,2025-01-20 07:55:00.004,1,13397,0,129272.203,34952.194,105.989,96192.859,156129.673,49428.394
N,1,1,2025-01-20 08:00:00.014,1,13398,0,129272.205,34952.199,105.989,96193.074,156129.728,49428.554
N,1,1,2025-01-20 08:05:00.003,1,13399,0,129272.207,34952.203,105.989,96193.287,156129.791,49428.705
N,1,1,2025-01-20 08:10:00.007,1,13400,0,129272.209,34952.209,105.989,96193.503,156129.836,49428.876
N,1,1,2025-01-20 08:15:00.019,1,13401,0,129272.211,34952.212,105.989,96193.729,156129.904,49429.033
N,1,1,2025-01-20 08:20:00.010,1,13402,0,129272.213,34952.218,105.989,96193.954,156129.957,49429.206
N,1,1,2025-01-20 08:25:00.004,1,13403,0,129272.215,34952.223,105.989,96194.179,156130.031,49429.358
N,1,1,2025-01-20 08:30:00.014,1,13404,0,129272.224,34952.264,105.989,96194.395,156130.101,49429.518
N,1,1,2025-01-20 08:35:00.015,1,13405,0,129272.232,34952.270,105.989,96194.613,156130.189,49429.649
N,1,1,2025-01-20 08:40:00.017,1,13406,0,129272.232,34952.277,105.989,96194.833,156130.206,49429.852
N,1,1,2025-01-20 08:45:00.005,1,13407,0,129272.234,34952.289,105.989,96195.053,156130.221,49430.058
N,1,1,2025-01-20 08:50:00.010,1,13408,0,129272.234,34952.297,105.989,96195.281,156130.259,49430.248
N,1,1,2025-01-20 08:55:00.018,1,13409,0,129272.236,34952.306,105.989,96195.516,156130.306,49430.436
N,1,1,2025-01-20 09:00:00.021,1,13410,0,129272.237,34952.320,105.989,96195.758,156130.315,49430.671
N,1,1,2025-01-20 09:05:00.002,1,13411,0,129272.239,34952.334,105.989,96196.003,156130.324,49430.907
N,1,1,2025-01-20 09:10:00.014,1,13412,0,129272.239,34952.347,105.989,96196.246,156130.331,49431.143
N,1,1,2025-01-20 09:15:00.015,1,13413,0,129272.240,34952.368,105.989,96196.486,156130.337,49431.379
N,1,1,2025-01-20 09:20:00.017,1,13414,0,129272.240,34952.431,105.989,96196.726,156130.337,49431.629
N,1,1,2025-01-20 09:25:00.016,1,13415,0,129272.247,34952.474,105.989,96196.972,156130.430,49431.792
N,1,1,2025-01-20 09:30:00.024,1,13416,0,129272.250,34952.561,105.989,96197.221,156130.442,49432.045
N,1,1,2025-01-20 09:35:00.011,1,13417,0,129272.253,34952.696,105.989,96197.478,156130.457,49432.323
N,1,1,2025-01-20 09:40:00.010,1,13418,0,129272.265,34952.781,105.989,96197.740,156130.513,49432.551
N,1,1,2025-01-20 09:45:00.005,1,13419,0,129272.266,34952.949,105.989,96198.003,156130.514,49432.863
N,1,1,2025-01-20 09:50:00.002,1,13420,0,129272.273,34953.109,105.989,96198.266,156130.539,49433.151
N,1,1,2025-01-20 09:55:00.016,1,13421,0,129272.273,34953.280,105.989,96198.518,156130.540,49433.457
N,1,1,2025-01-20 10:00:00.009,1,13422,0,129272.274,34953.450,105.989,96198.763,156130.550,49433.757
N,1,1,2025-01-20 10:05:00.011,1,13423,0,129272.283,34953.471,105.989,96199.009,156130.610,49433.946
N,1,1,2025-01-20 10:10:00.016,1,13424,0,129272.285,34953.655,105.989,96199.253,156130.652,49434.234
N,1,1,2025-01-20 10:15:00.019,1,13425,0,129272.287,34953.818,105.989,96199.500,156130.664,49434.543
N,1,1,2025-01-20 10:20:00.004,1,13426,0,129272.312,34953.852,105.989,96199.755,156130.801,49434.672
N,1,1,2025-01-20 10:25:00.008,1,13427,0,129272.343,34953.961,105.989,96200.005,156130.882,49434.885
N,1,1,2025-01-20 10:30:00.020,1,13428,0,129272.347,34954.081,105.989,96200.273,156130.912,49435.156
N,1,1,2025-01-20 10:35:00.013,1,13429,0,129272.377,34954.108,105.989,96200.538,156131.070,49435.272
N,1,1,2025-01-20 10:40:00.012,1,13430,0,129272.543,34954.201,105.989,96200.794,156131.288,49435.433
N,1,1,2025-01-20 10:45:00.009,1,13431,0,129272.879,34954.207,105.989,96201.046,156131.711,49435.454
N,1,1,2025-01-20 10:50:00.011,1,13432,0,129272.914,34954.268,105.989,96201.289,156131.840,49435.592
N,1,1,2025-01-20 10:55:00.014,1,13433,0,129272.931,34954.326,105.989,96201.539,156131.925,49435.773
N,1,1,2025-01-20 11:00:00.018,1,13434,0,129272.936,34954.488,105.989,96201.784,156131.948,49436.059
N,1,1,2025-01-20 11:05:00.009,1,13435,0,129272.988,34954.517,105.989,96202.055,156132.131,49436.164
N,1,1,2025-01-20 11:10:00.017,1,13436,0,129273.322,34954.517,105.989,96202.336,156132.600,49436.164
N,1,1,2025-01-20 11:15:00.018,1,13437,0,129274.198,34954.517,105.989,96202.624,156133.523,49436.164
N,1,1,2025-01-20 11:20:00.014,1,13438,0,129274.747,34954.523,105.989,96202.908,156134.141,49436.188
N,1,1,2025-01-20 11:25:00.017,1,13439,0,129274.776,34954.543,105.989,96203.171,156134.299,49436.299
N,1,1,2025-01-20 11:30:00.016,1,13440,0,129274.815,34954.570,105.989,96203.440,156134.466,49436.412
N,1,1,2025-01-20 11:35:00.000,1,13441,0,129275.262,34954.578,105.989,96203.720,156135.003,49436.433
N,1,1,2025-01-20 11:40:00.004,1,13442,0,129275.667,34954.580,105.989,96203.999,156135.496,49436.441
N,1,1,2025-01-20 11:45:00.000,1,13443,0,129275.680,34954.675,105.989,96204.268,156135.546,49436.689
N,1,1,2025-01-20 11:50:00.020,1,13444,0,129275.728,34954.680,105.989,96204.546,156135.734,49436.795
N,1,1,2025-01-20 11:55:00.017,1,13445,0,129275.974,34954.680,105.989,96204.827,156136.114,49436.795
N,1,1,2025-01-20 12:00:00.014,1,13446,0,129276.168,34954.684,105.989,96205.110,156136.444,49436.816
N,1,1,2025-01-20 12:05:00.018,1,13447,0,129276.228,34954.698,105.989,96205.391,156136.674,49436.880
N,1,1,2025-01-20 12:10:00.008,1,13448,0,129276.272,34954.831,105.989,96205.666,156136.798,49437.100
N,1,1,2025-01-20 12:15:00.001,1,13449,0,129276.293,34954.843,105.989,96205.944,156136.934,49437.246
N,1,1,2025-01-20 12:20:00.005,1,13450,0,129276.417,34954.857,105.989,96206.227,156137.200,49437.311
N,1,1,2025-01-20 12:25:00.015,1,13451,0,129276.829,34954.857,105.989,96206.515,156137.704,49437.311
N,1,1,2025-01-20 12:30:00.018,1,13452,0,129277.077,34954.857,105.989,96206.801,156138.087,49437.311
N,1,1,2025-01-20 12:35:00.018,1,13453,0,129277.247,34954.857,105.989,96207.094,156138.429,49437.311
N,1,1,2025-01-20 12:40:00.003,1,13454,0,129277.302,34954.858,105.989,96207.387,156138.714,49437.327
N,1,1,2025-01-20 12:45:00.013,1,13455,0,129277.378,34954.890,105.989,96207.678,156138.937,49437.418
N,1,1,2025-01-20 12:50:00.015,1,13456,0,129277.617,34954.890,105.989,96207.972,156139.317,49437.418
N,1,1,2025-01-20 12:55:00.018,1,13457,0,129277.864,34954.890,105.989,96208.259,156139.697,49437.418
N,1,1,2025-01-20 13:00:00.007,1,13458,0,129278.128,34954.890,105.989,96208.541,156140.083,49437.418
N,1,1,2025-01-20 13:05:00.017,1,13459,0,129278.574,34954.890,105.989,96208.825,156140.614,49437.418
N,1,1,2025-01-20 13:10:00.002,1,13460,0,129278.750,34954.900,105.989,96209.106,156140.915,49437.475
N,1,1,2025-01-20 13:15:00.002,1,13461,0,129278.760,34954.931,105.989,96209.373,156141.014,49437.649
N,1,1,2025-01-20 13:20:00.006,1,13462,0,129278.770,34954.940,105.989,96209.654,156141.144,49437.801
N,1,1,2025-01-20 13:25:00.013,1,13463,0,129278.800,34955.000,105.989,96209.926,156141.308,49437.936
N,1,1,2025-01-20 13:30:00.015,1,13464,0,129278.965,34955.000,105.989,96210.200,156141.632,49437.936
N,1,1,2025-01-20 13:35:00.005,1,13465,0,129279.215,34955.000,105.989,96210.471,156142.007,49437.936
N,1,1,2025-01-20 13:40:00.013,1,13466,0,129279.723,34955.000,105.989,96210.739,156142.581,49437.936
N,1,1,2025-01-20 13:45:00.013,1,13467,0,129280.064,34955.000,105.989,96211.004,156143.026,49437.936
N,1,1,2025-01-20 13:50:00.011,1,13468,0,129280.511,34955.000,105.989,96211.267,156143.544,49437.936
N,1,1,2025-01-20 13:55:00.008,1,13469,0,129280.798,34955.000,105.989,96211.528,156143.948,49437.936
N,1,1,2025-01-20 14:00:00.004,1,13470,0,129280.909,34955.000,105.989,96211.787,156144.230,49437.936
N,1,1,2025-01-20 14:05:00.007,1,13471,0,129281.051,34955.000,105.989,96212.056,156144.536,49437.936
N,1,1,2025-01-20 14:10:00.019,1,13472,0,129281.185,34955.000,105.989,96212.326,156144.838,49437.936
N,1,1,2025-01-20 14:15:00.010,1,13473,0,129281.334,34955.000,105.989,96212.596,156145.146,49437.936
N,1,1,2025-01-20 14:20:00.010,1,13474,0,129281.375,34955.022,105.989,96212.856,156145.310,49438.045
N,1,1,2025-01-20 14:25:00.001,1,13475,0,129281.389,34955.090,105.989,96213.107,156145.378,49438.250
N,1,1,2025-01-20 14:30:00.018,1,13476,0,129281.403,34955.267,105.989,96213.359,156145.438,49438.522
N,1,1,2025-01-20 14:35:00.001,1,13477,0,129281.417,34955.397,105.989,96213.605,156145.488,49438.775
N,1,1,2025-01-20 14:40:00.004,1,13478,0,129281.448,34955.510,105.989,96213.863,156145.562,49439.009
N,1,1,2025-01-20 14:45:00.009,1,13479,0,129281.681,34955.511,105.989,96214.129,156145.915,49439.015
N,1,1,2025-01-20 14:50:00.002,1,13480,0,129281.938,34955.550,105.989,96214.398,156146.269,49439.064
N,1,1,2025-01-20 14:55:00.013,1,13481,0,129281.946,34955.776,105.989,96214.662,156146.295,49439.408
N,1,1,2025-01-20 15:00:00.003,1,13482,0,129281.969,34955.845,105.989,96214.929,156146.384,49439.608
N,1,1,2025-01-20 15:05:00.016,1,13483,0,129282.062,34955.961,105.989,96215.180,156146.553,49439.781
N,1,1,2025-01-20 15:10:00.005,1,13484,0,129282.070,34956.131,105.989,96215.439,156146.578,49440.080
N,1,1,2025-01-20 15:15:00.009,1,13485,0,129282.092,34956.139,105.989,96215.698,156146.755,49440.167
N,1,1,2025-01-20 15:20:00.007,1,13486,0,129282.114,34956.222,105.989,96215.951,156146.833,49440.372
N,1,1,2025-01-20 15:25:00.000,1,13487,0,129282.118,34956.267,105.989,96216.211,156146.918,49440.556
N,1,1,2025-01-20 15:30:00.019,1,13488,0,129282.120,34956.280,105.989,96216.468,156146.956,49440.776
N,1,1,2025-01-20 15:35:00.017,1,13489,0,129282.121,34956.292,105.989,96216.727,156146.984,49441.008
N,1,1,2025-01-20 15:40:00.010,1,13490,0,129282.127,34956.319,105.989,96216.988,156147.015,49441.241
N,1,1,2025-01-20 15:45:00.004,1,13491,0,129282.128,34956.350,105.989,96217.253,156147.017,49441.507
N,1,1,2025-01-20 15:50:00.004,1,13492,0,129282.135,34956.374,105.989,96217.515,156147.082,49441.706
N,1,1,2025-01-20 15:55:00.014,1,13493,0,129282.146,34956.422,105.989,96217.772,156147.137,49441.916
N,1,1,2025-01-20 16:00:00.019,1,13494,0,129282.166,34956.460,105.989,96218.036,156147.259,49442.067
N,1,1,2025-01-20 16:05:00.007,1,13495,0,129282.328,34956.460,105.989,96218.302,156147.571,49442.067
N,1,1,2025-01-20 16:10:00.017,1,13496,0,129282.334,34956.522,105.989,96218.567,156147.580,49442.332
N,1,1,2025-01-20 16:15:00.024,1,13497,0,129282.392,34956.554,105.989,96218.834,156147.704,49442.498
N,1,1,2025-01-20 16:20:00.018,1,13498,0,129282.585,34956.554,105.989,96219.100,156148.034,49442.498
N,1,1,2025-01-20 16:25:00.017,1,13499,0,129282.714,34956.554,105.989,96219.360,156148.324,49442.498
N,1,1,2025-01-20 16:30:00.028,1,13500,0,129282.979,34956.554,105.989,96219.618,156148.709,49442.498
N,1,1,2025-01-20 16:35:00.017,1,13501,0,129283.463,34956.554,106.006,96219.823,156149.257,49442.498
N,1,1,2025-01-20 16:40:00.016,1,13502,0,129283.778,34956.554,106.006,96220.118,156149.688,49442.498
N,1,1,2025-01-20 16:45:00.022,1,13503,0,129284.379,34956.554,106.006,96220.416,156150.360,49442.498
N,1,1,2025-01-20 16:50:00.003,1,13504,0,129285.006,34956.554,106.006,96220.710,156151.054,49442.498
N,1,1,2025-01-20 16:55:00.018,1,13505,0,129285.484,34956.554,106.006,96220.997,156151.614,49442.498
N,1,1,2025-01-20 17:00:00.022,1,13506,0,129285.972,34956.554,106.006,96221.292,156152.185,49442.498
N,1,1,2025-01-20 17:05:00.009,1,13507,0,129286.783,34956.554,106.006,96221.593,156153.051,49442.498
N,1,1,2025-01-20 17:10:00.009,1,13508,0,129287.548,34956.554,106.006,96221.894,156153.873,49442.498
N,1,1,2025-01-20 17:15:00.019,1,13509,0,129288.260,34956.554,106.006,96222.195,156154.648,49442.498
N,1,1,2025-01-20 17:20:00.018,1,13510,0,129289.145,34956.554,106.006,96222.508,156155.587,49442.498
N,1,1,2025-01-20 17:25:00.000,1,13511,0,129290.451,34956.554,106.006,96222.833,156156.934,49442.498
N,1,1,2025-01-20 17:30:00.015,1,13512,0,129291.756,34956.554,106.006,96223.152,156158.278,49442.498
N,1,1,2025-01-20 17:35:00.006,1,13513,0,129292.764,34956.554,106.006,96223.467,156159.334,49442.498
N,1,1,2025-01-20 17:40:00.003,1,13514,0,129293.538,34956.554,106.006,96223.779,156160.169,49442.498
N,1,1,2025-01-20 17:45:00.019,1,13515,0,129294.411,34956.554,106.006,96224.095,156161.098,49442.498
N,1,1,2025-01-20 17:50:00.016,1,13516,0,129295.364,34956.554,106.006,96224.417,156162.103,49442.498
N,1,1,2025-01-20 17:55:00.011,1,13517,0,129296.350,34956.554,106.006,96224.741,156163.141,49442.498
N,1,1,2025-01-20 18:00:00.015,1,13518,0,129297.335,34956.554,106.006,96225.075,156164.181,49442.498
N,1,1,2025-01-20 18:05:00.019,1,13519,0,129298.238,34956.554,106.006,96225.396,156165.140,49442.498
N,1,1,2025-01-20 18:10:00.014,1,13520,0,129299.094,34956.554,106.006,96225.704,156166.050,49442.498
N,1,1,2025-01-20 18:15:00.008,1,13521,0,129300.058,34956.554,106.006,96226.029,156167.067,49442.498
N,1,1,2025-01-20 18:20:00.000,1,13522,0,129300.903,34956.554,106.006,96226.340,156167.967,49442.498
N,1,1,2025-01-20 18:25:00.000,1,13523,0,129301.878,34956.554,106.006,96226.654,156168.992,49442.498
N,1,1,2025-01-20 18:30:00.007,1,13524,0,129302.940,34956.554,106.006,96226.966,156170.100,49442.498
N,1,1,2025-01-20 18:35:00.007,1,13525,0,129304.269,34956.554,106.006,96227.278,156171.465,49442.498
N,1,1,2025-01-20 18:40:00.017,1,13526,0,129305.495,34956.554,106.006,96227.605,156172.735,49442.498
N,1,1,2025-01-20 18:45:00.012,1,13527,0,129306.710,34956.554,106.006,96227.924,156173.991,49442.498
N,1,1,2025-01-20 18:50:00.009,1,13528,0,129308.069,34956.554,106.006,96228.254,156175.390,49442.498
N,1,1,2025-01-20 18:55:00.020,1,13529,0,129309.186,34956.554,106.006,96228.579,156176.554,49442.498
N,1,1,2025-01-20 19:00:00.007,1,13530,0,129310.581,34956.554,106.006,96228.898,156177.985,49442.498
N,1,1,2025-01-20 19:05:00.002,1,13531,0,129312.041,34956.554,106.006,96229.214,156179.479,49442.498
N,1,1,2025-01-20 19:10:00.002,1,13532,0,129313.426,34956.554,106.006,96229.544,156180.904,49442.498
N,1,1,2025-01-20 19:15:00.018,1,13533,0,129314.943,34956.554,106.006,96229.883,156182.457,49442.498
N,1,1,2025-01-20 19:20:00.014,1,13534,0,129316.563,34956.554,106.006,96230.224,156184.114,49442.498
N,1,1,2025-01-20 19:25:00.000,1,13535,0,129317.898,34956.554,106.006,96230.571,156185.493,49442.498
N,1,1,2025-01-20 19:30:00.019,1,13536,0,129319.227,34956.554,106.006,96230.924,156186.869,49442.498
N,1,1,2025-01-20 19:35:00.017,1,13537,0,129320.703,34956.554,106.006,96231.274,156188.386,49442.498
N,1,1,2025-01-20 19:40:00.011,1,13538,0,129322.119,34956.554,106.006,96231.615,156189.842,49442.498
N,1,1,2025-01-20 19:45:00.014,1,13539,0,129323.573,34956.554,106.006,96231.948,156191.335,49442.498
N,1,1,2025-01-20 19:50:00.019,1,13540,0,129324.981,34956.554,106.006,96232.284,156192.782,49442.498
N,1,1,2025-01-20 19:55:00.006,1,13541,0,129326.466,34956.554,106.006,96232.615,156194.304,49442.498
N,1,1,2025-01-20 20:00:00.029,1,13542,0,129328.030,34956.554,106.006,96232.953,156195.905,49442.498
N,1,1,2025-01-20 20:05:00.001,1,13543,0,129329.368,34956.554,106.006,96233.284,156197.284,49442.498
N,1,1,2025-01-20 20:10:00.009,1,13544,0,129330.562,34956.554,106.006,96233.606,156198.520,49442.498
N,1,1,2025-01-20 20:15:00.015,1,13545,0,129331.696,34956.554,106.006,96233.926,156199.700,49442.498
N,1,1,2025-01-20 20:20:00.001,1,13546,0,129333.079,34956.554,106.006,96234.244,156201.118,49442.498
N,1,1,2025-01-20 20:25:00.003,1,13547,0,129334.214,34956.554,106.006,96234.558,156202.297,49442.498
N,1,1,2025-01-20 20:30:00.011,1,13548,0,129335.286,34956.554,106.006,96234.874,156203.415,49442.498
N,1,1,2025-01-20 20:35:00.013,1,13549,0,129336.278,34956.554,106.006,96235.193,156204.458,49442.498
N,1,1,2025-01-20 20:40:00.000,1,13550,0,129337.311,34956.554,106.006,96235.516,156205.541,49442.498
N,1,1,2025-01-20 20:45:00.017,1,13551,0,129338.185,34956.554,106.006,96235.838,156206.472,49442.498
N,1,1,2025-01-20 20:50:00.014,1,13552,0,129339.111,34956.554,106.006,96236.159,156207.452,49442.498
N,1,1,2025-01-20 20:55:00.002,1,13553,0,129340.167,34956.554,106.006,96236.496,156208.561,49442.498
N,1,1,2025-01-20 21:00:00.004,1,13554,0,129341.700,34956.554,106.006,96236.843,156210.134,49442.498
N,1,1,2025-01-20 21:05:00.000,1,13555,0,129343.022,34956.554,106.006,96237.187,156211.499,49442.498
N,1,1,2025-01-20 21:10:00.002,1,13556,0,129344.422,34956.554,106.006,96237.531,156212.941,49442.498
N,1,1,2025-01-20 21:15:00.014,1,13557,0,129345.796,34956.554,106.006,96237.864,156214.355,49442.498
N,1,1,2025-01-20 21:20:00.005,1,13558,0,129346.961,34956.554,106.006,96238.197,156215.567,49442.498
N,1,1,2025-01-20 21:25:00.005,1,13559,0,129348.153,34956.554,106.006,96238.532,156216.806,49442.498
N,1,1,2025-01-20 21:30:00.008,1,13560,0,129349.433,34956.554,106.006,96238.862,156218.129,49442.498
N,1,1,2025-01-20 21:35:00.018,1,13561,0,129350.302,34956.554,106.006,96239.191,156219.058,49442.498
N,1,1,2025-01-20 21:40:00.007,1,13562,0,129351.167,34956.554,106.006,96239.527,156219.986,49442.498
N,1,1,2025-01-20 21:45:00.012,1,13563,0,129352.034,34956.554,106.006,96239.861,156220.915,49442.498
N,1,1,2025-01-20 21:50:00.012,1,13564,0,129352.919,34956.554,106.006,96240.189,156221.859,49442.498
N,1,1,2025-01-20 21:55:00.006,1,13565,0,129353.800,34956.554,106.006,96240.522,156222.801,49442.498
N,1,1,2025-01-20 22:00:00.007,1,13566,0,129354.672,34956.554,106.006,96240.858,156223.735,49442.498
N,1,1,2025-01-20 22:05:00.005,1,13567,0,129355.670,34956.554,106.006,96241.173,156224.783,49442.498
N,1,1,2025-01-20 22:10:00.004,1,13568,0,129356.670,34956.554,106.006,96241.472,156225.826,49442.498
N,1,1,2025-01-20 22:15:00.010,1,13569,0,129357.556,34956.554,106.006,96241.787,156226.767,49442.498
N,1,1,2025-01-20 22:20:00.017,1,13570,0,129358.397,34956.554,106.006,96242.108,156227.668,49442.498
N,1,1,2025-01-20 22:25:00.000,1,13571,0,129359.243,34956.554,106.006,96242.427,156228.571,49442.498
N,1,1,2025-01-20 22:30:00.004,1,13572,0,129360.103,34956.554,106.006,96242.741,156229.486,49442.498
N,1,1,2025-01-20 22:35:00.007,1,13573,0,129360.946,34956.554,106.006,96243.047,156230.384,49442.498
N,1,1,2025-01-20 22:40:00.019,1,13574,0,129361.759,34956.554,106.006,96243.347,156231.250,49442.498
N,1,1,2025-01-20 22:45:00.001,1,13575,0,129362.537,34956.554,106.006,96243.642,156232.082,49442.498
N,1,1,2025-01-20 22:50:00.008,1,13576,0,129363.309,34956.554,106.006,96243.935,156232.908,49442.498
N,1,1,2025-01-20 22:55:00.004,1,13577,0,129364.134,34956.554,106.006,96244.246,156233.790,49442.498
N,1,1,2025-01-20 23:00:00.014,1,13578,0,129364.981,34956.554,106.006,96244.566,156234.695,49442.498
N,1,1,2025-01-20 23:05:00.011,1,13579,0,129365.829,34956.554,106.006,96244.886,156235.601,49442.498
N,1,1,2025-01-20 23:10:00.018,1,13580,0,129366.670,34956.554,106.006,96245.206,156236.501,49442.498
N,1,1,2025-01-20 23:15:00.006,1,13581,0,129367.569,34956.554,106.006,96245.519,156237.454,49442.498
N,1,1,2025-01-20 23:20:00.009,1,13582,0,129368.344,34956.554,106.006,96245.823,156238.286,49442.498
N,1,1,2025-01-20 23:25:00.012,1,13583,0,129369.079,34956.554,106.006,96246.113,156239.076,49442.498
N,1,1,2025-01-20 23:30:00.014,1,13584,0,129369.893,34956.554,106.006,96246.409,156239.942,49442.498
N,1,1,2025-01-20 23:35:00.015,1,13585,0,129370.729,34956.554,106.006,96246.710,156240.831,49442.498
N,1,1,2025-01-20 23:40:00.009,1,13586,0,129371.568,34956.554,106.006,96247.020,156241.726,49442.498
N,1,1,2025-01-20 23:45:00.026,1,13587,0,129372.496,34956.554,106.006,96247.328,156242.703,49442.498
N,1,1,2025-01-20 23:50:00.006,1,13588,0,129373.462,34956.554,106.006,96247.622,156243.713,49442.498
N,1,1,2025-01-20 23:55:00.004,1,13589,0,129374.170,34956.554,106.006,96247.909,156244.478,49442.498
N,1,1,2025-01-21 00:00:00.009,1,13590,0,129374.895,34956.554,106.006,96248.194,156245.257,49442.498
N,1,1,2025-01-21 00:05:00.001,1,13591,0,129375.609,34956.554,106.006,96248.477,156246.024,49442.498
N,1,1,2025-01-21 00:10:00.004,1,13592,0,129376.312,34956.554,106.006,96248.762,156246.783,49442.498
N,1,1,2025-01-21 00:15:00.045,1,13593,0,129377.022,34956.554,106.006,96249.049,156247.550,49442.498
N,1,1,2025-01-21 00:20:00.005,1,13594,0,129377.996,34956.554,106.006,96249.347,156248.569,49442.498
N,1,1,2025-01-21 00:25:00.014,1,13595,0,129378.965,34956.554,106.006,96249.643,156249.582,49442.498
N,1,1,2025-01-21 00:30:00.022,1,13596,0,129380.009,34956.554,106.006,96249.938,156250.667,49442.498
N,1,1,2025-01-21 00:35:00.011,1,13597,0,129381.243,34956.554,106.006,96250.238,156251.937,49442.498
N,1,1,2025-01-21 00:40:00.018,1,13598,0,129382.038,34956.554,106.006,96250.527,156252.783,49442.498
N,1,1,2025-01-21 00:45:00.011,1,13599,0,129382.731,34956.554,106.006,96250.815,156253.534,49442.498
N,1,1,2025-01-21 00:50:00.012,1,13600,0,129383.428,34956.554,106.006,96251.102,156254.288,49442.498
N,1,1,2025-01-21 00:55:00.003,1,13601,0,129384.156,34956.554,106.006,96251.399,156255.074,49442.498
N,1,1,2025-01-21 01:00:00.018,1,13602,0,129384.925,34956.554,106.006,96251.710,156255.903,49442.498
N,1,1,2025-01-21 01:05:00.010,1,13603,0,129385.594,34956.554,106.006,96252.012,156256.637,49442.498
N,1,1,2025-01-21 01:10:00.005,1,13604,0,129386.150,34956.554,106.006,96252.298,156257.264,49442.498
N,1,1,2025-01-21 01:15:00.003,1,13605,0,129386.690,34956.554,106.006,96252.577,156257.871,49442.498
N,1,1,2025-01-21 01:20:00.007,1,13606,0,129387.244,34956.554,106.006,96252.850,156258.488,49442.498
N,1,1,2025-01-21 01:25:00.007,1,13607,0,129387.788,34956.554,106.006,96253.118,156259.095,49442.498
N,1,1,2025-01-21 01:30:00.001,1,13608,0,129388.327,34956.554,106.006,96253.388,156259.698,49442.498
N,1,1,2025-01-21 01:35:00.017,1,13609,0,129388.869,34956.554,106.006,96253.658,156260.303,49442.498
N,1,1,2025-01-21 01:40:00.020,1,13610,0,129389.399,34956.554,106.006,96253.925,156260.897,49442.498
N,1,1,2025-01-21 01:45:00.004,1,13611,0,129389.905,34956.554,106.006,96254.190,156261.468,49442.498
N,1,1,2025-01-21 01:50:00.009,1,13612,0,129390.396,34956.554,106.006,96254.451,156262.024,49442.498
N,1,1,2025-01-21 01:55:00.008,1,13613,0,129390.893,34956.554,106.006,96254.713,156262.586,49442.498
N,1,1,2025-01-21 02:00:00.001,1,13614,0,129391.420,34956.554,106.006,96254.974,156263.175,49442.498
N,1,1,2025-01-21 02:05:00.011,1,13615,0,129391.968,34956.554,106.006,96255.243,156263.785,49442.498
N,1,1,2025-01-21 02:10:00.007,1,13616,0,129392.517,34956.554,106.006,96255.519,156264.399,49442.498
N,1,1,2025-01-21 02:15:00.021,1,13617,0,129393.062,34956.554,106.006,96255.795,156265.010,49442.498
N,1,1,2025-01-21 02:20:00.012,1,13618,0,129393.594,34956.554,106.006,96256.072,156265.610,49442.498
N,1,1,2025-01-21 02:25:00.000,1,13619,0,129394.082,34956.554,106.006,96256.353,156266.173,49442.498
N,1,1,2025-01-21 02:30:00.011,1,13620,0,129394.864,34956.554,106.006,96256.634,156267.004,49442.498
N,1,1,2025-01-21 02:35:00.019,1,13621,0,129395.530,34956.554,106.006,96256.917,156267.731,49442.498
N,1,1,2025-01-21 02:40:00.006,1,13622,0,129396.024,34956.554,106.006,96257.199,156268.299,49442.498
N,1,1,2025-01-21 02:45:00.008,1,13623,0,129396.511,34956.554,106.006,96257.473,156268.859,49442.498
N,1,1,2025-01-21 02:50:00.018,1,13624,0,129397.002,34956.554,106.006,96257.748,156269.421,49442.498
N,1,1,2025-01-21 02:55:00.002,1,13625,0,129397.490,34956.554,106.006,96258.021,156269.980,49442.498
N,1,1,2025-01-21 03:00:00.015,1,13626,0,129397.977,34956.554,106.006,96258.293,156270.539,49442.498
N,1,1,2025-01-21 03:05:00.014,1,13627,0,129398.452,34956.554,106.006,96258.571,156271.089,49442.498
N,1,1,2025-01-21 03:10:00.002,1,13628,0,129398.943,34956.554,106.006,96258.851,156271.654,49442.498
N,1,1,2025-01-21 03:15:00.000,1,13629,0,129399.434,34956.554,106.006,96259.133,156272.221,49442.498
N,1,1,2025-01-21 03:20:00.005,1,13630,0,129399.920,34956.554,106.006,96259.414,156272.782,49442.498
N,1,1,2025-01-21 03:25:00.005,1,13631,0,129400.397,34956.554,106.006,96259.691,156273.333,49442.498
N,1,1,2025-01-21 03:30:00.013,1,13632,0,129400.855,34956.554,106.006,96259.962,156273.866,49442.498
N,1,1,2025-01-21 03:35:00.001,1,13633,0,129401.313,34956.554,106.006,96260.233,156274.398,49442.498
N,1,1,2025-01-21 03:40:00.007,1,13634,0,129401.762,34956.554,106.006,96260.498,156274.920,49442.498
N,1,1,2025-01-21 03:45:00.005,1,13635,0,129402.171,34956.554,106.006,96260.754,156275.402,49442.498
N,1,1,2025-01-21 03:50:00.002,1,13636,0,129402.561,34956.554,106.006,96261.008,156275.867,49442.498
N,1,1,2025-01-21 03:55:00.003,1,13637,0,129402.965,34956.554,106.006,96261.267,156276.347,49442.498
N,1,1,2025-01-21 04:00:00.017,1,13638,0,129403.366,34956.554,106.006,96261.533,156276.828,49442.498
N,1,1,2025-01-21 04:05:00.014,1,13639,0,129403.721,34956.554,106.006,96261.799,156277.273,49442.498
N,1,1,2025-01-21 04:10:00.001,1,13640,0,129404.072,34956.554,106.006,96262.056,156277.708,49442.498
N,1,1,2025-01-21 04:15:00.013,1,13641,0,129404.637,34956.554,106.006,96262.322,156278.334,49442.498
N,1,1,2025-01-21 04:20:00.004,1,13642,0,129405.294,34956.554,106.006,96262.588,156279.044,49442.498
N,1,1,2025-01-21 04:25:00.009,1,13643,0,129405.666,34956.554,106.006,96262.851,156279.500,49442.498
N,1,1,2025-01-21 04:30:00.012,1,13644,0,129406.038,34956.554,106.006,96263.119,156279.958,49442.498
N,1,1,2025-01-21 04:35:00.001,1,13645,0,129406.385,34956.554,106.006,96263.385,156280.395,49442.498
N,1,1,2025-01-21 04:40:00.017,1,13646,0,129406.691,34956.554,106.006,96263.657,156280.804,49442.498
N,1,1,2025-01-21 04:45:00.014,1,13647,0,129406.996,34956.554,106.006,96263.926,156281.211,49442.498
N,1,1,2025-01-21 04:50:00.000,1,13648,0,129407.294,34956.554,106.006,96264.186,156281.607,49442.498
N,1,1,2025-01-21 04:55:00.005,1,13649,0,129407.762,34956.554,106.006,96264.446,156282.148,49442.498
N,1,1,2025-01-21 05:00:00.014,1,13650,0,129408.520,34956.554,106.006,96264.709,156282.952,49442.498
N,1,1,2025-01-21 05:05:00.008,1,13651,0,129409.072,34956.554,106.006,96264.971,156283.569,49442.498
N,1,1,2025-01-21 05:10:00.017,1,13652,0,129409.420,34956.554,106.006,96265.231,156284.003,49442.498
N,1,1,2025-01-21 05:15:00.013,1,13653,0,129409.733,34956.554,106.006,96265.492,156284.411,49442.498
N,1,1,2025-01-21 05:20:00.013,1,13654,0,129410.047,34956.554,106.006,96265.752,156284.819,49442.498
N,1,1,2025-01-21 05:25:00.017,1,13655,0,129410.385,34956.554,106.006,96266.004,156285.240,49442.498
N,1,1,2025-01-21 05:30:00.015,1,13656,0,129410.725,34956.554,106.006,96266.252,156285.662,49442.498
N,1,1,2025-01-21 05:35:00.018,1,13657,0,129411.115,34956.554,106.006,96266.491,156286.121,49442.498
N,1,1,2025-01-21 05:40:00.000,1,13658,0,129411.473,34956.554,106.006,96266.726,156286.550,49442.498
N,1,1,2025-01-21 05:45:00.012,1,13659,0,129411.816,34956.554,106.006,96266.957,156286.963,49442.498
N,1,1,2025-01-21 05:50:00.008,1,13660,0,129412.150,34956.554,106.006,96267.182,156287.367,49442.498
N,1,1,2025-01-21 05:55:00.001,1,13661,0,129412.473,34956.554,106.006,96267.410,156287.762,49442.498
N,1,1,2025-01-21 06:00:00.000,1,13662,0,129412.802,34956.554,106.006,96267.639,156288.162,49442.498
N,1,1,2025-01-21 06:05:00.016,1,13663,0,129413.103,34956.554,106.006,96267.870,156288.542,49442.498
N,1,1,2025-01-21 06:10:00.001,1,13664,0,129413.422,34956.554,106.006,96268.104,156288.939,49442.498
N,1,1,2025-01-21 06:15:00.008,1,13665,0,129413.776,34956.554,106.006,96268.338,156289.366,49442.498
N,1,1,2025-01-21 06:20:00.002,1,13666,0,129414.212,34956.554,106.006,96268.582,156289.867,49442.498
N,1,1,2025-01-21 06:25:00.007,1,13667,0,129414.579,34956.554,106.006,96268.826,156290.309,49442.498
N,1,1,2025-01-21 06:30:00.007,1,13668,0,129414.902,34956.554,106.006,96269.068,156290.712,49442.498
N,1,1,2025-01-21 06:35:00.008,1,13669,0,129415.214,34956.554,106.006,96269.313,156291.109,49442.498
N,1,1,2025-01-21 06:40:00.004,1,13670,0,129415.596,34956.554,106.006,96269.562,156291.568,49442.498
N,1,1,2025-01-21 06:45:00.017,1,13671,0,129416.196,34956.554,106.006,96269.813,156292.219,49442.498
N,1,1,2025-01-21 06:50:00.015,1,13672,0,129416.528,34956.554,106.006,96270.063,156292.637,49442.498
N,1,1,2025-01-21 06:55:00.008,1,13673,0,129416.842,34956.554,106.006,96270.310,156293.038,49442.498
N,1,1,2025-01-21 07:00:00.005,1,13674,0,129417.198,34956.554,106.006,96270.550,156293.470,49442.498
N,1,1,2025-01-21 07:05:00.002,1,13675,0,129417.493,34956.554,106.006,96270.789,156293.850,49442.498
N,1,1,2025-01-21 07:10:00.018,1,13676,0,129417.810,34956.554,106.006,96271.043,156294.256,49442.498
N,1,1,2025-01-21 07:15:00.018,1,13677,0,129418.181,34956.554,106.006,96271.307,156294.712,49442.498
N,1,1,2025-01-21 07:20:00.019,1,13678,0,129418.638,34956.554,106.006,96271.571,156295.243,49442.498
N,1,1,2025-01-21 07:25:00.018,1,13679,0,129419.239,34956.554,106.006,96271.846,156295.904,49442.498
N,1,1,2025-01-21 07:30:00.023,1,13680,0,129419.845,34956.554,106.006,96272.126,156296.574,49442.498
N,1,1,2025-01-21 07:35:00.007,1,13681,0,129420.350,34956.554,106.006,96272.404,156297.154,49442.498
N,1,1,2025-01-21 07:40:00.019,1,13682,0,129421.036,34956.554,106.006,96272.677,156297.892,49442.498
N,1,1,2025-01-21 07:45:00.023,1,13683,0,129421.483,34956.554,106.006,96272.939,156298.412,49442.498
N,1,1,2025-01-21 07:50:00.015,1,13684,0,129422.139,34956.554,106.006,96273.200,156299.118,49442.498
N,1,1,2025-01-21 07:55:00.000,1,13685,0,129422.812,34956.554,106.006,96273.462,156299.840,49442.498
N,1,1,2025-01-21 08:00:00.007,1,13686,0,129423.407,34956.554,106.006,96273.738,156300.497,49442.498
N,1,1,2025-01-21 08:05:00.016,1,13687,0,129423.958,34956.554,106.006,96274.024,156301.117,49442.498
N,1,1,2025-01-21 08:10:00.002,1,13688,0,129424.389,34956.554,106.006,96274.306,156301.640,49442.498
N,1,1,2025-01-21 08:15:00.020,1,13689,0,129424.575,34956.554,106.006,96274.574,156301.967,49442.498
N,1,1,2025-01-21 08:20:00.013,1,13690,0,129424.747,34956.554,106.006,96274.828,156302.275,49442.498
N,1,1,2025-01-21 08:25:00.019,1,13691,0,129424.986,34956.554,106.006,96275.076,156302.623,49442.498
N,1,1,2025-01-21 08:30:00.007,1,13692,0,129425.256,34956.554,106.006,96275.322,156302.991,49442.498
N,1,1,2025-01-21 08:35:00.009,1,13693,0,129425.693,34956.554,106.006,96275.566,156303.492,49442.498
N,1,1,2025-01-21 08:40:00.012,1,13694,0,129426.098,34956.554,106.006,96275.775,156303.949,49442.498
N,1,1,2025-01-21 08:45:00.005,1,13695,0,129426.584,34956.554,106.006,96276.016,156304.492,49442.498
N,1,1,2025-01-21 08:50:00.006,1,13696,0,129427.042,34956.554,106.006,96276.277,156305.019,49442.498
N,1,1,2025-01-21 08:55:00.015,1,13697,0,129427.734,34956.554,106.006,96276.549,156305.764,49442.498
N,1,1,2025-01-21 09:00:00.011,1,13698,0,129428.508,34956.554,106.006,96276.825,156306.586,49442.498
N,1,1,2025-01-21 09:05:00.019,1,13699,0,129429.191,34956.554,106.006,96277.090,156307.321,49442.498
N,1,1,2025-01-21 09:10:00.011,1,13700,0,129429.639,34956.554,106.006,96277.342,156307.835,49442.498
N,1,1,2025-01-21 09:15:00.014,1,13701,0,129430.130,34956.554,106.006,96277.587,156308.385,49442.498
N,1,1,2025-01-21 09:20:00.005,1,13702,0,129430.813,34956.554,106.006,96277.820,156309.106,49442.498
N,1,1,2025-01-21 09:25:00.015,1,13703,0,129431.236,34956.554,106.006,96278.048,156309.591,49442.498
N,1,1,2025-01-21 09:30:00.004,1,13704,0,129431.610,34956.554,106.006,96278.283,156310.032,49442.498
N,1,1,2025-01-21 09:35:00.006,1,13705,0,129432.106,34956.554,106.006,96278.521,156310.584,49442.498
N,1,1,2025-01-21 09:40:00.008,1,13706,0,129432.590,34956.554,106.006,96278.761,156311.125,49442.498
N,1,1,2025-01-21 09:45:00.024,1,13707,0,129433.628,34956.554,106.006,96279.007,156312.192,49442.498
N,1,1,2025-01-21 09:50:00.016,1,13708,0,129434.728,34956.554,106.006,96279.248,156313.318,49442.498
N,1,1,2025-01-21 09:55:00.011,1,13709,0,129435.664,34956.554,106.006,96279.481,156314.283,49442.498
N,1,1,2025-01-21 10:00:00.023,1,13710,0,129436.441,34956.554,106.006,96279.713,156315.094,49442.498
N,1,1,2025-01-21 10:05:00.013,1,13711,0,129437.177,34956.554,106.006,96279.935,156315.863,49442.498
N,1,1,2025-01-21 10:10:00.010,1,13712,0,129437.869,34956.554,106.006,96280.160,156316.591,49442.498
N,1,1,2025-01-21 10:15:00.007,1,13713,0,129438.402,34956.554,106.006,96280.386,156317.174,49442.498
N,1,1,2025-01-21 10:20:00.008,1,13714,0,129438.637,34956.554,106.006,96280.613,156317.503,49442.498
N,1,1,2025-01-21 10:25:00.003,1,13715,0,129438.892,34956.554,106.006,96280.845,156317.850,49442.498
N,1,1,2025-01-21 10:30:00.001,1,13716,0,129439.464,34956.554,106.006,96281.068,156318.464,49442.498
N,1,1,2025-01-21 10:35:00.013,1,13717,0,129440.110,34956.554,106.006,96281.286,156319.146,49442.498
N,1,1,2025-01-21 10:40:00.006,1,13718,0,129440.800,34956.554,106.006,96281.498,156319.868,49442.498
