meterUid,interval,timeStamp,import,export,isEstimate,energyUnit,display_name
142812,20.0,2025-04-01T00:20:00+08:00,135123282,35813465,False,Wh,Grid meter
142812,20.0,2025-04-01T00:40:00+08:00,135124091,35813465,False,Wh,Grid meter
142812,20.0,2025-04-01T01:00:00+08:00,135125328,35813465,False,Wh,Grid meter
142812,20.0,2025-04-01T01:20:00+08:00,135126293,35813465,False,Wh,Grid meter
142812,20.0,2025-04-01T01:40:00+08:00,135127061,35813465,False,Wh,Grid meter
142812,20.0,2025-04-01T02:00:00+08:00,135127928,35813465,False,Wh,Grid meter
142812,20.0,2025-04-01T02:20:00+08:00,135129624,35813465,False,Wh,Grid meter
142812,20.0,2025-04-01T02:40:00+08:00,135130476,35813465,False,Wh,Grid meter
142812,20.0,2025-04-01T03:00:00+08:00,135131911,35813465,False,Wh,Grid meter
142812,20.0,2025-04-01T03:20:00+08:00,135132868,35813465,False,Wh,Grid meter
142812,20.0,2025-04-01T03:40:00+08:00,135134464,35813465,False,Wh,Grid meter
142812,20.0,2025-04-01T04:00:00+08:00,135135244,35813465,False,Wh,Grid meter
142812,20.0,2025-04-01T04:20:00+08:00,135135997,35813465,False,Wh,Grid meter
142812,20.0,2025-04-01T04:40:00+08:00,135136867,35813465,False,Wh,Grid meter
142812,20.0,2025-04-01T05:00:00+08:00,135137556,35813465,False,Wh,Grid meter
142812,20.0,2025-04-01T05:20:00+08:00,135138484,35813465,False,Wh,Grid meter
142812,20.0,2025-04-01T05:40:00+08:00,135140211,35813465,False,Wh,Grid meter
142812,20.0,2025-04-01T06:00:00+08:00,135141576,35813465,False,Wh,Grid meter
142812,20.0,2025-04-01T06:20:00+08:00,135142896,35813465,False,Wh,Grid meter
142812,20.0,2025-04-01T06:40:00+08:00,135144475,35813465,False,Wh,Grid meter
142812,20.0,2025-04-01T07:00:00+08:00,135145358,35813465,False,Wh,Grid meter
142812,20.0,2025-04-01T07:20:00+08:00,135147542,35813465,False,Wh,Grid meter
142812,20.0,2025-04-01T07:40:00+08:00,135148507,35813465,False,Wh,Grid meter
142812,20.0,2025-04-01T08:00:00+08:00,135150011,35813466,False,Wh,Grid meter
142812,20.0,2025-04-01T08:20:00+08:00,135150121,35813546,False,Wh,Grid meter
142812,20.0,2025-04-01T08:40:00+08:00,135150140,35813560,False,Wh,Grid meter
142812,20.0,2025-04-01T09:00:00+08:00,135150191,35813630,False,Wh,Grid meter
142812,20.0,2025-04-01T09:20:00+08:00,135150280,35813699,False,Wh,Grid meter
142812,20.0,2025-04-01T09:40:00+08:00,135150303,35813823,False,Wh,Grid meter
142812,20.0,2025-04-01T10:00:00+08:00,135150332,35813886,False,Wh,Grid meter
142812,20.0,2025-04-01T10:20:00+08:00,135150364,35813933,False,Wh,Grid meter
142812,20.0,2025-04-01T10:40:00+08:00,135150389,35814045,False,Wh,Grid meter
142812,20.0,2025-04-01T11:00:00+08:00,135150477,35814285,False,Wh,Grid meter
142812,20.0,2025-04-01T11:20:00+08:00,135150508,35814557,False,Wh,Grid meter
142812,20.0,2025-04-01T11:40:00+08:00,135150510,35815005,False,Wh,Grid meter
142812,20.0,2025-04-01T12:00:00+08:00,135150756,35815078,False,Wh,Grid meter
142812,20.0,2025-04-01T12:20:00+08:00,135150862,35815183,False,Wh,Grid meter
142812,20.0,2025-04-01T12:40:00+08:00,135150909,35815494,False,Wh,Grid meter
142812,20.0,2025-04-01T13:00:00+08:00,135150933,35815934,False,Wh,Grid meter
142812,20.0,2025-04-01T13:20:00+08:00,135150935,35816660,False,Wh,Grid meter
142812,20.0,2025-04-01T13:40:00+08:00,135150972,35817395,False,Wh,Grid meter
142812,20.0,2025-04-01T14:00:00+08:00,135150977,35817877,False,Wh,Grid meter
142812,20.0,2025-04-01T14:20:00+08:00,135151041,35818093,False,Wh,Grid meter
142812,20.0,2025-04-01T14:40:00+08:00,135151515,35818107,False,Wh,Grid meter
142812,20.0,2025-04-01T15:00:00+08:00,135151888,35818169,False,Wh,Grid meter
142812,20.0,2025-04-01T15:20:00+08:00,135152029,35818221,False,Wh,Grid meter
142812,20.0,2025-04-01T15:40:00+08:00,135152070,35818290,False,Wh,Grid meter
142812,20.0,2025-04-01T16:00:00+08:00,135152089,35818302,False,Wh,Grid meter
142812,20.0,2025-04-01T16:20:00+08:00,135152502,35818312,False,Wh,Grid meter
142812,20.0,2025-04-01T16:40:00+08:00,135153305,35818312,False,Wh,Grid meter
142812,20.0,2025-04-01T17:00:00+08:00,135154471,35818312,False,Wh,Grid meter
142812,20.0,2025-04-01T17:20:00+08:00,135155013,35818312,False,Wh,Grid meter
142812,20.0,2025-04-01T17:40:00+08:00,135157044,35818312,False,Wh,Grid meter
142812,20.0,2025-04-01T18:00:00+08:00,135158728,35818312,False,Wh,Grid meter
142812,20.0,2025-04-01T18:20:00+08:00,135161882,35818312,False,Wh,Grid meter
142812,20.0,2025-04-01T18:40:00+08:00,135165518,35818312,False,Wh,Grid meter
142812,20.0,2025-04-01T19:00:00+08:00,135169325,35818312,False,Wh,Grid meter
142812,20.0,2025-04-01T19:20:00+08:00,135174088,35818312,False,Wh,Grid meter
142812,20.0,2025-04-01T19:40:00+08:00,135177889,35818312,False,Wh,Grid meter
142812,20.0,2025-04-01T20:00:00+08:00,135181178,35818312,False,Wh,Grid meter
142812,20.0,2025-04-01T20:20:00+08:00,135184507,35818312,False,Wh,Grid meter
142812,20.0,2025-04-01T20:40:00+08:00,135186865,35818312,False,Wh,Grid meter
142812,20.0,2025-04-01T21:00:00+08:00,135188916,35818312,False,Wh,Grid meter
142812,20.0,2025-04-01T21:20:00+08:00,135191756,35818312,False,Wh,Grid meter
142812,20.0,2025-04-01T21:40:00+08:00,135195521,35818312,False,Wh,Grid meter
142812,20.0,2025-04-01T22:00:00+08:00,135197423,35818312,False,Wh,Grid meter
142812,20.0,2025-04-01T22:20:00+08:00,135199060,35818312,False,Wh,Grid meter
142812,20.0,2025-04-01T22:40:00+08:00,135201535,35818312,False,Wh,Grid meter
142812,20.0,2025-04-01T23:00:00+08:00,135203872,35818312,False,Wh,Grid meter
142812,20.0,2025-04-01T23:20:00+08:00,135205263,35818312,False,Wh,Grid meter
142812,20.0,2025-04-01T23:40:00+08:00,135206542,35818312,False,Wh,Grid meter
142812,20.0,2025-04-02T00:00:00+08:00,135207562,35818312,False,Wh,Grid meter
142812,20.0,2025-04-02T00:20:00+08:00,135209116,35818312,False,Wh,Grid meter
142812,20.0,2025-04-02T00:40:00+08:00,135210196,35818312,False,Wh,Grid meter
142812,20.0,2025-04-02T01:00:00+08:00,135211153,35818312,False,Wh,Grid meter
142812,20.0,2025-04-02T01:20:00+08:00,135212115,35818312,False,Wh,Grid meter
142812,20.0,2025-04-02T01:40:00+08:00,135213349,35818312,False,Wh,Grid meter
142812,20.0,2025-04-02T02:00:00+08:00,135214454,35818312,False,Wh,Grid meter
142812,20.0,2025-04-02T02:20:00+08:00,135215274,35818312,False,Wh,Grid meter
142812,20.0,2025-04-02T02:40:00+08:00,135216556,35818312,False,Wh,Grid meter
142812,20.0,2025-04-02T03:00:00+08:00,135217430,35818312,False,Wh,Grid meter
142812,20.0,2025-04-02T03:20:00+08:00,135218647,35818312,False,Wh,Grid meter
142812,20.0,2025-04-02T03:40:00+08:00,135219442,35818312,False,Wh,Grid meter
142812,20.0,2025-04-02T04:00:00+08:00,135220549,35818312,False,Wh,Grid meter
142812,20.0,2025-04-02T04:20:00+08:00,135221408,35818312,False,Wh,Grid meter
142812,20.0,2025-04-02T04:40:00+08:00,135223082,35818312,False,Wh,Grid meter
142812,20.0,2025-04-02T05:00:00+08:00,135224933,35818312,False,Wh,Grid meter
142812,20.0,2025-04-02T05:20:00+08:00,135226621,35818312,False,Wh,Grid meter
142812,20.0,2025-04-02T05:40:00+08:00,135227407,35818312,False,Wh,Grid meter
142812,20.0,2025-04-02T06:00:00+08:00,135228333,35818312,False,Wh,Grid meter
142812,20.0,2025-04-02T06:20:00+08:00,135229913,35818312,False,Wh,Grid meter
142812,20.0,2025-04-02T06:40:00+08:00,135232190,35818312,False,Wh,Grid meter
142812,20.0,2025-04-02T07:00:00+08:00,135234219,35818312,False,Wh,Grid meter
142812,20.0,2025-04-02T07:20:00+08:00,135234720,35818312,False,Wh,Grid meter
142812,20.0,2025-04-02T07:40:00+08:00,135235005,35818321,False,Wh,Grid meter
142812,20.0,2025-04-02T08:00:00+08:00,135235701,35818345,False,Wh,Grid meter
142812,20.0,2025-04-02T08:20:00+08:00,135236005,35818378,False,Wh,Grid meter
142812,20.0,2025-04-02T08:40:00+08:00,135236040,35818432,False,Wh,Grid meter
142812,20.0,2025-04-02T09:00:00+08:00,135236123,35818627,False,Wh,Grid meter
142812,20.0,2025-04-02T09:20:00+08:00,135236193,35818819,False,Wh,Grid meter
142812,20.0,2025-04-02T09:40:00+08:00,135236227,35818913,False,Wh,Grid meter
142812,20.0,2025-04-02T10:00:00+08:00,135236270,35819010,False,Wh,Grid meter
142812,20.0,2025-04-02T10:20:00+08:00,135236298,35819097,False,Wh,Grid meter
142812,20.0,2025-04-02T10:40:00+08:00,135236307,35819596,False,Wh,Grid meter
142812,20.0,2025-04-02T11:00:00+08:00,135236315,35820131,False,Wh,Grid meter
142812,20.0,2025-04-02T11:20:00+08:00,135236429,35820512,False,Wh,Grid meter
142812,20.0,2025-04-02T11:40:00+08:00,135236530,35820933,False,Wh,Grid meter
142812,20.0,2025-04-02T12:00:00+08:00,135237350,35820935,False,Wh,Grid meter
142812,20.0,2025-04-02T12:20:00+08:00,135237548,35821520,False,Wh,Grid meter
142812,20.0,2025-04-02T12:40:00+08:00,135237607,35821784,False,Wh,Grid meter
142812,20.0,2025-04-02T13:00:00+08:00,135237661,35822269,False,Wh,Grid meter
142812,20.0,2025-04-02T13:20:00+08:00,135237668,35822742,False,Wh,Grid meter
142812,20.0,2025-04-02T13:40:00+08:00,135237770,35823351,False,Wh,Grid meter
142812,20.0,2025-04-02T14:00:00+08:00,135237923,35823517,False,Wh,Grid meter
142812,20.0,2025-04-02T14:20:00+08:00,135239146,35823559,False,Wh,Grid meter
142812,20.0,2025-04-02T14:40:00+08:00,135239899,35823895,False,Wh,Grid meter
142812,20.0,2025-04-02T15:00:00+08:00,135240001,35824412,False,Wh,Grid meter
142812,20.0,2025-04-02T15:20:00+08:00,135240190,35824550,False,Wh,Grid meter
142812,20.0,2025-04-02T15:40:00+08:00,135240292,35824677,False,Wh,Grid meter
142812,20.0,2025-04-02T16:00:00+08:00,135240383,35824759,False,Wh,Grid meter
142812,20.0,2025-04-02T16:20:00+08:00,135240574,35824793,False,Wh,Grid meter
142812,20.0,2025-04-02T16:40:00+08:00,135240606,35824839,False,Wh,Grid meter
142812,20.0,2025-04-02T17:00:00+08:00,135241095,35824858,False,Wh,Grid meter
142812,20.0,2025-04-02T17:20:00+08:00,135241578,35824864,False,Wh,Grid meter
142812,20.0,2025-04-02T17:40:00+08:00,135243531,35824864,False,Wh,Grid meter
142812,20.0,2025-04-02T18:00:00+08:00,135246624,35824864,False,Wh,Grid meter
142812,20.0,2025-04-02T18:20:00+08:00,135248951,35824864,False,Wh,Grid meter
142812,20.0,2025-04-02T18:40:00+08:00,135252955,35824864,False,Wh,Grid meter
142812,20.0,2025-04-02T19:00:00+08:00,135256133,35824864,False,Wh,Grid meter
142812,20.0,2025-04-02T19:20:00+08:00,135258614,35824864,False,Wh,Grid meter
142812,20.0,2025-04-02T19:40:00+08:00,135260676,35824864,False,Wh,Grid meter
142812,20.0,2025-04-02T20:00:00+08:00,135264148,35824864,False,Wh,Grid meter
142812,20.0,2025-04-02T20:20:00+08:00,135266845,35824864,False,Wh,Grid meter
142812,20.0,2025-04-02T20:40:00+08:00,135270758,35824864,False,Wh,Grid meter
142812,20.0,2025-04-02T21:00:00+08:00,135272632,35824864,False,Wh,Grid meter
142812,20.0,2025-04-02T21:20:00+08:00,135274011,35824864,False,Wh,Grid meter
142812,20.0,2025-04-02T21:40:00+08:00,135275740,35824864,False,Wh,Grid meter
142812,20.0,2025-04-02T22:00:00+08:00,135278423,35824864,False,Wh,Grid meter
142812,20.0,2025-04-02T22:20:00+08:00,135279974,35824864,False,Wh,Grid meter
142812,20.0,2025-04-02T22:40:00+08:00,135281103,35824864,False,Wh,Grid meter
142812,20.0,2025-04-02T23:00:00+08:00,135282979,35824864,False,Wh,Grid meter
142812,20.0,2025-04-02T23:20:00+08:00,135284413,35824864,False,Wh,Grid meter
142812,20.0,2025-04-02T23:40:00+08:00,135285391,35824864,False,Wh,Grid meter
142812,20.0,2025-04-03T00:00:00+08:00,135286464,35824864,False,Wh,Grid meter
142812,20.0,2025-04-03T00:20:00+08:00,135287438,35824864,False,Wh,Grid meter
142812,20.0,2025-04-03T00:40:00+08:00,135288341,35824864,False,Wh,Grid meter
142812,20.0,2025-04-03T01:00:00+08:00,135289275,35824864,False,Wh,Grid meter
142812,20.0,2025-04-03T01:20:00+08:00,135290082,35824864,False,Wh,Grid meter
142812,20.0,2025-04-03T01:40:00+08:00,135290966,35824864,False,Wh,Grid meter
142812,20.0,2025-04-03T02:00:00+08:00,135292842,35824864,False,Wh,Grid meter
142812,20.0,2025-04-03T02:20:00+08:00,135293731,35824864,False,Wh,Grid meter
142812,20.0,2025-04-03T02:40:00+08:00,135294875,35824864,False,Wh,Grid meter
142812,20.0,2025-04-03T03:00:00+08:00,135295601,35824864,False,Wh,Grid meter
142812,20.0,2025-04-03T03:20:00+08:00,135296312,35824864,False,Wh,Grid meter
142812,20.0,2025-04-03T03:40:00+08:00,135297123,35824864,False,Wh,Grid meter
142812,20.0,2025-04-03T04:00:00+08:00,135297786,35824864,False,Wh,Grid meter
142812,20.0,2025-04-03T04:20:00+08:00,135298782,35824864,False,Wh,Grid meter
142812,20.0,2025-04-03T04:40:00+08:00,135300540,35824864,False,Wh,Grid meter
142812,20.0,2025-04-03T05:00:00+08:00,135302534,35824864,False,Wh,Grid meter
142812,20.0,2025-04-03T05:20:00+08:00,135303843,35824864,False,Wh,Grid meter
142812,20.0,2025-04-03T05:40:00+08:00,135304547,35824864,False,Wh,Grid meter
142812,20.0,2025-04-03T06:00:00+08:00,135305233,35824864,False,Wh,Grid meter
142812,20.0,2025-04-03T06:20:00+08:00,135306143,35824864,False,Wh,Grid meter
142812,20.0,2025-04-03T06:40:00+08:00,135307875,35824864,False,Wh,Grid meter
142812,20.0,2025-04-03T07:00:00+08:00,135309042,35824864,False,Wh,Grid meter
142812,20.0,2025-04-03T07:20:00+08:00,135309481,35824864,False,Wh,Grid meter
142812,20.0,2025-04-03T07:40:00+08:00,135309763,35824870,False,Wh,Grid meter
142812,20.0,2025-04-03T08:00:00+08:00,135310113,35824895,False,Wh,Grid meter
142812,20.0,2025-04-03T08:20:00+08:00,135310565,35824993,False,Wh,Grid meter
142812,20.0,2025-04-03T08:40:00+08:00,135310633,35825141,False,Wh,Grid meter
142812,20.0,2025-04-03T09:00:00+08:00,135310718,35825424,False,Wh,Grid meter
142812,20.0,2025-04-03T09:20:00+08:00,135310808,35826052,False,Wh,Grid meter
142812,20.0,2025-04-03T09:40:00+08:00,135310847,35826622,False,Wh,Grid meter
142812,20.0,2025-04-03T10:00:00+08:00,135310947,35827168,False,Wh,Grid meter
142812,20.0,2025-04-03T10:20:00+08:00,135310983,35827624,False,Wh,Grid meter
142812,20.0,2025-04-03T10:40:00+08:00,135310984,35828466,False,Wh,Grid meter
142812,20.0,2025-04-03T11:00:00+08:00,135311663,35829048,False,Wh,Grid meter
142812,20.0,2025-04-03T11:20:00+08:00,135312940,35829305,False,Wh,Grid meter
142812,20.0,2025-04-03T11:40:00+08:00,135313324,35829432,False,Wh,Grid meter
142812,20.0,2025-04-03T12:00:00+08:00,135313577,35829524,False,Wh,Grid meter
142812,20.0,2025-04-03T12:20:00+08:00,135314268,35829608,False,Wh,Grid meter
142812,20.0,2025-04-03T12:40:00+08:00,135314466,35829712,False,Wh,Grid meter
142812,20.0,2025-04-03T13:00:00+08:00,135315076,35829716,False,Wh,Grid meter
142812,20.0,2025-04-03T13:20:00+08:00,135315891,35829792,False,Wh,Grid meter
142812,20.0,2025-04-03T13:40:00+08:00,135316106,35829939,False,Wh,Grid meter
142812,20.0,2025-04-03T14:00:00+08:00,135316569,35830223,False,Wh,Grid meter
142812,20.0,2025-04-03T14:20:00+08:00,135318493,35830223,False,Wh,Grid meter
142812,20.0,2025-04-03T14:40:00+08:00,135319265,35830446,False,Wh,Grid meter
142812,20.0,2025-04-03T15:00:00+08:00,135319761,35830503,False,Wh,Grid meter
142812,20.0,2025-04-03T15:20:00+08:00,135319858,35830639,False,Wh,Grid meter
142812,20.0,2025-04-03T15:40:00+08:00,135319944,35830814,False,Wh,Grid meter
142812,20.0,2025-04-03T16:00:00+08:00,135320062,35830839,False,Wh,Grid meter
142812,20.0,2025-04-03T16:20:00+08:00,135320405,35830890,False,Wh,Grid meter
142812,20.0,2025-04-03T16:40:00+08:00,135322081,35830890,False,Wh,Grid meter
142812,20.0,2025-04-03T17:00:00+08:00,135323601,35830890,False,Wh,Grid meter
142812,20.0,2025-04-03T17:20:00+08:00,135326259,35830890,False,Wh,Grid meter
142812,20.0,2025-04-03T17:40:00+08:00,135332897,35830890,False,Wh,Grid meter
142812,20.0,2025-04-03T18:00:00+08:00,135336875,35830890,False,Wh,Grid meter
142812,20.0,2025-04-03T18:20:00+08:00,135341897,35830890,False,Wh,Grid meter
142812,20.0,2025-04-03T18:40:00+08:00,135345720,35830890,False,Wh,Grid meter
142812,20.0,2025-04-03T19:00:00+08:00,135349700,35830890,False,Wh,Grid meter
142812,20.0,2025-04-03T19:20:00+08:00,135353498,35830890,False,Wh,Grid meter
142812,20.0,2025-04-03T19:40:00+08:00,135356511,35830890,False,Wh,Grid meter
142812,20.0,2025-04-03T20:00:00+08:00,135358330,35830890,False,Wh,Grid meter
142812,20.0,2025-04-03T20:20:00+08:00,135360654,35830890,False,Wh,Grid meter
142812,20.0,2025-04-03T20:40:00+08:00,135363494,35830890,False,Wh,Grid meter
142812,20.0,2025-04-03T21:00:00+08:00,135368197,35830890,False,Wh,Grid meter
142812,20.0,2025-04-03T21:20:00+08:00,135371764,35830890,False,Wh,Grid meter
142812,20.0,2025-04-03T21:40:00+08:00,135374584,35830890,False,Wh,Grid meter
142812,20.0,2025-04-03T22:00:00+08:00,135377257,35830890,False,Wh,Grid meter
142812,20.0,2025-04-03T22:20:00+08:00,135379184,35830890,False,Wh,Grid meter
142812,20.0,2025-04-03T22:40:00+08:00,135380852,35830890,False,Wh,Grid meter
142812,20.0,2025-04-03T23:00:00+08:00,135382218,35830890,False,Wh,Grid meter
142812,20.0,2025-04-03T23:20:00+08:00,135383576,35830890,False,Wh,Grid meter
142812,20.0,2025-04-03T23:40:00+08:00,135385444,35830890,False,Wh,Grid meter
142812,20.0,2025-04-04T00:00:00+08:00,135386665,35830890,False,Wh,Grid meter
142812,20.0,2025-04-04T00:20:00+08:00,135388446,35830890,False,Wh,Grid meter
142812,20.0,2025-04-04T00:40:00+08:00,135389935,35830890,False,Wh,Grid meter
142812,20.0,2025-04-04T01:00:00+08:00,135391285,35830890,False,Wh,Grid meter
142812,20.0,2025-04-04T01:20:00+08:00,135392221,35830890,False,Wh,Grid meter
142812,20.0,2025-04-04T01:40:00+08:00,135393191,35830890,False,Wh,Grid meter
142812,20.0,2025-04-04T02:00:00+08:00,135394530,35830890,False,Wh,Grid meter
142812,20.0,2025-04-04T02:20:00+08:00,135395478,35830890,False,Wh,Grid meter
142812,20.0,2025-04-04T02:40:00+08:00,135396368,35830890,False,Wh,Grid meter
142812,20.0,2025-04-04T03:00:00+08:00,135397257,35830890,False,Wh,Grid meter
142812,20.0,2025-04-04T03:20:00+08:00,135398145,35830890,False,Wh,Grid meter
142812,20.0,2025-04-04T03:40:00+08:00,135398937,35830890,False,Wh,Grid meter
142812,20.0,2025-04-04T04:00:00+08:00,135399992,35830890,False,Wh,Grid meter
142812,20.0,2025-04-04T04:20:00+08:00,135401399,35830890,False,Wh,Grid meter
142812,20.0,2025-04-04T04:40:00+08:00,135403004,35830890,False,Wh,Grid meter
142812,20.0,2025-04-04T05:00:00+08:00,135404790,35830890,False,Wh,Grid meter
142812,20.0,2025-04-04T05:20:00+08:00,135406794,35830890,False,Wh,Grid meter
142812,20.0,2025-04-04T05:40:00+08:00,135407703,35830890,False,Wh,Grid meter
142812,20.0,2025-04-04T06:00:00+08:00,135409011,35830890,False,Wh,Grid meter
142812,20.0,2025-04-04T06:20:00+08:00,135410593,35830890,False,Wh,Grid meter
142812,20.0,2025-04-04T06:40:00+08:00,135412950,35830890,False,Wh,Grid meter
142812,20.0,2025-04-04T07:00:00+08:00,135414667,35830890,False,Wh,Grid meter
142812,20.0,2025-04-04T07:20:00+08:00,135415338,35830890,False,Wh,Grid meter
142812,20.0,2025-04-04T07:40:00+08:00,135416002,35830890,False,Wh,Grid meter
142812,20.0,2025-04-04T08:00:00+08:00,135416812,35830890,False,Wh,Grid meter
142812,20.0,2025-04-04T08:20:00+08:00,135417578,35830890,False,Wh,Grid meter
142812,20.0,2025-04-04T08:40:00+08:00,135418174,35830917,False,Wh,Grid meter
142812,20.0,2025-04-04T09:00:00+08:00,135418983,35830946,False,Wh,Grid meter
142812,20.0,2025-04-04T09:20:00+08:00,135419335,35830946,False,Wh,Grid meter
142812,20.0,2025-04-04T09:40:00+08:00,135419494,35831196,False,Wh,Grid meter
142812,20.0,2025-04-04T10:00:00+08:00,135420789,35831274,False,Wh,Grid meter
142812,20.0,2025-04-04T10:20:00+08:00,135422051,35831492,False,Wh,Grid meter
142812,20.0,2025-04-04T10:40:00+08:00,135424150,35831492,False,Wh,Grid meter
142812,20.0,2025-04-04T11:00:00+08:00,135425245,35831492,False,Wh,Grid meter
142812,20.0,2025-04-04T11:20:00+08:00,135425489,35831811,False,Wh,Grid meter
142812,20.0,2025-04-04T11:40:00+08:00,135428939,35831811,False,Wh,Grid meter
142812,20.0,2025-04-04T12:00:00+08:00,135430316,35831811,False,Wh,Grid meter
142812,20.0,2025-04-04T12:20:00+08:00,135430709,35832087,False,Wh,Grid meter
142812,20.0,2025-04-04T12:40:00+08:00,135431378,35832206,False,Wh,Grid meter
142812,20.0,2025-04-04T13:00:00+08:00,135432350,35832216,False,Wh,Grid meter
142812,20.0,2025-04-04T13:20:00+08:00,135433858,35832216,False,Wh,Grid meter
142812,20.0,2025-04-04T13:40:00+08:00,135435257,35832216,False,Wh,Grid meter
142812,20.0,2025-04-04T14:00:00+08:00,135436979,35832216,False,Wh,Grid meter
142812,20.0,2025-04-04T14:20:00+08:00,135437995,35832216,False,Wh,Grid meter
142812,20.0,2025-04-04T14:40:00+08:00,135438552,35832216,False,Wh,Grid meter
142812,20.0,2025-04-04T15:00:00+08:00,135438944,35832216,False,Wh,Grid meter
142812,20.0,2025-04-04T15:20:00+08:00,135439117,35832270,False,Wh,Grid meter
142812,20.0,2025-04-04T15:40:00+08:00,135440022,35832270,False,Wh,Grid meter
142812,20.0,2025-04-04T16:00:00+08:00,135441351,35832270,False,Wh,Grid meter
142812,20.0,2025-04-04T16:20:00+08:00,135443514,35832270,False,Wh,Grid meter
142812,20.0,2025-04-04T16:40:00+08:00,135444979,35832278,False,Wh,Grid meter
142812,20.0,2025-04-04T17:00:00+08:00,135445739,35832292,False,Wh,Grid meter
142812,20.0,2025-04-04T17:20:00+08:00,135447416,35832292,False,Wh,Grid meter
142812,20.0,2025-04-04T17:40:00+08:00,135450757,35832292,False,Wh,Grid meter
142812,20.0,2025-04-04T18:00:00+08:00,135452590,35832292,False,Wh,Grid meter
142812,20.0,2025-04-04T18:20:00+08:00,135456028,35832292,False,Wh,Grid meter
142812,20.0,2025-04-04T18:40:00+08:00,135459899,35832292,False,Wh,Grid meter
142812,20.0,2025-04-04T19:00:00+08:00,135463342,35832292,False,Wh,Grid meter
142812,20.0,2025-04-04T19:20:00+08:00,135466000,35832292,False,Wh,Grid meter
142812,20.0,2025-04-04T19:40:00+08:00,135468645,35832292,False,Wh,Grid meter
142812,20.0,2025-04-04T20:00:00+08:00,135471118,35832292,False,Wh,Grid meter
142812,20.0,2025-04-04T20:20:00+08:00,135473812,35832292,False,Wh,Grid meter
142812,20.0,2025-04-04T20:40:00+08:00,135475300,35832292,False,Wh,Grid meter
142812,20.0,2025-04-04T21:00:00+08:00,135477147,35832292,False,Wh,Grid meter
142812,20.0,2025-04-04T21:20:00+08:00,135479567,35832292,False,Wh,Grid meter
142812,20.0,2025-04-04T21:40:00+08:00,135481726,35832292,False,Wh,Grid meter
142812,20.0,2025-04-04T22:00:00+08:00,135483581,35832292,False,Wh,Grid meter
142812,20.0,2025-04-04T22:20:00+08:00,135485348,35832292,False,Wh,Grid meter
142812,20.0,2025-04-04T22:40:00+08:00,135487581,35832292,False,Wh,Grid meter
142812,20.0,2025-04-04T23:00:00+08:00,135489465,35832292,False,Wh,Grid meter
142812,20.0,2025-04-04T23:20:00+08:00,135490550,35832292,False,Wh,Grid meter
142812,20.0,2025-04-04T23:40:00+08:00,135491723,35832292,False,Wh,Grid meter
142812,20.0,2025-04-05T00:00:00+08:00,135493359,35832292,False,Wh,Grid meter
142812,20.0,2025-04-05T00:20:00+08:00,135494393,35832292,False,Wh,Grid meter
142812,20.0,2025-04-05T00:40:00+08:00,135496195,35832292,False,Wh,Grid meter
142812,20.0,2025-04-05T01:00:00+08:00,135497028,35832292,False,Wh,Grid meter
142812,20.0,2025-04-05T01:20:00+08:00,135497854,35832292,False,Wh,Grid meter
142812,20.0,2025-04-05T01:40:00+08:00,135498833,35832292,False,Wh,Grid meter
142812,20.0,2025-04-05T02:00:00+08:00,135499691,35832292,False,Wh,Grid meter
142812,20.0,2025-04-05T02:20:00+08:00,135500634,35832292,False,Wh,Grid meter
142812,20.0,2025-04-05T02:40:00+08:00,135501458,35832292,False,Wh,Grid meter
142812,20.0,2025-04-05T03:00:00+08:00,135502158,35832292,False,Wh,Grid meter
142812,20.0,2025-04-05T03:20:00+08:00,135502843,35832292,False,Wh,Grid meter
142812,20.0,2025-04-05T03:40:00+08:00,135503542,35832292,False,Wh,Grid meter
142812,20.0,2025-04-05T04:00:00+08:00,135504914,35832292,False,Wh,Grid meter
142812,20.0,2025-04-05T04:20:00+08:00,135505871,35832292,False,Wh,Grid meter
142812,20.0,2025-04-05T04:40:00+08:00,135506698,35832292,False,Wh,Grid meter
142812,20.0,2025-04-05T05:00:00+08:00,135507576,35832292,False,Wh,Grid meter
142812,20.0,2025-04-05T05:20:00+08:00,135508244,35832292,False,Wh,Grid meter
142812,20.0,2025-04-05T05:40:00+08:00,135508944,35832292,False,Wh,Grid meter
142812,20.0,2025-04-05T06:00:00+08:00,135509725,35832292,False,Wh,Grid meter
142812,20.0,2025-04-05T06:20:00+08:00,135510547,35832292,False,Wh,Grid meter
142812,20.0,2025-04-05T06:40:00+08:00,135511367,35832292,False,Wh,Grid meter
142812,20.0,2025-04-05T07:00:00+08:00,135512371,35832292,False,Wh,Grid meter
142812,20.0,2025-04-05T07:20:00+08:00,135514107,35832292,False,Wh,Grid meter
142812,20.0,2025-04-05T07:40:00+08:00,135516614,35832292,False,Wh,Grid meter
142812,20.0,2025-04-05T08:00:00+08:00,135518717,35832292,False,Wh,Grid meter
142812,20.0,2025-04-05T08:20:00+08:00,135519171,35832383,False,Wh,Grid meter
142812,20.0,2025-04-05T08:40:00+08:00,135519217,35832543,False,Wh,Grid meter
142812,20.0,2025-04-05T09:00:00+08:00,135519816,35832545,False,Wh,Grid meter
142812,20.0,2025-04-05T09:20:00+08:00,135519936,35832913,False,Wh,Grid meter
142812,20.0,2025-04-05T09:40:00+08:00,135520089,35833357,False,Wh,Grid meter
142812,20.0,2025-04-05T10:00:00+08:00,135520245,35834054,False,Wh,Grid meter
142812,20.0,2025-04-05T10:20:00+08:00,135520434,35834587,False,Wh,Grid meter
142812,20.0,2025-04-05T10:40:00+08:00,135520483,35835161,False,Wh,Grid meter
142812,20.0,2025-04-05T11:00:00+08:00,135520530,35835923,False,Wh,Grid meter
142812,20.0,2025-04-05T11:20:00+08:00,135520591,35836928,False,Wh,Grid meter
142812,20.0,2025-04-05T11:40:00+08:00,135520675,35837575,False,Wh,Grid meter
142812,20.0,2025-04-05T12:00:00+08:00,135521365,35837906,False,Wh,Grid meter
142812,20.0,2025-04-05T12:20:00+08:00,135521437,35838762,False,Wh,Grid meter
142812,20.0,2025-04-05T12:40:00+08:00,135521739,35839634,False,Wh,Grid meter
142812,20.0,2025-04-05T13:00:00+08:00,135521931,35840210,False,Wh,Grid meter
142812,20.0,2025-04-05T13:20:00+08:00,135523238,35840257,False,Wh,Grid meter
142812,20.0,2025-04-05T13:40:00+08:00,135524633,35840431,False,Wh,Grid meter
142812,20.0,2025-04-05T14:00:00+08:00,135526026,35840435,False,Wh,Grid meter
142812,20.0,2025-04-05T14:20:00+08:00,135526332,35840730,False,Wh,Grid meter
142812,20.0,2025-04-05T14:40:00+08:00,135526600,35840977,False,Wh,Grid meter
142812,20.0,2025-04-05T15:00:00+08:00,135526991,35841618,False,Wh,Grid meter
142812,20.0,2025-04-05T15:20:00+08:00,135527135,35842062,False,Wh,Grid meter
142812,20.0,2025-04-05T15:40:00+08:00,135527359,35842591,False,Wh,Grid meter
142812,20.0,2025-04-05T16:00:00+08:00,135527428,35842920,False,Wh,Grid meter
142812,20.0,2025-04-05T16:20:00+08:00,135527558,35842963,False,Wh,Grid meter
142812,20.0,2025-04-05T16:40:00+08:00,135527675,35843026,False,Wh,Grid meter
142812,20.0,2025-04-05T17:00:00+08:00,135528093,35843035,False,Wh,Grid meter
142812,20.0,2025-04-05T17:20:00+08:00,135528554,35843043,False,Wh,Grid meter
142812,20.0,2025-04-05T17:40:00+08:00,135529693,35843046,False,Wh,Grid meter
142812,20.0,2025-04-05T18:00:00+08:00,135530665,35843056,False,Wh,Grid meter
142812,20.0,2025-04-05T18:20:00+08:00,135532047,35843056,False,Wh,Grid meter
142812,20.0,2025-04-05T18:40:00+08:00,135534428,35843056,False,Wh,Grid meter
142812,20.0,2025-04-05T19:00:00+08:00,135537073,35843056,False,Wh,Grid meter
142812,20.0,2025-04-05T19:20:00+08:00,135539866,35843056,False,Wh,Grid meter
142812,20.0,2025-04-05T19:40:00+08:00,135542640,35843056,False,Wh,Grid meter
142812,20.0,2025-04-05T20:00:00+08:00,135546865,35843056,False,Wh,Grid meter
142812,20.0,2025-04-05T20:20:00+08:00,135550666,35843056,False,Wh,Grid meter
142812,20.0,2025-04-05T20:40:00+08:00,135553166,35843056,False,Wh,Grid meter
142812,20.0,2025-04-05T21:00:00+08:00,135554546,35843056,False,Wh,Grid meter
142812,20.0,2025-04-05T21:20:00+08:00,135556285,35843056,False,Wh,Grid meter
142812,20.0,2025-04-05T21:40:00+08:00,135559238,35843056,False,Wh,Grid meter
142812,20.0,2025-04-05T22:00:00+08:00,135561223,35843056,False,Wh,Grid meter
142812,20.0,2025-04-05T22:20:00+08:00,135562779,35843056,False,Wh,Grid meter
142812,20.0,2025-04-05T22:40:00+08:00,135564580,35843056,False,Wh,Grid meter
142812,20.0,2025-04-05T23:00:00+08:00,135566384,35843056,False,Wh,Grid meter
142812,20.0,2025-04-05T23:20:00+08:00,135567623,35843056,False,Wh,Grid meter
142812,20.0,2025-04-05T23:40:00+08:00,135568760,35843056,False,Wh,Grid meter
142812,20.0,2025-04-06T00:00:00+08:00,135569885,35843056,False,Wh,Grid meter
142812,20.0,2025-04-06T00:20:00+08:00,135570772,35843056,False,Wh,Grid meter
142812,20.0,2025-04-06T00:40:00+08:00,135571537,35843056,False,Wh,Grid meter
142812,20.0,2025-04-06T01:00:00+08:00,135572661,35843056,False,Wh,Grid meter
142812,20.0,2025-04-06T01:20:00+08:00,135573533,35843056,False,Wh,Grid meter
142812,20.0,2025-04-06T01:40:00+08:00,135574392,35843056,False,Wh,Grid meter
142812,20.0,2025-04-06T02:00:00+08:00,135575096,35843056,False,Wh,Grid meter
142812,20.0,2025-04-06T02:20:00+08:00,135575779,35843056,False,Wh,Grid meter
142812,20.0,2025-04-06T02:40:00+08:00,135576979,35843056,False,Wh,Grid meter
142812,20.0,2025-04-06T03:00:00+08:00,135578267,35843056,False,Wh,Grid meter
142812,20.0,2025-04-06T03:20:00+08:00,135579312,35843056,False,Wh,Grid meter
142812,20.0,2025-04-06T03:40:00+08:00,135580019,35843056,False,Wh,Grid meter
142812,20.0,2025-04-06T04:00:00+08:00,135581242,35843056,False,Wh,Grid meter
142812,20.0,2025-04-06T04:20:00+08:00,135582296,35843056,False,Wh,Grid meter
142812,20.0,2025-04-06T04:40:00+08:00,135583461,35843056,False,Wh,Grid meter
142812,20.0,2025-04-06T05:00:00+08:00,135584523,35843056,False,Wh,Grid meter
142812,20.0,2025-04-06T05:20:00+08:00,135585279,35843056,False,Wh,Grid meter
142812,20.0,2025-04-06T05:40:00+08:00,135585932,35843056,False,Wh,Grid meter
142812,20.0,2025-04-06T06:00:00+08:00,135586670,35843056,False,Wh,Grid meter
142812,20.0,2025-04-06T06:20:00+08:00,135587379,35843056,False,Wh,Grid meter
142812,20.0,2025-04-06T06:40:00+08:00,135588031,35843056,False,Wh,Grid meter
142812,20.0,2025-04-06T07:00:00+08:00,135588560,35843056,False,Wh,Grid meter
142812,20.0,2025-04-06T07:20:00+08:00,135588821,35843056,False,Wh,Grid meter
142812,20.0,2025-04-06T07:40:00+08:00,135589111,35843056,False,Wh,Grid meter
142812,20.0,2025-04-06T08:00:00+08:00,135589176,35843077,False,Wh,Grid meter
142812,20.0,2025-04-06T08:20:00+08:00,135589284,35843133,False,Wh,Grid meter
142812,20.0,2025-04-06T08:40:00+08:00,135589328,35843197,False,Wh,Grid meter
142812,20.0,2025-04-06T09:00:00+08:00,135589460,35843321,False,Wh,Grid meter
142812,20.0,2025-04-06T09:20:00+08:00,135589539,35843443,False,Wh,Grid meter
142812,20.0,2025-04-06T09:40:00+08:00,135589557,35843479,False,Wh,Grid meter
142812,20.0,2025-04-06T10:00:00+08:00,135589656,35843541,False,Wh,Grid meter
142812,20.0,2025-04-06T10:20:00+08:00,135590142,35843591,False,Wh,Grid meter
142812,20.0,2025-04-06T10:40:00+08:00,135590620,35843633,False,Wh,Grid meter
142812,20.0,2025-04-06T11:00:00+08:00,135591342,35843655,False,Wh,Grid meter
142812,20.0,2025-04-06T11:20:00+08:00,135591495,35843851,False,Wh,Grid meter
142812,20.0,2025-04-06T11:40:00+08:00,135591643,35843935,False,Wh,Grid meter
142812,20.0,2025-04-06T12:00:00+08:00,135591989,35844202,False,Wh,Grid meter
142812,20.0,2025-04-06T12:20:00+08:00,135592107,35844544,False,Wh,Grid meter
142812,20.0,2025-04-06T12:40:00+08:00,135592163,35844803,False,Wh,Grid meter
142812,20.0,2025-04-06T13:00:00+08:00,135592613,35844925,False,Wh,Grid meter
142812,20.0,2025-04-06T13:20:00+08:00,135593961,35845053,False,Wh,Grid meter
142812,20.0,2025-04-06T13:40:00+08:00,135595196,35845057,False,Wh,Grid meter
142812,20.0,2025-04-06T14:00:00+08:00,135596606,35845087,False,Wh,Grid meter
142812,20.0,2025-04-06T14:20:00+08:00,135597213,35845166,False,Wh,Grid meter
142812,20.0,2025-04-06T14:40:00+08:00,135597434,35845356,False,Wh,Grid meter
142812,20.0,2025-04-06T15:00:00+08:00,135598566,35845462,False,Wh,Grid meter
142812,20.0,2025-04-06T15:20:00+08:00,135599654,35845508,False,Wh,Grid meter
142812,20.0,2025-04-06T15:40:00+08:00,135601090,35845562,False,Wh,Grid meter
142812,20.0,2025-04-06T16:00:00+08:00,135601192,35845645,False,Wh,Grid meter
142812,20.0,2025-04-06T16:20:00+08:00,135601727,35845690,False,Wh,Grid meter
142812,20.0,2025-04-06T16:40:00+08:00,135603635,35845690,False,Wh,Grid meter
142812,20.0,2025-04-06T17:00:00+08:00,135606147,35845690,False,Wh,Grid meter
142812,20.0,2025-04-06T17:20:00+08:00,135609687,35845690,False,Wh,Grid meter
142812,20.0,2025-04-06T17:40:00+08:00,135613391,35845690,False,Wh,Grid meter
142812,20.0,2025-04-06T18:00:00+08:00,135617852,35845690,False,Wh,Grid meter
142812,20.0,2025-04-06T18:20:00+08:00,135623598,35845690,False,Wh,Grid meter
142812,20.0,2025-04-06T18:40:00+08:00,135628216,35845690,False,Wh,Grid meter
142812,20.0,2025-04-06T19:00:00+08:00,135633954,35845690,False,Wh,Grid meter
142812,20.0,2025-04-06T19:20:00+08:00,135638914,35845690,False,Wh,Grid meter
142812,20.0,2025-04-06T19:40:00+08:00,135643959,35845690,False,Wh,Grid meter
142812,20.0,2025-04-06T20:00:00+08:00,135647800,35845690,False,Wh,Grid meter
142812,20.0,2025-04-06T20:20:00+08:00,135652102,35845690,False,Wh,Grid meter
142812,20.0,2025-04-06T20:40:00+08:00,135656229,35845690,False,Wh,Grid meter
142812,20.0,2025-04-06T21:00:00+08:00,135658556,35845690,False,Wh,Grid meter
142812,20.0,2025-04-06T21:20:00+08:00,135660323,35845690,False,Wh,Grid meter
142812,20.0,2025-04-06T21:40:00+08:00,135663117,35845690,False,Wh,Grid meter
142812,20.0,2025-04-06T22:00:00+08:00,135664564,35845690,False,Wh,Grid meter
142812,20.0,2025-04-06T22:20:00+08:00,135665968,35845690,False,Wh,Grid meter
142812,20.0,2025-04-06T22:40:00+08:00,135668326,35845690,False,Wh,Grid meter
142812,20.0,2025-04-06T23:00:00+08:00,135669532,35845690,False,Wh,Grid meter
142812,20.0,2025-04-06T23:20:00+08:00,135670543,35845690,False,Wh,Grid meter
142812,20.0,2025-04-06T23:40:00+08:00,135671486,35845690,False,Wh,Grid meter
142812,20.0,2025-04-07T00:00:00+08:00,135672834,35845690,False,Wh,Grid meter
142812,20.0,2025-04-07T00:20:00+08:00,135674061,35845690,False,Wh,Grid meter
142812,20.0,2025-04-07T00:40:00+08:00,135674884,35845690,False,Wh,Grid meter
142812,20.0,2025-04-07T01:00:00+08:00,135675676,35845690,False,Wh,Grid meter
142812,20.0,2025-04-07T01:20:00+08:00,135676461,35845690,False,Wh,Grid meter
142812,20.0,2025-04-07T01:40:00+08:00,135677487,35845690,False,Wh,Grid meter
142812,20.0,2025-04-07T02:00:00+08:00,135678317,35845690,False,Wh,Grid meter
142812,20.0,2025-04-07T02:20:00+08:00,135679310,35845690,False,Wh,Grid meter
142812,20.0,2025-04-07T02:40:00+08:00,135680231,35845690,False,Wh,Grid meter
142812,20.0,2025-04-07T03:00:00+08:00,135680891,35845690,False,Wh,Grid meter
142812,20.0,2025-04-07T03:20:00+08:00,135681503,35845690,False,Wh,Grid meter
142812,20.0,2025-04-07T03:40:00+08:00,135682245,35845690,False,Wh,Grid meter
142812,20.0,2025-04-07T04:00:00+08:00,135682917,35845690,False,Wh,Grid meter
142812,20.0,2025-04-07T04:20:00+08:00,135684464,35845690,False,Wh,Grid meter
142812,20.0,2025-04-07T04:40:00+08:00,135686673,35845690,False,Wh,Grid meter
142812,20.0,2025-04-07T05:00:00+08:00,135687784,35845690,False,Wh,Grid meter
142812,20.0,2025-04-07T05:20:00+08:00,135688421,35845690,False,Wh,Grid meter
142812,20.0,2025-04-07T05:40:00+08:00,135689194,35845690,False,Wh,Grid meter
142812,20.0,2025-04-07T06:00:00+08:00,135690433,35845690,False,Wh,Grid meter
142812,20.0,2025-04-07T06:20:00+08:00,135691891,35845690,False,Wh,Grid meter
142812,20.0,2025-04-07T06:40:00+08:00,135693498,35845690,False,Wh,Grid meter
142812,20.0,2025-04-07T07:00:00+08:00,135696189,35845690,False,Wh,Grid meter
142812,20.0,2025-04-07T07:20:00+08:00,135696765,35845690,False,Wh,Grid meter
142812,20.0,2025-04-07T07:40:00+08:00,135697151,35845690,False,Wh,Grid meter
142812,20.0,2025-04-07T08:00:00+08:00,135697262,35845699,False,Wh,Grid meter
142812,20.0,2025-04-07T08:20:00+08:00,135697789,35845706,False,Wh,Grid meter
142812,20.0,2025-04-07T08:40:00+08:00,135698382,35845743,False,Wh,Grid meter
142812,20.0,2025-04-07T09:00:00+08:00,135698456,35845848,False,Wh,Grid meter
142812,20.0,2025-04-07T09:20:00+08:00,135698486,35845895,False,Wh,Grid meter
142812,20.0,2025-04-07T09:40:00+08:00,135698521,35846107,False,Wh,Grid meter
142812,20.0,2025-04-07T10:00:00+08:00,135698575,35846710,False,Wh,Grid meter
142812,20.0,2025-04-07T10:20:00+08:00,135698731,35847223,False,Wh,Grid meter
142812,20.0,2025-04-07T10:40:00+08:00,135698901,35847865,False,Wh,Grid meter
142812,20.0,2025-04-07T11:00:00+08:00,135699041,35848721,False,Wh,Grid meter
142812,20.0,2025-04-07T11:20:00+08:00,135699101,35849456,False,Wh,Grid meter
142812,20.0,2025-04-07T11:40:00+08:00,135699159,35850649,False,Wh,Grid meter
142812,20.0,2025-04-07T12:00:00+08:00,135699160,35852218,False,Wh,Grid meter
142812,20.0,2025-04-07T12:20:00+08:00,135699170,35853193,False,Wh,Grid meter
142812,20.0,2025-04-07T12:40:00+08:00,135699354,35853603,False,Wh,Grid meter
142812,20.0,2025-04-07T13:00:00+08:00,135699513,35854226,False,Wh,Grid meter
142812,20.0,2025-04-07T13:20:00+08:00,135699552,35855400,False,Wh,Grid meter
142812,20.0,2025-04-07T13:40:00+08:00,135699658,35856205,False,Wh,Grid meter
142812,20.0,2025-04-07T14:00:00+08:00,135699667,35857670,False,Wh,Grid meter
142812,20.0,2025-04-07T14:20:00+08:00,135699692,35858501,False,Wh,Grid meter
142812,20.0,2025-04-07T14:40:00+08:00,135699698,35859475,False,Wh,Grid meter
142812,20.0,2025-04-07T15:00:00+08:00,135699699,35860225,False,Wh,Grid meter
142812,20.0,2025-04-07T15:20:00+08:00,135699802,35860624,False,Wh,Grid meter
142812,20.0,2025-04-07T15:40:00+08:00,135699856,35860806,False,Wh,Grid meter
142812,20.0,2025-04-07T16:00:00+08:00,135699933,35860930,False,Wh,Grid meter
142812,20.0,2025-04-07T16:20:00+08:00,135700124,35861035,False,Wh,Grid meter
142812,20.0,2025-04-07T16:40:00+08:00,135700251,35861077,False,Wh,Grid meter
142812,20.0,2025-04-07T17:00:00+08:00,135700286,35861116,False,Wh,Grid meter
142812,20.0,2025-04-07T17:20:00+08:00,135700457,35861120,False,Wh,Grid meter
142812,20.0,2025-04-07T17:40:00+08:00,135701735,35861120,False,Wh,Grid meter
142812,20.0,2025-04-07T18:00:00+08:00,135705141,35861120,False,Wh,Grid meter
142812,20.0,2025-04-07T18:20:00+08:00,135707912,35861120,False,Wh,Grid meter
142812,20.0,2025-04-07T18:40:00+08:00,135711336,35861120,False,Wh,Grid meter
142812,20.0,2025-04-07T19:00:00+08:00,135714735,35861120,False,Wh,Grid meter
142812,20.0,2025-04-07T19:20:00+08:00,135717454,35861120,False,Wh,Grid meter
142812,20.0,2025-04-07T19:40:00+08:00,135718163,35861120,False,Wh,Grid meter
142812,20.0,2025-04-07T20:00:00+08:00,135720595,35861120,False,Wh,Grid meter
142812,20.0,2025-04-07T20:20:00+08:00,135722476,35861120,False,Wh,Grid meter
142812,20.0,2025-04-07T20:40:00+08:00,135725175,35861120,False,Wh,Grid meter
142812,20.0,2025-04-07T21:00:00+08:00,135726662,35861120,False,Wh,Grid meter
142812,20.0,2025-04-07T21:20:00+08:00,135729102,35861120,False,Wh,Grid meter
142812,20.0,2025-04-07T21:40:00+08:00,135731543,35861120,False,Wh,Grid meter
142812,20.0,2025-04-07T22:00:00+08:00,135734489,35861120,False,Wh,Grid meter
142812,20.0,2025-04-07T22:20:00+08:00,135736592,35861120,False,Wh,Grid meter
142812,20.0,2025-04-07T22:40:00+08:00,135737812,35861120,False,Wh,Grid meter
142812,20.0,2025-04-07T23:00:00+08:00,135739038,35861120,False,Wh,Grid meter
142812,20.0,2025-04-07T23:20:00+08:00,135740250,35861120,False,Wh,Grid meter
142812,20.0,2025-04-07T23:40:00+08:00,135741657,35861120,False,Wh,Grid meter
142812,20.0,2025-04-08T00:00:00+08:00,135742630,35861120,False,Wh,Grid meter
142813,20.0,2025-04-01T00:20:00+08:00,22714759,0,False,Wh,101
142813,20.0,2025-04-01T00:40:00+08:00,22714778,0,False,Wh,101
142813,20.0,2025-04-01T01:00:00+08:00,22715143,0,False,Wh,101
142813,20.0,2025-04-01T01:20:00+08:00,22715205,0,False,Wh,101
142813,20.0,2025-04-01T01:40:00+08:00,22715243,0,False,Wh,101
142813,20.0,2025-04-01T02:00:00+08:00,22715277,0,False,Wh,101
142813,20.0,2025-04-01T02:20:00+08:00,22715309,0,False,Wh,101
142813,20.0,2025-04-01T02:40:00+08:00,22715340,0,False,Wh,101
142813,20.0,2025-04-01T03:00:00+08:00,22715369,0,False,Wh,101
142813,20.0,2025-04-01T03:20:00+08:00,22715399,0,False,Wh,101
142813,20.0,2025-04-01T03:40:00+08:00,22715428,0,False,Wh,101
142813,20.0,2025-04-01T04:00:00+08:00,22715457,0,False,Wh,101
142813,20.0,2025-04-01T04:20:00+08:00,22715486,0,False,Wh,101
142813,20.0,2025-04-01T04:40:00+08:00,22715516,0,False,Wh,101
142813,20.0,2025-04-01T05:00:00+08:00,22715536,0,False,Wh,101
142813,20.0,2025-04-01T05:20:00+08:00,22715565,0,False,Wh,101
142813,20.0,2025-04-01T05:40:00+08:00,22715592,0,False,Wh,101
142813,20.0,2025-04-01T06:00:00+08:00,22715612,0,False,Wh,101
142813,20.0,2025-04-01T06:20:00+08:00,22715641,0,False,Wh,101
142813,20.0,2025-04-01T06:40:00+08:00,22715664,0,False,Wh,101
142813,20.0,2025-04-01T07:00:00+08:00,22715688,0,False,Wh,101
142813,20.0,2025-04-01T07:20:00+08:00,22715717,0,False,Wh,101
142813,20.0,2025-04-01T07:40:00+08:00,22715735,0,False,Wh,101
142813,20.0,2025-04-01T08:00:00+08:00,22715764,0,False,Wh,101
142813,20.0,2025-04-01T08:20:00+08:00,22715792,0,False,Wh,101
142813,20.0,2025-04-01T08:40:00+08:00,22715810,0,False,Wh,101
142813,20.0,2025-04-01T09:00:00+08:00,22716195,0,False,Wh,101
142813,20.0,2025-04-01T09:20:00+08:00,22716221,0,False,Wh,101
142813,20.0,2025-04-01T09:40:00+08:00,22716288,0,False,Wh,101
142813,20.0,2025-04-01T10:00:00+08:00,22716389,0,False,Wh,101
142813,20.0,2025-04-01T10:20:00+08:00,22716569,0,False,Wh,101
142813,20.0,2025-04-01T10:40:00+08:00,22716675,0,False,Wh,101
142813,20.0,2025-04-01T11:00:00+08:00,22717463,0,False,Wh,101
142813,20.0,2025-04-01T11:20:00+08:00,22717689,0,False,Wh,101
142813,20.0,2025-04-01T11:40:00+08:00,22717803,0,False,Wh,101
142813,20.0,2025-04-01T12:00:00+08:00,22717900,0,False,Wh,101
142813,20.0,2025-04-01T12:20:00+08:00,22717998,0,False,Wh,101
142813,20.0,2025-04-01T12:40:00+08:00,22718120,0,False,Wh,101
142813,20.0,2025-04-01T13:00:00+08:00,22718255,0,False,Wh,101
142813,20.0,2025-04-01T13:20:00+08:00,22718359,0,False,Wh,101
142813,20.0,2025-04-01T13:40:00+08:00,22718467,0,False,Wh,101
142813,20.0,2025-04-01T14:00:00+08:00,22718573,0,False,Wh,101
142813,20.0,2025-04-01T14:20:00+08:00,22718685,0,False,Wh,101
142813,20.0,2025-04-01T14:40:00+08:00,22719264,0,False,Wh,101
142813,20.0,2025-04-01T15:00:00+08:00,22719924,0,False,Wh,101
142813,20.0,2025-04-01T15:20:00+08:00,22720977,0,False,Wh,101
142813,20.0,2025-04-01T15:40:00+08:00,22721748,0,False,Wh,101
142813,20.0,2025-04-01T16:00:00+08:00,22722348,0,False,Wh,101
142813,20.0,2025-04-01T16:20:00+08:00,22723236,0,False,Wh,101
142813,20.0,2025-04-01T16:40:00+08:00,22723840,0,False,Wh,101
142813,20.0,2025-04-01T17:00:00+08:00,22724442,0,False,Wh,101
142813,20.0,2025-04-01T17:20:00+08:00,22725039,0,False,Wh,101
142813,20.0,2025-04-01T17:40:00+08:00,22725634,0,False,Wh,101
142813,20.0,2025-04-01T18:00:00+08:00,22726198,0,False,Wh,101
142813,20.0,2025-04-01T18:20:00+08:00,22726777,0,False,Wh,101
142813,20.0,2025-04-01T18:40:00+08:00,22727343,0,False,Wh,101
142813,20.0,2025-04-01T19:00:00+08:00,22727972,0,False,Wh,101
142813,20.0,2025-04-01T19:20:00+08:00,22728353,0,False,Wh,101
142813,20.0,2025-04-01T19:40:00+08:00,22728547,0,False,Wh,101
142813,20.0,2025-04-01T20:00:00+08:00,22728674,0,False,Wh,101
142813,20.0,2025-04-01T20:20:00+08:00,22728808,0,False,Wh,101
142813,20.0,2025-04-01T20:40:00+08:00,22728931,0,False,Wh,101
142813,20.0,2025-04-01T21:00:00+08:00,22729399,0,False,Wh,101
142813,20.0,2025-04-01T21:20:00+08:00,22729537,0,False,Wh,101
142813,20.0,2025-04-01T21:40:00+08:00,22729661,0,False,Wh,101
142813,20.0,2025-04-01T22:00:00+08:00,22729790,0,False,Wh,101
142813,20.0,2025-04-01T22:20:00+08:00,22729943,0,False,Wh,101
142813,20.0,2025-04-01T22:40:00+08:00,22730085,0,False,Wh,101
142813,20.0,2025-04-01T23:00:00+08:00,22730255,0,False,Wh,101
142813,20.0,2025-04-01T23:20:00+08:00,22730393,0,False,Wh,101
142813,20.0,2025-04-01T23:40:00+08:00,22730531,0,False,Wh,101
142813,20.0,2025-04-02T00:00:00+08:00,22730662,0,False,Wh,101
142813,20.0,2025-04-02T00:20:00+08:00,22730792,0,False,Wh,101
142813,20.0,2025-04-02T00:40:00+08:00,22730906,0,False,Wh,101
142813,20.0,2025-04-02T01:00:00+08:00,22730936,0,False,Wh,101
142813,20.0,2025-04-02T01:20:00+08:00,22730966,0,False,Wh,101
142813,20.0,2025-04-02T01:40:00+08:00,22730996,0,False,Wh,101
142813,20.0,2025-04-02T02:00:00+08:00,22731035,0,False,Wh,101
142813,20.0,2025-04-02T02:20:00+08:00,22731056,0,False,Wh,101
142813,20.0,2025-04-02T02:40:00+08:00,22731086,0,False,Wh,101
142813,20.0,2025-04-02T03:00:00+08:00,22731114,0,False,Wh,101
142813,20.0,2025-04-02T03:20:00+08:00,22731143,0,False,Wh,101
142813,20.0,2025-04-02T03:40:00+08:00,22731167,0,False,Wh,101
142813,20.0,2025-04-02T04:00:00+08:00,22731535,0,False,Wh,101
142813,20.0,2025-04-02T04:20:00+08:00,22731564,0,False,Wh,101
142813,20.0,2025-04-02T04:40:00+08:00,22731593,0,False,Wh,101
142813,20.0,2025-04-02T05:00:00+08:00,22731621,0,False,Wh,101
142813,20.0,2025-04-02T05:20:00+08:00,22731640,0,False,Wh,101
142813,20.0,2025-04-02T05:40:00+08:00,22731670,0,False,Wh,101
142813,20.0,2025-04-02T06:00:00+08:00,22731698,0,False,Wh,101
142813,20.0,2025-04-02T06:20:00+08:00,22731727,0,False,Wh,101
142813,20.0,2025-04-02T06:40:00+08:00,22731748,0,False,Wh,101
142813,20.0,2025-04-02T07:00:00+08:00,22731774,0,False,Wh,101
142813,20.0,2025-04-02T07:20:00+08:00,22731803,0,False,Wh,101
142813,20.0,2025-04-02T07:40:00+08:00,22731821,0,False,Wh,101
142813,20.0,2025-04-02T08:00:00+08:00,22731850,0,False,Wh,101
142813,20.0,2025-04-02T08:20:00+08:00,22731878,0,False,Wh,101
142813,20.0,2025-04-02T08:40:00+08:00,22731897,0,False,Wh,101
142813,20.0,2025-04-02T09:00:00+08:00,22731930,0,False,Wh,101
142813,20.0,2025-04-02T09:20:00+08:00,22732214,0,False,Wh,101
142813,20.0,2025-04-02T09:40:00+08:00,22732547,0,False,Wh,101
142813,20.0,2025-04-02T10:00:00+08:00,22732890,0,False,Wh,101
142813,20.0,2025-04-02T10:20:00+08:00,22733228,0,False,Wh,101
142813,20.0,2025-04-02T10:40:00+08:00,22733585,0,False,Wh,101
142813,20.0,2025-04-02T11:00:00+08:00,22734365,0,False,Wh,101
142813,20.0,2025-04-02T11:20:00+08:00,22734794,0,False,Wh,101
142813,20.0,2025-04-02T11:40:00+08:00,22735326,0,False,Wh,101
142813,20.0,2025-04-02T12:00:00+08:00,22735765,0,False,Wh,101
142813,20.0,2025-04-02T12:20:00+08:00,22736228,0,False,Wh,101
142813,20.0,2025-04-02T12:40:00+08:00,22737265,0,False,Wh,101
142813,20.0,2025-04-02T13:00:00+08:00,22738046,0,False,Wh,101
142813,20.0,2025-04-02T13:20:00+08:00,22738642,0,False,Wh,101
142813,20.0,2025-04-02T13:40:00+08:00,22739187,0,False,Wh,101
142813,20.0,2025-04-02T14:00:00+08:00,22739743,0,False,Wh,101
142813,20.0,2025-04-02T14:20:00+08:00,22740291,0,False,Wh,101
142813,20.0,2025-04-02T14:40:00+08:00,22740910,0,False,Wh,101
142813,20.0,2025-04-02T15:00:00+08:00,22741519,0,False,Wh,101
142813,20.0,2025-04-02T15:20:00+08:00,22742082,0,False,Wh,101
142813,20.0,2025-04-02T15:40:00+08:00,22742642,0,False,Wh,101
142813,20.0,2025-04-02T16:00:00+08:00,22743191,0,False,Wh,101
142813,20.0,2025-04-02T16:20:00+08:00,22743736,0,False,Wh,101
142813,20.0,2025-04-02T16:40:00+08:00,22744348,0,False,Wh,101
142813,20.0,2025-04-02T17:00:00+08:00,22745011,0,False,Wh,101
142813,20.0,2025-04-02T17:20:00+08:00,22745597,0,False,Wh,101
142813,20.0,2025-04-02T17:40:00+08:00,22746557,0,False,Wh,101
142813,20.0,2025-04-02T18:00:00+08:00,22747917,0,False,Wh,101
142813,20.0,2025-04-02T18:20:00+08:00,22748837,0,False,Wh,101
142813,20.0,2025-04-02T18:40:00+08:00,22749681,0,False,Wh,101
142813,20.0,2025-04-02T19:00:00+08:00,22750409,0,False,Wh,101
142813,20.0,2025-04-02T19:20:00+08:00,22751016,0,False,Wh,101
142813,20.0,2025-04-02T19:40:00+08:00,22751623,0,False,Wh,101
142813,20.0,2025-04-02T20:00:00+08:00,22752185,0,False,Wh,101
142813,20.0,2025-04-02T20:20:00+08:00,22752331,0,False,Wh,101
142813,20.0,2025-04-02T20:40:00+08:00,22752480,0,False,Wh,101
142813,20.0,2025-04-02T21:00:00+08:00,22752630,0,False,Wh,101
142813,20.0,2025-04-02T21:20:00+08:00,22752784,0,False,Wh,101
142813,20.0,2025-04-02T21:40:00+08:00,22752923,0,False,Wh,101
142813,20.0,2025-04-02T22:00:00+08:00,22753065,0,False,Wh,101
142813,20.0,2025-04-02T22:20:00+08:00,22753207,0,False,Wh,101
142813,20.0,2025-04-02T22:40:00+08:00,22753349,0,False,Wh,101
142813,20.0,2025-04-02T23:00:00+08:00,22753470,0,False,Wh,101
142813,20.0,2025-04-02T23:20:00+08:00,22753597,0,False,Wh,101
142813,20.0,2025-04-02T23:40:00+08:00,22753731,0,False,Wh,101
142813,20.0,2025-04-03T00:00:00+08:00,22753861,0,False,Wh,101
142813,20.0,2025-04-03T00:20:00+08:00,22753964,0,False,Wh,101
142813,20.0,2025-04-03T00:40:00+08:00,22754085,0,False,Wh,101
142813,20.0,2025-04-03T01:00:00+08:00,22754183,0,False,Wh,101
142813,20.0,2025-04-03T01:20:00+08:00,22754283,0,False,Wh,101
142813,20.0,2025-04-03T01:40:00+08:00,22754437,0,False,Wh,101
142813,20.0,2025-04-03T02:00:00+08:00,22755125,0,False,Wh,101
142813,20.0,2025-04-03T02:20:00+08:00,22755307,0,False,Wh,101
142813,20.0,2025-04-03T02:40:00+08:00,22755393,0,False,Wh,101
142813,20.0,2025-04-03T03:00:00+08:00,22755471,0,False,Wh,101
142813,20.0,2025-04-03T03:20:00+08:00,22755560,0,False,Wh,101
142813,20.0,2025-04-03T03:40:00+08:00,22755633,0,False,Wh,101
142813,20.0,2025-04-03T04:00:00+08:00,22755662,0,False,Wh,101
142813,20.0,2025-04-03T04:20:00+08:00,22755713,0,False,Wh,101
142813,20.0,2025-04-03T04:40:00+08:00,22755777,0,False,Wh,101
142813,20.0,2025-04-03T05:00:00+08:00,22755802,0,False,Wh,101
142813,20.0,2025-04-03T05:20:00+08:00,22755828,0,False,Wh,101
142813,20.0,2025-04-03T05:40:00+08:00,22755896,0,False,Wh,101
142813,20.0,2025-04-03T06:00:00+08:00,22755960,0,False,Wh,101
142813,20.0,2025-04-03T06:20:00+08:00,22756007,0,False,Wh,101
142813,20.0,2025-04-03T06:40:00+08:00,22756068,0,False,Wh,101
142813,20.0,2025-04-03T07:00:00+08:00,22756105,0,False,Wh,101
142813,20.0,2025-04-03T07:20:00+08:00,22756155,0,False,Wh,101
142813,20.0,2025-04-03T07:40:00+08:00,22756206,0,False,Wh,101
142813,20.0,2025-04-03T08:00:00+08:00,22756274,0,False,Wh,101
142813,20.0,2025-04-03T08:20:00+08:00,22756326,0,False,Wh,101
142813,20.0,2025-04-03T08:40:00+08:00,22756398,0,False,Wh,101
142813,20.0,2025-04-03T09:00:00+08:00,22756512,0,False,Wh,101
142813,20.0,2025-04-03T09:20:00+08:00,22756592,0,False,Wh,101
142813,20.0,2025-04-03T09:40:00+08:00,22756712,0,False,Wh,101
142813,20.0,2025-04-03T10:00:00+08:00,22757286,0,False,Wh,101
142813,20.0,2025-04-03T10:20:00+08:00,22757516,0,False,Wh,101
142813,20.0,2025-04-03T10:40:00+08:00,22757698,0,False,Wh,101
142813,20.0,2025-04-03T11:00:00+08:00,22758404,0,False,Wh,101
142813,20.0,2025-04-03T11:20:00+08:00,22759212,0,False,Wh,101
142813,20.0,2025-04-03T11:40:00+08:00,22759461,0,False,Wh,101
142813,20.0,2025-04-03T12:00:00+08:00,22759736,0,False,Wh,101
142813,20.0,2025-04-03T12:20:00+08:00,22759968,0,False,Wh,101
142813,20.0,2025-04-03T12:40:00+08:00,22760224,0,False,Wh,101
142813,20.0,2025-04-03T13:00:00+08:00,22760470,0,False,Wh,101
142813,20.0,2025-04-03T13:20:00+08:00,22760729,0,False,Wh,101
142813,20.0,2025-04-03T13:40:00+08:00,22760985,0,False,Wh,101
142813,20.0,2025-04-03T14:00:00+08:00,22761242,0,False,Wh,101
142813,20.0,2025-04-03T14:20:00+08:00,22761472,0,False,Wh,101
142813,20.0,2025-04-03T14:40:00+08:00,22761729,0,False,Wh,101
142813,20.0,2025-04-03T15:00:00+08:00,22761925,0,False,Wh,101
142813,20.0,2025-04-03T15:20:00+08:00,22762119,0,False,Wh,101
142813,20.0,2025-04-03T15:40:00+08:00,22762482,0,False,Wh,101
142813,20.0,2025-04-03T16:00:00+08:00,22762781,0,False,Wh,101
142813,20.0,2025-04-03T16:20:00+08:00,22763552,0,False,Wh,101
142813,20.0,2025-04-03T16:40:00+08:00,22763882,0,False,Wh,101
142813,20.0,2025-04-03T17:00:00+08:00,22764155,0,False,Wh,101
142813,20.0,2025-04-03T17:20:00+08:00,22764410,0,False,Wh,101
142813,20.0,2025-04-03T17:40:00+08:00,22764684,0,False,Wh,101
142813,20.0,2025-04-03T18:00:00+08:00,22764930,0,False,Wh,101
142813,20.0,2025-04-03T18:20:00+08:00,22765208,0,False,Wh,101
142813,20.0,2025-04-03T18:40:00+08:00,22765498,0,False,Wh,101
142813,20.0,2025-04-03T19:00:00+08:00,22765655,0,False,Wh,101
142813,20.0,2025-04-03T19:20:00+08:00,22765811,0,False,Wh,101
142813,20.0,2025-04-03T19:40:00+08:00,22765969,0,False,Wh,101
142813,20.0,2025-04-03T20:00:00+08:00,22766126,0,False,Wh,101
142813,20.0,2025-04-03T20:20:00+08:00,22766281,0,False,Wh,101
142813,20.0,2025-04-03T20:40:00+08:00,22766433,0,False,Wh,101
142813,20.0,2025-04-03T21:00:00+08:00,22766576,0,False,Wh,101
142813,20.0,2025-04-03T21:20:00+08:00,22766742,0,False,Wh,101
142813,20.0,2025-04-03T21:40:00+08:00,22766993,0,False,Wh,101
142813,20.0,2025-04-03T22:00:00+08:00,22767138,0,False,Wh,101
142813,20.0,2025-04-03T22:20:00+08:00,22767274,0,False,Wh,101
142813,20.0,2025-04-03T22:40:00+08:00,22767415,0,False,Wh,101
142813,20.0,2025-04-03T23:00:00+08:00,22767556,0,False,Wh,101
142813,20.0,2025-04-03T23:20:00+08:00,22767694,0,False,Wh,101
142813,20.0,2025-04-03T23:40:00+08:00,22767829,0,False,Wh,101
142813,20.0,2025-04-04T00:00:00+08:00,22767966,0,False,Wh,101
142813,20.0,2025-04-04T00:20:00+08:00,22768102,0,False,Wh,101
142813,20.0,2025-04-04T00:40:00+08:00,22768585,0,False,Wh,101
142813,20.0,2025-04-04T01:00:00+08:00,22768670,0,False,Wh,101
142813,20.0,2025-04-04T01:20:00+08:00,22768715,0,False,Wh,101
142813,20.0,2025-04-04T01:40:00+08:00,22768762,0,False,Wh,101
142813,20.0,2025-04-04T02:00:00+08:00,22768809,0,False,Wh,101
142813,20.0,2025-04-04T02:20:00+08:00,22768854,0,False,Wh,101
142813,20.0,2025-04-04T02:40:00+08:00,22768900,0,False,Wh,101
142813,20.0,2025-04-04T03:00:00+08:00,22768944,0,False,Wh,101
142813,20.0,2025-04-04T03:20:00+08:00,22768988,0,False,Wh,101
142813,20.0,2025-04-04T03:40:00+08:00,22769032,0,False,Wh,101
142813,20.0,2025-04-04T04:00:00+08:00,22769076,0,False,Wh,101
142813,20.0,2025-04-04T04:20:00+08:00,22769110,0,False,Wh,101
142813,20.0,2025-04-04T04:40:00+08:00,22769155,0,False,Wh,101
142813,20.0,2025-04-04T05:00:00+08:00,22769194,0,False,Wh,101
142813,20.0,2025-04-04T05:20:00+08:00,22769225,0,False,Wh,101
142813,20.0,2025-04-04T05:40:00+08:00,22769251,0,False,Wh,101
142813,20.0,2025-04-04T06:00:00+08:00,22769277,0,False,Wh,101
142813,20.0,2025-04-04T06:20:00+08:00,22769302,0,False,Wh,101
142813,20.0,2025-04-04T06:40:00+08:00,22769323,0,False,Wh,101
142813,20.0,2025-04-04T07:00:00+08:00,22769351,0,False,Wh,101
142813,20.0,2025-04-04T07:20:00+08:00,22769369,0,False,Wh,101
142813,20.0,2025-04-04T07:40:00+08:00,22769398,0,False,Wh,101
142813,20.0,2025-04-04T08:00:00+08:00,22769418,0,False,Wh,101
142813,20.0,2025-04-04T08:20:00+08:00,22769445,0,False,Wh,101
142813,20.0,2025-04-04T08:40:00+08:00,22769470,0,False,Wh,101
142813,20.0,2025-04-04T09:00:00+08:00,22769812,0,False,Wh,101
142813,20.0,2025-04-04T09:20:00+08:00,22769918,0,False,Wh,101
142813,20.0,2025-04-04T09:40:00+08:00,22769968,0,False,Wh,101
142813,20.0,2025-04-04T10:00:00+08:00,22770071,0,False,Wh,101
142813,20.0,2025-04-04T10:20:00+08:00,22770292,0,False,Wh,101
142813,20.0,2025-04-04T10:40:00+08:00,22770485,0,False,Wh,101
142813,20.0,2025-04-04T11:00:00+08:00,22770658,0,False,Wh,101
142813,20.0,2025-04-04T11:20:00+08:00,22770847,0,False,Wh,101
142813,20.0,2025-04-04T11:40:00+08:00,22771086,0,False,Wh,101
142813,20.0,2025-04-04T12:00:00+08:00,22771266,0,False,Wh,101
142813,20.0,2025-04-04T12:20:00+08:00,22771447,0,False,Wh,101
142813,20.0,2025-04-04T12:40:00+08:00,22772319,0,False,Wh,101
142813,20.0,2025-04-04T13:00:00+08:00,22772622,0,False,Wh,101
142813,20.0,2025-04-04T13:20:00+08:00,22772781,0,False,Wh,101
142813,20.0,2025-04-04T13:40:00+08:00,22772944,0,False,Wh,101
142813,20.0,2025-04-04T14:00:00+08:00,22773059,0,False,Wh,101
142813,20.0,2025-04-04T14:20:00+08:00,22773183,0,False,Wh,101
142813,20.0,2025-04-04T14:40:00+08:00,22773352,0,False,Wh,101
142813,20.0,2025-04-04T15:00:00+08:00,22773493,0,False,Wh,101
142813,20.0,2025-04-04T15:20:00+08:00,22773659,0,False,Wh,101
142813,20.0,2025-04-04T15:40:00+08:00,22773821,0,False,Wh,101
142813,20.0,2025-04-04T16:00:00+08:00,22773995,0,False,Wh,101
142813,20.0,2025-04-04T16:20:00+08:00,22774154,0,False,Wh,101
142813,20.0,2025-04-04T16:40:00+08:00,22774315,0,False,Wh,101
142813,20.0,2025-04-04T17:00:00+08:00,22774438,0,False,Wh,101
142813,20.0,2025-04-04T17:20:00+08:00,22774719,0,False,Wh,101
142813,20.0,2025-04-04T17:40:00+08:00,22775065,0,False,Wh,101
142813,20.0,2025-04-04T18:00:00+08:00,22775349,0,False,Wh,101
142813,20.0,2025-04-04T18:20:00+08:00,22775930,0,False,Wh,101
142813,20.0,2025-04-04T18:40:00+08:00,22776216,0,False,Wh,101
142813,20.0,2025-04-04T19:00:00+08:00,22776607,0,False,Wh,101
142813,20.0,2025-04-04T19:20:00+08:00,22776900,0,False,Wh,101
142813,20.0,2025-04-04T19:40:00+08:00,22777271,0,False,Wh,101
142813,20.0,2025-04-04T20:00:00+08:00,22777543,0,False,Wh,101
142813,20.0,2025-04-04T20:20:00+08:00,22777707,0,False,Wh,101
142813,20.0,2025-04-04T20:40:00+08:00,22777874,0,False,Wh,101
142813,20.0,2025-04-04T21:00:00+08:00,22778070,0,False,Wh,101
142813,20.0,2025-04-04T21:20:00+08:00,22778219,0,False,Wh,101
142813,20.0,2025-04-04T21:40:00+08:00,22778360,0,False,Wh,101
142813,20.0,2025-04-04T22:00:00+08:00,22778835,0,False,Wh,101
142813,20.0,2025-04-04T22:20:00+08:00,22779416,0,False,Wh,101
142813,20.0,2025-04-04T22:40:00+08:00,22779999,0,False,Wh,101
142813,20.0,2025-04-04T23:00:00+08:00,22780580,0,False,Wh,101
142813,20.0,2025-04-04T23:20:00+08:00,22780736,0,False,Wh,101
142813,20.0,2025-04-04T23:40:00+08:00,22780884,0,False,Wh,101
142813,20.0,2025-04-05T00:00:00+08:00,22781001,0,False,Wh,101
142813,20.0,2025-04-05T00:20:00+08:00,22781125,0,False,Wh,101
142813,20.0,2025-04-05T00:40:00+08:00,22781241,0,False,Wh,101
142813,20.0,2025-04-05T01:00:00+08:00,22781360,0,False,Wh,101
142813,20.0,2025-04-05T01:20:00+08:00,22781443,0,False,Wh,101
142813,20.0,2025-04-05T01:40:00+08:00,22781791,0,False,Wh,101
142813,20.0,2025-04-05T02:00:00+08:00,22781993,0,False,Wh,101
142813,20.0,2025-04-05T02:20:00+08:00,22782065,0,False,Wh,101
142813,20.0,2025-04-05T02:40:00+08:00,22782146,0,False,Wh,101
142813,20.0,2025-04-05T03:00:00+08:00,22782218,0,False,Wh,101
142813,20.0,2025-04-05T03:20:00+08:00,22782296,0,False,Wh,101
142813,20.0,2025-04-05T03:40:00+08:00,22782374,0,False,Wh,101
142813,20.0,2025-04-05T04:00:00+08:00,22782447,0,False,Wh,101
142813,20.0,2025-04-05T04:20:00+08:00,22782527,0,False,Wh,101
142813,20.0,2025-04-05T04:40:00+08:00,22782597,0,False,Wh,101
142813,20.0,2025-04-05T05:00:00+08:00,22782678,0,False,Wh,101
142813,20.0,2025-04-05T05:20:00+08:00,22782750,0,False,Wh,101
142813,20.0,2025-04-05T05:40:00+08:00,22782828,0,False,Wh,101
142813,20.0,2025-04-05T06:00:00+08:00,22782904,0,False,Wh,101
142813,20.0,2025-04-05T06:20:00+08:00,22782994,0,False,Wh,101
142813,20.0,2025-04-05T06:40:00+08:00,22783103,0,False,Wh,101
142813,20.0,2025-04-05T07:00:00+08:00,22783184,0,False,Wh,101
142813,20.0,2025-04-05T07:20:00+08:00,22783265,0,False,Wh,101
142813,20.0,2025-04-05T07:40:00+08:00,22783339,0,False,Wh,101
142813,20.0,2025-04-05T08:00:00+08:00,22783412,0,False,Wh,101
142813,20.0,2025-04-05T08:20:00+08:00,22783484,0,False,Wh,101
142813,20.0,2025-04-05T08:40:00+08:00,22783555,0,False,Wh,101
142813,20.0,2025-04-05T09:00:00+08:00,22783626,0,False,Wh,101
142813,20.0,2025-04-05T09:20:00+08:00,22783689,0,False,Wh,101
142813,20.0,2025-04-05T09:40:00+08:00,22783915,0,False,Wh,101
142813,20.0,2025-04-05T10:00:00+08:00,22784232,0,False,Wh,101
142813,20.0,2025-04-05T10:20:00+08:00,22784299,0,False,Wh,101
142813,20.0,2025-04-05T10:40:00+08:00,22784391,0,False,Wh,101
142813,20.0,2025-04-05T11:00:00+08:00,22784540,0,False,Wh,101
142813,20.0,2025-04-05T11:20:00+08:00,22784845,0,False,Wh,101
142813,20.0,2025-04-05T11:40:00+08:00,22785030,0,False,Wh,101
142813,20.0,2025-04-05T12:00:00+08:00,22785222,0,False,Wh,101
142813,20.0,2025-04-05T12:20:00+08:00,22785417,0,False,Wh,101
142813,20.0,2025-04-05T12:40:00+08:00,22785607,0,False,Wh,101
142813,20.0,2025-04-05T13:00:00+08:00,22785850,0,False,Wh,101
142813,20.0,2025-04-05T13:20:00+08:00,22786035,0,False,Wh,101
142813,20.0,2025-04-05T13:40:00+08:00,22786229,0,False,Wh,101
142813,20.0,2025-04-05T14:00:00+08:00,22786421,0,False,Wh,101
142813,20.0,2025-04-05T14:20:00+08:00,22786608,0,False,Wh,101
142813,20.0,2025-04-05T14:40:00+08:00,22787472,0,False,Wh,101
142813,20.0,2025-04-05T15:00:00+08:00,22787606,0,False,Wh,101
142813,20.0,2025-04-05T15:20:00+08:00,22787785,0,False,Wh,101
142813,20.0,2025-04-05T15:40:00+08:00,22787965,0,False,Wh,101
142813,20.0,2025-04-05T16:00:00+08:00,22788143,0,False,Wh,101
142813,20.0,2025-04-05T16:20:00+08:00,22788335,0,False,Wh,101
142813,20.0,2025-04-05T16:40:00+08:00,22788510,0,False,Wh,101
142813,20.0,2025-04-05T17:00:00+08:00,22788696,0,False,Wh,101
142813,20.0,2025-04-05T17:20:00+08:00,22788877,0,False,Wh,101
142813,20.0,2025-04-05T17:40:00+08:00,22789050,0,False,Wh,101
142813,20.0,2025-04-05T18:00:00+08:00,22789240,0,False,Wh,101
142813,20.0,2025-04-05T18:20:00+08:00,22789419,0,False,Wh,101
142813,20.0,2025-04-05T18:40:00+08:00,22789547,0,False,Wh,101
142813,20.0,2025-04-05T19:00:00+08:00,22789669,0,False,Wh,101
142813,20.0,2025-04-05T19:20:00+08:00,22789796,0,False,Wh,101
142813,20.0,2025-04-05T19:40:00+08:00,22790043,0,False,Wh,101
142813,20.0,2025-04-05T20:00:00+08:00,22790278,0,False,Wh,101
142813,20.0,2025-04-05T20:20:00+08:00,22790773,0,False,Wh,101
142813,20.0,2025-04-05T20:40:00+08:00,22790958,0,False,Wh,101
142813,20.0,2025-04-05T21:00:00+08:00,22791154,0,False,Wh,101
142813,20.0,2025-04-05T21:20:00+08:00,22791353,0,False,Wh,101
142813,20.0,2025-04-05T21:40:00+08:00,22791612,0,False,Wh,101
142813,20.0,2025-04-05T22:00:00+08:00,22791813,0,False,Wh,101
142813,20.0,2025-04-05T22:20:00+08:00,22792000,0,False,Wh,101
142813,20.0,2025-04-05T22:40:00+08:00,22792329,0,False,Wh,101
142813,20.0,2025-04-05T23:00:00+08:00,22792791,0,False,Wh,101
142813,20.0,2025-04-05T23:20:00+08:00,22793246,0,False,Wh,101
142813,20.0,2025-04-05T23:40:00+08:00,22793705,0,False,Wh,101
142813,20.0,2025-04-06T00:00:00+08:00,22794130,0,False,Wh,101
142813,20.0,2025-04-06T00:20:00+08:00,22794375,0,False,Wh,101
142813,20.0,2025-04-06T00:40:00+08:00,22794541,0,False,Wh,101
142813,20.0,2025-04-06T01:00:00+08:00,22794660,0,False,Wh,101
142813,20.0,2025-04-06T01:20:00+08:00,22794751,0,False,Wh,101
142813,20.0,2025-04-06T01:40:00+08:00,22794813,0,False,Wh,101
142813,20.0,2025-04-06T02:00:00+08:00,22794862,0,False,Wh,101
142813,20.0,2025-04-06T02:20:00+08:00,22794919,0,False,Wh,101
142813,20.0,2025-04-06T02:40:00+08:00,22794988,0,False,Wh,101
142813,20.0,2025-04-06T03:00:00+08:00,22795051,0,False,Wh,101
142813,20.0,2025-04-06T03:20:00+08:00,22795103,0,False,Wh,101
142813,20.0,2025-04-06T03:40:00+08:00,22795160,0,False,Wh,101
142813,20.0,2025-04-06T04:00:00+08:00,22795215,0,False,Wh,101
142813,20.0,2025-04-06T04:20:00+08:00,22795639,0,False,Wh,101
142813,20.0,2025-04-06T04:40:00+08:00,22795694,0,False,Wh,101
142813,20.0,2025-04-06T05:00:00+08:00,22795729,0,False,Wh,101
142813,20.0,2025-04-06T05:20:00+08:00,22795771,0,False,Wh,101
142813,20.0,2025-04-06T05:40:00+08:00,22795814,0,False,Wh,101
142813,20.0,2025-04-06T06:00:00+08:00,22795859,0,False,Wh,101
142813,20.0,2025-04-06T06:20:00+08:00,22795903,0,False,Wh,101
142813,20.0,2025-04-06T06:40:00+08:00,22795946,0,False,Wh,101
142813,20.0,2025-04-06T07:00:00+08:00,22795977,0,False,Wh,101
142813,20.0,2025-04-06T07:20:00+08:00,22796011,0,False,Wh,101
142813,20.0,2025-04-06T07:40:00+08:00,22796062,0,False,Wh,101
142813,20.0,2025-04-06T08:00:00+08:00,22796101,0,False,Wh,101
142813,20.0,2025-04-06T08:20:00+08:00,22796137,0,False,Wh,101
142813,20.0,2025-04-06T08:40:00+08:00,22796186,0,False,Wh,101
142813,20.0,2025-04-06T09:00:00+08:00,22796249,0,False,Wh,101
142813,20.0,2025-04-06T09:20:00+08:00,22796478,0,False,Wh,101
142813,20.0,2025-04-06T09:40:00+08:00,22796682,0,False,Wh,101
142813,20.0,2025-04-06T10:00:00+08:00,22796924,0,False,Wh,101
142813,20.0,2025-04-06T10:20:00+08:00,22797163,0,False,Wh,101
142813,20.0,2025-04-06T10:40:00+08:00,22797415,0,False,Wh,101
142813,20.0,2025-04-06T11:00:00+08:00,22797659,0,False,Wh,101
142813,20.0,2025-04-06T11:20:00+08:00,22798150,0,False,Wh,101
142813,20.0,2025-04-06T11:40:00+08:00,22799588,0,False,Wh,101
142813,20.0,2025-04-06T12:00:00+08:00,22800213,0,False,Wh,101
142813,20.0,2025-04-06T12:20:00+08:00,22800463,0,False,Wh,101
142813,20.0,2025-04-06T12:40:00+08:00,22800713,0,False,Wh,101
142813,20.0,2025-04-06T13:00:00+08:00,22800970,0,False,Wh,101
142813,20.0,2025-04-06T13:20:00+08:00,22801235,0,False,Wh,101
142813,20.0,2025-04-06T13:40:00+08:00,22801573,0,False,Wh,101
142813,20.0,2025-04-06T14:00:00+08:00,22802027,0,False,Wh,101
142813,20.0,2025-04-06T14:20:00+08:00,22803050,0,False,Wh,101
142813,20.0,2025-04-06T14:40:00+08:00,22803549,0,False,Wh,101
142813,20.0,2025-04-06T15:00:00+08:00,22804199,0,False,Wh,101
142813,20.0,2025-04-06T15:20:00+08:00,22804722,0,False,Wh,101
142813,20.0,2025-04-06T15:40:00+08:00,22805292,0,False,Wh,101
142813,20.0,2025-04-06T16:00:00+08:00,22805880,0,False,Wh,101
142813,20.0,2025-04-06T16:20:00+08:00,22806444,0,False,Wh,101
142813,20.0,2025-04-06T16:40:00+08:00,22807009,0,False,Wh,101
142813,20.0,2025-04-06T17:00:00+08:00,22807579,0,False,Wh,101
142813,20.0,2025-04-06T17:20:00+08:00,22808085,0,False,Wh,101
142813,20.0,2025-04-06T17:40:00+08:00,22808593,0,False,Wh,101
142813,20.0,2025-04-06T18:00:00+08:00,22809068,0,False,Wh,101
142813,20.0,2025-04-06T18:20:00+08:00,22809340,0,False,Wh,101
142813,20.0,2025-04-06T18:40:00+08:00,22809594,0,False,Wh,101
142813,20.0,2025-04-06T19:00:00+08:00,22809863,0,False,Wh,101
142813,20.0,2025-04-06T19:20:00+08:00,22810128,0,False,Wh,101
142813,20.0,2025-04-06T19:40:00+08:00,22810472,0,False,Wh,101
142813,20.0,2025-04-06T20:00:00+08:00,22810857,0,False,Wh,101
142813,20.0,2025-04-06T20:20:00+08:00,22811391,0,False,Wh,101
142813,20.0,2025-04-06T20:40:00+08:00,22811649,0,False,Wh,101
142813,20.0,2025-04-06T21:00:00+08:00,22811899,0,False,Wh,101
142813,20.0,2025-04-06T21:20:00+08:00,22812159,0,False,Wh,101
142813,20.0,2025-04-06T21:40:00+08:00,22812416,0,False,Wh,101
142813,20.0,2025-04-06T22:00:00+08:00,22812675,0,False,Wh,101
142813,20.0,2025-04-06T22:20:00+08:00,22812929,0,False,Wh,101
142813,20.0,2025-04-06T22:40:00+08:00,22813226,0,False,Wh,101
142813,20.0,2025-04-06T23:00:00+08:00,22813382,0,False,Wh,101
142813,20.0,2025-04-06T23:20:00+08:00,22813504,0,False,Wh,101
142813,20.0,2025-04-06T23:40:00+08:00,22813660,0,False,Wh,101
142813,20.0,2025-04-07T00:00:00+08:00,22814150,0,False,Wh,101
142813,20.0,2025-04-07T00:20:00+08:00,22814222,0,False,Wh,101
142813,20.0,2025-04-07T00:40:00+08:00,22814239,0,False,Wh,101
142813,20.0,2025-04-07T01:00:00+08:00,22814266,0,False,Wh,101
142813,20.0,2025-04-07T01:20:00+08:00,22814287,0,False,Wh,101
142813,20.0,2025-04-07T01:40:00+08:00,22814310,0,False,Wh,101
142813,20.0,2025-04-07T02:00:00+08:00,22814336,0,False,Wh,101
142813,20.0,2025-04-07T02:20:00+08:00,22814355,0,False,Wh,101
142813,20.0,2025-04-07T02:40:00+08:00,22814430,0,False,Wh,101
142813,20.0,2025-04-07T03:00:00+08:00,22814452,0,False,Wh,101
142813,20.0,2025-04-07T03:20:00+08:00,22814482,0,False,Wh,101
142813,20.0,2025-04-07T03:40:00+08:00,22814511,0,False,Wh,101
142813,20.0,2025-04-07T04:00:00+08:00,22814539,0,False,Wh,101
142813,20.0,2025-04-07T04:20:00+08:00,22814566,0,False,Wh,101
142813,20.0,2025-04-07T04:40:00+08:00,22814593,0,False,Wh,101
142813,20.0,2025-04-07T05:00:00+08:00,22814620,0,False,Wh,101
142813,20.0,2025-04-07T05:20:00+08:00,22814641,0,False,Wh,101
142813,20.0,2025-04-07T05:40:00+08:00,22814672,0,False,Wh,101
142813,20.0,2025-04-07T06:00:00+08:00,22815042,0,False,Wh,101
142813,20.0,2025-04-07T06:20:00+08:00,22815067,0,False,Wh,101
142813,20.0,2025-04-07T06:40:00+08:00,22815088,0,False,Wh,101
142813,20.0,2025-04-07T07:00:00+08:00,22815112,0,False,Wh,101
142813,20.0,2025-04-07T07:20:00+08:00,22815138,0,False,Wh,101
142813,20.0,2025-04-07T07:40:00+08:00,22815156,0,False,Wh,101
142813,20.0,2025-04-07T08:00:00+08:00,22815223,0,False,Wh,101
142813,20.0,2025-04-07T08:20:00+08:00,22815374,0,False,Wh,101
142813,20.0,2025-04-07T08:40:00+08:00,22815632,0,False,Wh,101
142813,20.0,2025-04-07T09:00:00+08:00,22815860,0,False,Wh,101
142813,20.0,2025-04-07T09:20:00+08:00,22816030,0,False,Wh,101
142813,20.0,2025-04-07T09:40:00+08:00,22816202,0,False,Wh,101
142813,20.0,2025-04-07T10:00:00+08:00,22816364,0,False,Wh,101
142813,20.0,2025-04-07T10:20:00+08:00,22817021,0,False,Wh,101
142813,20.0,2025-04-07T10:40:00+08:00,22817804,0,False,Wh,101
142813,20.0,2025-04-07T11:00:00+08:00,22818656,0,False,Wh,101
142813,20.0,2025-04-07T11:20:00+08:00,22818781,0,False,Wh,101
142813,20.0,2025-04-07T11:40:00+08:00,22818954,0,False,Wh,101
142813,20.0,2025-04-07T12:00:00+08:00,22819132,0,False,Wh,101
142813,20.0,2025-04-07T12:20:00+08:00,22819294,0,False,Wh,101
142813,20.0,2025-04-07T12:40:00+08:00,22819471,0,False,Wh,101
142813,20.0,2025-04-07T13:00:00+08:00,22819659,0,False,Wh,101
142813,20.0,2025-04-07T13:20:00+08:00,22819798,0,False,Wh,101
142813,20.0,2025-04-07T13:40:00+08:00,22819909,0,False,Wh,101
142813,20.0,2025-04-07T14:00:00+08:00,22820022,0,False,Wh,101
142813,20.0,2025-04-07T14:20:00+08:00,22820199,0,False,Wh,101
142813,20.0,2025-04-07T14:40:00+08:00,22820368,0,False,Wh,101
142813,20.0,2025-04-07T15:00:00+08:00,22820545,0,False,Wh,101
142813,20.0,2025-04-07T15:20:00+08:00,22821072,0,False,Wh,101
142813,20.0,2025-04-07T15:40:00+08:00,22822043,0,False,Wh,101
142813,20.0,2025-04-07T16:00:00+08:00,22822717,0,False,Wh,101
142813,20.0,2025-04-07T16:20:00+08:00,22823533,0,False,Wh,101
142813,20.0,2025-04-07T16:40:00+08:00,22824062,0,False,Wh,101
142813,20.0,2025-04-07T17:00:00+08:00,22824608,0,False,Wh,101
142813,20.0,2025-04-07T17:20:00+08:00,22825130,0,False,Wh,101
142813,20.0,2025-04-07T17:40:00+08:00,22825650,0,False,Wh,101
142813,20.0,2025-04-07T18:00:00+08:00,22826157,0,False,Wh,101
142813,20.0,2025-04-07T18:20:00+08:00,22826609,0,False,Wh,101
142813,20.0,2025-04-07T18:40:00+08:00,22827048,0,False,Wh,101
142813,20.0,2025-04-07T19:00:00+08:00,22827476,0,False,Wh,101
142813,20.0,2025-04-07T19:20:00+08:00,22827884,0,False,Wh,101
142813,20.0,2025-04-07T19:40:00+08:00,22828010,0,False,Wh,101
142813,20.0,2025-04-07T20:00:00+08:00,22828151,0,False,Wh,101
142813,20.0,2025-04-07T20:20:00+08:00,22828270,0,False,Wh,101
142813,20.0,2025-04-07T20:40:00+08:00,22828401,0,False,Wh,101
142813,20.0,2025-04-07T21:00:00+08:00,22828523,0,False,Wh,101
142813,20.0,2025-04-07T21:20:00+08:00,22828773,0,False,Wh,101
142813,20.0,2025-04-07T21:40:00+08:00,22828934,0,False,Wh,101
142813,20.0,2025-04-07T22:00:00+08:00,22829106,0,False,Wh,101
142813,20.0,2025-04-07T22:20:00+08:00,22829290,0,False,Wh,101
142813,20.0,2025-04-07T22:40:00+08:00,22829529,0,False,Wh,101
142813,20.0,2025-04-07T23:00:00+08:00,22829705,0,False,Wh,101
142813,20.0,2025-04-07T23:20:00+08:00,22829883,0,False,Wh,101
142813,20.0,2025-04-07T23:40:00+08:00,22830453,0,False,Wh,101
142813,20.0,2025-04-08T00:00:00+08:00,22830595,0,False,Wh,101
142814,20.0,2025-04-01T00:20:00+08:00,23034774,0,False,Wh,102
142814,20.0,2025-04-01T00:40:00+08:00,23034819,0,False,Wh,102
142814,20.0,2025-04-01T01:00:00+08:00,23035075,0,False,Wh,102
142814,20.0,2025-04-01T01:20:00+08:00,23035379,0,False,Wh,102
142814,20.0,2025-04-01T01:40:00+08:00,23035426,0,False,Wh,102
142814,20.0,2025-04-01T02:00:00+08:00,23035471,0,False,Wh,102
142814,20.0,2025-04-01T02:20:00+08:00,23035517,0,False,Wh,102
142814,20.0,2025-04-01T02:40:00+08:00,23035562,0,False,Wh,102
142814,20.0,2025-04-01T03:00:00+08:00,23035608,0,False,Wh,102
142814,20.0,2025-04-01T03:20:00+08:00,23035671,0,False,Wh,102
142814,20.0,2025-04-01T03:40:00+08:00,23035725,0,False,Wh,102
142814,20.0,2025-04-01T04:00:00+08:00,23035768,0,False,Wh,102
142814,20.0,2025-04-01T04:20:00+08:00,23035811,0,False,Wh,102
142814,20.0,2025-04-01T04:40:00+08:00,23035854,0,False,Wh,102
142814,20.0,2025-04-01T05:00:00+08:00,23035899,0,False,Wh,102
142814,20.0,2025-04-01T05:20:00+08:00,23035954,0,False,Wh,102
142814,20.0,2025-04-01T05:40:00+08:00,23036007,0,False,Wh,102
142814,20.0,2025-04-01T06:00:00+08:00,23036055,0,False,Wh,102
142814,20.0,2025-04-01T06:20:00+08:00,23036081,0,False,Wh,102
142814,20.0,2025-04-01T06:40:00+08:00,23036105,0,False,Wh,102
142814,20.0,2025-04-01T07:00:00+08:00,23036129,0,False,Wh,102
142814,20.0,2025-04-01T07:20:00+08:00,23036152,0,False,Wh,102
142814,20.0,2025-04-01T07:40:00+08:00,23036188,0,False,Wh,102
142814,20.0,2025-04-01T08:00:00+08:00,23036228,0,False,Wh,102
142814,20.0,2025-04-01T08:20:00+08:00,23036250,0,False,Wh,102
142814,20.0,2025-04-01T08:40:00+08:00,23036272,0,False,Wh,102
142814,20.0,2025-04-01T09:00:00+08:00,23036294,0,False,Wh,102
142814,20.0,2025-04-01T09:20:00+08:00,23036738,0,False,Wh,102
142814,20.0,2025-04-01T09:40:00+08:00,23036759,0,False,Wh,102
142814,20.0,2025-04-01T10:00:00+08:00,23036799,0,False,Wh,102
142814,20.0,2025-04-01T10:20:00+08:00,23036852,0,False,Wh,102
142814,20.0,2025-04-01T10:40:00+08:00,23036899,0,False,Wh,102
142814,20.0,2025-04-01T11:00:00+08:00,23036940,0,False,Wh,102
142814,20.0,2025-04-01T11:20:00+08:00,23036967,0,False,Wh,102
142814,20.0,2025-04-01T11:40:00+08:00,23036993,0,False,Wh,102
142814,20.0,2025-04-01T12:00:00+08:00,23037024,0,False,Wh,102
142814,20.0,2025-04-01T12:20:00+08:00,23037066,0,False,Wh,102
142814,20.0,2025-04-01T12:40:00+08:00,23037097,0,False,Wh,102
142814,20.0,2025-04-01T13:00:00+08:00,23037121,0,False,Wh,102
142814,20.0,2025-04-01T13:20:00+08:00,23037143,0,False,Wh,102
142814,20.0,2025-04-01T13:40:00+08:00,23037166,0,False,Wh,102
142814,20.0,2025-04-01T14:00:00+08:00,23037189,0,False,Wh,102
142814,20.0,2025-04-01T14:20:00+08:00,23037225,0,False,Wh,102
142814,20.0,2025-04-01T14:40:00+08:00,23037264,0,False,Wh,102
142814,20.0,2025-04-01T15:00:00+08:00,23037287,0,False,Wh,102
142814,20.0,2025-04-01T15:20:00+08:00,23037309,0,False,Wh,102
142814,20.0,2025-04-01T15:40:00+08:00,23037330,0,False,Wh,102
142814,20.0,2025-04-01T16:00:00+08:00,23037352,0,False,Wh,102
142814,20.0,2025-04-01T16:20:00+08:00,23037376,0,False,Wh,102
142814,20.0,2025-04-01T16:40:00+08:00,23037417,0,False,Wh,102
142814,20.0,2025-04-01T17:00:00+08:00,23037451,0,False,Wh,102
142814,20.0,2025-04-01T17:20:00+08:00,23037513,0,False,Wh,102
142814,20.0,2025-04-01T17:40:00+08:00,23038582,0,False,Wh,102
142814,20.0,2025-04-01T18:00:00+08:00,23038980,0,False,Wh,102
142814,20.0,2025-04-01T18:20:00+08:00,23039586,0,False,Wh,102
142814,20.0,2025-04-01T18:40:00+08:00,23041540,0,False,Wh,102
142814,20.0,2025-04-01T19:00:00+08:00,23042282,0,False,Wh,102
142814,20.0,2025-04-01T19:20:00+08:00,23042596,0,False,Wh,102
142814,20.0,2025-04-01T19:40:00+08:00,23042887,0,False,Wh,102
142814,20.0,2025-04-01T20:00:00+08:00,23043171,0,False,Wh,102
142814,20.0,2025-04-01T20:20:00+08:00,23044128,0,False,Wh,102
142814,20.0,2025-04-01T20:40:00+08:00,23044478,0,False,Wh,102
142814,20.0,2025-04-01T21:00:00+08:00,23044926,0,False,Wh,102
142814,20.0,2025-04-01T21:20:00+08:00,23046339,0,False,Wh,102
142814,20.0,2025-04-01T21:40:00+08:00,23046790,0,False,Wh,102
142814,20.0,2025-04-01T22:00:00+08:00,23047036,0,False,Wh,102
142814,20.0,2025-04-01T22:20:00+08:00,23047274,0,False,Wh,102
142814,20.0,2025-04-01T22:40:00+08:00,23047513,0,False,Wh,102
142814,20.0,2025-04-01T23:00:00+08:00,23047718,0,False,Wh,102
142814,20.0,2025-04-01T23:20:00+08:00,23047902,0,False,Wh,102
142814,20.0,2025-04-01T23:40:00+08:00,23048082,0,False,Wh,102
142814,20.0,2025-04-02T00:00:00+08:00,23048246,0,False,Wh,102
142814,20.0,2025-04-02T00:20:00+08:00,23048416,0,False,Wh,102
142814,20.0,2025-04-02T00:40:00+08:00,23048587,0,False,Wh,102
142814,20.0,2025-04-02T01:00:00+08:00,23048765,0,False,Wh,102
142814,20.0,2025-04-02T01:20:00+08:00,23048919,0,False,Wh,102
142814,20.0,2025-04-02T01:40:00+08:00,23049070,0,False,Wh,102
142814,20.0,2025-04-02T02:00:00+08:00,23049221,0,False,Wh,102
142814,20.0,2025-04-02T02:20:00+08:00,23049366,0,False,Wh,102
142814,20.0,2025-04-02T02:40:00+08:00,23049523,0,False,Wh,102
142814,20.0,2025-04-02T03:00:00+08:00,23049675,0,False,Wh,102
142814,20.0,2025-04-02T03:20:00+08:00,23050238,0,False,Wh,102
142814,20.0,2025-04-02T03:40:00+08:00,23050388,0,False,Wh,102
142814,20.0,2025-04-02T04:00:00+08:00,23050518,0,False,Wh,102
142814,20.0,2025-04-02T04:20:00+08:00,23050642,0,False,Wh,102
142814,20.0,2025-04-02T04:40:00+08:00,23051663,0,False,Wh,102
142814,20.0,2025-04-02T05:00:00+08:00,23052268,0,False,Wh,102
142814,20.0,2025-04-02T05:20:00+08:00,23052422,0,False,Wh,102
142814,20.0,2025-04-02T05:40:00+08:00,23052544,0,False,Wh,102
142814,20.0,2025-04-02T06:00:00+08:00,23052682,0,False,Wh,102
142814,20.0,2025-04-02T06:20:00+08:00,23052787,0,False,Wh,102
142814,20.0,2025-04-02T06:40:00+08:00,23052893,0,False,Wh,102
142814,20.0,2025-04-02T07:00:00+08:00,23052985,0,False,Wh,102
142814,20.0,2025-04-02T07:20:00+08:00,23053106,0,False,Wh,102
142814,20.0,2025-04-02T07:40:00+08:00,23053224,0,False,Wh,102
142814,20.0,2025-04-02T08:00:00+08:00,23053336,0,False,Wh,102
142814,20.0,2025-04-02T08:20:00+08:00,23053445,0,False,Wh,102
142814,20.0,2025-04-02T08:40:00+08:00,23053535,0,False,Wh,102
142814,20.0,2025-04-02T09:00:00+08:00,23053610,0,False,Wh,102
142814,20.0,2025-04-02T09:20:00+08:00,23053694,0,False,Wh,102
142814,20.0,2025-04-02T09:40:00+08:00,23053789,0,False,Wh,102
142814,20.0,2025-04-02T10:00:00+08:00,23054274,0,False,Wh,102
142814,20.0,2025-04-02T10:20:00+08:00,23054353,0,False,Wh,102
142814,20.0,2025-04-02T10:40:00+08:00,23054433,0,False,Wh,102
142814,20.0,2025-04-02T11:00:00+08:00,23054516,0,False,Wh,102
142814,20.0,2025-04-02T11:20:00+08:00,23054600,0,False,Wh,102
142814,20.0,2025-04-02T11:40:00+08:00,23054721,0,False,Wh,102
142814,20.0,2025-04-02T12:00:00+08:00,23054841,0,False,Wh,102
142814,20.0,2025-04-02T12:20:00+08:00,23054980,0,False,Wh,102
142814,20.0,2025-04-02T12:40:00+08:00,23055090,0,False,Wh,102
142814,20.0,2025-04-02T13:00:00+08:00,23055268,0,False,Wh,102
142814,20.0,2025-04-02T13:20:00+08:00,23055426,0,False,Wh,102
142814,20.0,2025-04-02T13:40:00+08:00,23055591,0,False,Wh,102
142814,20.0,2025-04-02T14:00:00+08:00,23055784,0,False,Wh,102
142814,20.0,2025-04-02T14:20:00+08:00,23055979,0,False,Wh,102
142814,20.0,2025-04-02T14:40:00+08:00,23056130,0,False,Wh,102
142814,20.0,2025-04-02T15:00:00+08:00,23056328,0,False,Wh,102
142814,20.0,2025-04-02T15:20:00+08:00,23056495,0,False,Wh,102
142814,20.0,2025-04-02T15:40:00+08:00,23056708,0,False,Wh,102
142814,20.0,2025-04-02T16:00:00+08:00,23056925,0,False,Wh,102
142814,20.0,2025-04-02T16:20:00+08:00,23057121,0,False,Wh,102
142814,20.0,2025-04-02T16:40:00+08:00,23057311,0,False,Wh,102
142814,20.0,2025-04-02T17:00:00+08:00,23057506,0,False,Wh,102
142814,20.0,2025-04-02T17:20:00+08:00,23057694,0,False,Wh,102
142814,20.0,2025-04-02T17:40:00+08:00,23057877,0,False,Wh,102
142814,20.0,2025-04-02T18:00:00+08:00,23058052,0,False,Wh,102
142814,20.0,2025-04-02T18:20:00+08:00,23058504,0,False,Wh,102
142814,20.0,2025-04-02T18:40:00+08:00,23059845,0,False,Wh,102
142814,20.0,2025-04-02T19:00:00+08:00,23060872,0,False,Wh,102
142814,20.0,2025-04-02T19:20:00+08:00,23061080,0,False,Wh,102
142814,20.0,2025-04-02T19:40:00+08:00,23061258,0,False,Wh,102
142814,20.0,2025-04-02T20:00:00+08:00,23061413,0,False,Wh,102
142814,20.0,2025-04-02T20:20:00+08:00,23061470,0,False,Wh,102
142814,20.0,2025-04-02T20:40:00+08:00,23061532,0,False,Wh,102
142814,20.0,2025-04-02T21:00:00+08:00,23061606,0,False,Wh,102
142814,20.0,2025-04-02T21:20:00+08:00,23061666,0,False,Wh,102
142814,20.0,2025-04-02T21:40:00+08:00,23061717,0,False,Wh,102
142814,20.0,2025-04-02T22:00:00+08:00,23061776,0,False,Wh,102
142814,20.0,2025-04-02T22:20:00+08:00,23061855,0,False,Wh,102
142814,20.0,2025-04-02T22:40:00+08:00,23061923,0,False,Wh,102
142814,20.0,2025-04-02T23:00:00+08:00,23062452,0,False,Wh,102
142814,20.0,2025-04-02T23:20:00+08:00,23062523,0,False,Wh,102
142814,20.0,2025-04-02T23:40:00+08:00,23062577,0,False,Wh,102
142814,20.0,2025-04-03T00:00:00+08:00,23062628,0,False,Wh,102
142814,20.0,2025-04-03T00:20:00+08:00,23062678,0,False,Wh,102
142814,20.0,2025-04-03T00:40:00+08:00,23062728,0,False,Wh,102
142814,20.0,2025-04-03T01:00:00+08:00,23062777,0,False,Wh,102
142814,20.0,2025-04-03T01:20:00+08:00,23062843,0,False,Wh,102
142814,20.0,2025-04-03T01:40:00+08:00,23062910,0,False,Wh,102
142814,20.0,2025-04-03T02:00:00+08:00,23062960,0,False,Wh,102
142814,20.0,2025-04-03T02:20:00+08:00,23063009,0,False,Wh,102
142814,20.0,2025-04-03T02:40:00+08:00,23063060,0,False,Wh,102
142814,20.0,2025-04-03T03:00:00+08:00,23063110,0,False,Wh,102
142814,20.0,2025-04-03T03:20:00+08:00,23063161,0,False,Wh,102
142814,20.0,2025-04-03T03:40:00+08:00,23063229,0,False,Wh,102
142814,20.0,2025-04-03T04:00:00+08:00,23063293,0,False,Wh,102
142814,20.0,2025-04-03T04:20:00+08:00,23063338,0,False,Wh,102
142814,20.0,2025-04-03T04:40:00+08:00,23063379,0,False,Wh,102
142814,20.0,2025-04-03T05:00:00+08:00,23064030,0,False,Wh,102
142814,20.0,2025-04-03T05:20:00+08:00,23064134,0,False,Wh,102
142814,20.0,2025-04-03T05:40:00+08:00,23064189,0,False,Wh,102
142814,20.0,2025-04-03T06:00:00+08:00,23064255,0,False,Wh,102
142814,20.0,2025-04-03T06:20:00+08:00,23064282,0,False,Wh,102
142814,20.0,2025-04-03T06:40:00+08:00,23064303,0,False,Wh,102
142814,20.0,2025-04-03T07:00:00+08:00,23064324,0,False,Wh,102
142814,20.0,2025-04-03T07:20:00+08:00,23064343,0,False,Wh,102
142814,20.0,2025-04-03T07:40:00+08:00,23064362,0,False,Wh,102
142814,20.0,2025-04-03T08:00:00+08:00,23064393,0,False,Wh,102
142814,20.0,2025-04-03T08:20:00+08:00,23064428,0,False,Wh,102
142814,20.0,2025-04-03T08:40:00+08:00,23064446,0,False,Wh,102
142814,20.0,2025-04-03T09:00:00+08:00,23064464,0,False,Wh,102
142814,20.0,2025-04-03T09:20:00+08:00,23064481,0,False,Wh,102
142814,20.0,2025-04-03T09:40:00+08:00,23064498,0,False,Wh,102
142814,20.0,2025-04-03T10:00:00+08:00,23064516,0,False,Wh,102
142814,20.0,2025-04-03T10:20:00+08:00,23064552,0,False,Wh,102
142814,20.0,2025-04-03T10:40:00+08:00,23064581,0,False,Wh,102
142814,20.0,2025-04-03T11:00:00+08:00,23064597,0,False,Wh,102
142814,20.0,2025-04-03T11:20:00+08:00,23064614,0,False,Wh,102
142814,20.0,2025-04-03T11:40:00+08:00,23064759,0,False,Wh,102
142814,20.0,2025-04-03T12:00:00+08:00,23065075,0,False,Wh,102
142814,20.0,2025-04-03T12:20:00+08:00,23065097,0,False,Wh,102
142814,20.0,2025-04-03T12:40:00+08:00,23065132,0,False,Wh,102
142814,20.0,2025-04-03T13:00:00+08:00,23065155,0,False,Wh,102
142814,20.0,2025-04-03T13:20:00+08:00,23065172,0,False,Wh,102
142814,20.0,2025-04-03T13:40:00+08:00,23065189,0,False,Wh,102
142814,20.0,2025-04-03T14:00:00+08:00,23065205,0,False,Wh,102
142814,20.0,2025-04-03T14:20:00+08:00,23065222,0,False,Wh,102
142814,20.0,2025-04-03T14:40:00+08:00,23065253,0,False,Wh,102
142814,20.0,2025-04-03T15:00:00+08:00,23065287,0,False,Wh,102
142814,20.0,2025-04-03T15:20:00+08:00,23065304,0,False,Wh,102
142814,20.0,2025-04-03T15:40:00+08:00,23065322,0,False,Wh,102
142814,20.0,2025-04-03T16:00:00+08:00,23065339,0,False,Wh,102
142814,20.0,2025-04-03T16:20:00+08:00,23065360,0,False,Wh,102
142814,20.0,2025-04-03T16:40:00+08:00,23065632,0,False,Wh,102
142814,20.0,2025-04-03T17:00:00+08:00,23065933,0,False,Wh,102
142814,20.0,2025-04-03T17:20:00+08:00,23066193,0,False,Wh,102
142814,20.0,2025-04-03T17:40:00+08:00,23067364,0,False,Wh,102
142814,20.0,2025-04-03T18:00:00+08:00,23067597,0,False,Wh,102
142814,20.0,2025-04-03T18:20:00+08:00,23067817,0,False,Wh,102
142814,20.0,2025-04-03T18:40:00+08:00,23068030,0,False,Wh,102
142814,20.0,2025-04-03T19:00:00+08:00,23068248,0,False,Wh,102
142814,20.0,2025-04-03T19:20:00+08:00,23068456,0,False,Wh,102
142814,20.0,2025-04-03T19:40:00+08:00,23068619,0,False,Wh,102
142814,20.0,2025-04-03T20:00:00+08:00,23068780,0,False,Wh,102
142814,20.0,2025-04-03T20:20:00+08:00,23068935,0,False,Wh,102
142814,20.0,2025-04-03T20:40:00+08:00,23069091,0,False,Wh,102
142814,20.0,2025-04-03T21:00:00+08:00,23069275,0,False,Wh,102
142814,20.0,2025-04-03T21:20:00+08:00,23069467,0,False,Wh,102
142814,20.0,2025-04-03T21:40:00+08:00,23069682,0,False,Wh,102
142814,20.0,2025-04-03T22:00:00+08:00,23069859,0,False,Wh,102
142814,20.0,2025-04-03T22:20:00+08:00,23070051,0,False,Wh,102
142814,20.0,2025-04-03T22:40:00+08:00,23070220,0,False,Wh,102
142814,20.0,2025-04-03T23:00:00+08:00,23070398,0,False,Wh,102
142814,20.0,2025-04-03T23:20:00+08:00,23070570,0,False,Wh,102
142814,20.0,2025-04-03T23:40:00+08:00,23071173,0,False,Wh,102
142814,20.0,2025-04-04T00:00:00+08:00,23071321,0,False,Wh,102
142814,20.0,2025-04-04T00:20:00+08:00,23071465,0,False,Wh,102
142814,20.0,2025-04-04T00:40:00+08:00,23071608,0,False,Wh,102
142814,20.0,2025-04-04T01:00:00+08:00,23071731,0,False,Wh,102
142814,20.0,2025-04-04T01:20:00+08:00,23071845,0,False,Wh,102
142814,20.0,2025-04-04T01:40:00+08:00,23071960,0,False,Wh,102
142814,20.0,2025-04-04T02:00:00+08:00,23072090,0,False,Wh,102
142814,20.0,2025-04-04T02:20:00+08:00,23072208,0,False,Wh,102
142814,20.0,2025-04-04T02:40:00+08:00,23072320,0,False,Wh,102
142814,20.0,2025-04-04T03:00:00+08:00,23072433,0,False,Wh,102
142814,20.0,2025-04-04T03:20:00+08:00,23072544,0,False,Wh,102
142814,20.0,2025-04-04T03:40:00+08:00,23072667,0,False,Wh,102
142814,20.0,2025-04-04T04:00:00+08:00,23072773,0,False,Wh,102
142814,20.0,2025-04-04T04:20:00+08:00,23072899,0,False,Wh,102
142814,20.0,2025-04-04T04:40:00+08:00,23073010,0,False,Wh,102
142814,20.0,2025-04-04T05:00:00+08:00,23073409,0,False,Wh,102
142814,20.0,2025-04-04T05:20:00+08:00,23073892,0,False,Wh,102
142814,20.0,2025-04-04T05:40:00+08:00,23074023,0,False,Wh,102
142814,20.0,2025-04-04T06:00:00+08:00,23074138,0,False,Wh,102
142814,20.0,2025-04-04T06:20:00+08:00,23074220,0,False,Wh,102
142814,20.0,2025-04-04T06:40:00+08:00,23074310,0,False,Wh,102
142814,20.0,2025-04-04T07:00:00+08:00,23074378,0,False,Wh,102
142814,20.0,2025-04-04T07:20:00+08:00,23074441,0,False,Wh,102
142814,20.0,2025-04-04T07:40:00+08:00,23074514,0,False,Wh,102
142814,20.0,2025-04-04T08:00:00+08:00,23074585,0,False,Wh,102
142814,20.0,2025-04-04T08:20:00+08:00,23074657,0,False,Wh,102
142814,20.0,2025-04-04T08:40:00+08:00,23074733,0,False,Wh,102
142814,20.0,2025-04-04T09:00:00+08:00,23074822,0,False,Wh,102
142814,20.0,2025-04-04T09:20:00+08:00,23074899,0,False,Wh,102
142814,20.0,2025-04-04T09:40:00+08:00,23074971,0,False,Wh,102
142814,20.0,2025-04-04T10:00:00+08:00,23075066,0,False,Wh,102
142814,20.0,2025-04-04T10:20:00+08:00,23075144,0,False,Wh,102
142814,20.0,2025-04-04T10:40:00+08:00,23075218,0,False,Wh,102
142814,20.0,2025-04-04T11:00:00+08:00,23075284,0,False,Wh,102
142814,20.0,2025-04-04T11:20:00+08:00,23075370,0,False,Wh,102
142814,20.0,2025-04-04T11:40:00+08:00,23075864,0,False,Wh,102
142814,20.0,2025-04-04T12:00:00+08:00,23075936,0,False,Wh,102
142814,20.0,2025-04-04T12:20:00+08:00,23076006,0,False,Wh,102
142814,20.0,2025-04-04T12:40:00+08:00,23076079,0,False,Wh,102
142814,20.0,2025-04-04T13:00:00+08:00,23076151,0,False,Wh,102
142814,20.0,2025-04-04T13:20:00+08:00,23076223,0,False,Wh,102
142814,20.0,2025-04-04T13:40:00+08:00,23076311,0,False,Wh,102
142814,20.0,2025-04-04T14:00:00+08:00,23076401,0,False,Wh,102
142814,20.0,2025-04-04T14:20:00+08:00,23076476,0,False,Wh,102
142814,20.0,2025-04-04T14:40:00+08:00,23076546,0,False,Wh,102
142814,20.0,2025-04-04T15:00:00+08:00,23076611,0,False,Wh,102
142814,20.0,2025-04-04T15:20:00+08:00,23076671,0,False,Wh,102
142814,20.0,2025-04-04T15:40:00+08:00,23076743,0,False,Wh,102
142814,20.0,2025-04-04T16:00:00+08:00,23076828,0,False,Wh,102
142814,20.0,2025-04-04T16:20:00+08:00,23076910,0,False,Wh,102
142814,20.0,2025-04-04T16:40:00+08:00,23076980,0,False,Wh,102
142814,20.0,2025-04-04T17:00:00+08:00,23077052,0,False,Wh,102
142814,20.0,2025-04-04T17:20:00+08:00,23077126,0,False,Wh,102
142814,20.0,2025-04-04T17:40:00+08:00,23078162,0,False,Wh,102
142814,20.0,2025-04-04T18:00:00+08:00,23078641,0,False,Wh,102
142814,20.0,2025-04-04T18:20:00+08:00,23078894,0,False,Wh,102
142814,20.0,2025-04-04T18:40:00+08:00,23079641,0,False,Wh,102
142814,20.0,2025-04-04T19:00:00+08:00,23080330,0,False,Wh,102
142814,20.0,2025-04-04T19:20:00+08:00,23081059,0,False,Wh,102
142814,20.0,2025-04-04T19:40:00+08:00,23081790,0,False,Wh,102
142814,20.0,2025-04-04T20:00:00+08:00,23082529,0,False,Wh,102
142814,20.0,2025-04-04T20:20:00+08:00,23083193,0,False,Wh,102
142814,20.0,2025-04-04T20:40:00+08:00,23083380,0,False,Wh,102
142814,20.0,2025-04-04T21:00:00+08:00,23083558,0,False,Wh,102
142814,20.0,2025-04-04T21:20:00+08:00,23083652,0,False,Wh,102
142814,20.0,2025-04-04T21:40:00+08:00,23083725,0,False,Wh,102
142814,20.0,2025-04-04T22:00:00+08:00,23083808,0,False,Wh,102
142814,20.0,2025-04-04T22:20:00+08:00,23084009,0,False,Wh,102
142814,20.0,2025-04-04T22:40:00+08:00,23084245,0,False,Wh,102
142814,20.0,2025-04-04T23:00:00+08:00,23084830,0,False,Wh,102
142814,20.0,2025-04-04T23:20:00+08:00,23085000,0,False,Wh,102
142814,20.0,2025-04-04T23:40:00+08:00,23085198,0,False,Wh,102
142814,20.0,2025-04-05T00:00:00+08:00,23085402,0,False,Wh,102
142814,20.0,2025-04-05T00:20:00+08:00,23085610,0,False,Wh,102
142814,20.0,2025-04-05T00:40:00+08:00,23086223,0,False,Wh,102
142814,20.0,2025-04-05T01:00:00+08:00,23086350,0,False,Wh,102
142814,20.0,2025-04-05T01:20:00+08:00,23086460,0,False,Wh,102
142814,20.0,2025-04-05T01:40:00+08:00,23086584,0,False,Wh,102
142814,20.0,2025-04-05T02:00:00+08:00,23086711,0,False,Wh,102
142814,20.0,2025-04-05T02:20:00+08:00,23086834,0,False,Wh,102
142814,20.0,2025-04-05T02:40:00+08:00,23086963,0,False,Wh,102
142814,20.0,2025-04-05T03:00:00+08:00,23087077,0,False,Wh,102
142814,20.0,2025-04-05T03:20:00+08:00,23087186,0,False,Wh,102
142814,20.0,2025-04-05T03:40:00+08:00,23087288,0,False,Wh,102
142814,20.0,2025-04-05T04:00:00+08:00,23087403,0,False,Wh,102
142814,20.0,2025-04-05T04:20:00+08:00,23087512,0,False,Wh,102
142814,20.0,2025-04-05T04:40:00+08:00,23087777,0,False,Wh,102
142814,20.0,2025-04-05T05:00:00+08:00,23088094,0,False,Wh,102
142814,20.0,2025-04-05T05:20:00+08:00,23088197,0,False,Wh,102
142814,20.0,2025-04-05T05:40:00+08:00,23088303,0,False,Wh,102
142814,20.0,2025-04-05T06:00:00+08:00,23088420,0,False,Wh,102
142814,20.0,2025-04-05T06:20:00+08:00,23088550,0,False,Wh,102
142814,20.0,2025-04-05T06:40:00+08:00,23088662,0,False,Wh,102
142814,20.0,2025-04-05T07:00:00+08:00,23088783,0,False,Wh,102
142814,20.0,2025-04-05T07:20:00+08:00,23089795,0,False,Wh,102
142814,20.0,2025-04-05T07:40:00+08:00,23091044,0,False,Wh,102
142814,20.0,2025-04-05T08:00:00+08:00,23091929,0,False,Wh,102
142814,20.0,2025-04-05T08:20:00+08:00,23092050,0,False,Wh,102
142814,20.0,2025-04-05T08:40:00+08:00,23092154,0,False,Wh,102
142814,20.0,2025-04-05T09:00:00+08:00,23092274,0,False,Wh,102
142814,20.0,2025-04-05T09:20:00+08:00,23092407,0,False,Wh,102
142814,20.0,2025-04-05T09:40:00+08:00,23092522,0,False,Wh,102
142814,20.0,2025-04-05T10:00:00+08:00,23092650,0,False,Wh,102
142814,20.0,2025-04-05T10:20:00+08:00,23092765,0,False,Wh,102
142814,20.0,2025-04-05T10:40:00+08:00,23093504,0,False,Wh,102
142814,20.0,2025-04-05T11:00:00+08:00,23093827,0,False,Wh,102
142814,20.0,2025-04-05T11:20:00+08:00,23093958,0,False,Wh,102
142814,20.0,2025-04-05T11:40:00+08:00,23094495,0,False,Wh,102
142814,20.0,2025-04-05T12:00:00+08:00,23095603,0,False,Wh,102
142814,20.0,2025-04-05T12:20:00+08:00,23095703,0,False,Wh,102
142814,20.0,2025-04-05T12:40:00+08:00,23095807,0,False,Wh,102
142814,20.0,2025-04-05T13:00:00+08:00,23095930,0,False,Wh,102
142814,20.0,2025-04-05T13:20:00+08:00,23096041,0,False,Wh,102
142814,20.0,2025-04-05T13:40:00+08:00,23096170,0,False,Wh,102
142814,20.0,2025-04-05T14:00:00+08:00,23096304,0,False,Wh,102
142814,20.0,2025-04-05T14:20:00+08:00,23096423,0,False,Wh,102
142814,20.0,2025-04-05T14:40:00+08:00,23096555,0,False,Wh,102
142814,20.0,2025-04-05T15:00:00+08:00,23096713,0,False,Wh,102
142814,20.0,2025-04-05T15:20:00+08:00,23096879,0,False,Wh,102
142814,20.0,2025-04-05T15:40:00+08:00,23096992,0,False,Wh,102
142814,20.0,2025-04-05T16:00:00+08:00,23097161,0,False,Wh,102
142814,20.0,2025-04-05T16:20:00+08:00,23097740,0,False,Wh,102
142814,20.0,2025-04-05T16:40:00+08:00,23097916,0,False,Wh,102
142814,20.0,2025-04-05T17:00:00+08:00,23098076,0,False,Wh,102
142814,20.0,2025-04-05T17:20:00+08:00,23098223,0,False,Wh,102
142814,20.0,2025-04-05T17:40:00+08:00,23098372,0,False,Wh,102
142814,20.0,2025-04-05T18:00:00+08:00,23098497,0,False,Wh,102
142814,20.0,2025-04-05T18:20:00+08:00,23098592,0,False,Wh,102
142814,20.0,2025-04-05T18:40:00+08:00,23098686,0,False,Wh,102
142814,20.0,2025-04-05T19:00:00+08:00,23098764,0,False,Wh,102
142814,20.0,2025-04-05T19:20:00+08:00,23098845,0,False,Wh,102
142814,20.0,2025-04-05T19:40:00+08:00,23099162,0,False,Wh,102
142814,20.0,2025-04-05T20:00:00+08:00,23099270,0,False,Wh,102
142814,20.0,2025-04-05T20:20:00+08:00,23099375,0,False,Wh,102
142814,20.0,2025-04-05T20:40:00+08:00,23099496,0,False,Wh,102
142814,20.0,2025-04-05T21:00:00+08:00,23099612,0,False,Wh,102
142814,20.0,2025-04-05T21:20:00+08:00,23099714,0,False,Wh,102
142814,20.0,2025-04-05T21:40:00+08:00,23099821,0,False,Wh,102
142814,20.0,2025-04-05T22:00:00+08:00,23099934,0,False,Wh,102
142814,20.0,2025-04-05T22:20:00+08:00,23100055,0,False,Wh,102
142814,20.0,2025-04-05T22:40:00+08:00,23100134,0,False,Wh,102
142814,20.0,2025-04-05T23:00:00+08:00,23100199,0,False,Wh,102
142814,20.0,2025-04-05T23:20:00+08:00,23100258,0,False,Wh,102
142814,20.0,2025-04-05T23:40:00+08:00,23100305,0,False,Wh,102
142814,20.0,2025-04-06T00:00:00+08:00,23100352,0,False,Wh,102
142814,20.0,2025-04-06T00:20:00+08:00,23100395,0,False,Wh,102
142814,20.0,2025-04-06T00:40:00+08:00,23100438,0,False,Wh,102
142814,20.0,2025-04-06T01:00:00+08:00,23100905,0,False,Wh,102
142814,20.0,2025-04-06T01:20:00+08:00,23100961,0,False,Wh,102
142814,20.0,2025-04-06T01:40:00+08:00,23101015,0,False,Wh,102
142814,20.0,2025-04-06T02:00:00+08:00,23101059,0,False,Wh,102
142814,20.0,2025-04-06T02:20:00+08:00,23101105,0,False,Wh,102
142814,20.0,2025-04-06T02:40:00+08:00,23101148,0,False,Wh,102
142814,20.0,2025-04-06T03:00:00+08:00,23101191,0,False,Wh,102
142814,20.0,2025-04-06T03:20:00+08:00,23101235,0,False,Wh,102
142814,20.0,2025-04-06T03:40:00+08:00,23101297,0,False,Wh,102
142814,20.0,2025-04-06T04:00:00+08:00,23101348,0,False,Wh,102
142814,20.0,2025-04-06T04:20:00+08:00,23101392,0,False,Wh,102
142814,20.0,2025-04-06T04:40:00+08:00,23101429,0,False,Wh,102
142814,20.0,2025-04-06T05:00:00+08:00,23101464,0,False,Wh,102
142814,20.0,2025-04-06T05:20:00+08:00,23101509,0,False,Wh,102
142814,20.0,2025-04-06T05:40:00+08:00,23101554,0,False,Wh,102
142814,20.0,2025-04-06T06:00:00+08:00,23101613,0,False,Wh,102
142814,20.0,2025-04-06T06:20:00+08:00,23101693,0,False,Wh,102
142814,20.0,2025-04-06T06:40:00+08:00,23101756,0,False,Wh,102
142814,20.0,2025-04-06T07:00:00+08:00,23101812,0,False,Wh,102
142814,20.0,2025-04-06T07:20:00+08:00,23101858,0,False,Wh,102
142814,20.0,2025-04-06T07:40:00+08:00,23101902,0,False,Wh,102
142814,20.0,2025-04-06T08:00:00+08:00,23101949,0,False,Wh,102
142814,20.0,2025-04-06T08:20:00+08:00,23102012,0,False,Wh,102
142814,20.0,2025-04-06T08:40:00+08:00,23102491,0,False,Wh,102
142814,20.0,2025-04-06T09:00:00+08:00,23102515,0,False,Wh,102
142814,20.0,2025-04-06T09:20:00+08:00,23102558,0,False,Wh,102
142814,20.0,2025-04-06T09:40:00+08:00,23102716,0,False,Wh,102
142814,20.0,2025-04-06T10:00:00+08:00,23102806,0,False,Wh,102
142814,20.0,2025-04-06T10:20:00+08:00,23102893,0,False,Wh,102
142814,20.0,2025-04-06T10:40:00+08:00,23102993,0,False,Wh,102
142814,20.0,2025-04-06T11:00:00+08:00,23103080,0,False,Wh,102
142814,20.0,2025-04-06T11:20:00+08:00,23103165,0,False,Wh,102
142814,20.0,2025-04-06T11:40:00+08:00,23103252,0,False,Wh,102
142814,20.0,2025-04-06T12:00:00+08:00,23103612,0,False,Wh,102
142814,20.0,2025-04-06T12:20:00+08:00,23104209,0,False,Wh,102
142814,20.0,2025-04-06T12:40:00+08:00,23104491,0,False,Wh,102
142814,20.0,2025-04-06T13:00:00+08:00,23105389,0,False,Wh,102
142814,20.0,2025-04-06T13:20:00+08:00,23106302,0,False,Wh,102
142814,20.0,2025-04-06T13:40:00+08:00,23107208,0,False,Wh,102
142814,20.0,2025-04-06T14:00:00+08:00,23108107,0,False,Wh,102
142814,20.0,2025-04-06T14:20:00+08:00,23108601,0,False,Wh,102
142814,20.0,2025-04-06T14:40:00+08:00,23108997,0,False,Wh,102
142814,20.0,2025-04-06T15:00:00+08:00,23109392,0,False,Wh,102
142814,20.0,2025-04-06T15:20:00+08:00,23109731,0,False,Wh,102
142814,20.0,2025-04-06T15:40:00+08:00,23110059,0,False,Wh,102
142814,20.0,2025-04-06T16:00:00+08:00,23110391,0,False,Wh,102
142814,20.0,2025-04-06T16:20:00+08:00,23110777,0,False,Wh,102
142814,20.0,2025-04-06T16:40:00+08:00,23111147,0,False,Wh,102
142814,20.0,2025-04-06T17:00:00+08:00,23111479,0,False,Wh,102
142814,20.0,2025-04-06T17:20:00+08:00,23111807,0,False,Wh,102
142814,20.0,2025-04-06T17:40:00+08:00,23112105,0,False,Wh,102
142814,20.0,2025-04-06T18:00:00+08:00,23112351,0,False,Wh,102
142814,20.0,2025-04-06T18:20:00+08:00,23112945,0,False,Wh,102
142814,20.0,2025-04-06T18:40:00+08:00,23113190,0,False,Wh,102
142814,20.0,2025-04-06T19:00:00+08:00,23113866,0,False,Wh,102
142814,20.0,2025-04-06T19:20:00+08:00,23114727,0,False,Wh,102
142814,20.0,2025-04-06T19:40:00+08:00,23115619,0,False,Wh,102
142814,20.0,2025-04-06T20:00:00+08:00,23115794,0,False,Wh,102
142814,20.0,2025-04-06T20:20:00+08:00,23115979,0,False,Wh,102
142814,20.0,2025-04-06T20:40:00+08:00,23116509,0,False,Wh,102
142814,20.0,2025-04-06T21:00:00+08:00,23116655,0,False,Wh,102
142814,20.0,2025-04-06T21:20:00+08:00,23116704,0,False,Wh,102
142814,20.0,2025-04-06T21:40:00+08:00,23117458,0,False,Wh,102
142814,20.0,2025-04-06T22:00:00+08:00,23117662,0,False,Wh,102
142814,20.0,2025-04-06T22:20:00+08:00,23117713,0,False,Wh,102
142814,20.0,2025-04-06T22:40:00+08:00,23117764,0,False,Wh,102
142814,20.0,2025-04-06T23:00:00+08:00,23117811,0,False,Wh,102
142814,20.0,2025-04-06T23:20:00+08:00,23117856,0,False,Wh,102
142814,20.0,2025-04-06T23:40:00+08:00,23117913,0,False,Wh,102
142814,20.0,2025-04-07T00:00:00+08:00,23117973,0,False,Wh,102
142814,20.0,2025-04-07T00:20:00+08:00,23118017,0,False,Wh,102
142814,20.0,2025-04-07T00:40:00+08:00,23118058,0,False,Wh,102
142814,20.0,2025-04-07T01:00:00+08:00,23118138,0,False,Wh,102
142814,20.0,2025-04-07T01:20:00+08:00,23118198,0,False,Wh,102
142814,20.0,2025-04-07T01:40:00+08:00,23118253,0,False,Wh,102
142814,20.0,2025-04-07T02:00:00+08:00,23118321,0,False,Wh,102
142814,20.0,2025-04-07T02:20:00+08:00,23118379,0,False,Wh,102
142814,20.0,2025-04-07T02:40:00+08:00,23118427,0,False,Wh,102
142814,20.0,2025-04-07T03:00:00+08:00,23118473,0,False,Wh,102
142814,20.0,2025-04-07T03:20:00+08:00,23118519,0,False,Wh,102
142814,20.0,2025-04-07T03:40:00+08:00,23118563,0,False,Wh,102
142814,20.0,2025-04-07T04:00:00+08:00,23118615,0,False,Wh,102
142814,20.0,2025-04-07T04:20:00+08:00,23119042,0,False,Wh,102
142814,20.0,2025-04-07T04:40:00+08:00,23119090,0,False,Wh,102
142814,20.0,2025-04-07T05:00:00+08:00,23119137,0,False,Wh,102
142814,20.0,2025-04-07T05:20:00+08:00,23119179,0,False,Wh,102
142814,20.0,2025-04-07T05:40:00+08:00,23119219,0,False,Wh,102
142814,20.0,2025-04-07T06:00:00+08:00,23119268,0,False,Wh,102
142814,20.0,2025-04-07T06:20:00+08:00,23119305,0,False,Wh,102
142814,20.0,2025-04-07T06:40:00+08:00,23119343,0,False,Wh,102
142814,20.0,2025-04-07T07:00:00+08:00,23119364,0,False,Wh,102
142814,20.0,2025-04-07T07:20:00+08:00,23119385,0,False,Wh,102
142814,20.0,2025-04-07T07:40:00+08:00,23119405,0,False,Wh,102
142814,20.0,2025-04-07T08:00:00+08:00,23119425,0,False,Wh,102
142814,20.0,2025-04-07T08:20:00+08:00,23119446,0,False,Wh,102
142814,20.0,2025-04-07T08:40:00+08:00,23119844,0,False,Wh,102
142814,20.0,2025-04-07T09:00:00+08:00,23119873,0,False,Wh,102
142814,20.0,2025-04-07T09:20:00+08:00,23119892,0,False,Wh,102
142814,20.0,2025-04-07T09:40:00+08:00,23119910,0,False,Wh,102
142814,20.0,2025-04-07T10:00:00+08:00,23119924,0,False,Wh,102
142814,20.0,2025-04-07T10:20:00+08:00,23119982,0,False,Wh,102
142814,20.0,2025-04-07T10:40:00+08:00,23120020,0,False,Wh,102
142814,20.0,2025-04-07T11:00:00+08:00,23120063,0,False,Wh,102
142814,20.0,2025-04-07T11:20:00+08:00,23120090,0,False,Wh,102
142814,20.0,2025-04-07T11:40:00+08:00,23120110,0,False,Wh,102
142814,20.0,2025-04-07T12:00:00+08:00,23120130,0,False,Wh,102
142814,20.0,2025-04-07T12:20:00+08:00,23120149,0,False,Wh,102
142814,20.0,2025-04-07T12:40:00+08:00,23120168,0,False,Wh,102
142814,20.0,2025-04-07T13:00:00+08:00,23120200,0,False,Wh,102
142814,20.0,2025-04-07T13:20:00+08:00,23120235,0,False,Wh,102
142814,20.0,2025-04-07T13:40:00+08:00,23120253,0,False,Wh,102
142814,20.0,2025-04-07T14:00:00+08:00,23120271,0,False,Wh,102
142814,20.0,2025-04-07T14:20:00+08:00,23120288,0,False,Wh,102
142814,20.0,2025-04-07T14:40:00+08:00,23120305,0,False,Wh,102
142814,20.0,2025-04-07T15:00:00+08:00,23120324,0,False,Wh,102
142814,20.0,2025-04-07T15:20:00+08:00,23120360,0,False,Wh,102
142814,20.0,2025-04-07T15:40:00+08:00,23120387,0,False,Wh,102
142814,20.0,2025-04-07T16:00:00+08:00,23120404,0,False,Wh,102
142814,20.0,2025-04-07T16:20:00+08:00,23120421,0,False,Wh,102
142814,20.0,2025-04-07T16:40:00+08:00,23120438,0,False,Wh,102
142814,20.0,2025-04-07T17:00:00+08:00,23120455,0,False,Wh,102
142814,20.0,2025-04-07T17:20:00+08:00,23120483,0,False,Wh,102
142814,20.0,2025-04-07T17:40:00+08:00,23120708,0,False,Wh,102
142814,20.0,2025-04-07T18:00:00+08:00,23121772,0,False,Wh,102
142814,20.0,2025-04-07T18:20:00+08:00,23122023,0,False,Wh,102
142814,20.0,2025-04-07T18:40:00+08:00,23122244,0,False,Wh,102
142814,20.0,2025-04-07T19:00:00+08:00,23123301,0,False,Wh,102
142814,20.0,2025-04-07T19:20:00+08:00,23124605,0,False,Wh,102
142814,20.0,2025-04-07T19:40:00+08:00,23124842,0,False,Wh,102
142814,20.0,2025-04-07T20:00:00+08:00,23125081,0,False,Wh,102
142814,20.0,2025-04-07T20:20:00+08:00,23126155,0,False,Wh,102
142814,20.0,2025-04-07T20:40:00+08:00,23126872,0,False,Wh,102
142814,20.0,2025-04-07T21:00:00+08:00,23127049,0,False,Wh,102
142814,20.0,2025-04-07T21:20:00+08:00,23127209,0,False,Wh,102
142814,20.0,2025-04-07T21:40:00+08:00,23127381,0,False,Wh,102
142814,20.0,2025-04-07T22:00:00+08:00,23127868,0,False,Wh,102
142814,20.0,2025-04-07T22:20:00+08:00,23128264,0,False,Wh,102
142814,20.0,2025-04-07T22:40:00+08:00,23128415,0,False,Wh,102
142814,20.0,2025-04-07T23:00:00+08:00,23128557,0,False,Wh,102
142814,20.0,2025-04-07T23:20:00+08:00,23128703,0,False,Wh,102
142814,20.0,2025-04-07T23:40:00+08:00,23128841,0,False,Wh,102
142814,20.0,2025-04-08T00:00:00+08:00,23128986,0,False,Wh,102
142815,20.0,2025-04-01T00:20:00+08:00,20217650,0,False,Wh,103
142815,20.0,2025-04-01T00:40:00+08:00,20217733,0,False,Wh,103
142815,20.0,2025-04-01T01:00:00+08:00,20217828,0,False,Wh,103
142815,20.0,2025-04-01T01:20:00+08:00,20217922,0,False,Wh,103
142815,20.0,2025-04-01T01:40:00+08:00,20218016,0,False,Wh,103
142815,20.0,2025-04-01T02:00:00+08:00,20218095,0,False,Wh,103
142815,20.0,2025-04-01T02:20:00+08:00,20218186,0,False,Wh,103
142815,20.0,2025-04-01T02:40:00+08:00,20218280,0,False,Wh,103
142815,20.0,2025-04-01T03:00:00+08:00,20218377,0,False,Wh,103
142815,20.0,2025-04-01T03:20:00+08:00,20218473,0,False,Wh,103
142815,20.0,2025-04-01T03:40:00+08:00,20218588,0,False,Wh,103
142815,20.0,2025-04-01T04:00:00+08:00,20218693,0,False,Wh,103
142815,20.0,2025-04-01T04:20:00+08:00,20218771,0,False,Wh,103
142815,20.0,2025-04-01T04:40:00+08:00,20218863,0,False,Wh,103
142815,20.0,2025-04-01T05:00:00+08:00,20218949,0,False,Wh,103
142815,20.0,2025-04-01T05:20:00+08:00,20219023,0,False,Wh,103
142815,20.0,2025-04-01T05:40:00+08:00,20219070,0,False,Wh,103
142815,20.0,2025-04-01T06:00:00+08:00,20219096,0,False,Wh,103
142815,20.0,2025-04-01T06:20:00+08:00,20219571,0,False,Wh,103
142815,20.0,2025-04-01T06:40:00+08:00,20220564,0,False,Wh,103
142815,20.0,2025-04-01T07:00:00+08:00,20220970,0,False,Wh,103
142815,20.0,2025-04-01T07:20:00+08:00,20221008,0,False,Wh,103
142815,20.0,2025-04-01T07:40:00+08:00,20221044,0,False,Wh,103
142815,20.0,2025-04-01T08:00:00+08:00,20221451,0,False,Wh,103
142815,20.0,2025-04-01T08:20:00+08:00,20221468,0,False,Wh,103
142815,20.0,2025-04-01T08:40:00+08:00,20221484,0,False,Wh,103
142815,20.0,2025-04-01T09:00:00+08:00,20221495,0,False,Wh,103
142815,20.0,2025-04-01T09:20:00+08:00,20221505,0,False,Wh,103
142815,20.0,2025-04-01T09:40:00+08:00,20221515,0,False,Wh,103
142815,20.0,2025-04-01T10:00:00+08:00,20221525,0,False,Wh,103
142815,20.0,2025-04-01T10:20:00+08:00,20221536,0,False,Wh,103
142815,20.0,2025-04-01T10:40:00+08:00,20221560,0,False,Wh,103
142815,20.0,2025-04-01T11:00:00+08:00,20221573,0,False,Wh,103
142815,20.0,2025-04-01T11:20:00+08:00,20222085,0,False,Wh,103
142815,20.0,2025-04-01T11:40:00+08:00,20222107,0,False,Wh,103
142815,20.0,2025-04-01T12:00:00+08:00,20222122,0,False,Wh,103
142815,20.0,2025-04-01T12:20:00+08:00,20222132,0,False,Wh,103
142815,20.0,2025-04-01T12:40:00+08:00,20222151,0,False,Wh,103
142815,20.0,2025-04-01T13:00:00+08:00,20222169,0,False,Wh,103
142815,20.0,2025-04-01T13:20:00+08:00,20222179,0,False,Wh,103
142815,20.0,2025-04-01T13:40:00+08:00,20222194,0,False,Wh,103
142815,20.0,2025-04-01T14:00:00+08:00,20222217,0,False,Wh,103
142815,20.0,2025-04-01T14:20:00+08:00,20222227,0,False,Wh,103
142815,20.0,2025-04-01T14:40:00+08:00,20222239,0,False,Wh,103
142815,20.0,2025-04-01T15:00:00+08:00,20222263,0,False,Wh,103
142815,20.0,2025-04-01T15:20:00+08:00,20222276,0,False,Wh,103
142815,20.0,2025-04-01T15:40:00+08:00,20222286,0,False,Wh,103
142815,20.0,2025-04-01T16:00:00+08:00,20222309,0,False,Wh,103
142815,20.0,2025-04-01T16:20:00+08:00,20222325,0,False,Wh,103
142815,20.0,2025-04-01T16:40:00+08:00,20222335,0,False,Wh,103
142815,20.0,2025-04-01T17:00:00+08:00,20222359,0,False,Wh,103
142815,20.0,2025-04-01T17:20:00+08:00,20222378,0,False,Wh,103
142815,20.0,2025-04-01T17:40:00+08:00,20222389,0,False,Wh,103
142815,20.0,2025-04-01T18:00:00+08:00,20222413,0,False,Wh,103
142815,20.0,2025-04-01T18:20:00+08:00,20222431,0,False,Wh,103
142815,20.0,2025-04-01T18:40:00+08:00,20222441,0,False,Wh,103
142815,20.0,2025-04-01T19:00:00+08:00,20222553,0,False,Wh,103
142815,20.0,2025-04-01T19:20:00+08:00,20223947,0,False,Wh,103
142815,20.0,2025-04-01T19:40:00+08:00,20224356,0,False,Wh,103
142815,20.0,2025-04-01T20:00:00+08:00,20224703,0,False,Wh,103
142815,20.0,2025-04-01T20:20:00+08:00,20225400,0,False,Wh,103
142815,20.0,2025-04-01T20:40:00+08:00,20225678,0,False,Wh,103
142815,20.0,2025-04-01T21:00:00+08:00,20225949,0,False,Wh,103
142815,20.0,2025-04-01T21:20:00+08:00,20226212,0,False,Wh,103
142815,20.0,2025-04-01T21:40:00+08:00,20227078,0,False,Wh,103
142815,20.0,2025-04-01T22:00:00+08:00,20227336,0,False,Wh,103
142815,20.0,2025-04-01T22:20:00+08:00,20227537,0,False,Wh,103
142815,20.0,2025-04-01T22:40:00+08:00,20227756,0,False,Wh,103
142815,20.0,2025-04-01T23:00:00+08:00,20227988,0,False,Wh,103
142815,20.0,2025-04-01T23:20:00+08:00,20228232,0,False,Wh,103
142815,20.0,2025-04-01T23:40:00+08:00,20228417,0,False,Wh,103
142815,20.0,2025-04-02T00:00:00+08:00,20228537,0,False,Wh,103
142815,20.0,2025-04-02T00:20:00+08:00,20228652,0,False,Wh,103
142815,20.0,2025-04-02T00:40:00+08:00,20228765,0,False,Wh,103
142815,20.0,2025-04-02T01:00:00+08:00,20228866,0,False,Wh,103
142815,20.0,2025-04-02T01:20:00+08:00,20228967,0,False,Wh,103
142815,20.0,2025-04-02T01:40:00+08:00,20229081,0,False,Wh,103
142815,20.0,2025-04-02T02:00:00+08:00,20229183,0,False,Wh,103
142815,20.0,2025-04-02T02:20:00+08:00,20229282,0,False,Wh,103
142815,20.0,2025-04-02T02:40:00+08:00,20229385,0,False,Wh,103
142815,20.0,2025-04-02T03:00:00+08:00,20229487,0,False,Wh,103
142815,20.0,2025-04-02T03:20:00+08:00,20229568,0,False,Wh,103
142815,20.0,2025-04-02T03:40:00+08:00,20229648,0,False,Wh,103
142815,20.0,2025-04-02T04:00:00+08:00,20229753,0,False,Wh,103
142815,20.0,2025-04-02T04:20:00+08:00,20229855,0,False,Wh,103
142815,20.0,2025-04-02T04:40:00+08:00,20229945,0,False,Wh,103
142815,20.0,2025-04-02T05:00:00+08:00,20230033,0,False,Wh,103
142815,20.0,2025-04-02T05:20:00+08:00,20230119,0,False,Wh,103
142815,20.0,2025-04-02T05:40:00+08:00,20230191,0,False,Wh,103
142815,20.0,2025-04-02T06:00:00+08:00,20230274,0,False,Wh,103
142815,20.0,2025-04-02T06:20:00+08:00,20230357,0,False,Wh,103
142815,20.0,2025-04-02T06:40:00+08:00,20231372,0,False,Wh,103
142815,20.0,2025-04-02T07:00:00+08:00,20232781,0,False,Wh,103
142815,20.0,2025-04-02T07:20:00+08:00,20232822,0,False,Wh,103
142815,20.0,2025-04-02T07:40:00+08:00,20232850,0,False,Wh,103
142815,20.0,2025-04-02T08:00:00+08:00,20232886,0,False,Wh,103
142815,20.0,2025-04-02T08:20:00+08:00,20232912,0,False,Wh,103
142815,20.0,2025-04-02T08:40:00+08:00,20232942,0,False,Wh,103
142815,20.0,2025-04-02T09:00:00+08:00,20232970,0,False,Wh,103
142815,20.0,2025-04-02T09:20:00+08:00,20232993,0,False,Wh,103
142815,20.0,2025-04-02T09:40:00+08:00,20233015,0,False,Wh,103
142815,20.0,2025-04-02T10:00:00+08:00,20233037,0,False,Wh,103
142815,20.0,2025-04-02T10:20:00+08:00,20233576,0,False,Wh,103
142815,20.0,2025-04-02T10:40:00+08:00,20233622,0,False,Wh,103
142815,20.0,2025-04-02T11:00:00+08:00,20233632,0,False,Wh,103
142815,20.0,2025-04-02T11:20:00+08:00,20233642,0,False,Wh,103
142815,20.0,2025-04-02T11:40:00+08:00,20233652,0,False,Wh,103
142815,20.0,2025-04-02T12:00:00+08:00,20233662,0,False,Wh,103
142815,20.0,2025-04-02T12:20:00+08:00,20233676,0,False,Wh,103
142815,20.0,2025-04-02T12:40:00+08:00,20233697,0,False,Wh,103
142815,20.0,2025-04-02T13:00:00+08:00,20233707,0,False,Wh,103
142815,20.0,2025-04-02T13:20:00+08:00,20233717,0,False,Wh,103
142815,20.0,2025-04-02T13:40:00+08:00,20233727,0,False,Wh,103
142815,20.0,2025-04-02T14:00:00+08:00,20233750,0,False,Wh,103
142815,20.0,2025-04-02T14:20:00+08:00,20233762,0,False,Wh,103
142815,20.0,2025-04-02T14:40:00+08:00,20233772,0,False,Wh,103
142815,20.0,2025-04-02T15:00:00+08:00,20233791,0,False,Wh,103
142815,20.0,2025-04-02T15:20:00+08:00,20233809,0,False,Wh,103
142815,20.0,2025-04-02T15:40:00+08:00,20233818,0,False,Wh,103
142815,20.0,2025-04-02T16:00:00+08:00,20233836,0,False,Wh,103
142815,20.0,2025-04-02T16:20:00+08:00,20233856,0,False,Wh,103
142815,20.0,2025-04-02T16:40:00+08:00,20233869,0,False,Wh,103
142815,20.0,2025-04-02T17:00:00+08:00,20234042,0,False,Wh,103
142815,20.0,2025-04-02T17:20:00+08:00,20234473,0,False,Wh,103
142815,20.0,2025-04-02T17:40:00+08:00,20235125,0,False,Wh,103
142815,20.0,2025-04-02T18:00:00+08:00,20235302,0,False,Wh,103
142815,20.0,2025-04-02T18:20:00+08:00,20235356,0,False,Wh,103
142815,20.0,2025-04-02T18:40:00+08:00,20235405,0,False,Wh,103
142815,20.0,2025-04-02T19:00:00+08:00,20235463,0,False,Wh,103
142815,20.0,2025-04-02T19:20:00+08:00,20235511,0,False,Wh,103
142815,20.0,2025-04-02T19:40:00+08:00,20235569,0,False,Wh,103
142815,20.0,2025-04-02T20:00:00+08:00,20235618,0,False,Wh,103
142815,20.0,2025-04-02T20:20:00+08:00,20236082,0,False,Wh,103
142815,20.0,2025-04-02T20:40:00+08:00,20236739,0,False,Wh,103
142815,20.0,2025-04-02T21:00:00+08:00,20237058,0,False,Wh,103
142815,20.0,2025-04-02T21:20:00+08:00,20237320,0,False,Wh,103
142815,20.0,2025-04-02T21:40:00+08:00,20237570,0,False,Wh,103
142815,20.0,2025-04-02T22:00:00+08:00,20237805,0,False,Wh,103
142815,20.0,2025-04-02T22:20:00+08:00,20237996,0,False,Wh,103
142815,20.0,2025-04-02T22:40:00+08:00,20238203,0,False,Wh,103
142815,20.0,2025-04-02T23:00:00+08:00,20238414,0,False,Wh,103
142815,20.0,2025-04-02T23:20:00+08:00,20238629,0,False,Wh,103
142815,20.0,2025-04-02T23:40:00+08:00,20238835,0,False,Wh,103
142815,20.0,2025-04-03T00:00:00+08:00,20239044,0,False,Wh,103
142815,20.0,2025-04-03T00:20:00+08:00,20239206,0,False,Wh,103
142815,20.0,2025-04-03T00:40:00+08:00,20239330,0,False,Wh,103
142815,20.0,2025-04-03T01:00:00+08:00,20239448,0,False,Wh,103
142815,20.0,2025-04-03T01:20:00+08:00,20239555,0,False,Wh,103
142815,20.0,2025-04-03T01:40:00+08:00,20239669,0,False,Wh,103
142815,20.0,2025-04-03T02:00:00+08:00,20239776,0,False,Wh,103
142815,20.0,2025-04-03T02:20:00+08:00,20239859,0,False,Wh,103
142815,20.0,2025-04-03T02:40:00+08:00,20239949,0,False,Wh,103
142815,20.0,2025-04-03T03:00:00+08:00,20240030,0,False,Wh,103
142815,20.0,2025-04-03T03:20:00+08:00,20240107,0,False,Wh,103
142815,20.0,2025-04-03T03:40:00+08:00,20240185,0,False,Wh,103
142815,20.0,2025-04-03T04:00:00+08:00,20240262,0,False,Wh,103
142815,20.0,2025-04-03T04:20:00+08:00,20240334,0,False,Wh,103
142815,20.0,2025-04-03T04:40:00+08:00,20240407,0,False,Wh,103
142815,20.0,2025-04-03T05:00:00+08:00,20240476,0,False,Wh,103
142815,20.0,2025-04-03T05:20:00+08:00,20241012,0,False,Wh,103
142815,20.0,2025-04-03T05:40:00+08:00,20241082,0,False,Wh,103
142815,20.0,2025-04-03T06:00:00+08:00,20241144,0,False,Wh,103
142815,20.0,2025-04-03T06:20:00+08:00,20241208,0,False,Wh,103
142815,20.0,2025-04-03T06:40:00+08:00,20241936,0,False,Wh,103
142815,20.0,2025-04-03T07:00:00+08:00,20242414,0,False,Wh,103
142815,20.0,2025-04-03T07:20:00+08:00,20242457,0,False,Wh,103
142815,20.0,2025-04-03T07:40:00+08:00,20242483,0,False,Wh,103
142815,20.0,2025-04-03T08:00:00+08:00,20242522,0,False,Wh,103
142815,20.0,2025-04-03T08:20:00+08:00,20242547,0,False,Wh,103
142815,20.0,2025-04-03T08:40:00+08:00,20242586,0,False,Wh,103
142815,20.0,2025-04-03T09:00:00+08:00,20242610,0,False,Wh,103
142815,20.0,2025-04-03T09:20:00+08:00,20242649,0,False,Wh,103
142815,20.0,2025-04-03T09:40:00+08:00,20242673,0,False,Wh,103
142815,20.0,2025-04-03T10:00:00+08:00,20242712,0,False,Wh,103
142815,20.0,2025-04-03T10:20:00+08:00,20242735,0,False,Wh,103
142815,20.0,2025-04-03T10:40:00+08:00,20242772,0,False,Wh,103
142815,20.0,2025-04-03T11:00:00+08:00,20242786,0,False,Wh,103
142815,20.0,2025-04-03T11:20:00+08:00,20242810,0,False,Wh,103
142815,20.0,2025-04-03T11:40:00+08:00,20242820,0,False,Wh,103
142815,20.0,2025-04-03T12:00:00+08:00,20243246,0,False,Wh,103
142815,20.0,2025-04-03T12:20:00+08:00,20243256,0,False,Wh,103
142815,20.0,2025-04-03T12:40:00+08:00,20243266,0,False,Wh,103
142815,20.0,2025-04-03T13:00:00+08:00,20243277,0,False,Wh,103
142815,20.0,2025-04-03T13:20:00+08:00,20243287,0,False,Wh,103
142815,20.0,2025-04-03T13:40:00+08:00,20243297,0,False,Wh,103
142815,20.0,2025-04-03T14:00:00+08:00,20243307,0,False,Wh,103
142815,20.0,2025-04-03T14:20:00+08:00,20243325,0,False,Wh,103
142815,20.0,2025-04-03T14:40:00+08:00,20243339,0,False,Wh,103
142815,20.0,2025-04-03T15:00:00+08:00,20243439,0,False,Wh,103
142815,20.0,2025-04-03T15:20:00+08:00,20243495,0,False,Wh,103
142815,20.0,2025-04-03T15:40:00+08:00,20243556,0,False,Wh,103
142815,20.0,2025-04-03T16:00:00+08:00,20243610,0,False,Wh,103
142815,20.0,2025-04-03T16:20:00+08:00,20244062,0,False,Wh,103
142815,20.0,2025-04-03T16:40:00+08:00,20245011,0,False,Wh,103
142815,20.0,2025-04-03T17:00:00+08:00,20246053,0,False,Wh,103
142815,20.0,2025-04-03T17:20:00+08:00,20247039,0,False,Wh,103
142815,20.0,2025-04-03T17:40:00+08:00,20247964,0,False,Wh,103
142815,20.0,2025-04-03T18:00:00+08:00,20248749,0,False,Wh,103
142815,20.0,2025-04-03T18:20:00+08:00,20249356,0,False,Wh,103
142815,20.0,2025-04-03T18:40:00+08:00,20249499,0,False,Wh,103
142815,20.0,2025-04-03T19:00:00+08:00,20249586,0,False,Wh,103
142815,20.0,2025-04-03T19:20:00+08:00,20250172,0,False,Wh,103
142815,20.0,2025-04-03T19:40:00+08:00,20250698,0,False,Wh,103
142815,20.0,2025-04-03T20:00:00+08:00,20250724,0,False,Wh,103
142815,20.0,2025-04-03T20:20:00+08:00,20250922,0,False,Wh,103
142815,20.0,2025-04-03T20:40:00+08:00,20251266,0,False,Wh,103
142815,20.0,2025-04-03T21:00:00+08:00,20251539,0,False,Wh,103
142815,20.0,2025-04-03T21:20:00+08:00,20251797,0,False,Wh,103
142815,20.0,2025-04-03T21:40:00+08:00,20252032,0,False,Wh,103
142815,20.0,2025-04-03T22:00:00+08:00,20252240,0,False,Wh,103
142815,20.0,2025-04-03T22:20:00+08:00,20252436,0,False,Wh,103
142815,20.0,2025-04-03T22:40:00+08:00,20252621,0,False,Wh,103
142815,20.0,2025-04-03T23:00:00+08:00,20252807,0,False,Wh,103
142815,20.0,2025-04-03T23:20:00+08:00,20253001,0,False,Wh,103
142815,20.0,2025-04-03T23:40:00+08:00,20253298,0,False,Wh,103
142815,20.0,2025-04-04T00:00:00+08:00,20253488,0,False,Wh,103
142815,20.0,2025-04-04T00:20:00+08:00,20253631,0,False,Wh,103
142815,20.0,2025-04-04T00:40:00+08:00,20253734,0,False,Wh,103
142815,20.0,2025-04-04T01:00:00+08:00,20253820,0,False,Wh,103
142815,20.0,2025-04-04T01:20:00+08:00,20253910,0,False,Wh,103
142815,20.0,2025-04-04T01:40:00+08:00,20253990,0,False,Wh,103
142815,20.0,2025-04-04T02:00:00+08:00,20254080,0,False,Wh,103
142815,20.0,2025-04-04T02:20:00+08:00,20254166,0,False,Wh,103
142815,20.0,2025-04-04T02:40:00+08:00,20254244,0,False,Wh,103
142815,20.0,2025-04-04T03:00:00+08:00,20254332,0,False,Wh,103
142815,20.0,2025-04-04T03:20:00+08:00,20254415,0,False,Wh,103
142815,20.0,2025-04-04T03:40:00+08:00,20254491,0,False,Wh,103
142815,20.0,2025-04-04T04:00:00+08:00,20254585,0,False,Wh,103
142815,20.0,2025-04-04T04:20:00+08:00,20254695,0,False,Wh,103
142815,20.0,2025-04-04T04:40:00+08:00,20254980,0,False,Wh,103
142815,20.0,2025-04-04T05:00:00+08:00,20255336,0,False,Wh,103
142815,20.0,2025-04-04T05:20:00+08:00,20255423,0,False,Wh,103
142815,20.0,2025-04-04T05:40:00+08:00,20255491,0,False,Wh,103
142815,20.0,2025-04-04T06:00:00+08:00,20255585,0,False,Wh,103
142815,20.0,2025-04-04T06:20:00+08:00,20255639,0,False,Wh,103
142815,20.0,2025-04-04T06:40:00+08:00,20256799,0,False,Wh,103
142815,20.0,2025-04-04T07:00:00+08:00,20256878,0,False,Wh,103
142815,20.0,2025-04-04T07:20:00+08:00,20256908,0,False,Wh,103
142815,20.0,2025-04-04T07:40:00+08:00,20256946,0,False,Wh,103
142815,20.0,2025-04-04T08:00:00+08:00,20256972,0,False,Wh,103
142815,20.0,2025-04-04T08:20:00+08:00,20257010,0,False,Wh,103
142815,20.0,2025-04-04T08:40:00+08:00,20257034,0,False,Wh,103
142815,20.0,2025-04-04T09:00:00+08:00,20257073,0,False,Wh,103
142815,20.0,2025-04-04T09:20:00+08:00,20257096,0,False,Wh,103
142815,20.0,2025-04-04T09:40:00+08:00,20257134,0,False,Wh,103
142815,20.0,2025-04-04T10:00:00+08:00,20257157,0,False,Wh,103
142815,20.0,2025-04-04T10:20:00+08:00,20257195,0,False,Wh,103
142815,20.0,2025-04-04T10:40:00+08:00,20257235,0,False,Wh,103
142815,20.0,2025-04-04T11:00:00+08:00,20257287,0,False,Wh,103
142815,20.0,2025-04-04T11:20:00+08:00,20257327,0,False,Wh,103
142815,20.0,2025-04-04T11:40:00+08:00,20257378,0,False,Wh,103
142815,20.0,2025-04-04T12:00:00+08:00,20257418,0,False,Wh,103
142815,20.0,2025-04-04T12:20:00+08:00,20257468,0,False,Wh,103
142815,20.0,2025-04-04T12:40:00+08:00,20257493,0,False,Wh,103
142815,20.0,2025-04-04T13:00:00+08:00,20257946,0,False,Wh,103
142815,20.0,2025-04-04T13:20:00+08:00,20257961,0,False,Wh,103
142815,20.0,2025-04-04T13:40:00+08:00,20257982,0,False,Wh,103
142815,20.0,2025-04-04T14:00:00+08:00,20257997,0,False,Wh,103
142815,20.0,2025-04-04T14:20:00+08:00,20258016,0,False,Wh,103
142815,20.0,2025-04-04T14:40:00+08:00,20258033,0,False,Wh,103
142815,20.0,2025-04-04T15:00:00+08:00,20258050,0,False,Wh,103
142815,20.0,2025-04-04T15:20:00+08:00,20258070,0,False,Wh,103
142815,20.0,2025-04-04T15:40:00+08:00,20258084,0,False,Wh,103
142815,20.0,2025-04-04T16:00:00+08:00,20258241,0,False,Wh,103
142815,20.0,2025-04-04T16:20:00+08:00,20259411,0,False,Wh,103
142815,20.0,2025-04-04T16:40:00+08:00,20260079,0,False,Wh,103
142815,20.0,2025-04-04T17:00:00+08:00,20260156,0,False,Wh,103
142815,20.0,2025-04-04T17:20:00+08:00,20260822,0,False,Wh,103
142815,20.0,2025-04-04T17:40:00+08:00,20262032,0,False,Wh,103
142815,20.0,2025-04-04T18:00:00+08:00,20262348,0,False,Wh,103
142815,20.0,2025-04-04T18:20:00+08:00,20262430,0,False,Wh,103
142815,20.0,2025-04-04T18:40:00+08:00,20262518,0,False,Wh,103
142815,20.0,2025-04-04T19:00:00+08:00,20262586,0,False,Wh,103
142815,20.0,2025-04-04T19:20:00+08:00,20262657,0,False,Wh,103
142815,20.0,2025-04-04T19:40:00+08:00,20262718,0,False,Wh,103
142815,20.0,2025-04-04T20:00:00+08:00,20262851,0,False,Wh,103
142815,20.0,2025-04-04T20:20:00+08:00,20263342,0,False,Wh,103
142815,20.0,2025-04-04T20:40:00+08:00,20263409,0,False,Wh,103
142815,20.0,2025-04-04T21:00:00+08:00,20263478,0,False,Wh,103
142815,20.0,2025-04-04T21:20:00+08:00,20263546,0,False,Wh,103
142815,20.0,2025-04-04T21:40:00+08:00,20263615,0,False,Wh,103
142815,20.0,2025-04-04T22:00:00+08:00,20263761,0,False,Wh,103
142815,20.0,2025-04-04T22:20:00+08:00,20263886,0,False,Wh,103
142815,20.0,2025-04-04T22:40:00+08:00,20263987,0,False,Wh,103
142815,20.0,2025-04-04T23:00:00+08:00,20264082,0,False,Wh,103
142815,20.0,2025-04-04T23:20:00+08:00,20264180,0,False,Wh,103
142815,20.0,2025-04-04T23:40:00+08:00,20264249,0,False,Wh,103
142815,20.0,2025-04-05T00:00:00+08:00,20264350,0,False,Wh,103
142815,20.0,2025-04-05T00:20:00+08:00,20264402,0,False,Wh,103
142815,20.0,2025-04-05T00:40:00+08:00,20264461,0,False,Wh,103
142815,20.0,2025-04-05T01:00:00+08:00,20264519,0,False,Wh,103
142815,20.0,2025-04-05T01:20:00+08:00,20264572,0,False,Wh,103
142815,20.0,2025-04-05T01:40:00+08:00,20264631,0,False,Wh,103
142815,20.0,2025-04-05T02:00:00+08:00,20264675,0,False,Wh,103
142815,20.0,2025-04-05T02:20:00+08:00,20264739,0,False,Wh,103
142815,20.0,2025-04-05T02:40:00+08:00,20264784,0,False,Wh,103
142815,20.0,2025-04-05T03:00:00+08:00,20264844,0,False,Wh,103
142815,20.0,2025-04-05T03:20:00+08:00,20264887,0,False,Wh,103
142815,20.0,2025-04-05T03:40:00+08:00,20264933,0,False,Wh,103
142815,20.0,2025-04-05T04:00:00+08:00,20265180,0,False,Wh,103
142815,20.0,2025-04-05T04:20:00+08:00,20265492,0,False,Wh,103
142815,20.0,2025-04-05T04:40:00+08:00,20265549,0,False,Wh,103
142815,20.0,2025-04-05T05:00:00+08:00,20265593,0,False,Wh,103
142815,20.0,2025-04-05T05:20:00+08:00,20265641,0,False,Wh,103
142815,20.0,2025-04-05T05:40:00+08:00,20265692,0,False,Wh,103
142815,20.0,2025-04-05T06:00:00+08:00,20265733,0,False,Wh,103
142815,20.0,2025-04-05T06:20:00+08:00,20265783,0,False,Wh,103
142815,20.0,2025-04-05T06:40:00+08:00,20265801,0,False,Wh,103
142815,20.0,2025-04-05T07:00:00+08:00,20265835,0,False,Wh,103
142815,20.0,2025-04-05T07:20:00+08:00,20265853,0,False,Wh,103
142815,20.0,2025-04-05T07:40:00+08:00,20265880,0,False,Wh,103
142815,20.0,2025-04-05T08:00:00+08:00,20265904,0,False,Wh,103
142815,20.0,2025-04-05T08:20:00+08:00,20265924,0,False,Wh,103
142815,20.0,2025-04-05T08:40:00+08:00,20265955,0,False,Wh,103
142815,20.0,2025-04-05T09:00:00+08:00,20265973,0,False,Wh,103
142815,20.0,2025-04-05T09:20:00+08:00,20266000,0,False,Wh,103
142815,20.0,2025-04-05T09:40:00+08:00,20266015,0,False,Wh,103
142815,20.0,2025-04-05T10:00:00+08:00,20266032,0,False,Wh,103
142815,20.0,2025-04-05T10:20:00+08:00,20266051,0,False,Wh,103
142815,20.0,2025-04-05T10:40:00+08:00,20266062,0,False,Wh,103
142815,20.0,2025-04-05T11:00:00+08:00,20266087,0,False,Wh,103
142815,20.0,2025-04-05T11:20:00+08:00,20266097,0,False,Wh,103
142815,20.0,2025-04-05T11:40:00+08:00,20266121,0,False,Wh,103
142815,20.0,2025-04-05T12:00:00+08:00,20266134,0,False,Wh,103
142815,20.0,2025-04-05T12:20:00+08:00,20266158,0,False,Wh,103
142815,20.0,2025-04-05T12:40:00+08:00,20266169,0,False,Wh,103
142815,20.0,2025-04-05T13:00:00+08:00,20266194,0,False,Wh,103
142815,20.0,2025-04-05T13:20:00+08:00,20266204,0,False,Wh,103
142815,20.0,2025-04-05T13:40:00+08:00,20266229,0,False,Wh,103
142815,20.0,2025-04-05T14:00:00+08:00,20266659,0,False,Wh,103
142815,20.0,2025-04-05T14:20:00+08:00,20266742,0,False,Wh,103
142815,20.0,2025-04-05T14:40:00+08:00,20266967,0,False,Wh,103
142815,20.0,2025-04-05T15:00:00+08:00,20268353,0,False,Wh,103
142815,20.0,2025-04-05T15:20:00+08:00,20269032,0,False,Wh,103
142815,20.0,2025-04-05T15:40:00+08:00,20269046,0,False,Wh,103
142815,20.0,2025-04-05T16:00:00+08:00,20269061,0,False,Wh,103
142815,20.0,2025-04-05T16:20:00+08:00,20269076,0,False,Wh,103
142815,20.0,2025-04-05T16:40:00+08:00,20269090,0,False,Wh,103
142815,20.0,2025-04-05T17:00:00+08:00,20269104,0,False,Wh,103
142815,20.0,2025-04-05T17:20:00+08:00,20269119,0,False,Wh,103
142815,20.0,2025-04-05T17:40:00+08:00,20269137,0,False,Wh,103
142815,20.0,2025-04-05T18:00:00+08:00,20269159,0,False,Wh,103
142815,20.0,2025-04-05T18:20:00+08:00,20269174,0,False,Wh,103
142815,20.0,2025-04-05T18:40:00+08:00,20269191,0,False,Wh,103
142815,20.0,2025-04-05T19:00:00+08:00,20269226,0,False,Wh,103
142815,20.0,2025-04-05T19:20:00+08:00,20269488,0,False,Wh,103
142815,20.0,2025-04-05T19:40:00+08:00,20269664,0,False,Wh,103
142815,20.0,2025-04-05T20:00:00+08:00,20269820,0,False,Wh,103
142815,20.0,2025-04-05T20:20:00+08:00,20269975,0,False,Wh,103
142815,20.0,2025-04-05T20:40:00+08:00,20270635,0,False,Wh,103
142815,20.0,2025-04-05T21:00:00+08:00,20270794,0,False,Wh,103
142815,20.0,2025-04-05T21:20:00+08:00,20270940,0,False,Wh,103
142815,20.0,2025-04-05T21:40:00+08:00,20271069,0,False,Wh,103
142815,20.0,2025-04-05T22:00:00+08:00,20271194,0,False,Wh,103
142815,20.0,2025-04-05T22:20:00+08:00,20271326,0,False,Wh,103
142815,20.0,2025-04-05T22:40:00+08:00,20271437,0,False,Wh,103
142815,20.0,2025-04-05T23:00:00+08:00,20271558,0,False,Wh,103
142815,20.0,2025-04-05T23:20:00+08:00,20271674,0,False,Wh,103
142815,20.0,2025-04-05T23:40:00+08:00,20271772,0,False,Wh,103
142815,20.0,2025-04-06T00:00:00+08:00,20271874,0,False,Wh,103
142815,20.0,2025-04-06T00:20:00+08:00,20271984,0,False,Wh,103
142815,20.0,2025-04-06T00:40:00+08:00,20272065,0,False,Wh,103
142815,20.0,2025-04-06T01:00:00+08:00,20272142,0,False,Wh,103
142815,20.0,2025-04-06T01:20:00+08:00,20272226,0,False,Wh,103
142815,20.0,2025-04-06T01:40:00+08:00,20272306,0,False,Wh,103
142815,20.0,2025-04-06T02:00:00+08:00,20272404,0,False,Wh,103
142815,20.0,2025-04-06T02:20:00+08:00,20272502,0,False,Wh,103
142815,20.0,2025-04-06T02:40:00+08:00,20272582,0,False,Wh,103
142815,20.0,2025-04-06T03:00:00+08:00,20272666,0,False,Wh,103
142815,20.0,2025-04-06T03:20:00+08:00,20272717,0,False,Wh,103
142815,20.0,2025-04-06T03:40:00+08:00,20272796,0,False,Wh,103
142815,20.0,2025-04-06T04:00:00+08:00,20272861,0,False,Wh,103
142815,20.0,2025-04-06T04:20:00+08:00,20272930,0,False,Wh,103
142815,20.0,2025-04-06T04:40:00+08:00,20272983,0,False,Wh,103
142815,20.0,2025-04-06T05:00:00+08:00,20273439,0,False,Wh,103
142815,20.0,2025-04-06T05:20:00+08:00,20273579,0,False,Wh,103
142815,20.0,2025-04-06T05:40:00+08:00,20273651,0,False,Wh,103
142815,20.0,2025-04-06T06:00:00+08:00,20273697,0,False,Wh,103
142815,20.0,2025-04-06T06:20:00+08:00,20273748,0,False,Wh,103
142815,20.0,2025-04-06T06:40:00+08:00,20273770,0,False,Wh,103
142815,20.0,2025-04-06T07:00:00+08:00,20273805,0,False,Wh,103
142815,20.0,2025-04-06T07:20:00+08:00,20273853,0,False,Wh,103
142815,20.0,2025-04-06T07:40:00+08:00,20273914,0,False,Wh,103
142815,20.0,2025-04-06T08:00:00+08:00,20273961,0,False,Wh,103
142815,20.0,2025-04-06T08:20:00+08:00,20274015,0,False,Wh,103
142815,20.0,2025-04-06T08:40:00+08:00,20274033,0,False,Wh,103
142815,20.0,2025-04-06T09:00:00+08:00,20274064,0,False,Wh,103
142815,20.0,2025-04-06T09:20:00+08:00,20274086,0,False,Wh,103
142815,20.0,2025-04-06T09:40:00+08:00,20274119,0,False,Wh,103
142815,20.0,2025-04-06T10:00:00+08:00,20275119,0,False,Wh,103
142815,20.0,2025-04-06T10:20:00+08:00,20275651,0,False,Wh,103
142815,20.0,2025-04-06T10:40:00+08:00,20275936,0,False,Wh,103
142815,20.0,2025-04-06T11:00:00+08:00,20276065,0,False,Wh,103
142815,20.0,2025-04-06T11:20:00+08:00,20276081,0,False,Wh,103
142815,20.0,2025-04-06T11:40:00+08:00,20276100,0,False,Wh,103
142815,20.0,2025-04-06T12:00:00+08:00,20276117,0,False,Wh,103
142815,20.0,2025-04-06T12:20:00+08:00,20276135,0,False,Wh,103
142815,20.0,2025-04-06T12:40:00+08:00,20276153,0,False,Wh,103
142815,20.0,2025-04-06T13:00:00+08:00,20276170,0,False,Wh,103
142815,20.0,2025-04-06T13:20:00+08:00,20276189,0,False,Wh,103
142815,20.0,2025-04-06T13:40:00+08:00,20276199,0,False,Wh,103
142815,20.0,2025-04-06T14:00:00+08:00,20276209,0,False,Wh,103
142815,20.0,2025-04-06T14:20:00+08:00,20276220,0,False,Wh,103
142815,20.0,2025-04-06T14:40:00+08:00,20276230,0,False,Wh,103
142815,20.0,2025-04-06T15:00:00+08:00,20276240,0,False,Wh,103
142815,20.0,2025-04-06T15:20:00+08:00,20276250,0,False,Wh,103
142815,20.0,2025-04-06T15:40:00+08:00,20276261,0,False,Wh,103
142815,20.0,2025-04-06T16:00:00+08:00,20276271,0,False,Wh,103
142815,20.0,2025-04-06T16:20:00+08:00,20276282,0,False,Wh,103
142815,20.0,2025-04-06T16:40:00+08:00,20276302,0,False,Wh,103
142815,20.0,2025-04-06T17:00:00+08:00,20276803,0,False,Wh,103
142815,20.0,2025-04-06T17:20:00+08:00,20277507,0,False,Wh,103
142815,20.0,2025-04-06T17:40:00+08:00,20277951,0,False,Wh,103
142815,20.0,2025-04-06T18:00:00+08:00,20278940,0,False,Wh,103
142815,20.0,2025-04-06T18:20:00+08:00,20279682,0,False,Wh,103
142815,20.0,2025-04-06T18:40:00+08:00,20280574,0,False,Wh,103
142815,20.0,2025-04-06T19:00:00+08:00,20280910,0,False,Wh,103
142815,20.0,2025-04-06T19:20:00+08:00,20281172,0,False,Wh,103
142815,20.0,2025-04-06T19:40:00+08:00,20281443,0,False,Wh,103
142815,20.0,2025-04-06T20:00:00+08:00,20281702,0,False,Wh,103
142815,20.0,2025-04-06T20:20:00+08:00,20281941,0,False,Wh,103
142815,20.0,2025-04-06T20:40:00+08:00,20282101,0,False,Wh,103
142815,20.0,2025-04-06T21:00:00+08:00,20282247,0,False,Wh,103
142815,20.0,2025-04-06T21:20:00+08:00,20282364,0,False,Wh,103
142815,20.0,2025-04-06T21:40:00+08:00,20282504,0,False,Wh,103
142815,20.0,2025-04-06T22:00:00+08:00,20282643,0,False,Wh,103
142815,20.0,2025-04-06T22:20:00+08:00,20282777,0,False,Wh,103
142815,20.0,2025-04-06T22:40:00+08:00,20282897,0,False,Wh,103
142815,20.0,2025-04-06T23:00:00+08:00,20283018,0,False,Wh,103
142815,20.0,2025-04-06T23:20:00+08:00,20283101,0,False,Wh,103
142815,20.0,2025-04-06T23:40:00+08:00,20283164,0,False,Wh,103
142815,20.0,2025-04-07T00:00:00+08:00,20283242,0,False,Wh,103
142815,20.0,2025-04-07T00:20:00+08:00,20283317,0,False,Wh,103
142815,20.0,2025-04-07T00:40:00+08:00,20283402,0,False,Wh,103
142815,20.0,2025-04-07T01:00:00+08:00,20283465,0,False,Wh,103
142815,20.0,2025-04-07T01:20:00+08:00,20283546,0,False,Wh,103
142815,20.0,2025-04-07T01:40:00+08:00,20283941,0,False,Wh,103
142815,20.0,2025-04-07T02:00:00+08:00,20284099,0,False,Wh,103
142815,20.0,2025-04-07T02:20:00+08:00,20284164,0,False,Wh,103
142815,20.0,2025-04-07T02:40:00+08:00,20284235,0,False,Wh,103
142815,20.0,2025-04-07T03:00:00+08:00,20284294,0,False,Wh,103
142815,20.0,2025-04-07T03:20:00+08:00,20284357,0,False,Wh,103
142815,20.0,2025-04-07T03:40:00+08:00,20284418,0,False,Wh,103
142815,20.0,2025-04-07T04:00:00+08:00,20284476,0,False,Wh,103
142815,20.0,2025-04-07T04:20:00+08:00,20284531,0,False,Wh,103
142815,20.0,2025-04-07T04:40:00+08:00,20284583,0,False,Wh,103
142815,20.0,2025-04-07T05:00:00+08:00,20284643,0,False,Wh,103
142815,20.0,2025-04-07T05:20:00+08:00,20284693,0,False,Wh,103
142815,20.0,2025-04-07T05:40:00+08:00,20284745,0,False,Wh,103
142815,20.0,2025-04-07T06:00:00+08:00,20284790,0,False,Wh,103
142815,20.0,2025-04-07T06:20:00+08:00,20284845,0,False,Wh,103
142815,20.0,2025-04-07T06:40:00+08:00,20284898,0,False,Wh,103
142815,20.0,2025-04-07T07:00:00+08:00,20286021,0,False,Wh,103
142815,20.0,2025-04-07T07:20:00+08:00,20286092,0,False,Wh,103
142815,20.0,2025-04-07T07:40:00+08:00,20286107,0,False,Wh,103
142815,20.0,2025-04-07T08:00:00+08:00,20286129,0,False,Wh,103
142815,20.0,2025-04-07T08:20:00+08:00,20286144,0,False,Wh,103
142815,20.0,2025-04-07T08:40:00+08:00,20286166,0,False,Wh,103
142815,20.0,2025-04-07T09:00:00+08:00,20286182,0,False,Wh,103
142815,20.0,2025-04-07T09:20:00+08:00,20286203,0,False,Wh,103
142815,20.0,2025-04-07T09:40:00+08:00,20286219,0,False,Wh,103
142815,20.0,2025-04-07T10:00:00+08:00,20286240,0,False,Wh,103
142815,20.0,2025-04-07T10:20:00+08:00,20286257,0,False,Wh,103
142815,20.0,2025-04-07T10:40:00+08:00,20286277,0,False,Wh,103
142815,20.0,2025-04-07T11:00:00+08:00,20286296,0,False,Wh,103
142815,20.0,2025-04-07T11:20:00+08:00,20286312,0,False,Wh,103
142815,20.0,2025-04-07T11:40:00+08:00,20286332,0,False,Wh,103
142815,20.0,2025-04-07T12:00:00+08:00,20286348,0,False,Wh,103
142815,20.0,2025-04-07T12:20:00+08:00,20286369,0,False,Wh,103
142815,20.0,2025-04-07T12:40:00+08:00,20286383,0,False,Wh,103
142815,20.0,2025-04-07T13:00:00+08:00,20286393,0,False,Wh,103
142815,20.0,2025-04-07T13:20:00+08:00,20286403,0,False,Wh,103
142815,20.0,2025-04-07T13:40:00+08:00,20286413,0,False,Wh,103
142815,20.0,2025-04-07T14:00:00+08:00,20286423,0,False,Wh,103
142815,20.0,2025-04-07T14:20:00+08:00,20286922,0,False,Wh,103
142815,20.0,2025-04-07T14:40:00+08:00,20286932,0,False,Wh,103
142815,20.0,2025-04-07T15:00:00+08:00,20286942,0,False,Wh,103
142815,20.0,2025-04-07T15:20:00+08:00,20286954,0,False,Wh,103
142815,20.0,2025-04-07T15:40:00+08:00,20286968,0,False,Wh,103
142815,20.0,2025-04-07T16:00:00+08:00,20286984,0,False,Wh,103
142815,20.0,2025-04-07T16:20:00+08:00,20286995,0,False,Wh,103
142815,20.0,2025-04-07T16:40:00+08:00,20287008,0,False,Wh,103
142815,20.0,2025-04-07T17:00:00+08:00,20287027,0,False,Wh,103
142815,20.0,2025-04-07T17:20:00+08:00,20287043,0,False,Wh,103
142815,20.0,2025-04-07T17:40:00+08:00,20287358,0,False,Wh,103
142815,20.0,2025-04-07T18:00:00+08:00,20288347,0,False,Wh,103
142815,20.0,2025-04-07T18:20:00+08:00,20288730,0,False,Wh,103
142815,20.0,2025-04-07T18:40:00+08:00,20289084,0,False,Wh,103
142815,20.0,2025-04-07T19:00:00+08:00,20289407,0,False,Wh,103
142815,20.0,2025-04-07T19:20:00+08:00,20289647,0,False,Wh,103
142815,20.0,2025-04-07T19:40:00+08:00,20289878,0,False,Wh,103
142815,20.0,2025-04-07T20:00:00+08:00,20290109,0,False,Wh,103
142815,20.0,2025-04-07T20:20:00+08:00,20290335,0,False,Wh,103
142815,20.0,2025-04-07T20:40:00+08:00,20291883,0,False,Wh,103
142815,20.0,2025-04-07T21:00:00+08:00,20292886,0,False,Wh,103
142815,20.0,2025-04-07T21:20:00+08:00,20293113,0,False,Wh,103
142815,20.0,2025-04-07T21:40:00+08:00,20293272,0,False,Wh,103
142815,20.0,2025-04-07T22:00:00+08:00,20293413,0,False,Wh,103
142815,20.0,2025-04-07T22:20:00+08:00,20293549,0,False,Wh,103
142815,20.0,2025-04-07T22:40:00+08:00,20293676,0,False,Wh,103
142815,20.0,2025-04-07T23:00:00+08:00,20293777,0,False,Wh,103
142815,20.0,2025-04-07T23:20:00+08:00,20293914,0,False,Wh,103
142815,20.0,2025-04-07T23:40:00+08:00,20294019,0,False,Wh,103
142815,20.0,2025-04-08T00:00:00+08:00,20294114,0,False,Wh,103
142816,20.0,2025-04-01T00:20:00+08:00,27844918,0,False,Wh,201
142816,20.0,2025-04-01T00:40:00+08:00,27844974,0,False,Wh,201
142816,20.0,2025-04-01T01:00:00+08:00,27845027,0,False,Wh,201
142816,20.0,2025-04-01T01:20:00+08:00,27845080,0,False,Wh,201
142816,20.0,2025-04-01T01:40:00+08:00,27845134,0,False,Wh,201
142816,20.0,2025-04-01T02:00:00+08:00,27845194,0,False,Wh,201
142816,20.0,2025-04-01T02:20:00+08:00,27845607,0,False,Wh,201
142816,20.0,2025-04-01T02:40:00+08:00,27845656,0,False,Wh,201
142816,20.0,2025-04-01T03:00:00+08:00,27845710,0,False,Wh,201
142816,20.0,2025-04-01T03:20:00+08:00,27845755,0,False,Wh,201
142816,20.0,2025-04-01T03:40:00+08:00,27845814,0,False,Wh,201
142816,20.0,2025-04-01T04:00:00+08:00,27845872,0,False,Wh,201
142816,20.0,2025-04-01T04:20:00+08:00,27845920,0,False,Wh,201
142816,20.0,2025-04-01T04:40:00+08:00,27845982,0,False,Wh,201
142816,20.0,2025-04-01T05:00:00+08:00,27846025,0,False,Wh,201
142816,20.0,2025-04-01T05:20:00+08:00,27846082,0,False,Wh,201
142816,20.0,2025-04-01T05:40:00+08:00,27846139,0,False,Wh,201
142816,20.0,2025-04-01T06:00:00+08:00,27846185,0,False,Wh,201
142816,20.0,2025-04-01T06:20:00+08:00,27846238,0,False,Wh,201
142816,20.0,2025-04-01T06:40:00+08:00,27846281,0,False,Wh,201
142816,20.0,2025-04-01T07:00:00+08:00,27846386,0,False,Wh,201
142816,20.0,2025-04-01T07:20:00+08:00,27847725,0,False,Wh,201
142816,20.0,2025-04-01T07:40:00+08:00,27847862,0,False,Wh,201
142816,20.0,2025-04-01T08:00:00+08:00,27847931,0,False,Wh,201
142816,20.0,2025-04-01T08:20:00+08:00,27848052,0,False,Wh,201
142816,20.0,2025-04-01T08:40:00+08:00,27848167,0,False,Wh,201
142816,20.0,2025-04-01T09:00:00+08:00,27848323,0,False,Wh,201
142816,20.0,2025-04-01T09:20:00+08:00,27848809,0,False,Wh,201
142816,20.0,2025-04-01T09:40:00+08:00,27848890,0,False,Wh,201
142816,20.0,2025-04-01T10:00:00+08:00,27848966,0,False,Wh,201
142816,20.0,2025-04-01T10:20:00+08:00,27849048,0,False,Wh,201
142816,20.0,2025-04-01T10:40:00+08:00,27849197,0,False,Wh,201
142816,20.0,2025-04-01T11:00:00+08:00,27849402,0,False,Wh,201
142816,20.0,2025-04-01T11:20:00+08:00,27849658,0,False,Wh,201
142816,20.0,2025-04-01T11:40:00+08:00,27849795,0,False,Wh,201
142816,20.0,2025-04-01T12:00:00+08:00,27850718,0,False,Wh,201
142816,20.0,2025-04-01T12:20:00+08:00,27852565,0,False,Wh,201
142816,20.0,2025-04-01T12:40:00+08:00,27853106,0,False,Wh,201
142816,20.0,2025-04-01T13:00:00+08:00,27853624,0,False,Wh,201
142816,20.0,2025-04-01T13:20:00+08:00,27854157,0,False,Wh,201
142816,20.0,2025-04-01T13:40:00+08:00,27854681,0,False,Wh,201
142816,20.0,2025-04-01T14:00:00+08:00,27855192,0,False,Wh,201
142816,20.0,2025-04-01T14:20:00+08:00,27855704,0,False,Wh,201
142816,20.0,2025-04-01T14:40:00+08:00,27856211,0,False,Wh,201
142816,20.0,2025-04-01T15:00:00+08:00,27856713,0,False,Wh,201
142816,20.0,2025-04-01T15:20:00+08:00,27857219,0,False,Wh,201
142816,20.0,2025-04-01T15:40:00+08:00,27857709,0,False,Wh,201
142816,20.0,2025-04-01T16:00:00+08:00,27858202,0,False,Wh,201
142816,20.0,2025-04-01T16:20:00+08:00,27858922,0,False,Wh,201
142816,20.0,2025-04-01T16:40:00+08:00,27859556,0,False,Wh,201
142816,20.0,2025-04-01T17:00:00+08:00,27860071,0,False,Wh,201
142816,20.0,2025-04-01T17:20:00+08:00,27860567,0,False,Wh,201
142816,20.0,2025-04-01T17:40:00+08:00,27861073,0,False,Wh,201
142816,20.0,2025-04-01T18:00:00+08:00,27861561,0,False,Wh,201
142816,20.0,2025-04-01T18:20:00+08:00,27862037,0,False,Wh,201
142816,20.0,2025-04-01T18:40:00+08:00,27862492,0,False,Wh,201
142816,20.0,2025-04-01T19:00:00+08:00,27862936,0,False,Wh,201
142816,20.0,2025-04-01T19:20:00+08:00,27863511,0,False,Wh,201
142816,20.0,2025-04-01T19:40:00+08:00,27864639,0,False,Wh,201
142816,20.0,2025-04-01T20:00:00+08:00,27864770,0,False,Wh,201
142816,20.0,2025-04-01T20:20:00+08:00,27864889,0,False,Wh,201
142816,20.0,2025-04-01T20:40:00+08:00,27865259,0,False,Wh,201
142816,20.0,2025-04-01T21:00:00+08:00,27865612,0,False,Wh,201
142816,20.0,2025-04-01T21:20:00+08:00,27865991,0,False,Wh,201
142816,20.0,2025-04-01T21:40:00+08:00,27866508,0,False,Wh,201
142816,20.0,2025-04-01T22:00:00+08:00,27866969,0,False,Wh,201
142816,20.0,2025-04-01T22:20:00+08:00,27867039,0,False,Wh,201
142816,20.0,2025-04-01T22:40:00+08:00,27868021,0,False,Wh,201
142816,20.0,2025-04-01T23:00:00+08:00,27868887,0,False,Wh,201
142816,20.0,2025-04-01T23:20:00+08:00,27868935,0,False,Wh,201
142816,20.0,2025-04-01T23:40:00+08:00,27868987,0,False,Wh,201
142816,20.0,2025-04-02T00:00:00+08:00,27869047,0,False,Wh,201
142816,20.0,2025-04-02T00:20:00+08:00,27869097,0,False,Wh,201
142816,20.0,2025-04-02T00:40:00+08:00,27869150,0,False,Wh,201
142816,20.0,2025-04-02T01:00:00+08:00,27869203,0,False,Wh,201
142816,20.0,2025-04-02T01:20:00+08:00,27869243,0,False,Wh,201
142816,20.0,2025-04-02T01:40:00+08:00,27869266,0,False,Wh,201
142816,20.0,2025-04-02T02:00:00+08:00,27869297,0,False,Wh,201
142816,20.0,2025-04-02T02:20:00+08:00,27869338,0,False,Wh,201
142816,20.0,2025-04-02T02:40:00+08:00,27869753,0,False,Wh,201
142816,20.0,2025-04-02T03:00:00+08:00,27869814,0,False,Wh,201
142816,20.0,2025-04-02T03:20:00+08:00,27869852,0,False,Wh,201
142816,20.0,2025-04-02T03:40:00+08:00,27869893,0,False,Wh,201
142816,20.0,2025-04-02T04:00:00+08:00,27869934,0,False,Wh,201
142816,20.0,2025-04-02T04:20:00+08:00,27870064,0,False,Wh,201
142816,20.0,2025-04-02T04:40:00+08:00,27870123,0,False,Wh,201
142816,20.0,2025-04-02T05:00:00+08:00,27870751,0,False,Wh,201
142816,20.0,2025-04-02T05:20:00+08:00,27871709,0,False,Wh,201
142816,20.0,2025-04-02T05:40:00+08:00,27871795,0,False,Wh,201
142816,20.0,2025-04-02T06:00:00+08:00,27871910,0,False,Wh,201
142816,20.0,2025-04-02T06:20:00+08:00,27872487,0,False,Wh,201
142816,20.0,2025-04-02T06:40:00+08:00,27872575,0,False,Wh,201
142816,20.0,2025-04-02T07:00:00+08:00,27872626,0,False,Wh,201
142816,20.0,2025-04-02T07:20:00+08:00,27872684,0,False,Wh,201
142816,20.0,2025-04-02T07:40:00+08:00,27872753,0,False,Wh,201
142816,20.0,2025-04-02T08:00:00+08:00,27872823,0,False,Wh,201
142816,20.0,2025-04-02T08:20:00+08:00,27872893,0,False,Wh,201
142816,20.0,2025-04-02T08:40:00+08:00,27872962,0,False,Wh,201
142816,20.0,2025-04-02T09:00:00+08:00,27873031,0,False,Wh,201
142816,20.0,2025-04-02T09:20:00+08:00,27873092,0,False,Wh,201
142816,20.0,2025-04-02T09:40:00+08:00,27873160,0,False,Wh,201
142816,20.0,2025-04-02T10:00:00+08:00,27873238,0,False,Wh,201
142816,20.0,2025-04-02T10:20:00+08:00,27873316,0,False,Wh,201
142816,20.0,2025-04-02T10:40:00+08:00,27873393,0,False,Wh,201
142816,20.0,2025-04-02T11:00:00+08:00,27873460,0,False,Wh,201
142816,20.0,2025-04-02T11:20:00+08:00,27873803,0,False,Wh,201
142816,20.0,2025-04-02T11:40:00+08:00,27873868,0,False,Wh,201
142816,20.0,2025-04-02T12:00:00+08:00,27874273,0,False,Wh,201
142816,20.0,2025-04-02T12:20:00+08:00,27874307,0,False,Wh,201
142816,20.0,2025-04-02T12:40:00+08:00,27874354,0,False,Wh,201
142816,20.0,2025-04-02T13:00:00+08:00,27874388,0,False,Wh,201
142816,20.0,2025-04-02T13:20:00+08:00,27874431,0,False,Wh,201
142816,20.0,2025-04-02T13:40:00+08:00,27874466,0,False,Wh,201
142816,20.0,2025-04-02T14:00:00+08:00,27874510,0,False,Wh,201
142816,20.0,2025-04-02T14:20:00+08:00,27874545,0,False,Wh,201
142816,20.0,2025-04-02T14:40:00+08:00,27874592,0,False,Wh,201
142816,20.0,2025-04-02T15:00:00+08:00,27874625,0,False,Wh,201
142816,20.0,2025-04-02T15:20:00+08:00,27875008,0,False,Wh,201
142816,20.0,2025-04-02T15:40:00+08:00,27875507,0,False,Wh,201
142816,20.0,2025-04-02T16:00:00+08:00,27875569,0,False,Wh,201
142816,20.0,2025-04-02T16:20:00+08:00,27875599,0,False,Wh,201
142816,20.0,2025-04-02T16:40:00+08:00,27875649,0,False,Wh,201
142816,20.0,2025-04-02T17:00:00+08:00,27875681,0,False,Wh,201
142816,20.0,2025-04-02T17:20:00+08:00,27875732,0,False,Wh,201
142816,20.0,2025-04-02T17:40:00+08:00,27875773,0,False,Wh,201
142816,20.0,2025-04-02T18:00:00+08:00,27876218,0,False,Wh,201
142816,20.0,2025-04-02T18:20:00+08:00,27876815,0,False,Wh,201
142816,20.0,2025-04-02T18:40:00+08:00,27877362,0,False,Wh,201
142816,20.0,2025-04-02T19:00:00+08:00,27877855,0,False,Wh,201
142816,20.0,2025-04-02T19:20:00+08:00,27878588,0,False,Wh,201
142816,20.0,2025-04-02T19:40:00+08:00,27878873,0,False,Wh,201
142816,20.0,2025-04-02T20:00:00+08:00,27879158,0,False,Wh,201
142816,20.0,2025-04-02T20:20:00+08:00,27879589,0,False,Wh,201
142816,20.0,2025-04-02T20:40:00+08:00,27879997,0,False,Wh,201
142816,20.0,2025-04-02T21:00:00+08:00,27880181,0,False,Wh,201
142816,20.0,2025-04-02T21:20:00+08:00,27880295,0,False,Wh,201
142816,20.0,2025-04-02T21:40:00+08:00,27880792,0,False,Wh,201
142816,20.0,2025-04-02T22:00:00+08:00,27882161,0,False,Wh,201
142816,20.0,2025-04-02T22:20:00+08:00,27882391,0,False,Wh,201
142816,20.0,2025-04-02T22:40:00+08:00,27882450,0,False,Wh,201
142816,20.0,2025-04-02T23:00:00+08:00,27882504,0,False,Wh,201
142816,20.0,2025-04-02T23:20:00+08:00,27882569,0,False,Wh,201
142816,20.0,2025-04-02T23:40:00+08:00,27882632,0,False,Wh,201
142816,20.0,2025-04-03T00:00:00+08:00,27882694,0,False,Wh,201
142816,20.0,2025-04-03T00:20:00+08:00,27882753,0,False,Wh,201
142816,20.0,2025-04-03T00:40:00+08:00,27882827,0,False,Wh,201
142816,20.0,2025-04-03T01:00:00+08:00,27882947,0,False,Wh,201
142816,20.0,2025-04-03T01:20:00+08:00,27883002,0,False,Wh,201
142816,20.0,2025-04-03T01:40:00+08:00,27883063,0,False,Wh,201
142816,20.0,2025-04-03T02:00:00+08:00,27883134,0,False,Wh,201
142816,20.0,2025-04-03T02:20:00+08:00,27883191,0,False,Wh,201
142816,20.0,2025-04-03T02:40:00+08:00,27883633,0,False,Wh,201
142816,20.0,2025-04-03T03:00:00+08:00,27883676,0,False,Wh,201
142816,20.0,2025-04-03T03:20:00+08:00,27883700,0,False,Wh,201
142816,20.0,2025-04-03T03:40:00+08:00,27883725,0,False,Wh,201
142816,20.0,2025-04-03T04:00:00+08:00,27883761,0,False,Wh,201
142816,20.0,2025-04-03T04:20:00+08:00,27883794,0,False,Wh,201
142816,20.0,2025-04-03T04:40:00+08:00,27884623,0,False,Wh,201
142816,20.0,2025-04-03T05:00:00+08:00,27885348,0,False,Wh,201
142816,20.0,2025-04-03T05:20:00+08:00,27885394,0,False,Wh,201
142816,20.0,2025-04-03T05:40:00+08:00,27885427,0,False,Wh,201
142816,20.0,2025-04-03T06:00:00+08:00,27885475,0,False,Wh,201
142816,20.0,2025-04-03T06:20:00+08:00,27885508,0,False,Wh,201
142816,20.0,2025-04-03T06:40:00+08:00,27885888,0,False,Wh,201
142816,20.0,2025-04-03T07:00:00+08:00,27886007,0,False,Wh,201
142816,20.0,2025-04-03T07:20:00+08:00,27886078,0,False,Wh,201
142816,20.0,2025-04-03T07:40:00+08:00,27886189,0,False,Wh,201
142816,20.0,2025-04-03T08:00:00+08:00,27886243,0,False,Wh,201
142816,20.0,2025-04-03T08:20:00+08:00,27886304,0,False,Wh,201
142816,20.0,2025-04-03T08:40:00+08:00,27886382,0,False,Wh,201
142816,20.0,2025-04-03T09:00:00+08:00,27886459,0,False,Wh,201
142816,20.0,2025-04-03T09:20:00+08:00,27886536,0,False,Wh,201
142816,20.0,2025-04-03T09:40:00+08:00,27886612,0,False,Wh,201
142816,20.0,2025-04-03T10:00:00+08:00,27886687,0,False,Wh,201
142816,20.0,2025-04-03T10:20:00+08:00,27886763,0,False,Wh,201
142816,20.0,2025-04-03T10:40:00+08:00,27886838,0,False,Wh,201
142816,20.0,2025-04-03T11:00:00+08:00,27887088,0,False,Wh,201
142816,20.0,2025-04-03T11:20:00+08:00,27887263,0,False,Wh,201
142816,20.0,2025-04-03T11:40:00+08:00,27887308,0,False,Wh,201
142816,20.0,2025-04-03T12:00:00+08:00,27887384,0,False,Wh,201
142816,20.0,2025-04-03T12:20:00+08:00,27887458,0,False,Wh,201
142816,20.0,2025-04-03T12:40:00+08:00,27887520,0,False,Wh,201
142816,20.0,2025-04-03T13:00:00+08:00,27887549,0,False,Wh,201
142816,20.0,2025-04-03T13:20:00+08:00,27888092,0,False,Wh,201
142816,20.0,2025-04-03T13:40:00+08:00,27888195,0,False,Wh,201
142816,20.0,2025-04-03T14:00:00+08:00,27888224,0,False,Wh,201
142816,20.0,2025-04-03T14:20:00+08:00,27888259,0,False,Wh,201
142816,20.0,2025-04-03T14:40:00+08:00,27888288,0,False,Wh,201
142816,20.0,2025-04-03T15:00:00+08:00,27888327,0,False,Wh,201
142816,20.0,2025-04-03T15:20:00+08:00,27888362,0,False,Wh,201
142816,20.0,2025-04-03T15:40:00+08:00,27888399,0,False,Wh,201
142816,20.0,2025-04-03T16:00:00+08:00,27888452,0,False,Wh,201
142816,20.0,2025-04-03T16:20:00+08:00,27888503,0,False,Wh,201
142816,20.0,2025-04-03T16:40:00+08:00,27888543,0,False,Wh,201
142816,20.0,2025-04-03T17:00:00+08:00,27888579,0,False,Wh,201
142816,20.0,2025-04-03T17:20:00+08:00,27888759,0,False,Wh,201
142816,20.0,2025-04-03T17:40:00+08:00,27889908,0,False,Wh,201
142816,20.0,2025-04-03T18:00:00+08:00,27890340,0,False,Wh,201
142816,20.0,2025-04-03T18:20:00+08:00,27890757,0,False,Wh,201
142816,20.0,2025-04-03T18:40:00+08:00,27891077,0,False,Wh,201
142816,20.0,2025-04-03T19:00:00+08:00,27891666,0,False,Wh,201
142816,20.0,2025-04-03T19:20:00+08:00,27892273,0,False,Wh,201
142816,20.0,2025-04-03T19:40:00+08:00,27892356,0,False,Wh,201
142816,20.0,2025-04-03T20:00:00+08:00,27892441,0,False,Wh,201
142816,20.0,2025-04-03T20:20:00+08:00,27892499,0,False,Wh,201
142816,20.0,2025-04-03T20:40:00+08:00,27892555,0,False,Wh,201
142816,20.0,2025-04-03T21:00:00+08:00,27893657,0,False,Wh,201
142816,20.0,2025-04-03T21:20:00+08:00,27895118,0,False,Wh,201
142816,20.0,2025-04-03T21:40:00+08:00,27895807,0,False,Wh,201
142816,20.0,2025-04-03T22:00:00+08:00,27895858,0,False,Wh,201
142816,20.0,2025-04-03T22:20:00+08:00,27895915,0,False,Wh,201
142816,20.0,2025-04-03T22:40:00+08:00,27895985,0,False,Wh,201
142816,20.0,2025-04-03T23:00:00+08:00,27896042,0,False,Wh,201
142816,20.0,2025-04-03T23:20:00+08:00,27896103,0,False,Wh,201
142816,20.0,2025-04-03T23:40:00+08:00,27896150,0,False,Wh,201
142816,20.0,2025-04-04T00:00:00+08:00,27896199,0,False,Wh,201
142816,20.0,2025-04-04T00:20:00+08:00,27896256,0,False,Wh,201
142816,20.0,2025-04-04T00:40:00+08:00,27896351,0,False,Wh,201
142816,20.0,2025-04-04T01:00:00+08:00,27896771,0,False,Wh,201
142816,20.0,2025-04-04T01:20:00+08:00,27896835,0,False,Wh,201
142816,20.0,2025-04-04T01:40:00+08:00,27896964,0,False,Wh,201
142816,20.0,2025-04-04T02:00:00+08:00,27897027,0,False,Wh,201
142816,20.0,2025-04-04T02:20:00+08:00,27897091,0,False,Wh,201
142816,20.0,2025-04-04T02:40:00+08:00,27897152,0,False,Wh,201
142816,20.0,2025-04-04T03:00:00+08:00,27897210,0,False,Wh,201
142816,20.0,2025-04-04T03:20:00+08:00,27897253,0,False,Wh,201
142816,20.0,2025-04-04T03:40:00+08:00,27897288,0,False,Wh,201
142816,20.0,2025-04-04T04:00:00+08:00,27897586,0,False,Wh,201
142816,20.0,2025-04-04T04:20:00+08:00,27898215,0,False,Wh,201
142816,20.0,2025-04-04T04:40:00+08:00,27898286,0,False,Wh,201
142816,20.0,2025-04-04T05:00:00+08:00,27898321,0,False,Wh,201
142816,20.0,2025-04-04T05:20:00+08:00,27898370,0,False,Wh,201
142816,20.0,2025-04-04T05:40:00+08:00,27898410,0,False,Wh,201
142816,20.0,2025-04-04T06:00:00+08:00,27898453,0,False,Wh,201
142816,20.0,2025-04-04T06:20:00+08:00,27898497,0,False,Wh,201
142816,20.0,2025-04-04T06:40:00+08:00,27898534,0,False,Wh,201
142816,20.0,2025-04-04T07:00:00+08:00,27898907,0,False,Wh,201
142816,20.0,2025-04-04T07:20:00+08:00,27898958,0,False,Wh,201
142816,20.0,2025-04-04T07:40:00+08:00,27899062,0,False,Wh,201
142816,20.0,2025-04-04T08:00:00+08:00,27899170,0,False,Wh,201
142816,20.0,2025-04-04T08:20:00+08:00,27899307,0,False,Wh,201
142816,20.0,2025-04-04T08:40:00+08:00,27899401,0,False,Wh,201
142816,20.0,2025-04-04T09:00:00+08:00,27899491,0,False,Wh,201
142816,20.0,2025-04-04T09:20:00+08:00,27899575,0,False,Wh,201
142816,20.0,2025-04-04T09:40:00+08:00,27899667,0,False,Wh,201
142816,20.0,2025-04-04T10:00:00+08:00,27899757,0,False,Wh,201
142816,20.0,2025-04-04T10:20:00+08:00,27899869,0,False,Wh,201
142816,20.0,2025-04-04T10:40:00+08:00,27900000,0,False,Wh,201
142816,20.0,2025-04-04T11:00:00+08:00,27900131,0,False,Wh,201
142816,20.0,2025-04-04T11:20:00+08:00,27900252,0,False,Wh,201
142816,20.0,2025-04-04T11:40:00+08:00,27900357,0,False,Wh,201
142816,20.0,2025-04-04T12:00:00+08:00,27900484,0,False,Wh,201
142816,20.0,2025-04-04T12:20:00+08:00,27900601,0,False,Wh,201
142816,20.0,2025-04-04T12:40:00+08:00,27900698,0,False,Wh,201
142816,20.0,2025-04-04T13:00:00+08:00,27900859,0,False,Wh,201
142816,20.0,2025-04-04T13:20:00+08:00,27901327,0,False,Wh,201
142816,20.0,2025-04-04T13:40:00+08:00,27901438,0,False,Wh,201
142816,20.0,2025-04-04T14:00:00+08:00,27901550,0,False,Wh,201
142816,20.0,2025-04-04T14:20:00+08:00,27902040,0,False,Wh,201
142816,20.0,2025-04-04T14:40:00+08:00,27902384,0,False,Wh,201
142816,20.0,2025-04-04T15:00:00+08:00,27902476,0,False,Wh,201
142816,20.0,2025-04-04T15:20:00+08:00,27902558,0,False,Wh,201
142816,20.0,2025-04-04T15:40:00+08:00,27902634,0,False,Wh,201
142816,20.0,2025-04-04T16:00:00+08:00,27902742,0,False,Wh,201
142816,20.0,2025-04-04T16:20:00+08:00,27902909,0,False,Wh,201
142816,20.0,2025-04-04T16:40:00+08:00,27903091,0,False,Wh,201
142816,20.0,2025-04-04T17:00:00+08:00,27903305,0,False,Wh,201
142816,20.0,2025-04-04T17:20:00+08:00,27903665,0,False,Wh,201
142816,20.0,2025-04-04T17:40:00+08:00,27903778,0,False,Wh,201
142816,20.0,2025-04-04T18:00:00+08:00,27903877,0,False,Wh,201
142816,20.0,2025-04-04T18:20:00+08:00,27904558,0,False,Wh,201
142816,20.0,2025-04-04T18:40:00+08:00,27905633,0,False,Wh,201
142816,20.0,2025-04-04T19:00:00+08:00,27905687,0,False,Wh,201
142816,20.0,2025-04-04T19:20:00+08:00,27905735,0,False,Wh,201
142816,20.0,2025-04-04T19:40:00+08:00,27905796,0,False,Wh,201
142816,20.0,2025-04-04T20:00:00+08:00,27905857,0,False,Wh,201
142816,20.0,2025-04-04T20:20:00+08:00,27905925,0,False,Wh,201
142816,20.0,2025-04-04T20:40:00+08:00,27905972,0,False,Wh,201
142816,20.0,2025-04-04T21:00:00+08:00,27906015,0,False,Wh,201
142816,20.0,2025-04-04T21:20:00+08:00,27906069,0,False,Wh,201
142816,20.0,2025-04-04T21:40:00+08:00,27906850,0,False,Wh,201
142816,20.0,2025-04-04T22:00:00+08:00,27906921,0,False,Wh,201
142816,20.0,2025-04-04T22:20:00+08:00,27907004,0,False,Wh,201
142816,20.0,2025-04-04T22:40:00+08:00,27907045,0,False,Wh,201
142816,20.0,2025-04-04T23:00:00+08:00,27907095,0,False,Wh,201
142816,20.0,2025-04-04T23:20:00+08:00,27907125,0,False,Wh,201
142816,20.0,2025-04-04T23:40:00+08:00,27907164,0,False,Wh,201
142816,20.0,2025-04-05T00:00:00+08:00,27907193,0,False,Wh,201
142816,20.0,2025-04-05T00:20:00+08:00,27907232,0,False,Wh,201
142816,20.0,2025-04-05T00:40:00+08:00,27907267,0,False,Wh,201
142816,20.0,2025-04-05T01:00:00+08:00,27907298,0,False,Wh,201
142816,20.0,2025-04-05T01:20:00+08:00,27907338,0,False,Wh,201
142816,20.0,2025-04-05T01:40:00+08:00,27907364,0,False,Wh,201
142816,20.0,2025-04-05T02:00:00+08:00,27907404,0,False,Wh,201
142816,20.0,2025-04-05T02:20:00+08:00,27907677,0,False,Wh,201
142816,20.0,2025-04-05T02:40:00+08:00,27907841,0,False,Wh,201
142816,20.0,2025-04-05T03:00:00+08:00,27907880,0,False,Wh,201
142816,20.0,2025-04-05T03:20:00+08:00,27907907,0,False,Wh,201
142816,20.0,2025-04-05T03:40:00+08:00,27907949,0,False,Wh,201
142816,20.0,2025-04-05T04:00:00+08:00,27907984,0,False,Wh,201
142816,20.0,2025-04-05T04:20:00+08:00,27908017,0,False,Wh,201
142816,20.0,2025-04-05T04:40:00+08:00,27908057,0,False,Wh,201
142816,20.0,2025-04-05T05:00:00+08:00,27908083,0,False,Wh,201
142816,20.0,2025-04-05T05:20:00+08:00,27908123,0,False,Wh,201
142816,20.0,2025-04-05T05:40:00+08:00,27908157,0,False,Wh,201
142816,20.0,2025-04-05T06:00:00+08:00,27908189,0,False,Wh,201
142816,20.0,2025-04-05T06:20:00+08:00,27908229,0,False,Wh,201
142816,20.0,2025-04-05T06:40:00+08:00,27908256,0,False,Wh,201
142816,20.0,2025-04-05T07:00:00+08:00,27908321,0,False,Wh,201
142816,20.0,2025-04-05T07:20:00+08:00,27908400,0,False,Wh,201
142816,20.0,2025-04-05T07:40:00+08:00,27909559,0,False,Wh,201
142816,20.0,2025-04-05T08:00:00+08:00,27910048,0,False,Wh,201
142816,20.0,2025-04-05T08:20:00+08:00,27910219,0,False,Wh,201
142816,20.0,2025-04-05T08:40:00+08:00,27910335,0,False,Wh,201
142816,20.0,2025-04-05T09:00:00+08:00,27910447,0,False,Wh,201
142816,20.0,2025-04-05T09:20:00+08:00,27910546,0,False,Wh,201
142816,20.0,2025-04-05T09:40:00+08:00,27910683,0,False,Wh,201
142816,20.0,2025-04-05T10:00:00+08:00,27910839,0,False,Wh,201
142816,20.0,2025-04-05T10:20:00+08:00,27911758,0,False,Wh,201
142816,20.0,2025-04-05T10:40:00+08:00,27912363,0,False,Wh,201
142816,20.0,2025-04-05T11:00:00+08:00,27912539,0,False,Wh,201
142816,20.0,2025-04-05T11:20:00+08:00,27912667,0,False,Wh,201
142816,20.0,2025-04-05T11:40:00+08:00,27912866,0,False,Wh,201
142816,20.0,2025-04-05T12:00:00+08:00,27913037,0,False,Wh,201
142816,20.0,2025-04-05T12:20:00+08:00,27913145,0,False,Wh,201
142816,20.0,2025-04-05T12:40:00+08:00,27913267,0,False,Wh,201
142816,20.0,2025-04-05T13:00:00+08:00,27913375,0,False,Wh,201
142816,20.0,2025-04-05T13:20:00+08:00,27914631,0,False,Wh,201
142816,20.0,2025-04-05T13:40:00+08:00,27915829,0,False,Wh,201
142816,20.0,2025-04-05T14:00:00+08:00,27916574,0,False,Wh,201
142816,20.0,2025-04-05T14:20:00+08:00,27917121,0,False,Wh,201
142816,20.0,2025-04-05T14:40:00+08:00,27917324,0,False,Wh,201
142816,20.0,2025-04-05T15:00:00+08:00,27917521,0,False,Wh,201
142816,20.0,2025-04-05T15:20:00+08:00,27917762,0,False,Wh,201
142816,20.0,2025-04-05T15:40:00+08:00,27918207,0,False,Wh,201
142816,20.0,2025-04-05T16:00:00+08:00,27918325,0,False,Wh,201
142816,20.0,2025-04-05T16:20:00+08:00,27918452,0,False,Wh,201
142816,20.0,2025-04-05T16:40:00+08:00,27918814,0,False,Wh,201
142816,20.0,2025-04-05T17:00:00+08:00,27920569,0,False,Wh,201
142816,20.0,2025-04-05T17:20:00+08:00,27921525,0,False,Wh,201
142816,20.0,2025-04-05T17:40:00+08:00,27922181,0,False,Wh,201
142816,20.0,2025-04-05T18:00:00+08:00,27922318,0,False,Wh,201
142816,20.0,2025-04-05T18:20:00+08:00,27922444,0,False,Wh,201
142816,20.0,2025-04-05T18:40:00+08:00,27922549,0,False,Wh,201
142816,20.0,2025-04-05T19:00:00+08:00,27922784,0,False,Wh,201
142816,20.0,2025-04-05T19:20:00+08:00,27923044,0,False,Wh,201
142816,20.0,2025-04-05T19:40:00+08:00,27923273,0,False,Wh,201
142816,20.0,2025-04-05T20:00:00+08:00,27923936,0,False,Wh,201
142816,20.0,2025-04-05T20:20:00+08:00,27924675,0,False,Wh,201
142816,20.0,2025-04-05T20:40:00+08:00,27924763,0,False,Wh,201
142816,20.0,2025-04-05T21:00:00+08:00,27924863,0,False,Wh,201
142816,20.0,2025-04-05T21:20:00+08:00,27925393,0,False,Wh,201
142816,20.0,2025-04-05T21:40:00+08:00,27926555,0,False,Wh,201
142816,20.0,2025-04-05T22:00:00+08:00,27926704,0,False,Wh,201
142816,20.0,2025-04-05T22:20:00+08:00,27926828,0,False,Wh,201
142816,20.0,2025-04-05T22:40:00+08:00,27927015,0,False,Wh,201
142816,20.0,2025-04-05T23:00:00+08:00,27927146,0,False,Wh,201
142816,20.0,2025-04-05T23:20:00+08:00,27927180,0,False,Wh,201
142816,20.0,2025-04-05T23:40:00+08:00,27927219,0,False,Wh,201
142816,20.0,2025-04-06T00:00:00+08:00,27927254,0,False,Wh,201
142816,20.0,2025-04-06T00:20:00+08:00,27927286,0,False,Wh,201
142816,20.0,2025-04-06T00:40:00+08:00,27927321,0,False,Wh,201
142816,20.0,2025-04-06T01:00:00+08:00,27927350,0,False,Wh,201
142816,20.0,2025-04-06T01:20:00+08:00,27927532,0,False,Wh,201
142816,20.0,2025-04-06T01:40:00+08:00,27927788,0,False,Wh,201
142816,20.0,2025-04-06T02:00:00+08:00,27927829,0,False,Wh,201
142816,20.0,2025-04-06T02:20:00+08:00,27927860,0,False,Wh,201
142816,20.0,2025-04-06T02:40:00+08:00,27927894,0,False,Wh,201
142816,20.0,2025-04-06T03:00:00+08:00,27927932,0,False,Wh,201
142816,20.0,2025-04-06T03:20:00+08:00,27927960,0,False,Wh,201
142816,20.0,2025-04-06T03:40:00+08:00,27928000,0,False,Wh,201
142816,20.0,2025-04-06T04:00:00+08:00,27928029,0,False,Wh,201
142816,20.0,2025-04-06T04:20:00+08:00,27928068,0,False,Wh,201
142816,20.0,2025-04-06T04:40:00+08:00,27928106,0,False,Wh,201
142816,20.0,2025-04-06T05:00:00+08:00,27928135,0,False,Wh,201
142816,20.0,2025-04-06T05:20:00+08:00,27928175,0,False,Wh,201
142816,20.0,2025-04-06T05:40:00+08:00,27928205,0,False,Wh,201
142816,20.0,2025-04-06T06:00:00+08:00,27928241,0,False,Wh,201
142816,20.0,2025-04-06T06:20:00+08:00,27928280,0,False,Wh,201
142816,20.0,2025-04-06T06:40:00+08:00,27928307,0,False,Wh,201
142816,20.0,2025-04-06T07:00:00+08:00,27928346,0,False,Wh,201
142816,20.0,2025-04-06T07:20:00+08:00,27928378,0,False,Wh,201
142816,20.0,2025-04-06T07:40:00+08:00,27928413,0,False,Wh,201
142816,20.0,2025-04-06T08:00:00+08:00,27928452,0,False,Wh,201
142816,20.0,2025-04-06T08:20:00+08:00,27928850,0,False,Wh,201
142816,20.0,2025-04-06T08:40:00+08:00,27928925,0,False,Wh,201
142816,20.0,2025-04-06T09:00:00+08:00,27929122,0,False,Wh,201
142816,20.0,2025-04-06T09:20:00+08:00,27930056,0,False,Wh,201
142816,20.0,2025-04-06T09:40:00+08:00,27930147,0,False,Wh,201
142816,20.0,2025-04-06T10:00:00+08:00,27930242,0,False,Wh,201
142816,20.0,2025-04-06T10:20:00+08:00,27930329,0,False,Wh,201
142816,20.0,2025-04-06T10:40:00+08:00,27930416,0,False,Wh,201
142816,20.0,2025-04-06T11:00:00+08:00,27931535,0,False,Wh,201
142816,20.0,2025-04-06T11:20:00+08:00,27932518,0,False,Wh,201
142816,20.0,2025-04-06T11:40:00+08:00,27932626,0,False,Wh,201
142816,20.0,2025-04-06T12:00:00+08:00,27932732,0,False,Wh,201
142816,20.0,2025-04-06T12:20:00+08:00,27932838,0,False,Wh,201
142816,20.0,2025-04-06T12:40:00+08:00,27933290,0,False,Wh,201
142816,20.0,2025-04-06T13:00:00+08:00,27933566,0,False,Wh,201
142816,20.0,2025-04-06T13:20:00+08:00,27934458,0,False,Wh,201
142816,20.0,2025-04-06T13:40:00+08:00,27935453,0,False,Wh,201
142816,20.0,2025-04-06T14:00:00+08:00,27936213,0,False,Wh,201
142816,20.0,2025-04-06T14:20:00+08:00,27936779,0,False,Wh,201
142816,20.0,2025-04-06T14:40:00+08:00,27937000,0,False,Wh,201
142816,20.0,2025-04-06T15:00:00+08:00,27937339,0,False,Wh,201
142816,20.0,2025-04-06T15:20:00+08:00,27938237,0,False,Wh,201
142816,20.0,2025-04-06T15:40:00+08:00,27939627,0,False,Wh,201
142816,20.0,2025-04-06T16:00:00+08:00,27940426,0,False,Wh,201
142816,20.0,2025-04-06T16:20:00+08:00,27941254,0,False,Wh,201
142816,20.0,2025-04-06T16:40:00+08:00,27942366,0,False,Wh,201
142816,20.0,2025-04-06T17:00:00+08:00,27942947,0,False,Wh,201
142816,20.0,2025-04-06T17:20:00+08:00,27944500,0,False,Wh,201
142816,20.0,2025-04-06T17:40:00+08:00,27946148,0,False,Wh,201
142816,20.0,2025-04-06T18:00:00+08:00,27947920,0,False,Wh,201
142816,20.0,2025-04-06T18:20:00+08:00,27949757,0,False,Wh,201
142816,20.0,2025-04-06T18:40:00+08:00,27950676,0,False,Wh,201
142816,20.0,2025-04-06T19:00:00+08:00,27951876,0,False,Wh,201
142816,20.0,2025-04-06T19:20:00+08:00,27952309,0,False,Wh,201
142816,20.0,2025-04-06T19:40:00+08:00,27952746,0,False,Wh,201
142816,20.0,2025-04-06T20:00:00+08:00,27953169,0,False,Wh,201
142816,20.0,2025-04-06T20:20:00+08:00,27953866,0,False,Wh,201
142816,20.0,2025-04-06T20:40:00+08:00,27955274,0,False,Wh,201
142816,20.0,2025-04-06T21:00:00+08:00,27956092,0,False,Wh,201
142816,20.0,2025-04-06T21:20:00+08:00,27956199,0,False,Wh,201
142816,20.0,2025-04-06T21:40:00+08:00,27956299,0,False,Wh,201
142816,20.0,2025-04-06T22:00:00+08:00,27956462,0,False,Wh,201
142816,20.0,2025-04-06T22:20:00+08:00,27956753,0,False,Wh,201
142816,20.0,2025-04-06T22:40:00+08:00,27957449,0,False,Wh,201
142816,20.0,2025-04-06T23:00:00+08:00,27957584,0,False,Wh,201
142816,20.0,2025-04-06T23:20:00+08:00,27957696,0,False,Wh,201
142816,20.0,2025-04-06T23:40:00+08:00,27957760,0,False,Wh,201
142816,20.0,2025-04-07T00:00:00+08:00,27957826,0,False,Wh,201
142816,20.0,2025-04-07T00:20:00+08:00,27958236,0,False,Wh,201
142816,20.0,2025-04-07T00:40:00+08:00,27958282,0,False,Wh,201
142816,20.0,2025-04-07T01:00:00+08:00,27958340,0,False,Wh,201
142816,20.0,2025-04-07T01:20:00+08:00,27958400,0,False,Wh,201
142816,20.0,2025-04-07T01:40:00+08:00,27958452,0,False,Wh,201
142816,20.0,2025-04-07T02:00:00+08:00,27958512,0,False,Wh,201
142816,20.0,2025-04-07T02:20:00+08:00,27958559,0,False,Wh,201
142816,20.0,2025-04-07T02:40:00+08:00,27958618,0,False,Wh,201
142816,20.0,2025-04-07T03:00:00+08:00,27958666,0,False,Wh,201
142816,20.0,2025-04-07T03:20:00+08:00,27958714,0,False,Wh,201
142816,20.0,2025-04-07T03:40:00+08:00,27958839,0,False,Wh,201
142816,20.0,2025-04-07T04:00:00+08:00,27958909,0,False,Wh,201
142816,20.0,2025-04-07T04:20:00+08:00,27959503,0,False,Wh,201
142816,20.0,2025-04-07T04:40:00+08:00,27960663,0,False,Wh,201
142816,20.0,2025-04-07T05:00:00+08:00,27960729,0,False,Wh,201
142816,20.0,2025-04-07T05:20:00+08:00,27960788,0,False,Wh,201
142816,20.0,2025-04-07T05:40:00+08:00,27960849,0,False,Wh,201
142816,20.0,2025-04-07T06:00:00+08:00,27960921,0,False,Wh,201
142816,20.0,2025-04-07T06:20:00+08:00,27961411,0,False,Wh,201
142816,20.0,2025-04-07T06:40:00+08:00,27961475,0,False,Wh,201
142816,20.0,2025-04-07T07:00:00+08:00,27961538,0,False,Wh,201
142816,20.0,2025-04-07T07:20:00+08:00,27961595,0,False,Wh,201
142816,20.0,2025-04-07T07:40:00+08:00,27961655,0,False,Wh,201
142816,20.0,2025-04-07T08:00:00+08:00,27961709,0,False,Wh,201
142816,20.0,2025-04-07T08:20:00+08:00,27961770,0,False,Wh,201
142816,20.0,2025-04-07T08:40:00+08:00,27961819,0,False,Wh,201
142816,20.0,2025-04-07T09:00:00+08:00,27961882,0,False,Wh,201
142816,20.0,2025-04-07T09:20:00+08:00,27961913,0,False,Wh,201
142816,20.0,2025-04-07T09:40:00+08:00,27961942,0,False,Wh,201
142816,20.0,2025-04-07T10:00:00+08:00,27961983,0,False,Wh,201
142816,20.0,2025-04-07T10:20:00+08:00,27962027,0,False,Wh,201
142816,20.0,2025-04-07T10:40:00+08:00,27962060,0,False,Wh,201
142816,20.0,2025-04-07T11:00:00+08:00,27962101,0,False,Wh,201
142816,20.0,2025-04-07T11:20:00+08:00,27962146,0,False,Wh,201
142816,20.0,2025-04-07T11:40:00+08:00,27962510,0,False,Wh,201
142816,20.0,2025-04-07T12:00:00+08:00,27962562,0,False,Wh,201
142816,20.0,2025-04-07T12:20:00+08:00,27962606,0,False,Wh,201
142816,20.0,2025-04-07T12:40:00+08:00,27962645,0,False,Wh,201
142816,20.0,2025-04-07T13:00:00+08:00,27962691,0,False,Wh,201
142816,20.0,2025-04-07T13:20:00+08:00,27962727,0,False,Wh,201
142816,20.0,2025-04-07T13:40:00+08:00,27963791,0,False,Wh,201
142816,20.0,2025-04-07T14:00:00+08:00,27963837,0,False,Wh,201
142816,20.0,2025-04-07T14:20:00+08:00,27963883,0,False,Wh,201
142816,20.0,2025-04-07T14:40:00+08:00,27963942,0,False,Wh,201
142816,20.0,2025-04-07T15:00:00+08:00,27964006,0,False,Wh,201
142816,20.0,2025-04-07T15:20:00+08:00,27964076,0,False,Wh,201
142816,20.0,2025-04-07T15:40:00+08:00,27964152,0,False,Wh,201
142816,20.0,2025-04-07T16:00:00+08:00,27964228,0,False,Wh,201
142816,20.0,2025-04-07T16:20:00+08:00,27964303,0,False,Wh,201
142816,20.0,2025-04-07T16:40:00+08:00,27964366,0,False,Wh,201
142816,20.0,2025-04-07T17:00:00+08:00,27964438,0,False,Wh,201
142816,20.0,2025-04-07T17:20:00+08:00,27964517,0,False,Wh,201
142816,20.0,2025-04-07T17:40:00+08:00,27964926,0,False,Wh,201
142816,20.0,2025-04-07T18:00:00+08:00,27965400,0,False,Wh,201
142816,20.0,2025-04-07T18:20:00+08:00,27966215,0,False,Wh,201
142816,20.0,2025-04-07T18:40:00+08:00,27966676,0,False,Wh,201
142816,20.0,2025-04-07T19:00:00+08:00,27966817,0,False,Wh,201
142816,20.0,2025-04-07T19:20:00+08:00,27966956,0,False,Wh,201
142816,20.0,2025-04-07T19:40:00+08:00,27967094,0,False,Wh,201
142816,20.0,2025-04-07T20:00:00+08:00,27967369,0,False,Wh,201
142816,20.0,2025-04-07T20:20:00+08:00,27967515,0,False,Wh,201
142816,20.0,2025-04-07T20:40:00+08:00,27967627,0,False,Wh,201
142816,20.0,2025-04-07T21:00:00+08:00,27967715,0,False,Wh,201
142816,20.0,2025-04-07T21:20:00+08:00,27967932,0,False,Wh,201
142816,20.0,2025-04-07T21:40:00+08:00,27968307,0,False,Wh,201
142816,20.0,2025-04-07T22:00:00+08:00,27968700,0,False,Wh,201
142816,20.0,2025-04-07T22:20:00+08:00,27969048,0,False,Wh,201
142816,20.0,2025-04-07T22:40:00+08:00,27969079,0,False,Wh,201
142816,20.0,2025-04-07T23:00:00+08:00,27969276,0,False,Wh,201
142816,20.0,2025-04-07T23:20:00+08:00,27969458,0,False,Wh,201
142816,20.0,2025-04-07T23:40:00+08:00,27969500,0,False,Wh,201
142816,20.0,2025-04-08T00:00:00+08:00,27969544,0,False,Wh,201
142817,20.0,2025-04-01T00:20:00+08:00,28828221,0,False,Wh,203
142817,20.0,2025-04-01T00:40:00+08:00,28828371,0,False,Wh,203
142817,20.0,2025-04-01T01:00:00+08:00,28828512,0,False,Wh,203
142817,20.0,2025-04-01T01:20:00+08:00,28828645,0,False,Wh,203
142817,20.0,2025-04-01T01:40:00+08:00,28828788,0,False,Wh,203
142817,20.0,2025-04-01T02:00:00+08:00,28828932,0,False,Wh,203
142817,20.0,2025-04-01T02:20:00+08:00,28829072,0,False,Wh,203
142817,20.0,2025-04-01T02:40:00+08:00,28829210,0,False,Wh,203
142817,20.0,2025-04-01T03:00:00+08:00,28829364,0,False,Wh,203
142817,20.0,2025-04-01T03:20:00+08:00,28829494,0,False,Wh,203
142817,20.0,2025-04-01T03:40:00+08:00,28829643,0,False,Wh,203
142817,20.0,2025-04-01T04:00:00+08:00,28829787,0,False,Wh,203
142817,20.0,2025-04-01T04:20:00+08:00,28829940,0,False,Wh,203
142817,20.0,2025-04-01T04:40:00+08:00,28830123,0,False,Wh,203
142817,20.0,2025-04-01T05:00:00+08:00,28830263,0,False,Wh,203
142817,20.0,2025-04-01T05:20:00+08:00,28830414,0,False,Wh,203
142817,20.0,2025-04-01T05:40:00+08:00,28830550,0,False,Wh,203
142817,20.0,2025-04-01T06:00:00+08:00,28830669,0,False,Wh,203
142817,20.0,2025-04-01T06:20:00+08:00,28830789,0,False,Wh,203
142817,20.0,2025-04-01T06:40:00+08:00,28830905,0,False,Wh,203
142817,20.0,2025-04-01T07:00:00+08:00,28831004,0,False,Wh,203
142817,20.0,2025-04-01T07:20:00+08:00,28831520,0,False,Wh,203
142817,20.0,2025-04-01T07:40:00+08:00,28832281,0,False,Wh,203
142817,20.0,2025-04-01T08:00:00+08:00,28833702,0,False,Wh,203
142817,20.0,2025-04-01T08:20:00+08:00,28834162,0,False,Wh,203
142817,20.0,2025-04-01T08:40:00+08:00,28834329,0,False,Wh,203
142817,20.0,2025-04-01T09:00:00+08:00,28834515,0,False,Wh,203
142817,20.0,2025-04-01T09:20:00+08:00,28834707,0,False,Wh,203
142817,20.0,2025-04-01T09:40:00+08:00,28834912,0,False,Wh,203
142817,20.0,2025-04-01T10:00:00+08:00,28835111,0,False,Wh,203
142817,20.0,2025-04-01T10:20:00+08:00,28835308,0,False,Wh,203
142817,20.0,2025-04-01T10:40:00+08:00,28835527,0,False,Wh,203
142817,20.0,2025-04-01T11:00:00+08:00,28835745,0,False,Wh,203
142817,20.0,2025-04-01T11:20:00+08:00,28836001,0,False,Wh,203
142817,20.0,2025-04-01T11:40:00+08:00,28836256,0,False,Wh,203
142817,20.0,2025-04-01T12:00:00+08:00,28836963,0,False,Wh,203
142817,20.0,2025-04-01T12:20:00+08:00,28837171,0,False,Wh,203
142817,20.0,2025-04-01T12:40:00+08:00,28837243,0,False,Wh,203
142817,20.0,2025-04-01T13:00:00+08:00,28837315,0,False,Wh,203
142817,20.0,2025-04-01T13:20:00+08:00,28837400,0,False,Wh,203
142817,20.0,2025-04-01T13:40:00+08:00,28837467,0,False,Wh,203
142817,20.0,2025-04-01T14:00:00+08:00,28837539,0,False,Wh,203
142817,20.0,2025-04-01T14:20:00+08:00,28837612,0,False,Wh,203
142817,20.0,2025-04-01T14:40:00+08:00,28837892,0,False,Wh,203
142817,20.0,2025-04-01T15:00:00+08:00,28838007,0,False,Wh,203
142817,20.0,2025-04-01T15:20:00+08:00,28838110,0,False,Wh,203
142817,20.0,2025-04-01T15:40:00+08:00,28838191,0,False,Wh,203
142817,20.0,2025-04-01T16:00:00+08:00,28838268,0,False,Wh,203
142817,20.0,2025-04-01T16:20:00+08:00,28838351,0,False,Wh,203
142817,20.0,2025-04-01T16:40:00+08:00,28838432,0,False,Wh,203
142817,20.0,2025-04-01T17:00:00+08:00,28838498,0,False,Wh,203
142817,20.0,2025-04-01T17:20:00+08:00,28838562,0,False,Wh,203
142817,20.0,2025-04-01T17:40:00+08:00,28838861,0,False,Wh,203
142817,20.0,2025-04-01T18:00:00+08:00,28839280,0,False,Wh,203
142817,20.0,2025-04-01T18:20:00+08:00,28840749,0,False,Wh,203
142817,20.0,2025-04-01T18:40:00+08:00,28841236,0,False,Wh,203
142817,20.0,2025-04-01T19:00:00+08:00,28842784,0,False,Wh,203
142817,20.0,2025-04-01T19:20:00+08:00,28843852,0,False,Wh,203
142817,20.0,2025-04-01T19:40:00+08:00,28844781,0,False,Wh,203
142817,20.0,2025-04-01T20:00:00+08:00,28845651,0,False,Wh,203
142817,20.0,2025-04-01T20:20:00+08:00,28846316,0,False,Wh,203
142817,20.0,2025-04-01T20:40:00+08:00,28846638,0,False,Wh,203
142817,20.0,2025-04-01T21:00:00+08:00,28846761,0,False,Wh,203
142817,20.0,2025-04-01T21:20:00+08:00,28846969,0,False,Wh,203
142817,20.0,2025-04-01T21:40:00+08:00,28847207,0,False,Wh,203
142817,20.0,2025-04-01T22:00:00+08:00,28847447,0,False,Wh,203
142817,20.0,2025-04-01T22:20:00+08:00,28847675,0,False,Wh,203
142817,20.0,2025-04-01T22:40:00+08:00,28847892,0,False,Wh,203
142817,20.0,2025-04-01T23:00:00+08:00,28848110,0,False,Wh,203
142817,20.0,2025-04-01T23:20:00+08:00,28848320,0,False,Wh,203
142817,20.0,2025-04-01T23:40:00+08:00,28848576,0,False,Wh,203
142817,20.0,2025-04-02T00:00:00+08:00,28848762,0,False,Wh,203
142817,20.0,2025-04-02T00:20:00+08:00,28849465,0,False,Wh,203
142817,20.0,2025-04-02T00:40:00+08:00,28849646,0,False,Wh,203
142817,20.0,2025-04-02T01:00:00+08:00,28849828,0,False,Wh,203
142817,20.0,2025-04-02T01:20:00+08:00,28850009,0,False,Wh,203
142817,20.0,2025-04-02T01:40:00+08:00,28850184,0,False,Wh,203
142817,20.0,2025-04-02T02:00:00+08:00,28850352,0,False,Wh,203
142817,20.0,2025-04-02T02:20:00+08:00,28850517,0,False,Wh,203
142817,20.0,2025-04-02T02:40:00+08:00,28850659,0,False,Wh,203
142817,20.0,2025-04-02T03:00:00+08:00,28850819,0,False,Wh,203
142817,20.0,2025-04-02T03:20:00+08:00,28850966,0,False,Wh,203
142817,20.0,2025-04-02T03:40:00+08:00,28851116,0,False,Wh,203
142817,20.0,2025-04-02T04:00:00+08:00,28851243,0,False,Wh,203
142817,20.0,2025-04-02T04:20:00+08:00,28851389,0,False,Wh,203
142817,20.0,2025-04-02T04:40:00+08:00,28851511,0,False,Wh,203
142817,20.0,2025-04-02T05:00:00+08:00,28851656,0,False,Wh,203
142817,20.0,2025-04-02T05:20:00+08:00,28851790,0,False,Wh,203
142817,20.0,2025-04-02T05:40:00+08:00,28851922,0,False,Wh,203
142817,20.0,2025-04-02T06:00:00+08:00,28852053,0,False,Wh,203
142817,20.0,2025-04-02T06:20:00+08:00,28852196,0,False,Wh,203
142817,20.0,2025-04-02T06:40:00+08:00,28852316,0,False,Wh,203
142817,20.0,2025-04-02T07:00:00+08:00,28852458,0,False,Wh,203
142817,20.0,2025-04-02T07:20:00+08:00,28852596,0,False,Wh,203
142817,20.0,2025-04-02T07:40:00+08:00,28852759,0,False,Wh,203
142817,20.0,2025-04-02T08:00:00+08:00,28853032,0,False,Wh,203
142817,20.0,2025-04-02T08:20:00+08:00,28853222,0,False,Wh,203
142817,20.0,2025-04-02T08:40:00+08:00,28853383,0,False,Wh,203
142817,20.0,2025-04-02T09:00:00+08:00,28854058,0,False,Wh,203
142817,20.0,2025-04-02T09:20:00+08:00,28854230,0,False,Wh,203
142817,20.0,2025-04-02T09:40:00+08:00,28854388,0,False,Wh,203
142817,20.0,2025-04-02T10:00:00+08:00,28854566,0,False,Wh,203
142817,20.0,2025-04-02T10:20:00+08:00,28854746,0,False,Wh,203
142817,20.0,2025-04-02T10:40:00+08:00,28854905,0,False,Wh,203
142817,20.0,2025-04-02T11:00:00+08:00,28855114,0,False,Wh,203
142817,20.0,2025-04-02T11:20:00+08:00,28855322,0,False,Wh,203
142817,20.0,2025-04-02T11:40:00+08:00,28855509,0,False,Wh,203
142817,20.0,2025-04-02T12:00:00+08:00,28855714,0,False,Wh,203
142817,20.0,2025-04-02T12:20:00+08:00,28855899,0,False,Wh,203
142817,20.0,2025-04-02T12:40:00+08:00,28856114,0,False,Wh,203
142817,20.0,2025-04-02T13:00:00+08:00,28856349,0,False,Wh,203
142817,20.0,2025-04-02T13:20:00+08:00,28856608,0,False,Wh,203
142817,20.0,2025-04-02T13:40:00+08:00,28857202,0,False,Wh,203
142817,20.0,2025-04-02T14:00:00+08:00,28857685,0,False,Wh,203
142817,20.0,2025-04-02T14:20:00+08:00,28858223,0,False,Wh,203
142817,20.0,2025-04-02T14:40:00+08:00,28858506,0,False,Wh,203
142817,20.0,2025-04-02T15:00:00+08:00,28858898,0,False,Wh,203
142817,20.0,2025-04-02T15:20:00+08:00,28859572,0,False,Wh,203
142817,20.0,2025-04-02T15:40:00+08:00,28859848,0,False,Wh,203
142817,20.0,2025-04-02T16:00:00+08:00,28860141,0,False,Wh,203
142817,20.0,2025-04-02T16:20:00+08:00,28860423,0,False,Wh,203
142817,20.0,2025-04-02T16:40:00+08:00,28860698,0,False,Wh,203
142817,20.0,2025-04-02T17:00:00+08:00,28861399,0,False,Wh,203
142817,20.0,2025-04-02T17:20:00+08:00,28861680,0,False,Wh,203
142817,20.0,2025-04-02T17:40:00+08:00,28861957,0,False,Wh,203
142817,20.0,2025-04-02T18:00:00+08:00,28862223,0,False,Wh,203
142817,20.0,2025-04-02T18:20:00+08:00,28862480,0,False,Wh,203
142817,20.0,2025-04-02T18:40:00+08:00,28862694,0,False,Wh,203
142817,20.0,2025-04-02T19:00:00+08:00,28862896,0,False,Wh,203
142817,20.0,2025-04-02T19:20:00+08:00,28863101,0,False,Wh,203
142817,20.0,2025-04-02T19:40:00+08:00,28863315,0,False,Wh,203
142817,20.0,2025-04-02T20:00:00+08:00,28863562,0,False,Wh,203
142817,20.0,2025-04-02T20:20:00+08:00,28864201,0,False,Wh,203
142817,20.0,2025-04-02T20:40:00+08:00,28865385,0,False,Wh,203
142817,20.0,2025-04-02T21:00:00+08:00,28865666,0,False,Wh,203
142817,20.0,2025-04-02T21:20:00+08:00,28865789,0,False,Wh,203
142817,20.0,2025-04-02T21:40:00+08:00,28865916,0,False,Wh,203
142817,20.0,2025-04-02T22:00:00+08:00,28866019,0,False,Wh,203
142817,20.0,2025-04-02T22:20:00+08:00,28866126,0,False,Wh,203
142817,20.0,2025-04-02T22:40:00+08:00,28866223,0,False,Wh,203
142817,20.0,2025-04-02T23:00:00+08:00,28866319,0,False,Wh,203
142817,20.0,2025-04-02T23:20:00+08:00,28866426,0,False,Wh,203
142817,20.0,2025-04-02T23:40:00+08:00,28866513,0,False,Wh,203
142817,20.0,2025-04-03T00:00:00+08:00,28866745,0,False,Wh,203
142817,20.0,2025-04-03T00:20:00+08:00,28866922,0,False,Wh,203
142817,20.0,2025-04-03T00:40:00+08:00,28867070,0,False,Wh,203
142817,20.0,2025-04-03T01:00:00+08:00,28867220,0,False,Wh,203
142817,20.0,2025-04-03T01:20:00+08:00,28867356,0,False,Wh,203
142817,20.0,2025-04-03T01:40:00+08:00,28867467,0,False,Wh,203
142817,20.0,2025-04-03T02:00:00+08:00,28867598,0,False,Wh,203
142817,20.0,2025-04-03T02:20:00+08:00,28867725,0,False,Wh,203
142817,20.0,2025-04-03T02:40:00+08:00,28867836,0,False,Wh,203
142817,20.0,2025-04-03T03:00:00+08:00,28867972,0,False,Wh,203
142817,20.0,2025-04-03T03:20:00+08:00,28868091,0,False,Wh,203
142817,20.0,2025-04-03T03:40:00+08:00,28868210,0,False,Wh,203
142817,20.0,2025-04-03T04:00:00+08:00,28868330,0,False,Wh,203
142817,20.0,2025-04-03T04:20:00+08:00,28868735,0,False,Wh,203
142817,20.0,2025-04-03T04:40:00+08:00,28869062,0,False,Wh,203
142817,20.0,2025-04-03T05:00:00+08:00,28869174,0,False,Wh,203
142817,20.0,2025-04-03T05:20:00+08:00,28869294,0,False,Wh,203
142817,20.0,2025-04-03T05:40:00+08:00,28869396,0,False,Wh,203
142817,20.0,2025-04-03T06:00:00+08:00,28869507,0,False,Wh,203
142817,20.0,2025-04-03T06:20:00+08:00,28869610,0,False,Wh,203
142817,20.0,2025-04-03T06:40:00+08:00,28869707,0,False,Wh,203
142817,20.0,2025-04-03T07:00:00+08:00,28869817,0,False,Wh,203
142817,20.0,2025-04-03T07:20:00+08:00,28869933,0,False,Wh,203
142817,20.0,2025-04-03T07:40:00+08:00,28870210,0,False,Wh,203
142817,20.0,2025-04-03T08:00:00+08:00,28870613,0,False,Wh,203
142817,20.0,2025-04-03T08:20:00+08:00,28871524,0,False,Wh,203
142817,20.0,2025-04-03T08:40:00+08:00,28871730,0,False,Wh,203
142817,20.0,2025-04-03T09:00:00+08:00,28872337,0,False,Wh,203
142817,20.0,2025-04-03T09:20:00+08:00,28872601,0,False,Wh,203
142817,20.0,2025-04-03T09:40:00+08:00,28872892,0,False,Wh,203
142817,20.0,2025-04-03T10:00:00+08:00,28873110,0,False,Wh,203
142817,20.0,2025-04-03T10:20:00+08:00,28873256,0,False,Wh,203
142817,20.0,2025-04-03T10:40:00+08:00,28873428,0,False,Wh,203
142817,20.0,2025-04-03T11:00:00+08:00,28873577,0,False,Wh,203
142817,20.0,2025-04-03T11:20:00+08:00,28873727,0,False,Wh,203
142817,20.0,2025-04-03T11:40:00+08:00,28873893,0,False,Wh,203
142817,20.0,2025-04-03T12:00:00+08:00,28874054,0,False,Wh,203
142817,20.0,2025-04-03T12:20:00+08:00,28874206,0,False,Wh,203
142817,20.0,2025-04-03T12:40:00+08:00,28874360,0,False,Wh,203
142817,20.0,2025-04-03T13:00:00+08:00,28875042,0,False,Wh,203
142817,20.0,2025-04-03T13:20:00+08:00,28875791,0,False,Wh,203
142817,20.0,2025-04-03T13:40:00+08:00,28876385,0,False,Wh,203
142817,20.0,2025-04-03T14:00:00+08:00,28877085,0,False,Wh,203
142817,20.0,2025-04-03T14:20:00+08:00,28877615,0,False,Wh,203
142817,20.0,2025-04-03T14:40:00+08:00,28877880,0,False,Wh,203
142817,20.0,2025-04-03T15:00:00+08:00,28878136,0,False,Wh,203
142817,20.0,2025-04-03T15:20:00+08:00,28878399,0,False,Wh,203
142817,20.0,2025-04-03T15:40:00+08:00,28878669,0,False,Wh,203
142817,20.0,2025-04-03T16:00:00+08:00,28878913,0,False,Wh,203
142817,20.0,2025-04-03T16:20:00+08:00,28879179,0,False,Wh,203
142817,20.0,2025-04-03T16:40:00+08:00,28879443,0,False,Wh,203
142817,20.0,2025-04-03T17:00:00+08:00,28879696,0,False,Wh,203
142817,20.0,2025-04-03T17:20:00+08:00,28880009,0,False,Wh,203
142817,20.0,2025-04-03T17:40:00+08:00,28880610,0,False,Wh,203
142817,20.0,2025-04-03T18:00:00+08:00,28880968,0,False,Wh,203
142817,20.0,2025-04-03T18:20:00+08:00,28881785,0,False,Wh,203
142817,20.0,2025-04-03T18:40:00+08:00,28882122,0,False,Wh,203
142817,20.0,2025-04-03T19:00:00+08:00,28882939,0,False,Wh,203
142817,20.0,2025-04-03T19:20:00+08:00,28883617,0,False,Wh,203
142817,20.0,2025-04-03T19:40:00+08:00,28883971,0,False,Wh,203
142817,20.0,2025-04-03T20:00:00+08:00,28884288,0,False,Wh,203
142817,20.0,2025-04-03T20:20:00+08:00,28884601,0,False,Wh,203
142817,20.0,2025-04-03T20:40:00+08:00,28885833,0,False,Wh,203
142817,20.0,2025-04-03T21:00:00+08:00,28887214,0,False,Wh,203
142817,20.0,2025-04-03T21:20:00+08:00,28887479,0,False,Wh,203
142817,20.0,2025-04-03T21:40:00+08:00,28887715,0,False,Wh,203
142817,20.0,2025-04-03T22:00:00+08:00,28887965,0,False,Wh,203
142817,20.0,2025-04-03T22:20:00+08:00,28888212,0,False,Wh,203
142817,20.0,2025-04-03T22:40:00+08:00,28888450,0,False,Wh,203
142817,20.0,2025-04-03T23:00:00+08:00,28888651,0,False,Wh,203
142817,20.0,2025-04-03T23:20:00+08:00,28888813,0,False,Wh,203
142817,20.0,2025-04-03T23:40:00+08:00,28888973,0,False,Wh,203
142817,20.0,2025-04-04T00:00:00+08:00,28889130,0,False,Wh,203
142817,20.0,2025-04-04T00:20:00+08:00,28889284,0,False,Wh,203
142817,20.0,2025-04-04T00:40:00+08:00,28889428,0,False,Wh,203
142817,20.0,2025-04-04T01:00:00+08:00,28889564,0,False,Wh,203
142817,20.0,2025-04-04T01:20:00+08:00,28889708,0,False,Wh,203
142817,20.0,2025-04-04T01:40:00+08:00,28889841,0,False,Wh,203
142817,20.0,2025-04-04T02:00:00+08:00,28889985,0,False,Wh,203
142817,20.0,2025-04-04T02:20:00+08:00,28890156,0,False,Wh,203
142817,20.0,2025-04-04T02:40:00+08:00,28890277,0,False,Wh,203
142817,20.0,2025-04-04T03:00:00+08:00,28890391,0,False,Wh,203
142817,20.0,2025-04-04T03:20:00+08:00,28890520,0,False,Wh,203
142817,20.0,2025-04-04T03:40:00+08:00,28890633,0,False,Wh,203
142817,20.0,2025-04-04T04:00:00+08:00,28890741,0,False,Wh,203
142817,20.0,2025-04-04T04:20:00+08:00,28890859,0,False,Wh,203
142817,20.0,2025-04-04T04:40:00+08:00,28891485,0,False,Wh,203
142817,20.0,2025-04-04T05:00:00+08:00,28891596,0,False,Wh,203
142817,20.0,2025-04-04T05:20:00+08:00,28891762,0,False,Wh,203
142817,20.0,2025-04-04T05:40:00+08:00,28891876,0,False,Wh,203
142817,20.0,2025-04-04T06:00:00+08:00,28891994,0,False,Wh,203
142817,20.0,2025-04-04T06:20:00+08:00,28892104,0,False,Wh,203
142817,20.0,2025-04-04T06:40:00+08:00,28892236,0,False,Wh,203
142817,20.0,2025-04-04T07:00:00+08:00,28892354,0,False,Wh,203
142817,20.0,2025-04-04T07:20:00+08:00,28892465,0,False,Wh,203
142817,20.0,2025-04-04T07:40:00+08:00,28892575,0,False,Wh,203
142817,20.0,2025-04-04T08:00:00+08:00,28892749,0,False,Wh,203
142817,20.0,2025-04-04T08:20:00+08:00,28892923,0,False,Wh,203
142817,20.0,2025-04-04T08:40:00+08:00,28893086,0,False,Wh,203
142817,20.0,2025-04-04T09:00:00+08:00,28893369,0,False,Wh,203
142817,20.0,2025-04-04T09:20:00+08:00,28893518,0,False,Wh,203
142817,20.0,2025-04-04T09:40:00+08:00,28893646,0,False,Wh,203
142817,20.0,2025-04-04T10:00:00+08:00,28893794,0,False,Wh,203
142817,20.0,2025-04-04T10:20:00+08:00,28893946,0,False,Wh,203
142817,20.0,2025-04-04T10:40:00+08:00,28894088,0,False,Wh,203
142817,20.0,2025-04-04T11:00:00+08:00,28894234,0,False,Wh,203
142817,20.0,2025-04-04T11:20:00+08:00,28894379,0,False,Wh,203
142817,20.0,2025-04-04T11:40:00+08:00,28894984,0,False,Wh,203
142817,20.0,2025-04-04T12:00:00+08:00,28895211,0,False,Wh,203
142817,20.0,2025-04-04T12:20:00+08:00,28895401,0,False,Wh,203
142817,20.0,2025-04-04T12:40:00+08:00,28895608,0,False,Wh,203
142817,20.0,2025-04-04T13:00:00+08:00,28895800,0,False,Wh,203
142817,20.0,2025-04-04T13:20:00+08:00,28895936,0,False,Wh,203
142817,20.0,2025-04-04T13:40:00+08:00,28896477,0,False,Wh,203
142817,20.0,2025-04-04T14:00:00+08:00,28896613,0,False,Wh,203
142817,20.0,2025-04-04T14:20:00+08:00,28896785,0,False,Wh,203
142817,20.0,2025-04-04T14:40:00+08:00,28896930,0,False,Wh,203
142817,20.0,2025-04-04T15:00:00+08:00,28897185,0,False,Wh,203
142817,20.0,2025-04-04T15:20:00+08:00,28897536,0,False,Wh,203
142817,20.0,2025-04-04T15:40:00+08:00,28897716,0,False,Wh,203
142817,20.0,2025-04-04T16:00:00+08:00,28897930,0,False,Wh,203
142817,20.0,2025-04-04T16:20:00+08:00,28898455,0,False,Wh,203
142817,20.0,2025-04-04T16:40:00+08:00,28899046,0,False,Wh,203
142817,20.0,2025-04-04T17:00:00+08:00,28899285,0,False,Wh,203
142817,20.0,2025-04-04T17:20:00+08:00,28899506,0,False,Wh,203
142817,20.0,2025-04-04T17:40:00+08:00,28899731,0,False,Wh,203
142817,20.0,2025-04-04T18:00:00+08:00,28899925,0,False,Wh,203
142817,20.0,2025-04-04T18:20:00+08:00,28900247,0,False,Wh,203
142817,20.0,2025-04-04T18:40:00+08:00,28900745,0,False,Wh,203
142817,20.0,2025-04-04T19:00:00+08:00,28901525,0,False,Wh,203
142817,20.0,2025-04-04T19:20:00+08:00,28901871,0,False,Wh,203
142817,20.0,2025-04-04T19:40:00+08:00,28902079,0,False,Wh,203
142817,20.0,2025-04-04T20:00:00+08:00,28902276,0,False,Wh,203
142817,20.0,2025-04-04T20:20:00+08:00,28902479,0,False,Wh,203
142817,20.0,2025-04-04T20:40:00+08:00,28902668,0,False,Wh,203
142817,20.0,2025-04-04T21:00:00+08:00,28903157,0,False,Wh,203
142817,20.0,2025-04-04T21:20:00+08:00,28903996,0,False,Wh,203
142817,20.0,2025-04-04T21:40:00+08:00,28904170,0,False,Wh,203
142817,20.0,2025-04-04T22:00:00+08:00,28904357,0,False,Wh,203
142817,20.0,2025-04-04T22:20:00+08:00,28904545,0,False,Wh,203
142817,20.0,2025-04-04T22:40:00+08:00,28904666,0,False,Wh,203
142817,20.0,2025-04-04T23:00:00+08:00,28904763,0,False,Wh,203
142817,20.0,2025-04-04T23:20:00+08:00,28904856,0,False,Wh,203
142817,20.0,2025-04-04T23:40:00+08:00,28904950,0,False,Wh,203
142817,20.0,2025-04-05T00:00:00+08:00,28905044,0,False,Wh,203
142817,20.0,2025-04-05T00:20:00+08:00,28905195,0,False,Wh,203
142817,20.0,2025-04-05T00:40:00+08:00,28905303,0,False,Wh,203
142817,20.0,2025-04-05T01:00:00+08:00,28905415,0,False,Wh,203
142817,20.0,2025-04-05T01:20:00+08:00,28905506,0,False,Wh,203
142817,20.0,2025-04-05T01:40:00+08:00,28905608,0,False,Wh,203
142817,20.0,2025-04-05T02:00:00+08:00,28905707,0,False,Wh,203
142817,20.0,2025-04-05T02:20:00+08:00,28905807,0,False,Wh,203
142817,20.0,2025-04-05T02:40:00+08:00,28905904,0,False,Wh,203
142817,20.0,2025-04-05T03:00:00+08:00,28905998,0,False,Wh,203
142817,20.0,2025-04-05T03:20:00+08:00,28906083,0,False,Wh,203
142817,20.0,2025-04-05T03:40:00+08:00,28906182,0,False,Wh,203
142817,20.0,2025-04-05T04:00:00+08:00,28906737,0,False,Wh,203
142817,20.0,2025-04-05T04:20:00+08:00,28906836,0,False,Wh,203
142817,20.0,2025-04-05T04:40:00+08:00,28906910,0,False,Wh,203
142817,20.0,2025-04-05T05:00:00+08:00,28907002,0,False,Wh,203
142817,20.0,2025-04-05T05:20:00+08:00,28907093,0,False,Wh,203
142817,20.0,2025-04-05T05:40:00+08:00,28907187,0,False,Wh,203
142817,20.0,2025-04-05T06:00:00+08:00,28907273,0,False,Wh,203
142817,20.0,2025-04-05T06:20:00+08:00,28907372,0,False,Wh,203
142817,20.0,2025-04-05T06:40:00+08:00,28907463,0,False,Wh,203
142817,20.0,2025-04-05T07:00:00+08:00,28907540,0,False,Wh,203
142817,20.0,2025-04-05T07:20:00+08:00,28907638,0,False,Wh,203
142817,20.0,2025-04-05T07:40:00+08:00,28907722,0,False,Wh,203
142817,20.0,2025-04-05T08:00:00+08:00,28907816,0,False,Wh,203
142817,20.0,2025-04-05T08:20:00+08:00,28907942,0,False,Wh,203
142817,20.0,2025-04-05T08:40:00+08:00,28908069,0,False,Wh,203
142817,20.0,2025-04-05T09:00:00+08:00,28908862,0,False,Wh,203
142817,20.0,2025-04-05T09:20:00+08:00,28909078,0,False,Wh,203
142817,20.0,2025-04-05T09:40:00+08:00,28909236,0,False,Wh,203
142817,20.0,2025-04-05T10:00:00+08:00,28909403,0,False,Wh,203
142817,20.0,2025-04-05T10:20:00+08:00,28909552,0,False,Wh,203
142817,20.0,2025-04-05T10:40:00+08:00,28909702,0,False,Wh,203
142817,20.0,2025-04-05T11:00:00+08:00,28909870,0,False,Wh,203
142817,20.0,2025-04-05T11:20:00+08:00,28910069,0,False,Wh,203
142817,20.0,2025-04-05T11:40:00+08:00,28910824,0,False,Wh,203
142817,20.0,2025-04-05T12:00:00+08:00,28911687,0,False,Wh,203
142817,20.0,2025-04-05T12:20:00+08:00,28912495,0,False,Wh,203
142817,20.0,2025-04-05T12:40:00+08:00,28913550,0,False,Wh,203
142817,20.0,2025-04-05T13:00:00+08:00,28914882,0,False,Wh,203
142817,20.0,2025-04-05T13:20:00+08:00,28915098,0,False,Wh,203
142817,20.0,2025-04-05T13:40:00+08:00,28915260,0,False,Wh,203
142817,20.0,2025-04-05T14:00:00+08:00,28915432,0,False,Wh,203
142817,20.0,2025-04-05T14:20:00+08:00,28915593,0,False,Wh,203
142817,20.0,2025-04-05T14:40:00+08:00,28915756,0,False,Wh,203
142817,20.0,2025-04-05T15:00:00+08:00,28915910,0,False,Wh,203
142817,20.0,2025-04-05T15:20:00+08:00,28916082,0,False,Wh,203
142817,20.0,2025-04-05T15:40:00+08:00,28916242,0,False,Wh,203
142817,20.0,2025-04-05T16:00:00+08:00,28916407,0,False,Wh,203
142817,20.0,2025-04-05T16:20:00+08:00,28916603,0,False,Wh,203
142817,20.0,2025-04-05T16:40:00+08:00,28916994,0,False,Wh,203
142817,20.0,2025-04-05T17:00:00+08:00,28917299,0,False,Wh,203
142817,20.0,2025-04-05T17:20:00+08:00,28917552,0,False,Wh,203
142817,20.0,2025-04-05T17:40:00+08:00,28917953,0,False,Wh,203
142817,20.0,2025-04-05T18:00:00+08:00,28918298,0,False,Wh,203
142817,20.0,2025-04-05T18:20:00+08:00,28918646,0,False,Wh,203
142817,20.0,2025-04-05T18:40:00+08:00,28919383,0,False,Wh,203
142817,20.0,2025-04-05T19:00:00+08:00,28920191,0,False,Wh,203
142817,20.0,2025-04-05T19:20:00+08:00,28920950,0,False,Wh,203
142817,20.0,2025-04-05T19:40:00+08:00,28921402,0,False,Wh,203
142817,20.0,2025-04-05T20:00:00+08:00,28921706,0,False,Wh,203
142817,20.0,2025-04-05T20:20:00+08:00,28922478,0,False,Wh,203
142817,20.0,2025-04-05T20:40:00+08:00,28922881,0,False,Wh,203
142817,20.0,2025-04-05T21:00:00+08:00,28922990,0,False,Wh,203
142817,20.0,2025-04-05T21:20:00+08:00,28923112,0,False,Wh,203
142817,20.0,2025-04-05T21:40:00+08:00,28923218,0,False,Wh,203
142817,20.0,2025-04-05T22:00:00+08:00,28923324,0,False,Wh,203
142817,20.0,2025-04-05T22:20:00+08:00,28923436,0,False,Wh,203
142817,20.0,2025-04-05T22:40:00+08:00,28923537,0,False,Wh,203
142817,20.0,2025-04-05T23:00:00+08:00,28923638,0,False,Wh,203
142817,20.0,2025-04-05T23:20:00+08:00,28923750,0,False,Wh,203
142817,20.0,2025-04-05T23:40:00+08:00,28923849,0,False,Wh,203
142817,20.0,2025-04-06T00:00:00+08:00,28923941,0,False,Wh,203
142817,20.0,2025-04-06T00:20:00+08:00,28924038,0,False,Wh,203
142817,20.0,2025-04-06T00:40:00+08:00,28924135,0,False,Wh,203
142817,20.0,2025-04-06T01:00:00+08:00,28924230,0,False,Wh,203
142817,20.0,2025-04-06T01:20:00+08:00,28924340,0,False,Wh,203
142817,20.0,2025-04-06T01:40:00+08:00,28924416,0,False,Wh,203
142817,20.0,2025-04-06T02:00:00+08:00,28924518,0,False,Wh,203
142817,20.0,2025-04-06T02:20:00+08:00,28924614,0,False,Wh,203
142817,20.0,2025-04-06T02:40:00+08:00,28924704,0,False,Wh,203
142817,20.0,2025-04-06T03:00:00+08:00,28924792,0,False,Wh,203
142817,20.0,2025-04-06T03:20:00+08:00,28924889,0,False,Wh,203
142817,20.0,2025-04-06T03:40:00+08:00,28924982,0,False,Wh,203
142817,20.0,2025-04-06T04:00:00+08:00,28925072,0,False,Wh,203
142817,20.0,2025-04-06T04:20:00+08:00,28925165,0,False,Wh,203
142817,20.0,2025-04-06T04:40:00+08:00,28925730,0,False,Wh,203
142817,20.0,2025-04-06T05:00:00+08:00,28925825,0,False,Wh,203
142817,20.0,2025-04-06T05:20:00+08:00,28925924,0,False,Wh,203
142817,20.0,2025-04-06T05:40:00+08:00,28926006,0,False,Wh,203
142817,20.0,2025-04-06T06:00:00+08:00,28926095,0,False,Wh,203
142817,20.0,2025-04-06T06:20:00+08:00,28926179,0,False,Wh,203
142817,20.0,2025-04-06T06:40:00+08:00,28926259,0,False,Wh,203
142817,20.0,2025-04-06T07:00:00+08:00,28926342,0,False,Wh,203
142817,20.0,2025-04-06T07:20:00+08:00,28926433,0,False,Wh,203
142817,20.0,2025-04-06T07:40:00+08:00,28926535,0,False,Wh,203
142817,20.0,2025-04-06T08:00:00+08:00,28926695,0,False,Wh,203
142817,20.0,2025-04-06T08:20:00+08:00,28926882,0,False,Wh,203
142817,20.0,2025-04-06T08:40:00+08:00,28927104,0,False,Wh,203
142817,20.0,2025-04-06T09:00:00+08:00,28928002,0,False,Wh,203
142817,20.0,2025-04-06T09:20:00+08:00,28928279,0,False,Wh,203
142817,20.0,2025-04-06T09:40:00+08:00,28928477,0,False,Wh,203
142817,20.0,2025-04-06T10:00:00+08:00,28929130,0,False,Wh,203
142817,20.0,2025-04-06T10:20:00+08:00,28929303,0,False,Wh,203
142817,20.0,2025-04-06T10:40:00+08:00,28929472,0,False,Wh,203
142817,20.0,2025-04-06T11:00:00+08:00,28929649,0,False,Wh,203
142817,20.0,2025-04-06T11:20:00+08:00,28929816,0,False,Wh,203
142817,20.0,2025-04-06T11:40:00+08:00,28930014,0,False,Wh,203
142817,20.0,2025-04-06T12:00:00+08:00,28930225,0,False,Wh,203
142817,20.0,2025-04-06T12:20:00+08:00,28930439,0,False,Wh,203
142817,20.0,2025-04-06T12:40:00+08:00,28930725,0,False,Wh,203
142817,20.0,2025-04-06T13:00:00+08:00,28930944,0,False,Wh,203
142817,20.0,2025-04-06T13:20:00+08:00,28931400,0,False,Wh,203
142817,20.0,2025-04-06T13:40:00+08:00,28932190,0,False,Wh,203
142817,20.0,2025-04-06T14:00:00+08:00,28933094,0,False,Wh,203
142817,20.0,2025-04-06T14:20:00+08:00,28933273,0,False,Wh,203
142817,20.0,2025-04-06T14:40:00+08:00,28933423,0,False,Wh,203
142817,20.0,2025-04-06T15:00:00+08:00,28933580,0,False,Wh,203
142817,20.0,2025-04-06T15:20:00+08:00,28933758,0,False,Wh,203
142817,20.0,2025-04-06T15:40:00+08:00,28933963,0,False,Wh,203
142817,20.0,2025-04-06T16:00:00+08:00,28934161,0,False,Wh,203
142817,20.0,2025-04-06T16:20:00+08:00,28934382,0,False,Wh,203
142817,20.0,2025-04-06T16:40:00+08:00,28934610,0,False,Wh,203
142817,20.0,2025-04-06T17:00:00+08:00,28934811,0,False,Wh,203
142817,20.0,2025-04-06T17:20:00+08:00,28935030,0,False,Wh,203
142817,20.0,2025-04-06T17:40:00+08:00,28935234,0,False,Wh,203
142817,20.0,2025-04-06T18:00:00+08:00,28935424,0,False,Wh,203
142817,20.0,2025-04-06T18:20:00+08:00,28935624,0,False,Wh,203
142817,20.0,2025-04-06T18:40:00+08:00,28935907,0,False,Wh,203
142817,20.0,2025-04-06T19:00:00+08:00,28937187,0,False,Wh,203
142817,20.0,2025-04-06T19:20:00+08:00,28937828,0,False,Wh,203
142817,20.0,2025-04-06T19:40:00+08:00,28938725,0,False,Wh,203
142817,20.0,2025-04-06T20:00:00+08:00,28938973,0,False,Wh,203
142817,20.0,2025-04-06T20:20:00+08:00,28939161,0,False,Wh,203
142817,20.0,2025-04-06T20:40:00+08:00,28939340,0,False,Wh,203
142817,20.0,2025-04-06T21:00:00+08:00,28939504,0,False,Wh,203
142817,20.0,2025-04-06T21:20:00+08:00,28939654,0,False,Wh,203
142817,20.0,2025-04-06T21:40:00+08:00,28939777,0,False,Wh,203
142817,20.0,2025-04-06T22:00:00+08:00,28939892,0,False,Wh,203
142817,20.0,2025-04-06T22:20:00+08:00,28940025,0,False,Wh,203
142817,20.0,2025-04-06T22:40:00+08:00,28940160,0,False,Wh,203
142817,20.0,2025-04-06T23:00:00+08:00,28940303,0,False,Wh,203
142817,20.0,2025-04-06T23:20:00+08:00,28940451,0,False,Wh,203
142817,20.0,2025-04-06T23:40:00+08:00,28940610,0,False,Wh,203
142817,20.0,2025-04-07T00:00:00+08:00,28940809,0,False,Wh,203
142817,20.0,2025-04-07T00:20:00+08:00,28940989,0,False,Wh,203
142817,20.0,2025-04-07T00:40:00+08:00,28941159,0,False,Wh,203
142817,20.0,2025-04-07T01:00:00+08:00,28941340,0,False,Wh,203
142817,20.0,2025-04-07T01:20:00+08:00,28941505,0,False,Wh,203
142817,20.0,2025-04-07T01:40:00+08:00,28941634,0,False,Wh,203
142817,20.0,2025-04-07T02:00:00+08:00,28941760,0,False,Wh,203
142817,20.0,2025-04-07T02:20:00+08:00,28942188,0,False,Wh,203
142817,20.0,2025-04-07T02:40:00+08:00,28942427,0,False,Wh,203
142817,20.0,2025-04-07T03:00:00+08:00,28942526,0,False,Wh,203
142817,20.0,2025-04-07T03:20:00+08:00,28942610,0,False,Wh,203
142817,20.0,2025-04-07T03:40:00+08:00,28942711,0,False,Wh,203
142817,20.0,2025-04-07T04:00:00+08:00,28942803,0,False,Wh,203
142817,20.0,2025-04-07T04:20:00+08:00,28942889,0,False,Wh,203
142817,20.0,2025-04-07T04:40:00+08:00,28942990,0,False,Wh,203
142817,20.0,2025-04-07T05:00:00+08:00,28943081,0,False,Wh,203
142817,20.0,2025-04-07T05:20:00+08:00,28943164,0,False,Wh,203
142817,20.0,2025-04-07T05:40:00+08:00,28943267,0,False,Wh,203
142817,20.0,2025-04-07T06:00:00+08:00,28943349,0,False,Wh,203
142817,20.0,2025-04-07T06:20:00+08:00,28943434,0,False,Wh,203
142817,20.0,2025-04-07T06:40:00+08:00,28943518,0,False,Wh,203
142817,20.0,2025-04-07T07:00:00+08:00,28943614,0,False,Wh,203
142817,20.0,2025-04-07T07:20:00+08:00,28943704,0,False,Wh,203
142817,20.0,2025-04-07T07:40:00+08:00,28943891,0,False,Wh,203
142817,20.0,2025-04-07T08:00:00+08:00,28944083,0,False,Wh,203
142817,20.0,2025-04-07T08:20:00+08:00,28945088,0,False,Wh,203
142817,20.0,2025-04-07T08:40:00+08:00,28946122,0,False,Wh,203
142817,20.0,2025-04-07T09:00:00+08:00,28946324,0,False,Wh,203
142817,20.0,2025-04-07T09:20:00+08:00,28946489,0,False,Wh,203
142817,20.0,2025-04-07T09:40:00+08:00,28946653,0,False,Wh,203
142817,20.0,2025-04-07T10:00:00+08:00,28946802,0,False,Wh,203
142817,20.0,2025-04-07T10:20:00+08:00,28946972,0,False,Wh,203
142817,20.0,2025-04-07T10:40:00+08:00,28947123,0,False,Wh,203
142817,20.0,2025-04-07T11:00:00+08:00,28947281,0,False,Wh,203
142817,20.0,2025-04-07T11:20:00+08:00,28947430,0,False,Wh,203
142817,20.0,2025-04-07T11:40:00+08:00,28947576,0,False,Wh,203
142817,20.0,2025-04-07T12:00:00+08:00,28947720,0,False,Wh,203
142817,20.0,2025-04-07T12:20:00+08:00,28948279,0,False,Wh,203
142817,20.0,2025-04-07T12:40:00+08:00,28949579,0,False,Wh,203
142817,20.0,2025-04-07T13:00:00+08:00,28950286,0,False,Wh,203
142817,20.0,2025-04-07T13:20:00+08:00,28950557,0,False,Wh,203
142817,20.0,2025-04-07T13:40:00+08:00,28950768,0,False,Wh,203
142817,20.0,2025-04-07T14:00:00+08:00,28950965,0,False,Wh,203
142817,20.0,2025-04-07T14:20:00+08:00,28951200,0,False,Wh,203
142817,20.0,2025-04-07T14:40:00+08:00,28951427,0,False,Wh,203
142817,20.0,2025-04-07T15:00:00+08:00,28951646,0,False,Wh,203
142817,20.0,2025-04-07T15:20:00+08:00,28951844,0,False,Wh,203
142817,20.0,2025-04-07T15:40:00+08:00,28952040,0,False,Wh,203
142817,20.0,2025-04-07T16:00:00+08:00,28952261,0,False,Wh,203
142817,20.0,2025-04-07T16:20:00+08:00,28952457,0,False,Wh,203
142817,20.0,2025-04-07T16:40:00+08:00,28952678,0,False,Wh,203
142817,20.0,2025-04-07T17:00:00+08:00,28952917,0,False,Wh,203
142817,20.0,2025-04-07T17:20:00+08:00,28953162,0,False,Wh,203
142817,20.0,2025-04-07T17:40:00+08:00,28953413,0,False,Wh,203
142817,20.0,2025-04-07T18:00:00+08:00,28953901,0,False,Wh,203
142817,20.0,2025-04-07T18:20:00+08:00,28954683,0,False,Wh,203
142817,20.0,2025-04-07T18:40:00+08:00,28955072,0,False,Wh,203
142817,20.0,2025-04-07T19:00:00+08:00,28956137,0,False,Wh,203
142817,20.0,2025-04-07T19:20:00+08:00,28956838,0,False,Wh,203
142817,20.0,2025-04-07T19:40:00+08:00,28957444,0,False,Wh,203
142817,20.0,2025-04-07T20:00:00+08:00,28958827,0,False,Wh,203
142817,20.0,2025-04-07T20:20:00+08:00,28959370,0,False,Wh,203
142817,20.0,2025-04-07T20:40:00+08:00,28959565,0,False,Wh,203
142817,20.0,2025-04-07T21:00:00+08:00,28959705,0,False,Wh,203
142817,20.0,2025-04-07T21:20:00+08:00,28959820,0,False,Wh,203
142817,20.0,2025-04-07T21:40:00+08:00,28959924,0,False,Wh,203
142817,20.0,2025-04-07T22:00:00+08:00,28960034,0,False,Wh,203
142817,20.0,2025-04-07T22:20:00+08:00,28960142,0,False,Wh,203
142817,20.0,2025-04-07T22:40:00+08:00,28960247,0,False,Wh,203
142817,20.0,2025-04-07T23:00:00+08:00,28960341,0,False,Wh,203
142817,20.0,2025-04-07T23:20:00+08:00,28960451,0,False,Wh,203
142817,20.0,2025-04-07T23:40:00+08:00,28960553,0,False,Wh,203
142817,20.0,2025-04-08T00:00:00+08:00,28960656,0,False,Wh,203
142818,20.0,2025-04-01T00:20:00+08:00,26058117,0,False,Wh,301
142818,20.0,2025-04-01T00:40:00+08:00,26058343,0,False,Wh,301
142818,20.0,2025-04-01T01:00:00+08:00,26058443,0,False,Wh,301
142818,20.0,2025-04-01T01:20:00+08:00,26058556,0,False,Wh,301
142818,20.0,2025-04-01T01:40:00+08:00,26058633,0,False,Wh,301
142818,20.0,2025-04-01T02:00:00+08:00,26058708,0,False,Wh,301
142818,20.0,2025-04-01T02:20:00+08:00,26058791,0,False,Wh,301
142818,20.0,2025-04-01T02:40:00+08:00,26058863,0,False,Wh,301
142818,20.0,2025-04-01T03:00:00+08:00,26058895,0,False,Wh,301
142818,20.0,2025-04-01T03:20:00+08:00,26058965,0,False,Wh,301
142818,20.0,2025-04-01T03:40:00+08:00,26059021,0,False,Wh,301
142818,20.0,2025-04-01T04:00:00+08:00,26059083,0,False,Wh,301
142818,20.0,2025-04-01T04:20:00+08:00,26059135,0,False,Wh,301
142818,20.0,2025-04-01T04:40:00+08:00,26059182,0,False,Wh,301
142818,20.0,2025-04-01T05:00:00+08:00,26059229,0,False,Wh,301
142818,20.0,2025-04-01T05:20:00+08:00,26059291,0,False,Wh,301
142818,20.0,2025-04-01T05:40:00+08:00,26059340,0,False,Wh,301
142818,20.0,2025-04-01T06:00:00+08:00,26059381,0,False,Wh,301
142818,20.0,2025-04-01T06:20:00+08:00,26059426,0,False,Wh,301
142818,20.0,2025-04-01T06:40:00+08:00,26059471,0,False,Wh,301
142818,20.0,2025-04-01T07:00:00+08:00,26059512,0,False,Wh,301
142818,20.0,2025-04-01T07:20:00+08:00,26059545,0,False,Wh,301
142818,20.0,2025-04-01T07:40:00+08:00,26059599,0,False,Wh,301
142818,20.0,2025-04-01T08:00:00+08:00,26059658,0,False,Wh,301
142818,20.0,2025-04-01T08:20:00+08:00,26059703,0,False,Wh,301
142818,20.0,2025-04-01T08:40:00+08:00,26059751,0,False,Wh,301
142818,20.0,2025-04-01T09:00:00+08:00,26059830,0,False,Wh,301
142818,20.0,2025-04-01T09:20:00+08:00,26060012,0,False,Wh,301
142818,20.0,2025-04-01T09:40:00+08:00,26060562,0,False,Wh,301
142818,20.0,2025-04-01T10:00:00+08:00,26060839,0,False,Wh,301
142818,20.0,2025-04-01T10:20:00+08:00,26061105,0,False,Wh,301
142818,20.0,2025-04-01T10:40:00+08:00,26061368,0,False,Wh,301
142818,20.0,2025-04-01T11:00:00+08:00,26061662,0,False,Wh,301
142818,20.0,2025-04-01T11:20:00+08:00,26061954,0,False,Wh,301
142818,20.0,2025-04-01T11:40:00+08:00,26062239,0,False,Wh,301
142818,20.0,2025-04-01T12:00:00+08:00,26063614,0,False,Wh,301
142818,20.0,2025-04-01T12:20:00+08:00,26064235,0,False,Wh,301
142818,20.0,2025-04-01T12:40:00+08:00,26064855,0,False,Wh,301
142818,20.0,2025-04-01T13:00:00+08:00,26065401,0,False,Wh,301
142818,20.0,2025-04-01T13:20:00+08:00,26065900,0,False,Wh,301
142818,20.0,2025-04-01T13:40:00+08:00,26066262,0,False,Wh,301
142818,20.0,2025-04-01T14:00:00+08:00,26066639,0,False,Wh,301
142818,20.0,2025-04-01T14:20:00+08:00,26067047,0,False,Wh,301
142818,20.0,2025-04-01T14:40:00+08:00,26068234,0,False,Wh,301
142818,20.0,2025-04-01T15:00:00+08:00,26069145,0,False,Wh,301
142818,20.0,2025-04-01T15:20:00+08:00,26069644,0,False,Wh,301
142818,20.0,2025-04-01T15:40:00+08:00,26070138,0,False,Wh,301
142818,20.0,2025-04-01T16:00:00+08:00,26070634,0,False,Wh,301
142818,20.0,2025-04-01T16:20:00+08:00,26071133,0,False,Wh,301
142818,20.0,2025-04-01T16:40:00+08:00,26071625,0,False,Wh,301
142818,20.0,2025-04-01T17:00:00+08:00,26072115,0,False,Wh,301
142818,20.0,2025-04-01T17:20:00+08:00,26072613,0,False,Wh,301
142818,20.0,2025-04-01T17:40:00+08:00,26073108,0,False,Wh,301
142818,20.0,2025-04-01T18:00:00+08:00,26073689,0,False,Wh,301
142818,20.0,2025-04-01T18:20:00+08:00,26074238,0,False,Wh,301
142818,20.0,2025-04-01T18:40:00+08:00,26074763,0,False,Wh,301
142818,20.0,2025-04-01T19:00:00+08:00,26075220,0,False,Wh,301
142818,20.0,2025-04-01T19:20:00+08:00,26076182,0,False,Wh,301
142818,20.0,2025-04-01T19:40:00+08:00,26076687,0,False,Wh,301
142818,20.0,2025-04-01T20:00:00+08:00,26077202,0,False,Wh,301
142818,20.0,2025-04-01T20:20:00+08:00,26077667,0,False,Wh,301
142818,20.0,2025-04-01T20:40:00+08:00,26078112,0,False,Wh,301
142818,20.0,2025-04-01T21:00:00+08:00,26078543,0,False,Wh,301
142818,20.0,2025-04-01T21:20:00+08:00,26078959,0,False,Wh,301
142818,20.0,2025-04-01T21:40:00+08:00,26079249,0,False,Wh,301
142818,20.0,2025-04-01T22:00:00+08:00,26079532,0,False,Wh,301
142818,20.0,2025-04-01T22:20:00+08:00,26079825,0,False,Wh,301
142818,20.0,2025-04-01T22:40:00+08:00,26080095,0,False,Wh,301
142818,20.0,2025-04-01T23:00:00+08:00,26080377,0,False,Wh,301
142818,20.0,2025-04-01T23:20:00+08:00,26080652,0,False,Wh,301
142818,20.0,2025-04-01T23:40:00+08:00,26080826,0,False,Wh,301
142818,20.0,2025-04-02T00:00:00+08:00,26080921,0,False,Wh,301
142818,20.0,2025-04-02T00:20:00+08:00,26081026,0,False,Wh,301
142818,20.0,2025-04-02T00:40:00+08:00,26081123,0,False,Wh,301
142818,20.0,2025-04-02T01:00:00+08:00,26081217,0,False,Wh,301
142818,20.0,2025-04-02T01:20:00+08:00,26081289,0,False,Wh,301
142818,20.0,2025-04-02T01:40:00+08:00,26081377,0,False,Wh,301
142818,20.0,2025-04-02T02:00:00+08:00,26081462,0,False,Wh,301
142818,20.0,2025-04-02T02:20:00+08:00,26081533,0,False,Wh,301
142818,20.0,2025-04-02T02:40:00+08:00,26081593,0,False,Wh,301
142818,20.0,2025-04-02T03:00:00+08:00,26081652,0,False,Wh,301
142818,20.0,2025-04-02T03:20:00+08:00,26081715,0,False,Wh,301
142818,20.0,2025-04-02T03:40:00+08:00,26081778,0,False,Wh,301
142818,20.0,2025-04-02T04:00:00+08:00,26081817,0,False,Wh,301
142818,20.0,2025-04-02T04:20:00+08:00,26081853,0,False,Wh,301
142818,20.0,2025-04-02T04:40:00+08:00,26081918,0,False,Wh,301
142818,20.0,2025-04-02T05:00:00+08:00,26081966,0,False,Wh,301
142818,20.0,2025-04-02T05:20:00+08:00,26082012,0,False,Wh,301
142818,20.0,2025-04-02T05:40:00+08:00,26082043,0,False,Wh,301
142818,20.0,2025-04-02T06:00:00+08:00,26082089,0,False,Wh,301
142818,20.0,2025-04-02T06:20:00+08:00,26082146,0,False,Wh,301
142818,20.0,2025-04-02T06:40:00+08:00,26082189,0,False,Wh,301
142818,20.0,2025-04-02T07:00:00+08:00,26082234,0,False,Wh,301
142818,20.0,2025-04-02T07:20:00+08:00,26082278,0,False,Wh,301
142818,20.0,2025-04-02T07:40:00+08:00,26082496,0,False,Wh,301
142818,20.0,2025-04-02T08:00:00+08:00,26082827,0,False,Wh,301
142818,20.0,2025-04-02T08:20:00+08:00,26082871,0,False,Wh,301
142818,20.0,2025-04-02T08:40:00+08:00,26082905,0,False,Wh,301
142818,20.0,2025-04-02T09:00:00+08:00,26082971,0,False,Wh,301
142818,20.0,2025-04-02T09:20:00+08:00,26083018,0,False,Wh,301
142818,20.0,2025-04-02T09:40:00+08:00,26083152,0,False,Wh,301
142818,20.0,2025-04-02T10:00:00+08:00,26083385,0,False,Wh,301
142818,20.0,2025-04-02T10:20:00+08:00,26083596,0,False,Wh,301
142818,20.0,2025-04-02T10:40:00+08:00,26083824,0,False,Wh,301
142818,20.0,2025-04-02T11:00:00+08:00,26084066,0,False,Wh,301
142818,20.0,2025-04-02T11:20:00+08:00,26084880,0,False,Wh,301
142818,20.0,2025-04-02T11:40:00+08:00,26085139,0,False,Wh,301
142818,20.0,2025-04-02T12:00:00+08:00,26085361,0,False,Wh,301
142818,20.0,2025-04-02T12:20:00+08:00,26085603,0,False,Wh,301
142818,20.0,2025-04-02T12:40:00+08:00,26085854,0,False,Wh,301
142818,20.0,2025-04-02T13:00:00+08:00,26086513,0,False,Wh,301
142818,20.0,2025-04-02T13:20:00+08:00,26086883,0,False,Wh,301
142818,20.0,2025-04-02T13:40:00+08:00,26087258,0,False,Wh,301
142818,20.0,2025-04-02T14:00:00+08:00,26087618,0,False,Wh,301
142818,20.0,2025-04-02T14:20:00+08:00,26088633,0,False,Wh,301
142818,20.0,2025-04-02T14:40:00+08:00,26089311,0,False,Wh,301
142818,20.0,2025-04-02T15:00:00+08:00,26089670,0,False,Wh,301
142818,20.0,2025-04-02T15:20:00+08:00,26090157,0,False,Wh,301
142818,20.0,2025-04-02T15:40:00+08:00,26090673,0,False,Wh,301
142818,20.0,2025-04-02T16:00:00+08:00,26091181,0,False,Wh,301
142818,20.0,2025-04-02T16:20:00+08:00,26091720,0,False,Wh,301
142818,20.0,2025-04-02T16:40:00+08:00,26092255,0,False,Wh,301
142818,20.0,2025-04-02T17:00:00+08:00,26092791,0,False,Wh,301
142818,20.0,2025-04-02T17:20:00+08:00,26093323,0,False,Wh,301
142818,20.0,2025-04-02T17:40:00+08:00,26094461,0,False,Wh,301
142818,20.0,2025-04-02T18:00:00+08:00,26095557,0,False,Wh,301
142818,20.0,2025-04-02T18:20:00+08:00,26096689,0,False,Wh,301
142818,20.0,2025-04-02T18:40:00+08:00,26098284,0,False,Wh,301
142818,20.0,2025-04-02T19:00:00+08:00,26099149,0,False,Wh,301
142818,20.0,2025-04-02T19:20:00+08:00,26099560,0,False,Wh,301
142818,20.0,2025-04-02T19:40:00+08:00,26100381,0,False,Wh,301
142818,20.0,2025-04-02T20:00:00+08:00,26101899,0,False,Wh,301
142818,20.0,2025-04-02T20:20:00+08:00,26102560,0,False,Wh,301
142818,20.0,2025-04-02T20:40:00+08:00,26102868,0,False,Wh,301
142818,20.0,2025-04-02T21:00:00+08:00,26103097,0,False,Wh,301
142818,20.0,2025-04-02T21:20:00+08:00,26103208,0,False,Wh,301
142818,20.0,2025-04-02T21:40:00+08:00,26103365,0,False,Wh,301
142818,20.0,2025-04-02T22:00:00+08:00,26103498,0,False,Wh,301
142818,20.0,2025-04-02T22:20:00+08:00,26103629,0,False,Wh,301
142818,20.0,2025-04-02T22:40:00+08:00,26103751,0,False,Wh,301
142818,20.0,2025-04-02T23:00:00+08:00,26103872,0,False,Wh,301
142818,20.0,2025-04-02T23:20:00+08:00,26104396,0,False,Wh,301
142818,20.0,2025-04-02T23:40:00+08:00,26104501,0,False,Wh,301
142818,20.0,2025-04-03T00:00:00+08:00,26104574,0,False,Wh,301
142818,20.0,2025-04-03T00:20:00+08:00,26104655,0,False,Wh,301
142818,20.0,2025-04-03T00:40:00+08:00,26104723,0,False,Wh,301
142818,20.0,2025-04-03T01:00:00+08:00,26104786,0,False,Wh,301
142818,20.0,2025-04-03T01:20:00+08:00,26104844,0,False,Wh,301
142818,20.0,2025-04-03T01:40:00+08:00,26104907,0,False,Wh,301
142818,20.0,2025-04-03T02:00:00+08:00,26104960,0,False,Wh,301
142818,20.0,2025-04-03T02:20:00+08:00,26105017,0,False,Wh,301
142818,20.0,2025-04-03T02:40:00+08:00,26105074,0,False,Wh,301
142818,20.0,2025-04-03T03:00:00+08:00,26105118,0,False,Wh,301
142818,20.0,2025-04-03T03:20:00+08:00,26105175,0,False,Wh,301
142818,20.0,2025-04-03T03:40:00+08:00,26105231,0,False,Wh,301
142818,20.0,2025-04-03T04:00:00+08:00,26105279,0,False,Wh,301
142818,20.0,2025-04-03T04:20:00+08:00,26105337,0,False,Wh,301
142818,20.0,2025-04-03T04:40:00+08:00,26105390,0,False,Wh,301
142818,20.0,2025-04-03T05:00:00+08:00,26105438,0,False,Wh,301
142818,20.0,2025-04-03T05:20:00+08:00,26105495,0,False,Wh,301
142818,20.0,2025-04-03T05:40:00+08:00,26105547,0,False,Wh,301
142818,20.0,2025-04-03T06:00:00+08:00,26105600,0,False,Wh,301
142818,20.0,2025-04-03T06:20:00+08:00,26105657,0,False,Wh,301
142818,20.0,2025-04-03T06:40:00+08:00,26105705,0,False,Wh,301
142818,20.0,2025-04-03T07:00:00+08:00,26105760,0,False,Wh,301
142818,20.0,2025-04-03T07:20:00+08:00,26105816,0,False,Wh,301
142818,20.0,2025-04-03T07:40:00+08:00,26105863,0,False,Wh,301
142818,20.0,2025-04-03T08:00:00+08:00,26105919,0,False,Wh,301
142818,20.0,2025-04-03T08:20:00+08:00,26105975,0,False,Wh,301
142818,20.0,2025-04-03T08:40:00+08:00,26106020,0,False,Wh,301
142818,20.0,2025-04-03T09:00:00+08:00,26106078,0,False,Wh,301
142818,20.0,2025-04-03T09:20:00+08:00,26106134,0,False,Wh,301
142818,20.0,2025-04-03T09:40:00+08:00,26106180,0,False,Wh,301
142818,20.0,2025-04-03T10:00:00+08:00,26106251,0,False,Wh,301
142818,20.0,2025-04-03T10:20:00+08:00,26106339,0,False,Wh,301
142818,20.0,2025-04-03T10:40:00+08:00,26106545,0,False,Wh,301
142818,20.0,2025-04-03T11:00:00+08:00,26107017,0,False,Wh,301
142818,20.0,2025-04-03T11:20:00+08:00,26107119,0,False,Wh,301
142818,20.0,2025-04-03T11:40:00+08:00,26107230,0,False,Wh,301
142818,20.0,2025-04-03T12:00:00+08:00,26107346,0,False,Wh,301
142818,20.0,2025-04-03T12:20:00+08:00,26108161,0,False,Wh,301
142818,20.0,2025-04-03T12:40:00+08:00,26108566,0,False,Wh,301
142818,20.0,2025-04-03T13:00:00+08:00,26108840,0,False,Wh,301
142818,20.0,2025-04-03T13:20:00+08:00,26109117,0,False,Wh,301
142818,20.0,2025-04-03T13:40:00+08:00,26109385,0,False,Wh,301
142818,20.0,2025-04-03T14:00:00+08:00,26109663,0,False,Wh,301
142818,20.0,2025-04-03T14:20:00+08:00,26109962,0,False,Wh,301
142818,20.0,2025-04-03T14:40:00+08:00,26110285,0,False,Wh,301
142818,20.0,2025-04-03T15:00:00+08:00,26110596,0,False,Wh,301
142818,20.0,2025-04-03T15:20:00+08:00,26111268,0,False,Wh,301
142818,20.0,2025-04-03T15:40:00+08:00,26111583,0,False,Wh,301
142818,20.0,2025-04-03T16:00:00+08:00,26112332,0,False,Wh,301
142818,20.0,2025-04-03T16:20:00+08:00,26112696,0,False,Wh,301
142818,20.0,2025-04-03T16:40:00+08:00,26113315,0,False,Wh,301
142818,20.0,2025-04-03T17:00:00+08:00,26113642,0,False,Wh,301
142818,20.0,2025-04-03T17:20:00+08:00,26114396,0,False,Wh,301
142818,20.0,2025-04-03T17:40:00+08:00,26115521,0,False,Wh,301
142818,20.0,2025-04-03T18:00:00+08:00,26115925,0,False,Wh,301
142818,20.0,2025-04-03T18:20:00+08:00,26117514,0,False,Wh,301
142818,20.0,2025-04-03T18:40:00+08:00,26119114,0,False,Wh,301
142818,20.0,2025-04-03T19:00:00+08:00,26119976,0,False,Wh,301
142818,20.0,2025-04-03T19:20:00+08:00,26120748,0,False,Wh,301
142818,20.0,2025-04-03T19:40:00+08:00,26121256,0,False,Wh,301
142818,20.0,2025-04-03T20:00:00+08:00,26121758,0,False,Wh,301
142818,20.0,2025-04-03T20:20:00+08:00,26122757,0,False,Wh,301
142818,20.0,2025-04-03T20:40:00+08:00,26123262,0,False,Wh,301
142818,20.0,2025-04-03T21:00:00+08:00,26123734,0,False,Wh,301
142818,20.0,2025-04-03T21:20:00+08:00,26124206,0,False,Wh,301
142818,20.0,2025-04-03T21:40:00+08:00,26124646,0,False,Wh,301
142818,20.0,2025-04-03T22:00:00+08:00,26125073,0,False,Wh,301
142818,20.0,2025-04-03T22:20:00+08:00,26125488,0,False,Wh,301
142818,20.0,2025-04-03T22:40:00+08:00,26125853,0,False,Wh,301
142818,20.0,2025-04-03T23:00:00+08:00,26125971,0,False,Wh,301
142818,20.0,2025-04-03T23:20:00+08:00,26126074,0,False,Wh,301
142818,20.0,2025-04-03T23:40:00+08:00,26126185,0,False,Wh,301
142818,20.0,2025-04-04T00:00:00+08:00,26126294,0,False,Wh,301
142818,20.0,2025-04-04T00:20:00+08:00,26126399,0,False,Wh,301
142818,20.0,2025-04-04T00:40:00+08:00,26126507,0,False,Wh,301
142818,20.0,2025-04-04T01:00:00+08:00,26126621,0,False,Wh,301
142818,20.0,2025-04-04T01:20:00+08:00,26126714,0,False,Wh,301
142818,20.0,2025-04-04T01:40:00+08:00,26126809,0,False,Wh,301
142818,20.0,2025-04-04T02:00:00+08:00,26127307,0,False,Wh,301
142818,20.0,2025-04-04T02:20:00+08:00,26127384,0,False,Wh,301
142818,20.0,2025-04-04T02:40:00+08:00,26127471,0,False,Wh,301
142818,20.0,2025-04-04T03:00:00+08:00,26127558,0,False,Wh,301
142818,20.0,2025-04-04T03:20:00+08:00,26127624,0,False,Wh,301
142818,20.0,2025-04-04T03:40:00+08:00,26127702,0,False,Wh,301
142818,20.0,2025-04-04T04:00:00+08:00,26127773,0,False,Wh,301
142818,20.0,2025-04-04T04:20:00+08:00,26127827,0,False,Wh,301
142818,20.0,2025-04-04T04:40:00+08:00,26127898,0,False,Wh,301
142818,20.0,2025-04-04T05:00:00+08:00,26127952,0,False,Wh,301
142818,20.0,2025-04-04T05:20:00+08:00,26128002,0,False,Wh,301
142818,20.0,2025-04-04T05:40:00+08:00,26128060,0,False,Wh,301
142818,20.0,2025-04-04T06:00:00+08:00,26128126,0,False,Wh,301
142818,20.0,2025-04-04T06:20:00+08:00,26128176,0,False,Wh,301
142818,20.0,2025-04-04T06:40:00+08:00,26128235,0,False,Wh,301
142818,20.0,2025-04-04T07:00:00+08:00,26128287,0,False,Wh,301
142818,20.0,2025-04-04T07:20:00+08:00,26128339,0,False,Wh,301
142818,20.0,2025-04-04T07:40:00+08:00,26128455,0,False,Wh,301
142818,20.0,2025-04-04T08:00:00+08:00,26128844,0,False,Wh,301
142818,20.0,2025-04-04T08:20:00+08:00,26129199,0,False,Wh,301
142818,20.0,2025-04-04T08:40:00+08:00,26129807,0,False,Wh,301
142818,20.0,2025-04-04T09:00:00+08:00,26130310,0,False,Wh,301
142818,20.0,2025-04-04T09:20:00+08:00,26130734,0,False,Wh,301
142818,20.0,2025-04-04T09:40:00+08:00,26131388,0,False,Wh,301
142818,20.0,2025-04-04T10:00:00+08:00,26133695,0,False,Wh,301
142818,20.0,2025-04-04T10:20:00+08:00,26135959,0,False,Wh,301
142818,20.0,2025-04-04T10:40:00+08:00,26137487,0,False,Wh,301
142818,20.0,2025-04-04T11:00:00+08:00,26137976,0,False,Wh,301
142818,20.0,2025-04-04T11:20:00+08:00,26138487,0,False,Wh,301
142818,20.0,2025-04-04T11:40:00+08:00,26140499,0,False,Wh,301
142818,20.0,2025-04-04T12:00:00+08:00,26140995,0,False,Wh,301
142818,20.0,2025-04-04T12:20:00+08:00,26141322,0,False,Wh,301
142818,20.0,2025-04-04T12:40:00+08:00,26141529,0,False,Wh,301
142818,20.0,2025-04-04T13:00:00+08:00,26142062,0,False,Wh,301
142818,20.0,2025-04-04T13:20:00+08:00,26142954,0,False,Wh,301
142818,20.0,2025-04-04T13:40:00+08:00,26143495,0,False,Wh,301
142818,20.0,2025-04-04T14:00:00+08:00,26144673,0,False,Wh,301
142818,20.0,2025-04-04T14:20:00+08:00,26144874,0,False,Wh,301
142818,20.0,2025-04-04T14:40:00+08:00,26145077,0,False,Wh,301
142818,20.0,2025-04-04T15:00:00+08:00,26145267,0,False,Wh,301
142818,20.0,2025-04-04T15:20:00+08:00,26145790,0,False,Wh,301
142818,20.0,2025-04-04T15:40:00+08:00,26146222,0,False,Wh,301
142818,20.0,2025-04-04T16:00:00+08:00,26146638,0,False,Wh,301
142818,20.0,2025-04-04T16:20:00+08:00,26147044,0,False,Wh,301
142818,20.0,2025-04-04T16:40:00+08:00,26147466,0,False,Wh,301
142818,20.0,2025-04-04T17:00:00+08:00,26148302,0,False,Wh,301
142818,20.0,2025-04-04T17:20:00+08:00,26148599,0,False,Wh,301
142818,20.0,2025-04-04T17:40:00+08:00,26148935,0,False,Wh,301
142818,20.0,2025-04-04T18:00:00+08:00,26149222,0,False,Wh,301
142818,20.0,2025-04-04T18:20:00+08:00,26149605,0,False,Wh,301
142818,20.0,2025-04-04T18:40:00+08:00,26150039,0,False,Wh,301
142818,20.0,2025-04-04T19:00:00+08:00,26150286,0,False,Wh,301
142818,20.0,2025-04-04T19:20:00+08:00,26150492,0,False,Wh,301
142818,20.0,2025-04-04T19:40:00+08:00,26150974,0,False,Wh,301
142818,20.0,2025-04-04T20:00:00+08:00,26151226,0,False,Wh,301
142818,20.0,2025-04-04T20:20:00+08:00,26151482,0,False,Wh,301
142818,20.0,2025-04-04T20:40:00+08:00,26151725,0,False,Wh,301
142818,20.0,2025-04-04T21:00:00+08:00,26151975,0,False,Wh,301
142818,20.0,2025-04-04T21:20:00+08:00,26152095,0,False,Wh,301
142818,20.0,2025-04-04T21:40:00+08:00,26152140,0,False,Wh,301
142818,20.0,2025-04-04T22:00:00+08:00,26152477,0,False,Wh,301
142818,20.0,2025-04-04T22:20:00+08:00,26152521,0,False,Wh,301
142818,20.0,2025-04-04T22:40:00+08:00,26152552,0,False,Wh,301
142818,20.0,2025-04-04T23:00:00+08:00,26152596,0,False,Wh,301
142818,20.0,2025-04-04T23:20:00+08:00,26152640,0,False,Wh,301
142818,20.0,2025-04-04T23:40:00+08:00,26152674,0,False,Wh,301
142818,20.0,2025-04-05T00:00:00+08:00,26152718,0,False,Wh,301
142818,20.0,2025-04-05T00:20:00+08:00,26152762,0,False,Wh,301
142818,20.0,2025-04-05T00:40:00+08:00,26152796,0,False,Wh,301
142818,20.0,2025-04-05T01:00:00+08:00,26152839,0,False,Wh,301
142818,20.0,2025-04-05T01:20:00+08:00,26152883,0,False,Wh,301
142818,20.0,2025-04-05T01:40:00+08:00,26152916,0,False,Wh,301
142818,20.0,2025-04-05T02:00:00+08:00,26152959,0,False,Wh,301
142818,20.0,2025-04-05T02:20:00+08:00,26153003,0,False,Wh,301
142818,20.0,2025-04-05T02:40:00+08:00,26153035,0,False,Wh,301
142818,20.0,2025-04-05T03:00:00+08:00,26153079,0,False,Wh,301
142818,20.0,2025-04-05T03:20:00+08:00,26153123,0,False,Wh,301
142818,20.0,2025-04-05T03:40:00+08:00,26153154,0,False,Wh,301
142818,20.0,2025-04-05T04:00:00+08:00,26153199,0,False,Wh,301
142818,20.0,2025-04-05T04:20:00+08:00,26153242,0,False,Wh,301
142818,20.0,2025-04-05T04:40:00+08:00,26153275,0,False,Wh,301
142818,20.0,2025-04-05T05:00:00+08:00,26153319,0,False,Wh,301
142818,20.0,2025-04-05T05:20:00+08:00,26153358,0,False,Wh,301
142818,20.0,2025-04-05T05:40:00+08:00,26153395,0,False,Wh,301
142818,20.0,2025-04-05T06:00:00+08:00,26153439,0,False,Wh,301
142818,20.0,2025-04-05T06:20:00+08:00,26153474,0,False,Wh,301
142818,20.0,2025-04-05T06:40:00+08:00,26153515,0,False,Wh,301
142818,20.0,2025-04-05T07:00:00+08:00,26153558,0,False,Wh,301
142818,20.0,2025-04-05T07:20:00+08:00,26153589,0,False,Wh,301
142818,20.0,2025-04-05T07:40:00+08:00,26153634,0,False,Wh,301
142818,20.0,2025-04-05T08:00:00+08:00,26154067,0,False,Wh,301
142818,20.0,2025-04-05T08:20:00+08:00,26154102,0,False,Wh,301
142818,20.0,2025-04-05T08:40:00+08:00,26154146,0,False,Wh,301
142818,20.0,2025-04-05T09:00:00+08:00,26154180,0,False,Wh,301
142818,20.0,2025-04-05T09:20:00+08:00,26154228,0,False,Wh,301
142818,20.0,2025-04-05T09:40:00+08:00,26154292,0,False,Wh,301
142818,20.0,2025-04-05T10:00:00+08:00,26154341,0,False,Wh,301
142818,20.0,2025-04-05T10:20:00+08:00,26154386,0,False,Wh,301
142818,20.0,2025-04-05T10:40:00+08:00,26154422,0,False,Wh,301
142818,20.0,2025-04-05T11:00:00+08:00,26154462,0,False,Wh,301
142818,20.0,2025-04-05T11:20:00+08:00,26154505,0,False,Wh,301
142818,20.0,2025-04-05T11:40:00+08:00,26154537,0,False,Wh,301
142818,20.0,2025-04-05T12:00:00+08:00,26154581,0,False,Wh,301
142818,20.0,2025-04-05T12:20:00+08:00,26154645,0,False,Wh,301
142818,20.0,2025-04-05T12:40:00+08:00,26154717,0,False,Wh,301
142818,20.0,2025-04-05T13:00:00+08:00,26154797,0,False,Wh,301
142818,20.0,2025-04-05T13:20:00+08:00,26154851,0,False,Wh,301
142818,20.0,2025-04-05T13:40:00+08:00,26154912,0,False,Wh,301
142818,20.0,2025-04-05T14:00:00+08:00,26154997,0,False,Wh,301
142818,20.0,2025-04-05T14:20:00+08:00,26155062,0,False,Wh,301
142818,20.0,2025-04-05T14:40:00+08:00,26155140,0,False,Wh,301
142818,20.0,2025-04-05T15:00:00+08:00,26155229,0,False,Wh,301
142818,20.0,2025-04-05T15:20:00+08:00,26155317,0,False,Wh,301
142818,20.0,2025-04-05T15:40:00+08:00,26155447,0,False,Wh,301
142818,20.0,2025-04-05T16:00:00+08:00,26155618,0,False,Wh,301
142818,20.0,2025-04-05T16:20:00+08:00,26156968,0,False,Wh,301
142818,20.0,2025-04-05T16:40:00+08:00,26158448,0,False,Wh,301
142818,20.0,2025-04-05T17:00:00+08:00,26158891,0,False,Wh,301
142818,20.0,2025-04-05T17:20:00+08:00,26159499,0,False,Wh,301
142818,20.0,2025-04-05T17:40:00+08:00,26160679,0,False,Wh,301
142818,20.0,2025-04-05T18:00:00+08:00,26161763,0,False,Wh,301
142818,20.0,2025-04-05T18:20:00+08:00,26162543,0,False,Wh,301
142818,20.0,2025-04-05T18:40:00+08:00,26163326,0,False,Wh,301
142818,20.0,2025-04-05T19:00:00+08:00,26164138,0,False,Wh,301
142818,20.0,2025-04-05T19:20:00+08:00,26164949,0,False,Wh,301
142818,20.0,2025-04-05T19:40:00+08:00,26165717,0,False,Wh,301
142818,20.0,2025-04-05T20:00:00+08:00,26166593,0,False,Wh,301
142818,20.0,2025-04-05T20:20:00+08:00,26167357,0,False,Wh,301
142818,20.0,2025-04-05T20:40:00+08:00,26167891,0,False,Wh,301
142818,20.0,2025-04-05T21:00:00+08:00,26168091,0,False,Wh,301
142818,20.0,2025-04-05T21:20:00+08:00,26168281,0,False,Wh,301
142818,20.0,2025-04-05T21:40:00+08:00,26168984,0,False,Wh,301
142818,20.0,2025-04-05T22:00:00+08:00,26169825,0,False,Wh,301
142818,20.0,2025-04-05T22:20:00+08:00,26169900,0,False,Wh,301
142818,20.0,2025-04-05T22:40:00+08:00,26169947,0,False,Wh,301
142818,20.0,2025-04-05T23:00:00+08:00,26170006,0,False,Wh,301
142818,20.0,2025-04-05T23:20:00+08:00,26170063,0,False,Wh,301
142818,20.0,2025-04-05T23:40:00+08:00,26170108,0,False,Wh,301
142818,20.0,2025-04-06T00:00:00+08:00,26170167,0,False,Wh,301
142818,20.0,2025-04-06T00:20:00+08:00,26170224,0,False,Wh,301
142818,20.0,2025-04-06T00:40:00+08:00,26170269,0,False,Wh,301
142818,20.0,2025-04-06T01:00:00+08:00,26170328,0,False,Wh,301
142818,20.0,2025-04-06T01:20:00+08:00,26170386,0,False,Wh,301
142818,20.0,2025-04-06T01:40:00+08:00,26170431,0,False,Wh,301
142818,20.0,2025-04-06T02:00:00+08:00,26170490,0,False,Wh,301
142818,20.0,2025-04-06T02:20:00+08:00,26170547,0,False,Wh,301
142818,20.0,2025-04-06T02:40:00+08:00,26170999,0,False,Wh,301
142818,20.0,2025-04-06T03:00:00+08:00,26171058,0,False,Wh,301
142818,20.0,2025-04-06T03:20:00+08:00,26171114,0,False,Wh,301
142818,20.0,2025-04-06T03:40:00+08:00,26171161,0,False,Wh,301
142818,20.0,2025-04-06T04:00:00+08:00,26171220,0,False,Wh,301
142818,20.0,2025-04-06T04:20:00+08:00,26171273,0,False,Wh,301
142818,20.0,2025-04-06T04:40:00+08:00,26171323,0,False,Wh,301
142818,20.0,2025-04-06T05:00:00+08:00,26171380,0,False,Wh,301
142818,20.0,2025-04-06T05:20:00+08:00,26171431,0,False,Wh,301
142818,20.0,2025-04-06T05:40:00+08:00,26171484,0,False,Wh,301
142818,20.0,2025-04-06T06:00:00+08:00,26171541,0,False,Wh,301
142818,20.0,2025-04-06T06:20:00+08:00,26171588,0,False,Wh,301
142818,20.0,2025-04-06T06:40:00+08:00,26171644,0,False,Wh,301
142818,20.0,2025-04-06T07:00:00+08:00,26171701,0,False,Wh,301
142818,20.0,2025-04-06T07:20:00+08:00,26171746,0,False,Wh,301
142818,20.0,2025-04-06T07:40:00+08:00,26171805,0,False,Wh,301
142818,20.0,2025-04-06T08:00:00+08:00,26171860,0,False,Wh,301
142818,20.0,2025-04-06T08:20:00+08:00,26171907,0,False,Wh,301
142818,20.0,2025-04-06T08:40:00+08:00,26171965,0,False,Wh,301
142818,20.0,2025-04-06T09:00:00+08:00,26172016,0,False,Wh,301
142818,20.0,2025-04-06T09:20:00+08:00,26172068,0,False,Wh,301
142818,20.0,2025-04-06T09:40:00+08:00,26172125,0,False,Wh,301
142818,20.0,2025-04-06T10:00:00+08:00,26172282,0,False,Wh,301
142818,20.0,2025-04-06T10:20:00+08:00,26173000,0,False,Wh,301
142818,20.0,2025-04-06T10:40:00+08:00,26174410,0,False,Wh,301
142818,20.0,2025-04-06T11:00:00+08:00,26176327,0,False,Wh,301
142818,20.0,2025-04-06T11:20:00+08:00,26177391,0,False,Wh,301
142818,20.0,2025-04-06T11:40:00+08:00,26178341,0,False,Wh,301
142818,20.0,2025-04-06T12:00:00+08:00,26179435,0,False,Wh,301
142818,20.0,2025-04-06T12:20:00+08:00,26180407,0,False,Wh,301
142818,20.0,2025-04-06T12:40:00+08:00,26181256,0,False,Wh,301
142818,20.0,2025-04-06T13:00:00+08:00,26182118,0,False,Wh,301
142818,20.0,2025-04-06T13:20:00+08:00,26183536,0,False,Wh,301
142818,20.0,2025-04-06T13:40:00+08:00,26185051,0,False,Wh,301
142818,20.0,2025-04-06T14:00:00+08:00,26186131,0,False,Wh,301
142818,20.0,2025-04-06T14:20:00+08:00,26187347,0,False,Wh,301
142818,20.0,2025-04-06T14:40:00+08:00,26187898,0,False,Wh,301
142818,20.0,2025-04-06T15:00:00+08:00,26188876,0,False,Wh,301
142818,20.0,2025-04-06T15:20:00+08:00,26190032,0,False,Wh,301
142818,20.0,2025-04-06T15:40:00+08:00,26191214,0,False,Wh,301
142818,20.0,2025-04-06T16:00:00+08:00,26191848,0,False,Wh,301
142818,20.0,2025-04-06T16:20:00+08:00,26192425,0,False,Wh,301
142818,20.0,2025-04-06T16:40:00+08:00,26193142,0,False,Wh,301
142818,20.0,2025-04-06T17:00:00+08:00,26193909,0,False,Wh,301
142818,20.0,2025-04-06T17:20:00+08:00,26194377,0,False,Wh,301
142818,20.0,2025-04-06T17:40:00+08:00,26194827,0,False,Wh,301
142818,20.0,2025-04-06T18:00:00+08:00,26195294,0,False,Wh,301
142818,20.0,2025-04-06T18:20:00+08:00,26196163,0,False,Wh,301
142818,20.0,2025-04-06T18:40:00+08:00,26196711,0,False,Wh,301
142818,20.0,2025-04-06T19:00:00+08:00,26197242,0,False,Wh,301
142818,20.0,2025-04-06T19:20:00+08:00,26197657,0,False,Wh,301
142818,20.0,2025-04-06T19:40:00+08:00,26198079,0,False,Wh,301
142818,20.0,2025-04-06T20:00:00+08:00,26198982,0,False,Wh,301
142818,20.0,2025-04-06T20:20:00+08:00,26199280,0,False,Wh,301
142818,20.0,2025-04-06T20:40:00+08:00,26199457,0,False,Wh,301
142818,20.0,2025-04-06T21:00:00+08:00,26199563,0,False,Wh,301
142818,20.0,2025-04-06T21:20:00+08:00,26199669,0,False,Wh,301
142818,20.0,2025-04-06T21:40:00+08:00,26199770,0,False,Wh,301
142818,20.0,2025-04-06T22:00:00+08:00,26199865,0,False,Wh,301
142818,20.0,2025-04-06T22:20:00+08:00,26199967,0,False,Wh,301
142818,20.0,2025-04-06T22:40:00+08:00,26200067,0,False,Wh,301
142818,20.0,2025-04-06T23:00:00+08:00,26200167,0,False,Wh,301
142818,20.0,2025-04-06T23:20:00+08:00,26200252,0,False,Wh,301
142818,20.0,2025-04-06T23:40:00+08:00,26200305,0,False,Wh,301
142818,20.0,2025-04-07T00:00:00+08:00,26200388,0,False,Wh,301
142818,20.0,2025-04-07T00:20:00+08:00,26200457,0,False,Wh,301
142818,20.0,2025-04-07T00:40:00+08:00,26200534,0,False,Wh,301
142818,20.0,2025-04-07T01:00:00+08:00,26200579,0,False,Wh,301
142818,20.0,2025-04-07T01:20:00+08:00,26200622,0,False,Wh,301
142818,20.0,2025-04-07T01:40:00+08:00,26200652,0,False,Wh,301
142818,20.0,2025-04-07T02:00:00+08:00,26200699,0,False,Wh,301
142818,20.0,2025-04-07T02:20:00+08:00,26200744,0,False,Wh,301
142818,20.0,2025-04-07T02:40:00+08:00,26200789,0,False,Wh,301
142818,20.0,2025-04-07T03:00:00+08:00,26200833,0,False,Wh,301
142818,20.0,2025-04-07T03:20:00+08:00,26200863,0,False,Wh,301
142818,20.0,2025-04-07T03:40:00+08:00,26200910,0,False,Wh,301
142818,20.0,2025-04-07T04:00:00+08:00,26200954,0,False,Wh,301
142818,20.0,2025-04-07T04:20:00+08:00,26200999,0,False,Wh,301
142818,20.0,2025-04-07T04:40:00+08:00,26201043,0,False,Wh,301
142818,20.0,2025-04-07T05:00:00+08:00,26201480,0,False,Wh,301
142818,20.0,2025-04-07T05:20:00+08:00,26201527,0,False,Wh,301
142818,20.0,2025-04-07T05:40:00+08:00,26201572,0,False,Wh,301
142818,20.0,2025-04-07T06:00:00+08:00,26201627,0,False,Wh,301
142818,20.0,2025-04-07T06:20:00+08:00,26201695,0,False,Wh,301
142818,20.0,2025-04-07T06:40:00+08:00,26201753,0,False,Wh,301
142818,20.0,2025-04-07T07:00:00+08:00,26201898,0,False,Wh,301
142818,20.0,2025-04-07T07:20:00+08:00,26202040,0,False,Wh,301
142818,20.0,2025-04-07T07:40:00+08:00,26202132,0,False,Wh,301
142818,20.0,2025-04-07T08:00:00+08:00,26202217,0,False,Wh,301
142818,20.0,2025-04-07T08:20:00+08:00,26202279,0,False,Wh,301
142818,20.0,2025-04-07T08:40:00+08:00,26202348,0,False,Wh,301
142818,20.0,2025-04-07T09:00:00+08:00,26202410,0,False,Wh,301
142818,20.0,2025-04-07T09:20:00+08:00,26202485,0,False,Wh,301
142818,20.0,2025-04-07T09:40:00+08:00,26202574,0,False,Wh,301
142818,20.0,2025-04-07T10:00:00+08:00,26202669,0,False,Wh,301
142818,20.0,2025-04-07T10:20:00+08:00,26202779,0,False,Wh,301
142818,20.0,2025-04-07T10:40:00+08:00,26202893,0,False,Wh,301
142818,20.0,2025-04-07T11:00:00+08:00,26203024,0,False,Wh,301
142818,20.0,2025-04-07T11:20:00+08:00,26203147,0,False,Wh,301
142818,20.0,2025-04-07T11:40:00+08:00,26203265,0,False,Wh,301
142818,20.0,2025-04-07T12:00:00+08:00,26203391,0,False,Wh,301
142818,20.0,2025-04-07T12:20:00+08:00,26203516,0,False,Wh,301
142818,20.0,2025-04-07T12:40:00+08:00,26203642,0,False,Wh,301
142818,20.0,2025-04-07T13:00:00+08:00,26203762,0,False,Wh,301
142818,20.0,2025-04-07T13:20:00+08:00,26203877,0,False,Wh,301
142818,20.0,2025-04-07T13:40:00+08:00,26204005,0,False,Wh,301
142818,20.0,2025-04-07T14:00:00+08:00,26204131,0,False,Wh,301
142818,20.0,2025-04-07T14:20:00+08:00,26204374,0,False,Wh,301
142818,20.0,2025-04-07T14:40:00+08:00,26204659,0,False,Wh,301
142818,20.0,2025-04-07T15:00:00+08:00,26204972,0,False,Wh,301
142818,20.0,2025-04-07T15:20:00+08:00,26205851,0,False,Wh,301
142818,20.0,2025-04-07T15:40:00+08:00,26206383,0,False,Wh,301
142818,20.0,2025-04-07T16:00:00+08:00,26206861,0,False,Wh,301
142818,20.0,2025-04-07T16:20:00+08:00,26207338,0,False,Wh,301
142818,20.0,2025-04-07T16:40:00+08:00,26207806,0,False,Wh,301
142818,20.0,2025-04-07T17:00:00+08:00,26208260,0,False,Wh,301
142818,20.0,2025-04-07T17:20:00+08:00,26208698,0,False,Wh,301
142818,20.0,2025-04-07T17:40:00+08:00,26209055,0,False,Wh,301
142818,20.0,2025-04-07T18:00:00+08:00,26209351,0,False,Wh,301
142818,20.0,2025-04-07T18:20:00+08:00,26209621,0,False,Wh,301
142818,20.0,2025-04-07T18:40:00+08:00,26209873,0,False,Wh,301
142818,20.0,2025-04-07T19:00:00+08:00,26210538,0,False,Wh,301
142818,20.0,2025-04-07T19:20:00+08:00,26211461,0,False,Wh,301
142818,20.0,2025-04-07T19:40:00+08:00,26211720,0,False,Wh,301
142818,20.0,2025-04-07T20:00:00+08:00,26211975,0,False,Wh,301
142818,20.0,2025-04-07T20:20:00+08:00,26212236,0,False,Wh,301
142818,20.0,2025-04-07T20:40:00+08:00,26212493,0,False,Wh,301
142818,20.0,2025-04-07T21:00:00+08:00,26212757,0,False,Wh,301
142818,20.0,2025-04-07T21:20:00+08:00,26213018,0,False,Wh,301
142818,20.0,2025-04-07T21:40:00+08:00,26213806,0,False,Wh,301
142818,20.0,2025-04-07T22:00:00+08:00,26215144,0,False,Wh,301
142818,20.0,2025-04-07T22:20:00+08:00,26215515,0,False,Wh,301
142818,20.0,2025-04-07T22:40:00+08:00,26215603,0,False,Wh,301
142818,20.0,2025-04-07T23:00:00+08:00,26215693,0,False,Wh,301
142818,20.0,2025-04-07T23:20:00+08:00,26215766,0,False,Wh,301
142818,20.0,2025-04-07T23:40:00+08:00,26215814,0,False,Wh,301
142818,20.0,2025-04-08T00:00:00+08:00,26215892,0,False,Wh,301
142819,20.0,2025-04-01T00:20:00+08:00,21010829,0,False,Wh,302
142819,20.0,2025-04-01T00:40:00+08:00,21010943,0,False,Wh,302
142819,20.0,2025-04-01T01:00:00+08:00,21011046,0,False,Wh,302
142819,20.0,2025-04-01T01:20:00+08:00,21011149,0,False,Wh,302
142819,20.0,2025-04-01T01:40:00+08:00,21011252,0,False,Wh,302
142819,20.0,2025-04-01T02:00:00+08:00,21011350,0,False,Wh,302
142819,20.0,2025-04-01T02:20:00+08:00,21011457,0,False,Wh,302
142819,20.0,2025-04-01T02:40:00+08:00,21011567,0,False,Wh,302
142819,20.0,2025-04-01T03:00:00+08:00,21012249,0,False,Wh,302
142819,20.0,2025-04-01T03:20:00+08:00,21012339,0,False,Wh,302
142819,20.0,2025-04-01T03:40:00+08:00,21012437,0,False,Wh,302
142819,20.0,2025-04-01T04:00:00+08:00,21012502,0,False,Wh,302
142819,20.0,2025-04-01T04:20:00+08:00,21012592,0,False,Wh,302
142819,20.0,2025-04-01T04:40:00+08:00,21012666,0,False,Wh,302
142819,20.0,2025-04-01T05:00:00+08:00,21012738,0,False,Wh,302
142819,20.0,2025-04-01T05:20:00+08:00,21012924,0,False,Wh,302
142819,20.0,2025-04-01T05:40:00+08:00,21013702,0,False,Wh,302
142819,20.0,2025-04-01T06:00:00+08:00,21013995,0,False,Wh,302
142819,20.0,2025-04-01T06:20:00+08:00,21014015,0,False,Wh,302
142819,20.0,2025-04-01T06:40:00+08:00,21014057,0,False,Wh,302
142819,20.0,2025-04-01T07:00:00+08:00,21014078,0,False,Wh,302
142819,20.0,2025-04-01T07:20:00+08:00,21014116,0,False,Wh,302
142819,20.0,2025-04-01T07:40:00+08:00,21014140,0,False,Wh,302
142819,20.0,2025-04-01T08:00:00+08:00,21014175,0,False,Wh,302
142819,20.0,2025-04-01T08:20:00+08:00,21014201,0,False,Wh,302
142819,20.0,2025-04-01T08:40:00+08:00,21014234,0,False,Wh,302
142819,20.0,2025-04-01T09:00:00+08:00,21014262,0,False,Wh,302
142819,20.0,2025-04-01T09:20:00+08:00,21014293,0,False,Wh,302
142819,20.0,2025-04-01T09:40:00+08:00,21014323,0,False,Wh,302
142819,20.0,2025-04-01T10:00:00+08:00,21014352,0,False,Wh,302
142819,20.0,2025-04-01T10:20:00+08:00,21014385,0,False,Wh,302
142819,20.0,2025-04-01T10:40:00+08:00,21014410,0,False,Wh,302
142819,20.0,2025-04-01T11:00:00+08:00,21014445,0,False,Wh,302
142819,20.0,2025-04-01T11:20:00+08:00,21014469,0,False,Wh,302
142819,20.0,2025-04-01T11:40:00+08:00,21014506,0,False,Wh,302
142819,20.0,2025-04-01T12:00:00+08:00,21014527,0,False,Wh,302
142819,20.0,2025-04-01T12:20:00+08:00,21014566,0,False,Wh,302
142819,20.0,2025-04-01T12:40:00+08:00,21014586,0,False,Wh,302
142819,20.0,2025-04-01T13:00:00+08:00,21014628,0,False,Wh,302
142819,20.0,2025-04-01T13:20:00+08:00,21014646,0,False,Wh,302
142819,20.0,2025-04-01T13:40:00+08:00,21014688,0,False,Wh,302
142819,20.0,2025-04-01T14:00:00+08:00,21014706,0,False,Wh,302
142819,20.0,2025-04-01T14:20:00+08:00,21015316,0,False,Wh,302
142819,20.0,2025-04-01T14:40:00+08:00,21015335,0,False,Wh,302
142819,20.0,2025-04-01T15:00:00+08:00,21015376,0,False,Wh,302
142819,20.0,2025-04-01T15:20:00+08:00,21015396,0,False,Wh,302
142819,20.0,2025-04-01T15:40:00+08:00,21015437,0,False,Wh,302
142819,20.0,2025-04-01T16:00:00+08:00,21015459,0,False,Wh,302
142819,20.0,2025-04-01T16:20:00+08:00,21015498,0,False,Wh,302
142819,20.0,2025-04-01T16:40:00+08:00,21015521,0,False,Wh,302
142819,20.0,2025-04-01T17:00:00+08:00,21015560,0,False,Wh,302
142819,20.0,2025-04-01T17:20:00+08:00,21015584,0,False,Wh,302
142819,20.0,2025-04-01T17:40:00+08:00,21015623,0,False,Wh,302
142819,20.0,2025-04-01T18:00:00+08:00,21015648,0,False,Wh,302
142819,20.0,2025-04-01T18:20:00+08:00,21015688,0,False,Wh,302
142819,20.0,2025-04-01T18:40:00+08:00,21015712,0,False,Wh,302
142819,20.0,2025-04-01T19:00:00+08:00,21015752,0,False,Wh,302
142819,20.0,2025-04-01T19:20:00+08:00,21015775,0,False,Wh,302
142819,20.0,2025-04-01T19:40:00+08:00,21015815,0,False,Wh,302
142819,20.0,2025-04-01T20:00:00+08:00,21015838,0,False,Wh,302
142819,20.0,2025-04-01T20:20:00+08:00,21015879,0,False,Wh,302
142819,20.0,2025-04-01T20:40:00+08:00,21015902,0,False,Wh,302
142819,20.0,2025-04-01T21:00:00+08:00,21015942,0,False,Wh,302
142819,20.0,2025-04-01T21:20:00+08:00,21015966,0,False,Wh,302
142819,20.0,2025-04-01T21:40:00+08:00,21016007,0,False,Wh,302
142819,20.0,2025-04-01T22:00:00+08:00,21016030,0,False,Wh,302
142819,20.0,2025-04-01T22:20:00+08:00,21016069,0,False,Wh,302
142819,20.0,2025-04-01T22:40:00+08:00,21016094,0,False,Wh,302
142819,20.0,2025-04-01T23:00:00+08:00,21016132,0,False,Wh,302
142819,20.0,2025-04-01T23:20:00+08:00,21016158,0,False,Wh,302
142819,20.0,2025-04-01T23:40:00+08:00,21016195,0,False,Wh,302
142819,20.0,2025-04-02T00:00:00+08:00,21016221,0,False,Wh,302
142819,20.0,2025-04-02T00:20:00+08:00,21016258,0,False,Wh,302
142819,20.0,2025-04-02T00:40:00+08:00,21016284,0,False,Wh,302
142819,20.0,2025-04-02T01:00:00+08:00,21016321,0,False,Wh,302
142819,20.0,2025-04-02T01:20:00+08:00,21016348,0,False,Wh,302
142819,20.0,2025-04-02T01:40:00+08:00,21016727,0,False,Wh,302
142819,20.0,2025-04-02T02:00:00+08:00,21017004,0,False,Wh,302
142819,20.0,2025-04-02T02:20:00+08:00,21017041,0,False,Wh,302
142819,20.0,2025-04-02T02:40:00+08:00,21017115,0,False,Wh,302
142819,20.0,2025-04-02T03:00:00+08:00,21017159,0,False,Wh,302
142819,20.0,2025-04-02T03:20:00+08:00,21017204,0,False,Wh,302
142819,20.0,2025-04-02T03:40:00+08:00,21017233,0,False,Wh,302
142819,20.0,2025-04-02T04:00:00+08:00,21017271,0,False,Wh,302
142819,20.0,2025-04-02T04:20:00+08:00,21017300,0,False,Wh,302
142819,20.0,2025-04-02T04:40:00+08:00,21017337,0,False,Wh,302
142819,20.0,2025-04-02T05:00:00+08:00,21017364,0,False,Wh,302
142819,20.0,2025-04-02T05:20:00+08:00,21017401,0,False,Wh,302
142819,20.0,2025-04-02T05:40:00+08:00,21017427,0,False,Wh,302
142819,20.0,2025-04-02T06:00:00+08:00,21017464,0,False,Wh,302
142819,20.0,2025-04-02T06:20:00+08:00,21017489,0,False,Wh,302
142819,20.0,2025-04-02T06:40:00+08:00,21017526,0,False,Wh,302
142819,20.0,2025-04-02T07:00:00+08:00,21017551,0,False,Wh,302
142819,20.0,2025-04-02T07:20:00+08:00,21017590,0,False,Wh,302
142819,20.0,2025-04-02T07:40:00+08:00,21017611,0,False,Wh,302
142819,20.0,2025-04-02T08:00:00+08:00,21017651,0,False,Wh,302
142819,20.0,2025-04-02T08:20:00+08:00,21017672,0,False,Wh,302
142819,20.0,2025-04-02T08:40:00+08:00,21017713,0,False,Wh,302
142819,20.0,2025-04-02T09:00:00+08:00,21017733,0,False,Wh,302
142819,20.0,2025-04-02T09:20:00+08:00,21017775,0,False,Wh,302
142819,20.0,2025-04-02T09:40:00+08:00,21017794,0,False,Wh,302
142819,20.0,2025-04-02T10:00:00+08:00,21017836,0,False,Wh,302
142819,20.0,2025-04-02T10:20:00+08:00,21017855,0,False,Wh,302
142819,20.0,2025-04-02T10:40:00+08:00,21017897,0,False,Wh,302
142819,20.0,2025-04-02T11:00:00+08:00,21017917,0,False,Wh,302
142819,20.0,2025-04-02T11:20:00+08:00,21017957,0,False,Wh,302
142819,20.0,2025-04-02T11:40:00+08:00,21017977,0,False,Wh,302
142819,20.0,2025-04-02T12:00:00+08:00,21018346,0,False,Wh,302
142819,20.0,2025-04-02T12:20:00+08:00,21018650,0,False,Wh,302
142819,20.0,2025-04-02T12:40:00+08:00,21018688,0,False,Wh,302
142819,20.0,2025-04-02T13:00:00+08:00,21018710,0,False,Wh,302
142819,20.0,2025-04-02T13:20:00+08:00,21018748,0,False,Wh,302
142819,20.0,2025-04-02T13:40:00+08:00,21018771,0,False,Wh,302
142819,20.0,2025-04-02T14:00:00+08:00,21018808,0,False,Wh,302
142819,20.0,2025-04-02T14:20:00+08:00,21018833,0,False,Wh,302
142819,20.0,2025-04-02T14:40:00+08:00,21018868,0,False,Wh,302
142819,20.0,2025-04-02T15:00:00+08:00,21018894,0,False,Wh,302
142819,20.0,2025-04-02T15:20:00+08:00,21018930,0,False,Wh,302
142819,20.0,2025-04-02T15:40:00+08:00,21018957,0,False,Wh,302
142819,20.0,2025-04-02T16:00:00+08:00,21018990,0,False,Wh,302
142819,20.0,2025-04-02T16:20:00+08:00,21019019,0,False,Wh,302
142819,20.0,2025-04-02T16:40:00+08:00,21019053,0,False,Wh,302
142819,20.0,2025-04-02T17:00:00+08:00,21019082,0,False,Wh,302
142819,20.0,2025-04-02T17:20:00+08:00,21019116,0,False,Wh,302
142819,20.0,2025-04-02T17:40:00+08:00,21019144,0,False,Wh,302
142819,20.0,2025-04-02T18:00:00+08:00,21019180,0,False,Wh,302
142819,20.0,2025-04-02T18:20:00+08:00,21019207,0,False,Wh,302
142819,20.0,2025-04-02T18:40:00+08:00,21019245,0,False,Wh,302
142819,20.0,2025-04-02T19:00:00+08:00,21019271,0,False,Wh,302
142819,20.0,2025-04-02T19:20:00+08:00,21019308,0,False,Wh,302
142819,20.0,2025-04-02T19:40:00+08:00,21019334,0,False,Wh,302
142819,20.0,2025-04-02T20:00:00+08:00,21019371,0,False,Wh,302
142819,20.0,2025-04-02T20:20:00+08:00,21019398,0,False,Wh,302
142819,20.0,2025-04-02T20:40:00+08:00,21019433,0,False,Wh,302
142819,20.0,2025-04-02T21:00:00+08:00,21019461,0,False,Wh,302
142819,20.0,2025-04-02T21:20:00+08:00,21019496,0,False,Wh,302
142819,20.0,2025-04-02T21:40:00+08:00,21019525,0,False,Wh,302
142819,20.0,2025-04-02T22:00:00+08:00,21019558,0,False,Wh,302
142819,20.0,2025-04-02T22:20:00+08:00,21019588,0,False,Wh,302
142819,20.0,2025-04-02T22:40:00+08:00,21019746,0,False,Wh,302
142819,20.0,2025-04-02T23:00:00+08:00,21020213,0,False,Wh,302
142819,20.0,2025-04-02T23:20:00+08:00,21020243,0,False,Wh,302
142819,20.0,2025-04-02T23:40:00+08:00,21020277,0,False,Wh,302
142819,20.0,2025-04-03T00:00:00+08:00,21020304,0,False,Wh,302
142819,20.0,2025-04-03T00:20:00+08:00,21020339,0,False,Wh,302
142819,20.0,2025-04-03T00:40:00+08:00,21020366,0,False,Wh,302
142819,20.0,2025-04-03T01:00:00+08:00,21020402,0,False,Wh,302
142819,20.0,2025-04-03T01:20:00+08:00,21020428,0,False,Wh,302
142819,20.0,2025-04-03T01:40:00+08:00,21020463,0,False,Wh,302
142819,20.0,2025-04-03T02:00:00+08:00,21020489,0,False,Wh,302
142819,20.0,2025-04-03T02:20:00+08:00,21020525,0,False,Wh,302
142819,20.0,2025-04-03T02:40:00+08:00,21020551,0,False,Wh,302
142819,20.0,2025-04-03T03:00:00+08:00,21020587,0,False,Wh,302
142819,20.0,2025-04-03T03:20:00+08:00,21020611,0,False,Wh,302
142819,20.0,2025-04-03T03:40:00+08:00,21020648,0,False,Wh,302
142819,20.0,2025-04-03T04:00:00+08:00,21020671,0,False,Wh,302
142819,20.0,2025-04-03T04:20:00+08:00,21020710,0,False,Wh,302
142819,20.0,2025-04-03T04:40:00+08:00,21020731,0,False,Wh,302
142819,20.0,2025-04-03T05:00:00+08:00,21020771,0,False,Wh,302
142819,20.0,2025-04-03T05:20:00+08:00,21020791,0,False,Wh,302
142819,20.0,2025-04-03T05:40:00+08:00,21020832,0,False,Wh,302
142819,20.0,2025-04-03T06:00:00+08:00,21020851,0,False,Wh,302
142819,20.0,2025-04-03T06:20:00+08:00,21020893,0,False,Wh,302
142819,20.0,2025-04-03T06:40:00+08:00,21020913,0,False,Wh,302
142819,20.0,2025-04-03T07:00:00+08:00,21020953,0,False,Wh,302
142819,20.0,2025-04-03T07:20:00+08:00,21020974,0,False,Wh,302
142819,20.0,2025-04-03T07:40:00+08:00,21021011,0,False,Wh,302
142819,20.0,2025-04-03T08:00:00+08:00,21021035,0,False,Wh,302
142819,20.0,2025-04-03T08:20:00+08:00,21021069,0,False,Wh,302
142819,20.0,2025-04-03T08:40:00+08:00,21021606,0,False,Wh,302
142819,20.0,2025-04-03T09:00:00+08:00,21021638,0,False,Wh,302
142819,20.0,2025-04-03T09:20:00+08:00,21021666,0,False,Wh,302
142819,20.0,2025-04-03T09:40:00+08:00,21021695,0,False,Wh,302
142819,20.0,2025-04-03T10:00:00+08:00,21021725,0,False,Wh,302
142819,20.0,2025-04-03T10:20:00+08:00,21021754,0,False,Wh,302
142819,20.0,2025-04-03T10:40:00+08:00,21021785,0,False,Wh,302
142819,20.0,2025-04-03T11:00:00+08:00,21021812,0,False,Wh,302
142819,20.0,2025-04-03T11:20:00+08:00,21021845,0,False,Wh,302
142819,20.0,2025-04-03T11:40:00+08:00,21021870,0,False,Wh,302
142819,20.0,2025-04-03T12:00:00+08:00,21021904,0,False,Wh,302
142819,20.0,2025-04-03T12:20:00+08:00,21021929,0,False,Wh,302
142819,20.0,2025-04-03T12:40:00+08:00,21021964,0,False,Wh,302
142819,20.0,2025-04-03T13:00:00+08:00,21021987,0,False,Wh,302
142819,20.0,2025-04-03T13:20:00+08:00,21022024,0,False,Wh,302
142819,20.0,2025-04-03T13:40:00+08:00,21022046,0,False,Wh,302
142819,20.0,2025-04-03T14:00:00+08:00,21022084,0,False,Wh,302
142819,20.0,2025-04-03T14:20:00+08:00,21022105,0,False,Wh,302
142819,20.0,2025-04-03T14:40:00+08:00,21022144,0,False,Wh,302
142819,20.0,2025-04-03T15:00:00+08:00,21022164,0,False,Wh,302
142819,20.0,2025-04-03T15:20:00+08:00,21022205,0,False,Wh,302
142819,20.0,2025-04-03T15:40:00+08:00,21022223,0,False,Wh,302
142819,20.0,2025-04-03T16:00:00+08:00,21022266,0,False,Wh,302
142819,20.0,2025-04-03T16:20:00+08:00,21022284,0,False,Wh,302
142819,20.0,2025-04-03T16:40:00+08:00,21022326,0,False,Wh,302
142819,20.0,2025-04-03T17:00:00+08:00,21022346,0,False,Wh,302
142819,20.0,2025-04-03T17:20:00+08:00,21022388,0,False,Wh,302
142819,20.0,2025-04-03T17:40:00+08:00,21023006,0,False,Wh,302
142819,20.0,2025-04-03T18:00:00+08:00,21023046,0,False,Wh,302
142819,20.0,2025-04-03T18:20:00+08:00,21023067,0,False,Wh,302
142819,20.0,2025-04-03T18:40:00+08:00,21023106,0,False,Wh,302
142819,20.0,2025-04-03T19:00:00+08:00,21023129,0,False,Wh,302
142819,20.0,2025-04-03T19:20:00+08:00,21023166,0,False,Wh,302
142819,20.0,2025-04-03T19:40:00+08:00,21023190,0,False,Wh,302
142819,20.0,2025-04-03T20:00:00+08:00,21023227,0,False,Wh,302
142819,20.0,2025-04-03T20:20:00+08:00,21023303,0,False,Wh,302
142819,20.0,2025-04-03T20:40:00+08:00,21023343,0,False,Wh,302
142819,20.0,2025-04-03T21:00:00+08:00,21023388,0,False,Wh,302
142819,20.0,2025-04-03T21:20:00+08:00,21023418,0,False,Wh,302
142819,20.0,2025-04-03T21:40:00+08:00,21023630,0,False,Wh,302
142819,20.0,2025-04-03T22:00:00+08:00,21024785,0,False,Wh,302
142819,20.0,2025-04-03T22:20:00+08:00,21025118,0,False,Wh,302
142819,20.0,2025-04-03T22:40:00+08:00,21025354,0,False,Wh,302
142819,20.0,2025-04-03T23:00:00+08:00,21025549,0,False,Wh,302
142819,20.0,2025-04-03T23:20:00+08:00,21025755,0,False,Wh,302
142819,20.0,2025-04-03T23:40:00+08:00,21025922,0,False,Wh,302
142819,20.0,2025-04-04T00:00:00+08:00,21026093,0,False,Wh,302
142819,20.0,2025-04-04T00:20:00+08:00,21026888,0,False,Wh,302
142819,20.0,2025-04-04T00:40:00+08:00,21027052,0,False,Wh,302
142819,20.0,2025-04-04T01:00:00+08:00,21027185,0,False,Wh,302
142819,20.0,2025-04-04T01:20:00+08:00,21027346,0,False,Wh,302
142819,20.0,2025-04-04T01:40:00+08:00,21027494,0,False,Wh,302
142819,20.0,2025-04-04T02:00:00+08:00,21027628,0,False,Wh,302
142819,20.0,2025-04-04T02:20:00+08:00,21027781,0,False,Wh,302
142819,20.0,2025-04-04T02:40:00+08:00,21027927,0,False,Wh,302
142819,20.0,2025-04-04T03:00:00+08:00,21028058,0,False,Wh,302
142819,20.0,2025-04-04T03:20:00+08:00,21028216,0,False,Wh,302
142819,20.0,2025-04-04T03:40:00+08:00,21028309,0,False,Wh,302
142819,20.0,2025-04-04T04:00:00+08:00,21028411,0,False,Wh,302
142819,20.0,2025-04-04T04:20:00+08:00,21028506,0,False,Wh,302
142819,20.0,2025-04-04T04:40:00+08:00,21028590,0,False,Wh,302
142819,20.0,2025-04-04T05:00:00+08:00,21029093,0,False,Wh,302
142819,20.0,2025-04-04T05:20:00+08:00,21029941,0,False,Wh,302
142819,20.0,2025-04-04T05:40:00+08:00,21030073,0,False,Wh,302
142819,20.0,2025-04-04T06:00:00+08:00,21030563,0,False,Wh,302
142819,20.0,2025-04-04T06:20:00+08:00,21031111,0,False,Wh,302
142819,20.0,2025-04-04T06:40:00+08:00,21031254,0,False,Wh,302
142819,20.0,2025-04-04T07:00:00+08:00,21031415,0,False,Wh,302
142819,20.0,2025-04-04T07:20:00+08:00,21031501,0,False,Wh,302
142819,20.0,2025-04-04T07:40:00+08:00,21031534,0,False,Wh,302
142819,20.0,2025-04-04T08:00:00+08:00,21031577,0,False,Wh,302
142819,20.0,2025-04-04T08:20:00+08:00,21031604,0,False,Wh,302
142819,20.0,2025-04-04T08:40:00+08:00,21031648,0,False,Wh,302
142819,20.0,2025-04-04T09:00:00+08:00,21031673,0,False,Wh,302
142819,20.0,2025-04-04T09:20:00+08:00,21031718,0,False,Wh,302
142819,20.0,2025-04-04T09:40:00+08:00,21031742,0,False,Wh,302
142819,20.0,2025-04-04T10:00:00+08:00,21031790,0,False,Wh,302
142819,20.0,2025-04-04T10:20:00+08:00,21031815,0,False,Wh,302
142819,20.0,2025-04-04T10:40:00+08:00,21031861,0,False,Wh,302
142819,20.0,2025-04-04T11:00:00+08:00,21031885,0,False,Wh,302
142819,20.0,2025-04-04T11:20:00+08:00,21031931,0,False,Wh,302
142819,20.0,2025-04-04T11:40:00+08:00,21032528,0,False,Wh,302
142819,20.0,2025-04-04T12:00:00+08:00,21032572,0,False,Wh,302
142819,20.0,2025-04-04T12:20:00+08:00,21032597,0,False,Wh,302
142819,20.0,2025-04-04T12:40:00+08:00,21032639,0,False,Wh,302
142819,20.0,2025-04-04T13:00:00+08:00,21032666,0,False,Wh,302
142819,20.0,2025-04-04T13:20:00+08:00,21032706,0,False,Wh,302
142819,20.0,2025-04-04T13:40:00+08:00,21032733,0,False,Wh,302
142819,20.0,2025-04-04T14:00:00+08:00,21032773,0,False,Wh,302
142819,20.0,2025-04-04T14:20:00+08:00,21032802,0,False,Wh,302
142819,20.0,2025-04-04T14:40:00+08:00,21032839,0,False,Wh,302
142819,20.0,2025-04-04T15:00:00+08:00,21032869,0,False,Wh,302
142819,20.0,2025-04-04T15:20:00+08:00,21032906,0,False,Wh,302
142819,20.0,2025-04-04T15:40:00+08:00,21032937,0,False,Wh,302
142819,20.0,2025-04-04T16:00:00+08:00,21032974,0,False,Wh,302
142819,20.0,2025-04-04T16:20:00+08:00,21033004,0,False,Wh,302
142819,20.0,2025-04-04T16:40:00+08:00,21033039,0,False,Wh,302
142819,20.0,2025-04-04T17:00:00+08:00,21033071,0,False,Wh,302
142819,20.0,2025-04-04T17:20:00+08:00,21033106,0,False,Wh,302
142819,20.0,2025-04-04T17:40:00+08:00,21033146,0,False,Wh,302
142819,20.0,2025-04-04T18:00:00+08:00,21033189,0,False,Wh,302
142819,20.0,2025-04-04T18:20:00+08:00,21034029,0,False,Wh,302
142819,20.0,2025-04-04T18:40:00+08:00,21034328,0,False,Wh,302
142819,20.0,2025-04-04T19:00:00+08:00,21035081,0,False,Wh,302
142819,20.0,2025-04-04T19:20:00+08:00,21035694,0,False,Wh,302
142819,20.0,2025-04-04T19:40:00+08:00,21036087,0,False,Wh,302
142819,20.0,2025-04-04T20:00:00+08:00,21036510,0,False,Wh,302
142819,20.0,2025-04-04T20:20:00+08:00,21036576,0,False,Wh,302
142819,20.0,2025-04-04T20:40:00+08:00,21036652,0,False,Wh,302
142819,20.0,2025-04-04T21:00:00+08:00,21036814,0,False,Wh,302
142819,20.0,2025-04-04T21:20:00+08:00,21037431,0,False,Wh,302
142819,20.0,2025-04-04T21:40:00+08:00,21037801,0,False,Wh,302
142819,20.0,2025-04-04T22:00:00+08:00,21037879,0,False,Wh,302
142819,20.0,2025-04-04T22:20:00+08:00,21037942,0,False,Wh,302
142819,20.0,2025-04-04T22:40:00+08:00,21038584,0,False,Wh,302
142819,20.0,2025-04-04T23:00:00+08:00,21038619,0,False,Wh,302
142819,20.0,2025-04-04T23:20:00+08:00,21038667,0,False,Wh,302
142819,20.0,2025-04-04T23:40:00+08:00,21038693,0,False,Wh,302
142819,20.0,2025-04-05T00:00:00+08:00,21038741,0,False,Wh,302
142819,20.0,2025-04-05T00:20:00+08:00,21038765,0,False,Wh,302
142819,20.0,2025-04-05T00:40:00+08:00,21038811,0,False,Wh,302
142819,20.0,2025-04-05T01:00:00+08:00,21038834,0,False,Wh,302
142819,20.0,2025-04-05T01:20:00+08:00,21038879,0,False,Wh,302
142819,20.0,2025-04-05T01:40:00+08:00,21038904,0,False,Wh,302
142819,20.0,2025-04-05T02:00:00+08:00,21038945,0,False,Wh,302
142819,20.0,2025-04-05T02:20:00+08:00,21038971,0,False,Wh,302
142819,20.0,2025-04-05T02:40:00+08:00,21039012,0,False,Wh,302
142819,20.0,2025-04-05T03:00:00+08:00,21039042,0,False,Wh,302
142819,20.0,2025-04-05T03:20:00+08:00,21039079,0,False,Wh,302
142819,20.0,2025-04-05T03:40:00+08:00,21039109,0,False,Wh,302
142819,20.0,2025-04-05T04:00:00+08:00,21039146,0,False,Wh,302
142819,20.0,2025-04-05T04:20:00+08:00,21039178,0,False,Wh,302
142819,20.0,2025-04-05T04:40:00+08:00,21039212,0,False,Wh,302
142819,20.0,2025-04-05T05:00:00+08:00,21039245,0,False,Wh,302
142819,20.0,2025-04-05T05:20:00+08:00,21039277,0,False,Wh,302
142819,20.0,2025-04-05T05:40:00+08:00,21039309,0,False,Wh,302
142819,20.0,2025-04-05T06:00:00+08:00,21039342,0,False,Wh,302
142819,20.0,2025-04-05T06:20:00+08:00,21039374,0,False,Wh,302
142819,20.0,2025-04-05T06:40:00+08:00,21039406,0,False,Wh,302
142819,20.0,2025-04-05T07:00:00+08:00,21039717,0,False,Wh,302
142819,20.0,2025-04-05T07:20:00+08:00,21040062,0,False,Wh,302
142819,20.0,2025-04-05T07:40:00+08:00,21040095,0,False,Wh,302
142819,20.0,2025-04-05T08:00:00+08:00,21040481,0,False,Wh,302
142819,20.0,2025-04-05T08:20:00+08:00,21041182,0,False,Wh,302
142819,20.0,2025-04-05T08:40:00+08:00,21041212,0,False,Wh,302
142819,20.0,2025-04-05T09:00:00+08:00,21041266,0,False,Wh,302
142819,20.0,2025-04-05T09:20:00+08:00,21041305,0,False,Wh,302
142819,20.0,2025-04-05T09:40:00+08:00,21041342,0,False,Wh,302
142819,20.0,2025-04-05T10:00:00+08:00,21042061,0,False,Wh,302
142819,20.0,2025-04-05T10:20:00+08:00,21042164,0,False,Wh,302
142819,20.0,2025-04-05T10:40:00+08:00,21042214,0,False,Wh,302
142819,20.0,2025-04-05T11:00:00+08:00,21042287,0,False,Wh,302
142819,20.0,2025-04-05T11:20:00+08:00,21042334,0,False,Wh,302
142819,20.0,2025-04-05T11:40:00+08:00,21042391,0,False,Wh,302
142819,20.0,2025-04-05T12:00:00+08:00,21042467,0,False,Wh,302
142819,20.0,2025-04-05T12:20:00+08:00,21042521,0,False,Wh,302
142819,20.0,2025-04-05T12:40:00+08:00,21042593,0,False,Wh,302
142819,20.0,2025-04-05T13:00:00+08:00,21042645,0,False,Wh,302
142819,20.0,2025-04-05T13:20:00+08:00,21042712,0,False,Wh,302
142819,20.0,2025-04-05T13:40:00+08:00,21042762,0,False,Wh,302
142819,20.0,2025-04-05T14:00:00+08:00,21042808,0,False,Wh,302
142819,20.0,2025-04-05T14:20:00+08:00,21042831,0,False,Wh,302
142819,20.0,2025-04-05T14:40:00+08:00,21042878,0,False,Wh,302
142819,20.0,2025-04-05T15:00:00+08:00,21042901,0,False,Wh,302
142819,20.0,2025-04-05T15:20:00+08:00,21042957,0,False,Wh,302
142819,20.0,2025-04-05T15:40:00+08:00,21043926,0,False,Wh,302
142819,20.0,2025-04-05T16:00:00+08:00,21043992,0,False,Wh,302
142819,20.0,2025-04-05T16:20:00+08:00,21044036,0,False,Wh,302
142819,20.0,2025-04-05T16:40:00+08:00,21044103,0,False,Wh,302
142819,20.0,2025-04-05T17:00:00+08:00,21044148,0,False,Wh,302
142819,20.0,2025-04-05T17:20:00+08:00,21044217,0,False,Wh,302
142819,20.0,2025-04-05T17:40:00+08:00,21044272,0,False,Wh,302
142819,20.0,2025-04-05T18:00:00+08:00,21044316,0,False,Wh,302
142819,20.0,2025-04-05T18:20:00+08:00,21044384,0,False,Wh,302
142819,20.0,2025-04-05T18:40:00+08:00,21044496,0,False,Wh,302
142819,20.0,2025-04-05T19:00:00+08:00,21044591,0,False,Wh,302
142819,20.0,2025-04-05T19:20:00+08:00,21044690,0,False,Wh,302
142819,20.0,2025-04-05T19:40:00+08:00,21044934,0,False,Wh,302
142819,20.0,2025-04-05T20:00:00+08:00,21045457,0,False,Wh,302
142819,20.0,2025-04-05T20:20:00+08:00,21045533,0,False,Wh,302
142819,20.0,2025-04-05T20:40:00+08:00,21045618,0,False,Wh,302
142819,20.0,2025-04-05T21:00:00+08:00,21045689,0,False,Wh,302
142819,20.0,2025-04-05T21:20:00+08:00,21045765,0,False,Wh,302
142819,20.0,2025-04-05T21:40:00+08:00,21045828,0,False,Wh,302
142819,20.0,2025-04-05T22:00:00+08:00,21045905,0,False,Wh,302
142819,20.0,2025-04-05T22:20:00+08:00,21045967,0,False,Wh,302
142819,20.0,2025-04-05T22:40:00+08:00,21046048,0,False,Wh,302
142819,20.0,2025-04-05T23:00:00+08:00,21046106,0,False,Wh,302
142819,20.0,2025-04-05T23:20:00+08:00,21046181,0,False,Wh,302
142819,20.0,2025-04-05T23:40:00+08:00,21046232,0,False,Wh,302
142819,20.0,2025-04-06T00:00:00+08:00,21046307,0,False,Wh,302
142819,20.0,2025-04-06T00:20:00+08:00,21046359,0,False,Wh,302
142819,20.0,2025-04-06T00:40:00+08:00,21046411,0,False,Wh,302
142819,20.0,2025-04-06T01:00:00+08:00,21046443,0,False,Wh,302
142819,20.0,2025-04-06T01:20:00+08:00,21046484,0,False,Wh,302
142819,20.0,2025-04-06T01:40:00+08:00,21046512,0,False,Wh,302
142819,20.0,2025-04-06T02:00:00+08:00,21046556,0,False,Wh,302
142819,20.0,2025-04-06T02:20:00+08:00,21046581,0,False,Wh,302
142819,20.0,2025-04-06T02:40:00+08:00,21046744,0,False,Wh,302
142819,20.0,2025-04-06T03:00:00+08:00,21047332,0,False,Wh,302
142819,20.0,2025-04-06T03:20:00+08:00,21047440,0,False,Wh,302
142819,20.0,2025-04-06T03:40:00+08:00,21047526,0,False,Wh,302
142819,20.0,2025-04-06T04:00:00+08:00,21047630,0,False,Wh,302
142819,20.0,2025-04-06T04:20:00+08:00,21047713,0,False,Wh,302
142819,20.0,2025-04-06T04:40:00+08:00,21047823,0,False,Wh,302
142819,20.0,2025-04-06T05:00:00+08:00,21047917,0,False,Wh,302
142819,20.0,2025-04-06T05:20:00+08:00,21048020,0,False,Wh,302
142819,20.0,2025-04-06T05:40:00+08:00,21048110,0,False,Wh,302
142819,20.0,2025-04-06T06:00:00+08:00,21048202,0,False,Wh,302
142819,20.0,2025-04-06T06:20:00+08:00,21048295,0,False,Wh,302
142819,20.0,2025-04-06T06:40:00+08:00,21048392,0,False,Wh,302
142819,20.0,2025-04-06T07:00:00+08:00,21048467,0,False,Wh,302
142819,20.0,2025-04-06T07:20:00+08:00,21048534,0,False,Wh,302
142819,20.0,2025-04-06T07:40:00+08:00,21048602,0,False,Wh,302
142819,20.0,2025-04-06T08:00:00+08:00,21048669,0,False,Wh,302
142819,20.0,2025-04-06T08:20:00+08:00,21048757,0,False,Wh,302
142819,20.0,2025-04-06T08:40:00+08:00,21048806,0,False,Wh,302
142819,20.0,2025-04-06T09:00:00+08:00,21048878,0,False,Wh,302
142819,20.0,2025-04-06T09:20:00+08:00,21049540,0,False,Wh,302
142819,20.0,2025-04-06T09:40:00+08:00,21049625,0,False,Wh,302
142819,20.0,2025-04-06T10:00:00+08:00,21049688,0,False,Wh,302
142819,20.0,2025-04-06T10:20:00+08:00,21050514,0,False,Wh,302
142819,20.0,2025-04-06T10:40:00+08:00,21051234,0,False,Wh,302
142819,20.0,2025-04-06T11:00:00+08:00,21051312,0,False,Wh,302
142819,20.0,2025-04-06T11:20:00+08:00,21051383,0,False,Wh,302
142819,20.0,2025-04-06T11:40:00+08:00,21051433,0,False,Wh,302
142819,20.0,2025-04-06T12:00:00+08:00,21051515,0,False,Wh,302
142819,20.0,2025-04-06T12:20:00+08:00,21051559,0,False,Wh,302
142819,20.0,2025-04-06T12:40:00+08:00,21051614,0,False,Wh,302
142819,20.0,2025-04-06T13:00:00+08:00,21051640,0,False,Wh,302
142819,20.0,2025-04-06T13:20:00+08:00,21051684,0,False,Wh,302
142819,20.0,2025-04-06T13:40:00+08:00,21051759,0,False,Wh,302
142819,20.0,2025-04-06T14:00:00+08:00,21051967,0,False,Wh,302
142819,20.0,2025-04-06T14:20:00+08:00,21052199,0,False,Wh,302
142819,20.0,2025-04-06T14:40:00+08:00,21052387,0,False,Wh,302
142819,20.0,2025-04-06T15:00:00+08:00,21052548,0,False,Wh,302
142819,20.0,2025-04-06T15:20:00+08:00,21053120,0,False,Wh,302
142819,20.0,2025-04-06T15:40:00+08:00,21054076,0,False,Wh,302
142819,20.0,2025-04-06T16:00:00+08:00,21054283,0,False,Wh,302
142819,20.0,2025-04-06T16:20:00+08:00,21054788,0,False,Wh,302
142819,20.0,2025-04-06T16:40:00+08:00,21055261,0,False,Wh,302
142819,20.0,2025-04-06T17:00:00+08:00,21055541,0,False,Wh,302
142819,20.0,2025-04-06T17:20:00+08:00,21055590,0,False,Wh,302
142819,20.0,2025-04-06T17:40:00+08:00,21055637,0,False,Wh,302
142819,20.0,2025-04-06T18:00:00+08:00,21055684,0,False,Wh,302
142819,20.0,2025-04-06T18:20:00+08:00,21055731,0,False,Wh,302
142819,20.0,2025-04-06T18:40:00+08:00,21056321,0,False,Wh,302
142819,20.0,2025-04-06T19:00:00+08:00,21057245,0,False,Wh,302
142819,20.0,2025-04-06T19:20:00+08:00,21057964,0,False,Wh,302
142819,20.0,2025-04-06T19:40:00+08:00,21058523,0,False,Wh,302
142819,20.0,2025-04-06T20:00:00+08:00,21059293,0,False,Wh,302
142819,20.0,2025-04-06T20:20:00+08:00,21060563,0,False,Wh,302
142819,20.0,2025-04-06T20:40:00+08:00,21061526,0,False,Wh,302
142819,20.0,2025-04-06T21:00:00+08:00,21061804,0,False,Wh,302
142819,20.0,2025-04-06T21:20:00+08:00,21062421,0,False,Wh,302
142819,20.0,2025-04-06T21:40:00+08:00,21062944,0,False,Wh,302
142819,20.0,2025-04-06T22:00:00+08:00,21063133,0,False,Wh,302
142819,20.0,2025-04-06T22:20:00+08:00,21063288,0,False,Wh,302
142819,20.0,2025-04-06T22:40:00+08:00,21063968,0,False,Wh,302
142819,20.0,2025-04-06T23:00:00+08:00,21064210,0,False,Wh,302
142819,20.0,2025-04-06T23:20:00+08:00,21064304,0,False,Wh,302
142819,20.0,2025-04-06T23:40:00+08:00,21064408,0,False,Wh,302
142819,20.0,2025-04-07T00:00:00+08:00,21064510,0,False,Wh,302
142819,20.0,2025-04-07T00:20:00+08:00,21064612,0,False,Wh,302
142819,20.0,2025-04-07T00:40:00+08:00,21064713,0,False,Wh,302
142819,20.0,2025-04-07T01:00:00+08:00,21064806,0,False,Wh,302
142819,20.0,2025-04-07T01:20:00+08:00,21064911,0,False,Wh,302
142819,20.0,2025-04-07T01:40:00+08:00,21064997,0,False,Wh,302
142819,20.0,2025-04-07T02:00:00+08:00,21065097,0,False,Wh,302
142819,20.0,2025-04-07T02:20:00+08:00,21065183,0,False,Wh,302
142819,20.0,2025-04-07T02:40:00+08:00,21065286,0,False,Wh,302
142819,20.0,2025-04-07T03:00:00+08:00,21065353,0,False,Wh,302
142819,20.0,2025-04-07T03:20:00+08:00,21065419,0,False,Wh,302
142819,20.0,2025-04-07T03:40:00+08:00,21065487,0,False,Wh,302
142819,20.0,2025-04-07T04:00:00+08:00,21065552,0,False,Wh,302
142819,20.0,2025-04-07T04:20:00+08:00,21065626,0,False,Wh,302
142819,20.0,2025-04-07T04:40:00+08:00,21065673,0,False,Wh,302
142819,20.0,2025-04-07T05:00:00+08:00,21065740,0,False,Wh,302
142819,20.0,2025-04-07T05:20:00+08:00,21065786,0,False,Wh,302
142819,20.0,2025-04-07T05:40:00+08:00,21065864,0,False,Wh,302
142819,20.0,2025-04-07T06:00:00+08:00,21065931,0,False,Wh,302
142819,20.0,2025-04-07T06:20:00+08:00,21066131,0,False,Wh,302
142819,20.0,2025-04-07T06:40:00+08:00,21066982,0,False,Wh,302
142819,20.0,2025-04-07T07:00:00+08:00,21067418,0,False,Wh,302
142819,20.0,2025-04-07T07:20:00+08:00,21067452,0,False,Wh,302
142819,20.0,2025-04-07T07:40:00+08:00,21067500,0,False,Wh,302
142819,20.0,2025-04-07T08:00:00+08:00,21067524,0,False,Wh,302
142819,20.0,2025-04-07T08:20:00+08:00,21067569,0,False,Wh,302
142819,20.0,2025-04-07T08:40:00+08:00,21067593,0,False,Wh,302
142819,20.0,2025-04-07T09:00:00+08:00,21067638,0,False,Wh,302
142819,20.0,2025-04-07T09:20:00+08:00,21067662,0,False,Wh,302
142819,20.0,2025-04-07T09:40:00+08:00,21067707,0,False,Wh,302
142819,20.0,2025-04-07T10:00:00+08:00,21067731,0,False,Wh,302
142819,20.0,2025-04-07T10:20:00+08:00,21067778,0,False,Wh,302
142819,20.0,2025-04-07T10:40:00+08:00,21067800,0,False,Wh,302
142819,20.0,2025-04-07T11:00:00+08:00,21067847,0,False,Wh,302
142819,20.0,2025-04-07T11:20:00+08:00,21067868,0,False,Wh,302
142819,20.0,2025-04-07T11:40:00+08:00,21067913,0,False,Wh,302
142819,20.0,2025-04-07T12:00:00+08:00,21067936,0,False,Wh,302
142819,20.0,2025-04-07T12:20:00+08:00,21067982,0,False,Wh,302
142819,20.0,2025-04-07T12:40:00+08:00,21068266,0,False,Wh,302
142819,20.0,2025-04-07T13:00:00+08:00,21068627,0,False,Wh,302
142819,20.0,2025-04-07T13:20:00+08:00,21068650,0,False,Wh,302
142819,20.0,2025-04-07T13:40:00+08:00,21068695,0,False,Wh,302
142819,20.0,2025-04-07T14:00:00+08:00,21068720,0,False,Wh,302
142819,20.0,2025-04-07T14:20:00+08:00,21068763,0,False,Wh,302
142819,20.0,2025-04-07T14:40:00+08:00,21068788,0,False,Wh,302
142819,20.0,2025-04-07T15:00:00+08:00,21068834,0,False,Wh,302
142819,20.0,2025-04-07T15:20:00+08:00,21068856,0,False,Wh,302
142819,20.0,2025-04-07T15:40:00+08:00,21068902,0,False,Wh,302
142819,20.0,2025-04-07T16:00:00+08:00,21068925,0,False,Wh,302
142819,20.0,2025-04-07T16:20:00+08:00,21068970,0,False,Wh,302
142819,20.0,2025-04-07T16:40:00+08:00,21068995,0,False,Wh,302
142819,20.0,2025-04-07T17:00:00+08:00,21069044,0,False,Wh,302
142819,20.0,2025-04-07T17:20:00+08:00,21069093,0,False,Wh,302
142819,20.0,2025-04-07T17:40:00+08:00,21069135,0,False,Wh,302
142819,20.0,2025-04-07T18:00:00+08:00,21069509,0,False,Wh,302
142819,20.0,2025-04-07T18:20:00+08:00,21070340,0,False,Wh,302
142819,20.0,2025-04-07T18:40:00+08:00,21071837,0,False,Wh,302
142819,20.0,2025-04-07T19:00:00+08:00,21072268,0,False,Wh,302
142819,20.0,2025-04-07T19:20:00+08:00,21072418,0,False,Wh,302
142819,20.0,2025-04-07T19:40:00+08:00,21072566,0,False,Wh,302
142819,20.0,2025-04-07T20:00:00+08:00,21073296,0,False,Wh,302
142819,20.0,2025-04-07T20:20:00+08:00,21073380,0,False,Wh,302
142819,20.0,2025-04-07T20:40:00+08:00,21073441,0,False,Wh,302
142819,20.0,2025-04-07T21:00:00+08:00,21073522,0,False,Wh,302
142819,20.0,2025-04-07T21:20:00+08:00,21074793,0,False,Wh,302
142819,20.0,2025-04-07T21:40:00+08:00,21075261,0,False,Wh,302
142819,20.0,2025-04-07T22:00:00+08:00,21075327,0,False,Wh,302
142819,20.0,2025-04-07T22:20:00+08:00,21075526,0,False,Wh,302
142819,20.0,2025-04-07T22:40:00+08:00,21075717,0,False,Wh,302
142819,20.0,2025-04-07T23:00:00+08:00,21075873,0,False,Wh,302
142819,20.0,2025-04-07T23:20:00+08:00,21076001,0,False,Wh,302
142819,20.0,2025-04-07T23:40:00+08:00,21076157,0,False,Wh,302
142819,20.0,2025-04-08T00:00:00+08:00,21076278,0,False,Wh,302
142820,20.0,2025-04-01T00:20:00+08:00,17377004,0,False,Wh,303
142820,20.0,2025-04-01T00:40:00+08:00,17377119,0,False,Wh,303
142820,20.0,2025-04-01T01:00:00+08:00,17377236,0,False,Wh,303
142820,20.0,2025-04-01T01:20:00+08:00,17377355,0,False,Wh,303
142820,20.0,2025-04-01T01:40:00+08:00,17377469,0,False,Wh,303
142820,20.0,2025-04-01T02:00:00+08:00,17377586,0,False,Wh,303
142820,20.0,2025-04-01T02:20:00+08:00,17378155,0,False,Wh,303
142820,20.0,2025-04-01T02:40:00+08:00,17378257,0,False,Wh,303
142820,20.0,2025-04-01T03:00:00+08:00,17378370,0,False,Wh,303
142820,20.0,2025-04-01T03:20:00+08:00,17378570,0,False,Wh,303
142820,20.0,2025-04-01T03:40:00+08:00,17379372,0,False,Wh,303
142820,20.0,2025-04-01T04:00:00+08:00,17379419,0,False,Wh,303
142820,20.0,2025-04-01T04:20:00+08:00,17379465,0,False,Wh,303
142820,20.0,2025-04-01T04:40:00+08:00,17379479,0,False,Wh,303
142820,20.0,2025-04-01T05:00:00+08:00,17379495,0,False,Wh,303
142820,20.0,2025-04-01T05:20:00+08:00,17379555,0,False,Wh,303
142820,20.0,2025-04-01T05:40:00+08:00,17379591,0,False,Wh,303
142820,20.0,2025-04-01T06:00:00+08:00,17379619,0,False,Wh,303
142820,20.0,2025-04-01T06:20:00+08:00,17379633,0,False,Wh,303
142820,20.0,2025-04-01T06:40:00+08:00,17379650,0,False,Wh,303
142820,20.0,2025-04-01T07:00:00+08:00,17379664,0,False,Wh,303
142820,20.0,2025-04-01T07:20:00+08:00,17379675,0,False,Wh,303
142820,20.0,2025-04-01T07:40:00+08:00,17379689,0,False,Wh,303
142820,20.0,2025-04-01T08:00:00+08:00,17379705,0,False,Wh,303
142820,20.0,2025-04-01T08:20:00+08:00,17379716,0,False,Wh,303
142820,20.0,2025-04-01T08:40:00+08:00,17379728,0,False,Wh,303
142820,20.0,2025-04-01T09:00:00+08:00,17379745,0,False,Wh,303
142820,20.0,2025-04-01T09:20:00+08:00,17379757,0,False,Wh,303
142820,20.0,2025-04-01T09:40:00+08:00,17379768,0,False,Wh,303
142820,20.0,2025-04-01T10:00:00+08:00,17379785,0,False,Wh,303
142820,20.0,2025-04-01T10:20:00+08:00,17379798,0,False,Wh,303
142820,20.0,2025-04-01T10:40:00+08:00,17379996,0,False,Wh,303
142820,20.0,2025-04-01T11:00:00+08:00,17380244,0,False,Wh,303
142820,20.0,2025-04-01T11:20:00+08:00,17380258,0,False,Wh,303
142820,20.0,2025-04-01T11:40:00+08:00,17380269,0,False,Wh,303
142820,20.0,2025-04-01T12:00:00+08:00,17380284,0,False,Wh,303
142820,20.0,2025-04-01T12:20:00+08:00,17380299,0,False,Wh,303
142820,20.0,2025-04-01T12:40:00+08:00,17380310,0,False,Wh,303
142820,20.0,2025-04-01T13:00:00+08:00,17380325,0,False,Wh,303
142820,20.0,2025-04-01T13:20:00+08:00,17380341,0,False,Wh,303
142820,20.0,2025-04-01T13:40:00+08:00,17380352,0,False,Wh,303
142820,20.0,2025-04-01T14:00:00+08:00,17380365,0,False,Wh,303
142820,20.0,2025-04-01T14:20:00+08:00,17380383,0,False,Wh,303
142820,20.0,2025-04-01T14:40:00+08:00,17380395,0,False,Wh,303
142820,20.0,2025-04-01T15:00:00+08:00,17380407,0,False,Wh,303
142820,20.0,2025-04-01T15:20:00+08:00,17380425,0,False,Wh,303
142820,20.0,2025-04-01T15:40:00+08:00,17380438,0,False,Wh,303
142820,20.0,2025-04-01T16:00:00+08:00,17380450,0,False,Wh,303
142820,20.0,2025-04-01T16:20:00+08:00,17380467,0,False,Wh,303
142820,20.0,2025-04-01T16:40:00+08:00,17380482,0,False,Wh,303
142820,20.0,2025-04-01T17:00:00+08:00,17380494,0,False,Wh,303
142820,20.0,2025-04-01T17:20:00+08:00,17380510,0,False,Wh,303
142820,20.0,2025-04-01T17:40:00+08:00,17380525,0,False,Wh,303
142820,20.0,2025-04-01T18:00:00+08:00,17380537,0,False,Wh,303
142820,20.0,2025-04-01T18:20:00+08:00,17380553,0,False,Wh,303
142820,20.0,2025-04-01T18:40:00+08:00,17380570,0,False,Wh,303
142820,20.0,2025-04-01T19:00:00+08:00,17380582,0,False,Wh,303
142820,20.0,2025-04-01T19:20:00+08:00,17380596,0,False,Wh,303
142820,20.0,2025-04-01T19:40:00+08:00,17380614,0,False,Wh,303
142820,20.0,2025-04-01T20:00:00+08:00,17380626,0,False,Wh,303
142820,20.0,2025-04-01T20:20:00+08:00,17380639,0,False,Wh,303
142820,20.0,2025-04-01T20:40:00+08:00,17381098,0,False,Wh,303
142820,20.0,2025-04-01T21:00:00+08:00,17381111,0,False,Wh,303
142820,20.0,2025-04-01T21:20:00+08:00,17381123,0,False,Wh,303
142820,20.0,2025-04-01T21:40:00+08:00,17381141,0,False,Wh,303
142820,20.0,2025-04-01T22:00:00+08:00,17381155,0,False,Wh,303
142820,20.0,2025-04-01T22:20:00+08:00,17381167,0,False,Wh,303
142820,20.0,2025-04-01T22:40:00+08:00,17381184,0,False,Wh,303
142820,20.0,2025-04-01T23:00:00+08:00,17381199,0,False,Wh,303
142820,20.0,2025-04-01T23:20:00+08:00,17381211,0,False,Wh,303
142820,20.0,2025-04-01T23:40:00+08:00,17381227,0,False,Wh,303
142820,20.0,2025-04-02T00:00:00+08:00,17381243,0,False,Wh,303
142820,20.0,2025-04-02T00:20:00+08:00,17381255,0,False,Wh,303
142820,20.0,2025-04-02T00:40:00+08:00,17381269,0,False,Wh,303
142820,20.0,2025-04-02T01:00:00+08:00,17381287,0,False,Wh,303
142820,20.0,2025-04-02T01:20:00+08:00,17381299,0,False,Wh,303
142820,20.0,2025-04-02T01:40:00+08:00,17381312,0,False,Wh,303
142820,20.0,2025-04-02T02:00:00+08:00,17381330,0,False,Wh,303
142820,20.0,2025-04-02T02:20:00+08:00,17381343,0,False,Wh,303
142820,20.0,2025-04-02T02:40:00+08:00,17381355,0,False,Wh,303
142820,20.0,2025-04-02T03:00:00+08:00,17381372,0,False,Wh,303
142820,20.0,2025-04-02T03:20:00+08:00,17381386,0,False,Wh,303
142820,20.0,2025-04-02T03:40:00+08:00,17381398,0,False,Wh,303
142820,20.0,2025-04-02T04:00:00+08:00,17381414,0,False,Wh,303
142820,20.0,2025-04-02T04:20:00+08:00,17381430,0,False,Wh,303
142820,20.0,2025-04-02T04:40:00+08:00,17381441,0,False,Wh,303
142820,20.0,2025-04-02T05:00:00+08:00,17381456,0,False,Wh,303
142820,20.0,2025-04-02T05:20:00+08:00,17381473,0,False,Wh,303
142820,20.0,2025-04-02T05:40:00+08:00,17381484,0,False,Wh,303
142820,20.0,2025-04-02T06:00:00+08:00,17381498,0,False,Wh,303
142820,20.0,2025-04-02T06:20:00+08:00,17381519,0,False,Wh,303
142820,20.0,2025-04-02T06:40:00+08:00,17381983,0,False,Wh,303
142820,20.0,2025-04-02T07:00:00+08:00,17381996,0,False,Wh,303
142820,20.0,2025-04-02T07:20:00+08:00,17382014,0,False,Wh,303
142820,20.0,2025-04-02T07:40:00+08:00,17382026,0,False,Wh,303
142820,20.0,2025-04-02T08:00:00+08:00,17382038,0,False,Wh,303
142820,20.0,2025-04-02T08:20:00+08:00,17382055,0,False,Wh,303
142820,20.0,2025-04-02T08:40:00+08:00,17382069,0,False,Wh,303
142820,20.0,2025-04-02T09:00:00+08:00,17382080,0,False,Wh,303
142820,20.0,2025-04-02T09:20:00+08:00,17382097,0,False,Wh,303
142820,20.0,2025-04-02T09:40:00+08:00,17382112,0,False,Wh,303
142820,20.0,2025-04-02T10:00:00+08:00,17382123,0,False,Wh,303
142820,20.0,2025-04-02T10:20:00+08:00,17382138,0,False,Wh,303
142820,20.0,2025-04-02T10:40:00+08:00,17382154,0,False,Wh,303
142820,20.0,2025-04-02T11:00:00+08:00,17382166,0,False,Wh,303
142820,20.0,2025-04-02T11:20:00+08:00,17382180,0,False,Wh,303
142820,20.0,2025-04-02T11:40:00+08:00,17382197,0,False,Wh,303
142820,20.0,2025-04-02T12:00:00+08:00,17382209,0,False,Wh,303
142820,20.0,2025-04-02T12:20:00+08:00,17382222,0,False,Wh,303
142820,20.0,2025-04-02T12:40:00+08:00,17382241,0,False,Wh,303
142820,20.0,2025-04-02T13:00:00+08:00,17382252,0,False,Wh,303
142820,20.0,2025-04-02T13:20:00+08:00,17382265,0,False,Wh,303
142820,20.0,2025-04-02T13:40:00+08:00,17382283,0,False,Wh,303
142820,20.0,2025-04-02T14:00:00+08:00,17382296,0,False,Wh,303
142820,20.0,2025-04-02T14:20:00+08:00,17382308,0,False,Wh,303
142820,20.0,2025-04-02T14:40:00+08:00,17382326,0,False,Wh,303
142820,20.0,2025-04-02T15:00:00+08:00,17382340,0,False,Wh,303
142820,20.0,2025-04-02T15:20:00+08:00,17382352,0,False,Wh,303
142820,20.0,2025-04-02T15:40:00+08:00,17382368,0,False,Wh,303
142820,20.0,2025-04-02T16:00:00+08:00,17382384,0,False,Wh,303
142820,20.0,2025-04-02T16:20:00+08:00,17382849,0,False,Wh,303
142820,20.0,2025-04-02T16:40:00+08:00,17382865,0,False,Wh,303
142820,20.0,2025-04-02T17:00:00+08:00,17382882,0,False,Wh,303
142820,20.0,2025-04-02T17:20:00+08:00,17382894,0,False,Wh,303
142820,20.0,2025-04-02T17:40:00+08:00,17382909,0,False,Wh,303
142820,20.0,2025-04-02T18:00:00+08:00,17382926,0,False,Wh,303
142820,20.0,2025-04-02T18:20:00+08:00,17382938,0,False,Wh,303
142820,20.0,2025-04-02T18:40:00+08:00,17382952,0,False,Wh,303
142820,20.0,2025-04-02T19:00:00+08:00,17382971,0,False,Wh,303
142820,20.0,2025-04-02T19:20:00+08:00,17382983,0,False,Wh,303
142820,20.0,2025-04-02T19:40:00+08:00,17382996,0,False,Wh,303
142820,20.0,2025-04-02T20:00:00+08:00,17383015,0,False,Wh,303
142820,20.0,2025-04-02T20:20:00+08:00,17383028,0,False,Wh,303
142820,20.0,2025-04-02T20:40:00+08:00,17383041,0,False,Wh,303
142820,20.0,2025-04-02T21:00:00+08:00,17383059,0,False,Wh,303
142820,20.0,2025-04-02T21:20:00+08:00,17383072,0,False,Wh,303
142820,20.0,2025-04-02T21:40:00+08:00,17383085,0,False,Wh,303
142820,20.0,2025-04-02T22:00:00+08:00,17383102,0,False,Wh,303
142820,20.0,2025-04-02T22:20:00+08:00,17383117,0,False,Wh,303
142820,20.0,2025-04-02T22:40:00+08:00,17383129,0,False,Wh,303
142820,20.0,2025-04-02T23:00:00+08:00,17383145,0,False,Wh,303
142820,20.0,2025-04-02T23:20:00+08:00,17383161,0,False,Wh,303
142820,20.0,2025-04-02T23:40:00+08:00,17383173,0,False,Wh,303
142820,20.0,2025-04-03T00:00:00+08:00,17383188,0,False,Wh,303
142820,20.0,2025-04-03T00:20:00+08:00,17383205,0,False,Wh,303
142820,20.0,2025-04-03T00:40:00+08:00,17383217,0,False,Wh,303
142820,20.0,2025-04-03T01:00:00+08:00,17383230,0,False,Wh,303
142820,20.0,2025-04-03T01:20:00+08:00,17383248,0,False,Wh,303
142820,20.0,2025-04-03T01:40:00+08:00,17383260,0,False,Wh,303
142820,20.0,2025-04-03T02:00:00+08:00,17383723,0,False,Wh,303
142820,20.0,2025-04-03T02:20:00+08:00,17383741,0,False,Wh,303
142820,20.0,2025-04-03T02:40:00+08:00,17383753,0,False,Wh,303
142820,20.0,2025-04-03T03:00:00+08:00,17383765,0,False,Wh,303
142820,20.0,2025-04-03T03:20:00+08:00,17383783,0,False,Wh,303
142820,20.0,2025-04-03T03:40:00+08:00,17383796,0,False,Wh,303
142820,20.0,2025-04-03T04:00:00+08:00,17383808,0,False,Wh,303
142820,20.0,2025-04-03T04:20:00+08:00,17383825,0,False,Wh,303
142820,20.0,2025-04-03T04:40:00+08:00,17383839,0,False,Wh,303
142820,20.0,2025-04-03T05:00:00+08:00,17383850,0,False,Wh,303
142820,20.0,2025-04-03T05:20:00+08:00,17383866,0,False,Wh,303
142820,20.0,2025-04-03T05:40:00+08:00,17383881,0,False,Wh,303
142820,20.0,2025-04-03T06:00:00+08:00,17383893,0,False,Wh,303
142820,20.0,2025-04-03T06:20:00+08:00,17383907,0,False,Wh,303
142820,20.0,2025-04-03T06:40:00+08:00,17383923,0,False,Wh,303
142820,20.0,2025-04-03T07:00:00+08:00,17383934,0,False,Wh,303
142820,20.0,2025-04-03T07:20:00+08:00,17383948,0,False,Wh,303
142820,20.0,2025-04-03T07:40:00+08:00,17383965,0,False,Wh,303
142820,20.0,2025-04-03T08:00:00+08:00,17383976,0,False,Wh,303
142820,20.0,2025-04-03T08:20:00+08:00,17383989,0,False,Wh,303
142820,20.0,2025-04-03T08:40:00+08:00,17384007,0,False,Wh,303
142820,20.0,2025-04-03T09:00:00+08:00,17384018,0,False,Wh,303
142820,20.0,2025-04-03T09:20:00+08:00,17384030,0,False,Wh,303
142820,20.0,2025-04-03T09:40:00+08:00,17384048,0,False,Wh,303
142820,20.0,2025-04-03T10:00:00+08:00,17384060,0,False,Wh,303
142820,20.0,2025-04-03T10:20:00+08:00,17384072,0,False,Wh,303
142820,20.0,2025-04-03T10:40:00+08:00,17384089,0,False,Wh,303
142820,20.0,2025-04-03T11:00:00+08:00,17384102,0,False,Wh,303
142820,20.0,2025-04-03T11:20:00+08:00,17384570,0,False,Wh,303
142820,20.0,2025-04-03T11:40:00+08:00,17384587,0,False,Wh,303
142820,20.0,2025-04-03T12:00:00+08:00,17384600,0,False,Wh,303
142820,20.0,2025-04-03T12:20:00+08:00,17384612,0,False,Wh,303
142820,20.0,2025-04-03T12:40:00+08:00,17384629,0,False,Wh,303
142820,20.0,2025-04-03T13:00:00+08:00,17384643,0,False,Wh,303
142820,20.0,2025-04-03T13:20:00+08:00,17384654,0,False,Wh,303
142820,20.0,2025-04-03T13:40:00+08:00,17384671,0,False,Wh,303
142820,20.0,2025-04-03T14:00:00+08:00,17384686,0,False,Wh,303
142820,20.0,2025-04-03T14:20:00+08:00,17384697,0,False,Wh,303
142820,20.0,2025-04-03T14:40:00+08:00,17384713,0,False,Wh,303
142820,20.0,2025-04-03T15:00:00+08:00,17384729,0,False,Wh,303
142820,20.0,2025-04-03T15:20:00+08:00,17384741,0,False,Wh,303
142820,20.0,2025-04-03T15:40:00+08:00,17384756,0,False,Wh,303
142820,20.0,2025-04-03T16:00:00+08:00,17384773,0,False,Wh,303
142820,20.0,2025-04-03T16:20:00+08:00,17384784,0,False,Wh,303
142820,20.0,2025-04-03T16:40:00+08:00,17384798,0,False,Wh,303
142820,20.0,2025-04-03T17:00:00+08:00,17384816,0,False,Wh,303
142820,20.0,2025-04-03T17:20:00+08:00,17384828,0,False,Wh,303
142820,20.0,2025-04-03T17:40:00+08:00,17384841,0,False,Wh,303
142820,20.0,2025-04-03T18:00:00+08:00,17384860,0,False,Wh,303
142820,20.0,2025-04-03T18:20:00+08:00,17384872,0,False,Wh,303
142820,20.0,2025-04-03T18:40:00+08:00,17384885,0,False,Wh,303
142820,20.0,2025-04-03T19:00:00+08:00,17384903,0,False,Wh,303
142820,20.0,2025-04-03T19:20:00+08:00,17384916,0,False,Wh,303
142820,20.0,2025-04-03T19:40:00+08:00,17384928,0,False,Wh,303
142820,20.0,2025-04-03T20:00:00+08:00,17384946,0,False,Wh,303
142820,20.0,2025-04-03T20:20:00+08:00,17384960,0,False,Wh,303
142820,20.0,2025-04-03T20:40:00+08:00,17384972,0,False,Wh,303
142820,20.0,2025-04-03T21:00:00+08:00,17385435,0,False,Wh,303
142820,20.0,2025-04-03T21:20:00+08:00,17385450,0,False,Wh,303
142820,20.0,2025-04-03T21:40:00+08:00,17385462,0,False,Wh,303
142820,20.0,2025-04-03T22:00:00+08:00,17385478,0,False,Wh,303
142820,20.0,2025-04-03T22:20:00+08:00,17385494,0,False,Wh,303
142820,20.0,2025-04-03T22:40:00+08:00,17385506,0,False,Wh,303
142820,20.0,2025-04-03T23:00:00+08:00,17385520,0,False,Wh,303
142820,20.0,2025-04-03T23:20:00+08:00,17385538,0,False,Wh,303
142820,20.0,2025-04-03T23:40:00+08:00,17385550,0,False,Wh,303
142820,20.0,2025-04-04T00:00:00+08:00,17385563,0,False,Wh,303
142820,20.0,2025-04-04T00:20:00+08:00,17385582,0,False,Wh,303
142820,20.0,2025-04-04T00:40:00+08:00,17385593,0,False,Wh,303
142820,20.0,2025-04-04T01:00:00+08:00,17385606,0,False,Wh,303
142820,20.0,2025-04-04T01:20:00+08:00,17385624,0,False,Wh,303
142820,20.0,2025-04-04T01:40:00+08:00,17385637,0,False,Wh,303
142820,20.0,2025-04-04T02:00:00+08:00,17385649,0,False,Wh,303
142820,20.0,2025-04-04T02:20:00+08:00,17385667,0,False,Wh,303
142820,20.0,2025-04-04T02:40:00+08:00,17385680,0,False,Wh,303
142820,20.0,2025-04-04T03:00:00+08:00,17385692,0,False,Wh,303
142820,20.0,2025-04-04T03:20:00+08:00,17385709,0,False,Wh,303
142820,20.0,2025-04-04T03:40:00+08:00,17385723,0,False,Wh,303
142820,20.0,2025-04-04T04:00:00+08:00,17385735,0,False,Wh,303
142820,20.0,2025-04-04T04:20:00+08:00,17385751,0,False,Wh,303
142820,20.0,2025-04-04T04:40:00+08:00,17385766,0,False,Wh,303
142820,20.0,2025-04-04T05:00:00+08:00,17385778,0,False,Wh,303
142820,20.0,2025-04-04T05:20:00+08:00,17385793,0,False,Wh,303
142820,20.0,2025-04-04T05:40:00+08:00,17385809,0,False,Wh,303
142820,20.0,2025-04-04T06:00:00+08:00,17385821,0,False,Wh,303
142820,20.0,2025-04-04T06:20:00+08:00,17385956,0,False,Wh,303
142820,20.0,2025-04-04T06:40:00+08:00,17386312,0,False,Wh,303
142820,20.0,2025-04-04T07:00:00+08:00,17386351,0,False,Wh,303
142820,20.0,2025-04-04T07:20:00+08:00,17386400,0,False,Wh,303
142820,20.0,2025-04-04T07:40:00+08:00,17386431,0,False,Wh,303
142820,20.0,2025-04-04T08:00:00+08:00,17386455,0,False,Wh,303
142820,20.0,2025-04-04T08:20:00+08:00,17386469,0,False,Wh,303
142820,20.0,2025-04-04T08:40:00+08:00,17386483,0,False,Wh,303
142820,20.0,2025-04-04T09:00:00+08:00,17386499,0,False,Wh,303
142820,20.0,2025-04-04T09:20:00+08:00,17386515,0,False,Wh,303
142820,20.0,2025-04-04T09:40:00+08:00,17386526,0,False,Wh,303
142820,20.0,2025-04-04T10:00:00+08:00,17386541,0,False,Wh,303
142820,20.0,2025-04-04T10:20:00+08:00,17386558,0,False,Wh,303
142820,20.0,2025-04-04T10:40:00+08:00,17386569,0,False,Wh,303
142820,20.0,2025-04-04T11:00:00+08:00,17386582,0,False,Wh,303
142820,20.0,2025-04-04T11:20:00+08:00,17386600,0,False,Wh,303
142820,20.0,2025-04-04T11:40:00+08:00,17386611,0,False,Wh,303
142820,20.0,2025-04-04T12:00:00+08:00,17386623,0,False,Wh,303
142820,20.0,2025-04-04T12:20:00+08:00,17386641,0,False,Wh,303
142820,20.0,2025-04-04T12:40:00+08:00,17386654,0,False,Wh,303
142820,20.0,2025-04-04T13:00:00+08:00,17386665,0,False,Wh,303
142820,20.0,2025-04-04T13:20:00+08:00,17386682,0,False,Wh,303
142820,20.0,2025-04-04T13:40:00+08:00,17386695,0,False,Wh,303
142820,20.0,2025-04-04T14:00:00+08:00,17386707,0,False,Wh,303
142820,20.0,2025-04-04T14:20:00+08:00,17386722,0,False,Wh,303
142820,20.0,2025-04-04T14:40:00+08:00,17386737,0,False,Wh,303
142820,20.0,2025-04-04T15:00:00+08:00,17386748,0,False,Wh,303
142820,20.0,2025-04-04T15:20:00+08:00,17386763,0,False,Wh,303
142820,20.0,2025-04-04T15:40:00+08:00,17386935,0,False,Wh,303
142820,20.0,2025-04-04T16:00:00+08:00,17387253,0,False,Wh,303
142820,20.0,2025-04-04T16:20:00+08:00,17387267,0,False,Wh,303
142820,20.0,2025-04-04T16:40:00+08:00,17387284,0,False,Wh,303
142820,20.0,2025-04-04T17:00:00+08:00,17387294,0,False,Wh,303
142820,20.0,2025-04-04T17:20:00+08:00,17387308,0,False,Wh,303
142820,20.0,2025-04-04T17:40:00+08:00,17387324,0,False,Wh,303
142820,20.0,2025-04-04T18:00:00+08:00,17387335,0,False,Wh,303
142820,20.0,2025-04-04T18:20:00+08:00,17387348,0,False,Wh,303
142820,20.0,2025-04-04T18:40:00+08:00,17387365,0,False,Wh,303
142820,20.0,2025-04-04T19:00:00+08:00,17387376,0,False,Wh,303
142820,20.0,2025-04-04T19:20:00+08:00,17387388,0,False,Wh,303
142820,20.0,2025-04-04T19:40:00+08:00,17387405,0,False,Wh,303
142820,20.0,2025-04-04T20:00:00+08:00,17387417,0,False,Wh,303
142820,20.0,2025-04-04T20:20:00+08:00,17387428,0,False,Wh,303
142820,20.0,2025-04-04T20:40:00+08:00,17387445,0,False,Wh,303
142820,20.0,2025-04-04T21:00:00+08:00,17387457,0,False,Wh,303
142820,20.0,2025-04-04T21:20:00+08:00,17387468,0,False,Wh,303
142820,20.0,2025-04-04T21:40:00+08:00,17387484,0,False,Wh,303
142820,20.0,2025-04-04T22:00:00+08:00,17387497,0,False,Wh,303
142820,20.0,2025-04-04T22:20:00+08:00,17387508,0,False,Wh,303
142820,20.0,2025-04-04T22:40:00+08:00,17387524,0,False,Wh,303
142820,20.0,2025-04-04T23:00:00+08:00,17387537,0,False,Wh,303
142820,20.0,2025-04-04T23:20:00+08:00,17387547,0,False,Wh,303
142820,20.0,2025-04-04T23:40:00+08:00,17387563,0,False,Wh,303
142820,20.0,2025-04-05T00:00:00+08:00,17387576,0,False,Wh,303
142820,20.0,2025-04-05T00:20:00+08:00,17387586,0,False,Wh,303
142820,20.0,2025-04-05T00:40:00+08:00,17388059,0,False,Wh,303
142820,20.0,2025-04-05T01:00:00+08:00,17388072,0,False,Wh,303
142820,20.0,2025-04-05T01:20:00+08:00,17388082,0,False,Wh,303
142820,20.0,2025-04-05T01:40:00+08:00,17388098,0,False,Wh,303
142820,20.0,2025-04-05T02:00:00+08:00,17388111,0,False,Wh,303
142820,20.0,2025-04-05T02:20:00+08:00,17388121,0,False,Wh,303
142820,20.0,2025-04-05T02:40:00+08:00,17388137,0,False,Wh,303
142820,20.0,2025-04-05T03:00:00+08:00,17388150,0,False,Wh,303
142820,20.0,2025-04-05T03:20:00+08:00,17388160,0,False,Wh,303
142820,20.0,2025-04-05T03:40:00+08:00,17388175,0,False,Wh,303
142820,20.0,2025-04-05T04:00:00+08:00,17388188,0,False,Wh,303
142820,20.0,2025-04-05T04:20:00+08:00,17388198,0,False,Wh,303
142820,20.0,2025-04-05T04:40:00+08:00,17388214,0,False,Wh,303
142820,20.0,2025-04-05T05:00:00+08:00,17388226,0,False,Wh,303
142820,20.0,2025-04-05T05:20:00+08:00,17388236,0,False,Wh,303
142820,20.0,2025-04-05T05:40:00+08:00,17388252,0,False,Wh,303
142820,20.0,2025-04-05T06:00:00+08:00,17388264,0,False,Wh,303
142820,20.0,2025-04-05T06:20:00+08:00,17388274,0,False,Wh,303
142820,20.0,2025-04-05T06:40:00+08:00,17388291,0,False,Wh,303
142820,20.0,2025-04-05T07:00:00+08:00,17388302,0,False,Wh,303
142820,20.0,2025-04-05T07:20:00+08:00,17388312,0,False,Wh,303
142820,20.0,2025-04-05T07:40:00+08:00,17388329,0,False,Wh,303
142820,20.0,2025-04-05T08:00:00+08:00,17388340,0,False,Wh,303
142820,20.0,2025-04-05T08:20:00+08:00,17388350,0,False,Wh,303
142820,20.0,2025-04-05T08:40:00+08:00,17388367,0,False,Wh,303
142820,20.0,2025-04-05T09:00:00+08:00,17388377,0,False,Wh,303
142820,20.0,2025-04-05T09:20:00+08:00,17388831,0,False,Wh,303
142820,20.0,2025-04-05T09:40:00+08:00,17388847,0,False,Wh,303
142820,20.0,2025-04-05T10:00:00+08:00,17388857,0,False,Wh,303
142820,20.0,2025-04-05T10:20:00+08:00,17388869,0,False,Wh,303
142820,20.0,2025-04-05T10:40:00+08:00,17388885,0,False,Wh,303
142820,20.0,2025-04-05T11:00:00+08:00,17388895,0,False,Wh,303
142820,20.0,2025-04-05T11:20:00+08:00,17388907,0,False,Wh,303
142820,20.0,2025-04-05T11:40:00+08:00,17388924,0,False,Wh,303
142820,20.0,2025-04-05T12:00:00+08:00,17388934,0,False,Wh,303
142820,20.0,2025-04-05T12:20:00+08:00,17388946,0,False,Wh,303
142820,20.0,2025-04-05T12:40:00+08:00,17388962,0,False,Wh,303
142820,20.0,2025-04-05T13:00:00+08:00,17388973,0,False,Wh,303
142820,20.0,2025-04-05T13:20:00+08:00,17388985,0,False,Wh,303
142820,20.0,2025-04-05T13:40:00+08:00,17389001,0,False,Wh,303
142820,20.0,2025-04-05T14:00:00+08:00,17389012,0,False,Wh,303
142820,20.0,2025-04-05T14:20:00+08:00,17389023,0,False,Wh,303
142820,20.0,2025-04-05T14:40:00+08:00,17389040,0,False,Wh,303
142820,20.0,2025-04-05T15:00:00+08:00,17389051,0,False,Wh,303
142820,20.0,2025-04-05T15:20:00+08:00,17389062,0,False,Wh,303
142820,20.0,2025-04-05T15:40:00+08:00,17389079,0,False,Wh,303
142820,20.0,2025-04-05T16:00:00+08:00,17389090,0,False,Wh,303
142820,20.0,2025-04-05T16:20:00+08:00,17389102,0,False,Wh,303
142820,20.0,2025-04-05T16:40:00+08:00,17389119,0,False,Wh,303
142820,20.0,2025-04-05T17:00:00+08:00,17389130,0,False,Wh,303
142820,20.0,2025-04-05T17:20:00+08:00,17389142,0,False,Wh,303
142820,20.0,2025-04-05T17:40:00+08:00,17389159,0,False,Wh,303
142820,20.0,2025-04-05T18:00:00+08:00,17389415,0,False,Wh,303
142820,20.0,2025-04-05T18:20:00+08:00,17389636,0,False,Wh,303
142820,20.0,2025-04-05T18:40:00+08:00,17389653,0,False,Wh,303
142820,20.0,2025-04-05T19:00:00+08:00,17389665,0,False,Wh,303
142820,20.0,2025-04-05T19:20:00+08:00,17389676,0,False,Wh,303
142820,20.0,2025-04-05T19:40:00+08:00,17389693,0,False,Wh,303
142820,20.0,2025-04-05T20:00:00+08:00,17389706,0,False,Wh,303
142820,20.0,2025-04-05T20:20:00+08:00,17389717,0,False,Wh,303
142820,20.0,2025-04-05T20:40:00+08:00,17389733,0,False,Wh,303
142820,20.0,2025-04-05T21:00:00+08:00,17389747,0,False,Wh,303
142820,20.0,2025-04-05T21:20:00+08:00,17389758,0,False,Wh,303
142820,20.0,2025-04-05T21:40:00+08:00,17389773,0,False,Wh,303
142820,20.0,2025-04-05T22:00:00+08:00,17389788,0,False,Wh,303
142820,20.0,2025-04-05T22:20:00+08:00,17389798,0,False,Wh,303
142820,20.0,2025-04-05T22:40:00+08:00,17389813,0,False,Wh,303
142820,20.0,2025-04-05T23:00:00+08:00,17389828,0,False,Wh,303
142820,20.0,2025-04-05T23:20:00+08:00,17389839,0,False,Wh,303
142820,20.0,2025-04-05T23:40:00+08:00,17389853,0,False,Wh,303
142820,20.0,2025-04-06T00:00:00+08:00,17389869,0,False,Wh,303
142820,20.0,2025-04-06T00:20:00+08:00,17389879,0,False,Wh,303
142820,20.0,2025-04-06T00:40:00+08:00,17389893,0,False,Wh,303
142820,20.0,2025-04-06T01:00:00+08:00,17389908,0,False,Wh,303
142820,20.0,2025-04-06T01:20:00+08:00,17389919,0,False,Wh,303
142820,20.0,2025-04-06T01:40:00+08:00,17389950,0,False,Wh,303
142820,20.0,2025-04-06T02:00:00+08:00,17389980,0,False,Wh,303
142820,20.0,2025-04-06T02:20:00+08:00,17390011,0,False,Wh,303
142820,20.0,2025-04-06T02:40:00+08:00,17390042,0,False,Wh,303
142820,20.0,2025-04-06T03:00:00+08:00,17390072,0,False,Wh,303
142820,20.0,2025-04-06T03:20:00+08:00,17390103,0,False,Wh,303
142820,20.0,2025-04-06T03:40:00+08:00,17390134,0,False,Wh,303
142820,20.0,2025-04-06T04:00:00+08:00,17390164,0,False,Wh,303
142820,20.0,2025-04-06T04:20:00+08:00,17390195,0,False,Wh,303
142820,20.0,2025-04-06T04:40:00+08:00,17390226,0,False,Wh,303
142820,20.0,2025-04-06T05:00:00+08:00,17390256,0,False,Wh,303
142820,20.0,2025-04-06T05:20:00+08:00,17390287,0,False,Wh,303
142820,20.0,2025-04-06T05:40:00+08:00,17390318,0,False,Wh,303
142820,20.0,2025-04-06T06:00:00+08:00,17390348,0,False,Wh,303
142820,20.0,2025-04-06T06:20:00+08:00,17390379,0,False,Wh,303
142820,20.0,2025-04-06T06:40:00+08:00,17390409,0,False,Wh,303
142820,20.0,2025-04-06T07:00:00+08:00,17390440,0,False,Wh,303
142820,20.0,2025-04-06T07:20:00+08:00,17390471,0,False,Wh,303
142820,20.0,2025-04-06T07:40:00+08:00,17390501,0,False,Wh,303
142820,20.0,2025-04-06T08:00:00+08:00,17390532,0,False,Wh,303
142820,20.0,2025-04-06T08:20:00+08:00,17390563,0,False,Wh,303
142820,20.0,2025-04-06T08:40:00+08:00,17390593,0,False,Wh,303
142820,20.0,2025-04-06T09:00:00+08:00,17390624,0,False,Wh,303
142820,20.0,2025-04-06T09:20:00+08:00,17390655,0,False,Wh,303
142820,20.0,2025-04-06T09:40:00+08:00,17390685,0,False,Wh,303
142820,20.0,2025-04-06T10:00:00+08:00,17390716,0,False,Wh,303
142820,20.0,2025-04-06T10:20:00+08:00,17390747,0,False,Wh,303
142820,20.0,2025-04-06T10:40:00+08:00,17390777,0,False,Wh,303
142820,20.0,2025-04-06T11:00:00+08:00,17390808,0,False,Wh,303
142820,20.0,2025-04-06T11:20:00+08:00,17390839,0,False,Wh,303
142820,20.0,2025-04-06T11:40:00+08:00,17390869,0,False,Wh,303
142820,20.0,2025-04-06T12:00:00+08:00,17390900,0,False,Wh,303
142820,20.0,2025-04-06T12:20:00+08:00,17390931,0,False,Wh,303
142820,20.0,2025-04-06T12:40:00+08:00,17390961,0,False,Wh,303
142820,20.0,2025-04-06T13:00:00+08:00,17390992,0,False,Wh,303
142820,20.0,2025-04-06T13:20:00+08:00,17391023,0,False,Wh,303
142820,20.0,2025-04-06T13:40:00+08:00,17391053,0,False,Wh,303
142820,20.0,2025-04-06T14:00:00+08:00,17391084,0,False,Wh,303
142820,20.0,2025-04-06T14:20:00+08:00,17391115,0,False,Wh,303
142820,20.0,2025-04-06T14:40:00+08:00,17391145,0,False,Wh,303
142820,20.0,2025-04-06T15:00:00+08:00,17391176,0,False,Wh,303
142820,20.0,2025-04-06T15:20:00+08:00,17391206,0,False,Wh,303
142820,20.0,2025-04-06T15:40:00+08:00,17391237,0,False,Wh,303
142820,20.0,2025-04-06T16:00:00+08:00,17391268,0,False,Wh,303
142820,20.0,2025-04-06T16:20:00+08:00,17391298,0,False,Wh,303
142820,20.0,2025-04-06T16:40:00+08:00,17391329,0,False,Wh,303
142820,20.0,2025-04-06T17:00:00+08:00,17391360,0,False,Wh,303
142820,20.0,2025-04-06T17:20:00+08:00,17391390,0,False,Wh,303
142820,20.0,2025-04-06T17:40:00+08:00,17391421,0,False,Wh,303
142820,20.0,2025-04-06T18:00:00+08:00,17391452,0,False,Wh,303
142820,20.0,2025-04-06T18:20:00+08:00,17391482,0,False,Wh,303
142820,20.0,2025-04-06T18:40:00+08:00,17391513,0,False,Wh,303
142820,20.0,2025-04-06T19:00:00+08:00,17391544,0,False,Wh,303
142820,20.0,2025-04-06T19:20:00+08:00,17391574,0,False,Wh,303
142820,20.0,2025-04-06T19:40:00+08:00,17391605,0,False,Wh,303
142820,20.0,2025-04-06T20:00:00+08:00,17391636,0,False,Wh,303
142820,20.0,2025-04-06T20:20:00+08:00,17391666,0,False,Wh,303
142820,20.0,2025-04-06T20:40:00+08:00,17391697,0,False,Wh,303
142820,20.0,2025-04-06T21:00:00+08:00,17391728,0,False,Wh,303
142820,20.0,2025-04-06T21:20:00+08:00,17391758,0,False,Wh,303
142820,20.0,2025-04-06T21:40:00+08:00,17391789,0,False,Wh,303
142820,20.0,2025-04-06T22:00:00+08:00,17391820,0,False,Wh,303
142820,20.0,2025-04-06T22:20:00+08:00,17391850,0,False,Wh,303
142820,20.0,2025-04-06T22:40:00+08:00,17391881,0,False,Wh,303
142820,20.0,2025-04-06T23:00:00+08:00,17391912,0,False,Wh,303
142820,20.0,2025-04-06T23:20:00+08:00,17391942,0,False,Wh,303
142820,20.0,2025-04-06T23:40:00+08:00,17391973,0,False,Wh,303
142820,20.0,2025-04-07T00:00:00+08:00,17392004,0,False,Wh,303
142820,20.0,2025-04-07T00:20:00+08:00,17392034,0,False,Wh,303
142820,20.0,2025-04-07T00:40:00+08:00,17392065,0,False,Wh,303
142820,20.0,2025-04-07T01:00:00+08:00,17392095,0,False,Wh,303
142820,20.0,2025-04-07T01:20:00+08:00,17392126,0,False,Wh,303
142820,20.0,2025-04-07T01:40:00+08:00,17392157,0,False,Wh,303
142820,20.0,2025-04-07T02:00:00+08:00,17392187,0,False,Wh,303
142820,20.0,2025-04-07T02:20:00+08:00,17392218,0,False,Wh,303
142820,20.0,2025-04-07T02:40:00+08:00,17392249,0,False,Wh,303
142820,20.0,2025-04-07T03:00:00+08:00,17392279,0,False,Wh,303
142820,20.0,2025-04-07T03:20:00+08:00,17392310,0,False,Wh,303
142820,20.0,2025-04-07T03:40:00+08:00,17392341,0,False,Wh,303
142820,20.0,2025-04-07T04:00:00+08:00,17392371,0,False,Wh,303
142820,20.0,2025-04-07T04:20:00+08:00,17392402,0,False,Wh,303
142820,20.0,2025-04-07T04:40:00+08:00,17392433,0,False,Wh,303
142820,20.0,2025-04-07T05:00:00+08:00,17392463,0,False,Wh,303
142820,20.0,2025-04-07T05:20:00+08:00,17392494,0,False,Wh,303
142820,20.0,2025-04-07T05:40:00+08:00,17392525,0,False,Wh,303
142820,20.0,2025-04-07T06:00:00+08:00,17392555,0,False,Wh,303
142820,20.0,2025-04-07T06:20:00+08:00,17392586,0,False,Wh,303
142820,20.0,2025-04-07T06:40:00+08:00,17392617,0,False,Wh,303
142820,20.0,2025-04-07T07:00:00+08:00,17392647,0,False,Wh,303
142820,20.0,2025-04-07T07:20:00+08:00,17392678,0,False,Wh,303
142820,20.0,2025-04-07T07:40:00+08:00,17392709,0,False,Wh,303
142820,20.0,2025-04-07T08:00:00+08:00,17392739,0,False,Wh,303
142820,20.0,2025-04-07T08:20:00+08:00,17392770,0,False,Wh,303
142820,20.0,2025-04-07T08:40:00+08:00,17392801,0,False,Wh,303
142820,20.0,2025-04-07T09:00:00+08:00,17392831,0,False,Wh,303
142820,20.0,2025-04-07T09:20:00+08:00,17392862,0,False,Wh,303
142820,20.0,2025-04-07T09:40:00+08:00,17392893,0,False,Wh,303
142820,20.0,2025-04-07T10:00:00+08:00,17392923,0,False,Wh,303
142820,20.0,2025-04-07T10:20:00+08:00,17392954,0,False,Wh,303
142820,20.0,2025-04-07T10:40:00+08:00,17392984,0,False,Wh,303
142820,20.0,2025-04-07T11:00:00+08:00,17393015,0,False,Wh,303
142820,20.0,2025-04-07T11:20:00+08:00,17393046,0,False,Wh,303
142820,20.0,2025-04-07T11:40:00+08:00,17393076,0,False,Wh,303
142820,20.0,2025-04-07T12:00:00+08:00,17393107,0,False,Wh,303
142820,20.0,2025-04-07T12:20:00+08:00,17393138,0,False,Wh,303
142820,20.0,2025-04-07T12:40:00+08:00,17393168,0,False,Wh,303
142820,20.0,2025-04-07T13:00:00+08:00,17393199,0,False,Wh,303
142820,20.0,2025-04-07T13:20:00+08:00,17393230,0,False,Wh,303
142820,20.0,2025-04-07T13:40:00+08:00,17393260,0,False,Wh,303
142820,20.0,2025-04-07T14:00:00+08:00,17393291,0,False,Wh,303
142820,20.0,2025-04-07T14:20:00+08:00,17393322,0,False,Wh,303
142820,20.0,2025-04-07T14:40:00+08:00,17393352,0,False,Wh,303
142820,20.0,2025-04-07T15:00:00+08:00,17393383,0,False,Wh,303
142820,20.0,2025-04-07T15:20:00+08:00,17393414,0,False,Wh,303
142820,20.0,2025-04-07T15:40:00+08:00,17393444,0,False,Wh,303
142820,20.0,2025-04-07T16:00:00+08:00,17393475,0,False,Wh,303
142820,20.0,2025-04-07T16:20:00+08:00,17393506,0,False,Wh,303
142820,20.0,2025-04-07T16:40:00+08:00,17393536,0,False,Wh,303
142820,20.0,2025-04-07T17:00:00+08:00,17393567,0,False,Wh,303
142820,20.0,2025-04-07T17:20:00+08:00,17393598,0,False,Wh,303
142820,20.0,2025-04-07T17:40:00+08:00,17393628,0,False,Wh,303
142820,20.0,2025-04-07T18:00:00+08:00,17393659,0,False,Wh,303
142820,20.0,2025-04-07T18:20:00+08:00,17393690,0,False,Wh,303
142820,20.0,2025-04-07T18:40:00+08:00,17393720,0,False,Wh,303
142820,20.0,2025-04-07T19:00:00+08:00,17393751,0,False,Wh,303
142820,20.0,2025-04-07T19:20:00+08:00,17393781,0,False,Wh,303
142820,20.0,2025-04-07T19:40:00+08:00,17393812,0,False,Wh,303
142820,20.0,2025-04-07T20:00:00+08:00,17393843,0,False,Wh,303
142820,20.0,2025-04-07T20:20:00+08:00,17393873,0,False,Wh,303
142820,20.0,2025-04-07T20:40:00+08:00,17393904,0,False,Wh,303
142820,20.0,2025-04-07T21:00:00+08:00,17393935,0,False,Wh,303
142820,20.0,2025-04-07T21:20:00+08:00,17393965,0,False,Wh,303
142820,20.0,2025-04-07T21:40:00+08:00,17393996,0,False,Wh,303
142820,20.0,2025-04-07T22:00:00+08:00,17394027,0,False,Wh,303
142820,20.0,2025-04-07T22:20:00+08:00,17394057,0,False,Wh,303
142820,20.0,2025-04-07T22:40:00+08:00,17394088,0,False,Wh,303
142820,20.0,2025-04-07T23:00:00+08:00,17394119,0,False,Wh,303
142820,20.0,2025-04-07T23:20:00+08:00,17394149,0,False,Wh,303
142820,20.0,2025-04-07T23:40:00+08:00,17394180,0,False,Wh,303
142820,20.0,2025-04-08T00:00:00+08:00,17394197,0,False,Wh,303
142821,20.0,2025-04-01T00:20:00+08:00,8809958,0,False,Wh,Commercial
142821,20.0,2025-04-01T00:40:00+08:00,8809992,0,False,Wh,Commercial
142821,20.0,2025-04-01T01:00:00+08:00,8810034,0,False,Wh,Commercial
142821,20.0,2025-04-01T01:20:00+08:00,8810075,0,False,Wh,Commercial
142821,20.0,2025-04-01T01:40:00+08:00,8810102,0,False,Wh,Commercial
142821,20.0,2025-04-01T02:00:00+08:00,8810124,0,False,Wh,Commercial
142821,20.0,2025-04-01T02:20:00+08:00,8810146,0,False,Wh,Commercial
142821,20.0,2025-04-01T02:40:00+08:00,8810168,0,False,Wh,Commercial
142821,20.0,2025-04-01T03:00:00+08:00,8810196,0,False,Wh,Commercial
142821,20.0,2025-04-01T03:20:00+08:00,8810238,0,False,Wh,Commercial
142821,20.0,2025-04-01T03:40:00+08:00,8810279,0,False,Wh,Commercial
142821,20.0,2025-04-01T04:00:00+08:00,8810312,0,False,Wh,Commercial
142821,20.0,2025-04-01T04:20:00+08:00,8810334,0,False,Wh,Commercial
142821,20.0,2025-04-01T04:40:00+08:00,8810356,0,False,Wh,Commercial
142821,20.0,2025-04-01T05:00:00+08:00,8810378,0,False,Wh,Commercial
142821,20.0,2025-04-01T05:20:00+08:00,8810400,0,False,Wh,Commercial
142821,20.0,2025-04-01T05:40:00+08:00,8810443,0,False,Wh,Commercial
142821,20.0,2025-04-01T06:00:00+08:00,8810491,0,False,Wh,Commercial
142821,20.0,2025-04-01T06:20:00+08:00,8810537,0,False,Wh,Commercial
142821,20.0,2025-04-01T06:40:00+08:00,8810566,0,False,Wh,Commercial
142821,20.0,2025-04-01T07:00:00+08:00,8810595,0,False,Wh,Commercial
142821,20.0,2025-04-01T07:20:00+08:00,8810624,0,False,Wh,Commercial
142821,20.0,2025-04-01T07:40:00+08:00,8810653,0,False,Wh,Commercial
142821,20.0,2025-04-01T08:00:00+08:00,8810692,0,False,Wh,Commercial
142821,20.0,2025-04-01T08:20:00+08:00,8810740,0,False,Wh,Commercial
142821,20.0,2025-04-01T08:40:00+08:00,8810860,0,False,Wh,Commercial
142821,20.0,2025-04-01T09:00:00+08:00,8811565,0,False,Wh,Commercial
142821,20.0,2025-04-01T09:20:00+08:00,8812107,0,False,Wh,Commercial
142821,20.0,2025-04-01T09:40:00+08:00,8812849,0,False,Wh,Commercial
142821,20.0,2025-04-01T10:00:00+08:00,8813542,0,False,Wh,Commercial
142821,20.0,2025-04-01T10:20:00+08:00,8814223,0,False,Wh,Commercial
142821,20.0,2025-04-01T10:40:00+08:00,8814976,0,False,Wh,Commercial
142821,20.0,2025-04-01T11:00:00+08:00,8815719,0,False,Wh,Commercial
142821,20.0,2025-04-01T11:20:00+08:00,8816387,0,False,Wh,Commercial
142821,20.0,2025-04-01T11:40:00+08:00,8817130,0,False,Wh,Commercial
142821,20.0,2025-04-01T12:00:00+08:00,8817749,0,False,Wh,Commercial
142821,20.0,2025-04-01T12:20:00+08:00,8818440,0,False,Wh,Commercial
142821,20.0,2025-04-01T12:40:00+08:00,8819171,0,False,Wh,Commercial
142821,20.0,2025-04-01T13:00:00+08:00,8819942,0,False,Wh,Commercial
142821,20.0,2025-04-01T13:20:00+08:00,8820610,0,False,Wh,Commercial
142821,20.0,2025-04-01T13:40:00+08:00,8821380,0,False,Wh,Commercial
142821,20.0,2025-04-01T14:00:00+08:00,8822062,0,False,Wh,Commercial
142821,20.0,2025-04-01T14:20:00+08:00,8822862,0,False,Wh,Commercial
142821,20.0,2025-04-01T14:40:00+08:00,8823748,0,False,Wh,Commercial
142821,20.0,2025-04-01T15:00:00+08:00,8824518,0,False,Wh,Commercial
142821,20.0,2025-04-01T15:20:00+08:00,8825468,0,False,Wh,Commercial
142821,20.0,2025-04-01T15:40:00+08:00,8826310,0,False,Wh,Commercial
142821,20.0,2025-04-01T16:00:00+08:00,8827185,0,False,Wh,Commercial
142821,20.0,2025-04-01T16:20:00+08:00,8828042,0,False,Wh,Commercial
142821,20.0,2025-04-01T16:40:00+08:00,8828942,0,False,Wh,Commercial
142821,20.0,2025-04-01T17:00:00+08:00,8829741,0,False,Wh,Commercial
142821,20.0,2025-04-01T17:20:00+08:00,8829774,0,False,Wh,Commercial
142821,20.0,2025-04-01T17:40:00+08:00,8829806,0,False,Wh,Commercial
142821,20.0,2025-04-01T18:00:00+08:00,8829852,0,False,Wh,Commercial
142821,20.0,2025-04-01T18:20:00+08:00,8829899,0,False,Wh,Commercial
142821,20.0,2025-04-01T18:40:00+08:00,8829941,0,False,Wh,Commercial
142821,20.0,2025-04-01T19:00:00+08:00,8829965,0,False,Wh,Commercial
142821,20.0,2025-04-01T19:20:00+08:00,8829990,0,False,Wh,Commercial
142821,20.0,2025-04-01T19:40:00+08:00,8830014,0,False,Wh,Commercial
142821,20.0,2025-04-01T20:00:00+08:00,8830039,0,False,Wh,Commercial
142821,20.0,2025-04-01T20:20:00+08:00,8830073,0,False,Wh,Commercial
142821,20.0,2025-04-01T20:40:00+08:00,8830117,0,False,Wh,Commercial
142821,20.0,2025-04-01T21:00:00+08:00,8830161,0,False,Wh,Commercial
142821,20.0,2025-04-01T21:20:00+08:00,8830191,0,False,Wh,Commercial
142821,20.0,2025-04-01T21:40:00+08:00,8830215,0,False,Wh,Commercial
142821,20.0,2025-04-01T22:00:00+08:00,8830240,0,False,Wh,Commercial
142821,20.0,2025-04-01T22:20:00+08:00,8830264,0,False,Wh,Commercial
142821,20.0,2025-04-01T22:40:00+08:00,8830291,0,False,Wh,Commercial
142821,20.0,2025-04-01T23:00:00+08:00,8830336,0,False,Wh,Commercial
142821,20.0,2025-04-01T23:20:00+08:00,8830380,0,False,Wh,Commercial
142821,20.0,2025-04-01T23:40:00+08:00,8830416,0,False,Wh,Commercial
142821,20.0,2025-04-02T00:00:00+08:00,8830441,0,False,Wh,Commercial
142821,20.0,2025-04-02T00:20:00+08:00,8830465,0,False,Wh,Commercial
142821,20.0,2025-04-02T00:40:00+08:00,8830490,0,False,Wh,Commercial
142821,20.0,2025-04-02T01:00:00+08:00,8830515,0,False,Wh,Commercial
142821,20.0,2025-04-02T01:20:00+08:00,8830555,0,False,Wh,Commercial
142821,20.0,2025-04-02T01:40:00+08:00,8830599,0,False,Wh,Commercial
142821,20.0,2025-04-02T02:00:00+08:00,8830641,0,False,Wh,Commercial
142821,20.0,2025-04-02T02:20:00+08:00,8830666,0,False,Wh,Commercial
142821,20.0,2025-04-02T02:40:00+08:00,8830697,0,False,Wh,Commercial
142821,20.0,2025-04-02T03:00:00+08:00,8830728,0,False,Wh,Commercial
142821,20.0,2025-04-02T03:20:00+08:00,8830760,0,False,Wh,Commercial
142821,20.0,2025-04-02T03:40:00+08:00,8830800,0,False,Wh,Commercial
142821,20.0,2025-04-02T04:00:00+08:00,8830851,0,False,Wh,Commercial
142821,20.0,2025-04-02T04:20:00+08:00,8830902,0,False,Wh,Commercial
142821,20.0,2025-04-02T04:40:00+08:00,8830937,0,False,Wh,Commercial
142821,20.0,2025-04-02T05:00:00+08:00,8830969,0,False,Wh,Commercial
142821,20.0,2025-04-02T05:20:00+08:00,8831001,0,False,Wh,Commercial
142821,20.0,2025-04-02T05:40:00+08:00,8831032,0,False,Wh,Commercial
142821,20.0,2025-04-02T06:00:00+08:00,8831065,0,False,Wh,Commercial
142821,20.0,2025-04-02T06:20:00+08:00,8831116,0,False,Wh,Commercial
142821,20.0,2025-04-02T06:40:00+08:00,8831167,0,False,Wh,Commercial
142821,20.0,2025-04-02T07:00:00+08:00,8831209,0,False,Wh,Commercial
142821,20.0,2025-04-02T07:20:00+08:00,8831240,0,False,Wh,Commercial
142821,20.0,2025-04-02T07:40:00+08:00,8831272,0,False,Wh,Commercial
142821,20.0,2025-04-02T08:00:00+08:00,8831303,0,False,Wh,Commercial
142821,20.0,2025-04-02T08:20:00+08:00,8831335,0,False,Wh,Commercial
142821,20.0,2025-04-02T08:40:00+08:00,8831380,0,False,Wh,Commercial
142821,20.0,2025-04-02T09:00:00+08:00,8831647,0,False,Wh,Commercial
142821,20.0,2025-04-02T09:20:00+08:00,8832022,0,False,Wh,Commercial
142821,20.0,2025-04-02T09:40:00+08:00,8832378,0,False,Wh,Commercial
142821,20.0,2025-04-02T10:00:00+08:00,8832770,0,False,Wh,Commercial
142821,20.0,2025-04-02T10:20:00+08:00,8833164,0,False,Wh,Commercial
142821,20.0,2025-04-02T10:40:00+08:00,8833545,0,False,Wh,Commercial
142821,20.0,2025-04-02T11:00:00+08:00,8833926,0,False,Wh,Commercial
142821,20.0,2025-04-02T11:20:00+08:00,8834402,0,False,Wh,Commercial
142821,20.0,2025-04-02T11:40:00+08:00,8834946,0,False,Wh,Commercial
142821,20.0,2025-04-02T12:00:00+08:00,8835510,0,False,Wh,Commercial
142821,20.0,2025-04-02T12:20:00+08:00,8836225,0,False,Wh,Commercial
142821,20.0,2025-04-02T12:40:00+08:00,8836798,0,False,Wh,Commercial
142821,20.0,2025-04-02T13:00:00+08:00,8837379,0,False,Wh,Commercial
142821,20.0,2025-04-02T13:20:00+08:00,8837963,0,False,Wh,Commercial
142821,20.0,2025-04-02T13:40:00+08:00,8838426,0,False,Wh,Commercial
142821,20.0,2025-04-02T14:00:00+08:00,8838906,0,False,Wh,Commercial
142821,20.0,2025-04-02T14:20:00+08:00,8839325,0,False,Wh,Commercial
142821,20.0,2025-04-02T14:40:00+08:00,8839728,0,False,Wh,Commercial
142821,20.0,2025-04-02T15:00:00+08:00,8840131,0,False,Wh,Commercial
142821,20.0,2025-04-02T15:20:00+08:00,8840592,0,False,Wh,Commercial
142821,20.0,2025-04-02T15:40:00+08:00,8841131,0,False,Wh,Commercial
142821,20.0,2025-04-02T16:00:00+08:00,8841695,0,False,Wh,Commercial
142821,20.0,2025-04-02T16:20:00+08:00,8842169,0,False,Wh,Commercial
142821,20.0,2025-04-02T16:40:00+08:00,8842633,0,False,Wh,Commercial
142821,20.0,2025-04-02T17:00:00+08:00,8843105,0,False,Wh,Commercial
142821,20.0,2025-04-02T17:20:00+08:00,8843176,0,False,Wh,Commercial
142821,20.0,2025-04-02T17:40:00+08:00,8843207,0,False,Wh,Commercial
142821,20.0,2025-04-02T18:00:00+08:00,8843234,0,False,Wh,Commercial
142821,20.0,2025-04-02T18:20:00+08:00,8843259,0,False,Wh,Commercial
142821,20.0,2025-04-02T18:40:00+08:00,8843304,0,False,Wh,Commercial
142821,20.0,2025-04-02T19:00:00+08:00,8843348,0,False,Wh,Commercial
142821,20.0,2025-04-02T19:20:00+08:00,8843383,0,False,Wh,Commercial
142821,20.0,2025-04-02T19:40:00+08:00,8843408,0,False,Wh,Commercial
142821,20.0,2025-04-02T20:00:00+08:00,8843432,0,False,Wh,Commercial
142821,20.0,2025-04-02T20:20:00+08:00,8843457,0,False,Wh,Commercial
142821,20.0,2025-04-02T20:40:00+08:00,8843481,0,False,Wh,Commercial
142821,20.0,2025-04-02T21:00:00+08:00,8843519,0,False,Wh,Commercial
142821,20.0,2025-04-02T21:20:00+08:00,8843563,0,False,Wh,Commercial
142821,20.0,2025-04-02T21:40:00+08:00,8843607,0,False,Wh,Commercial
142821,20.0,2025-04-02T22:00:00+08:00,8843631,0,False,Wh,Commercial
142821,20.0,2025-04-02T22:20:00+08:00,8843656,0,False,Wh,Commercial
142821,20.0,2025-04-02T22:40:00+08:00,8843680,0,False,Wh,Commercial
142821,20.0,2025-04-02T23:00:00+08:00,8843705,0,False,Wh,Commercial
142821,20.0,2025-04-02T23:20:00+08:00,8843733,0,False,Wh,Commercial
142821,20.0,2025-04-02T23:40:00+08:00,8843778,0,False,Wh,Commercial
142821,20.0,2025-04-03T00:00:00+08:00,8843823,0,False,Wh,Commercial
142821,20.0,2025-04-03T00:20:00+08:00,8843863,0,False,Wh,Commercial
142821,20.0,2025-04-03T00:40:00+08:00,8843894,0,False,Wh,Commercial
142821,20.0,2025-04-03T01:00:00+08:00,8843926,0,False,Wh,Commercial
142821,20.0,2025-04-03T01:20:00+08:00,8843958,0,False,Wh,Commercial
142821,20.0,2025-04-03T01:40:00+08:00,8843989,0,False,Wh,Commercial
142821,20.0,2025-04-03T02:00:00+08:00,8844038,0,False,Wh,Commercial
142821,20.0,2025-04-03T02:20:00+08:00,8844089,0,False,Wh,Commercial
142821,20.0,2025-04-03T02:40:00+08:00,8844135,0,False,Wh,Commercial
142821,20.0,2025-04-03T03:00:00+08:00,8844167,0,False,Wh,Commercial
142821,20.0,2025-04-03T03:20:00+08:00,8844198,0,False,Wh,Commercial
142821,20.0,2025-04-03T03:40:00+08:00,8844230,0,False,Wh,Commercial
142821,20.0,2025-04-03T04:00:00+08:00,8844261,0,False,Wh,Commercial
142821,20.0,2025-04-03T04:20:00+08:00,8844301,0,False,Wh,Commercial
142821,20.0,2025-04-03T04:40:00+08:00,8844352,0,False,Wh,Commercial
142821,20.0,2025-04-03T05:00:00+08:00,8844402,0,False,Wh,Commercial
142821,20.0,2025-04-03T05:20:00+08:00,8844437,0,False,Wh,Commercial
142821,20.0,2025-04-03T05:40:00+08:00,8844468,0,False,Wh,Commercial
142821,20.0,2025-04-03T06:00:00+08:00,8844500,0,False,Wh,Commercial
142821,20.0,2025-04-03T06:20:00+08:00,8844532,0,False,Wh,Commercial
142821,20.0,2025-04-03T06:40:00+08:00,8844563,0,False,Wh,Commercial
142821,20.0,2025-04-03T07:00:00+08:00,8844614,0,False,Wh,Commercial
142821,20.0,2025-04-03T07:20:00+08:00,8844665,0,False,Wh,Commercial
142821,20.0,2025-04-03T07:40:00+08:00,8844708,0,False,Wh,Commercial
142821,20.0,2025-04-03T08:00:00+08:00,8844739,0,False,Wh,Commercial
142821,20.0,2025-04-03T08:20:00+08:00,8844771,0,False,Wh,Commercial
142821,20.0,2025-04-03T08:40:00+08:00,8844802,0,False,Wh,Commercial
142821,20.0,2025-04-03T09:00:00+08:00,8844966,0,False,Wh,Commercial
142821,20.0,2025-04-03T09:20:00+08:00,8845252,0,False,Wh,Commercial
142821,20.0,2025-04-03T09:40:00+08:00,8845572,0,False,Wh,Commercial
142821,20.0,2025-04-03T10:00:00+08:00,8845998,0,False,Wh,Commercial
142821,20.0,2025-04-03T10:20:00+08:00,8846442,0,False,Wh,Commercial
142821,20.0,2025-04-03T10:40:00+08:00,8846817,0,False,Wh,Commercial
142821,20.0,2025-04-03T11:00:00+08:00,8847209,0,False,Wh,Commercial
142821,20.0,2025-04-03T11:20:00+08:00,8847544,0,False,Wh,Commercial
142821,20.0,2025-04-03T11:40:00+08:00,8847839,0,False,Wh,Commercial
142821,20.0,2025-04-03T12:00:00+08:00,8848188,0,False,Wh,Commercial
142821,20.0,2025-04-03T12:20:00+08:00,8848569,0,False,Wh,Commercial
142821,20.0,2025-04-03T12:40:00+08:00,8848873,0,False,Wh,Commercial
142821,20.0,2025-04-03T13:00:00+08:00,8849181,0,False,Wh,Commercial
142821,20.0,2025-04-03T13:20:00+08:00,8849621,0,False,Wh,Commercial
142821,20.0,2025-04-03T13:40:00+08:00,8850105,0,False,Wh,Commercial
142821,20.0,2025-04-03T14:00:00+08:00,8850545,0,False,Wh,Commercial
142821,20.0,2025-04-03T14:20:00+08:00,8851004,0,False,Wh,Commercial
142821,20.0,2025-04-03T14:40:00+08:00,8851462,0,False,Wh,Commercial
142821,20.0,2025-04-03T15:00:00+08:00,8851911,0,False,Wh,Commercial
142821,20.0,2025-04-03T15:20:00+08:00,8852343,0,False,Wh,Commercial
142821,20.0,2025-04-03T15:40:00+08:00,8852839,0,False,Wh,Commercial
142821,20.0,2025-04-03T16:00:00+08:00,8853383,0,False,Wh,Commercial
142821,20.0,2025-04-03T16:20:00+08:00,8853893,0,False,Wh,Commercial
142821,20.0,2025-04-03T16:40:00+08:00,8854322,0,False,Wh,Commercial
142821,20.0,2025-04-03T17:00:00+08:00,8854756,0,False,Wh,Commercial
142821,20.0,2025-04-03T17:20:00+08:00,8855232,0,False,Wh,Commercial
142821,20.0,2025-04-03T17:40:00+08:00,8855710,0,False,Wh,Commercial
142821,20.0,2025-04-03T18:00:00+08:00,8856111,0,False,Wh,Commercial
142821,20.0,2025-04-03T18:20:00+08:00,8856482,0,False,Wh,Commercial
142821,20.0,2025-04-03T18:40:00+08:00,8856847,0,False,Wh,Commercial
142821,20.0,2025-04-03T19:00:00+08:00,8857158,0,False,Wh,Commercial
142821,20.0,2025-04-03T19:20:00+08:00,8857496,0,False,Wh,Commercial
142821,20.0,2025-04-03T19:40:00+08:00,8857850,0,False,Wh,Commercial
142821,20.0,2025-04-03T20:00:00+08:00,8858011,0,False,Wh,Commercial
142821,20.0,2025-04-03T20:20:00+08:00,8858043,0,False,Wh,Commercial
142821,20.0,2025-04-03T20:40:00+08:00,8858075,0,False,Wh,Commercial
142821,20.0,2025-04-03T21:00:00+08:00,8858103,0,False,Wh,Commercial
142821,20.0,2025-04-03T21:20:00+08:00,8858129,0,False,Wh,Commercial
142821,20.0,2025-04-03T21:40:00+08:00,8858164,0,False,Wh,Commercial
142821,20.0,2025-04-03T22:00:00+08:00,8858208,0,False,Wh,Commercial
142821,20.0,2025-04-03T22:20:00+08:00,8858252,0,False,Wh,Commercial
142821,20.0,2025-04-03T22:40:00+08:00,8858278,0,False,Wh,Commercial
142821,20.0,2025-04-03T23:00:00+08:00,8858303,0,False,Wh,Commercial
142821,20.0,2025-04-03T23:20:00+08:00,8858327,0,False,Wh,Commercial
142821,20.0,2025-04-03T23:40:00+08:00,8858352,0,False,Wh,Commercial
142821,20.0,2025-04-04T00:00:00+08:00,8858377,0,False,Wh,Commercial
142821,20.0,2025-04-04T00:20:00+08:00,8858422,0,False,Wh,Commercial
142821,20.0,2025-04-04T00:40:00+08:00,8858466,0,False,Wh,Commercial
142821,20.0,2025-04-04T01:00:00+08:00,8858502,0,False,Wh,Commercial
142821,20.0,2025-04-04T01:20:00+08:00,8858527,0,False,Wh,Commercial
142821,20.0,2025-04-04T01:40:00+08:00,8858552,0,False,Wh,Commercial
142821,20.0,2025-04-04T02:00:00+08:00,8858577,0,False,Wh,Commercial
142821,20.0,2025-04-04T02:20:00+08:00,8858602,0,False,Wh,Commercial
142821,20.0,2025-04-04T02:40:00+08:00,8858636,0,False,Wh,Commercial
142821,20.0,2025-04-04T03:00:00+08:00,8858680,0,False,Wh,Commercial
142821,20.0,2025-04-04T03:20:00+08:00,8858724,0,False,Wh,Commercial
142821,20.0,2025-04-04T03:40:00+08:00,8858753,0,False,Wh,Commercial
142821,20.0,2025-04-04T04:00:00+08:00,8858778,0,False,Wh,Commercial
142821,20.0,2025-04-04T04:20:00+08:00,8858808,0,False,Wh,Commercial
142821,20.0,2025-04-04T04:40:00+08:00,8858840,0,False,Wh,Commercial
142821,20.0,2025-04-04T05:00:00+08:00,8858871,0,False,Wh,Commercial
142821,20.0,2025-04-04T05:20:00+08:00,8858920,0,False,Wh,Commercial
142821,20.0,2025-04-04T05:40:00+08:00,8858971,0,False,Wh,Commercial
142821,20.0,2025-04-04T06:00:00+08:00,8859016,0,False,Wh,Commercial
142821,20.0,2025-04-04T06:20:00+08:00,8859048,0,False,Wh,Commercial
142821,20.0,2025-04-04T06:40:00+08:00,8859079,0,False,Wh,Commercial
142821,20.0,2025-04-04T07:00:00+08:00,8859111,0,False,Wh,Commercial
142821,20.0,2025-04-04T07:20:00+08:00,8859143,0,False,Wh,Commercial
142821,20.0,2025-04-04T07:40:00+08:00,8859180,0,False,Wh,Commercial
142821,20.0,2025-04-04T08:00:00+08:00,8859232,0,False,Wh,Commercial
142821,20.0,2025-04-04T08:20:00+08:00,8859282,0,False,Wh,Commercial
142821,20.0,2025-04-04T08:40:00+08:00,8859319,0,False,Wh,Commercial
142821,20.0,2025-04-04T09:00:00+08:00,8859594,0,False,Wh,Commercial
142821,20.0,2025-04-04T09:20:00+08:00,8859886,0,False,Wh,Commercial
142821,20.0,2025-04-04T09:40:00+08:00,8860265,0,False,Wh,Commercial
142821,20.0,2025-04-04T10:00:00+08:00,8860654,0,False,Wh,Commercial
142821,20.0,2025-04-04T10:20:00+08:00,8861121,0,False,Wh,Commercial
142821,20.0,2025-04-04T10:40:00+08:00,8861577,0,False,Wh,Commercial
142821,20.0,2025-04-04T11:00:00+08:00,8861972,0,False,Wh,Commercial
142821,20.0,2025-04-04T11:20:00+08:00,8862259,0,False,Wh,Commercial
142821,20.0,2025-04-04T11:40:00+08:00,8862591,0,False,Wh,Commercial
142821,20.0,2025-04-04T12:00:00+08:00,8862938,0,False,Wh,Commercial
142821,20.0,2025-04-04T12:20:00+08:00,8863298,0,False,Wh,Commercial
142821,20.0,2025-04-04T12:40:00+08:00,8863735,0,False,Wh,Commercial
142821,20.0,2025-04-04T13:00:00+08:00,8864044,0,False,Wh,Commercial
142821,20.0,2025-04-04T13:20:00+08:00,8864441,0,False,Wh,Commercial
142821,20.0,2025-04-04T13:40:00+08:00,8864849,0,False,Wh,Commercial
142821,20.0,2025-04-04T14:00:00+08:00,8865259,0,False,Wh,Commercial
142821,20.0,2025-04-04T14:20:00+08:00,8865663,0,False,Wh,Commercial
142821,20.0,2025-04-04T14:40:00+08:00,8865795,0,False,Wh,Commercial
142821,20.0,2025-04-04T15:00:00+08:00,8866072,0,False,Wh,Commercial
142821,20.0,2025-04-04T15:20:00+08:00,8866277,0,False,Wh,Commercial
142821,20.0,2025-04-04T15:40:00+08:00,8866471,0,False,Wh,Commercial
142821,20.0,2025-04-04T16:00:00+08:00,8866645,0,False,Wh,Commercial
142821,20.0,2025-04-04T16:20:00+08:00,8866830,0,False,Wh,Commercial
142821,20.0,2025-04-04T16:40:00+08:00,8867024,0,False,Wh,Commercial
142821,20.0,2025-04-04T17:00:00+08:00,8867299,0,False,Wh,Commercial
142821,20.0,2025-04-04T17:20:00+08:00,8867399,0,False,Wh,Commercial
142821,20.0,2025-04-04T17:40:00+08:00,8867457,0,False,Wh,Commercial
142821,20.0,2025-04-04T18:00:00+08:00,8867512,0,False,Wh,Commercial
142821,20.0,2025-04-04T18:20:00+08:00,8867548,0,False,Wh,Commercial
142821,20.0,2025-04-04T18:40:00+08:00,8867581,0,False,Wh,Commercial
142821,20.0,2025-04-04T19:00:00+08:00,8867613,0,False,Wh,Commercial
142821,20.0,2025-04-04T19:20:00+08:00,8867645,0,False,Wh,Commercial
142821,20.0,2025-04-04T19:40:00+08:00,8867679,0,False,Wh,Commercial
142821,20.0,2025-04-04T20:00:00+08:00,8867732,0,False,Wh,Commercial
142821,20.0,2025-04-04T20:20:00+08:00,8867783,0,False,Wh,Commercial
142821,20.0,2025-04-04T20:40:00+08:00,8867821,0,False,Wh,Commercial
142821,20.0,2025-04-04T21:00:00+08:00,8867853,0,False,Wh,Commercial
142821,20.0,2025-04-04T21:20:00+08:00,8867885,0,False,Wh,Commercial
142821,20.0,2025-04-04T21:40:00+08:00,8867917,0,False,Wh,Commercial
142821,20.0,2025-04-04T22:00:00+08:00,8867949,0,False,Wh,Commercial
142821,20.0,2025-04-04T22:20:00+08:00,8867993,0,False,Wh,Commercial
142821,20.0,2025-04-04T22:40:00+08:00,8868045,0,False,Wh,Commercial
142821,20.0,2025-04-04T23:00:00+08:00,8868092,0,False,Wh,Commercial
142821,20.0,2025-04-04T23:20:00+08:00,8868124,0,False,Wh,Commercial
142821,20.0,2025-04-04T23:40:00+08:00,8868156,0,False,Wh,Commercial
142821,20.0,2025-04-05T00:00:00+08:00,8868188,0,False,Wh,Commercial
142821,20.0,2025-04-05T00:20:00+08:00,8868220,0,False,Wh,Commercial
142821,20.0,2025-04-05T00:40:00+08:00,8868255,0,False,Wh,Commercial
142821,20.0,2025-04-05T01:00:00+08:00,8868307,0,False,Wh,Commercial
142821,20.0,2025-04-05T01:20:00+08:00,8868359,0,False,Wh,Commercial
142821,20.0,2025-04-05T01:40:00+08:00,8868396,0,False,Wh,Commercial
142821,20.0,2025-04-05T02:00:00+08:00,8868428,0,False,Wh,Commercial
142821,20.0,2025-04-05T02:20:00+08:00,8868460,0,False,Wh,Commercial
142821,20.0,2025-04-05T02:40:00+08:00,8868492,0,False,Wh,Commercial
142821,20.0,2025-04-05T03:00:00+08:00,8868524,0,False,Wh,Commercial
142821,20.0,2025-04-05T03:20:00+08:00,8868569,0,False,Wh,Commercial
142821,20.0,2025-04-05T03:40:00+08:00,8868620,0,False,Wh,Commercial
142821,20.0,2025-04-05T04:00:00+08:00,8868667,0,False,Wh,Commercial
142821,20.0,2025-04-05T04:20:00+08:00,8868700,0,False,Wh,Commercial
142821,20.0,2025-04-05T04:40:00+08:00,8868732,0,False,Wh,Commercial
142821,20.0,2025-04-05T05:00:00+08:00,8868764,0,False,Wh,Commercial
142821,20.0,2025-04-05T05:20:00+08:00,8868796,0,False,Wh,Commercial
142821,20.0,2025-04-05T05:40:00+08:00,8868829,0,False,Wh,Commercial
142821,20.0,2025-04-05T06:00:00+08:00,8868881,0,False,Wh,Commercial
142821,20.0,2025-04-05T06:20:00+08:00,8868932,0,False,Wh,Commercial
142821,20.0,2025-04-05T06:40:00+08:00,8868970,0,False,Wh,Commercial
142821,20.0,2025-04-05T07:00:00+08:00,8869002,0,False,Wh,Commercial
142821,20.0,2025-04-05T07:20:00+08:00,8869034,0,False,Wh,Commercial
142821,20.0,2025-04-05T07:40:00+08:00,8869066,0,False,Wh,Commercial
142821,20.0,2025-04-05T08:00:00+08:00,8869098,0,False,Wh,Commercial
142821,20.0,2025-04-05T08:20:00+08:00,8869141,0,False,Wh,Commercial
142821,20.0,2025-04-05T08:40:00+08:00,8869192,0,False,Wh,Commercial
142821,20.0,2025-04-05T09:00:00+08:00,8869367,0,False,Wh,Commercial
142821,20.0,2025-04-05T09:20:00+08:00,8869509,0,False,Wh,Commercial
142821,20.0,2025-04-05T09:40:00+08:00,8869672,0,False,Wh,Commercial
142821,20.0,2025-04-05T10:00:00+08:00,8869844,0,False,Wh,Commercial
142821,20.0,2025-04-05T10:20:00+08:00,8870100,0,False,Wh,Commercial
142821,20.0,2025-04-05T10:40:00+08:00,8870309,0,False,Wh,Commercial
142821,20.0,2025-04-05T11:00:00+08:00,8870637,0,False,Wh,Commercial
142821,20.0,2025-04-05T11:20:00+08:00,8870935,0,False,Wh,Commercial
142821,20.0,2025-04-05T11:40:00+08:00,8871216,0,False,Wh,Commercial
142821,20.0,2025-04-05T12:00:00+08:00,8871496,0,False,Wh,Commercial
142821,20.0,2025-04-05T12:20:00+08:00,8871776,0,False,Wh,Commercial
142821,20.0,2025-04-05T12:40:00+08:00,8872058,0,False,Wh,Commercial
142821,20.0,2025-04-05T13:00:00+08:00,8872339,0,False,Wh,Commercial
142821,20.0,2025-04-05T13:20:00+08:00,8872628,0,False,Wh,Commercial
142821,20.0,2025-04-05T13:40:00+08:00,8872922,0,False,Wh,Commercial
142821,20.0,2025-04-05T14:00:00+08:00,8873083,0,False,Wh,Commercial
142821,20.0,2025-04-05T14:20:00+08:00,8873115,0,False,Wh,Commercial
142821,20.0,2025-04-05T14:40:00+08:00,8873145,0,False,Wh,Commercial
142821,20.0,2025-04-05T15:00:00+08:00,8873173,0,False,Wh,Commercial
142821,20.0,2025-04-05T15:20:00+08:00,8873198,0,False,Wh,Commercial
142821,20.0,2025-04-05T15:40:00+08:00,8873223,0,False,Wh,Commercial
142821,20.0,2025-04-05T16:00:00+08:00,8873267,0,False,Wh,Commercial
142821,20.0,2025-04-05T16:20:00+08:00,8873312,0,False,Wh,Commercial
142821,20.0,2025-04-05T16:40:00+08:00,8873347,0,False,Wh,Commercial
142821,20.0,2025-04-05T17:00:00+08:00,8873372,0,False,Wh,Commercial
142821,20.0,2025-04-05T17:20:00+08:00,8873396,0,False,Wh,Commercial
142821,20.0,2025-04-05T17:40:00+08:00,8873421,0,False,Wh,Commercial
142821,20.0,2025-04-05T18:00:00+08:00,8873446,0,False,Wh,Commercial
142821,20.0,2025-04-05T18:20:00+08:00,8873482,0,False,Wh,Commercial
142821,20.0,2025-04-05T18:40:00+08:00,8873526,0,False,Wh,Commercial
142821,20.0,2025-04-05T19:00:00+08:00,8873570,0,False,Wh,Commercial
142821,20.0,2025-04-05T19:20:00+08:00,8873595,0,False,Wh,Commercial
142821,20.0,2025-04-05T19:40:00+08:00,8873626,0,False,Wh,Commercial
142821,20.0,2025-04-05T20:00:00+08:00,8873658,0,False,Wh,Commercial
142821,20.0,2025-04-05T20:20:00+08:00,8873690,0,False,Wh,Commercial
142821,20.0,2025-04-05T20:40:00+08:00,8873724,0,False,Wh,Commercial
142821,20.0,2025-04-05T21:00:00+08:00,8873775,0,False,Wh,Commercial
142821,20.0,2025-04-05T21:20:00+08:00,8873826,0,False,Wh,Commercial
142821,20.0,2025-04-05T21:40:00+08:00,8873865,0,False,Wh,Commercial
142821,20.0,2025-04-05T22:00:00+08:00,8873897,0,False,Wh,Commercial
142821,20.0,2025-04-05T22:20:00+08:00,8873929,0,False,Wh,Commercial
142821,20.0,2025-04-05T22:40:00+08:00,8873961,0,False,Wh,Commercial
142821,20.0,2025-04-05T23:00:00+08:00,8873993,0,False,Wh,Commercial
142821,20.0,2025-04-05T23:20:00+08:00,8874039,0,False,Wh,Commercial
142821,20.0,2025-04-05T23:40:00+08:00,8874090,0,False,Wh,Commercial
142821,20.0,2025-04-06T00:00:00+08:00,8874136,0,False,Wh,Commercial
142821,20.0,2025-04-06T00:20:00+08:00,8874168,0,False,Wh,Commercial
142821,20.0,2025-04-06T00:40:00+08:00,8874200,0,False,Wh,Commercial
142821,20.0,2025-04-06T01:00:00+08:00,8874232,0,False,Wh,Commercial
142821,20.0,2025-04-06T01:20:00+08:00,8874264,0,False,Wh,Commercial
142821,20.0,2025-04-06T01:40:00+08:00,8874301,0,False,Wh,Commercial
142821,20.0,2025-04-06T02:00:00+08:00,8874353,0,False,Wh,Commercial
142821,20.0,2025-04-06T02:20:00+08:00,8874404,0,False,Wh,Commercial
142821,20.0,2025-04-06T02:40:00+08:00,8874439,0,False,Wh,Commercial
142821,20.0,2025-04-06T03:00:00+08:00,8874471,0,False,Wh,Commercial
142821,20.0,2025-04-06T03:20:00+08:00,8874503,0,False,Wh,Commercial
142821,20.0,2025-04-06T03:40:00+08:00,8874535,0,False,Wh,Commercial
142821,20.0,2025-04-06T04:00:00+08:00,8874566,0,False,Wh,Commercial
142821,20.0,2025-04-06T04:20:00+08:00,8874616,0,False,Wh,Commercial
142821,20.0,2025-04-06T04:40:00+08:00,8874667,0,False,Wh,Commercial
142821,20.0,2025-04-06T05:00:00+08:00,8874709,0,False,Wh,Commercial
142821,20.0,2025-04-06T05:20:00+08:00,8874741,0,False,Wh,Commercial
142821,20.0,2025-04-06T05:40:00+08:00,8874773,0,False,Wh,Commercial
142821,20.0,2025-04-06T06:00:00+08:00,8874805,0,False,Wh,Commercial
142821,20.0,2025-04-06T06:20:00+08:00,8874837,0,False,Wh,Commercial
142821,20.0,2025-04-06T06:40:00+08:00,8874878,0,False,Wh,Commercial
142821,20.0,2025-04-06T07:00:00+08:00,8874930,0,False,Wh,Commercial
142821,20.0,2025-04-06T07:20:00+08:00,8874980,0,False,Wh,Commercial
142821,20.0,2025-04-06T07:40:00+08:00,8875012,0,False,Wh,Commercial
142821,20.0,2025-04-06T08:00:00+08:00,8875044,0,False,Wh,Commercial
142821,20.0,2025-04-06T08:20:00+08:00,8875076,0,False,Wh,Commercial
142821,20.0,2025-04-06T08:40:00+08:00,8875107,0,False,Wh,Commercial
142821,20.0,2025-04-06T09:00:00+08:00,8875139,0,False,Wh,Commercial
142821,20.0,2025-04-06T09:20:00+08:00,8875191,0,False,Wh,Commercial
142821,20.0,2025-04-06T09:40:00+08:00,8875243,0,False,Wh,Commercial
142821,20.0,2025-04-06T10:00:00+08:00,8875287,0,False,Wh,Commercial
142821,20.0,2025-04-06T10:20:00+08:00,8875321,0,False,Wh,Commercial
142821,20.0,2025-04-06T10:40:00+08:00,8875354,0,False,Wh,Commercial
142821,20.0,2025-04-06T11:00:00+08:00,8875388,0,False,Wh,Commercial
142821,20.0,2025-04-06T11:20:00+08:00,8875422,0,False,Wh,Commercial
142821,20.0,2025-04-06T11:40:00+08:00,8875466,0,False,Wh,Commercial
142821,20.0,2025-04-06T12:00:00+08:00,8875516,0,False,Wh,Commercial
142821,20.0,2025-04-06T12:20:00+08:00,8875562,0,False,Wh,Commercial
142821,20.0,2025-04-06T12:40:00+08:00,8875589,0,False,Wh,Commercial
142821,20.0,2025-04-06T13:00:00+08:00,8875616,0,False,Wh,Commercial
142821,20.0,2025-04-06T13:20:00+08:00,8875643,0,False,Wh,Commercial
142821,20.0,2025-04-06T13:40:00+08:00,8875669,0,False,Wh,Commercial
142821,20.0,2025-04-06T14:00:00+08:00,8875699,0,False,Wh,Commercial
142821,20.0,2025-04-06T14:20:00+08:00,8875746,0,False,Wh,Commercial
142821,20.0,2025-04-06T14:40:00+08:00,8875792,0,False,Wh,Commercial
142821,20.0,2025-04-06T15:00:00+08:00,8875827,0,False,Wh,Commercial
142821,20.0,2025-04-06T15:20:00+08:00,8875853,0,False,Wh,Commercial
142821,20.0,2025-04-06T15:40:00+08:00,8875878,0,False,Wh,Commercial
142821,20.0,2025-04-06T16:00:00+08:00,8875903,0,False,Wh,Commercial
142821,20.0,2025-04-06T16:20:00+08:00,8875927,0,False,Wh,Commercial
142821,20.0,2025-04-06T16:40:00+08:00,8875970,0,False,Wh,Commercial
142821,20.0,2025-04-06T17:00:00+08:00,8876014,0,False,Wh,Commercial
142821,20.0,2025-04-06T17:20:00+08:00,8876057,0,False,Wh,Commercial
142821,20.0,2025-04-06T17:40:00+08:00,8876082,0,False,Wh,Commercial
142821,20.0,2025-04-06T18:00:00+08:00,8876106,0,False,Wh,Commercial
142821,20.0,2025-04-06T18:20:00+08:00,8876131,0,False,Wh,Commercial
142821,20.0,2025-04-06T18:40:00+08:00,8876156,0,False,Wh,Commercial
142821,20.0,2025-04-06T19:00:00+08:00,8876191,0,False,Wh,Commercial
142821,20.0,2025-04-06T19:20:00+08:00,8876235,0,False,Wh,Commercial
142821,20.0,2025-04-06T19:40:00+08:00,8876279,0,False,Wh,Commercial
142821,20.0,2025-04-06T20:00:00+08:00,8876310,0,False,Wh,Commercial
142821,20.0,2025-04-06T20:20:00+08:00,8876334,0,False,Wh,Commercial
142821,20.0,2025-04-06T20:40:00+08:00,8876359,0,False,Wh,Commercial
142821,20.0,2025-04-06T21:00:00+08:00,8876384,0,False,Wh,Commercial
142821,20.0,2025-04-06T21:20:00+08:00,8876410,0,False,Wh,Commercial
142821,20.0,2025-04-06T21:40:00+08:00,8876455,0,False,Wh,Commercial
142821,20.0,2025-04-06T22:00:00+08:00,8876499,0,False,Wh,Commercial
142821,20.0,2025-04-06T22:20:00+08:00,8876537,0,False,Wh,Commercial
142821,20.0,2025-04-06T22:40:00+08:00,8876567,0,False,Wh,Commercial
142821,20.0,2025-04-06T23:00:00+08:00,8876599,0,False,Wh,Commercial
142821,20.0,2025-04-06T23:20:00+08:00,8876630,0,False,Wh,Commercial
142821,20.0,2025-04-06T23:40:00+08:00,8876662,0,False,Wh,Commercial
142821,20.0,2025-04-07T00:00:00+08:00,8876705,0,False,Wh,Commercial
142821,20.0,2025-04-07T00:20:00+08:00,8876756,0,False,Wh,Commercial
142821,20.0,2025-04-07T00:40:00+08:00,8876807,0,False,Wh,Commercial
142821,20.0,2025-04-07T01:00:00+08:00,8876840,0,False,Wh,Commercial
142821,20.0,2025-04-07T01:20:00+08:00,8876873,0,False,Wh,Commercial
142821,20.0,2025-04-07T01:40:00+08:00,8876905,0,False,Wh,Commercial
142821,20.0,2025-04-07T02:00:00+08:00,8876937,0,False,Wh,Commercial
142821,20.0,2025-04-07T02:20:00+08:00,8876972,0,False,Wh,Commercial
142821,20.0,2025-04-07T02:40:00+08:00,8877024,0,False,Wh,Commercial
142821,20.0,2025-04-07T03:00:00+08:00,8877075,0,False,Wh,Commercial
142821,20.0,2025-04-07T03:20:00+08:00,8877114,0,False,Wh,Commercial
142821,20.0,2025-04-07T03:40:00+08:00,8877146,0,False,Wh,Commercial
142821,20.0,2025-04-07T04:00:00+08:00,8877178,0,False,Wh,Commercial
142821,20.0,2025-04-07T04:20:00+08:00,8877210,0,False,Wh,Commercial
142821,20.0,2025-04-07T04:40:00+08:00,8877242,0,False,Wh,Commercial
142821,20.0,2025-04-07T05:00:00+08:00,8877290,0,False,Wh,Commercial
142821,20.0,2025-04-07T05:20:00+08:00,8877341,0,False,Wh,Commercial
142821,20.0,2025-04-07T05:40:00+08:00,8877386,0,False,Wh,Commercial
142821,20.0,2025-04-07T06:00:00+08:00,8877418,0,False,Wh,Commercial
142821,20.0,2025-04-07T06:20:00+08:00,8877450,0,False,Wh,Commercial
142821,20.0,2025-04-07T06:40:00+08:00,8877482,0,False,Wh,Commercial
142821,20.0,2025-04-07T07:00:00+08:00,8877514,0,False,Wh,Commercial
142821,20.0,2025-04-07T07:20:00+08:00,8877554,0,False,Wh,Commercial
142821,20.0,2025-04-07T07:40:00+08:00,8877606,0,False,Wh,Commercial
142821,20.0,2025-04-07T08:00:00+08:00,8877656,0,False,Wh,Commercial
142821,20.0,2025-04-07T08:20:00+08:00,8877689,0,False,Wh,Commercial
142821,20.0,2025-04-07T08:40:00+08:00,8877721,0,False,Wh,Commercial
142821,20.0,2025-04-07T09:00:00+08:00,8877753,0,False,Wh,Commercial
142821,20.0,2025-04-07T09:20:00+08:00,8877786,0,False,Wh,Commercial
142821,20.0,2025-04-07T09:40:00+08:00,8877821,0,False,Wh,Commercial
142821,20.0,2025-04-07T10:00:00+08:00,8877874,0,False,Wh,Commercial
142821,20.0,2025-04-07T10:20:00+08:00,8877927,0,False,Wh,Commercial
142821,20.0,2025-04-07T10:40:00+08:00,8877971,0,False,Wh,Commercial
142821,20.0,2025-04-07T11:00:00+08:00,8878005,0,False,Wh,Commercial
142821,20.0,2025-04-07T11:20:00+08:00,8878039,0,False,Wh,Commercial
142821,20.0,2025-04-07T11:40:00+08:00,8878073,0,False,Wh,Commercial
142821,20.0,2025-04-07T12:00:00+08:00,8878106,0,False,Wh,Commercial
142821,20.0,2025-04-07T12:20:00+08:00,8878151,0,False,Wh,Commercial
142821,20.0,2025-04-07T12:40:00+08:00,8878197,0,False,Wh,Commercial
142821,20.0,2025-04-07T13:00:00+08:00,8878242,0,False,Wh,Commercial
142821,20.0,2025-04-07T13:20:00+08:00,8878270,0,False,Wh,Commercial
142821,20.0,2025-04-07T13:40:00+08:00,8878296,0,False,Wh,Commercial
142821,20.0,2025-04-07T14:00:00+08:00,8878323,0,False,Wh,Commercial
142821,20.0,2025-04-07T14:20:00+08:00,8878350,0,False,Wh,Commercial
142821,20.0,2025-04-07T14:40:00+08:00,8878384,0,False,Wh,Commercial
142821,20.0,2025-04-07T15:00:00+08:00,8878430,0,False,Wh,Commercial
142821,20.0,2025-04-07T15:20:00+08:00,8878475,0,False,Wh,Commercial
142821,20.0,2025-04-07T15:40:00+08:00,8878508,0,False,Wh,Commercial
142821,20.0,2025-04-07T16:00:00+08:00,8878532,0,False,Wh,Commercial
142821,20.0,2025-04-07T16:20:00+08:00,8878557,0,False,Wh,Commercial
142821,20.0,2025-04-07T16:40:00+08:00,8878582,0,False,Wh,Commercial
142821,20.0,2025-04-07T17:00:00+08:00,8878609,0,False,Wh,Commercial
142821,20.0,2025-04-07T17:20:00+08:00,8878654,0,False,Wh,Commercial
142821,20.0,2025-04-07T17:40:00+08:00,8878698,0,False,Wh,Commercial
142821,20.0,2025-04-07T18:00:00+08:00,8878742,0,False,Wh,Commercial
142821,20.0,2025-04-07T18:20:00+08:00,8878767,0,False,Wh,Commercial
142821,20.0,2025-04-07T18:40:00+08:00,8878792,0,False,Wh,Commercial
142821,20.0,2025-04-07T19:00:00+08:00,8878816,0,False,Wh,Commercial
142821,20.0,2025-04-07T19:20:00+08:00,8878841,0,False,Wh,Commercial
142821,20.0,2025-04-07T19:40:00+08:00,8878877,0,False,Wh,Commercial
142821,20.0,2025-04-07T20:00:00+08:00,8878921,0,False,Wh,Commercial
142821,20.0,2025-04-07T20:20:00+08:00,8878965,0,False,Wh,Commercial
142821,20.0,2025-04-07T20:40:00+08:00,8878996,0,False,Wh,Commercial
142821,20.0,2025-04-07T21:00:00+08:00,8879021,0,False,Wh,Commercial
142821,20.0,2025-04-07T21:20:00+08:00,8879046,0,False,Wh,Commercial
142821,20.0,2025-04-07T21:40:00+08:00,8879073,0,False,Wh,Commercial
142821,20.0,2025-04-07T22:00:00+08:00,8879106,0,False,Wh,Commercial
142821,20.0,2025-04-07T22:20:00+08:00,8879158,0,False,Wh,Commercial
142821,20.0,2025-04-07T22:40:00+08:00,8879209,0,False,Wh,Commercial
142821,20.0,2025-04-07T23:00:00+08:00,8879253,0,False,Wh,Commercial
142821,20.0,2025-04-07T23:20:00+08:00,8879285,0,False,Wh,Commercial
142821,20.0,2025-04-07T23:40:00+08:00,8879317,0,False,Wh,Commercial
142821,20.0,2025-04-08T00:00:00+08:00,8879349,0,False,Wh,Commercial
142822,20.0,2025-04-01T00:20:00+08:00,13975136,0,False,Wh,Common Area Lights
142822,20.0,2025-04-01T00:40:00+08:00,13975184,0,False,Wh,Common Area Lights
142822,20.0,2025-04-01T01:00:00+08:00,13975224,0,False,Wh,Common Area Lights
142822,20.0,2025-04-01T01:20:00+08:00,13975264,0,False,Wh,Common Area Lights
142822,20.0,2025-04-01T01:40:00+08:00,13975305,0,False,Wh,Common Area Lights
142822,20.0,2025-04-01T02:00:00+08:00,13975345,0,False,Wh,Common Area Lights
142822,20.0,2025-04-01T02:20:00+08:00,13975385,0,False,Wh,Common Area Lights
142822,20.0,2025-04-01T02:40:00+08:00,13975425,0,False,Wh,Common Area Lights
142822,20.0,2025-04-01T03:00:00+08:00,13975466,0,False,Wh,Common Area Lights
142822,20.0,2025-04-01T03:20:00+08:00,13975506,0,False,Wh,Common Area Lights
142822,20.0,2025-04-01T03:40:00+08:00,13975546,0,False,Wh,Common Area Lights
142822,20.0,2025-04-01T04:00:00+08:00,13975586,0,False,Wh,Common Area Lights
142822,20.0,2025-04-01T04:20:00+08:00,13975626,0,False,Wh,Common Area Lights
142822,20.0,2025-04-01T04:40:00+08:00,13975779,0,False,Wh,Common Area Lights
142822,20.0,2025-04-01T05:00:00+08:00,13975828,0,False,Wh,Common Area Lights
142822,20.0,2025-04-01T05:20:00+08:00,13975899,0,False,Wh,Common Area Lights
142822,20.0,2025-04-01T05:40:00+08:00,13976049,0,False,Wh,Common Area Lights
142822,20.0,2025-04-01T06:00:00+08:00,13976238,0,False,Wh,Common Area Lights
142822,20.0,2025-04-01T06:20:00+08:00,13976409,0,False,Wh,Common Area Lights
142822,20.0,2025-04-01T06:40:00+08:00,13976467,0,False,Wh,Common Area Lights
142822,20.0,2025-04-01T07:00:00+08:00,13976537,0,False,Wh,Common Area Lights
142822,20.0,2025-04-01T07:20:00+08:00,13976720,0,False,Wh,Common Area Lights
142822,20.0,2025-04-01T07:40:00+08:00,13976915,0,False,Wh,Common Area Lights
142822,20.0,2025-04-01T08:00:00+08:00,13977076,0,False,Wh,Common Area Lights
142822,20.0,2025-04-01T08:20:00+08:00,13977235,0,False,Wh,Common Area Lights
142822,20.0,2025-04-01T08:40:00+08:00,13977393,0,False,Wh,Common Area Lights
142822,20.0,2025-04-01T09:00:00+08:00,13977588,0,False,Wh,Common Area Lights
142822,20.0,2025-04-01T09:20:00+08:00,13977745,0,False,Wh,Common Area Lights
142822,20.0,2025-04-01T09:40:00+08:00,13977888,0,False,Wh,Common Area Lights
142822,20.0,2025-04-01T10:00:00+08:00,13978030,0,False,Wh,Common Area Lights
142822,20.0,2025-04-01T10:20:00+08:00,13978172,0,False,Wh,Common Area Lights
142822,20.0,2025-04-01T10:40:00+08:00,13978315,0,False,Wh,Common Area Lights
142822,20.0,2025-04-01T11:00:00+08:00,13978482,0,False,Wh,Common Area Lights
142822,20.0,2025-04-01T11:20:00+08:00,13978649,0,False,Wh,Common Area Lights
142822,20.0,2025-04-01T11:40:00+08:00,13978830,0,False,Wh,Common Area Lights
142822,20.0,2025-04-01T12:00:00+08:00,13978979,0,False,Wh,Common Area Lights
142822,20.0,2025-04-01T12:20:00+08:00,13979132,0,False,Wh,Common Area Lights
142822,20.0,2025-04-01T12:40:00+08:00,13979283,0,False,Wh,Common Area Lights
142822,20.0,2025-04-01T13:00:00+08:00,13979443,0,False,Wh,Common Area Lights
142822,20.0,2025-04-01T13:20:00+08:00,13979587,0,False,Wh,Common Area Lights
142822,20.0,2025-04-01T13:40:00+08:00,13979730,0,False,Wh,Common Area Lights
142822,20.0,2025-04-01T14:00:00+08:00,13979873,0,False,Wh,Common Area Lights
142822,20.0,2025-04-01T14:20:00+08:00,13980034,0,False,Wh,Common Area Lights
142822,20.0,2025-04-01T14:40:00+08:00,13980222,0,False,Wh,Common Area Lights
142822,20.0,2025-04-01T15:00:00+08:00,13980402,0,False,Wh,Common Area Lights
142822,20.0,2025-04-01T15:20:00+08:00,13980556,0,False,Wh,Common Area Lights
142822,20.0,2025-04-01T15:40:00+08:00,13980719,0,False,Wh,Common Area Lights
142822,20.0,2025-04-01T16:00:00+08:00,13980864,0,False,Wh,Common Area Lights
142822,20.0,2025-04-01T16:20:00+08:00,13981013,0,False,Wh,Common Area Lights
142822,20.0,2025-04-01T16:40:00+08:00,13981177,0,False,Wh,Common Area Lights
142822,20.0,2025-04-01T17:00:00+08:00,13981343,0,False,Wh,Common Area Lights
142822,20.0,2025-04-01T17:20:00+08:00,13981389,0,False,Wh,Common Area Lights
142822,20.0,2025-04-01T17:40:00+08:00,13981477,0,False,Wh,Common Area Lights
142822,20.0,2025-04-01T18:00:00+08:00,13981560,0,False,Wh,Common Area Lights
142822,20.0,2025-04-01T18:20:00+08:00,13981657,0,False,Wh,Common Area Lights
142822,20.0,2025-04-01T18:40:00+08:00,13981807,0,False,Wh,Common Area Lights
142822,20.0,2025-04-01T19:00:00+08:00,13982006,0,False,Wh,Common Area Lights
142822,20.0,2025-04-01T19:20:00+08:00,13982198,0,False,Wh,Common Area Lights
142822,20.0,2025-04-01T19:40:00+08:00,13982359,0,False,Wh,Common Area Lights
142822,20.0,2025-04-01T20:00:00+08:00,13982510,0,False,Wh,Common Area Lights
142822,20.0,2025-04-01T20:20:00+08:00,13982676,0,False,Wh,Common Area Lights
142822,20.0,2025-04-01T20:40:00+08:00,13982808,0,False,Wh,Common Area Lights
142822,20.0,2025-04-01T21:00:00+08:00,13982913,0,False,Wh,Common Area Lights
142822,20.0,2025-04-01T21:20:00+08:00,13983064,0,False,Wh,Common Area Lights
142822,20.0,2025-04-01T21:40:00+08:00,13983239,0,False,Wh,Common Area Lights
142822,20.0,2025-04-01T22:00:00+08:00,13983323,0,False,Wh,Common Area Lights
142822,20.0,2025-04-01T22:20:00+08:00,13983447,0,False,Wh,Common Area Lights
142822,20.0,2025-04-01T22:40:00+08:00,13983618,0,False,Wh,Common Area Lights
142822,20.0,2025-04-01T23:00:00+08:00,13983728,0,False,Wh,Common Area Lights
142822,20.0,2025-04-01T23:20:00+08:00,13983779,0,False,Wh,Common Area Lights
142822,20.0,2025-04-01T23:40:00+08:00,13983828,0,False,Wh,Common Area Lights
142822,20.0,2025-04-02T00:00:00+08:00,13983879,0,False,Wh,Common Area Lights
142822,20.0,2025-04-02T00:20:00+08:00,13983929,0,False,Wh,Common Area Lights
142822,20.0,2025-04-02T00:40:00+08:00,13984062,0,False,Wh,Common Area Lights
142822,20.0,2025-04-02T01:00:00+08:00,13984158,0,False,Wh,Common Area Lights
142822,20.0,2025-04-02T01:20:00+08:00,13984313,0,False,Wh,Common Area Lights
142822,20.0,2025-04-02T01:40:00+08:00,13984374,0,False,Wh,Common Area Lights
142822,20.0,2025-04-02T02:00:00+08:00,13984423,0,False,Wh,Common Area Lights
142822,20.0,2025-04-02T02:20:00+08:00,13984474,0,False,Wh,Common Area Lights
142822,20.0,2025-04-02T02:40:00+08:00,13984577,0,False,Wh,Common Area Lights
142822,20.0,2025-04-02T03:00:00+08:00,13984652,0,False,Wh,Common Area Lights
142822,20.0,2025-04-02T03:20:00+08:00,13984702,0,False,Wh,Common Area Lights
142822,20.0,2025-04-02T03:40:00+08:00,13984752,0,False,Wh,Common Area Lights
142822,20.0,2025-04-02T04:00:00+08:00,13984797,0,False,Wh,Common Area Lights
142822,20.0,2025-04-02T04:20:00+08:00,13984848,0,False,Wh,Common Area Lights
142822,20.0,2025-04-02T04:40:00+08:00,13984897,0,False,Wh,Common Area Lights
142822,20.0,2025-04-02T05:00:00+08:00,13984966,0,False,Wh,Common Area Lights
142822,20.0,2025-04-02T05:20:00+08:00,13985022,0,False,Wh,Common Area Lights
142822,20.0,2025-04-02T05:40:00+08:00,13985114,0,False,Wh,Common Area Lights
142822,20.0,2025-04-02T06:00:00+08:00,13985266,0,False,Wh,Common Area Lights
142822,20.0,2025-04-02T06:20:00+08:00,13985443,0,False,Wh,Common Area Lights
142822,20.0,2025-04-02T06:40:00+08:00,13985610,0,False,Wh,Common Area Lights
142822,20.0,2025-04-02T07:00:00+08:00,13985693,0,False,Wh,Common Area Lights
142822,20.0,2025-04-02T07:20:00+08:00,13985746,0,False,Wh,Common Area Lights
142822,20.0,2025-04-02T07:40:00+08:00,13985835,0,False,Wh,Common Area Lights
142822,20.0,2025-04-02T08:00:00+08:00,13985889,0,False,Wh,Common Area Lights
142822,20.0,2025-04-02T08:20:00+08:00,13985931,0,False,Wh,Common Area Lights
142822,20.0,2025-04-02T08:40:00+08:00,13985982,0,False,Wh,Common Area Lights
142822,20.0,2025-04-02T09:00:00+08:00,13986026,0,False,Wh,Common Area Lights
142822,20.0,2025-04-02T09:20:00+08:00,13986107,0,False,Wh,Common Area Lights
142822,20.0,2025-04-02T09:40:00+08:00,13986145,0,False,Wh,Common Area Lights
142822,20.0,2025-04-02T10:00:00+08:00,13986182,0,False,Wh,Common Area Lights
142822,20.0,2025-04-02T10:20:00+08:00,13986220,0,False,Wh,Common Area Lights
142822,20.0,2025-04-02T10:40:00+08:00,13986258,0,False,Wh,Common Area Lights
142822,20.0,2025-04-02T11:00:00+08:00,13986295,0,False,Wh,Common Area Lights
142822,20.0,2025-04-02T11:20:00+08:00,13986333,0,False,Wh,Common Area Lights
142822,20.0,2025-04-02T11:40:00+08:00,13986371,0,False,Wh,Common Area Lights
142822,20.0,2025-04-02T12:00:00+08:00,13986425,0,False,Wh,Common Area Lights
142822,20.0,2025-04-02T12:20:00+08:00,13986482,0,False,Wh,Common Area Lights
142822,20.0,2025-04-02T12:40:00+08:00,13986547,0,False,Wh,Common Area Lights
142822,20.0,2025-04-02T13:00:00+08:00,13986593,0,False,Wh,Common Area Lights
142822,20.0,2025-04-02T13:20:00+08:00,13986639,0,False,Wh,Common Area Lights
142822,20.0,2025-04-02T13:40:00+08:00,13986687,0,False,Wh,Common Area Lights
142822,20.0,2025-04-02T14:00:00+08:00,13986725,0,False,Wh,Common Area Lights
142822,20.0,2025-04-02T14:20:00+08:00,13986764,0,False,Wh,Common Area Lights
142822,20.0,2025-04-02T14:40:00+08:00,13986828,0,False,Wh,Common Area Lights
142822,20.0,2025-04-02T15:00:00+08:00,13986895,0,False,Wh,Common Area Lights
142822,20.0,2025-04-02T15:20:00+08:00,13986942,0,False,Wh,Common Area Lights
142822,20.0,2025-04-02T15:40:00+08:00,13986986,0,False,Wh,Common Area Lights
142822,20.0,2025-04-02T16:00:00+08:00,13987036,0,False,Wh,Common Area Lights
142822,20.0,2025-04-02T16:20:00+08:00,13987099,0,False,Wh,Common Area Lights
142822,20.0,2025-04-02T16:40:00+08:00,13987158,0,False,Wh,Common Area Lights
142822,20.0,2025-04-02T17:00:00+08:00,13987234,0,False,Wh,Common Area Lights
142822,20.0,2025-04-02T17:20:00+08:00,13987275,0,False,Wh,Common Area Lights
142822,20.0,2025-04-02T17:40:00+08:00,13987356,0,False,Wh,Common Area Lights
142822,20.0,2025-04-02T18:00:00+08:00,13987429,0,False,Wh,Common Area Lights
142822,20.0,2025-04-02T18:20:00+08:00,13987508,0,False,Wh,Common Area Lights
142822,20.0,2025-04-02T18:40:00+08:00,13987702,0,False,Wh,Common Area Lights
142822,20.0,2025-04-02T19:00:00+08:00,13987877,0,False,Wh,Common Area Lights
142822,20.0,2025-04-02T19:20:00+08:00,13988078,0,False,Wh,Common Area Lights
142822,20.0,2025-04-02T19:40:00+08:00,13988195,0,False,Wh,Common Area Lights
142822,20.0,2025-04-02T20:00:00+08:00,13988321,0,False,Wh,Common Area Lights
142822,20.0,2025-04-02T20:20:00+08:00,13988512,0,False,Wh,Common Area Lights
142822,20.0,2025-04-02T20:40:00+08:00,13988666,0,False,Wh,Common Area Lights
142822,20.0,2025-04-02T21:00:00+08:00,13988806,0,False,Wh,Common Area Lights
142822,20.0,2025-04-02T21:20:00+08:00,13988962,0,False,Wh,Common Area Lights
142822,20.0,2025-04-02T21:40:00+08:00,13989058,0,False,Wh,Common Area Lights
142822,20.0,2025-04-02T22:00:00+08:00,13989172,0,False,Wh,Common Area Lights
142822,20.0,2025-04-02T22:20:00+08:00,13989225,0,False,Wh,Common Area Lights
142822,20.0,2025-04-02T22:40:00+08:00,13989273,0,False,Wh,Common Area Lights
142822,20.0,2025-04-02T23:00:00+08:00,13989316,0,False,Wh,Common Area Lights
142822,20.0,2025-04-02T23:20:00+08:00,13989370,0,False,Wh,Common Area Lights
142822,20.0,2025-04-02T23:40:00+08:00,13989422,0,False,Wh,Common Area Lights
142822,20.0,2025-04-03T00:00:00+08:00,13989476,0,False,Wh,Common Area Lights
142822,20.0,2025-04-03T00:20:00+08:00,13989530,0,False,Wh,Common Area Lights
142822,20.0,2025-04-03T00:40:00+08:00,13989584,0,False,Wh,Common Area Lights
142822,20.0,2025-04-03T01:00:00+08:00,13989635,0,False,Wh,Common Area Lights
142822,20.0,2025-04-03T01:20:00+08:00,13989680,0,False,Wh,Common Area Lights
142822,20.0,2025-04-03T01:40:00+08:00,13989734,0,False,Wh,Common Area Lights
142822,20.0,2025-04-03T02:00:00+08:00,13989787,0,False,Wh,Common Area Lights
142822,20.0,2025-04-03T02:20:00+08:00,13989839,0,False,Wh,Common Area Lights
142822,20.0,2025-04-03T02:40:00+08:00,13989893,0,False,Wh,Common Area Lights
142822,20.0,2025-04-03T03:00:00+08:00,13989939,0,False,Wh,Common Area Lights
142822,20.0,2025-04-03T03:20:00+08:00,13989982,0,False,Wh,Common Area Lights
142822,20.0,2025-04-03T03:40:00+08:00,13990118,0,False,Wh,Common Area Lights
142822,20.0,2025-04-03T04:00:00+08:00,13990170,0,False,Wh,Common Area Lights
142822,20.0,2025-04-03T04:20:00+08:00,13990224,0,False,Wh,Common Area Lights
142822,20.0,2025-04-03T04:40:00+08:00,13990324,0,False,Wh,Common Area Lights
142822,20.0,2025-04-03T05:00:00+08:00,13990419,0,False,Wh,Common Area Lights
142822,20.0,2025-04-03T05:20:00+08:00,13990583,0,False,Wh,Common Area Lights
142822,20.0,2025-04-03T05:40:00+08:00,13990643,0,False,Wh,Common Area Lights
142822,20.0,2025-04-03T06:00:00+08:00,13990700,0,False,Wh,Common Area Lights
142822,20.0,2025-04-03T06:20:00+08:00,13990879,0,False,Wh,Common Area Lights
142822,20.0,2025-04-03T06:40:00+08:00,13991029,0,False,Wh,Common Area Lights
142822,20.0,2025-04-03T07:00:00+08:00,13991197,0,False,Wh,Common Area Lights
142822,20.0,2025-04-03T07:20:00+08:00,13991364,0,False,Wh,Common Area Lights
142822,20.0,2025-04-03T07:40:00+08:00,13991535,0,False,Wh,Common Area Lights
142822,20.0,2025-04-03T08:00:00+08:00,13991583,0,False,Wh,Common Area Lights
142822,20.0,2025-04-03T08:20:00+08:00,13991627,0,False,Wh,Common Area Lights
142822,20.0,2025-04-03T08:40:00+08:00,13991665,0,False,Wh,Common Area Lights
142822,20.0,2025-04-03T09:00:00+08:00,13991703,0,False,Wh,Common Area Lights
142822,20.0,2025-04-03T09:20:00+08:00,13991747,0,False,Wh,Common Area Lights
142822,20.0,2025-04-03T09:40:00+08:00,13991823,0,False,Wh,Common Area Lights
142822,20.0,2025-04-03T10:00:00+08:00,13991864,0,False,Wh,Common Area Lights
142822,20.0,2025-04-03T10:20:00+08:00,13991902,0,False,Wh,Common Area Lights
142822,20.0,2025-04-03T10:40:00+08:00,13991939,0,False,Wh,Common Area Lights
142822,20.0,2025-04-03T11:00:00+08:00,13992008,0,False,Wh,Common Area Lights
142822,20.0,2025-04-03T11:20:00+08:00,13992071,0,False,Wh,Common Area Lights
142822,20.0,2025-04-03T11:40:00+08:00,13992130,0,False,Wh,Common Area Lights
142822,20.0,2025-04-03T12:00:00+08:00,13992170,0,False,Wh,Common Area Lights
142822,20.0,2025-04-03T12:20:00+08:00,13992228,0,False,Wh,Common Area Lights
142822,20.0,2025-04-03T12:40:00+08:00,13992272,0,False,Wh,Common Area Lights
142822,20.0,2025-04-03T13:00:00+08:00,13992329,0,False,Wh,Common Area Lights
142822,20.0,2025-04-03T13:20:00+08:00,13992384,0,False,Wh,Common Area Lights
142822,20.0,2025-04-03T13:40:00+08:00,13992446,0,False,Wh,Common Area Lights
142822,20.0,2025-04-03T14:00:00+08:00,13992506,0,False,Wh,Common Area Lights
142822,20.0,2025-04-03T14:20:00+08:00,13992561,0,False,Wh,Common Area Lights
142822,20.0,2025-04-03T14:40:00+08:00,13992614,0,False,Wh,Common Area Lights
142822,20.0,2025-04-03T15:00:00+08:00,13992688,0,False,Wh,Common Area Lights
142822,20.0,2025-04-03T15:20:00+08:00,13992758,0,False,Wh,Common Area Lights
142822,20.0,2025-04-03T15:40:00+08:00,13992816,0,False,Wh,Common Area Lights
142822,20.0,2025-04-03T16:00:00+08:00,13992883,0,False,Wh,Common Area Lights
142822,20.0,2025-04-03T16:20:00+08:00,13992943,0,False,Wh,Common Area Lights
142822,20.0,2025-04-03T16:40:00+08:00,13993015,0,False,Wh,Common Area Lights
142822,20.0,2025-04-03T17:00:00+08:00,13993095,0,False,Wh,Common Area Lights
142822,20.0,2025-04-03T17:20:00+08:00,13993177,0,False,Wh,Common Area Lights
142822,20.0,2025-04-03T17:40:00+08:00,13993300,0,False,Wh,Common Area Lights
142822,20.0,2025-04-03T18:00:00+08:00,13993362,0,False,Wh,Common Area Lights
142822,20.0,2025-04-03T18:20:00+08:00,13993559,0,False,Wh,Common Area Lights
142822,20.0,2025-04-03T18:40:00+08:00,13993741,0,False,Wh,Common Area Lights
142822,20.0,2025-04-03T19:00:00+08:00,13993896,0,False,Wh,Common Area Lights
142822,20.0,2025-04-03T19:20:00+08:00,13994074,0,False,Wh,Common Area Lights
142822,20.0,2025-04-03T19:40:00+08:00,13994248,0,False,Wh,Common Area Lights
142822,20.0,2025-04-03T20:00:00+08:00,13994404,0,False,Wh,Common Area Lights
142822,20.0,2025-04-03T20:20:00+08:00,13994523,0,False,Wh,Common Area Lights
142822,20.0,2025-04-03T20:40:00+08:00,13994638,0,False,Wh,Common Area Lights
142822,20.0,2025-04-03T21:00:00+08:00,13994834,0,False,Wh,Common Area Lights
142822,20.0,2025-04-03T21:20:00+08:00,13995008,0,False,Wh,Common Area Lights
142822,20.0,2025-04-03T21:40:00+08:00,13995126,0,False,Wh,Common Area Lights
142822,20.0,2025-04-03T22:00:00+08:00,13995167,0,False,Wh,Common Area Lights
142822,20.0,2025-04-03T22:20:00+08:00,13995297,0,False,Wh,Common Area Lights
142822,20.0,2025-04-03T22:40:00+08:00,13995365,0,False,Wh,Common Area Lights
142822,20.0,2025-04-03T23:00:00+08:00,13995475,0,False,Wh,Common Area Lights
142822,20.0,2025-04-03T23:20:00+08:00,13995605,0,False,Wh,Common Area Lights
142822,20.0,2025-04-03T23:40:00+08:00,13995743,0,False,Wh,Common Area Lights
142822,20.0,2025-04-04T00:00:00+08:00,13995815,0,False,Wh,Common Area Lights
142822,20.0,2025-04-04T00:20:00+08:00,13995856,0,False,Wh,Common Area Lights
142822,20.0,2025-04-04T00:40:00+08:00,13995896,0,False,Wh,Common Area Lights
142822,20.0,2025-04-04T01:00:00+08:00,13995945,0,False,Wh,Common Area Lights
142822,20.0,2025-04-04T01:20:00+08:00,13995989,0,False,Wh,Common Area Lights
142822,20.0,2025-04-04T01:40:00+08:00,13996029,0,False,Wh,Common Area Lights
142822,20.0,2025-04-04T02:00:00+08:00,13996069,0,False,Wh,Common Area Lights
142822,20.0,2025-04-04T02:20:00+08:00,13996109,0,False,Wh,Common Area Lights
142822,20.0,2025-04-04T02:40:00+08:00,13996157,0,False,Wh,Common Area Lights
142822,20.0,2025-04-04T03:00:00+08:00,13996202,0,False,Wh,Common Area Lights
142822,20.0,2025-04-04T03:20:00+08:00,13996242,0,False,Wh,Common Area Lights
142822,20.0,2025-04-04T03:40:00+08:00,13996291,0,False,Wh,Common Area Lights
142822,20.0,2025-04-04T04:00:00+08:00,13996336,0,False,Wh,Common Area Lights
142822,20.0,2025-04-04T04:20:00+08:00,13996377,0,False,Wh,Common Area Lights
142822,20.0,2025-04-04T04:40:00+08:00,13996485,0,False,Wh,Common Area Lights
142822,20.0,2025-04-04T05:00:00+08:00,13996576,0,False,Wh,Common Area Lights
142822,20.0,2025-04-04T05:20:00+08:00,13996640,0,False,Wh,Common Area Lights
142822,20.0,2025-04-04T05:40:00+08:00,13996752,0,False,Wh,Common Area Lights
142822,20.0,2025-04-04T06:00:00+08:00,13996910,0,False,Wh,Common Area Lights
142822,20.0,2025-04-04T06:20:00+08:00,13997062,0,False,Wh,Common Area Lights
142822,20.0,2025-04-04T06:40:00+08:00,13997192,0,False,Wh,Common Area Lights
142822,20.0,2025-04-04T07:00:00+08:00,13997331,0,False,Wh,Common Area Lights
142822,20.0,2025-04-04T07:20:00+08:00,13997510,0,False,Wh,Common Area Lights
142822,20.0,2025-04-04T07:40:00+08:00,13997736,0,False,Wh,Common Area Lights
142822,20.0,2025-04-04T08:00:00+08:00,13997902,0,False,Wh,Common Area Lights
142822,20.0,2025-04-04T08:20:00+08:00,13998046,0,False,Wh,Common Area Lights
142822,20.0,2025-04-04T08:40:00+08:00,13998191,0,False,Wh,Common Area Lights
142822,20.0,2025-04-04T09:00:00+08:00,13998342,0,False,Wh,Common Area Lights
142822,20.0,2025-04-04T09:20:00+08:00,13998497,0,False,Wh,Common Area Lights
142822,20.0,2025-04-04T09:40:00+08:00,13998547,0,False,Wh,Common Area Lights
142822,20.0,2025-04-04T10:00:00+08:00,13998601,0,False,Wh,Common Area Lights
142822,20.0,2025-04-04T10:20:00+08:00,13998651,0,False,Wh,Common Area Lights
142822,20.0,2025-04-04T10:40:00+08:00,13998706,0,False,Wh,Common Area Lights
142822,20.0,2025-04-04T11:00:00+08:00,13998776,0,False,Wh,Common Area Lights
142822,20.0,2025-04-04T11:20:00+08:00,13998837,0,False,Wh,Common Area Lights
142822,20.0,2025-04-04T11:40:00+08:00,13998874,0,False,Wh,Common Area Lights
142822,20.0,2025-04-04T12:00:00+08:00,13998930,0,False,Wh,Common Area Lights
142822,20.0,2025-04-04T12:20:00+08:00,13998974,0,False,Wh,Common Area Lights
142822,20.0,2025-04-04T12:40:00+08:00,13999038,0,False,Wh,Common Area Lights
142822,20.0,2025-04-04T13:00:00+08:00,13999130,0,False,Wh,Common Area Lights
142822,20.0,2025-04-04T13:20:00+08:00,13999167,0,False,Wh,Common Area Lights
142822,20.0,2025-04-04T13:40:00+08:00,13999218,0,False,Wh,Common Area Lights
142822,20.0,2025-04-04T14:00:00+08:00,13999274,0,False,Wh,Common Area Lights
142822,20.0,2025-04-04T14:20:00+08:00,13999349,0,False,Wh,Common Area Lights
142822,20.0,2025-04-04T14:40:00+08:00,13999403,0,False,Wh,Common Area Lights
142822,20.0,2025-04-04T15:00:00+08:00,13999442,0,False,Wh,Common Area Lights
142822,20.0,2025-04-04T15:20:00+08:00,13999512,0,False,Wh,Common Area Lights
142822,20.0,2025-04-04T15:40:00+08:00,13999593,0,False,Wh,Common Area Lights
142822,20.0,2025-04-04T16:00:00+08:00,13999671,0,False,Wh,Common Area Lights
142822,20.0,2025-04-04T16:20:00+08:00,13999726,0,False,Wh,Common Area Lights
142822,20.0,2025-04-04T16:40:00+08:00,13999782,0,False,Wh,Common Area Lights
142822,20.0,2025-04-04T17:00:00+08:00,13999831,0,False,Wh,Common Area Lights
142822,20.0,2025-04-04T17:20:00+08:00,13999884,0,False,Wh,Common Area Lights
142822,20.0,2025-04-04T17:40:00+08:00,13999990,0,False,Wh,Common Area Lights
142822,20.0,2025-04-04T18:00:00+08:00,14000090,0,False,Wh,Common Area Lights
142822,20.0,2025-04-04T18:20:00+08:00,14000230,0,False,Wh,Common Area Lights
142822,20.0,2025-04-04T18:40:00+08:00,14000436,0,False,Wh,Common Area Lights
142822,20.0,2025-04-04T19:00:00+08:00,14000658,0,False,Wh,Common Area Lights
142822,20.0,2025-04-04T19:20:00+08:00,14000761,0,False,Wh,Common Area Lights
142822,20.0,2025-04-04T19:40:00+08:00,14000856,0,False,Wh,Common Area Lights
142822,20.0,2025-04-04T20:00:00+08:00,14000992,0,False,Wh,Common Area Lights
142822,20.0,2025-04-04T20:20:00+08:00,14001065,0,False,Wh,Common Area Lights
142822,20.0,2025-04-04T20:40:00+08:00,14001223,0,False,Wh,Common Area Lights
142822,20.0,2025-04-04T21:00:00+08:00,14001396,0,False,Wh,Common Area Lights
142822,20.0,2025-04-04T21:20:00+08:00,14001585,0,False,Wh,Common Area Lights
142822,20.0,2025-04-04T21:40:00+08:00,14001782,0,False,Wh,Common Area Lights
142822,20.0,2025-04-04T22:00:00+08:00,14001955,0,False,Wh,Common Area Lights
142822,20.0,2025-04-04T22:20:00+08:00,14002131,0,False,Wh,Common Area Lights
142822,20.0,2025-04-04T22:40:00+08:00,14002281,0,False,Wh,Common Area Lights
142822,20.0,2025-04-04T23:00:00+08:00,14002387,0,False,Wh,Common Area Lights
142822,20.0,2025-04-04T23:20:00+08:00,14002553,0,False,Wh,Common Area Lights
142822,20.0,2025-04-04T23:40:00+08:00,14002687,0,False,Wh,Common Area Lights
142822,20.0,2025-04-05T00:00:00+08:00,14002728,0,False,Wh,Common Area Lights
142822,20.0,2025-04-05T00:20:00+08:00,14002861,0,False,Wh,Common Area Lights
142822,20.0,2025-04-05T00:40:00+08:00,14002905,0,False,Wh,Common Area Lights
142822,20.0,2025-04-05T01:00:00+08:00,14002975,0,False,Wh,Common Area Lights
142822,20.0,2025-04-05T01:20:00+08:00,14003108,0,False,Wh,Common Area Lights
142822,20.0,2025-04-05T01:40:00+08:00,14003156,0,False,Wh,Common Area Lights
142822,20.0,2025-04-05T02:00:00+08:00,14003204,0,False,Wh,Common Area Lights
142822,20.0,2025-04-05T02:20:00+08:00,14003244,0,False,Wh,Common Area Lights
142822,20.0,2025-04-05T02:40:00+08:00,14003285,0,False,Wh,Common Area Lights
142822,20.0,2025-04-05T03:00:00+08:00,14003326,0,False,Wh,Common Area Lights
142822,20.0,2025-04-05T03:20:00+08:00,14003366,0,False,Wh,Common Area Lights
142822,20.0,2025-04-05T03:40:00+08:00,14003410,0,False,Wh,Common Area Lights
142822,20.0,2025-04-05T04:00:00+08:00,14003461,0,False,Wh,Common Area Lights
142822,20.0,2025-04-05T04:20:00+08:00,14003502,0,False,Wh,Common Area Lights
142822,20.0,2025-04-05T04:40:00+08:00,14003543,0,False,Wh,Common Area Lights
142822,20.0,2025-04-05T05:00:00+08:00,14003590,0,False,Wh,Common Area Lights
142822,20.0,2025-04-05T05:20:00+08:00,14003639,0,False,Wh,Common Area Lights
142822,20.0,2025-04-05T05:40:00+08:00,14003702,0,False,Wh,Common Area Lights
142822,20.0,2025-04-05T06:00:00+08:00,14003842,0,False,Wh,Common Area Lights
142822,20.0,2025-04-05T06:20:00+08:00,14003987,0,False,Wh,Common Area Lights
142822,20.0,2025-04-05T06:40:00+08:00,14004170,0,False,Wh,Common Area Lights
142822,20.0,2025-04-05T07:00:00+08:00,14004288,0,False,Wh,Common Area Lights
142822,20.0,2025-04-05T07:20:00+08:00,14004351,0,False,Wh,Common Area Lights
142822,20.0,2025-04-05T07:40:00+08:00,14004407,0,False,Wh,Common Area Lights
142822,20.0,2025-04-05T08:00:00+08:00,14004462,0,False,Wh,Common Area Lights
142822,20.0,2025-04-05T08:20:00+08:00,14004508,0,False,Wh,Common Area Lights
142822,20.0,2025-04-05T08:40:00+08:00,14004546,0,False,Wh,Common Area Lights
142822,20.0,2025-04-05T09:00:00+08:00,14004593,0,False,Wh,Common Area Lights
142822,20.0,2025-04-05T09:20:00+08:00,14004699,0,False,Wh,Common Area Lights
142822,20.0,2025-04-05T09:40:00+08:00,14004772,0,False,Wh,Common Area Lights
142822,20.0,2025-04-05T10:00:00+08:00,14004830,0,False,Wh,Common Area Lights
142822,20.0,2025-04-05T10:20:00+08:00,14004868,0,False,Wh,Common Area Lights
142822,20.0,2025-04-05T10:40:00+08:00,14004905,0,False,Wh,Common Area Lights
142822,20.0,2025-04-05T11:00:00+08:00,14004961,0,False,Wh,Common Area Lights
142822,20.0,2025-04-05T11:20:00+08:00,14005048,0,False,Wh,Common Area Lights
142822,20.0,2025-04-05T11:40:00+08:00,14005107,0,False,Wh,Common Area Lights
142822,20.0,2025-04-05T12:00:00+08:00,14005180,0,False,Wh,Common Area Lights
142822,20.0,2025-04-05T12:20:00+08:00,14005256,0,False,Wh,Common Area Lights
142822,20.0,2025-04-05T12:40:00+08:00,14005314,0,False,Wh,Common Area Lights
142822,20.0,2025-04-05T13:00:00+08:00,14005414,0,False,Wh,Common Area Lights
142822,20.0,2025-04-05T13:20:00+08:00,14005509,0,False,Wh,Common Area Lights
142822,20.0,2025-04-05T13:40:00+08:00,14005557,0,False,Wh,Common Area Lights
142822,20.0,2025-04-05T14:00:00+08:00,14005595,0,False,Wh,Common Area Lights
142822,20.0,2025-04-05T14:20:00+08:00,14005654,0,False,Wh,Common Area Lights
142822,20.0,2025-04-05T14:40:00+08:00,14005724,0,False,Wh,Common Area Lights
142822,20.0,2025-04-05T15:00:00+08:00,14005817,0,False,Wh,Common Area Lights
142822,20.0,2025-04-05T15:20:00+08:00,14005929,0,False,Wh,Common Area Lights
142822,20.0,2025-04-05T15:40:00+08:00,14006031,0,False,Wh,Common Area Lights
142822,20.0,2025-04-05T16:00:00+08:00,14006087,0,False,Wh,Common Area Lights
142822,20.0,2025-04-05T16:20:00+08:00,14006138,0,False,Wh,Common Area Lights
142822,20.0,2025-04-05T16:40:00+08:00,14006176,0,False,Wh,Common Area Lights
142822,20.0,2025-04-05T17:00:00+08:00,14006231,0,False,Wh,Common Area Lights
142822,20.0,2025-04-05T17:20:00+08:00,14006303,0,False,Wh,Common Area Lights
142822,20.0,2025-04-05T17:40:00+08:00,14006347,0,False,Wh,Common Area Lights
142822,20.0,2025-04-05T18:00:00+08:00,14006433,0,False,Wh,Common Area Lights
142822,20.0,2025-04-05T18:20:00+08:00,14006608,0,False,Wh,Common Area Lights
142822,20.0,2025-04-05T18:40:00+08:00,14006799,0,False,Wh,Common Area Lights
142822,20.0,2025-04-05T19:00:00+08:00,14007017,0,False,Wh,Common Area Lights
142822,20.0,2025-04-05T19:20:00+08:00,14007214,0,False,Wh,Common Area Lights
142822,20.0,2025-04-05T19:40:00+08:00,14007344,0,False,Wh,Common Area Lights
142822,20.0,2025-04-05T20:00:00+08:00,14007430,0,False,Wh,Common Area Lights
142822,20.0,2025-04-05T20:20:00+08:00,14007587,0,False,Wh,Common Area Lights
142822,20.0,2025-04-05T20:40:00+08:00,14007742,0,False,Wh,Common Area Lights
142822,20.0,2025-04-05T21:00:00+08:00,14007881,0,False,Wh,Common Area Lights
142822,20.0,2025-04-05T21:20:00+08:00,14007991,0,False,Wh,Common Area Lights
142822,20.0,2025-04-05T21:40:00+08:00,14008142,0,False,Wh,Common Area Lights
142822,20.0,2025-04-05T22:00:00+08:00,14008252,0,False,Wh,Common Area Lights
142822,20.0,2025-04-05T22:20:00+08:00,14008404,0,False,Wh,Common Area Lights
142822,20.0,2025-04-05T22:40:00+08:00,14008450,0,False,Wh,Common Area Lights
142822,20.0,2025-04-05T23:00:00+08:00,14008501,0,False,Wh,Common Area Lights
142822,20.0,2025-04-05T23:20:00+08:00,14008558,0,False,Wh,Common Area Lights
142822,20.0,2025-04-05T23:40:00+08:00,14008618,0,False,Wh,Common Area Lights
142822,20.0,2025-04-06T00:00:00+08:00,14008662,0,False,Wh,Common Area Lights
142822,20.0,2025-04-06T00:20:00+08:00,14008703,0,False,Wh,Common Area Lights
142822,20.0,2025-04-06T00:40:00+08:00,14008743,0,False,Wh,Common Area Lights
142822,20.0,2025-04-06T01:00:00+08:00,14008783,0,False,Wh,Common Area Lights
142822,20.0,2025-04-06T01:20:00+08:00,14008824,0,False,Wh,Common Area Lights
142822,20.0,2025-04-06T01:40:00+08:00,14008864,0,False,Wh,Common Area Lights
142822,20.0,2025-04-06T02:00:00+08:00,14008912,0,False,Wh,Common Area Lights
142822,20.0,2025-04-06T02:20:00+08:00,14008962,0,False,Wh,Common Area Lights
142822,20.0,2025-04-06T02:40:00+08:00,14009009,0,False,Wh,Common Area Lights
142822,20.0,2025-04-06T03:00:00+08:00,14009057,0,False,Wh,Common Area Lights
142822,20.0,2025-04-06T03:20:00+08:00,14009097,0,False,Wh,Common Area Lights
142822,20.0,2025-04-06T03:40:00+08:00,14009137,0,False,Wh,Common Area Lights
142822,20.0,2025-04-06T04:00:00+08:00,14009177,0,False,Wh,Common Area Lights
142822,20.0,2025-04-06T04:20:00+08:00,14009218,0,False,Wh,Common Area Lights
142822,20.0,2025-04-06T04:40:00+08:00,14009258,0,False,Wh,Common Area Lights
142822,20.0,2025-04-06T05:00:00+08:00,14009299,0,False,Wh,Common Area Lights
142822,20.0,2025-04-06T05:20:00+08:00,14009340,0,False,Wh,Common Area Lights
142822,20.0,2025-04-06T05:40:00+08:00,14009390,0,False,Wh,Common Area Lights
142822,20.0,2025-04-06T06:00:00+08:00,14009504,0,False,Wh,Common Area Lights
142822,20.0,2025-04-06T06:20:00+08:00,14009571,0,False,Wh,Common Area Lights
142822,20.0,2025-04-06T06:40:00+08:00,14009632,0,False,Wh,Common Area Lights
142822,20.0,2025-04-06T07:00:00+08:00,14009661,0,False,Wh,Common Area Lights
142822,20.0,2025-04-06T07:20:00+08:00,14009694,0,False,Wh,Common Area Lights
142822,20.0,2025-04-06T07:40:00+08:00,14009731,0,False,Wh,Common Area Lights
142822,20.0,2025-04-06T08:00:00+08:00,14009769,0,False,Wh,Common Area Lights
142822,20.0,2025-04-06T08:20:00+08:00,14009806,0,False,Wh,Common Area Lights
142822,20.0,2025-04-06T08:40:00+08:00,14009844,0,False,Wh,Common Area Lights
142822,20.0,2025-04-06T09:00:00+08:00,14009900,0,False,Wh,Common Area Lights
142822,20.0,2025-04-06T09:20:00+08:00,14009958,0,False,Wh,Common Area Lights
142822,20.0,2025-04-06T09:40:00+08:00,14010031,0,False,Wh,Common Area Lights
142822,20.0,2025-04-06T10:00:00+08:00,14010105,0,False,Wh,Common Area Lights
142822,20.0,2025-04-06T10:20:00+08:00,14010201,0,False,Wh,Common Area Lights
142822,20.0,2025-04-06T10:40:00+08:00,14010256,0,False,Wh,Common Area Lights
142822,20.0,2025-04-06T11:00:00+08:00,14010307,0,False,Wh,Common Area Lights
142822,20.0,2025-04-06T11:20:00+08:00,14010395,0,False,Wh,Common Area Lights
142822,20.0,2025-04-06T11:40:00+08:00,14010454,0,False,Wh,Common Area Lights
142822,20.0,2025-04-06T12:00:00+08:00,14010532,0,False,Wh,Common Area Lights
142822,20.0,2025-04-06T12:20:00+08:00,14010603,0,False,Wh,Common Area Lights
142822,20.0,2025-04-06T12:40:00+08:00,14010675,0,False,Wh,Common Area Lights
142822,20.0,2025-04-06T13:00:00+08:00,14010779,0,False,Wh,Common Area Lights
142822,20.0,2025-04-06T13:20:00+08:00,14010881,0,False,Wh,Common Area Lights
142822,20.0,2025-04-06T13:40:00+08:00,14011004,0,False,Wh,Common Area Lights
142822,20.0,2025-04-06T14:00:00+08:00,14011117,0,False,Wh,Common Area Lights
142822,20.0,2025-04-06T14:20:00+08:00,14011201,0,False,Wh,Common Area Lights
142822,20.0,2025-04-06T14:40:00+08:00,14011256,0,False,Wh,Common Area Lights
142822,20.0,2025-04-06T15:00:00+08:00,14011312,0,False,Wh,Common Area Lights
142822,20.0,2025-04-06T15:20:00+08:00,14011360,0,False,Wh,Common Area Lights
142822,20.0,2025-04-06T15:40:00+08:00,14011430,0,False,Wh,Common Area Lights
142822,20.0,2025-04-06T16:00:00+08:00,14011514,0,False,Wh,Common Area Lights
142822,20.0,2025-04-06T16:20:00+08:00,14011561,0,False,Wh,Common Area Lights
142822,20.0,2025-04-06T16:40:00+08:00,14011648,0,False,Wh,Common Area Lights
142822,20.0,2025-04-06T17:00:00+08:00,14011737,0,False,Wh,Common Area Lights
142822,20.0,2025-04-06T17:20:00+08:00,14011824,0,False,Wh,Common Area Lights
142822,20.0,2025-04-06T17:40:00+08:00,14011916,0,False,Wh,Common Area Lights
142822,20.0,2025-04-06T18:00:00+08:00,14011992,0,False,Wh,Common Area Lights
142822,20.0,2025-04-06T18:20:00+08:00,14012183,0,False,Wh,Common Area Lights
142822,20.0,2025-04-06T18:40:00+08:00,14012366,0,False,Wh,Common Area Lights
142822,20.0,2025-04-06T19:00:00+08:00,14012538,0,False,Wh,Common Area Lights
142822,20.0,2025-04-06T19:20:00+08:00,14012691,0,False,Wh,Common Area Lights
142822,20.0,2025-04-06T19:40:00+08:00,14012862,0,False,Wh,Common Area Lights
142822,20.0,2025-04-06T20:00:00+08:00,14012956,0,False,Wh,Common Area Lights
142822,20.0,2025-04-06T20:20:00+08:00,14013100,0,False,Wh,Common Area Lights
142822,20.0,2025-04-06T20:40:00+08:00,14013230,0,False,Wh,Common Area Lights
142822,20.0,2025-04-06T21:00:00+08:00,14013387,0,False,Wh,Common Area Lights
142822,20.0,2025-04-06T21:20:00+08:00,14013494,0,False,Wh,Common Area Lights
142822,20.0,2025-04-06T21:40:00+08:00,14013588,0,False,Wh,Common Area Lights
142822,20.0,2025-04-06T22:00:00+08:00,14013635,0,False,Wh,Common Area Lights
142822,20.0,2025-04-06T22:20:00+08:00,14013683,0,False,Wh,Common Area Lights
142822,20.0,2025-04-06T22:40:00+08:00,14013731,0,False,Wh,Common Area Lights
142822,20.0,2025-04-06T23:00:00+08:00,14013773,0,False,Wh,Common Area Lights
142822,20.0,2025-04-06T23:20:00+08:00,14013874,0,False,Wh,Common Area Lights
142822,20.0,2025-04-06T23:40:00+08:00,14013946,0,False,Wh,Common Area Lights
142822,20.0,2025-04-07T00:00:00+08:00,14013985,0,False,Wh,Common Area Lights
142822,20.0,2025-04-07T00:20:00+08:00,14014026,0,False,Wh,Common Area Lights
142822,20.0,2025-04-07T00:40:00+08:00,14014076,0,False,Wh,Common Area Lights
142822,20.0,2025-04-07T01:00:00+08:00,14014115,0,False,Wh,Common Area Lights
142822,20.0,2025-04-07T01:20:00+08:00,14014153,0,False,Wh,Common Area Lights
142822,20.0,2025-04-07T01:40:00+08:00,14014192,0,False,Wh,Common Area Lights
142822,20.0,2025-04-07T02:00:00+08:00,14014231,0,False,Wh,Common Area Lights
142822,20.0,2025-04-07T02:20:00+08:00,14014270,0,False,Wh,Common Area Lights
142822,20.0,2025-04-07T02:40:00+08:00,14014310,0,False,Wh,Common Area Lights
142822,20.0,2025-04-07T03:00:00+08:00,14014349,0,False,Wh,Common Area Lights
142822,20.0,2025-04-07T03:20:00+08:00,14014389,0,False,Wh,Common Area Lights
142822,20.0,2025-04-07T03:40:00+08:00,14014433,0,False,Wh,Common Area Lights
142822,20.0,2025-04-07T04:00:00+08:00,14014483,0,False,Wh,Common Area Lights
142822,20.0,2025-04-07T04:20:00+08:00,14014523,0,False,Wh,Common Area Lights
142822,20.0,2025-04-07T04:40:00+08:00,14014578,0,False,Wh,Common Area Lights
142822,20.0,2025-04-07T05:00:00+08:00,14014644,0,False,Wh,Common Area Lights
142822,20.0,2025-04-07T05:20:00+08:00,14014717,0,False,Wh,Common Area Lights
142822,20.0,2025-04-07T05:40:00+08:00,14014794,0,False,Wh,Common Area Lights
142822,20.0,2025-04-07T06:00:00+08:00,14014953,0,False,Wh,Common Area Lights
142822,20.0,2025-04-07T06:20:00+08:00,14015131,0,False,Wh,Common Area Lights
142822,20.0,2025-04-07T06:40:00+08:00,14015320,0,False,Wh,Common Area Lights
142822,20.0,2025-04-07T07:00:00+08:00,14015494,0,False,Wh,Common Area Lights
142822,20.0,2025-04-07T07:20:00+08:00,14015700,0,False,Wh,Common Area Lights
142822,20.0,2025-04-07T07:40:00+08:00,14015916,0,False,Wh,Common Area Lights
142822,20.0,2025-04-07T08:00:00+08:00,14016070,0,False,Wh,Common Area Lights
142822,20.0,2025-04-07T08:20:00+08:00,14016213,0,False,Wh,Common Area Lights
142822,20.0,2025-04-07T08:40:00+08:00,14016356,0,False,Wh,Common Area Lights
142822,20.0,2025-04-07T09:00:00+08:00,14016499,0,False,Wh,Common Area Lights
142822,20.0,2025-04-07T09:20:00+08:00,14016657,0,False,Wh,Common Area Lights
142822,20.0,2025-04-07T09:40:00+08:00,14016803,0,False,Wh,Common Area Lights
142822,20.0,2025-04-07T10:00:00+08:00,14016945,0,False,Wh,Common Area Lights
142822,20.0,2025-04-07T10:20:00+08:00,14017088,0,False,Wh,Common Area Lights
142822,20.0,2025-04-07T10:40:00+08:00,14017239,0,False,Wh,Common Area Lights
142822,20.0,2025-04-07T11:00:00+08:00,14017396,0,False,Wh,Common Area Lights
142822,20.0,2025-04-07T11:20:00+08:00,14017554,0,False,Wh,Common Area Lights
142822,20.0,2025-04-07T11:40:00+08:00,14017719,0,False,Wh,Common Area Lights
142822,20.0,2025-04-07T12:00:00+08:00,14017896,0,False,Wh,Common Area Lights
142822,20.0,2025-04-07T12:20:00+08:00,14018074,0,False,Wh,Common Area Lights
142822,20.0,2025-04-07T12:40:00+08:00,14018249,0,False,Wh,Common Area Lights
142822,20.0,2025-04-07T13:00:00+08:00,14018416,0,False,Wh,Common Area Lights
142822,20.0,2025-04-07T13:20:00+08:00,14018580,0,False,Wh,Common Area Lights
142822,20.0,2025-04-07T13:40:00+08:00,14018744,0,False,Wh,Common Area Lights
142822,20.0,2025-04-07T14:00:00+08:00,14018906,0,False,Wh,Common Area Lights
142822,20.0,2025-04-07T14:20:00+08:00,14019077,0,False,Wh,Common Area Lights
142822,20.0,2025-04-07T14:40:00+08:00,14019240,0,False,Wh,Common Area Lights
142822,20.0,2025-04-07T15:00:00+08:00,14019401,0,False,Wh,Common Area Lights
142822,20.0,2025-04-07T15:20:00+08:00,14019552,0,False,Wh,Common Area Lights
142822,20.0,2025-04-07T15:40:00+08:00,14019711,0,False,Wh,Common Area Lights
142822,20.0,2025-04-07T16:00:00+08:00,14019855,0,False,Wh,Common Area Lights
142822,20.0,2025-04-07T16:20:00+08:00,14019999,0,False,Wh,Common Area Lights
142822,20.0,2025-04-07T16:40:00+08:00,14020177,0,False,Wh,Common Area Lights
142822,20.0,2025-04-07T17:00:00+08:00,14020362,0,False,Wh,Common Area Lights
142822,20.0,2025-04-07T17:20:00+08:00,14020532,0,False,Wh,Common Area Lights
142822,20.0,2025-04-07T17:40:00+08:00,14020717,0,False,Wh,Common Area Lights
142822,20.0,2025-04-07T18:00:00+08:00,14020912,0,False,Wh,Common Area Lights
142822,20.0,2025-04-07T18:20:00+08:00,14021089,0,False,Wh,Common Area Lights
142822,20.0,2025-04-07T18:40:00+08:00,14021290,0,False,Wh,Common Area Lights
142822,20.0,2025-04-07T19:00:00+08:00,14021424,0,False,Wh,Common Area Lights
142822,20.0,2025-04-07T19:20:00+08:00,14021515,0,False,Wh,Common Area Lights
142822,20.0,2025-04-07T19:40:00+08:00,14021670,0,False,Wh,Common Area Lights
142822,20.0,2025-04-07T20:00:00+08:00,14021819,0,False,Wh,Common Area Lights
142822,20.0,2025-04-07T20:20:00+08:00,14022009,0,False,Wh,Common Area Lights
142822,20.0,2025-04-07T20:40:00+08:00,14022222,0,False,Wh,Common Area Lights
142822,20.0,2025-04-07T21:00:00+08:00,14022376,0,False,Wh,Common Area Lights
142822,20.0,2025-04-07T21:20:00+08:00,14022511,0,False,Wh,Common Area Lights
142822,20.0,2025-04-07T21:40:00+08:00,14022601,0,False,Wh,Common Area Lights
142822,20.0,2025-04-07T22:00:00+08:00,14022649,0,False,Wh,Common Area Lights
142822,20.0,2025-04-07T22:20:00+08:00,14022778,0,False,Wh,Common Area Lights
142822,20.0,2025-04-07T22:40:00+08:00,14022826,0,False,Wh,Common Area Lights
142822,20.0,2025-04-07T23:00:00+08:00,14022873,0,False,Wh,Common Area Lights
142822,20.0,2025-04-07T23:20:00+08:00,14022913,0,False,Wh,Common Area Lights
142822,20.0,2025-04-07T23:40:00+08:00,14022953,0,False,Wh,Common Area Lights
142822,20.0,2025-04-08T00:00:00+08:00,14022993,0,False,Wh,Common Area Lights
142823,20.0,2025-04-01T00:20:00+08:00,12248908,0,False,Wh,Common Area
142823,20.0,2025-04-01T00:40:00+08:00,12248998,0,False,Wh,Common Area
142823,20.0,2025-04-01T01:00:00+08:00,12249088,0,False,Wh,Common Area
142823,20.0,2025-04-01T01:20:00+08:00,12249178,0,False,Wh,Common Area
142823,20.0,2025-04-01T01:40:00+08:00,12249268,0,False,Wh,Common Area
142823,20.0,2025-04-01T02:00:00+08:00,12249358,0,False,Wh,Common Area
142823,20.0,2025-04-01T02:20:00+08:00,12249449,0,False,Wh,Common Area
142823,20.0,2025-04-01T02:40:00+08:00,12249539,0,False,Wh,Common Area
142823,20.0,2025-04-01T03:00:00+08:00,12249629,0,False,Wh,Common Area
142823,20.0,2025-04-01T03:20:00+08:00,12249719,0,False,Wh,Common Area
142823,20.0,2025-04-01T03:40:00+08:00,12249809,0,False,Wh,Common Area
142823,20.0,2025-04-01T04:00:00+08:00,12249899,0,False,Wh,Common Area
142823,20.0,2025-04-01T04:20:00+08:00,12249988,0,False,Wh,Common Area
142823,20.0,2025-04-01T04:40:00+08:00,12250089,0,False,Wh,Common Area
142823,20.0,2025-04-01T05:00:00+08:00,12250179,0,False,Wh,Common Area
142823,20.0,2025-04-01T05:20:00+08:00,12250276,0,False,Wh,Common Area
142823,20.0,2025-04-01T05:40:00+08:00,12250379,0,False,Wh,Common Area
142823,20.0,2025-04-01T06:00:00+08:00,12250487,0,False,Wh,Common Area
142823,20.0,2025-04-01T06:20:00+08:00,12250576,0,False,Wh,Common Area
142823,20.0,2025-04-01T06:40:00+08:00,12250664,0,False,Wh,Common Area
142823,20.0,2025-04-01T07:00:00+08:00,12250762,0,False,Wh,Common Area
142823,20.0,2025-04-01T07:20:00+08:00,12250859,0,False,Wh,Common Area
142823,20.0,2025-04-01T07:40:00+08:00,12250954,0,False,Wh,Common Area
142823,20.0,2025-04-01T08:00:00+08:00,12251045,0,False,Wh,Common Area
142823,20.0,2025-04-01T08:20:00+08:00,12251139,0,False,Wh,Common Area
142823,20.0,2025-04-01T08:40:00+08:00,12251227,0,False,Wh,Common Area
142823,20.0,2025-04-01T09:00:00+08:00,12251317,0,False,Wh,Common Area
142823,20.0,2025-04-01T09:20:00+08:00,12251404,0,False,Wh,Common Area
142823,20.0,2025-04-01T09:40:00+08:00,12251491,0,False,Wh,Common Area
142823,20.0,2025-04-01T10:00:00+08:00,12251579,0,False,Wh,Common Area
142823,20.0,2025-04-01T10:20:00+08:00,12251666,0,False,Wh,Common Area
142823,20.0,2025-04-01T10:40:00+08:00,12251753,0,False,Wh,Common Area
142823,20.0,2025-04-01T11:00:00+08:00,12251840,0,False,Wh,Common Area
142823,20.0,2025-04-01T11:20:00+08:00,12251928,0,False,Wh,Common Area
142823,20.0,2025-04-01T11:40:00+08:00,12252015,0,False,Wh,Common Area
142823,20.0,2025-04-01T12:00:00+08:00,12252102,0,False,Wh,Common Area
142823,20.0,2025-04-01T12:20:00+08:00,12252202,0,False,Wh,Common Area
142823,20.0,2025-04-01T12:40:00+08:00,12252289,0,False,Wh,Common Area
142823,20.0,2025-04-01T13:00:00+08:00,12252386,0,False,Wh,Common Area
142823,20.0,2025-04-01T13:20:00+08:00,12252473,0,False,Wh,Common Area
142823,20.0,2025-04-01T13:40:00+08:00,12252561,0,False,Wh,Common Area
142823,20.0,2025-04-01T14:00:00+08:00,12252649,0,False,Wh,Common Area
142823,20.0,2025-04-01T14:20:00+08:00,12252738,0,False,Wh,Common Area
142823,20.0,2025-04-01T14:40:00+08:00,12252838,0,False,Wh,Common Area
142823,20.0,2025-04-01T15:00:00+08:00,12252937,0,False,Wh,Common Area
142823,20.0,2025-04-01T15:20:00+08:00,12253027,0,False,Wh,Common Area
142823,20.0,2025-04-01T15:40:00+08:00,12253131,0,False,Wh,Common Area
142823,20.0,2025-04-01T16:00:00+08:00,12253220,0,False,Wh,Common Area
142823,20.0,2025-04-01T16:20:00+08:00,12253315,0,False,Wh,Common Area
142823,20.0,2025-04-01T16:40:00+08:00,12253417,0,False,Wh,Common Area
142823,20.0,2025-04-01T17:00:00+08:00,12253504,0,False,Wh,Common Area
142823,20.0,2025-04-01T17:20:00+08:00,12253600,0,False,Wh,Common Area
142823,20.0,2025-04-01T17:40:00+08:00,12253715,0,False,Wh,Common Area
142823,20.0,2025-04-01T18:00:00+08:00,12253804,0,False,Wh,Common Area
142823,20.0,2025-04-01T18:20:00+08:00,12253891,0,False,Wh,Common Area
142823,20.0,2025-04-01T18:40:00+08:00,12253980,0,False,Wh,Common Area
142823,20.0,2025-04-01T19:00:00+08:00,12254111,0,False,Wh,Common Area
142823,20.0,2025-04-01T19:20:00+08:00,12254207,0,False,Wh,Common Area
142823,20.0,2025-04-01T19:40:00+08:00,12254306,0,False,Wh,Common Area
142823,20.0,2025-04-01T20:00:00+08:00,12254397,0,False,Wh,Common Area
142823,20.0,2025-04-01T20:20:00+08:00,12254487,0,False,Wh,Common Area
142823,20.0,2025-04-01T20:40:00+08:00,12254576,0,False,Wh,Common Area
142823,20.0,2025-04-01T21:00:00+08:00,12254666,0,False,Wh,Common Area
142823,20.0,2025-04-01T21:20:00+08:00,12254756,0,False,Wh,Common Area
142823,20.0,2025-04-01T21:40:00+08:00,12254856,0,False,Wh,Common Area
142823,20.0,2025-04-01T22:00:00+08:00,12254944,0,False,Wh,Common Area
142823,20.0,2025-04-01T22:20:00+08:00,12255032,0,False,Wh,Common Area
142823,20.0,2025-04-01T22:40:00+08:00,12255130,0,False,Wh,Common Area
142823,20.0,2025-04-01T23:00:00+08:00,12255220,0,False,Wh,Common Area
142823,20.0,2025-04-01T23:20:00+08:00,12255309,0,False,Wh,Common Area
142823,20.0,2025-04-01T23:40:00+08:00,12255399,0,False,Wh,Common Area
142823,20.0,2025-04-02T00:00:00+08:00,12255489,0,False,Wh,Common Area
142823,20.0,2025-04-02T00:20:00+08:00,12255579,0,False,Wh,Common Area
142823,20.0,2025-04-02T00:40:00+08:00,12255669,0,False,Wh,Common Area
142823,20.0,2025-04-02T01:00:00+08:00,12255759,0,False,Wh,Common Area
142823,20.0,2025-04-02T01:20:00+08:00,12255849,0,False,Wh,Common Area
142823,20.0,2025-04-02T01:40:00+08:00,12255939,0,False,Wh,Common Area
142823,20.0,2025-04-02T02:00:00+08:00,12256029,0,False,Wh,Common Area
142823,20.0,2025-04-02T02:20:00+08:00,12256119,0,False,Wh,Common Area
142823,20.0,2025-04-02T02:40:00+08:00,12256208,0,False,Wh,Common Area
142823,20.0,2025-04-02T03:00:00+08:00,12256298,0,False,Wh,Common Area
142823,20.0,2025-04-02T03:20:00+08:00,12256388,0,False,Wh,Common Area
142823,20.0,2025-04-02T03:40:00+08:00,12256478,0,False,Wh,Common Area
142823,20.0,2025-04-02T04:00:00+08:00,12256567,0,False,Wh,Common Area
142823,20.0,2025-04-02T04:20:00+08:00,12256657,0,False,Wh,Common Area
142823,20.0,2025-04-02T04:40:00+08:00,12256747,0,False,Wh,Common Area
142823,20.0,2025-04-02T05:00:00+08:00,12256848,0,False,Wh,Common Area
142823,20.0,2025-04-02T05:20:00+08:00,12256938,0,False,Wh,Common Area
142823,20.0,2025-04-02T05:40:00+08:00,12257027,0,False,Wh,Common Area
142823,20.0,2025-04-02T06:00:00+08:00,12257117,0,False,Wh,Common Area
142823,20.0,2025-04-02T06:20:00+08:00,12257223,0,False,Wh,Common Area
142823,20.0,2025-04-02T06:40:00+08:00,12257311,0,False,Wh,Common Area
142823,20.0,2025-04-02T07:00:00+08:00,12257408,0,False,Wh,Common Area
142823,20.0,2025-04-02T07:20:00+08:00,12257496,0,False,Wh,Common Area
142823,20.0,2025-04-02T07:40:00+08:00,12257584,0,False,Wh,Common Area
142823,20.0,2025-04-02T08:00:00+08:00,12257672,0,False,Wh,Common Area
142823,20.0,2025-04-02T08:20:00+08:00,12257768,0,False,Wh,Common Area
142823,20.0,2025-04-02T08:40:00+08:00,12257856,0,False,Wh,Common Area
142823,20.0,2025-04-02T09:00:00+08:00,12257944,0,False,Wh,Common Area
142823,20.0,2025-04-02T09:20:00+08:00,12258032,0,False,Wh,Common Area
142823,20.0,2025-04-02T09:40:00+08:00,12258120,0,False,Wh,Common Area
142823,20.0,2025-04-02T10:00:00+08:00,12258208,0,False,Wh,Common Area
142823,20.0,2025-04-02T10:20:00+08:00,12258296,0,False,Wh,Common Area
142823,20.0,2025-04-02T10:40:00+08:00,12258383,0,False,Wh,Common Area
142823,20.0,2025-04-02T11:00:00+08:00,12258471,0,False,Wh,Common Area
142823,20.0,2025-04-02T11:20:00+08:00,12258559,0,False,Wh,Common Area
142823,20.0,2025-04-02T11:40:00+08:00,12258648,0,False,Wh,Common Area
142823,20.0,2025-04-02T12:00:00+08:00,12258736,0,False,Wh,Common Area
142823,20.0,2025-04-02T12:20:00+08:00,12258833,0,False,Wh,Common Area
142823,20.0,2025-04-02T12:40:00+08:00,12258923,0,False,Wh,Common Area
142823,20.0,2025-04-02T13:00:00+08:00,12259010,0,False,Wh,Common Area
142823,20.0,2025-04-02T13:20:00+08:00,12259106,0,False,Wh,Common Area
142823,20.0,2025-04-02T13:40:00+08:00,12259194,0,False,Wh,Common Area
142823,20.0,2025-04-02T14:00:00+08:00,12259281,0,False,Wh,Common Area
142823,20.0,2025-04-02T14:20:00+08:00,12259370,0,False,Wh,Common Area
142823,20.0,2025-04-02T14:40:00+08:00,12259476,0,False,Wh,Common Area
142823,20.0,2025-04-02T15:00:00+08:00,12259573,0,False,Wh,Common Area
142823,20.0,2025-04-02T15:20:00+08:00,12259661,0,False,Wh,Common Area
142823,20.0,2025-04-02T15:40:00+08:00,12259760,0,False,Wh,Common Area
142823,20.0,2025-04-02T16:00:00+08:00,12259848,0,False,Wh,Common Area
142823,20.0,2025-04-02T16:20:00+08:00,12259938,0,False,Wh,Common Area
142823,20.0,2025-04-02T16:40:00+08:00,12260048,0,False,Wh,Common Area
142823,20.0,2025-04-02T17:00:00+08:00,12260135,0,False,Wh,Common Area
142823,20.0,2025-04-02T17:20:00+08:00,12260222,0,False,Wh,Common Area
142823,20.0,2025-04-02T17:40:00+08:00,12260324,0,False,Wh,Common Area
142823,20.0,2025-04-02T18:00:00+08:00,12260412,0,False,Wh,Common Area
142823,20.0,2025-04-02T18:20:00+08:00,12260499,0,False,Wh,Common Area
142823,20.0,2025-04-02T18:40:00+08:00,12260599,0,False,Wh,Common Area
142823,20.0,2025-04-02T19:00:00+08:00,12260688,0,False,Wh,Common Area
142823,20.0,2025-04-02T19:20:00+08:00,12260777,0,False,Wh,Common Area
142823,20.0,2025-04-02T19:40:00+08:00,12260874,0,False,Wh,Common Area
142823,20.0,2025-04-02T20:00:00+08:00,12260976,0,False,Wh,Common Area
142823,20.0,2025-04-02T20:20:00+08:00,12261074,0,False,Wh,Common Area
142823,20.0,2025-04-02T20:40:00+08:00,12261162,0,False,Wh,Common Area
142823,20.0,2025-04-02T21:00:00+08:00,12261272,0,False,Wh,Common Area
142823,20.0,2025-04-02T21:20:00+08:00,12261362,0,False,Wh,Common Area
142823,20.0,2025-04-02T21:40:00+08:00,12261463,0,False,Wh,Common Area
142823,20.0,2025-04-02T22:00:00+08:00,12261552,0,False,Wh,Common Area
142823,20.0,2025-04-02T22:20:00+08:00,12261641,0,False,Wh,Common Area
142823,20.0,2025-04-02T22:40:00+08:00,12261731,0,False,Wh,Common Area
142823,20.0,2025-04-02T23:00:00+08:00,12261821,0,False,Wh,Common Area
142823,20.0,2025-04-02T23:20:00+08:00,12261911,0,False,Wh,Common Area
142823,20.0,2025-04-02T23:40:00+08:00,12262001,0,False,Wh,Common Area
142823,20.0,2025-04-03T00:00:00+08:00,12262091,0,False,Wh,Common Area
142823,20.0,2025-04-03T00:20:00+08:00,12262181,0,False,Wh,Common Area
142823,20.0,2025-04-03T00:40:00+08:00,12262272,0,False,Wh,Common Area
142823,20.0,2025-04-03T01:00:00+08:00,12262362,0,False,Wh,Common Area
142823,20.0,2025-04-03T01:20:00+08:00,12262452,0,False,Wh,Common Area
142823,20.0,2025-04-03T01:40:00+08:00,12262542,0,False,Wh,Common Area
142823,20.0,2025-04-03T02:00:00+08:00,12262632,0,False,Wh,Common Area
142823,20.0,2025-04-03T02:20:00+08:00,12262722,0,False,Wh,Common Area
142823,20.0,2025-04-03T02:40:00+08:00,12262812,0,False,Wh,Common Area
142823,20.0,2025-04-03T03:00:00+08:00,12262902,0,False,Wh,Common Area
142823,20.0,2025-04-03T03:20:00+08:00,12262992,0,False,Wh,Common Area
142823,20.0,2025-04-03T03:40:00+08:00,12263082,0,False,Wh,Common Area
142823,20.0,2025-04-03T04:00:00+08:00,12263172,0,False,Wh,Common Area
142823,20.0,2025-04-03T04:20:00+08:00,12263262,0,False,Wh,Common Area
142823,20.0,2025-04-03T04:40:00+08:00,12263351,0,False,Wh,Common Area
142823,20.0,2025-04-03T05:00:00+08:00,12263449,0,False,Wh,Common Area
142823,20.0,2025-04-03T05:20:00+08:00,12263547,0,False,Wh,Common Area
142823,20.0,2025-04-03T05:40:00+08:00,12263637,0,False,Wh,Common Area
142823,20.0,2025-04-03T06:00:00+08:00,12263734,0,False,Wh,Common Area
142823,20.0,2025-04-03T06:20:00+08:00,12263823,0,False,Wh,Common Area
142823,20.0,2025-04-03T06:40:00+08:00,12263912,0,False,Wh,Common Area
142823,20.0,2025-04-03T07:00:00+08:00,12264012,0,False,Wh,Common Area
142823,20.0,2025-04-03T07:20:00+08:00,12264101,0,False,Wh,Common Area
142823,20.0,2025-04-03T07:40:00+08:00,12264188,0,False,Wh,Common Area
142823,20.0,2025-04-03T08:00:00+08:00,12264284,0,False,Wh,Common Area
142823,20.0,2025-04-03T08:20:00+08:00,12264372,0,False,Wh,Common Area
142823,20.0,2025-04-03T08:40:00+08:00,12264460,0,False,Wh,Common Area
142823,20.0,2025-04-03T09:00:00+08:00,12264547,0,False,Wh,Common Area
142823,20.0,2025-04-03T09:20:00+08:00,12264645,0,False,Wh,Common Area
142823,20.0,2025-04-03T09:40:00+08:00,12264741,0,False,Wh,Common Area
142823,20.0,2025-04-03T10:00:00+08:00,12264829,0,False,Wh,Common Area
142823,20.0,2025-04-03T10:20:00+08:00,12264917,0,False,Wh,Common Area
142823,20.0,2025-04-03T10:40:00+08:00,12265005,0,False,Wh,Common Area
142823,20.0,2025-04-03T11:00:00+08:00,12265105,0,False,Wh,Common Area
142823,20.0,2025-04-03T11:20:00+08:00,12265193,0,False,Wh,Common Area
142823,20.0,2025-04-03T11:40:00+08:00,12265281,0,False,Wh,Common Area
142823,20.0,2025-04-03T12:00:00+08:00,12265370,0,False,Wh,Common Area
142823,20.0,2025-04-03T12:20:00+08:00,12265458,0,False,Wh,Common Area
142823,20.0,2025-04-03T12:40:00+08:00,12265562,0,False,Wh,Common Area
142823,20.0,2025-04-03T13:00:00+08:00,12265660,0,False,Wh,Common Area
142823,20.0,2025-04-03T13:20:00+08:00,12265749,0,False,Wh,Common Area
142823,20.0,2025-04-03T13:40:00+08:00,12265849,0,False,Wh,Common Area
142823,20.0,2025-04-03T14:00:00+08:00,12265951,0,False,Wh,Common Area
142823,20.0,2025-04-03T14:20:00+08:00,12266038,0,False,Wh,Common Area
142823,20.0,2025-04-03T14:40:00+08:00,12266132,0,False,Wh,Common Area
142823,20.0,2025-04-03T15:00:00+08:00,12266221,0,False,Wh,Common Area
142823,20.0,2025-04-03T15:20:00+08:00,12266309,0,False,Wh,Common Area
142823,20.0,2025-04-03T15:40:00+08:00,12266397,0,False,Wh,Common Area
142823,20.0,2025-04-03T16:00:00+08:00,12266487,0,False,Wh,Common Area
142823,20.0,2025-04-03T16:20:00+08:00,12266590,0,False,Wh,Common Area
142823,20.0,2025-04-03T16:40:00+08:00,12266677,0,False,Wh,Common Area
142823,20.0,2025-04-03T17:00:00+08:00,12266770,0,False,Wh,Common Area
142823,20.0,2025-04-03T17:20:00+08:00,12266882,0,False,Wh,Common Area
142823,20.0,2025-04-03T17:40:00+08:00,12267008,0,False,Wh,Common Area
142823,20.0,2025-04-03T18:00:00+08:00,12267096,0,False,Wh,Common Area
142823,20.0,2025-04-03T18:20:00+08:00,12267201,0,False,Wh,Common Area
142823,20.0,2025-04-03T18:40:00+08:00,12267291,0,False,Wh,Common Area
142823,20.0,2025-04-03T19:00:00+08:00,12267380,0,False,Wh,Common Area
142823,20.0,2025-04-03T19:20:00+08:00,12267490,0,False,Wh,Common Area
142823,20.0,2025-04-03T19:40:00+08:00,12267579,0,False,Wh,Common Area
142823,20.0,2025-04-03T20:00:00+08:00,12267669,0,False,Wh,Common Area
142823,20.0,2025-04-03T20:20:00+08:00,12267768,0,False,Wh,Common Area
142823,20.0,2025-04-03T20:40:00+08:00,12267875,0,False,Wh,Common Area
142823,20.0,2025-04-03T21:00:00+08:00,12267984,0,False,Wh,Common Area
142823,20.0,2025-04-03T21:20:00+08:00,12268099,0,False,Wh,Common Area
142823,20.0,2025-04-03T21:40:00+08:00,12268189,0,False,Wh,Common Area
142823,20.0,2025-04-03T22:00:00+08:00,12268278,0,False,Wh,Common Area
142823,20.0,2025-04-03T22:20:00+08:00,12268368,0,False,Wh,Common Area
142823,20.0,2025-04-03T22:40:00+08:00,12268457,0,False,Wh,Common Area
142823,20.0,2025-04-03T23:00:00+08:00,12268546,0,False,Wh,Common Area
142823,20.0,2025-04-03T23:20:00+08:00,12268635,0,False,Wh,Common Area
142823,20.0,2025-04-03T23:40:00+08:00,12268739,0,False,Wh,Common Area
142823,20.0,2025-04-04T00:00:00+08:00,12268828,0,False,Wh,Common Area
142823,20.0,2025-04-04T00:20:00+08:00,12268916,0,False,Wh,Common Area
142823,20.0,2025-04-04T00:40:00+08:00,12269004,0,False,Wh,Common Area
142823,20.0,2025-04-04T01:00:00+08:00,12269092,0,False,Wh,Common Area
142823,20.0,2025-04-04T01:20:00+08:00,12269180,0,False,Wh,Common Area
142823,20.0,2025-04-04T01:40:00+08:00,12269268,0,False,Wh,Common Area
142823,20.0,2025-04-04T02:00:00+08:00,12269357,0,False,Wh,Common Area
142823,20.0,2025-04-04T02:20:00+08:00,12269445,0,False,Wh,Common Area
142823,20.0,2025-04-04T02:40:00+08:00,12269534,0,False,Wh,Common Area
142823,20.0,2025-04-04T03:00:00+08:00,12269623,0,False,Wh,Common Area
142823,20.0,2025-04-04T03:20:00+08:00,12269711,0,False,Wh,Common Area
142823,20.0,2025-04-04T03:40:00+08:00,12269800,0,False,Wh,Common Area
142823,20.0,2025-04-04T04:00:00+08:00,12269889,0,False,Wh,Common Area
142823,20.0,2025-04-04T04:20:00+08:00,12269977,0,False,Wh,Common Area
142823,20.0,2025-04-04T04:40:00+08:00,12270077,0,False,Wh,Common Area
142823,20.0,2025-04-04T05:00:00+08:00,12270174,0,False,Wh,Common Area
142823,20.0,2025-04-04T05:20:00+08:00,12270264,0,False,Wh,Common Area
142823,20.0,2025-04-04T05:40:00+08:00,12270363,0,False,Wh,Common Area
142823,20.0,2025-04-04T06:00:00+08:00,12270456,0,False,Wh,Common Area
142823,20.0,2025-04-04T06:20:00+08:00,12270565,0,False,Wh,Common Area
142823,20.0,2025-04-04T06:40:00+08:00,12270654,0,False,Wh,Common Area
142823,20.0,2025-04-04T07:00:00+08:00,12270753,0,False,Wh,Common Area
142823,20.0,2025-04-04T07:20:00+08:00,12270842,0,False,Wh,Common Area
142823,20.0,2025-04-04T07:40:00+08:00,12270941,0,False,Wh,Common Area
142823,20.0,2025-04-04T08:00:00+08:00,12271041,0,False,Wh,Common Area
142823,20.0,2025-04-04T08:20:00+08:00,12271129,0,False,Wh,Common Area
142823,20.0,2025-04-04T08:40:00+08:00,12271217,0,False,Wh,Common Area
142823,20.0,2025-04-04T09:00:00+08:00,12271312,0,False,Wh,Common Area
142823,20.0,2025-04-04T09:20:00+08:00,12271399,0,False,Wh,Common Area
142823,20.0,2025-04-04T09:40:00+08:00,12271496,0,False,Wh,Common Area
142823,20.0,2025-04-04T10:00:00+08:00,12271584,0,False,Wh,Common Area
142823,20.0,2025-04-04T10:20:00+08:00,12271690,0,False,Wh,Common Area
142823,20.0,2025-04-04T10:40:00+08:00,12271788,0,False,Wh,Common Area
142823,20.0,2025-04-04T11:00:00+08:00,12271898,0,False,Wh,Common Area
142823,20.0,2025-04-04T11:20:00+08:00,12271985,0,False,Wh,Common Area
142823,20.0,2025-04-04T11:40:00+08:00,12272073,0,False,Wh,Common Area
142823,20.0,2025-04-04T12:00:00+08:00,12272162,0,False,Wh,Common Area
142823,20.0,2025-04-04T12:20:00+08:00,12272261,0,False,Wh,Common Area
142823,20.0,2025-04-04T12:40:00+08:00,12272360,0,False,Wh,Common Area
142823,20.0,2025-04-04T13:00:00+08:00,12272448,0,False,Wh,Common Area
142823,20.0,2025-04-04T13:20:00+08:00,12272536,0,False,Wh,Common Area
142823,20.0,2025-04-04T13:40:00+08:00,12272635,0,False,Wh,Common Area
142823,20.0,2025-04-04T14:00:00+08:00,12272744,0,False,Wh,Common Area
142823,20.0,2025-04-04T14:20:00+08:00,12272844,0,False,Wh,Common Area
142823,20.0,2025-04-04T14:40:00+08:00,12272943,0,False,Wh,Common Area
142823,20.0,2025-04-04T15:00:00+08:00,12273031,0,False,Wh,Common Area
142823,20.0,2025-04-04T15:20:00+08:00,12273136,0,False,Wh,Common Area
142823,20.0,2025-04-04T15:40:00+08:00,12273231,0,False,Wh,Common Area
142823,20.0,2025-04-04T16:00:00+08:00,12273318,0,False,Wh,Common Area
142823,20.0,2025-04-04T16:20:00+08:00,12273415,0,False,Wh,Common Area
142823,20.0,2025-04-04T16:40:00+08:00,12273511,0,False,Wh,Common Area
142823,20.0,2025-04-04T17:00:00+08:00,12273601,0,False,Wh,Common Area
142823,20.0,2025-04-04T17:20:00+08:00,12273785,0,False,Wh,Common Area
142823,20.0,2025-04-04T17:40:00+08:00,12273884,0,False,Wh,Common Area
142823,20.0,2025-04-04T18:00:00+08:00,12274003,0,False,Wh,Common Area
142823,20.0,2025-04-04T18:20:00+08:00,12274095,0,False,Wh,Common Area
142823,20.0,2025-04-04T18:40:00+08:00,12274218,0,False,Wh,Common Area
142823,20.0,2025-04-04T19:00:00+08:00,12274321,0,False,Wh,Common Area
142823,20.0,2025-04-04T19:20:00+08:00,12274422,0,False,Wh,Common Area
142823,20.0,2025-04-04T19:40:00+08:00,12274512,0,False,Wh,Common Area
142823,20.0,2025-04-04T20:00:00+08:00,12274615,0,False,Wh,Common Area
142823,20.0,2025-04-04T20:20:00+08:00,12274706,0,False,Wh,Common Area
142823,20.0,2025-04-04T20:40:00+08:00,12274800,0,False,Wh,Common Area
142823,20.0,2025-04-04T21:00:00+08:00,12274902,0,False,Wh,Common Area
142823,20.0,2025-04-04T21:20:00+08:00,12275009,0,False,Wh,Common Area
142823,20.0,2025-04-04T21:40:00+08:00,12275111,0,False,Wh,Common Area
142823,20.0,2025-04-04T22:00:00+08:00,12275223,0,False,Wh,Common Area
142823,20.0,2025-04-04T22:20:00+08:00,12275323,0,False,Wh,Common Area
142823,20.0,2025-04-04T22:40:00+08:00,12275419,0,False,Wh,Common Area
142823,20.0,2025-04-04T23:00:00+08:00,12275514,0,False,Wh,Common Area
142823,20.0,2025-04-04T23:20:00+08:00,12275614,0,False,Wh,Common Area
142823,20.0,2025-04-04T23:40:00+08:00,12275709,0,False,Wh,Common Area
142823,20.0,2025-04-05T00:00:00+08:00,12275805,0,False,Wh,Common Area
142823,20.0,2025-04-05T00:20:00+08:00,12275900,0,False,Wh,Common Area
142823,20.0,2025-04-05T00:40:00+08:00,12275996,0,False,Wh,Common Area
142823,20.0,2025-04-05T01:00:00+08:00,12276092,0,False,Wh,Common Area
142823,20.0,2025-04-05T01:20:00+08:00,12276182,0,False,Wh,Common Area
142823,20.0,2025-04-05T01:40:00+08:00,12276273,0,False,Wh,Common Area
142823,20.0,2025-04-05T02:00:00+08:00,12276363,0,False,Wh,Common Area
142823,20.0,2025-04-05T02:20:00+08:00,12276454,0,False,Wh,Common Area
142823,20.0,2025-04-05T02:40:00+08:00,12276545,0,False,Wh,Common Area
142823,20.0,2025-04-05T03:00:00+08:00,12276636,0,False,Wh,Common Area
142823,20.0,2025-04-05T03:20:00+08:00,12276726,0,False,Wh,Common Area
142823,20.0,2025-04-05T03:40:00+08:00,12276817,0,False,Wh,Common Area
142823,20.0,2025-04-05T04:00:00+08:00,12276908,0,False,Wh,Common Area
142823,20.0,2025-04-05T04:20:00+08:00,12276998,0,False,Wh,Common Area
142823,20.0,2025-04-05T04:40:00+08:00,12277089,0,False,Wh,Common Area
142823,20.0,2025-04-05T05:00:00+08:00,12277180,0,False,Wh,Common Area
142823,20.0,2025-04-05T05:20:00+08:00,12277270,0,False,Wh,Common Area
142823,20.0,2025-04-05T05:40:00+08:00,12277361,0,False,Wh,Common Area
142823,20.0,2025-04-05T06:00:00+08:00,12277451,0,False,Wh,Common Area
142823,20.0,2025-04-05T06:20:00+08:00,12277541,0,False,Wh,Common Area
142823,20.0,2025-04-05T06:40:00+08:00,12277630,0,False,Wh,Common Area
142823,20.0,2025-04-05T07:00:00+08:00,12277719,0,False,Wh,Common Area
142823,20.0,2025-04-05T07:20:00+08:00,12277817,0,False,Wh,Common Area
142823,20.0,2025-04-05T07:40:00+08:00,12277905,0,False,Wh,Common Area
142823,20.0,2025-04-05T08:00:00+08:00,12278002,0,False,Wh,Common Area
142823,20.0,2025-04-05T08:20:00+08:00,12278090,0,False,Wh,Common Area
142823,20.0,2025-04-05T08:40:00+08:00,12278177,0,False,Wh,Common Area
142823,20.0,2025-04-05T09:00:00+08:00,12278287,0,False,Wh,Common Area
142823,20.0,2025-04-05T09:20:00+08:00,12278395,0,False,Wh,Common Area
142823,20.0,2025-04-05T09:40:00+08:00,12278494,0,False,Wh,Common Area
142823,20.0,2025-04-05T10:00:00+08:00,12278582,0,False,Wh,Common Area
142823,20.0,2025-04-05T10:20:00+08:00,12278670,0,False,Wh,Common Area
142823,20.0,2025-04-05T10:40:00+08:00,12278757,0,False,Wh,Common Area
142823,20.0,2025-04-05T11:00:00+08:00,12278864,0,False,Wh,Common Area
142823,20.0,2025-04-05T11:20:00+08:00,12278964,0,False,Wh,Common Area
142823,20.0,2025-04-05T11:40:00+08:00,12279051,0,False,Wh,Common Area
142823,20.0,2025-04-05T12:00:00+08:00,12279173,0,False,Wh,Common Area
142823,20.0,2025-04-05T12:20:00+08:00,12279283,0,False,Wh,Common Area
142823,20.0,2025-04-05T12:40:00+08:00,12279414,0,False,Wh,Common Area
142823,20.0,2025-04-05T13:00:00+08:00,12279540,0,False,Wh,Common Area
142823,20.0,2025-04-05T13:20:00+08:00,12279627,0,False,Wh,Common Area
142823,20.0,2025-04-05T13:40:00+08:00,12279713,0,False,Wh,Common Area
142823,20.0,2025-04-05T14:00:00+08:00,12279799,0,False,Wh,Common Area
142823,20.0,2025-04-05T14:20:00+08:00,12279897,0,False,Wh,Common Area
142823,20.0,2025-04-05T14:40:00+08:00,12279994,0,False,Wh,Common Area
142823,20.0,2025-04-05T15:00:00+08:00,12280109,0,False,Wh,Common Area
142823,20.0,2025-04-05T15:20:00+08:00,12280262,0,False,Wh,Common Area
142823,20.0,2025-04-05T15:40:00+08:00,12280367,0,False,Wh,Common Area
142823,20.0,2025-04-05T16:00:00+08:00,12280461,0,False,Wh,Common Area
142823,20.0,2025-04-05T16:20:00+08:00,12280554,0,False,Wh,Common Area
142823,20.0,2025-04-05T16:40:00+08:00,12280646,0,False,Wh,Common Area
142823,20.0,2025-04-05T17:00:00+08:00,12280747,0,False,Wh,Common Area
142823,20.0,2025-04-05T17:20:00+08:00,12280851,0,False,Wh,Common Area
142823,20.0,2025-04-05T17:40:00+08:00,12280944,0,False,Wh,Common Area
142823,20.0,2025-04-05T18:00:00+08:00,12281036,0,False,Wh,Common Area
142823,20.0,2025-04-05T18:20:00+08:00,12281162,0,False,Wh,Common Area
142823,20.0,2025-04-05T18:40:00+08:00,12281256,0,False,Wh,Common Area
142823,20.0,2025-04-05T19:00:00+08:00,12281382,0,False,Wh,Common Area
142823,20.0,2025-04-05T19:20:00+08:00,12281487,0,False,Wh,Common Area
142823,20.0,2025-04-05T19:40:00+08:00,12281580,0,False,Wh,Common Area
142823,20.0,2025-04-05T20:00:00+08:00,12281673,0,False,Wh,Common Area
142823,20.0,2025-04-05T20:20:00+08:00,12281766,0,False,Wh,Common Area
142823,20.0,2025-04-05T20:40:00+08:00,12281866,0,False,Wh,Common Area
142823,20.0,2025-04-05T21:00:00+08:00,12281965,0,False,Wh,Common Area
142823,20.0,2025-04-05T21:20:00+08:00,12282058,0,False,Wh,Common Area
142823,20.0,2025-04-05T21:40:00+08:00,12282159,0,False,Wh,Common Area
142823,20.0,2025-04-05T22:00:00+08:00,12282261,0,False,Wh,Common Area
142823,20.0,2025-04-05T22:20:00+08:00,12282356,0,False,Wh,Common Area
142823,20.0,2025-04-05T22:40:00+08:00,12282451,0,False,Wh,Common Area
142823,20.0,2025-04-05T23:00:00+08:00,12282546,0,False,Wh,Common Area
142823,20.0,2025-04-05T23:20:00+08:00,12282642,0,False,Wh,Common Area
142823,20.0,2025-04-05T23:40:00+08:00,12282737,0,False,Wh,Common Area
142823,20.0,2025-04-06T00:00:00+08:00,12282832,0,False,Wh,Common Area
142823,20.0,2025-04-06T00:20:00+08:00,12282927,0,False,Wh,Common Area
142823,20.0,2025-04-06T00:40:00+08:00,12283022,0,False,Wh,Common Area
142823,20.0,2025-04-06T01:00:00+08:00,12283117,0,False,Wh,Common Area
142823,20.0,2025-04-06T01:20:00+08:00,12283213,0,False,Wh,Common Area
142823,20.0,2025-04-06T01:40:00+08:00,12283308,0,False,Wh,Common Area
142823,20.0,2025-04-06T02:00:00+08:00,12283403,0,False,Wh,Common Area
142823,20.0,2025-04-06T02:20:00+08:00,12283499,0,False,Wh,Common Area
142823,20.0,2025-04-06T02:40:00+08:00,12283594,0,False,Wh,Common Area
142823,20.0,2025-04-06T03:00:00+08:00,12283690,0,False,Wh,Common Area
142823,20.0,2025-04-06T03:20:00+08:00,12283786,0,False,Wh,Common Area
142823,20.0,2025-04-06T03:40:00+08:00,12283881,0,False,Wh,Common Area
142823,20.0,2025-04-06T04:00:00+08:00,12283977,0,False,Wh,Common Area
142823,20.0,2025-04-06T04:20:00+08:00,12284073,0,False,Wh,Common Area
142823,20.0,2025-04-06T04:40:00+08:00,12284168,0,False,Wh,Common Area
142823,20.0,2025-04-06T05:00:00+08:00,12284264,0,False,Wh,Common Area
142823,20.0,2025-04-06T05:20:00+08:00,12284359,0,False,Wh,Common Area
142823,20.0,2025-04-06T05:40:00+08:00,12284454,0,False,Wh,Common Area
142823,20.0,2025-04-06T06:00:00+08:00,12284549,0,False,Wh,Common Area
142823,20.0,2025-04-06T06:20:00+08:00,12284649,0,False,Wh,Common Area
142823,20.0,2025-04-06T06:40:00+08:00,12284743,0,False,Wh,Common Area
142823,20.0,2025-04-06T07:00:00+08:00,12284836,0,False,Wh,Common Area
142823,20.0,2025-04-06T07:20:00+08:00,12284928,0,False,Wh,Common Area
142823,20.0,2025-04-06T07:40:00+08:00,12285021,0,False,Wh,Common Area
142823,20.0,2025-04-06T08:00:00+08:00,12285114,0,False,Wh,Common Area
142823,20.0,2025-04-06T08:20:00+08:00,12285207,0,False,Wh,Common Area
142823,20.0,2025-04-06T08:40:00+08:00,12285300,0,False,Wh,Common Area
142823,20.0,2025-04-06T09:00:00+08:00,12285407,0,False,Wh,Common Area
142823,20.0,2025-04-06T09:20:00+08:00,12285507,0,False,Wh,Common Area
142823,20.0,2025-04-06T09:40:00+08:00,12285601,0,False,Wh,Common Area
142823,20.0,2025-04-06T10:00:00+08:00,12285706,0,False,Wh,Common Area
142823,20.0,2025-04-06T10:20:00+08:00,12285808,0,False,Wh,Common Area
142823,20.0,2025-04-06T10:40:00+08:00,12285901,0,False,Wh,Common Area
142823,20.0,2025-04-06T11:00:00+08:00,12285993,0,False,Wh,Common Area
142823,20.0,2025-04-06T11:20:00+08:00,12286098,0,False,Wh,Common Area
142823,20.0,2025-04-06T11:40:00+08:00,12286202,0,False,Wh,Common Area
142823,20.0,2025-04-06T12:00:00+08:00,12286311,0,False,Wh,Common Area
142823,20.0,2025-04-06T12:20:00+08:00,12286420,0,False,Wh,Common Area
142823,20.0,2025-04-06T12:40:00+08:00,12286524,0,False,Wh,Common Area
142823,20.0,2025-04-06T13:00:00+08:00,12286645,0,False,Wh,Common Area
142823,20.0,2025-04-06T13:20:00+08:00,12286770,0,False,Wh,Common Area
142823,20.0,2025-04-06T13:40:00+08:00,12286892,0,False,Wh,Common Area
142823,20.0,2025-04-06T14:00:00+08:00,12286993,0,False,Wh,Common Area
142823,20.0,2025-04-06T14:20:00+08:00,12287091,0,False,Wh,Common Area
142823,20.0,2025-04-06T14:40:00+08:00,12287191,0,False,Wh,Common Area
142823,20.0,2025-04-06T15:00:00+08:00,12287339,0,False,Wh,Common Area
142823,20.0,2025-04-06T15:20:00+08:00,12287431,0,False,Wh,Common Area
142823,20.0,2025-04-06T15:40:00+08:00,12287594,0,False,Wh,Common Area
142823,20.0,2025-04-06T16:00:00+08:00,12287686,0,False,Wh,Common Area
142823,20.0,2025-04-06T16:20:00+08:00,12287791,0,False,Wh,Common Area
142823,20.0,2025-04-06T16:40:00+08:00,12287892,0,False,Wh,Common Area
142823,20.0,2025-04-06T17:00:00+08:00,12288009,0,False,Wh,Common Area
142823,20.0,2025-04-06T17:20:00+08:00,12288108,0,False,Wh,Common Area
142823,20.0,2025-04-06T17:40:00+08:00,12288208,0,False,Wh,Common Area
142823,20.0,2025-04-06T18:00:00+08:00,12288337,0,False,Wh,Common Area
142823,20.0,2025-04-06T18:20:00+08:00,12288445,0,False,Wh,Common Area
142823,20.0,2025-04-06T18:40:00+08:00,12288571,0,False,Wh,Common Area
142823,20.0,2025-04-06T19:00:00+08:00,12288676,0,False,Wh,Common Area
142823,20.0,2025-04-06T19:20:00+08:00,12288791,0,False,Wh,Common Area
142823,20.0,2025-04-06T19:40:00+08:00,12288886,0,False,Wh,Common Area
142823,20.0,2025-04-06T20:00:00+08:00,12288981,0,False,Wh,Common Area
142823,20.0,2025-04-06T20:20:00+08:00,12289092,0,False,Wh,Common Area
142823,20.0,2025-04-06T20:40:00+08:00,12289194,0,False,Wh,Common Area
142823,20.0,2025-04-06T21:00:00+08:00,12289287,0,False,Wh,Common Area
142823,20.0,2025-04-06T21:20:00+08:00,12289381,0,False,Wh,Common Area
142823,20.0,2025-04-06T21:40:00+08:00,12289476,0,False,Wh,Common Area
142823,20.0,2025-04-06T22:00:00+08:00,12289570,0,False,Wh,Common Area
142823,20.0,2025-04-06T22:20:00+08:00,12289665,0,False,Wh,Common Area
142823,20.0,2025-04-06T22:40:00+08:00,12289759,0,False,Wh,Common Area
142823,20.0,2025-04-06T23:00:00+08:00,12289854,0,False,Wh,Common Area
142823,20.0,2025-04-06T23:20:00+08:00,12289948,0,False,Wh,Common Area
142823,20.0,2025-04-06T23:40:00+08:00,12290043,0,False,Wh,Common Area
142823,20.0,2025-04-07T00:00:00+08:00,12290138,0,False,Wh,Common Area
142823,20.0,2025-04-07T00:20:00+08:00,12290232,0,False,Wh,Common Area
142823,20.0,2025-04-07T00:40:00+08:00,12290327,0,False,Wh,Common Area
142823,20.0,2025-04-07T01:00:00+08:00,12290422,0,False,Wh,Common Area
142823,20.0,2025-04-07T01:20:00+08:00,12290516,0,False,Wh,Common Area
142823,20.0,2025-04-07T01:40:00+08:00,12290611,0,False,Wh,Common Area
142823,20.0,2025-04-07T02:00:00+08:00,12290706,0,False,Wh,Common Area
142823,20.0,2025-04-07T02:20:00+08:00,12290801,0,False,Wh,Common Area
142823,20.0,2025-04-07T02:40:00+08:00,12290896,0,False,Wh,Common Area
142823,20.0,2025-04-07T03:00:00+08:00,12290991,0,False,Wh,Common Area
142823,20.0,2025-04-07T03:20:00+08:00,12291086,0,False,Wh,Common Area
142823,20.0,2025-04-07T03:40:00+08:00,12291181,0,False,Wh,Common Area
142823,20.0,2025-04-07T04:00:00+08:00,12291276,0,False,Wh,Common Area
142823,20.0,2025-04-07T04:20:00+08:00,12291371,0,False,Wh,Common Area
142823,20.0,2025-04-07T04:40:00+08:00,12291474,0,False,Wh,Common Area
142823,20.0,2025-04-07T05:00:00+08:00,12291585,0,False,Wh,Common Area
142823,20.0,2025-04-07T05:20:00+08:00,12291681,0,False,Wh,Common Area
142823,20.0,2025-04-07T05:40:00+08:00,12291776,0,False,Wh,Common Area
142823,20.0,2025-04-07T06:00:00+08:00,12291871,0,False,Wh,Common Area
142823,20.0,2025-04-07T06:20:00+08:00,12291983,0,False,Wh,Common Area
142823,20.0,2025-04-07T06:40:00+08:00,12292098,0,False,Wh,Common Area
142823,20.0,2025-04-07T07:00:00+08:00,12292205,0,False,Wh,Common Area
142823,20.0,2025-04-07T07:20:00+08:00,12292299,0,False,Wh,Common Area
142823,20.0,2025-04-07T07:40:00+08:00,12292403,0,False,Wh,Common Area
142823,20.0,2025-04-07T08:00:00+08:00,12292495,0,False,Wh,Common Area
142823,20.0,2025-04-07T08:20:00+08:00,12292588,0,False,Wh,Common Area
142823,20.0,2025-04-07T08:40:00+08:00,12292681,0,False,Wh,Common Area
142823,20.0,2025-04-07T09:00:00+08:00,12292774,0,False,Wh,Common Area
142823,20.0,2025-04-07T09:20:00+08:00,12292874,0,False,Wh,Common Area
142823,20.0,2025-04-07T09:40:00+08:00,12292967,0,False,Wh,Common Area
142823,20.0,2025-04-07T10:00:00+08:00,12293060,0,False,Wh,Common Area
142823,20.0,2025-04-07T10:20:00+08:00,12293153,0,False,Wh,Common Area
142823,20.0,2025-04-07T10:40:00+08:00,12293247,0,False,Wh,Common Area
142823,20.0,2025-04-07T11:00:00+08:00,12293341,0,False,Wh,Common Area
142823,20.0,2025-04-07T11:20:00+08:00,12293434,0,False,Wh,Common Area
142823,20.0,2025-04-07T11:40:00+08:00,12293527,0,False,Wh,Common Area
142823,20.0,2025-04-07T12:00:00+08:00,12293622,0,False,Wh,Common Area
142823,20.0,2025-04-07T12:20:00+08:00,12293734,0,False,Wh,Common Area
142823,20.0,2025-04-07T12:40:00+08:00,12293827,0,False,Wh,Common Area
142823,20.0,2025-04-07T13:00:00+08:00,12293920,0,False,Wh,Common Area
142823,20.0,2025-04-07T13:20:00+08:00,12294013,0,False,Wh,Common Area
142823,20.0,2025-04-07T13:40:00+08:00,12294106,0,False,Wh,Common Area
142823,20.0,2025-04-07T14:00:00+08:00,12294209,0,False,Wh,Common Area
142823,20.0,2025-04-07T14:20:00+08:00,12294317,0,False,Wh,Common Area
142823,20.0,2025-04-07T14:40:00+08:00,12294421,0,False,Wh,Common Area
142823,20.0,2025-04-07T15:00:00+08:00,12294521,0,False,Wh,Common Area
142823,20.0,2025-04-07T15:20:00+08:00,12294624,0,False,Wh,Common Area
142823,20.0,2025-04-07T15:40:00+08:00,12294714,0,False,Wh,Common Area
142823,20.0,2025-04-07T16:00:00+08:00,12294802,0,False,Wh,Common Area
142823,20.0,2025-04-07T16:20:00+08:00,12294891,0,False,Wh,Common Area
142823,20.0,2025-04-07T16:40:00+08:00,12295001,0,False,Wh,Common Area
142823,20.0,2025-04-07T17:00:00+08:00,12295101,0,False,Wh,Common Area
142823,20.0,2025-04-07T17:20:00+08:00,12295206,0,False,Wh,Common Area
142823,20.0,2025-04-07T17:40:00+08:00,12295374,0,False,Wh,Common Area
142823,20.0,2025-04-07T18:00:00+08:00,12295461,0,False,Wh,Common Area
142823,20.0,2025-04-07T18:20:00+08:00,12295557,0,False,Wh,Common Area
142823,20.0,2025-04-07T18:40:00+08:00,12295657,0,False,Wh,Common Area
142823,20.0,2025-04-07T19:00:00+08:00,12295747,0,False,Wh,Common Area
142823,20.0,2025-04-07T19:20:00+08:00,12295847,0,False,Wh,Common Area
142823,20.0,2025-04-07T19:40:00+08:00,12295937,0,False,Wh,Common Area
142823,20.0,2025-04-07T20:00:00+08:00,12296038,0,False,Wh,Common Area
142823,20.0,2025-04-07T20:20:00+08:00,12296152,0,False,Wh,Common Area
142823,20.0,2025-04-07T20:40:00+08:00,12296241,0,False,Wh,Common Area
142823,20.0,2025-04-07T21:00:00+08:00,12296331,0,False,Wh,Common Area
142823,20.0,2025-04-07T21:20:00+08:00,12296420,0,False,Wh,Common Area
142823,20.0,2025-04-07T21:40:00+08:00,12296510,0,False,Wh,Common Area
142823,20.0,2025-04-07T22:00:00+08:00,12296600,0,False,Wh,Common Area
142823,20.0,2025-04-07T22:20:00+08:00,12296690,0,False,Wh,Common Area
142823,20.0,2025-04-07T22:40:00+08:00,12296780,0,False,Wh,Common Area
142823,20.0,2025-04-07T23:00:00+08:00,12296870,0,False,Wh,Common Area
142823,20.0,2025-04-07T23:20:00+08:00,12296960,0,False,Wh,Common Area
142823,20.0,2025-04-07T23:40:00+08:00,12297051,0,False,Wh,Common Area
142823,20.0,2025-04-08T00:00:00+08:00,12297141,0,False,Wh,Common Area
142824,20.0,2025-04-01T00:20:00+08:00,4284932,147962458,False,Wh,SOLAR AND BATTERY DB
142824,20.0,2025-04-01T00:40:00+08:00,4284932,147962665,False,Wh,SOLAR AND BATTERY DB
142824,20.0,2025-04-01T01:00:00+08:00,4284932,147962871,False,Wh,SOLAR AND BATTERY DB
142824,20.0,2025-04-01T01:20:00+08:00,4284932,147963084,False,Wh,SOLAR AND BATTERY DB
142824,20.0,2025-04-01T01:40:00+08:00,4284948,147963197,False,Wh,SOLAR AND BATTERY DB
142824,20.0,2025-04-01T02:00:00+08:00,4284974,147963197,False,Wh,SOLAR AND BATTERY DB
142824,20.0,2025-04-01T02:20:00+08:00,4285000,147963197,False,Wh,SOLAR AND BATTERY DB
142824,20.0,2025-04-01T02:40:00+08:00,4285026,147963197,False,Wh,SOLAR AND BATTERY DB
142824,20.0,2025-04-01T03:00:00+08:00,4285052,147963197,False,Wh,SOLAR AND BATTERY DB
142824,20.0,2025-04-01T03:20:00+08:00,4285078,147963197,False,Wh,SOLAR AND BATTERY DB
142824,20.0,2025-04-01T03:40:00+08:00,4285103,147963197,False,Wh,SOLAR AND BATTERY DB
142824,20.0,2025-04-01T04:00:00+08:00,4285129,147963197,False,Wh,SOLAR AND BATTERY DB
142824,20.0,2025-04-01T04:20:00+08:00,4285155,147963197,False,Wh,SOLAR AND BATTERY DB
142824,20.0,2025-04-01T04:40:00+08:00,4285180,147963197,False,Wh,SOLAR AND BATTERY DB
142824,20.0,2025-04-01T05:00:00+08:00,4285206,147963197,False,Wh,SOLAR AND BATTERY DB
142824,20.0,2025-04-01T05:20:00+08:00,4285232,147963197,False,Wh,SOLAR AND BATTERY DB
142824,20.0,2025-04-01T05:40:00+08:00,4285257,147963197,False,Wh,SOLAR AND BATTERY DB
142824,20.0,2025-04-01T06:00:00+08:00,4285283,147963197,False,Wh,SOLAR AND BATTERY DB
142824,20.0,2025-04-01T06:20:00+08:00,4285312,147963197,False,Wh,SOLAR AND BATTERY DB
142824,20.0,2025-04-01T06:40:00+08:00,4285329,147963198,False,Wh,SOLAR AND BATTERY DB
142824,20.0,2025-04-01T07:00:00+08:00,4285329,147963278,False,Wh,SOLAR AND BATTERY DB
142824,20.0,2025-04-01T07:20:00+08:00,4285329,147963500,False,Wh,SOLAR AND BATTERY DB
142824,20.0,2025-04-01T07:40:00+08:00,4285329,147963981,False,Wh,SOLAR AND BATTERY DB
142824,20.0,2025-04-01T08:00:00+08:00,4285329,147964910,False,Wh,SOLAR AND BATTERY DB
142824,20.0,2025-04-01T08:20:00+08:00,4285329,147965980,False,Wh,SOLAR AND BATTERY DB
142824,20.0,2025-04-01T08:40:00+08:00,4285329,147966831,False,Wh,SOLAR AND BATTERY DB
142824,20.0,2025-04-01T09:00:00+08:00,4285329,147968765,False,Wh,SOLAR AND BATTERY DB
142824,20.0,2025-04-01T09:20:00+08:00,4285329,147970976,False,Wh,SOLAR AND BATTERY DB
142824,20.0,2025-04-01T09:40:00+08:00,4285329,147973085,False,Wh,SOLAR AND BATTERY DB
142824,20.0,2025-04-01T10:00:00+08:00,4285329,147974831,False,Wh,SOLAR AND BATTERY DB
142824,20.0,2025-04-01T10:20:00+08:00,4285329,147976642,False,Wh,SOLAR AND BATTERY DB
142824,20.0,2025-04-01T10:40:00+08:00,4285329,147978804,False,Wh,SOLAR AND BATTERY DB
142824,20.0,2025-04-01T11:00:00+08:00,4285329,147981865,False,Wh,SOLAR AND BATTERY DB
142824,20.0,2025-04-01T11:20:00+08:00,4285329,147984691,False,Wh,SOLAR AND BATTERY DB
142824,20.0,2025-04-01T11:40:00+08:00,4285329,147987101,False,Wh,SOLAR AND BATTERY DB
142824,20.0,2025-04-01T12:00:00+08:00,4285329,147991061,False,Wh,SOLAR AND BATTERY DB
142824,20.0,2025-04-01T12:20:00+08:00,4285329,147994958,False,Wh,SOLAR AND BATTERY DB
142824,20.0,2025-04-01T12:40:00+08:00,4285329,147997695,False,Wh,SOLAR AND BATTERY DB
142824,20.0,2025-04-01T13:00:00+08:00,4285329,148000580,False,Wh,SOLAR AND BATTERY DB
142824,20.0,2025-04-01T13:20:00+08:00,4285329,148003552,False,Wh,SOLAR AND BATTERY DB
142824,20.0,2025-04-01T13:40:00+08:00,4285329,148006468,False,Wh,SOLAR AND BATTERY DB
142824,20.0,2025-04-01T14:00:00+08:00,4285329,148009067,False,Wh,SOLAR AND BATTERY DB
142824,20.0,2025-04-01T14:20:00+08:00,4285329,148012119,False,Wh,SOLAR AND BATTERY DB
142824,20.0,2025-04-01T14:40:00+08:00,4285329,148015540,False,Wh,SOLAR AND BATTERY DB
142824,20.0,2025-04-01T15:00:00+08:00,4285329,148018773,False,Wh,SOLAR AND BATTERY DB
142824,20.0,2025-04-01T15:20:00+08:00,4285329,148022231,False,Wh,SOLAR AND BATTERY DB
142824,20.0,2025-04-01T15:40:00+08:00,4285329,148025395,False,Wh,SOLAR AND BATTERY DB
142824,20.0,2025-04-01T16:00:00+08:00,4285329,148028368,False,Wh,SOLAR AND BATTERY DB
142824,20.0,2025-04-01T16:20:00+08:00,4285329,148031956,False,Wh,SOLAR AND BATTERY DB
142824,20.0,2025-04-01T16:40:00+08:00,4285329,148034772,False,Wh,SOLAR AND BATTERY DB
142824,20.0,2025-04-01T17:00:00+08:00,4285329,148036949,False,Wh,SOLAR AND BATTERY DB
142824,20.0,2025-04-01T17:20:00+08:00,4285329,148038830,False,Wh,SOLAR AND BATTERY DB
142824,20.0,2025-04-01T17:40:00+08:00,4285329,148040512,False,Wh,SOLAR AND BATTERY DB
142824,20.0,2025-04-01T18:00:00+08:00,4285329,148041849,False,Wh,SOLAR AND BATTERY DB
142824,20.0,2025-04-01T18:20:00+08:00,4285329,148042763,False,Wh,SOLAR AND BATTERY DB
142824,20.0,2025-04-01T18:40:00+08:00,4285329,148043526,False,Wh,SOLAR AND BATTERY DB
142824,20.0,2025-04-01T19:00:00+08:00,4285329,148044141,False,Wh,SOLAR AND BATTERY DB
142824,20.0,2025-04-01T19:20:00+08:00,4285329,148044644,False,Wh,SOLAR AND BATTERY DB
142824,20.0,2025-04-01T19:40:00+08:00,4285329,148045098,False,Wh,SOLAR AND BATTERY DB
142824,20.0,2025-04-01T20:00:00+08:00,4285329,148045461,False,Wh,SOLAR AND BATTERY DB
142824,20.0,2025-04-01T20:20:00+08:00,4285329,148045868,False,Wh,SOLAR AND BATTERY DB
142824,20.0,2025-04-01T20:40:00+08:00,4285329,148046213,False,Wh,SOLAR AND BATTERY DB
142824,20.0,2025-04-01T21:00:00+08:00,4285329,148046620,False,Wh,SOLAR AND BATTERY DB
142824,20.0,2025-04-01T21:20:00+08:00,4285329,148046980,False,Wh,SOLAR AND BATTERY DB
142824,20.0,2025-04-01T21:40:00+08:00,4285329,148047288,False,Wh,SOLAR AND BATTERY DB
142824,20.0,2025-04-01T22:00:00+08:00,4285333,148047389,False,Wh,SOLAR AND BATTERY DB
142824,20.0,2025-04-01T22:20:00+08:00,4285353,148047400,False,Wh,SOLAR AND BATTERY DB
142824,20.0,2025-04-01T22:40:00+08:00,4285379,148047401,False,Wh,SOLAR AND BATTERY DB
142824,20.0,2025-04-01T23:00:00+08:00,4285405,148047401,False,Wh,SOLAR AND BATTERY DB
142824,20.0,2025-04-01T23:20:00+08:00,4285431,148047401,False,Wh,SOLAR AND BATTERY DB
142824,20.0,2025-04-01T23:40:00+08:00,4285457,148047401,False,Wh,SOLAR AND BATTERY DB
142824,20.0,2025-04-02T00:00:00+08:00,4285484,148047401,False,Wh,SOLAR AND BATTERY DB
142824,20.0,2025-04-02T00:20:00+08:00,4285510,148047401,False,Wh,SOLAR AND BATTERY DB
142824,20.0,2025-04-02T00:40:00+08:00,4285536,148047401,False,Wh,SOLAR AND BATTERY DB
142824,20.0,2025-04-02T01:00:00+08:00,4285563,148047401,False,Wh,SOLAR AND BATTERY DB
142824,20.0,2025-04-02T01:20:00+08:00,4285589,148047401,False,Wh,SOLAR AND BATTERY DB
142824,20.0,2025-04-02T01:40:00+08:00,4285615,148047401,False,Wh,SOLAR AND BATTERY DB
142824,20.0,2025-04-02T02:00:00+08:00,4285641,148047401,False,Wh,SOLAR AND BATTERY DB
142824,20.0,2025-04-02T02:20:00+08:00,4285667,148047401,False,Wh,SOLAR AND BATTERY DB
142824,20.0,2025-04-02T02:40:00+08:00,4285693,148047401,False,Wh,SOLAR AND BATTERY DB
142824,20.0,2025-04-02T03:00:00+08:00,4285719,148047401,False,Wh,SOLAR AND BATTERY DB
142824,20.0,2025-04-02T03:20:00+08:00,4285745,148047401,False,Wh,SOLAR AND BATTERY DB
142824,20.0,2025-04-02T03:40:00+08:00,4285771,148047401,False,Wh,SOLAR AND BATTERY DB
142824,20.0,2025-04-02T04:00:00+08:00,4285797,148047401,False,Wh,SOLAR AND BATTERY DB
142824,20.0,2025-04-02T04:20:00+08:00,4285823,148047401,False,Wh,SOLAR AND BATTERY DB
142824,20.0,2025-04-02T04:40:00+08:00,4285849,148047401,False,Wh,SOLAR AND BATTERY DB
142824,20.0,2025-04-02T05:00:00+08:00,4285874,148047401,False,Wh,SOLAR AND BATTERY DB
142824,20.0,2025-04-02T05:20:00+08:00,4285900,148047401,False,Wh,SOLAR AND BATTERY DB
142824,20.0,2025-04-02T05:40:00+08:00,4285926,148047401,False,Wh,SOLAR AND BATTERY DB
142824,20.0,2025-04-02T06:00:00+08:00,4285952,148047401,False,Wh,SOLAR AND BATTERY DB
142824,20.0,2025-04-02T06:20:00+08:00,4285981,148047401,False,Wh,SOLAR AND BATTERY DB
142824,20.0,2025-04-02T06:40:00+08:00,4286006,148047401,False,Wh,SOLAR AND BATTERY DB
142824,20.0,2025-04-02T07:00:00+08:00,4286006,148047446,False,Wh,SOLAR AND BATTERY DB
142824,20.0,2025-04-02T07:20:00+08:00,4286006,148047641,False,Wh,SOLAR AND BATTERY DB
142824,20.0,2025-04-02T07:40:00+08:00,4286006,148048267,False,Wh,SOLAR AND BATTERY DB
142824,20.0,2025-04-02T08:00:00+08:00,4286006,148048923,False,Wh,SOLAR AND BATTERY DB
142824,20.0,2025-04-02T08:20:00+08:00,4286006,148049633,False,Wh,SOLAR AND BATTERY DB
142824,20.0,2025-04-02T08:40:00+08:00,4286006,148050338,False,Wh,SOLAR AND BATTERY DB
142824,20.0,2025-04-02T09:00:00+08:00,4286006,148051888,False,Wh,SOLAR AND BATTERY DB
142824,20.0,2025-04-02T09:20:00+08:00,4286006,148053335,False,Wh,SOLAR AND BATTERY DB
142824,20.0,2025-04-02T09:40:00+08:00,4286006,148054833,False,Wh,SOLAR AND BATTERY DB
142824,20.0,2025-04-02T10:00:00+08:00,4286006,148056901,False,Wh,SOLAR AND BATTERY DB
142824,20.0,2025-04-02T10:20:00+08:00,4286006,148059163,False,Wh,SOLAR AND BATTERY DB
142824,20.0,2025-04-02T10:40:00+08:00,4286006,148061213,False,Wh,SOLAR AND BATTERY DB
142824,20.0,2025-04-02T11:00:00+08:00,4286006,148063733,False,Wh,SOLAR AND BATTERY DB
142824,20.0,2025-04-02T11:20:00+08:00,4286006,148066620,False,Wh,SOLAR AND BATTERY DB
142824,20.0,2025-04-02T11:40:00+08:00,4286006,148068901,False,Wh,SOLAR AND BATTERY DB
142824,20.0,2025-04-02T12:00:00+08:00,4286006,148070633,False,Wh,SOLAR AND BATTERY DB
142824,20.0,2025-04-02T12:20:00+08:00,4286006,148073350,False,Wh,SOLAR AND BATTERY DB
142824,20.0,2025-04-02T12:40:00+08:00,4286006,148076073,False,Wh,SOLAR AND BATTERY DB
142824,20.0,2025-04-02T13:00:00+08:00,4286006,148079219,False,Wh,SOLAR AND BATTERY DB
142824,20.0,2025-04-02T13:20:00+08:00,4286006,148081967,False,Wh,SOLAR AND BATTERY DB
142824,20.0,2025-04-02T13:40:00+08:00,4286006,148084897,False,Wh,SOLAR AND BATTERY DB
142824,20.0,2025-04-02T14:00:00+08:00,4286006,148087278,False,Wh,SOLAR AND BATTERY DB
142824,20.0,2025-04-02T14:20:00+08:00,4286006,148089085,False,Wh,SOLAR AND BATTERY DB
142824,20.0,2025-04-02T14:40:00+08:00,4286006,148091138,False,Wh,SOLAR AND BATTERY DB
142824,20.0,2025-04-02T15:00:00+08:00,4286006,148093817,False,Wh,SOLAR AND BATTERY DB
142824,20.0,2025-04-02T15:20:00+08:00,4286006,148096776,False,Wh,SOLAR AND BATTERY DB
142824,20.0,2025-04-02T15:40:00+08:00,4286006,148099672,False,Wh,SOLAR AND BATTERY DB
142824,20.0,2025-04-02T16:00:00+08:00,4286006,148102141,False,Wh,SOLAR AND BATTERY DB
142824,20.0,2025-04-02T16:20:00+08:00,4286006,148104813,False,Wh,SOLAR AND BATTERY DB
142824,20.0,2025-04-02T16:40:00+08:00,4286006,148107256,False,Wh,SOLAR AND BATTERY DB
142824,20.0,2025-04-02T17:00:00+08:00,4286006,148109854,False,Wh,SOLAR AND BATTERY DB
142824,20.0,2025-04-02T17:20:00+08:00,4286006,148111771,False,Wh,SOLAR AND BATTERY DB
142824,20.0,2025-04-02T17:40:00+08:00,4286006,148113390,False,Wh,SOLAR AND BATTERY DB
142824,20.0,2025-04-02T18:00:00+08:00,4286006,148114926,False,Wh,SOLAR AND BATTERY DB
142824,20.0,2025-04-02T18:20:00+08:00,4286006,148116344,False,Wh,SOLAR AND BATTERY DB
142824,20.0,2025-04-02T18:40:00+08:00,4286006,148117727,False,Wh,SOLAR AND BATTERY DB
142824,20.0,2025-04-02T19:00:00+08:00,4286006,148118900,False,Wh,SOLAR AND BATTERY DB
142824,20.0,2025-04-02T19:20:00+08:00,4286006,148119849,False,Wh,SOLAR AND BATTERY DB
142824,20.0,2025-04-02T19:40:00+08:00,4286006,148120685,False,Wh,SOLAR AND BATTERY DB
142824,20.0,2025-04-02T20:00:00+08:00,4286006,148120890,False,Wh,SOLAR AND BATTERY DB
142824,20.0,2025-04-02T20:20:00+08:00,4286006,148121056,False,Wh,SOLAR AND BATTERY DB
142824,20.0,2025-04-02T20:40:00+08:00,4286024,148121077,False,Wh,SOLAR AND BATTERY DB
142824,20.0,2025-04-02T21:00:00+08:00,4286049,148121077,False,Wh,SOLAR AND BATTERY DB
142824,20.0,2025-04-02T21:20:00+08:00,4286075,148121077,False,Wh,SOLAR AND BATTERY DB
142824,20.0,2025-04-02T21:40:00+08:00,4286101,148121077,False,Wh,SOLAR AND BATTERY DB
142824,20.0,2025-04-02T22:00:00+08:00,4286127,148121077,False,Wh,SOLAR AND BATTERY DB
142824,20.0,2025-04-02T22:20:00+08:00,4286153,148121077,False,Wh,SOLAR AND BATTERY DB
142824,20.0,2025-04-02T22:40:00+08:00,4286177,148121077,False,Wh,SOLAR AND BATTERY DB
142824,20.0,2025-04-02T23:00:00+08:00,4286202,148121077,False,Wh,SOLAR AND BATTERY DB
142824,20.0,2025-04-02T23:20:00+08:00,4286228,148121077,False,Wh,SOLAR AND BATTERY DB
142824,20.0,2025-04-02T23:40:00+08:00,4286254,148121077,False,Wh,SOLAR AND BATTERY DB
142824,20.0,2025-04-03T00:00:00+08:00,4286280,148121077,False,Wh,SOLAR AND BATTERY DB
142824,20.0,2025-04-03T00:20:00+08:00,4286306,148121077,False,Wh,SOLAR AND BATTERY DB
142824,20.0,2025-04-03T00:40:00+08:00,4286332,148121077,False,Wh,SOLAR AND BATTERY DB
142824,20.0,2025-04-03T01:00:00+08:00,4286358,148121077,False,Wh,SOLAR AND BATTERY DB
142824,20.0,2025-04-03T01:20:00+08:00,4286384,148121077,False,Wh,SOLAR AND BATTERY DB
142824,20.0,2025-04-03T01:40:00+08:00,4286410,148121077,False,Wh,SOLAR AND BATTERY DB
142824,20.0,2025-04-03T02:00:00+08:00,4286436,148121077,False,Wh,SOLAR AND BATTERY DB
142824,20.0,2025-04-03T02:20:00+08:00,4286462,148121077,False,Wh,SOLAR AND BATTERY DB
142824,20.0,2025-04-03T02:40:00+08:00,4286488,148121077,False,Wh,SOLAR AND BATTERY DB
142824,20.0,2025-04-03T03:00:00+08:00,4286514,148121077,False,Wh,SOLAR AND BATTERY DB
142824,20.0,2025-04-03T03:20:00+08:00,4286540,148121077,False,Wh,SOLAR AND BATTERY DB
142824,20.0,2025-04-03T03:40:00+08:00,4286566,148121077,False,Wh,SOLAR AND BATTERY DB
142824,20.0,2025-04-03T04:00:00+08:00,4286592,148121077,False,Wh,SOLAR AND BATTERY DB
142824,20.0,2025-04-03T04:20:00+08:00,4286617,148121077,False,Wh,SOLAR AND BATTERY DB
142824,20.0,2025-04-03T04:40:00+08:00,4286643,148121077,False,Wh,SOLAR AND BATTERY DB
142824,20.0,2025-04-03T05:00:00+08:00,4286669,148121077,False,Wh,SOLAR AND BATTERY DB
142824,20.0,2025-04-03T05:20:00+08:00,4286695,148121077,False,Wh,SOLAR AND BATTERY DB
142824,20.0,2025-04-03T05:40:00+08:00,4286719,148121077,False,Wh,SOLAR AND BATTERY DB
142824,20.0,2025-04-03T06:00:00+08:00,4286745,148121077,False,Wh,SOLAR AND BATTERY DB
142824,20.0,2025-04-03T06:20:00+08:00,4286773,148121077,False,Wh,SOLAR AND BATTERY DB
142824,20.0,2025-04-03T06:40:00+08:00,4286797,148121077,False,Wh,SOLAR AND BATTERY DB
142824,20.0,2025-04-03T07:00:00+08:00,4286797,148121155,False,Wh,SOLAR AND BATTERY DB
142824,20.0,2025-04-03T07:20:00+08:00,4286797,148121457,False,Wh,SOLAR AND BATTERY DB
142824,20.0,2025-04-03T07:40:00+08:00,4286797,148122128,False,Wh,SOLAR AND BATTERY DB
142824,20.0,2025-04-03T08:00:00+08:00,4286797,148122720,False,Wh,SOLAR AND BATTERY DB
142824,20.0,2025-04-03T08:20:00+08:00,4286797,148123755,False,Wh,SOLAR AND BATTERY DB
142824,20.0,2025-04-03T08:40:00+08:00,4286797,148125084,False,Wh,SOLAR AND BATTERY DB
142824,20.0,2025-04-03T09:00:00+08:00,4286797,148126640,False,Wh,SOLAR AND BATTERY DB
142824,20.0,2025-04-03T09:20:00+08:00,4286798,148128291,False,Wh,SOLAR AND BATTERY DB
142824,20.0,2025-04-03T09:40:00+08:00,4286798,148130017,False,Wh,SOLAR AND BATTERY DB
142824,20.0,2025-04-03T10:00:00+08:00,4286798,148132173,False,Wh,SOLAR AND BATTERY DB
142824,20.0,2025-04-03T10:20:00+08:00,4286798,148133901,False,Wh,SOLAR AND BATTERY DB
142824,20.0,2025-04-03T10:40:00+08:00,4286798,148136135,False,Wh,SOLAR AND BATTERY DB
142824,20.0,2025-04-03T11:00:00+08:00,4286798,148138382,False,Wh,SOLAR AND BATTERY DB
142824,20.0,2025-04-03T11:20:00+08:00,4286798,148139698,False,Wh,SOLAR AND BATTERY DB
142824,20.0,2025-04-03T11:40:00+08:00,4286798,148141185,False,Wh,SOLAR AND BATTERY DB
142824,20.0,2025-04-03T12:00:00+08:00,4286798,148143020,False,Wh,SOLAR AND BATTERY DB
142824,20.0,2025-04-03T12:20:00+08:00,4286798,148144357,False,Wh,SOLAR AND BATTERY DB
142824,20.0,2025-04-03T12:40:00+08:00,4286798,148145974,False,Wh,SOLAR AND BATTERY DB
142824,20.0,2025-04-03T13:00:00+08:00,4286798,148147290,False,Wh,SOLAR AND BATTERY DB
142824,20.0,2025-04-03T13:20:00+08:00,4286798,148149167,False,Wh,SOLAR AND BATTERY DB
142824,20.0,2025-04-03T13:40:00+08:00,4286798,148151193,False,Wh,SOLAR AND BATTERY DB
142824,20.0,2025-04-03T14:00:00+08:00,4286798,148153108,False,Wh,SOLAR AND BATTERY DB
142824,20.0,2025-04-03T14:20:00+08:00,4286798,148154352,False,Wh,SOLAR AND BATTERY DB
142824,20.0,2025-04-03T14:40:00+08:00,4286798,148156738,False,Wh,SOLAR AND BATTERY DB
142824,20.0,2025-04-03T15:00:00+08:00,4286798,148158348,False,Wh,SOLAR AND BATTERY DB
142824,20.0,2025-04-03T15:20:00+08:00,4286798,148160435,False,Wh,SOLAR AND BATTERY DB
142824,20.0,2025-04-03T15:40:00+08:00,4286798,148162380,False,Wh,SOLAR AND BATTERY DB
142824,20.0,2025-04-03T16:00:00+08:00,4286798,148164592,False,Wh,SOLAR AND BATTERY DB
142824,20.0,2025-04-03T16:20:00+08:00,4286798,148167050,False,Wh,SOLAR AND BATTERY DB
142824,20.0,2025-04-03T16:40:00+08:00,4286798,148168975,False,Wh,SOLAR AND BATTERY DB
142824,20.0,2025-04-03T17:00:00+08:00,4286798,148170668,False,Wh,SOLAR AND BATTERY DB
142824,20.0,2025-04-03T17:20:00+08:00,4286798,148171615,False,Wh,SOLAR AND BATTERY DB
142824,20.0,2025-04-03T17:40:00+08:00,4286798,148171719,False,Wh,SOLAR AND BATTERY DB
142824,20.0,2025-04-03T18:00:00+08:00,4286804,148171735,False,Wh,SOLAR AND BATTERY DB
142824,20.0,2025-04-03T18:20:00+08:00,4286835,148171735,False,Wh,SOLAR AND BATTERY DB
142824,20.0,2025-04-03T18:40:00+08:00,4286863,148171735,False,Wh,SOLAR AND BATTERY DB
142824,20.0,2025-04-03T19:00:00+08:00,4286890,148171735,False,Wh,SOLAR AND BATTERY DB
142824,20.0,2025-04-03T19:20:00+08:00,4286916,148171735,False,Wh,SOLAR AND BATTERY DB
142824,20.0,2025-04-03T19:40:00+08:00,4286943,148171735,False,Wh,SOLAR AND BATTERY DB
142824,20.0,2025-04-03T20:00:00+08:00,4286969,148171735,False,Wh,SOLAR AND BATTERY DB
142824,20.0,2025-04-03T20:20:00+08:00,4286995,148171735,False,Wh,SOLAR AND BATTERY DB
142824,20.0,2025-04-03T20:40:00+08:00,4287021,148171735,False,Wh,SOLAR AND BATTERY DB
142824,20.0,2025-04-03T21:00:00+08:00,4287047,148171735,False,Wh,SOLAR AND BATTERY DB
142824,20.0,2025-04-03T21:20:00+08:00,4287073,148171735,False,Wh,SOLAR AND BATTERY DB
142824,20.0,2025-04-03T21:40:00+08:00,4287099,148171735,False,Wh,SOLAR AND BATTERY DB
142824,20.0,2025-04-03T22:00:00+08:00,4287125,148171735,False,Wh,SOLAR AND BATTERY DB
142824,20.0,2025-04-03T22:20:00+08:00,4287151,148171735,False,Wh,SOLAR AND BATTERY DB
142824,20.0,2025-04-03T22:40:00+08:00,4287177,148171735,False,Wh,SOLAR AND BATTERY DB
142824,20.0,2025-04-03T23:00:00+08:00,4287203,148171735,False,Wh,SOLAR AND BATTERY DB
142824,20.0,2025-04-03T23:20:00+08:00,4287229,148171735,False,Wh,SOLAR AND BATTERY DB
142824,20.0,2025-04-03T23:40:00+08:00,4287255,148171735,False,Wh,SOLAR AND BATTERY DB
142824,20.0,2025-04-04T00:00:00+08:00,4287281,148171735,False,Wh,SOLAR AND BATTERY DB
142824,20.0,2025-04-04T00:20:00+08:00,4287307,148171735,False,Wh,SOLAR AND BATTERY DB
142824,20.0,2025-04-04T00:40:00+08:00,4287333,148171735,False,Wh,SOLAR AND BATTERY DB
142824,20.0,2025-04-04T01:00:00+08:00,4287358,148171735,False,Wh,SOLAR AND BATTERY DB
142824,20.0,2025-04-04T01:20:00+08:00,4287384,148171735,False,Wh,SOLAR AND BATTERY DB
142824,20.0,2025-04-04T01:40:00+08:00,4287410,148171735,False,Wh,SOLAR AND BATTERY DB
142824,20.0,2025-04-04T02:00:00+08:00,4287436,148171735,False,Wh,SOLAR AND BATTERY DB
142824,20.0,2025-04-04T02:20:00+08:00,4287462,148171735,False,Wh,SOLAR AND BATTERY DB
142824,20.0,2025-04-04T02:40:00+08:00,4287487,148171735,False,Wh,SOLAR AND BATTERY DB
142824,20.0,2025-04-04T03:00:00+08:00,4287513,148171735,False,Wh,SOLAR AND BATTERY DB
142824,20.0,2025-04-04T03:20:00+08:00,4287539,148171735,False,Wh,SOLAR AND BATTERY DB
142824,20.0,2025-04-04T03:40:00+08:00,4287565,148171735,False,Wh,SOLAR AND BATTERY DB
142824,20.0,2025-04-04T04:00:00+08:00,4287590,148171735,False,Wh,SOLAR AND BATTERY DB
142824,20.0,2025-04-04T04:20:00+08:00,4287616,148171735,False,Wh,SOLAR AND BATTERY DB
142824,20.0,2025-04-04T04:40:00+08:00,4287642,148171735,False,Wh,SOLAR AND BATTERY DB
142824,20.0,2025-04-04T05:00:00+08:00,4287668,148171735,False,Wh,SOLAR AND BATTERY DB
142824,20.0,2025-04-04T05:20:00+08:00,4287693,148171735,False,Wh,SOLAR AND BATTERY DB
142824,20.0,2025-04-04T05:40:00+08:00,4287719,148171735,False,Wh,SOLAR AND BATTERY DB
142824,20.0,2025-04-04T06:00:00+08:00,4287745,148171735,False,Wh,SOLAR AND BATTERY DB
142824,20.0,2025-04-04T06:20:00+08:00,4287772,148171735,False,Wh,SOLAR AND BATTERY DB
142824,20.0,2025-04-04T06:40:00+08:00,4287801,148171735,False,Wh,SOLAR AND BATTERY DB
142824,20.0,2025-04-04T07:00:00+08:00,4287812,148171743,False,Wh,SOLAR AND BATTERY DB
142824,20.0,2025-04-04T07:20:00+08:00,4287812,148171866,False,Wh,SOLAR AND BATTERY DB
142824,20.0,2025-04-04T07:40:00+08:00,4287812,148172127,False,Wh,SOLAR AND BATTERY DB
142824,20.0,2025-04-04T08:00:00+08:00,4287812,148172517,False,Wh,SOLAR AND BATTERY DB
142824,20.0,2025-04-04T08:20:00+08:00,4287812,148172909,False,Wh,SOLAR AND BATTERY DB
142824,20.0,2025-04-04T08:40:00+08:00,4287812,148173682,False,Wh,SOLAR AND BATTERY DB
142824,20.0,2025-04-04T09:00:00+08:00,4287812,148174844,False,Wh,SOLAR AND BATTERY DB
142824,20.0,2025-04-04T09:20:00+08:00,4287812,148175991,False,Wh,SOLAR AND BATTERY DB
142824,20.0,2025-04-04T09:40:00+08:00,4287812,148177728,False,Wh,SOLAR AND BATTERY DB
142824,20.0,2025-04-04T10:00:00+08:00,4287812,148179944,False,Wh,SOLAR AND BATTERY DB
142824,20.0,2025-04-04T10:20:00+08:00,4287812,148182512,False,Wh,SOLAR AND BATTERY DB
142824,20.0,2025-04-04T10:40:00+08:00,4287812,148183224,False,Wh,SOLAR AND BATTERY DB
142824,20.0,2025-04-04T11:00:00+08:00,4287812,148183828,False,Wh,SOLAR AND BATTERY DB
142824,20.0,2025-04-04T11:20:00+08:00,4287812,148185547,False,Wh,SOLAR AND BATTERY DB
142824,20.0,2025-04-04T11:40:00+08:00,4287812,148186737,False,Wh,SOLAR AND BATTERY DB
142824,20.0,2025-04-04T12:00:00+08:00,4287812,148187080,False,Wh,SOLAR AND BATTERY DB
142824,20.0,2025-04-04T12:20:00+08:00,4287812,148188489,False,Wh,SOLAR AND BATTERY DB
142824,20.0,2025-04-04T12:40:00+08:00,4287812,148190112,False,Wh,SOLAR AND BATTERY DB
142824,20.0,2025-04-04T13:00:00+08:00,4287812,148191436,False,Wh,SOLAR AND BATTERY DB
142824,20.0,2025-04-04T13:20:00+08:00,4287812,148192298,False,Wh,SOLAR AND BATTERY DB
142824,20.0,2025-04-04T13:40:00+08:00,4287812,148193033,False,Wh,SOLAR AND BATTERY DB
142824,20.0,2025-04-04T14:00:00+08:00,4287812,148193643,False,Wh,SOLAR AND BATTERY DB
142824,20.0,2025-04-04T14:20:00+08:00,4287812,148194391,False,Wh,SOLAR AND BATTERY DB
142824,20.0,2025-04-04T14:40:00+08:00,4287812,148195176,False,Wh,SOLAR AND BATTERY DB
142824,20.0,2025-04-04T15:00:00+08:00,4287812,148196022,False,Wh,SOLAR AND BATTERY DB
142824,20.0,2025-04-04T15:20:00+08:00,4287812,148197588,False,Wh,SOLAR AND BATTERY DB
142824,20.0,2025-04-04T15:40:00+08:00,4287812,148198233,False,Wh,SOLAR AND BATTERY DB
142824,20.0,2025-04-04T16:00:00+08:00,4287812,148198787,False,Wh,SOLAR AND BATTERY DB
142824,20.0,2025-04-04T16:20:00+08:00,4287812,148199547,False,Wh,SOLAR AND BATTERY DB
142824,20.0,2025-04-04T16:40:00+08:00,4287812,148200628,False,Wh,SOLAR AND BATTERY DB
142824,20.0,2025-04-04T17:00:00+08:00,4287812,148201949,False,Wh,SOLAR AND BATTERY DB
142824,20.0,2025-04-04T17:20:00+08:00,4287812,148202589,False,Wh,SOLAR AND BATTERY DB
142824,20.0,2025-04-04T17:40:00+08:00,4287812,148202884,False,Wh,SOLAR AND BATTERY DB
142824,20.0,2025-04-04T18:00:00+08:00,4287812,148203106,False,Wh,SOLAR AND BATTERY DB
142824,20.0,2025-04-04T18:20:00+08:00,4287826,148203160,False,Wh,SOLAR AND BATTERY DB
142824,20.0,2025-04-04T18:40:00+08:00,4287854,148203160,False,Wh,SOLAR AND BATTERY DB
142824,20.0,2025-04-04T19:00:00+08:00,4287880,148203160,False,Wh,SOLAR AND BATTERY DB
142824,20.0,2025-04-04T19:20:00+08:00,4287906,148203160,False,Wh,SOLAR AND BATTERY DB
142824,20.0,2025-04-04T19:40:00+08:00,4287931,148203160,False,Wh,SOLAR AND BATTERY DB
142824,20.0,2025-04-04T20:00:00+08:00,4287957,148203160,False,Wh,SOLAR AND BATTERY DB
142824,20.0,2025-04-04T20:20:00+08:00,4287983,148203160,False,Wh,SOLAR AND BATTERY DB
142824,20.0,2025-04-04T20:40:00+08:00,4288009,148203160,False,Wh,SOLAR AND BATTERY DB
142824,20.0,2025-04-04T21:00:00+08:00,4288035,148203160,False,Wh,SOLAR AND BATTERY DB
142824,20.0,2025-04-04T21:20:00+08:00,4288060,148203160,False,Wh,SOLAR AND BATTERY DB
142824,20.0,2025-04-04T21:40:00+08:00,4288086,148203160,False,Wh,SOLAR AND BATTERY DB
142824,20.0,2025-04-04T22:00:00+08:00,4288112,148203160,False,Wh,SOLAR AND BATTERY DB
142824,20.0,2025-04-04T22:20:00+08:00,4288138,148203160,False,Wh,SOLAR AND BATTERY DB
142824,20.0,2025-04-04T22:40:00+08:00,4288164,148203160,False,Wh,SOLAR AND BATTERY DB
142824,20.0,2025-04-04T23:00:00+08:00,4288190,148203160,False,Wh,SOLAR AND BATTERY DB
142824,20.0,2025-04-04T23:20:00+08:00,4288216,148203160,False,Wh,SOLAR AND BATTERY DB
142824,20.0,2025-04-04T23:40:00+08:00,4288242,148203160,False,Wh,SOLAR AND BATTERY DB
142824,20.0,2025-04-05T00:00:00+08:00,4288268,148203160,False,Wh,SOLAR AND BATTERY DB
142824,20.0,2025-04-05T00:20:00+08:00,4288294,148203160,False,Wh,SOLAR AND BATTERY DB
142824,20.0,2025-04-05T00:40:00+08:00,4288320,148203160,False,Wh,SOLAR AND BATTERY DB
142824,20.0,2025-04-05T01:00:00+08:00,4288346,148203160,False,Wh,SOLAR AND BATTERY DB
142824,20.0,2025-04-05T01:20:00+08:00,4288371,148203160,False,Wh,SOLAR AND BATTERY DB
142824,20.0,2025-04-05T01:40:00+08:00,4288397,148203160,False,Wh,SOLAR AND BATTERY DB
142824,20.0,2025-04-05T02:00:00+08:00,4288423,148203160,False,Wh,SOLAR AND BATTERY DB
142824,20.0,2025-04-05T02:20:00+08:00,4288449,148203160,False,Wh,SOLAR AND BATTERY DB
142824,20.0,2025-04-05T02:40:00+08:00,4288475,148203160,False,Wh,SOLAR AND BATTERY DB
142824,20.0,2025-04-05T03:00:00+08:00,4288501,148203160,False,Wh,SOLAR AND BATTERY DB
142824,20.0,2025-04-05T03:20:00+08:00,4288526,148203160,False,Wh,SOLAR AND BATTERY DB
142824,20.0,2025-04-05T03:40:00+08:00,4288553,148203160,False,Wh,SOLAR AND BATTERY DB
142824,20.0,2025-04-05T04:00:00+08:00,4288578,148203160,False,Wh,SOLAR AND BATTERY DB
142824,20.0,2025-04-05T04:20:00+08:00,4288604,148203160,False,Wh,SOLAR AND BATTERY DB
142824,20.0,2025-04-05T04:40:00+08:00,4288630,148203160,False,Wh,SOLAR AND BATTERY DB
142824,20.0,2025-04-05T05:00:00+08:00,4288656,148203160,False,Wh,SOLAR AND BATTERY DB
142824,20.0,2025-04-05T05:20:00+08:00,4288682,148203160,False,Wh,SOLAR AND BATTERY DB
142824,20.0,2025-04-05T05:40:00+08:00,4288708,148203160,False,Wh,SOLAR AND BATTERY DB
142824,20.0,2025-04-05T06:00:00+08:00,4288734,148203160,False,Wh,SOLAR AND BATTERY DB
142824,20.0,2025-04-05T06:20:00+08:00,4288762,148203160,False,Wh,SOLAR AND BATTERY DB
142824,20.0,2025-04-05T06:40:00+08:00,4288789,148203160,False,Wh,SOLAR AND BATTERY DB
142824,20.0,2025-04-05T07:00:00+08:00,4288795,148203183,False,Wh,SOLAR AND BATTERY DB
142824,20.0,2025-04-05T07:20:00+08:00,4288795,148203345,False,Wh,SOLAR AND BATTERY DB
142824,20.0,2025-04-05T07:40:00+08:00,4288795,148203743,False,Wh,SOLAR AND BATTERY DB
142824,20.0,2025-04-05T08:00:00+08:00,4288795,148204274,False,Wh,SOLAR AND BATTERY DB
142824,20.0,2025-04-05T08:20:00+08:00,4288795,148205398,False,Wh,SOLAR AND BATTERY DB
142824,20.0,2025-04-05T08:40:00+08:00,4288795,148206277,False,Wh,SOLAR AND BATTERY DB
142824,20.0,2025-04-05T09:00:00+08:00,4288795,148207270,False,Wh,SOLAR AND BATTERY DB
142824,20.0,2025-04-05T09:20:00+08:00,4288795,148208998,False,Wh,SOLAR AND BATTERY DB
142824,20.0,2025-04-05T09:40:00+08:00,4288796,148211068,False,Wh,SOLAR AND BATTERY DB
142824,20.0,2025-04-05T10:00:00+08:00,4288796,148213657,False,Wh,SOLAR AND BATTERY DB
142824,20.0,2025-04-05T10:20:00+08:00,4288796,148215868,False,Wh,SOLAR AND BATTERY DB
142824,20.0,2025-04-05T10:40:00+08:00,4288796,148218521,False,Wh,SOLAR AND BATTERY DB
142824,20.0,2025-04-05T11:00:00+08:00,4288796,148220781,False,Wh,SOLAR AND BATTERY DB
142824,20.0,2025-04-05T11:20:00+08:00,4288796,148223208,False,Wh,SOLAR AND BATTERY DB
142824,20.0,2025-04-05T11:40:00+08:00,4288796,148226288,False,Wh,SOLAR AND BATTERY DB
142824,20.0,2025-04-05T12:00:00+08:00,4288796,148229819,False,Wh,SOLAR AND BATTERY DB
142824,20.0,2025-04-05T12:20:00+08:00,4288796,148232548,False,Wh,SOLAR AND BATTERY DB
142824,20.0,2025-04-05T12:40:00+08:00,4288796,148235350,False,Wh,SOLAR AND BATTERY DB
142824,20.0,2025-04-05T13:00:00+08:00,4288796,148238334,False,Wh,SOLAR AND BATTERY DB
142824,20.0,2025-04-05T13:20:00+08:00,4288796,148239704,False,Wh,SOLAR AND BATTERY DB
142824,20.0,2025-04-05T13:40:00+08:00,4288796,148241878,False,Wh,SOLAR AND BATTERY DB
142824,20.0,2025-04-05T14:00:00+08:00,4288796,148243489,False,Wh,SOLAR AND BATTERY DB
142824,20.0,2025-04-05T14:20:00+08:00,4288796,148245178,False,Wh,SOLAR AND BATTERY DB
142824,20.0,2025-04-05T14:40:00+08:00,4288796,148247172,False,Wh,SOLAR AND BATTERY DB
142824,20.0,2025-04-05T15:00:00+08:00,4288796,148249876,False,Wh,SOLAR AND BATTERY DB
142824,20.0,2025-04-05T15:20:00+08:00,4288796,148252123,False,Wh,SOLAR AND BATTERY DB
142824,20.0,2025-04-05T15:40:00+08:00,4288796,148254747,False,Wh,SOLAR AND BATTERY DB
142824,20.0,2025-04-05T16:00:00+08:00,4288796,148256131,False,Wh,SOLAR AND BATTERY DB
142824,20.0,2025-04-05T16:20:00+08:00,4288796,148258818,False,Wh,SOLAR AND BATTERY DB
142824,20.0,2025-04-05T16:40:00+08:00,4288796,148261690,False,Wh,SOLAR AND BATTERY DB
142824,20.0,2025-04-05T17:00:00+08:00,4288796,148264439,False,Wh,SOLAR AND BATTERY DB
142824,20.0,2025-04-05T17:20:00+08:00,4288796,148266483,False,Wh,SOLAR AND BATTERY DB
142824,20.0,2025-04-05T17:40:00+08:00,4288796,148268221,False,Wh,SOLAR AND BATTERY DB
142824,20.0,2025-04-05T18:00:00+08:00,4288796,148269713,False,Wh,SOLAR AND BATTERY DB
142824,20.0,2025-04-05T18:20:00+08:00,4288797,148270540,False,Wh,SOLAR AND BATTERY DB
142824,20.0,2025-04-05T18:40:00+08:00,4288825,148270540,False,Wh,SOLAR AND BATTERY DB
142824,20.0,2025-04-05T19:00:00+08:00,4288851,148270540,False,Wh,SOLAR AND BATTERY DB
142824,20.0,2025-04-05T19:20:00+08:00,4288877,148270540,False,Wh,SOLAR AND BATTERY DB
142824,20.0,2025-04-05T19:40:00+08:00,4288903,148270540,False,Wh,SOLAR AND BATTERY DB
142824,20.0,2025-04-05T20:00:00+08:00,4288928,148270540,False,Wh,SOLAR AND BATTERY DB
142824,20.0,2025-04-05T20:20:00+08:00,4288955,148270540,False,Wh,SOLAR AND BATTERY DB
142824,20.0,2025-04-05T20:40:00+08:00,4288980,148270540,False,Wh,SOLAR AND BATTERY DB
142824,20.0,2025-04-05T21:00:00+08:00,4289006,148270540,False,Wh,SOLAR AND BATTERY DB
142824,20.0,2025-04-05T21:20:00+08:00,4289032,148270540,False,Wh,SOLAR AND BATTERY DB
142824,20.0,2025-04-05T21:40:00+08:00,4289057,148270540,False,Wh,SOLAR AND BATTERY DB
142824,20.0,2025-04-05T22:00:00+08:00,4289083,148270540,False,Wh,SOLAR AND BATTERY DB
142824,20.0,2025-04-05T22:20:00+08:00,4289109,148270540,False,Wh,SOLAR AND BATTERY DB
142824,20.0,2025-04-05T22:40:00+08:00,4289134,148270540,False,Wh,SOLAR AND BATTERY DB
142824,20.0,2025-04-05T23:00:00+08:00,4289160,148270540,False,Wh,SOLAR AND BATTERY DB
142824,20.0,2025-04-05T23:20:00+08:00,4289186,148270540,False,Wh,SOLAR AND BATTERY DB
142824,20.0,2025-04-05T23:40:00+08:00,4289211,148270540,False,Wh,SOLAR AND BATTERY DB
142824,20.0,2025-04-06T00:00:00+08:00,4289237,148270540,False,Wh,SOLAR AND BATTERY DB
142824,20.0,2025-04-06T00:20:00+08:00,4289263,148270540,False,Wh,SOLAR AND BATTERY DB
142824,20.0,2025-04-06T00:40:00+08:00,4289289,148270540,False,Wh,SOLAR AND BATTERY DB
142824,20.0,2025-04-06T01:00:00+08:00,4289314,148270540,False,Wh,SOLAR AND BATTERY DB
142824,20.0,2025-04-06T01:20:00+08:00,4289340,148270540,False,Wh,SOLAR AND BATTERY DB
142824,20.0,2025-04-06T01:40:00+08:00,4289366,148270540,False,Wh,SOLAR AND BATTERY DB
142824,20.0,2025-04-06T02:00:00+08:00,4289391,148270540,False,Wh,SOLAR AND BATTERY DB
142824,20.0,2025-04-06T02:20:00+08:00,4289417,148270540,False,Wh,SOLAR AND BATTERY DB
142824,20.0,2025-04-06T02:40:00+08:00,4289443,148270540,False,Wh,SOLAR AND BATTERY DB
142824,20.0,2025-04-06T03:00:00+08:00,4289469,148270540,False,Wh,SOLAR AND BATTERY DB
142824,20.0,2025-04-06T03:20:00+08:00,4289494,148270540,False,Wh,SOLAR AND BATTERY DB
142824,20.0,2025-04-06T03:40:00+08:00,4289520,148270540,False,Wh,SOLAR AND BATTERY DB
142824,20.0,2025-04-06T04:00:00+08:00,4289546,148270540,False,Wh,SOLAR AND BATTERY DB
142824,20.0,2025-04-06T04:20:00+08:00,4289572,148270540,False,Wh,SOLAR AND BATTERY DB
142824,20.0,2025-04-06T04:40:00+08:00,4289598,148270540,False,Wh,SOLAR AND BATTERY DB
142824,20.0,2025-04-06T05:00:00+08:00,4289623,148270540,False,Wh,SOLAR AND BATTERY DB
142824,20.0,2025-04-06T05:20:00+08:00,4289649,148270540,False,Wh,SOLAR AND BATTERY DB
142824,20.0,2025-04-06T05:40:00+08:00,4289675,148270540,False,Wh,SOLAR AND BATTERY DB
142824,20.0,2025-04-06T06:00:00+08:00,4289701,148270540,False,Wh,SOLAR AND BATTERY DB
142824,20.0,2025-04-06T06:20:00+08:00,4289729,148270540,False,Wh,SOLAR AND BATTERY DB
142824,20.0,2025-04-06T06:40:00+08:00,4289755,148270540,False,Wh,SOLAR AND BATTERY DB
142824,20.0,2025-04-06T07:00:00+08:00,4289757,148270603,False,Wh,SOLAR AND BATTERY DB
142824,20.0,2025-04-06T07:20:00+08:00,4289757,148270930,False,Wh,SOLAR AND BATTERY DB
142824,20.0,2025-04-06T07:40:00+08:00,4289757,148271375,False,Wh,SOLAR AND BATTERY DB
142824,20.0,2025-04-06T08:00:00+08:00,4289757,148272055,False,Wh,SOLAR AND BATTERY DB
142824,20.0,2025-04-06T08:20:00+08:00,4289757,148273327,False,Wh,SOLAR AND BATTERY DB
142824,20.0,2025-04-06T08:40:00+08:00,4289757,148274702,False,Wh,SOLAR AND BATTERY DB
142824,20.0,2025-04-06T09:00:00+08:00,4289757,148276500,False,Wh,SOLAR AND BATTERY DB
142824,20.0,2025-04-06T09:20:00+08:00,4289757,148279119,False,Wh,SOLAR AND BATTERY DB
142824,20.0,2025-04-06T09:40:00+08:00,4289757,148280311,False,Wh,SOLAR AND BATTERY DB
142824,20.0,2025-04-06T10:00:00+08:00,4289757,148283391,False,Wh,SOLAR AND BATTERY DB
142824,20.0,2025-04-06T10:20:00+08:00,4289757,148286527,False,Wh,SOLAR AND BATTERY DB
142824,20.0,2025-04-06T10:40:00+08:00,4289757,148289948,False,Wh,SOLAR AND BATTERY DB
142824,20.0,2025-04-06T11:00:00+08:00,4289757,148293535,False,Wh,SOLAR AND BATTERY DB
142824,20.0,2025-04-06T11:20:00+08:00,4289757,148296842,False,Wh,SOLAR AND BATTERY DB
142824,20.0,2025-04-06T11:40:00+08:00,4289757,148299964,False,Wh,SOLAR AND BATTERY DB
142824,20.0,2025-04-06T12:00:00+08:00,4289757,148303418,False,Wh,SOLAR AND BATTERY DB
142824,20.0,2025-04-06T12:20:00+08:00,4289757,148306384,False,Wh,SOLAR AND BATTERY DB
142824,20.0,2025-04-06T12:40:00+08:00,4289757,148309085,False,Wh,SOLAR AND BATTERY DB
142824,20.0,2025-04-06T13:00:00+08:00,4289757,148311682,False,Wh,SOLAR AND BATTERY DB
142824,20.0,2025-04-06T13:20:00+08:00,4289757,148314939,False,Wh,SOLAR AND BATTERY DB
142824,20.0,2025-04-06T13:40:00+08:00,4289757,148319056,False,Wh,SOLAR AND BATTERY DB
142824,20.0,2025-04-06T14:00:00+08:00,4289757,148322526,False,Wh,SOLAR AND BATTERY DB
142824,20.0,2025-04-06T14:20:00+08:00,4289757,148326074,False,Wh,SOLAR AND BATTERY DB
142824,20.0,2025-04-06T14:40:00+08:00,4289757,148328352,False,Wh,SOLAR AND BATTERY DB
142824,20.0,2025-04-06T15:00:00+08:00,4289757,148330552,False,Wh,SOLAR AND BATTERY DB
142824,20.0,2025-04-06T15:20:00+08:00,4289757,148334244,False,Wh,SOLAR AND BATTERY DB
142824,20.0,2025-04-06T15:40:00+08:00,4289757,148337903,False,Wh,SOLAR AND BATTERY DB
142824,20.0,2025-04-06T16:00:00+08:00,4289757,148341110,False,Wh,SOLAR AND BATTERY DB
142824,20.0,2025-04-06T16:20:00+08:00,4289757,148344023,False,Wh,SOLAR AND BATTERY DB
142824,20.0,2025-04-06T16:40:00+08:00,4289757,148345954,False,Wh,SOLAR AND BATTERY DB
142824,20.0,2025-04-06T17:00:00+08:00,4289757,148347038,False,Wh,SOLAR AND BATTERY DB
142824,20.0,2025-04-06T17:20:00+08:00,4289757,148347663,False,Wh,SOLAR AND BATTERY DB
142824,20.0,2025-04-06T17:40:00+08:00,4289757,148347867,False,Wh,SOLAR AND BATTERY DB
142824,20.0,2025-04-06T18:00:00+08:00,4289757,148347910,False,Wh,SOLAR AND BATTERY DB
142824,20.0,2025-04-06T18:20:00+08:00,4289785,148347910,False,Wh,SOLAR AND BATTERY DB
142824,20.0,2025-04-06T18:40:00+08:00,4289813,148347910,False,Wh,SOLAR AND BATTERY DB
142824,20.0,2025-04-06T19:00:00+08:00,4289840,148347910,False,Wh,SOLAR AND BATTERY DB
142824,20.0,2025-04-06T19:20:00+08:00,4289866,148347910,False,Wh,SOLAR AND BATTERY DB
142824,20.0,2025-04-06T19:40:00+08:00,4289893,148347910,False,Wh,SOLAR AND BATTERY DB
142824,20.0,2025-04-06T20:00:00+08:00,4289920,148347910,False,Wh,SOLAR AND BATTERY DB
142824,20.0,2025-04-06T20:20:00+08:00,4289947,148347910,False,Wh,SOLAR AND BATTERY DB
142824,20.0,2025-04-06T20:40:00+08:00,4289973,148347910,False,Wh,SOLAR AND BATTERY DB
142824,20.0,2025-04-06T21:00:00+08:00,4289999,148347910,False,Wh,SOLAR AND BATTERY DB
142824,20.0,2025-04-06T21:20:00+08:00,4290025,148347910,False,Wh,SOLAR AND BATTERY DB
142824,20.0,2025-04-06T21:40:00+08:00,4290051,148347910,False,Wh,SOLAR AND BATTERY DB
142824,20.0,2025-04-06T22:00:00+08:00,4290077,148347910,False,Wh,SOLAR AND BATTERY DB
142824,20.0,2025-04-06T22:20:00+08:00,4290103,148347910,False,Wh,SOLAR AND BATTERY DB
142824,20.0,2025-04-06T22:40:00+08:00,4290128,148347910,False,Wh,SOLAR AND BATTERY DB
142824,20.0,2025-04-06T23:00:00+08:00,4290154,148347910,False,Wh,SOLAR AND BATTERY DB
142824,20.0,2025-04-06T23:20:00+08:00,4290180,148347910,False,Wh,SOLAR AND BATTERY DB
142824,20.0,2025-04-06T23:40:00+08:00,4290206,148347910,False,Wh,SOLAR AND BATTERY DB
142824,20.0,2025-04-07T00:00:00+08:00,4290231,148347910,False,Wh,SOLAR AND BATTERY DB
142824,20.0,2025-04-07T00:20:00+08:00,4290257,148347910,False,Wh,SOLAR AND BATTERY DB
142824,20.0,2025-04-07T00:40:00+08:00,4290283,148347910,False,Wh,SOLAR AND BATTERY DB
142824,20.0,2025-04-07T01:00:00+08:00,4290308,148347910,False,Wh,SOLAR AND BATTERY DB
142824,20.0,2025-04-07T01:20:00+08:00,4290334,148347910,False,Wh,SOLAR AND BATTERY DB
142824,20.0,2025-04-07T01:40:00+08:00,4290360,148347910,False,Wh,SOLAR AND BATTERY DB
142824,20.0,2025-04-07T02:00:00+08:00,4290386,148347910,False,Wh,SOLAR AND BATTERY DB
142824,20.0,2025-04-07T02:20:00+08:00,4290411,148347910,False,Wh,SOLAR AND BATTERY DB
142824,20.0,2025-04-07T02:40:00+08:00,4290437,148347910,False,Wh,SOLAR AND BATTERY DB
142824,20.0,2025-04-07T03:00:00+08:00,4290463,148347910,False,Wh,SOLAR AND BATTERY DB
142824,20.0,2025-04-07T03:20:00+08:00,4290488,148347910,False,Wh,SOLAR AND BATTERY DB
142824,20.0,2025-04-07T03:40:00+08:00,4290514,148347910,False,Wh,SOLAR AND BATTERY DB
142824,20.0,2025-04-07T04:00:00+08:00,4290540,148347910,False,Wh,SOLAR AND BATTERY DB
142824,20.0,2025-04-07T04:20:00+08:00,4290566,148347910,False,Wh,SOLAR AND BATTERY DB
142824,20.0,2025-04-07T04:40:00+08:00,4290591,148347910,False,Wh,SOLAR AND BATTERY DB
142824,20.0,2025-04-07T05:00:00+08:00,4290617,148347910,False,Wh,SOLAR AND BATTERY DB
142824,20.0,2025-04-07T05:20:00+08:00,4290643,148347910,False,Wh,SOLAR AND BATTERY DB
142824,20.0,2025-04-07T05:40:00+08:00,4290669,148347910,False,Wh,SOLAR AND BATTERY DB
142824,20.0,2025-04-07T06:00:00+08:00,4290694,148347910,False,Wh,SOLAR AND BATTERY DB
142824,20.0,2025-04-07T06:20:00+08:00,4290722,148347910,False,Wh,SOLAR AND BATTERY DB
142824,20.0,2025-04-07T06:40:00+08:00,4290749,148347910,False,Wh,SOLAR AND BATTERY DB
142824,20.0,2025-04-07T07:00:00+08:00,4290750,148347966,False,Wh,SOLAR AND BATTERY DB
142824,20.0,2025-04-07T07:20:00+08:00,4290750,148348232,False,Wh,SOLAR AND BATTERY DB
142824,20.0,2025-04-07T07:40:00+08:00,4290750,148348729,False,Wh,SOLAR AND BATTERY DB
142824,20.0,2025-04-07T08:00:00+08:00,4290750,148349436,False,Wh,SOLAR AND BATTERY DB
142824,20.0,2025-04-07T08:20:00+08:00,4290750,148350608,False,Wh,SOLAR AND BATTERY DB
142824,20.0,2025-04-07T08:40:00+08:00,4290750,148352269,False,Wh,SOLAR AND BATTERY DB
142824,20.0,2025-04-07T09:00:00+08:00,4290750,148353283,False,Wh,SOLAR AND BATTERY DB
142824,20.0,2025-04-07T09:20:00+08:00,4290750,148354162,False,Wh,SOLAR AND BATTERY DB
142824,20.0,2025-04-07T09:40:00+08:00,4290750,148355218,False,Wh,SOLAR AND BATTERY DB
142824,20.0,2025-04-07T10:00:00+08:00,4290754,148356609,False,Wh,SOLAR AND BATTERY DB
142824,20.0,2025-04-07T10:20:00+08:00,4290754,148358439,False,Wh,SOLAR AND BATTERY DB
142824,20.0,2025-04-07T10:40:00+08:00,4290755,148360451,False,Wh,SOLAR AND BATTERY DB
142824,20.0,2025-04-07T11:00:00+08:00,4290757,148362807,False,Wh,SOLAR AND BATTERY DB
142824,20.0,2025-04-07T11:20:00+08:00,4290757,148364343,False,Wh,SOLAR AND BATTERY DB
142824,20.0,2025-04-07T11:40:00+08:00,4290757,148366734,False,Wh,SOLAR AND BATTERY DB
142824,20.0,2025-04-07T12:00:00+08:00,4290757,148369226,False,Wh,SOLAR AND BATTERY DB
142824,20.0,2025-04-07T12:20:00+08:00,4290757,148371571,False,Wh,SOLAR AND BATTERY DB
142824,20.0,2025-04-07T12:40:00+08:00,4290757,148374154,False,Wh,SOLAR AND BATTERY DB
142824,20.0,2025-04-07T13:00:00+08:00,4290757,148376467,False,Wh,SOLAR AND BATTERY DB
142824,20.0,2025-04-07T13:20:00+08:00,4290757,148378583,False,Wh,SOLAR AND BATTERY DB
142824,20.0,2025-04-07T13:40:00+08:00,4290757,148381271,False,Wh,SOLAR AND BATTERY DB
142824,20.0,2025-04-07T14:00:00+08:00,4290757,148383648,False,Wh,SOLAR AND BATTERY DB
142824,20.0,2025-04-07T14:20:00+08:00,4290757,148386114,False,Wh,SOLAR AND BATTERY DB
142824,20.0,2025-04-07T14:40:00+08:00,4290757,148388302,False,Wh,SOLAR AND BATTERY DB
142824,20.0,2025-04-07T15:00:00+08:00,4290757,148390716,False,Wh,SOLAR AND BATTERY DB
142824,20.0,2025-04-07T15:20:00+08:00,4290757,148393168,False,Wh,SOLAR AND BATTERY DB
142824,20.0,2025-04-07T15:40:00+08:00,4290757,148395590,False,Wh,SOLAR AND BATTERY DB
142824,20.0,2025-04-07T16:00:00+08:00,4290757,148397850,False,Wh,SOLAR AND BATTERY DB
142824,20.0,2025-04-07T16:20:00+08:00,4290757,148400200,False,Wh,SOLAR AND BATTERY DB
142824,20.0,2025-04-07T16:40:00+08:00,4290757,148402146,False,Wh,SOLAR AND BATTERY DB
142824,20.0,2025-04-07T17:00:00+08:00,4290757,148404571,False,Wh,SOLAR AND BATTERY DB
142824,20.0,2025-04-07T17:20:00+08:00,4290757,148406557,False,Wh,SOLAR AND BATTERY DB
142824,20.0,2025-04-07T17:40:00+08:00,4290757,148408212,False,Wh,SOLAR AND BATTERY DB
142824,20.0,2025-04-07T18:00:00+08:00,4290757,148409723,False,Wh,SOLAR AND BATTERY DB
142824,20.0,2025-04-07T18:20:00+08:00,4290757,148411201,False,Wh,SOLAR AND BATTERY DB
142824,20.0,2025-04-07T18:40:00+08:00,4290757,148412689,False,Wh,SOLAR AND BATTERY DB
142824,20.0,2025-04-07T19:00:00+08:00,4290757,148414177,False,Wh,SOLAR AND BATTERY DB
142824,20.0,2025-04-07T19:20:00+08:00,4290757,148415677,False,Wh,SOLAR AND BATTERY DB
142824,20.0,2025-04-07T19:40:00+08:00,4290757,148417185,False,Wh,SOLAR AND BATTERY DB
142824,20.0,2025-04-07T20:00:00+08:00,4290757,148418521,False,Wh,SOLAR AND BATTERY DB
142824,20.0,2025-04-07T20:20:00+08:00,4290757,148419665,False,Wh,SOLAR AND BATTERY DB
142824,20.0,2025-04-07T20:40:00+08:00,4290757,148420783,False,Wh,SOLAR AND BATTERY DB
142824,20.0,2025-04-07T21:00:00+08:00,4290757,148421790,False,Wh,SOLAR AND BATTERY DB
142824,20.0,2025-04-07T21:20:00+08:00,4290757,148422204,False,Wh,SOLAR AND BATTERY DB
142824,20.0,2025-04-07T21:40:00+08:00,4290760,148422303,False,Wh,SOLAR AND BATTERY DB
142824,20.0,2025-04-07T22:00:00+08:00,4290779,148422313,False,Wh,SOLAR AND BATTERY DB
142824,20.0,2025-04-07T22:20:00+08:00,4290804,148422315,False,Wh,SOLAR AND BATTERY DB
142824,20.0,2025-04-07T22:40:00+08:00,4290830,148422315,False,Wh,SOLAR AND BATTERY DB
142824,20.0,2025-04-07T23:00:00+08:00,4290856,148422315,False,Wh,SOLAR AND BATTERY DB
142824,20.0,2025-04-07T23:20:00+08:00,4290882,148422315,False,Wh,SOLAR AND BATTERY DB
142824,20.0,2025-04-07T23:40:00+08:00,4290907,148422315,False,Wh,SOLAR AND BATTERY DB
142824,20.0,2025-04-08T00:00:00+08:00,4290933,148422315,False,Wh,SOLAR AND BATTERY DB
142825,20.0,2025-04-01T00:20:00+08:00,19468530,0,False,Wh,202
142825,20.0,2025-04-01T00:40:00+08:00,19468573,0,False,Wh,202
142825,20.0,2025-04-01T01:00:00+08:00,19468615,0,False,Wh,202
142825,20.0,2025-04-01T01:20:00+08:00,19468644,0,False,Wh,202
142825,20.0,2025-04-01T01:40:00+08:00,19468687,0,False,Wh,202
142825,20.0,2025-04-01T02:00:00+08:00,19468730,0,False,Wh,202
142825,20.0,2025-04-01T02:20:00+08:00,19468763,0,False,Wh,202
142825,20.0,2025-04-01T02:40:00+08:00,19468802,0,False,Wh,202
142825,20.0,2025-04-01T03:00:00+08:00,19468847,0,False,Wh,202
142825,20.0,2025-04-01T03:20:00+08:00,19468887,0,False,Wh,202
142825,20.0,2025-04-01T03:40:00+08:00,19468919,0,False,Wh,202
142825,20.0,2025-04-01T04:00:00+08:00,19468963,0,False,Wh,202
142825,20.0,2025-04-01T04:20:00+08:00,19469006,0,False,Wh,202
142825,20.0,2025-04-01T04:40:00+08:00,19469036,0,False,Wh,202
142825,20.0,2025-04-01T05:00:00+08:00,19469075,0,False,Wh,202
142825,20.0,2025-04-01T05:20:00+08:00,19469118,0,False,Wh,202
142825,20.0,2025-04-01T05:40:00+08:00,19469339,0,False,Wh,202
142825,20.0,2025-04-01T06:00:00+08:00,19469713,0,False,Wh,202
142825,20.0,2025-04-01T06:20:00+08:00,19469923,0,False,Wh,202
142825,20.0,2025-04-01T06:40:00+08:00,19470009,0,False,Wh,202
142825,20.0,2025-04-01T07:00:00+08:00,19470043,0,False,Wh,202
142825,20.0,2025-04-01T07:20:00+08:00,19470107,0,False,Wh,202
142825,20.0,2025-04-01T07:40:00+08:00,19470150,0,False,Wh,202
142825,20.0,2025-04-01T08:00:00+08:00,19470202,0,False,Wh,202
142825,20.0,2025-04-01T08:20:00+08:00,19470258,0,False,Wh,202
142825,20.0,2025-04-01T08:40:00+08:00,19470311,0,False,Wh,202
142825,20.0,2025-04-01T09:00:00+08:00,19470332,0,False,Wh,202
142825,20.0,2025-04-01T09:20:00+08:00,19470363,0,False,Wh,202
142825,20.0,2025-04-01T09:40:00+08:00,19470394,0,False,Wh,202
142825,20.0,2025-04-01T10:00:00+08:00,19470415,0,False,Wh,202
142825,20.0,2025-04-01T10:20:00+08:00,19470442,0,False,Wh,202
142825,20.0,2025-04-01T10:40:00+08:00,19470473,0,False,Wh,202
142825,20.0,2025-04-01T11:00:00+08:00,19470497,0,False,Wh,202
142825,20.0,2025-04-01T11:20:00+08:00,19470518,0,False,Wh,202
142825,20.0,2025-04-01T11:40:00+08:00,19470549,0,False,Wh,202
142825,20.0,2025-04-01T12:00:00+08:00,19470579,0,False,Wh,202
142825,20.0,2025-04-01T12:20:00+08:00,19470594,0,False,Wh,202
142825,20.0,2025-04-01T12:40:00+08:00,19470625,0,False,Wh,202
142825,20.0,2025-04-01T13:00:00+08:00,19470655,0,False,Wh,202
142825,20.0,2025-04-01T13:20:00+08:00,19470673,0,False,Wh,202
142825,20.0,2025-04-01T13:40:00+08:00,19470700,0,False,Wh,202
142825,20.0,2025-04-01T14:00:00+08:00,19470731,0,False,Wh,202
142825,20.0,2025-04-01T14:20:00+08:00,19470755,0,False,Wh,202
142825,20.0,2025-04-01T14:40:00+08:00,19470776,0,False,Wh,202
142825,20.0,2025-04-01T15:00:00+08:00,19470936,0,False,Wh,202
142825,20.0,2025-04-01T15:20:00+08:00,19471008,0,False,Wh,202
142825,20.0,2025-04-01T15:40:00+08:00,19471070,0,False,Wh,202
142825,20.0,2025-04-01T16:00:00+08:00,19471157,0,False,Wh,202
142825,20.0,2025-04-01T16:20:00+08:00,19471709,0,False,Wh,202
142825,20.0,2025-04-01T16:40:00+08:00,19472224,0,False,Wh,202
142825,20.0,2025-04-01T17:00:00+08:00,19472703,0,False,Wh,202
142825,20.0,2025-04-01T17:20:00+08:00,19473149,0,False,Wh,202
142825,20.0,2025-04-01T17:40:00+08:00,19473566,0,False,Wh,202
142825,20.0,2025-04-01T18:00:00+08:00,19473839,0,False,Wh,202
142825,20.0,2025-04-01T18:20:00+08:00,19473901,0,False,Wh,202
142825,20.0,2025-04-01T18:40:00+08:00,19473956,0,False,Wh,202
142825,20.0,2025-04-01T19:00:00+08:00,19474016,0,False,Wh,202
142825,20.0,2025-04-01T19:20:00+08:00,19474212,0,False,Wh,202
142825,20.0,2025-04-01T19:40:00+08:00,19474656,0,False,Wh,202
142825,20.0,2025-04-01T20:00:00+08:00,19475726,0,False,Wh,202
142825,20.0,2025-04-01T20:20:00+08:00,19476073,0,False,Wh,202
142825,20.0,2025-04-01T20:40:00+08:00,19476134,0,False,Wh,202
142825,20.0,2025-04-01T21:00:00+08:00,19476205,0,False,Wh,202
142825,20.0,2025-04-01T21:20:00+08:00,19476276,0,False,Wh,202
142825,20.0,2025-04-01T21:40:00+08:00,19477496,0,False,Wh,202
142825,20.0,2025-04-01T22:00:00+08:00,19477645,0,False,Wh,202
142825,20.0,2025-04-01T22:20:00+08:00,19477803,0,False,Wh,202
142825,20.0,2025-04-01T22:40:00+08:00,19477847,0,False,Wh,202
142825,20.0,2025-04-01T23:00:00+08:00,19477884,0,False,Wh,202
142825,20.0,2025-04-01T23:20:00+08:00,19477931,0,False,Wh,202
142825,20.0,2025-04-01T23:40:00+08:00,19477975,0,False,Wh,202
142825,20.0,2025-04-02T00:00:00+08:00,19478009,0,False,Wh,202
142825,20.0,2025-04-02T00:20:00+08:00,19478052,0,False,Wh,202
142825,20.0,2025-04-02T00:40:00+08:00,19478093,0,False,Wh,202
142825,20.0,2025-04-02T01:00:00+08:00,19478124,0,False,Wh,202
142825,20.0,2025-04-02T01:20:00+08:00,19478166,0,False,Wh,202
142825,20.0,2025-04-02T01:40:00+08:00,19478208,0,False,Wh,202
142825,20.0,2025-04-02T02:00:00+08:00,19478236,0,False,Wh,202
142825,20.0,2025-04-02T02:20:00+08:00,19478278,0,False,Wh,202
142825,20.0,2025-04-02T02:40:00+08:00,19478323,0,False,Wh,202
142825,20.0,2025-04-02T03:00:00+08:00,19478356,0,False,Wh,202
142825,20.0,2025-04-02T03:20:00+08:00,19478399,0,False,Wh,202
142825,20.0,2025-04-02T03:40:00+08:00,19478442,0,False,Wh,202
142825,20.0,2025-04-02T04:00:00+08:00,19478476,0,False,Wh,202
142825,20.0,2025-04-02T04:20:00+08:00,19478511,0,False,Wh,202
142825,20.0,2025-04-02T04:40:00+08:00,19478554,0,False,Wh,202
142825,20.0,2025-04-02T05:00:00+08:00,19478593,0,False,Wh,202
142825,20.0,2025-04-02T05:20:00+08:00,19478625,0,False,Wh,202
142825,20.0,2025-04-02T05:40:00+08:00,19478667,0,False,Wh,202
142825,20.0,2025-04-02T06:00:00+08:00,19478708,0,False,Wh,202
142825,20.0,2025-04-02T06:20:00+08:00,19478887,0,False,Wh,202
142825,20.0,2025-04-02T06:40:00+08:00,19478937,0,False,Wh,202
142825,20.0,2025-04-02T07:00:00+08:00,19478986,0,False,Wh,202
142825,20.0,2025-04-02T07:20:00+08:00,19479023,0,False,Wh,202
142825,20.0,2025-04-02T07:40:00+08:00,19479064,0,False,Wh,202
142825,20.0,2025-04-02T08:00:00+08:00,19479309,0,False,Wh,202
142825,20.0,2025-04-02T08:20:00+08:00,19479609,0,False,Wh,202
142825,20.0,2025-04-02T08:40:00+08:00,19479646,0,False,Wh,202
142825,20.0,2025-04-02T09:00:00+08:00,19479689,0,False,Wh,202
142825,20.0,2025-04-02T09:20:00+08:00,19479722,0,False,Wh,202
142825,20.0,2025-04-02T09:40:00+08:00,19479818,0,False,Wh,202
142825,20.0,2025-04-02T10:00:00+08:00,19479896,0,False,Wh,202
142825,20.0,2025-04-02T10:20:00+08:00,19480091,0,False,Wh,202
142825,20.0,2025-04-02T10:40:00+08:00,19480111,0,False,Wh,202
142825,20.0,2025-04-02T11:00:00+08:00,19480141,0,False,Wh,202
142825,20.0,2025-04-02T11:20:00+08:00,19480175,0,False,Wh,202
142825,20.0,2025-04-02T11:40:00+08:00,19480226,0,False,Wh,202
142825,20.0,2025-04-02T12:00:00+08:00,19480267,0,False,Wh,202
142825,20.0,2025-04-02T12:20:00+08:00,19480297,0,False,Wh,202
142825,20.0,2025-04-02T12:40:00+08:00,19480312,0,False,Wh,202
142825,20.0,2025-04-02T13:00:00+08:00,19480338,0,False,Wh,202
142825,20.0,2025-04-02T13:20:00+08:00,19480369,0,False,Wh,202
142825,20.0,2025-04-02T13:40:00+08:00,19480390,0,False,Wh,202
142825,20.0,2025-04-02T14:00:00+08:00,19480411,0,False,Wh,202
142825,20.0,2025-04-02T14:20:00+08:00,19480441,0,False,Wh,202
142825,20.0,2025-04-02T14:40:00+08:00,19480469,0,False,Wh,202
142825,20.0,2025-04-02T15:00:00+08:00,19480484,0,False,Wh,202
142825,20.0,2025-04-02T15:20:00+08:00,19480514,0,False,Wh,202
142825,20.0,2025-04-02T15:40:00+08:00,19480545,0,False,Wh,202
142825,20.0,2025-04-02T16:00:00+08:00,19480594,0,False,Wh,202
142825,20.0,2025-04-02T16:20:00+08:00,19480654,0,False,Wh,202
142825,20.0,2025-04-02T16:40:00+08:00,19480691,0,False,Wh,202
142825,20.0,2025-04-02T17:00:00+08:00,19480745,0,False,Wh,202
142825,20.0,2025-04-02T17:20:00+08:00,19480800,0,False,Wh,202
142825,20.0,2025-04-02T17:40:00+08:00,19480833,0,False,Wh,202
142825,20.0,2025-04-02T18:00:00+08:00,19481669,0,False,Wh,202
142825,20.0,2025-04-02T18:20:00+08:00,19481743,0,False,Wh,202
142825,20.0,2025-04-02T18:40:00+08:00,19482113,0,False,Wh,202
142825,20.0,2025-04-02T19:00:00+08:00,19482708,0,False,Wh,202
142825,20.0,2025-04-02T19:20:00+08:00,19483528,0,False,Wh,202
142825,20.0,2025-04-02T19:40:00+08:00,19483961,0,False,Wh,202
142825,20.0,2025-04-02T20:00:00+08:00,19484498,0,False,Wh,202
142825,20.0,2025-04-02T20:20:00+08:00,19484606,0,False,Wh,202
142825,20.0,2025-04-02T20:40:00+08:00,19485431,0,False,Wh,202
142825,20.0,2025-04-02T21:00:00+08:00,19485709,0,False,Wh,202
142825,20.0,2025-04-02T21:20:00+08:00,19485903,0,False,Wh,202
142825,20.0,2025-04-02T21:40:00+08:00,19486105,0,False,Wh,202
142825,20.0,2025-04-02T22:00:00+08:00,19486442,0,False,Wh,202
142825,20.0,2025-04-02T22:20:00+08:00,19486875,0,False,Wh,202
142825,20.0,2025-04-02T22:40:00+08:00,19486956,0,False,Wh,202
142825,20.0,2025-04-02T23:00:00+08:00,19487032,0,False,Wh,202
142825,20.0,2025-04-02T23:20:00+08:00,19487113,0,False,Wh,202
142825,20.0,2025-04-02T23:40:00+08:00,19487190,0,False,Wh,202
142825,20.0,2025-04-03T00:00:00+08:00,19487253,0,False,Wh,202
142825,20.0,2025-04-03T00:20:00+08:00,19487334,0,False,Wh,202
142825,20.0,2025-04-03T00:40:00+08:00,19487418,0,False,Wh,202
142825,20.0,2025-04-03T01:00:00+08:00,19487511,0,False,Wh,202
142825,20.0,2025-04-03T01:20:00+08:00,19487566,0,False,Wh,202
142825,20.0,2025-04-03T01:40:00+08:00,19487635,0,False,Wh,202
142825,20.0,2025-04-03T02:00:00+08:00,19487704,0,False,Wh,202
142825,20.0,2025-04-03T02:20:00+08:00,19487768,0,False,Wh,202
142825,20.0,2025-04-03T02:40:00+08:00,19487826,0,False,Wh,202
142825,20.0,2025-04-03T03:00:00+08:00,19487885,0,False,Wh,202
142825,20.0,2025-04-03T03:20:00+08:00,19487952,0,False,Wh,202
142825,20.0,2025-04-03T03:40:00+08:00,19488015,0,False,Wh,202
142825,20.0,2025-04-03T04:00:00+08:00,19488076,0,False,Wh,202
142825,20.0,2025-04-03T04:20:00+08:00,19488147,0,False,Wh,202
142825,20.0,2025-04-03T04:40:00+08:00,19488218,0,False,Wh,202
142825,20.0,2025-04-03T05:00:00+08:00,19488264,0,False,Wh,202
142825,20.0,2025-04-03T05:20:00+08:00,19488328,0,False,Wh,202
142825,20.0,2025-04-03T05:40:00+08:00,19488397,0,False,Wh,202
142825,20.0,2025-04-03T06:00:00+08:00,19488443,0,False,Wh,202
142825,20.0,2025-04-03T06:20:00+08:00,19488641,0,False,Wh,202
142825,20.0,2025-04-03T06:40:00+08:00,19488709,0,False,Wh,202
142825,20.0,2025-04-03T07:00:00+08:00,19488767,0,False,Wh,202
142825,20.0,2025-04-03T07:20:00+08:00,19488810,0,False,Wh,202
142825,20.0,2025-04-03T07:40:00+08:00,19488870,0,False,Wh,202
142825,20.0,2025-04-03T08:00:00+08:00,19488920,0,False,Wh,202
142825,20.0,2025-04-03T08:20:00+08:00,19488947,0,False,Wh,202
142825,20.0,2025-04-03T08:40:00+08:00,19489007,0,False,Wh,202
142825,20.0,2025-04-03T09:00:00+08:00,19489116,0,False,Wh,202
142825,20.0,2025-04-03T09:20:00+08:00,19489206,0,False,Wh,202
142825,20.0,2025-04-03T09:40:00+08:00,19489265,0,False,Wh,202
142825,20.0,2025-04-03T10:00:00+08:00,19489354,0,False,Wh,202
142825,20.0,2025-04-03T10:20:00+08:00,19489430,0,False,Wh,202
142825,20.0,2025-04-03T10:40:00+08:00,19489540,0,False,Wh,202
142825,20.0,2025-04-03T11:00:00+08:00,19489639,0,False,Wh,202
142825,20.0,2025-04-03T11:20:00+08:00,19489690,0,False,Wh,202
142825,20.0,2025-04-03T11:40:00+08:00,19490204,0,False,Wh,202
142825,20.0,2025-04-03T12:00:00+08:00,19490279,0,False,Wh,202
142825,20.0,2025-04-03T12:20:00+08:00,19490333,0,False,Wh,202
142825,20.0,2025-04-03T12:40:00+08:00,19490593,0,False,Wh,202
142825,20.0,2025-04-03T13:00:00+08:00,19490730,0,False,Wh,202
142825,20.0,2025-04-03T13:20:00+08:00,19490831,0,False,Wh,202
142825,20.0,2025-04-03T13:40:00+08:00,19490968,0,False,Wh,202
142825,20.0,2025-04-03T14:00:00+08:00,19491087,0,False,Wh,202
142825,20.0,2025-04-03T14:20:00+08:00,19492475,0,False,Wh,202
142825,20.0,2025-04-03T14:40:00+08:00,19493793,0,False,Wh,202
142825,20.0,2025-04-03T15:00:00+08:00,19494240,0,False,Wh,202
142825,20.0,2025-04-03T15:20:00+08:00,19494378,0,False,Wh,202
142825,20.0,2025-04-03T15:40:00+08:00,19494471,0,False,Wh,202
142825,20.0,2025-04-03T16:00:00+08:00,19494567,0,False,Wh,202
142825,20.0,2025-04-03T16:20:00+08:00,19494658,0,False,Wh,202
142825,20.0,2025-04-03T16:40:00+08:00,19495109,0,False,Wh,202
142825,20.0,2025-04-03T17:00:00+08:00,19495424,0,False,Wh,202
142825,20.0,2025-04-03T17:20:00+08:00,19495530,0,False,Wh,202
142825,20.0,2025-04-03T17:40:00+08:00,19495636,0,False,Wh,202
142825,20.0,2025-04-03T18:00:00+08:00,19496545,0,False,Wh,202
142825,20.0,2025-04-03T18:20:00+08:00,19496882,0,False,Wh,202
142825,20.0,2025-04-03T18:40:00+08:00,19497070,0,False,Wh,202
142825,20.0,2025-04-03T19:00:00+08:00,19497685,0,False,Wh,202
142825,20.0,2025-04-03T19:20:00+08:00,19497761,0,False,Wh,202
142825,20.0,2025-04-03T19:40:00+08:00,19498300,0,False,Wh,202
142825,20.0,2025-04-03T20:00:00+08:00,19498387,0,False,Wh,202
142825,20.0,2025-04-03T20:20:00+08:00,19498460,0,False,Wh,202
142825,20.0,2025-04-03T20:40:00+08:00,19498519,0,False,Wh,202
142825,20.0,2025-04-03T21:00:00+08:00,19498785,0,False,Wh,202
142825,20.0,2025-04-03T21:20:00+08:00,19499140,0,False,Wh,202
142825,20.0,2025-04-03T21:40:00+08:00,19499395,0,False,Wh,202
142825,20.0,2025-04-03T22:00:00+08:00,19499433,0,False,Wh,202
142825,20.0,2025-04-03T22:20:00+08:00,19499479,0,False,Wh,202
142825,20.0,2025-04-03T22:40:00+08:00,19499524,0,False,Wh,202
142825,20.0,2025-04-03T23:00:00+08:00,19499554,0,False,Wh,202
142825,20.0,2025-04-03T23:20:00+08:00,19499592,0,False,Wh,202
142825,20.0,2025-04-03T23:40:00+08:00,19499635,0,False,Wh,202
142825,20.0,2025-04-04T00:00:00+08:00,19499672,0,False,Wh,202
142825,20.0,2025-04-04T00:20:00+08:00,19499700,0,False,Wh,202
142825,20.0,2025-04-04T00:40:00+08:00,19499743,0,False,Wh,202
142825,20.0,2025-04-04T01:00:00+08:00,19499785,0,False,Wh,202
142825,20.0,2025-04-04T01:20:00+08:00,19499812,0,False,Wh,202
142825,20.0,2025-04-04T01:40:00+08:00,19499849,0,False,Wh,202
142825,20.0,2025-04-04T02:00:00+08:00,19499893,0,False,Wh,202
142825,20.0,2025-04-04T02:20:00+08:00,19499932,0,False,Wh,202
142825,20.0,2025-04-04T02:40:00+08:00,19499967,0,False,Wh,202
142825,20.0,2025-04-04T03:00:00+08:00,19500011,0,False,Wh,202
142825,20.0,2025-04-04T03:20:00+08:00,19500054,0,False,Wh,202
142825,20.0,2025-04-04T03:40:00+08:00,19500086,0,False,Wh,202
142825,20.0,2025-04-04T04:00:00+08:00,19500124,0,False,Wh,202
142825,20.0,2025-04-04T04:20:00+08:00,19500166,0,False,Wh,202
142825,20.0,2025-04-04T04:40:00+08:00,19500201,0,False,Wh,202
142825,20.0,2025-04-04T05:00:00+08:00,19500231,0,False,Wh,202
142825,20.0,2025-04-04T05:20:00+08:00,19500273,0,False,Wh,202
142825,20.0,2025-04-04T05:40:00+08:00,19500315,0,False,Wh,202
142825,20.0,2025-04-04T06:00:00+08:00,19500341,0,False,Wh,202
142825,20.0,2025-04-04T06:20:00+08:00,19500554,0,False,Wh,202
142825,20.0,2025-04-04T06:40:00+08:00,19500630,0,False,Wh,202
142825,20.0,2025-04-04T07:00:00+08:00,19501157,0,False,Wh,202
142825,20.0,2025-04-04T07:20:00+08:00,19501195,0,False,Wh,202
142825,20.0,2025-04-04T07:40:00+08:00,19501225,0,False,Wh,202
142825,20.0,2025-04-04T08:00:00+08:00,19501250,0,False,Wh,202
142825,20.0,2025-04-04T08:20:00+08:00,19501280,0,False,Wh,202
142825,20.0,2025-04-04T08:40:00+08:00,19501298,0,False,Wh,202
142825,20.0,2025-04-04T09:00:00+08:00,19501316,0,False,Wh,202
142825,20.0,2025-04-04T09:20:00+08:00,19501347,0,False,Wh,202
142825,20.0,2025-04-04T09:40:00+08:00,19501376,0,False,Wh,202
142825,20.0,2025-04-04T10:00:00+08:00,19501399,0,False,Wh,202
142825,20.0,2025-04-04T10:20:00+08:00,19501429,0,False,Wh,202
142825,20.0,2025-04-04T10:40:00+08:00,19501444,0,False,Wh,202
142825,20.0,2025-04-04T11:00:00+08:00,19501465,0,False,Wh,202
142825,20.0,2025-04-04T11:20:00+08:00,19501496,0,False,Wh,202
142825,20.0,2025-04-04T11:40:00+08:00,19501522,0,False,Wh,202
142825,20.0,2025-04-04T12:00:00+08:00,19501548,0,False,Wh,202
142825,20.0,2025-04-04T12:20:00+08:00,19501576,0,False,Wh,202
142825,20.0,2025-04-04T12:40:00+08:00,19501589,0,False,Wh,202
142825,20.0,2025-04-04T13:00:00+08:00,19501614,0,False,Wh,202
142825,20.0,2025-04-04T13:20:00+08:00,19501646,0,False,Wh,202
142825,20.0,2025-04-04T13:40:00+08:00,19501705,0,False,Wh,202
142825,20.0,2025-04-04T14:00:00+08:00,19501751,0,False,Wh,202
142825,20.0,2025-04-04T14:20:00+08:00,19501800,0,False,Wh,202
142825,20.0,2025-04-04T14:40:00+08:00,19501851,0,False,Wh,202
142825,20.0,2025-04-04T15:00:00+08:00,19501873,0,False,Wh,202
142825,20.0,2025-04-04T15:20:00+08:00,19501903,0,False,Wh,202
142825,20.0,2025-04-04T15:40:00+08:00,19501935,0,False,Wh,202
142825,20.0,2025-04-04T16:00:00+08:00,19501960,0,False,Wh,202
142825,20.0,2025-04-04T16:20:00+08:00,19501975,0,False,Wh,202
142825,20.0,2025-04-04T16:40:00+08:00,19502006,0,False,Wh,202
142825,20.0,2025-04-04T17:00:00+08:00,19502036,0,False,Wh,202
142825,20.0,2025-04-04T17:20:00+08:00,19502056,0,False,Wh,202
142825,20.0,2025-04-04T17:40:00+08:00,19502091,0,False,Wh,202
142825,20.0,2025-04-04T18:00:00+08:00,19502156,0,False,Wh,202
142825,20.0,2025-04-04T18:20:00+08:00,19502196,0,False,Wh,202
142825,20.0,2025-04-04T18:40:00+08:00,19502222,0,False,Wh,202
142825,20.0,2025-04-04T19:00:00+08:00,19502278,0,False,Wh,202
142825,20.0,2025-04-04T19:20:00+08:00,19502351,0,False,Wh,202
142825,20.0,2025-04-04T19:40:00+08:00,19502417,0,False,Wh,202
142825,20.0,2025-04-04T20:00:00+08:00,19502481,0,False,Wh,202
142825,20.0,2025-04-04T20:20:00+08:00,19503006,0,False,Wh,202
142825,20.0,2025-04-04T20:40:00+08:00,19503183,0,False,Wh,202
142825,20.0,2025-04-04T21:00:00+08:00,19503298,0,False,Wh,202
142825,20.0,2025-04-04T21:20:00+08:00,19503411,0,False,Wh,202
142825,20.0,2025-04-04T21:40:00+08:00,19503538,0,False,Wh,202
142825,20.0,2025-04-04T22:00:00+08:00,19503656,0,False,Wh,202
142825,20.0,2025-04-04T22:20:00+08:00,19503781,0,False,Wh,202
142825,20.0,2025-04-04T22:40:00+08:00,19503912,0,False,Wh,202
142825,20.0,2025-04-04T23:00:00+08:00,19504017,0,False,Wh,202
142825,20.0,2025-04-04T23:20:00+08:00,19504134,0,False,Wh,202
142825,20.0,2025-04-04T23:40:00+08:00,19504398,0,False,Wh,202
142825,20.0,2025-04-05T00:00:00+08:00,19505190,0,False,Wh,202
142825,20.0,2025-04-05T00:20:00+08:00,19505289,0,False,Wh,202
142825,20.0,2025-04-05T00:40:00+08:00,19505401,0,False,Wh,202
142825,20.0,2025-04-05T01:00:00+08:00,19505470,0,False,Wh,202
142825,20.0,2025-04-05T01:20:00+08:00,19505523,0,False,Wh,202
142825,20.0,2025-04-05T01:40:00+08:00,19505570,0,False,Wh,202
142825,20.0,2025-04-05T02:00:00+08:00,19505628,0,False,Wh,202
142825,20.0,2025-04-05T02:20:00+08:00,19505673,0,False,Wh,202
142825,20.0,2025-04-05T02:40:00+08:00,19505707,0,False,Wh,202
142825,20.0,2025-04-05T03:00:00+08:00,19505758,0,False,Wh,202
142825,20.0,2025-04-05T03:20:00+08:00,19505813,0,False,Wh,202
142825,20.0,2025-04-05T03:40:00+08:00,19505860,0,False,Wh,202
142825,20.0,2025-04-05T04:00:00+08:00,19505900,0,False,Wh,202
142825,20.0,2025-04-05T04:20:00+08:00,19505953,0,False,Wh,202
142825,20.0,2025-04-05T04:40:00+08:00,19506004,0,False,Wh,202
142825,20.0,2025-04-05T05:00:00+08:00,19506041,0,False,Wh,202
142825,20.0,2025-04-05T05:20:00+08:00,19506081,0,False,Wh,202
142825,20.0,2025-04-05T05:40:00+08:00,19506125,0,False,Wh,202
142825,20.0,2025-04-05T06:00:00+08:00,19506163,0,False,Wh,202
142825,20.0,2025-04-05T06:20:00+08:00,19506191,0,False,Wh,202
142825,20.0,2025-04-05T06:40:00+08:00,19506233,0,False,Wh,202
142825,20.0,2025-04-05T07:00:00+08:00,19506274,0,False,Wh,202
142825,20.0,2025-04-05T07:20:00+08:00,19506301,0,False,Wh,202
142825,20.0,2025-04-05T07:40:00+08:00,19506334,0,False,Wh,202
142825,20.0,2025-04-05T08:00:00+08:00,19506376,0,False,Wh,202
142825,20.0,2025-04-05T08:20:00+08:00,19506412,0,False,Wh,202
142825,20.0,2025-04-05T08:40:00+08:00,19506452,0,False,Wh,202
142825,20.0,2025-04-05T09:00:00+08:00,19506486,0,False,Wh,202
142825,20.0,2025-04-05T09:20:00+08:00,19506510,0,False,Wh,202
142825,20.0,2025-04-05T09:40:00+08:00,19507156,0,False,Wh,202
142825,20.0,2025-04-05T10:00:00+08:00,19507283,0,False,Wh,202
142825,20.0,2025-04-05T10:20:00+08:00,19507308,0,False,Wh,202
142825,20.0,2025-04-05T10:40:00+08:00,19507364,0,False,Wh,202
142825,20.0,2025-04-05T11:00:00+08:00,19507425,0,False,Wh,202
142825,20.0,2025-04-05T11:20:00+08:00,19507509,0,False,Wh,202
142825,20.0,2025-04-05T11:40:00+08:00,19507748,0,False,Wh,202
142825,20.0,2025-04-05T12:00:00+08:00,19508634,0,False,Wh,202
142825,20.0,2025-04-05T12:20:00+08:00,19508713,0,False,Wh,202
142825,20.0,2025-04-05T12:40:00+08:00,19508787,0,False,Wh,202
142825,20.0,2025-04-05T13:00:00+08:00,19508863,0,False,Wh,202
142825,20.0,2025-04-05T13:20:00+08:00,19509081,0,False,Wh,202
142825,20.0,2025-04-05T13:40:00+08:00,19510170,0,False,Wh,202
142825,20.0,2025-04-05T14:00:00+08:00,19511036,0,False,Wh,202
142825,20.0,2025-04-05T14:20:00+08:00,19511322,0,False,Wh,202
142825,20.0,2025-04-05T14:40:00+08:00,19511383,0,False,Wh,202
142825,20.0,2025-04-05T15:00:00+08:00,19511414,0,False,Wh,202
142825,20.0,2025-04-05T15:20:00+08:00,19511444,0,False,Wh,202
142825,20.0,2025-04-05T15:40:00+08:00,19511462,0,False,Wh,202
142825,20.0,2025-04-05T16:00:00+08:00,19511482,0,False,Wh,202
142825,20.0,2025-04-05T16:20:00+08:00,19511513,0,False,Wh,202
142825,20.0,2025-04-05T16:40:00+08:00,19511542,0,False,Wh,202
142825,20.0,2025-04-05T17:00:00+08:00,19511555,0,False,Wh,202
142825,20.0,2025-04-05T17:20:00+08:00,19511583,0,False,Wh,202
142825,20.0,2025-04-05T17:40:00+08:00,19511614,0,False,Wh,202
142825,20.0,2025-04-05T18:00:00+08:00,19511636,0,False,Wh,202
142825,20.0,2025-04-05T18:20:00+08:00,19511655,0,False,Wh,202
142825,20.0,2025-04-05T18:40:00+08:00,19511686,0,False,Wh,202
142825,20.0,2025-04-05T19:00:00+08:00,19511716,0,False,Wh,202
142825,20.0,2025-04-05T19:20:00+08:00,19511744,0,False,Wh,202
142825,20.0,2025-04-05T19:40:00+08:00,19511782,0,False,Wh,202
142825,20.0,2025-04-05T20:00:00+08:00,19512877,0,False,Wh,202
142825,20.0,2025-04-05T20:20:00+08:00,19513244,0,False,Wh,202
142825,20.0,2025-04-05T20:40:00+08:00,19513333,0,False,Wh,202
142825,20.0,2025-04-05T21:00:00+08:00,19513434,0,False,Wh,202
142825,20.0,2025-04-05T21:20:00+08:00,19513517,0,False,Wh,202
142825,20.0,2025-04-05T21:40:00+08:00,19513602,0,False,Wh,202
142825,20.0,2025-04-05T22:00:00+08:00,19513689,0,False,Wh,202
142825,20.0,2025-04-05T22:20:00+08:00,19514117,0,False,Wh,202
142825,20.0,2025-04-05T22:40:00+08:00,19514768,0,False,Wh,202
142825,20.0,2025-04-05T23:00:00+08:00,19515359,0,False,Wh,202
142825,20.0,2025-04-05T23:20:00+08:00,19515458,0,False,Wh,202
142825,20.0,2025-04-05T23:40:00+08:00,19515513,0,False,Wh,202
142825,20.0,2025-04-06T00:00:00+08:00,19515580,0,False,Wh,202
142825,20.0,2025-04-06T00:20:00+08:00,19515633,0,False,Wh,202
142825,20.0,2025-04-06T00:40:00+08:00,19515676,0,False,Wh,202
142825,20.0,2025-04-06T01:00:00+08:00,19515715,0,False,Wh,202
142825,20.0,2025-04-06T01:20:00+08:00,19515766,0,False,Wh,202
142825,20.0,2025-04-06T01:40:00+08:00,19515817,0,False,Wh,202
142825,20.0,2025-04-06T02:00:00+08:00,19515853,0,False,Wh,202
142825,20.0,2025-04-06T02:20:00+08:00,19515899,0,False,Wh,202
142825,20.0,2025-04-06T02:40:00+08:00,19515951,0,False,Wh,202
142825,20.0,2025-04-06T03:00:00+08:00,19515992,0,False,Wh,202
142825,20.0,2025-04-06T03:20:00+08:00,19516019,0,False,Wh,202
142825,20.0,2025-04-06T03:40:00+08:00,19516061,0,False,Wh,202
142825,20.0,2025-04-06T04:00:00+08:00,19516625,0,False,Wh,202
142825,20.0,2025-04-06T04:20:00+08:00,19516655,0,False,Wh,202
142825,20.0,2025-04-06T04:40:00+08:00,19516688,0,False,Wh,202
142825,20.0,2025-04-06T05:00:00+08:00,19516730,0,False,Wh,202
142825,20.0,2025-04-06T05:20:00+08:00,19516770,0,False,Wh,202
142825,20.0,2025-04-06T05:40:00+08:00,19516795,0,False,Wh,202
142825,20.0,2025-04-06T06:00:00+08:00,19516832,0,False,Wh,202
142825,20.0,2025-04-06T06:20:00+08:00,19516874,0,False,Wh,202
142825,20.0,2025-04-06T06:40:00+08:00,19516906,0,False,Wh,202
142825,20.0,2025-04-06T07:00:00+08:00,19516933,0,False,Wh,202
142825,20.0,2025-04-06T07:20:00+08:00,19516974,0,False,Wh,202
142825,20.0,2025-04-06T07:40:00+08:00,19517115,0,False,Wh,202
142825,20.0,2025-04-06T08:00:00+08:00,19517199,0,False,Wh,202
142825,20.0,2025-04-06T08:20:00+08:00,19517467,0,False,Wh,202
142825,20.0,2025-04-06T08:40:00+08:00,19517681,0,False,Wh,202
142825,20.0,2025-04-06T09:00:00+08:00,19517912,0,False,Wh,202
142825,20.0,2025-04-06T09:20:00+08:00,19518006,0,False,Wh,202
142825,20.0,2025-04-06T09:40:00+08:00,19518107,0,False,Wh,202
142825,20.0,2025-04-06T10:00:00+08:00,19518642,0,False,Wh,202
142825,20.0,2025-04-06T10:20:00+08:00,19519258,0,False,Wh,202
142825,20.0,2025-04-06T10:40:00+08:00,19519843,0,False,Wh,202
142825,20.0,2025-04-06T11:00:00+08:00,19520119,0,False,Wh,202
142825,20.0,2025-04-06T11:20:00+08:00,19520221,0,False,Wh,202
142825,20.0,2025-04-06T11:40:00+08:00,19520287,0,False,Wh,202
142825,20.0,2025-04-06T12:00:00+08:00,19520582,0,False,Wh,202
142825,20.0,2025-04-06T12:20:00+08:00,19520823,0,False,Wh,202
142825,20.0,2025-04-06T12:40:00+08:00,19520873,0,False,Wh,202
142825,20.0,2025-04-06T13:00:00+08:00,19520933,0,False,Wh,202
142825,20.0,2025-04-06T13:20:00+08:00,19521080,0,False,Wh,202
142825,20.0,2025-04-06T13:40:00+08:00,19521442,0,False,Wh,202
142825,20.0,2025-04-06T14:00:00+08:00,19521653,0,False,Wh,202
142825,20.0,2025-04-06T14:20:00+08:00,19521712,0,False,Wh,202
142825,20.0,2025-04-06T14:40:00+08:00,19521760,0,False,Wh,202
142825,20.0,2025-04-06T15:00:00+08:00,19522000,0,False,Wh,202
142825,20.0,2025-04-06T15:20:00+08:00,19522817,0,False,Wh,202
142825,20.0,2025-04-06T15:40:00+08:00,19522887,0,False,Wh,202
142825,20.0,2025-04-06T16:00:00+08:00,19523083,0,False,Wh,202
142825,20.0,2025-04-06T16:20:00+08:00,19523161,0,False,Wh,202
142825,20.0,2025-04-06T16:40:00+08:00,19523233,0,False,Wh,202
142825,20.0,2025-04-06T17:00:00+08:00,19523299,0,False,Wh,202
142825,20.0,2025-04-06T17:20:00+08:00,19523377,0,False,Wh,202
142825,20.0,2025-04-06T17:40:00+08:00,19523446,0,False,Wh,202
142825,20.0,2025-04-06T18:00:00+08:00,19523502,0,False,Wh,202
142825,20.0,2025-04-06T18:20:00+08:00,19524302,0,False,Wh,202
142825,20.0,2025-04-06T18:40:00+08:00,19524801,0,False,Wh,202
142825,20.0,2025-04-06T19:00:00+08:00,19524951,0,False,Wh,202
142825,20.0,2025-04-06T19:20:00+08:00,19525946,0,False,Wh,202
142825,20.0,2025-04-06T19:40:00+08:00,19526806,0,False,Wh,202
142825,20.0,2025-04-06T20:00:00+08:00,19527209,0,False,Wh,202
142825,20.0,2025-04-06T20:20:00+08:00,19527762,0,False,Wh,202
142825,20.0,2025-04-06T20:40:00+08:00,19527909,0,False,Wh,202
142825,20.0,2025-04-06T21:00:00+08:00,19528010,0,False,Wh,202
142825,20.0,2025-04-06T21:20:00+08:00,19528100,0,False,Wh,202
142825,20.0,2025-04-06T21:40:00+08:00,19528166,0,False,Wh,202
142825,20.0,2025-04-06T22:00:00+08:00,19528226,0,False,Wh,202
142825,20.0,2025-04-06T22:20:00+08:00,19528290,0,False,Wh,202
142825,20.0,2025-04-06T22:40:00+08:00,19528352,0,False,Wh,202
142825,20.0,2025-04-06T23:00:00+08:00,19528410,0,False,Wh,202
142825,20.0,2025-04-06T23:20:00+08:00,19528465,0,False,Wh,202
142825,20.0,2025-04-06T23:40:00+08:00,19528523,0,False,Wh,202
142825,20.0,2025-04-07T00:00:00+08:00,19528578,0,False,Wh,202
142825,20.0,2025-04-07T00:20:00+08:00,19528627,0,False,Wh,202
142825,20.0,2025-04-07T00:40:00+08:00,19528685,0,False,Wh,202
142825,20.0,2025-04-07T01:00:00+08:00,19528729,0,False,Wh,202
142825,20.0,2025-04-07T01:20:00+08:00,19528774,0,False,Wh,202
142825,20.0,2025-04-07T01:40:00+08:00,19528833,0,False,Wh,202
142825,20.0,2025-04-07T02:00:00+08:00,19528878,0,False,Wh,202
142825,20.0,2025-04-07T02:20:00+08:00,19528915,0,False,Wh,202
142825,20.0,2025-04-07T02:40:00+08:00,19528975,0,False,Wh,202
142825,20.0,2025-04-07T03:00:00+08:00,19529033,0,False,Wh,202
142825,20.0,2025-04-07T03:20:00+08:00,19529065,0,False,Wh,202
142825,20.0,2025-04-07T03:40:00+08:00,19529127,0,False,Wh,202
142825,20.0,2025-04-07T04:00:00+08:00,19529182,0,False,Wh,202
142825,20.0,2025-04-07T04:20:00+08:00,19529212,0,False,Wh,202
142825,20.0,2025-04-07T04:40:00+08:00,19529711,0,False,Wh,202
142825,20.0,2025-04-07T05:00:00+08:00,19529766,0,False,Wh,202
142825,20.0,2025-04-07T05:20:00+08:00,19529798,0,False,Wh,202
142825,20.0,2025-04-07T05:40:00+08:00,19529909,0,False,Wh,202
142825,20.0,2025-04-07T06:00:00+08:00,19530090,0,False,Wh,202
142825,20.0,2025-04-07T06:20:00+08:00,19530225,0,False,Wh,202
142825,20.0,2025-04-07T06:40:00+08:00,19530284,0,False,Wh,202
142825,20.0,2025-04-07T07:00:00+08:00,19530339,0,False,Wh,202
142825,20.0,2025-04-07T07:20:00+08:00,19530388,0,False,Wh,202
142825,20.0,2025-04-07T07:40:00+08:00,19530441,0,False,Wh,202
142825,20.0,2025-04-07T08:00:00+08:00,19530473,0,False,Wh,202
142825,20.0,2025-04-07T08:20:00+08:00,19530509,0,False,Wh,202
142825,20.0,2025-04-07T08:40:00+08:00,19530564,0,False,Wh,202
142825,20.0,2025-04-07T09:00:00+08:00,19530613,0,False,Wh,202
142825,20.0,2025-04-07T09:20:00+08:00,19530658,0,False,Wh,202
142825,20.0,2025-04-07T09:40:00+08:00,19530703,0,False,Wh,202
142825,20.0,2025-04-07T10:00:00+08:00,19530717,0,False,Wh,202
142825,20.0,2025-04-07T10:20:00+08:00,19530763,0,False,Wh,202
142825,20.0,2025-04-07T10:40:00+08:00,19530806,0,False,Wh,202
142825,20.0,2025-04-07T11:00:00+08:00,19530827,0,False,Wh,202
142825,20.0,2025-04-07T11:20:00+08:00,19530866,0,False,Wh,202
142825,20.0,2025-04-07T11:40:00+08:00,19530894,0,False,Wh,202
142825,20.0,2025-04-07T12:00:00+08:00,19530909,0,False,Wh,202
142825,20.0,2025-04-07T12:20:00+08:00,19530934,0,False,Wh,202
142825,20.0,2025-04-07T12:40:00+08:00,19530962,0,False,Wh,202
142825,20.0,2025-04-07T13:00:00+08:00,19530992,0,False,Wh,202
142825,20.0,2025-04-07T13:20:00+08:00,19531008,0,False,Wh,202
142825,20.0,2025-04-07T13:40:00+08:00,19531026,0,False,Wh,202
142825,20.0,2025-04-07T14:00:00+08:00,19531057,0,False,Wh,202
142825,20.0,2025-04-07T14:20:00+08:00,19531086,0,False,Wh,202
142825,20.0,2025-04-07T14:40:00+08:00,19531179,0,False,Wh,202
142825,20.0,2025-04-07T15:00:00+08:00,19531645,0,False,Wh,202
142825,20.0,2025-04-07T15:20:00+08:00,19531708,0,False,Wh,202
142825,20.0,2025-04-07T15:40:00+08:00,19531814,0,False,Wh,202
142825,20.0,2025-04-07T16:00:00+08:00,19532221,0,False,Wh,202
142825,20.0,2025-04-07T16:20:00+08:00,19532252,0,False,Wh,202
142825,20.0,2025-04-07T16:40:00+08:00,19532596,0,False,Wh,202
142825,20.0,2025-04-07T17:00:00+08:00,19533266,0,False,Wh,202
142825,20.0,2025-04-07T17:20:00+08:00,19533680,0,False,Wh,202
142825,20.0,2025-04-07T17:40:00+08:00,19534056,0,False,Wh,202
142825,20.0,2025-04-07T18:00:00+08:00,19534412,0,False,Wh,202
142825,20.0,2025-04-07T18:20:00+08:00,19534542,0,False,Wh,202
142825,20.0,2025-04-07T18:40:00+08:00,19535471,0,False,Wh,202
142825,20.0,2025-04-07T19:00:00+08:00,19535960,0,False,Wh,202
142825,20.0,2025-04-07T19:20:00+08:00,19536058,0,False,Wh,202
142825,20.0,2025-04-07T19:40:00+08:00,19536215,0,False,Wh,202
142825,20.0,2025-04-07T20:00:00+08:00,19536399,0,False,Wh,202
142825,20.0,2025-04-07T20:20:00+08:00,19536594,0,False,Wh,202
142825,20.0,2025-04-07T20:40:00+08:00,19537014,0,False,Wh,202
142825,20.0,2025-04-07T21:00:00+08:00,19537335,0,False,Wh,202
142825,20.0,2025-04-07T21:20:00+08:00,19537417,0,False,Wh,202
142825,20.0,2025-04-07T21:40:00+08:00,19537494,0,False,Wh,202
142825,20.0,2025-04-07T22:00:00+08:00,19537528,0,False,Wh,202
142825,20.0,2025-04-07T22:20:00+08:00,19537580,0,False,Wh,202
142825,20.0,2025-04-07T22:40:00+08:00,19537640,0,False,Wh,202
142825,20.0,2025-04-07T23:00:00+08:00,19537688,0,False,Wh,202
142825,20.0,2025-04-07T23:20:00+08:00,19537749,0,False,Wh,202
142825,20.0,2025-04-07T23:40:00+08:00,19537795,0,False,Wh,202
142825,20.0,2025-04-08T00:00:00+08:00,19537838,0,False,Wh,202
