meterUid,interval,timeStamp,import,export,isEstimate,energyUnit,display_name
142812,15,2025-01-29T00:15:00+08:00,130259481,35004975,FALSE,Wh,Grid meter
142812,15,2025-01-29T00:30:00+08:00,130259481,35004975,FALSE,Wh,Grid meter
142812,15,2025-01-29T00:45:00+08:00,130260072,35004975,FALSE,Wh,Grid meter
142812,15,2025-01-29T01:00:00+08:00,130260572,35004975,FALSE,Wh,Grid meter
142812,15,2025-01-29T01:15:00+08:00,130261036,35004975,FALSE,Wh,Grid meter
142812,15,2025-01-29T01:30:00+08:00,130261413,35004975,FALSE,Wh,Grid meter
142812,15,2025-01-29T01:45:00+08:00,130261810,35004975,FALSE,Wh,Grid meter
142812,15,2025-01-29T02:00:00+08:00,130262166,35004975,FALSE,Wh,Grid meter
142812,15,2025-01-29T02:15:00+08:00,130262463,35004975,FALSE,Wh,Grid meter
142812,15,2025-01-29T02:30:00+08:00,130262777,35004975,FALSE,Wh,Grid meter
142812,15,2025-01-29T02:45:00+08:00,130263073,35004975,FALSE,Wh,Grid meter
142812,15,2025-01-29T03:00:00+08:00,130263247,35004975,FALSE,Wh,Grid meter
142812,15,2025-01-29T03:15:00+08:00,130263445,35004975,FALSE,Wh,Grid meter
142812,15,2025-01-29T03:30:00+08:00,130263614,35004975,FALSE,Wh,Grid meter
142812,15,2025-01-29T03:45:00+08:00,130263721,35004990,FALSE,Wh,Grid meter
142812,15,2025-01-29T04:00:00+08:00,130263725,35005003,FALSE,Wh,Grid meter
142812,15,2025-01-29T04:15:00+08:00,130263792,35005006,FALSE,Wh,Grid meter
142812,15,2025-01-29T04:30:00+08:00,130263982,35005006,FALSE,Wh,Grid meter
142812,15,2025-01-29T04:45:00+08:00,130264148,35005006,FALSE,Wh,Grid meter
142812,15,2025-01-29T05:00:00+08:00,130264712,35005006,FALSE,Wh,Grid meter
142812,15,2025-01-29T05:15:00+08:00,130266201,35005006,FALSE,Wh,Grid meter
142812,15,2025-01-29T05:30:00+08:00,130267764,35005006,FALSE,Wh,Grid meter
142812,15,2025-01-29T05:45:00+08:00,130268670,35005006,FALSE,Wh,Grid meter
142812,15,2025-01-29T06:00:00+08:00,130270016,35005006,FALSE,Wh,Grid meter
142812,15,2025-01-29T06:15:00+08:00,130271532,35005006,FALSE,Wh,Grid meter
142812,15,2025-01-29T06:30:00+08:00,130272033,35005006,FALSE,Wh,Grid meter
142812,15,2025-01-29T06:45:00+08:00,130272304,35005006,FALSE,Wh,Grid meter
142812,15,2025-01-29T07:00:00+08:00,130272443,35005013,FALSE,Wh,Grid meter
142812,15,2025-01-29T07:15:00+08:00,130272461,35005038,FALSE,Wh,Grid meter
142812,15,2025-01-29T07:30:00+08:00,130272500,35005069,FALSE,Wh,Grid meter
142812,15,2025-01-29T07:45:00+08:00,130272514,35005142,FALSE,Wh,Grid meter
142812,15,2025-01-29T08:00:00+08:00,130272528,35005214,FALSE,Wh,Grid meter
142812,15,2025-01-29T08:15:00+08:00,130272543,35005261,FALSE,Wh,Grid meter
142812,15,2025-01-29T08:30:00+08:00,130272557,35005308,FALSE,Wh,Grid meter
142812,15,2025-01-29T08:45:00+08:00,130272578,35005514,FALSE,Wh,Grid meter
142812,15,2025-01-29T09:00:00+08:00,130272604,35005614,FALSE,Wh,Grid meter
142812,15,2025-01-29T09:15:00+08:00,130272641,35005980,FALSE,Wh,Grid meter
142812,15,2025-01-29T09:30:00+08:00,130272802,35006087,FALSE,Wh,Grid meter
142812,15,2025-01-29T09:45:00+08:00,130272808,35006430,FALSE,Wh,Grid meter
142812,15,2025-01-29T10:00:00+08:00,130272809,35007040,FALSE,Wh,Grid meter
142812,15,2025-01-29T10:15:00+08:00,130272819,35007370,FALSE,Wh,Grid meter
142812,15,2025-01-29T10:30:00+08:00,130272830,35007886,FALSE,Wh,Grid meter
142812,15,2025-01-29T10:45:00+08:00,130272842,35008304,FALSE,Wh,Grid meter
142812,15,2025-01-29T11:00:00+08:00,130272853,35008722,FALSE,Wh,Grid meter
142812,15,2025-01-29T11:15:00+08:00,130272864,35009012,FALSE,Wh,Grid meter
142812,15,2025-01-29T11:30:00+08:00,130272876,35009302,FALSE,Wh,Grid meter
142812,15,2025-01-29T11:45:00+08:00,130272897,35009733,FALSE,Wh,Grid meter
142812,15,2025-01-29T12:00:00+08:00,130272917,35010532,FALSE,Wh,Grid meter
142812,15,2025-01-29T12:15:00+08:00,130272917,35012018,FALSE,Wh,Grid meter
142812,15,2025-01-29T12:30:00+08:00,130272917,35013254,FALSE,Wh,Grid meter
142812,15,2025-01-29T12:45:00+08:00,130272917,35014569,FALSE,Wh,Grid meter
142812,15,2025-01-29T13:00:00+08:00,130272917,35016074,FALSE,Wh,Grid meter
142812,15,2025-01-29T13:15:00+08:00,130272917,35017578,FALSE,Wh,Grid meter
142812,15,2025-01-29T13:30:00+08:00,130272917,35018448,FALSE,Wh,Grid meter
142812,15,2025-01-29T13:45:00+08:00,130272917,35019867,FALSE,Wh,Grid meter
142812,15,2025-01-29T14:00:00+08:00,130272917,35021242,FALSE,Wh,Grid meter
142812,15,2025-01-29T14:15:00+08:00,130272917,35022474,FALSE,Wh,Grid meter
142812,15,2025-01-29T14:30:00+08:00,130272917,35023624,FALSE,Wh,Grid meter
142812,15,2025-01-29T14:45:00+08:00,130272917,35024655,FALSE,Wh,Grid meter
142812,15,2025-01-29T15:00:00+08:00,130272993,35024976,FALSE,Wh,Grid meter
142812,15,2025-01-29T15:15:00+08:00,130273259,35025011,FALSE,Wh,Grid meter
142812,15,2025-01-29T15:30:00+08:00,130273364,35025095,FALSE,Wh,Grid meter
142812,15,2025-01-29T15:45:00+08:00,130274052,35025096,FALSE,Wh,Grid meter
142812,15,2025-01-29T16:00:00+08:00,130274128,35025096,FALSE,Wh,Grid meter
142812,15,2025-01-29T16:15:00+08:00,130274587,35025096,FALSE,Wh,Grid meter
142812,15,2025-01-29T16:30:00+08:00,130274920,35025096,FALSE,Wh,Grid meter
142812,15,2025-01-29T16:45:00+08:00,130275716,35025096,FALSE,Wh,Grid meter
142812,15,2025-01-29T17:00:00+08:00,130277461,35025096,FALSE,Wh,Grid meter
142812,15,2025-01-29T17:15:00+08:00,130278587,35025096,FALSE,Wh,Grid meter
142812,15,2025-01-29T17:30:00+08:00,130280951,35025096,FALSE,Wh,Grid meter
142812,15,2025-01-29T17:45:00+08:00,130283059,35025096,FALSE,Wh,Grid meter
142812,15,2025-01-29T18:00:00+08:00,130285732,35025096,FALSE,Wh,Grid meter
142812,15,2025-01-29T18:15:00+08:00,130287892,35025096,FALSE,Wh,Grid meter
142812,15,2025-01-29T18:30:00+08:00,130289983,35025096,FALSE,Wh,Grid meter
142812,15,2025-01-29T18:45:00+08:00,130292841,35025096,FALSE,Wh,Grid meter
142812,15,2025-01-29T19:00:00+08:00,130295482,35025096,FALSE,Wh,Grid meter
142812,15,2025-01-29T19:15:00+08:00,130299890,35025096,FALSE,Wh,Grid meter
142812,15,2025-01-29T19:30:00+08:00,130302838,35025096,FALSE,Wh,Grid meter
142812,15,2025-01-29T19:45:00+08:00,130306203,35025096,FALSE,Wh,Grid meter
142812,15,2025-01-29T20:00:00+08:00,130309549,35025096,FALSE,Wh,Grid meter
142812,15,2025-01-29T20:15:00+08:00,130312420,35025096,FALSE,Wh,Grid meter
142812,15,2025-01-29T20:30:00+08:00,130315388,35025096,FALSE,Wh,Grid meter
142812,15,2025-01-29T20:45:00+08:00,130318108,35025096,FALSE,Wh,Grid meter
142812,15,2025-01-29T21:00:00+08:00,130320828,35025096,FALSE,Wh,Grid meter
142812,15,2025-01-29T21:15:00+08:00,130323549,35025096,FALSE,Wh,Grid meter
142812,15,2025-01-29T21:30:00+08:00,130326269,35025096,FALSE,Wh,Grid meter
142812,15,2025-01-29T21:45:00+08:00,130329029,35025096,FALSE,Wh,Grid meter
142812,15,2025-01-29T22:00:00+08:00,130331292,35025096,FALSE,Wh,Grid meter
142812,15,2025-01-29T22:15:00+08:00,130333050,35025096,FALSE,Wh,Grid meter
142812,15,2025-01-29T22:30:00+08:00,130334375,35025096,FALSE,Wh,Grid meter
142812,15,2025-01-29T22:45:00+08:00,130335599,35025096,FALSE,Wh,Grid meter
142812,15,2025-01-29T23:00:00+08:00,130336581,35025096,FALSE,Wh,Grid meter
142812,15,2025-01-29T23:15:00+08:00,130337437,35025096,FALSE,Wh,Grid meter
142812,15,2025-01-29T23:30:00+08:00,130338244,35025096,FALSE,Wh,Grid meter
142812,15,2025-01-29T23:45:00+08:00,130338823,35025096,FALSE,Wh,Grid meter
142812,15,2025-01-30T00:00:00+08:00,130339338,35025096,FALSE,Wh,Grid meter
142812,15,2025-01-30T00:15:00+08:00,130340005,35025096,FALSE,Wh,Grid meter
142812,15,2025-01-30T00:30:00+08:00,130340865,35025096,FALSE,Wh,Grid meter
142812,15,2025-01-30T00:45:00+08:00,130341398,35025096,FALSE,Wh,Grid meter
142812,15,2025-01-30T01:00:00+08:00,130341932,35025096,FALSE,Wh,Grid meter
142812,15,2025-01-30T01:15:00+08:00,130342465,35025096,FALSE,Wh,Grid meter
142812,15,2025-01-30T01:30:00+08:00,130342998,35025096,FALSE,Wh,Grid meter
142812,15,2025-01-30T01:45:00+08:00,130343502,35025096,FALSE,Wh,Grid meter
142812,15,2025-01-30T02:00:00+08:00,130343883,35025096,FALSE,Wh,Grid meter
142812,15,2025-01-30T02:15:00+08:00,130344204,35025096,FALSE,Wh,Grid meter
142812,15,2025-01-30T02:30:00+08:00,130344579,35025096,FALSE,Wh,Grid meter
142812,15,2025-01-30T02:45:00+08:00,130345257,35025096,FALSE,Wh,Grid meter
142812,15,2025-01-30T03:00:00+08:00,130345321,35025114,FALSE,Wh,Grid meter
142812,15,2025-01-30T03:15:00+08:00,130345754,35025115,FALSE,Wh,Grid meter
142812,15,2025-01-30T03:30:00+08:00,130345815,35025115,FALSE,Wh,Grid meter
142812,15,2025-01-30T03:45:00+08:00,130346188,35025115,FALSE,Wh,Grid meter
142812,15,2025-01-30T04:00:00+08:00,130346543,35025115,FALSE,Wh,Grid meter
142812,15,2025-01-30T04:15:00+08:00,130347538,35025115,FALSE,Wh,Grid meter
142812,15,2025-01-30T04:30:00+08:00,130348676,35025115,FALSE,Wh,Grid meter
142812,15,2025-01-30T04:45:00+08:00,130349842,35025115,FALSE,Wh,Grid meter
142812,15,2025-01-30T05:00:00+08:00,130350305,35025115,FALSE,Wh,Grid meter
142812,15,2025-01-30T05:15:00+08:00,130350750,35025115,FALSE,Wh,Grid meter
142812,15,2025-01-30T05:30:00+08:00,130351122,35025115,FALSE,Wh,Grid meter
142812,15,2025-01-30T05:45:00+08:00,130351502,35025115,FALSE,Wh,Grid meter
142812,15,2025-01-30T06:00:00+08:00,130351852,35025115,FALSE,Wh,Grid meter
142812,15,2025-01-30T06:15:00+08:00,130352601,35025115,FALSE,Wh,Grid meter
142812,15,2025-01-30T06:30:00+08:00,130353772,35025115,FALSE,Wh,Grid meter
142812,15,2025-01-30T06:45:00+08:00,130354312,35025115,FALSE,Wh,Grid meter
142812,15,2025-01-30T07:00:00+08:00,130354851,35025115,FALSE,Wh,Grid meter
142812,15,2025-01-30T07:15:00+08:00,130355390,35025126,FALSE,Wh,Grid meter
142812,15,2025-01-30T07:30:00+08:00,130355930,35025136,FALSE,Wh,Grid meter
142812,15,2025-01-30T07:45:00+08:00,130355933,35025147,FALSE,Wh,Grid meter
142812,15,2025-01-30T08:00:00+08:00,130355938,35025159,FALSE,Wh,Grid meter
142812,15,2025-01-30T08:15:00+08:00,130355949,35025169,FALSE,Wh,Grid meter
142812,15,2025-01-30T08:30:00+08:00,130355979,35025292,FALSE,Wh,Grid meter
142812,15,2025-01-30T08:45:00+08:00,130356023,35025396,FALSE,Wh,Grid meter
142812,15,2025-01-30T09:00:00+08:00,130356068,35025499,FALSE,Wh,Grid meter
142812,15,2025-01-30T09:15:00+08:00,130356112,35025566,FALSE,Wh,Grid meter
142812,15,2025-01-30T09:30:00+08:00,130356156,35025633,FALSE,Wh,Grid meter
142812,15,2025-01-30T09:45:00+08:00,130356195,35025664,FALSE,Wh,Grid meter
142812,15,2025-01-30T10:00:00+08:00,130356221,35025878,FALSE,Wh,Grid meter
142812,15,2025-01-30T10:15:00+08:00,130356229,35025959,FALSE,Wh,Grid meter
142812,15,2025-01-30T10:30:00+08:00,130356260,35026116,FALSE,Wh,Grid meter
142812,15,2025-01-30T10:45:00+08:00,130356261,35026510,FALSE,Wh,Grid meter
142812,15,2025-01-30T11:00:00+08:00,130356262,35027087,FALSE,Wh,Grid meter
142812,15,2025-01-30T11:15:00+08:00,130356277,35027366,FALSE,Wh,Grid meter
142812,15,2025-01-30T11:30:00+08:00,130356304,35027636,FALSE,Wh,Grid meter
142812,15,2025-01-30T11:45:00+08:00,130356315,35027860,FALSE,Wh,Grid meter
142812,15,2025-01-30T12:00:00+08:00,130356316,35028538,FALSE,Wh,Grid meter
142812,15,2025-01-30T12:15:00+08:00,130356316,35028992,FALSE,Wh,Grid meter
142812,15,2025-01-30T12:30:00+08:00,130356476,35029287,FALSE,Wh,Grid meter
142812,15,2025-01-30T12:45:00+08:00,130356671,35029483,FALSE,Wh,Grid meter
142812,15,2025-01-30T13:00:00+08:00,130356866,35029679,FALSE,Wh,Grid meter
142812,15,2025-01-30T13:15:00+08:00,130357062,35029940,FALSE,Wh,Grid meter
142812,15,2025-01-30T13:30:00+08:00,130357257,35030201,FALSE,Wh,Grid meter
142812,15,2025-01-30T13:45:00+08:00,130357612,35030286,FALSE,Wh,Grid meter
142812,15,2025-01-30T14:00:00+08:00,130357967,35030372,FALSE,Wh,Grid meter
142812,15,2025-01-30T14:15:00+08:00,130358322,35030384,FALSE,Wh,Grid meter
142812,15,2025-01-30T14:30:00+08:00,130358677,35030396,FALSE,Wh,Grid meter
142812,15,2025-01-30T14:45:00+08:00,130359242,35030396,FALSE,Wh,Grid meter
142812,15,2025-01-30T15:00:00+08:00,130359746,35030396,FALSE,Wh,Grid meter
142812,15,2025-01-30T15:15:00+08:00,130360075,35030396,FALSE,Wh,Grid meter
142812,15,2025-01-30T15:30:00+08:00,130360431,35030396,FALSE,Wh,Grid meter
142812,15,2025-01-30T15:45:00+08:00,130360617,35030396,FALSE,Wh,Grid meter
142812,15,2025-01-30T16:00:00+08:00,130361739,35030396,FALSE,Wh,Grid meter
142812,15,2025-01-30T16:15:00+08:00,130364208,35030396,FALSE,Wh,Grid meter
142812,15,2025-01-30T16:30:00+08:00,130366885,35030396,FALSE,Wh,Grid meter
142812,15,2025-01-30T16:45:00+08:00,130368916,35030396,FALSE,Wh,Grid meter
142812,15,2025-01-30T17:00:00+08:00,130370948,35030396,FALSE,Wh,Grid meter
142812,15,2025-01-30T17:15:00+08:00,130372979,35030396,FALSE,Wh,Grid meter
142812,15,2025-01-30T17:30:00+08:00,130375010,35030396,FALSE,Wh,Grid meter
142812,15,2025-01-30T17:45:00+08:00,130378219,35030396,FALSE,Wh,Grid meter
142812,15,2025-01-30T18:00:00+08:00,130382351,35030396,FALSE,Wh,Grid meter
142812,15,2025-01-30T18:15:00+08:00,130386325,35030396,FALSE,Wh,Grid meter
142812,15,2025-01-30T18:30:00+08:00,130390327,35030396,FALSE,Wh,Grid meter
142812,15,2025-01-30T18:45:00+08:00,130393543,35030396,FALSE,Wh,Grid meter
142812,15,2025-01-30T19:00:00+08:00,130396759,35030396,FALSE,Wh,Grid meter
142812,15,2025-01-30T19:15:00+08:00,130399975,35030396,FALSE,Wh,Grid meter
142812,15,2025-01-30T19:30:00+08:00,130403191,35030396,FALSE,Wh,Grid meter
142812,15,2025-01-30T19:45:00+08:00,130406407,35030396,FALSE,Wh,Grid meter
142812,15,2025-01-30T20:00:00+08:00,130409623,35030396,FALSE,Wh,Grid meter
142812,15,2025-01-30T20:15:00+08:00,130412339,35030396,FALSE,Wh,Grid meter
142812,15,2025-01-30T20:30:00+08:00,130414946,35030396,FALSE,Wh,Grid meter
142812,15,2025-01-30T20:45:00+08:00,130417922,35030396,FALSE,Wh,Grid meter
142812,15,2025-01-30T21:00:00+08:00,130420842,35030396,FALSE,Wh,Grid meter
142812,15,2025-01-30T21:15:00+08:00,130423884,35030396,FALSE,Wh,Grid meter
142812,15,2025-01-30T21:30:00+08:00,130425565,35030396,FALSE,Wh,Grid meter
142812,15,2025-01-30T21:45:00+08:00,130427118,35030396,FALSE,Wh,Grid meter
142812,15,2025-01-30T22:00:00+08:00,130428729,35030396,FALSE,Wh,Grid meter
142812,15,2025-01-30T22:15:00+08:00,130430749,35030396,FALSE,Wh,Grid meter
142812,15,2025-01-30T22:30:00+08:00,130432870,35030396,FALSE,Wh,Grid meter
142812,15,2025-01-30T22:45:00+08:00,130434105,35030396,FALSE,Wh,Grid meter
142812,15,2025-01-30T23:00:00+08:00,130435090,35030396,FALSE,Wh,Grid meter
142812,15,2025-01-30T23:15:00+08:00,130436072,35030396,FALSE,Wh,Grid meter
142812,15,2025-01-30T23:30:00+08:00,130437170,35030396,FALSE,Wh,Grid meter
142812,15,2025-01-30T23:45:00+08:00,130438122,35030396,FALSE,Wh,Grid meter
142812,15,2025-01-31T00:00:00+08:00,130438854,35030396,FALSE,Wh,Grid meter
142812,15,2025-01-31T00:15:00+08:00,130439683,35030396,FALSE,Wh,Grid meter
142812,15,2025-01-31T00:30:00+08:00,130440400,35030396,FALSE,Wh,Grid meter
142812,15,2025-01-31T00:45:00+08:00,130440856,35030396,FALSE,Wh,Grid meter
142812,15,2025-01-31T01:00:00+08:00,130442117,35030396,FALSE,Wh,Grid meter
142812,15,2025-01-31T01:15:00+08:00,130442670,35030396,FALSE,Wh,Grid meter
142812,15,2025-01-31T01:30:00+08:00,130443261,35030396,FALSE,Wh,Grid meter
142812,15,2025-01-31T01:45:00+08:00,130444132,35030396,FALSE,Wh,Grid meter
142812,15,2025-01-31T02:00:00+08:00,130444460,35030396,FALSE,Wh,Grid meter
142812,15,2025-01-31T02:15:00+08:00,130444783,35030396,FALSE,Wh,Grid meter
142812,15,2025-01-31T02:30:00+08:00,130445522,35030396,FALSE,Wh,Grid meter
142812,15,2025-01-31T02:45:00+08:00,130446053,35030396,FALSE,Wh,Grid meter
142812,15,2025-01-31T03:00:00+08:00,130446529,35030396,FALSE,Wh,Grid meter
142812,15,2025-01-31T03:15:00+08:00,130446958,35030396,FALSE,Wh,Grid meter
142812,15,2025-01-31T03:30:00+08:00,130447454,35030396,FALSE,Wh,Grid meter
142812,15,2025-01-31T03:45:00+08:00,130448120,35030396,FALSE,Wh,Grid meter
142812,15,2025-01-31T04:00:00+08:00,130448785,35030396,FALSE,Wh,Grid meter
142812,15,2025-01-31T04:15:00+08:00,130449450,35030396,FALSE,Wh,Grid meter
142812,15,2025-01-31T04:30:00+08:00,130450116,35030396,FALSE,Wh,Grid meter
142812,15,2025-01-31T04:45:00+08:00,130451127,35030396,FALSE,Wh,Grid meter
142812,15,2025-01-31T05:00:00+08:00,130452908,35030396,FALSE,Wh,Grid meter
142812,15,2025-01-31T05:15:00+08:00,130453884,35030396,FALSE,Wh,Grid meter
142812,15,2025-01-31T05:30:00+08:00,130454570,35030396,FALSE,Wh,Grid meter
142812,15,2025-01-31T05:45:00+08:00,130455837,35030396,FALSE,Wh,Grid meter
142812,15,2025-01-31T06:00:00+08:00,130457659,35030396,FALSE,Wh,Grid meter
142812,15,2025-01-31T06:15:00+08:00,130458824,35030396,FALSE,Wh,Grid meter
142812,15,2025-01-31T06:30:00+08:00,130460037,35030396,FALSE,Wh,Grid meter
142812,15,2025-01-31T06:45:00+08:00,130462300,35030396,FALSE,Wh,Grid meter
142812,15,2025-01-31T07:00:00+08:00,130463410,35030396,FALSE,Wh,Grid meter
142812,15,2025-01-31T07:15:00+08:00,130463846,35030396,FALSE,Wh,Grid meter
142812,15,2025-01-31T07:30:00+08:00,130464639,35030396,FALSE,Wh,Grid meter
142812,15,2025-01-31T07:45:00+08:00,130465061,35030396,FALSE,Wh,Grid meter
142812,15,2025-01-31T08:00:00+08:00,130465635,35030396,FALSE,Wh,Grid meter
142812,15,2025-01-31T08:15:00+08:00,130465696,35030417,FALSE,Wh,Grid meter
142812,15,2025-01-31T08:30:00+08:00,130465791,35030445,FALSE,Wh,Grid meter
142812,15,2025-01-31T08:45:00+08:00,130465825,35030594,FALSE,Wh,Grid meter
142812,15,2025-01-31T09:00:00+08:00,130465860,35030742,FALSE,Wh,Grid meter
142812,15,2025-01-31T09:15:00+08:00,130465894,35030764,FALSE,Wh,Grid meter
142812,15,2025-01-31T09:30:00+08:00,130465928,35030785,FALSE,Wh,Grid meter
142812,15,2025-01-31T09:45:00+08:00,130465960,35030810,FALSE,Wh,Grid meter
142812,15,2025-01-31T10:00:00+08:00,130465991,35030834,FALSE,Wh,Grid meter
142812,15,2025-01-31T10:15:00+08:00,130466022,35030930,FALSE,Wh,Grid meter
142812,15,2025-01-31T10:30:00+08:00,130466054,35031026,FALSE,Wh,Grid meter
142812,15,2025-01-31T10:45:00+08:00,130466088,35031083,FALSE,Wh,Grid meter
142812,15,2025-01-31T11:00:00+08:00,130466128,35031204,FALSE,Wh,Grid meter
142812,15,2025-01-31T11:15:00+08:00,130466213,35031299,FALSE,Wh,Grid meter
142812,15,2025-01-31T11:30:00+08:00,130466275,35031496,FALSE,Wh,Grid meter
142812,15,2025-01-31T11:45:00+08:00,130466302,35031534,FALSE,Wh,Grid meter
142812,15,2025-01-31T12:00:00+08:00,130466319,35031581,FALSE,Wh,Grid meter
142812,15,2025-01-31T12:15:00+08:00,130466325,35031614,FALSE,Wh,Grid meter
142812,15,2025-01-31T12:30:00+08:00,130466338,35031710,FALSE,Wh,Grid meter
142812,15,2025-01-31T12:45:00+08:00,130466345,35031820,FALSE,Wh,Grid meter
142812,15,2025-01-31T13:00:00+08:00,130466370,35031934,FALSE,Wh,Grid meter
142812,15,2025-01-31T13:15:00+08:00,130466383,35031975,FALSE,Wh,Grid meter
142812,15,2025-01-31T13:30:00+08:00,130466393,35032009,FALSE,Wh,Grid meter
142812,15,2025-01-31T13:45:00+08:00,130466485,35032036,FALSE,Wh,Grid meter
142812,15,2025-01-31T14:00:00+08:00,130466739,35032113,FALSE,Wh,Grid meter
142812,15,2025-01-31T14:15:00+08:00,130467028,35032125,FALSE,Wh,Grid meter
142812,15,2025-01-31T14:30:00+08:00,130467075,35032183,FALSE,Wh,Grid meter
142812,15,2025-01-31T14:45:00+08:00,130467824,35032209,FALSE,Wh,Grid meter
142812,15,2025-01-31T15:00:00+08:00,130469160,35032209,FALSE,Wh,Grid meter
142812,15,2025-01-31T15:15:00+08:00,130469356,35032256,FALSE,Wh,Grid meter
142812,15,2025-01-31T15:30:00+08:00,130469524,35032325,FALSE,Wh,Grid meter
142812,15,2025-01-31T15:45:00+08:00,130469920,35032362,FALSE,Wh,Grid meter
142812,15,2025-01-31T16:00:00+08:00,130470593,35032362,FALSE,Wh,Grid meter
142812,15,2025-01-31T16:15:00+08:00,130471103,35032362,FALSE,Wh,Grid meter
142812,15,2025-01-31T16:30:00+08:00,130471918,35032362,FALSE,Wh,Grid meter
142812,15,2025-01-31T16:45:00+08:00,130473357,35032362,FALSE,Wh,Grid meter
142812,15,2025-01-31T17:00:00+08:00,130474564,35032362,FALSE,Wh,Grid meter
142812,15,2025-01-31T17:15:00+08:00,130475718,35032362,FALSE,Wh,Grid meter
142812,15,2025-01-31T17:30:00+08:00,130477487,35032362,FALSE,Wh,Grid meter
142812,15,2025-01-31T17:45:00+08:00,130480679,35032362,FALSE,Wh,Grid meter
142812,15,2025-01-31T18:00:00+08:00,130482885,35032362,FALSE,Wh,Grid meter
142812,15,2025-01-31T18:15:00+08:00,130485211,35032362,FALSE,Wh,Grid meter
142812,15,2025-01-31T18:30:00+08:00,130487577,35032362,FALSE,Wh,Grid meter
142812,15,2025-01-31T18:45:00+08:00,130489942,35032362,FALSE,Wh,Grid meter
142812,15,2025-01-31T19:00:00+08:00,130492308,35032362,FALSE,Wh,Grid meter
142812,15,2025-01-31T19:15:00+08:00,130495027,35032362,FALSE,Wh,Grid meter
142812,15,2025-01-31T19:30:00+08:00,130497548,35032362,FALSE,Wh,Grid meter
142812,15,2025-01-31T19:45:00+08:00,130500368,35032362,FALSE,Wh,Grid meter
142812,15,2025-01-31T20:00:00+08:00,130502445,35032362,FALSE,Wh,Grid meter
142812,15,2025-01-31T20:15:00+08:00,130504433,35032362,FALSE,Wh,Grid meter
142812,15,2025-01-31T20:30:00+08:00,130506442,35032362,FALSE,Wh,Grid meter
142812,15,2025-01-31T20:45:00+08:00,130508000,35032362,FALSE,Wh,Grid meter
142812,15,2025-01-31T21:00:00+08:00,130509612,35032362,FALSE,Wh,Grid meter
142812,15,2025-01-31T21:15:00+08:00,130512208,35032362,FALSE,Wh,Grid meter
142812,15,2025-01-31T21:30:00+08:00,130514020,35032362,FALSE,Wh,Grid meter
142812,15,2025-01-31T21:45:00+08:00,130515383,35032362,FALSE,Wh,Grid meter
142812,15,2025-01-31T22:00:00+08:00,130517154,35032362,FALSE,Wh,Grid meter
142812,15,2025-01-31T22:15:00+08:00,130519177,35032362,FALSE,Wh,Grid meter
142812,15,2025-01-31T22:30:00+08:00,130520874,35032362,FALSE,Wh,Grid meter
142812,15,2025-01-31T22:45:00+08:00,130522470,35032362,FALSE,Wh,Grid meter
142812,15,2025-01-31T23:00:00+08:00,130523750,35032362,FALSE,Wh,Grid meter
142812,15,2025-01-31T23:15:00+08:00,130525082,35032362,FALSE,Wh,Grid meter
142812,15,2025-01-31T23:30:00+08:00,130527417,35032362,FALSE,Wh,Grid meter
142812,15,2025-01-31T23:45:00+08:00,130528708,35032362,FALSE,Wh,Grid meter
142812,15,2025-02-01T00:00:00+08:00,130530009,35032362,FALSE,Wh,Grid meter
142812,15,2025-02-01T00:15:00+08:00,130531145,35032362,FALSE,Wh,Grid meter
142812,15,2025-02-01T00:30:00+08:00,130532348,35032362,FALSE,Wh,Grid meter
142812,15,2025-02-01T00:45:00+08:00,130533552,35032362,FALSE,Wh,Grid meter
142812,15,2025-02-01T01:00:00+08:00,130534755,35032362,FALSE,Wh,Grid meter
142812,15,2025-02-01T01:15:00+08:00,130535959,35032362,FALSE,Wh,Grid meter
142812,15,2025-02-01T01:30:00+08:00,130537162,35032362,FALSE,Wh,Grid meter
142812,15,2025-02-01T01:45:00+08:00,130538299,35032362,FALSE,Wh,Grid meter
142812,15,2025-02-01T02:00:00+08:00,130539436,35032362,FALSE,Wh,Grid meter
142812,15,2025-02-01T02:15:00+08:00,130540573,35032362,FALSE,Wh,Grid meter
142812,15,2025-02-01T02:30:00+08:00,130541710,35032362,FALSE,Wh,Grid meter
142812,15,2025-02-01T02:45:00+08:00,130542847,35032362,FALSE,Wh,Grid meter
142812,15,2025-02-01T03:00:00+08:00,130543984,35032362,FALSE,Wh,Grid meter
142812,15,2025-02-01T03:15:00+08:00,130545121,35032362,FALSE,Wh,Grid meter
142812,15,2025-02-01T03:30:00+08:00,130546258,35032362,FALSE,Wh,Grid meter
142812,15,2025-02-01T03:45:00+08:00,130547070,35032362,FALSE,Wh,Grid meter
142812,15,2025-02-01T04:00:00+08:00,130547929,35032362,FALSE,Wh,Grid meter
142812,15,2025-02-01T04:15:00+08:00,130548673,35032362,FALSE,Wh,Grid meter
142812,15,2025-02-01T04:30:00+08:00,130549451,35032362,FALSE,Wh,Grid meter
142812,15,2025-02-01T04:45:00+08:00,130550155,35032362,FALSE,Wh,Grid meter
142812,15,2025-02-01T05:00:00+08:00,130551608,35032362,FALSE,Wh,Grid meter
142812,15,2025-02-01T05:15:00+08:00,130552603,35032362,FALSE,Wh,Grid meter
142812,15,2025-02-01T05:30:00+08:00,130553507,35032362,FALSE,Wh,Grid meter
142812,15,2025-02-01T05:45:00+08:00,130554391,35032362,FALSE,Wh,Grid meter
142812,15,2025-02-01T06:00:00+08:00,130555220,35032362,FALSE,Wh,Grid meter
142812,15,2025-02-01T06:15:00+08:00,130556923,35032362,FALSE,Wh,Grid meter
142812,15,2025-02-01T06:30:00+08:00,130557650,35032362,FALSE,Wh,Grid meter
142812,15,2025-02-01T06:45:00+08:00,130558175,35032362,FALSE,Wh,Grid meter
142812,15,2025-02-01T07:00:00+08:00,130558567,35032362,FALSE,Wh,Grid meter
142812,15,2025-02-01T07:15:00+08:00,130559125,35032362,FALSE,Wh,Grid meter
142812,15,2025-02-01T07:30:00+08:00,130559215,35032385,FALSE,Wh,Grid meter
142812,15,2025-02-01T07:45:00+08:00,130559306,35032407,FALSE,Wh,Grid meter
142812,15,2025-02-01T08:00:00+08:00,130559396,35032430,FALSE,Wh,Grid meter
142812,15,2025-02-01T08:15:00+08:00,130559666,35032438,FALSE,Wh,Grid meter
142812,15,2025-02-01T08:30:00+08:00,130560738,35032438,FALSE,Wh,Grid meter
142812,15,2025-02-01T08:45:00+08:00,130561057,35032481,FALSE,Wh,Grid meter
142812,15,2025-02-01T09:00:00+08:00,130561376,35032524,FALSE,Wh,Grid meter
142812,15,2025-02-01T09:15:00+08:00,130561695,35032648,FALSE,Wh,Grid meter
142812,15,2025-02-01T09:30:00+08:00,130562014,35032771,FALSE,Wh,Grid meter
142812,15,2025-02-01T09:45:00+08:00,130562073,35032823,FALSE,Wh,Grid meter
142812,15,2025-02-01T10:00:00+08:00,130562170,35032958,FALSE,Wh,Grid meter
142812,15,2025-02-01T10:15:00+08:00,130562228,35033103,FALSE,Wh,Grid meter
142812,15,2025-02-01T10:30:00+08:00,130562288,35033185,FALSE,Wh,Grid meter
142812,15,2025-02-01T10:45:00+08:00,130562348,35033267,FALSE,Wh,Grid meter
142812,15,2025-02-01T11:00:00+08:00,130562408,35033349,FALSE,Wh,Grid meter
142812,15,2025-02-01T11:15:00+08:00,130562891,35033413,FALSE,Wh,Grid meter
142812,15,2025-02-01T11:30:00+08:00,130562944,35033561,FALSE,Wh,Grid meter
142812,15,2025-02-01T11:45:00+08:00,130562981,35033657,FALSE,Wh,Grid meter
142812,15,2025-02-01T12:00:00+08:00,130563024,35033882,FALSE,Wh,Grid meter
142812,15,2025-02-01T12:15:00+08:00,130563072,35033989,FALSE,Wh,Grid meter
142812,15,2025-02-01T12:30:00+08:00,130563209,35034011,FALSE,Wh,Grid meter
142812,15,2025-02-01T12:45:00+08:00,130563285,35034175,FALSE,Wh,Grid meter
142812,15,2025-02-01T13:00:00+08:00,130563526,35034222,FALSE,Wh,Grid meter
142812,15,2025-02-01T13:15:00+08:00,130563621,35034252,FALSE,Wh,Grid meter
142812,15,2025-02-01T13:30:00+08:00,130563698,35034281,FALSE,Wh,Grid meter
142812,15,2025-02-01T13:45:00+08:00,130563993,35034293,FALSE,Wh,Grid meter
142812,15,2025-02-01T14:00:00+08:00,130564439,35034312,FALSE,Wh,Grid meter
142812,15,2025-02-01T14:15:00+08:00,130564439,35034312,FALSE,Wh,Grid meter
142812,15,2025-02-01T14:30:00+08:00,130564439,35034312,FALSE,Wh,Grid meter
142812,15,2025-02-01T14:45:00+08:00,130564439,35034312,FALSE,Wh,Grid meter
142812,15,2025-02-01T15:00:00+08:00,130564439,35034312,FALSE,Wh,Grid meter
142812,15,2025-02-01T15:15:00+08:00,130564439,35034312,FALSE,Wh,Grid meter
142812,15,2025-02-01T15:30:00+08:00,130564439,35034312,FALSE,Wh,Grid meter
142812,15,2025-02-01T15:45:00+08:00,130564439,35034312,FALSE,Wh,Grid meter
142812,15,2025-02-01T16:00:00+08:00,130564439,35034312,FALSE,Wh,Grid meter
142812,15,2025-02-01T16:15:00+08:00,130564439,35034312,FALSE,Wh,Grid meter
142812,15,2025-02-01T16:30:00+08:00,130564439,35034312,FALSE,Wh,Grid meter
142812,15,2025-02-01T16:45:00+08:00,130564439,35034312,FALSE,Wh,Grid meter
142812,15,2025-02-01T17:00:00+08:00,130564439,35034312,FALSE,Wh,Grid meter
142812,15,2025-02-01T17:15:00+08:00,130564439,35034312,FALSE,Wh,Grid meter
142812,15,2025-02-01T17:30:00+08:00,130564439,35034312,FALSE,Wh,Grid meter
142812,15,2025-02-01T17:45:00+08:00,130564439,35034312,FALSE,Wh,Grid meter
142812,15,2025-02-01T18:00:00+08:00,130564439,35034312,FALSE,Wh,Grid meter
142812,15,2025-02-01T18:15:00+08:00,130564439,35034312,FALSE,Wh,Grid meter
142812,15,2025-02-01T18:30:00+08:00,130564439,35034312,FALSE,Wh,Grid meter
142812,15,2025-02-01T18:45:00+08:00,130564439,35034312,FALSE,Wh,Grid meter
142812,15,2025-02-01T19:00:00+08:00,130564439,35034312,FALSE,Wh,Grid meter
142812,15,2025-02-01T19:15:00+08:00,130564439,35034312,FALSE,Wh,Grid meter
142812,15,2025-02-01T19:30:00+08:00,130564439,35034312,FALSE,Wh,Grid meter
142812,15,2025-02-01T19:45:00+08:00,130564439,35034312,FALSE,Wh,Grid meter
142812,15,2025-02-01T20:00:00+08:00,130564439,35034312,FALSE,Wh,Grid meter
142812,15,2025-02-01T20:15:00+08:00,130564439,35034312,FALSE,Wh,Grid meter
142812,15,2025-02-01T20:30:00+08:00,130564439,35034312,FALSE,Wh,Grid meter
142812,15,2025-02-01T20:45:00+08:00,130564439,35034312,FALSE,Wh,Grid meter
142812,15,2025-02-01T21:00:00+08:00,130564439,35034312,FALSE,Wh,Grid meter
142812,15,2025-02-01T21:15:00+08:00,130564439,35034312,FALSE,Wh,Grid meter
142812,15,2025-02-01T21:30:00+08:00,130564439,35034312,FALSE,Wh,Grid meter
142812,15,2025-02-01T21:45:00+08:00,130564439,35034312,FALSE,Wh,Grid meter
142812,15,2025-02-01T22:00:00+08:00,130564439,35034312,FALSE,Wh,Grid meter
142812,15,2025-02-01T22:15:00+08:00,130564439,35034312,FALSE,Wh,Grid meter
142812,15,2025-02-01T22:30:00+08:00,130564439,35034312,FALSE,Wh,Grid meter
142812,15,2025-02-01T22:45:00+08:00,130564439,35034312,FALSE,Wh,Grid meter
142812,15,2025-02-01T23:00:00+08:00,130564439,35034312,FALSE,Wh,Grid meter
142812,15,2025-02-01T23:15:00+08:00,130564439,35034312,FALSE,Wh,Grid meter
142812,15,2025-02-01T23:30:00+08:00,130564439,35034312,FALSE,Wh,Grid meter
142812,15,2025-02-01T23:45:00+08:00,130564439,35034312,FALSE,Wh,Grid meter
142812,15,2025-02-02T00:00:00+08:00,130564439,35034312,FALSE,Wh,Grid meter
142812,15,2025-02-02T00:15:00+08:00,130564439,35034312,FALSE,Wh,Grid meter
142812,15,2025-02-02T00:30:00+08:00,130564439,35034312,FALSE,Wh,Grid meter
142812,15,2025-02-02T00:45:00+08:00,130564439,35034312,FALSE,Wh,Grid meter
142812,15,2025-02-02T01:00:00+08:00,130564439,35034312,FALSE,Wh,Grid meter
142812,15,2025-02-02T01:15:00+08:00,130564439,35034312,FALSE,Wh,Grid meter
142812,15,2025-02-02T01:30:00+08:00,130564439,35034312,FALSE,Wh,Grid meter
142812,15,2025-02-02T01:45:00+08:00,130564439,35034312,FALSE,Wh,Grid meter
142812,15,2025-02-02T02:00:00+08:00,130564439,35034312,FALSE,Wh,Grid meter
142812,15,2025-02-02T02:15:00+08:00,130564439,35034312,FALSE,Wh,Grid meter
142812,15,2025-02-02T02:30:00+08:00,130564439,35034312,FALSE,Wh,Grid meter
142812,15,2025-02-02T02:45:00+08:00,130564439,35034312,FALSE,Wh,Grid meter
142812,15,2025-02-02T03:00:00+08:00,130564439,35034312,FALSE,Wh,Grid meter
142812,15,2025-02-02T03:15:00+08:00,130564439,35034312,FALSE,Wh,Grid meter
142812,15,2025-02-02T03:30:00+08:00,130564439,35034312,FALSE,Wh,Grid meter
142812,15,2025-02-02T03:45:00+08:00,130564439,35034312,FALSE,Wh,Grid meter
142812,15,2025-02-02T04:00:00+08:00,130564439,35034312,FALSE,Wh,Grid meter
142812,15,2025-02-02T04:15:00+08:00,130564439,35034312,FALSE,Wh,Grid meter
142812,15,2025-02-02T04:30:00+08:00,130564439,35034312,FALSE,Wh,Grid meter
142812,15,2025-02-02T04:45:00+08:00,130564439,35034312,FALSE,Wh,Grid meter
142812,15,2025-02-02T05:00:00+08:00,130564439,35034312,FALSE,Wh,Grid meter
142812,15,2025-02-02T05:15:00+08:00,130564439,35034312,FALSE,Wh,Grid meter
142812,15,2025-02-02T05:30:00+08:00,130564439,35034312,FALSE,Wh,Grid meter
142812,15,2025-02-02T05:45:00+08:00,130564439,35034312,FALSE,Wh,Grid meter
142812,15,2025-02-02T06:00:00+08:00,130564439,35034312,FALSE,Wh,Grid meter
142812,15,2025-02-02T06:15:00+08:00,130564439,35034312,FALSE,Wh,Grid meter
142812,15,2025-02-02T06:30:00+08:00,130564439,35034312,FALSE,Wh,Grid meter
142812,15,2025-02-02T06:45:00+08:00,130564439,35034312,FALSE,Wh,Grid meter
142812,15,2025-02-02T07:00:00+08:00,130564439,35034312,FALSE,Wh,Grid meter
142812,15,2025-02-02T07:15:00+08:00,130564439,35034312,FALSE,Wh,Grid meter
142812,15,2025-02-02T07:30:00+08:00,130564439,35034312,FALSE,Wh,Grid meter
142812,15,2025-02-02T07:45:00+08:00,130564439,35034312,FALSE,Wh,Grid meter
142812,15,2025-02-02T08:00:00+08:00,130564439,35034312,FALSE,Wh,Grid meter
142812,15,2025-02-02T08:15:00+08:00,130564439,35034312,FALSE,Wh,Grid meter
142812,15,2025-02-02T08:30:00+08:00,130564439,35034312,FALSE,Wh,Grid meter
142812,15,2025-02-02T08:45:00+08:00,130564439,35034312,FALSE,Wh,Grid meter
142812,15,2025-02-02T09:00:00+08:00,130564439,35034312,FALSE,Wh,Grid meter
142812,15,2025-02-02T09:15:00+08:00,130564439,35034312,FALSE,Wh,Grid meter
142812,15,2025-02-02T09:30:00+08:00,130564439,35034312,FALSE,Wh,Grid meter
142812,15,2025-02-02T09:45:00+08:00,130564439,35034312,FALSE,Wh,Grid meter
142812,15,2025-02-02T10:00:00+08:00,130564439,35034312,FALSE,Wh,Grid meter
142812,15,2025-02-02T10:15:00+08:00,130564439,35034312,FALSE,Wh,Grid meter
142812,15,2025-02-02T10:30:00+08:00,130564439,35034312,FALSE,Wh,Grid meter
142812,15,2025-02-02T10:45:00+08:00,130564439,35034312,FALSE,Wh,Grid meter
142812,15,2025-02-02T11:00:00+08:00,130564439,35034312,FALSE,Wh,Grid meter
142812,15,2025-02-02T11:15:00+08:00,130564439,35034312,FALSE,Wh,Grid meter
142812,15,2025-02-02T11:30:00+08:00,130564439,35034312,FALSE,Wh,Grid meter
142812,15,2025-02-02T11:45:00+08:00,130564439,35034312,FALSE,Wh,Grid meter
142812,15,2025-02-02T12:00:00+08:00,130564439,35034312,FALSE,Wh,Grid meter
142812,15,2025-02-02T12:15:00+08:00,130564439,35034312,FALSE,Wh,Grid meter
142812,15,2025-02-02T12:30:00+08:00,130564439,35034312,FALSE,Wh,Grid meter
142812,15,2025-02-02T12:45:00+08:00,130564439,35034312,FALSE,Wh,Grid meter
142812,15,2025-02-02T13:00:00+08:00,130564439,35034312,FALSE,Wh,Grid meter
142812,15,2025-02-02T13:15:00+08:00,130564439,35034312,FALSE,Wh,Grid meter
142812,15,2025-02-02T13:30:00+08:00,130564439,35034312,FALSE,Wh,Grid meter
142812,15,2025-02-02T13:45:00+08:00,130564439,35034312,FALSE,Wh,Grid meter
142812,15,2025-02-02T14:00:00+08:00,130564439,35034312,FALSE,Wh,Grid meter
142812,15,2025-02-02T14:15:00+08:00,130564439,35034312,FALSE,Wh,Grid meter
142812,15,2025-02-02T14:30:00+08:00,130564439,35034312,FALSE,Wh,Grid meter
142812,15,2025-02-02T14:45:00+08:00,130564439,35034312,FALSE,Wh,Grid meter
142812,15,2025-02-02T15:00:00+08:00,130564439,35034312,FALSE,Wh,Grid meter
142812,15,2025-02-02T15:15:00+08:00,130564439,35034312,FALSE,Wh,Grid meter
142812,15,2025-02-02T15:30:00+08:00,130564439,35034312,FALSE,Wh,Grid meter
142812,15,2025-02-02T15:45:00+08:00,130564439,35034312,FALSE,Wh,Grid meter
142812,15,2025-02-02T16:00:00+08:00,130564439,35034312,FALSE,Wh,Grid meter
142812,15,2025-02-02T16:15:00+08:00,130564439,35034312,FALSE,Wh,Grid meter
142812,15,2025-02-02T16:30:00+08:00,130564439,35034312,FALSE,Wh,Grid meter
142812,15,2025-02-02T16:45:00+08:00,130564439,35034312,FALSE,Wh,Grid meter
142812,15,2025-02-02T17:00:00+08:00,130564439,35034312,FALSE,Wh,Grid meter
142812,15,2025-02-02T17:15:00+08:00,130564439,35034312,FALSE,Wh,Grid meter
142812,15,2025-02-02T17:30:00+08:00,130564439,35034312,FALSE,Wh,Grid meter
142812,15,2025-02-02T17:45:00+08:00,130564439,35034312,FALSE,Wh,Grid meter
142812,15,2025-02-02T18:00:00+08:00,130564439,35034312,FALSE,Wh,Grid meter
142812,15,2025-02-02T18:15:00+08:00,130564439,35034312,FALSE,Wh,Grid meter
142812,15,2025-02-02T18:30:00+08:00,130564439,35034312,FALSE,Wh,Grid meter
142812,15,2025-02-02T18:45:00+08:00,130564439,35034312,FALSE,Wh,Grid meter
142812,15,2025-02-02T19:00:00+08:00,130564439,35034312,FALSE,Wh,Grid meter
142812,15,2025-02-02T19:15:00+08:00,130564439,35034312,FALSE,Wh,Grid meter
142812,15,2025-02-02T19:30:00+08:00,130564439,35034312,FALSE,Wh,Grid meter
142812,15,2025-02-02T19:45:00+08:00,130564439,35034312,FALSE,Wh,Grid meter
142812,15,2025-02-02T20:00:00+08:00,130564439,35034312,FALSE,Wh,Grid meter
142812,15,2025-02-02T20:15:00+08:00,130564439,35034312,FALSE,Wh,Grid meter
142812,15,2025-02-02T20:30:00+08:00,130564439,35034312,FALSE,Wh,Grid meter
142812,15,2025-02-02T20:45:00+08:00,130564439,35034312,FALSE,Wh,Grid meter
142812,15,2025-02-02T21:00:00+08:00,130564439,35034312,FALSE,Wh,Grid meter
142812,15,2025-02-02T21:15:00+08:00,130564439,35034312,FALSE,Wh,Grid meter
142812,15,2025-02-02T21:30:00+08:00,130564439,35034312,FALSE,Wh,Grid meter
142812,15,2025-02-02T21:45:00+08:00,130564439,35034312,FALSE,Wh,Grid meter
142812,15,2025-02-02T22:00:00+08:00,130564439,35034312,FALSE,Wh,Grid meter
142812,15,2025-02-02T22:15:00+08:00,130564439,35034312,FALSE,Wh,Grid meter
142812,15,2025-02-02T22:30:00+08:00,130564439,35034312,FALSE,Wh,Grid meter
142812,15,2025-02-02T22:45:00+08:00,130564439,35034312,FALSE,Wh,Grid meter
142812,15,2025-02-02T23:00:00+08:00,130564439,35034312,FALSE,Wh,Grid meter
142812,15,2025-02-02T23:15:00+08:00,130564439,35034312,FALSE,Wh,Grid meter
142812,15,2025-02-02T23:30:00+08:00,130564439,35034312,FALSE,Wh,Grid meter
142812,15,2025-02-02T23:45:00+08:00,130564439,35034312,FALSE,Wh,Grid meter
142812,15,2025-02-03T00:00:00+08:00,130564439,35034312,FALSE,Wh,Grid meter
142812,15,2025-02-03T00:15:00+08:00,130564439,35034312,FALSE,Wh,Grid meter
142812,15,2025-02-03T00:30:00+08:00,130564439,35034312,FALSE,Wh,Grid meter
142812,15,2025-02-03T00:45:00+08:00,130564439,35034312,FALSE,Wh,Grid meter
142812,15,2025-02-03T01:00:00+08:00,130564439,35034312,FALSE,Wh,Grid meter
142812,15,2025-02-03T01:15:00+08:00,130564439,35034312,FALSE,Wh,Grid meter
142812,15,2025-02-03T01:30:00+08:00,130564439,35034312,FALSE,Wh,Grid meter
142812,15,2025-02-03T01:45:00+08:00,130564439,35034312,FALSE,Wh,Grid meter
142812,15,2025-02-03T02:00:00+08:00,130564439,35034312,FALSE,Wh,Grid meter
142812,15,2025-02-03T02:15:00+08:00,130564439,35034312,FALSE,Wh,Grid meter
142812,15,2025-02-03T02:30:00+08:00,130564439,35034312,FALSE,Wh,Grid meter
142812,15,2025-02-03T02:45:00+08:00,130564439,35034312,FALSE,Wh,Grid meter
142812,15,2025-02-03T03:00:00+08:00,130564439,35034312,FALSE,Wh,Grid meter
142812,15,2025-02-03T03:15:00+08:00,130564439,35034312,FALSE,Wh,Grid meter
142812,15,2025-02-03T03:30:00+08:00,130564439,35034312,FALSE,Wh,Grid meter
142812,15,2025-02-03T03:45:00+08:00,130564439,35034312,FALSE,Wh,Grid meter
142812,15,2025-02-03T04:00:00+08:00,130564439,35034312,FALSE,Wh,Grid meter
142812,15,2025-02-03T04:15:00+08:00,130564439,35034312,FALSE,Wh,Grid meter
142812,15,2025-02-03T04:30:00+08:00,130564439,35034312,FALSE,Wh,Grid meter
142812,15,2025-02-03T04:45:00+08:00,130564439,35034312,FALSE,Wh,Grid meter
142812,15,2025-02-03T05:00:00+08:00,130564439,35034312,FALSE,Wh,Grid meter
142812,15,2025-02-03T05:15:00+08:00,130564439,35034312,FALSE,Wh,Grid meter
142812,15,2025-02-03T05:30:00+08:00,130564439,35034312,FALSE,Wh,Grid meter
142812,15,2025-02-03T05:45:00+08:00,130564439,35034312,FALSE,Wh,Grid meter
142812,15,2025-02-03T06:00:00+08:00,130564439,35034312,FALSE,Wh,Grid meter
142812,15,2025-02-03T06:15:00+08:00,130564439,35034312,FALSE,Wh,Grid meter
142812,15,2025-02-03T06:30:00+08:00,130564439,35034312,FALSE,Wh,Grid meter
142812,15,2025-02-03T06:45:00+08:00,130564439,35034312,FALSE,Wh,Grid meter
142812,15,2025-02-03T07:00:00+08:00,130564439,35034312,FALSE,Wh,Grid meter
142812,15,2025-02-03T07:15:00+08:00,130564439,35034312,FALSE,Wh,Grid meter
142812,15,2025-02-03T07:30:00+08:00,130564439,35034312,FALSE,Wh,Grid meter
142812,15,2025-02-03T07:45:00+08:00,130564439,35034312,FALSE,Wh,Grid meter
142812,15,2025-02-03T08:00:00+08:00,130564439,35034312,FALSE,Wh,Grid meter
142812,15,2025-02-03T08:15:00+08:00,130564439,35034312,FALSE,Wh,Grid meter
142812,15,2025-02-03T08:30:00+08:00,130564439,35034312,FALSE,Wh,Grid meter
142812,15,2025-02-03T08:45:00+08:00,130564439,35034312,FALSE,Wh,Grid meter
142812,15,2025-02-03T09:00:00+08:00,130564439,35034312,FALSE,Wh,Grid meter
142812,15,2025-02-03T09:15:00+08:00,130564439,35034312,FALSE,Wh,Grid meter
142812,15,2025-02-03T09:30:00+08:00,130564439,35034312,FALSE,Wh,Grid meter
142812,15,2025-02-03T09:45:00+08:00,130564439,35034312,FALSE,Wh,Grid meter
142812,15,2025-02-03T10:00:00+08:00,130564439,35034312,FALSE,Wh,Grid meter
142812,15,2025-02-03T10:15:00+08:00,130564439,35034312,FALSE,Wh,Grid meter
142812,15,2025-02-03T10:30:00+08:00,130564439,35034312,FALSE,Wh,Grid meter
142812,15,2025-02-03T10:45:00+08:00,130564439,35034312,FALSE,Wh,Grid meter
142812,15,2025-02-03T11:00:00+08:00,130564439,35034312,FALSE,Wh,Grid meter
142812,15,2025-02-03T11:15:00+08:00,130564439,35034312,FALSE,Wh,Grid meter
142812,15,2025-02-03T11:30:00+08:00,130564439,35034312,FALSE,Wh,Grid meter
142812,15,2025-02-03T11:45:00+08:00,130564439,35034312,FALSE,Wh,Grid meter
142812,15,2025-02-03T12:00:00+08:00,130564439,35034312,FALSE,Wh,Grid meter
142812,15,2025-02-03T12:15:00+08:00,130564439,35034312,FALSE,Wh,Grid meter
142812,15,2025-02-03T12:30:00+08:00,130564439,35034312,FALSE,Wh,Grid meter
142812,15,2025-02-03T12:45:00+08:00,130564439,35034312,FALSE,Wh,Grid meter
142812,15,2025-02-03T13:00:00+08:00,130564439,35034312,FALSE,Wh,Grid meter
142812,15,2025-02-03T13:15:00+08:00,130564439,35034312,FALSE,Wh,Grid meter
142812,15,2025-02-03T13:30:00+08:00,130564439,35034312,FALSE,Wh,Grid meter
142812,15,2025-02-03T13:45:00+08:00,130564439,35034312,FALSE,Wh,Grid meter
142812,15,2025-02-03T14:00:00+08:00,130564439,35034312,FALSE,Wh,Grid meter
142812,15,2025-02-03T14:15:00+08:00,130564439,35034312,FALSE,Wh,Grid meter
142812,15,2025-02-03T14:30:00+08:00,130564439,35034312,FALSE,Wh,Grid meter
142812,15,2025-02-03T14:45:00+08:00,130564439,35034312,FALSE,Wh,Grid meter
142812,15,2025-02-03T15:00:00+08:00,130564439,35034312,FALSE,Wh,Grid meter
142812,15,2025-02-03T15:15:00+08:00,130564439,35034312,FALSE,Wh,Grid meter
142812,15,2025-02-03T15:30:00+08:00,130564439,35034312,FALSE,Wh,Grid meter
142812,15,2025-02-03T15:45:00+08:00,130564439,35034312,FALSE,Wh,Grid meter
142812,15,2025-02-03T16:00:00+08:00,130564439,35034312,FALSE,Wh,Grid meter
142812,15,2025-02-03T16:15:00+08:00,130564439,35034312,FALSE,Wh,Grid meter
142812,15,2025-02-03T16:30:00+08:00,130564439,35034312,FALSE,Wh,Grid meter
142812,15,2025-02-03T16:45:00+08:00,130564439,35034312,FALSE,Wh,Grid meter
142812,15,2025-02-03T17:00:00+08:00,130564439,35034312,FALSE,Wh,Grid meter
142812,15,2025-02-03T17:15:00+08:00,130564439,35034312,FALSE,Wh,Grid meter
142812,15,2025-02-03T17:30:00+08:00,130564439,35034312,FALSE,Wh,Grid meter
142812,15,2025-02-03T17:45:00+08:00,130564439,35034312,FALSE,Wh,Grid meter
142812,15,2025-02-03T18:00:00+08:00,130564439,35034312,FALSE,Wh,Grid meter
142812,15,2025-02-03T18:15:00+08:00,130564439,35034312,FALSE,Wh,Grid meter
142812,15,2025-02-03T18:30:00+08:00,130564439,35034312,FALSE,Wh,Grid meter
142812,15,2025-02-03T18:45:00+08:00,130564439,35034312,FALSE,Wh,Grid meter
142812,15,2025-02-03T19:00:00+08:00,130564439,35034312,FALSE,Wh,Grid meter
142812,15,2025-02-03T19:15:00+08:00,130564439,35034312,FALSE,Wh,Grid meter
142812,15,2025-02-03T19:30:00+08:00,130564439,35034312,FALSE,Wh,Grid meter
142812,15,2025-02-03T19:45:00+08:00,130564439,35034312,FALSE,Wh,Grid meter
142812,15,2025-02-03T20:00:00+08:00,130564439,35034312,FALSE,Wh,Grid meter
142812,15,2025-02-03T20:15:00+08:00,130564439,35034312,FALSE,Wh,Grid meter
142812,15,2025-02-03T20:30:00+08:00,130564439,35034312,FALSE,Wh,Grid meter
142812,15,2025-02-03T20:45:00+08:00,130564439,35034312,FALSE,Wh,Grid meter
142812,15,2025-02-03T21:00:00+08:00,130564439,35034312,FALSE,Wh,Grid meter
142812,15,2025-02-03T21:15:00+08:00,130564439,35034312,FALSE,Wh,Grid meter
142812,15,2025-02-03T21:30:00+08:00,130564439,35034312,FALSE,Wh,Grid meter
142812,15,2025-02-03T21:45:00+08:00,130564439,35034312,FALSE,Wh,Grid meter
142812,15,2025-02-03T22:00:00+08:00,130564439,35034312,FALSE,Wh,Grid meter
142812,15,2025-02-03T22:15:00+08:00,130564439,35034312,FALSE,Wh,Grid meter
142812,15,2025-02-03T22:30:00+08:00,130564439,35034312,FALSE,Wh,Grid meter
142812,15,2025-02-03T22:45:00+08:00,130564439,35034312,FALSE,Wh,Grid meter
142812,15,2025-02-03T23:00:00+08:00,130564439,35034312,FALSE,Wh,Grid meter
142812,15,2025-02-03T23:15:00+08:00,130564439,35034312,FALSE,Wh,Grid meter
142812,15,2025-02-03T23:30:00+08:00,130564439,35034312,FALSE,Wh,Grid meter
142812,15,2025-02-03T23:45:00+08:00,130564439,35034312,FALSE,Wh,Grid meter
142812,15,2025-02-04T00:00:00+08:00,130564439,35034312,FALSE,Wh,Grid meter
142812,15,2025-02-04T00:15:00+08:00,130564439,35034312,FALSE,Wh,Grid meter
142812,15,2025-02-04T00:30:00+08:00,130564439,35034312,FALSE,Wh,Grid meter
142812,15,2025-02-04T00:45:00+08:00,130564439,35034312,FALSE,Wh,Grid meter
142812,15,2025-02-04T01:00:00+08:00,130564439,35034312,FALSE,Wh,Grid meter
142812,15,2025-02-04T01:15:00+08:00,130564439,35034312,FALSE,Wh,Grid meter
142812,15,2025-02-04T01:30:00+08:00,130564439,35034312,FALSE,Wh,Grid meter
142812,15,2025-02-04T01:45:00+08:00,130564439,35034312,FALSE,Wh,Grid meter
142812,15,2025-02-04T02:00:00+08:00,130564439,35034312,FALSE,Wh,Grid meter
142812,15,2025-02-04T02:15:00+08:00,130564439,35034312,FALSE,Wh,Grid meter
142812,15,2025-02-04T02:30:00+08:00,130564439,35034312,FALSE,Wh,Grid meter
142812,15,2025-02-04T02:45:00+08:00,130564439,35034312,FALSE,Wh,Grid meter
142812,15,2025-02-04T03:00:00+08:00,130564439,35034312,FALSE,Wh,Grid meter
142812,15,2025-02-04T03:15:00+08:00,130564439,35034312,FALSE,Wh,Grid meter
142812,15,2025-02-04T03:30:00+08:00,130564439,35034312,FALSE,Wh,Grid meter
142812,15,2025-02-04T03:45:00+08:00,130564439,35034312,FALSE,Wh,Grid meter
142812,15,2025-02-04T04:00:00+08:00,130564439,35034312,FALSE,Wh,Grid meter
142812,15,2025-02-04T04:15:00+08:00,130564439,35034312,FALSE,Wh,Grid meter
142812,15,2025-02-04T04:30:00+08:00,130564439,35034312,FALSE,Wh,Grid meter
142812,15,2025-02-04T04:45:00+08:00,130564439,35034312,FALSE,Wh,Grid meter
142812,15,2025-02-04T05:00:00+08:00,130564439,35034312,FALSE,Wh,Grid meter
142812,15,2025-02-04T05:15:00+08:00,130564439,35034312,FALSE,Wh,Grid meter
142812,15,2025-02-04T05:30:00+08:00,130564439,35034312,FALSE,Wh,Grid meter
142812,15,2025-02-04T05:45:00+08:00,130564439,35034312,FALSE,Wh,Grid meter
142812,15,2025-02-04T06:00:00+08:00,130564439,35034312,FALSE,Wh,Grid meter
142812,15,2025-02-04T06:15:00+08:00,130564439,35034312,FALSE,Wh,Grid meter
142812,15,2025-02-04T06:30:00+08:00,130564439,35034312,FALSE,Wh,Grid meter
142812,15,2025-02-04T06:45:00+08:00,130564439,35034312,FALSE,Wh,Grid meter
142812,15,2025-02-04T07:00:00+08:00,130564439,35034312,FALSE,Wh,Grid meter
142812,15,2025-02-04T07:15:00+08:00,130564439,35034312,FALSE,Wh,Grid meter
142812,15,2025-02-04T07:30:00+08:00,130564439,35034312,FALSE,Wh,Grid meter
142812,15,2025-02-04T07:45:00+08:00,130564439,35034312,FALSE,Wh,Grid meter
142812,15,2025-02-04T08:00:00+08:00,130564439,35034312,FALSE,Wh,Grid meter
142812,15,2025-02-04T08:15:00+08:00,130564439,35034312,FALSE,Wh,Grid meter
142812,15,2025-02-04T08:30:00+08:00,130564439,35034312,FALSE,Wh,Grid meter
142812,15,2025-02-04T08:45:00+08:00,130564439,35034312,FALSE,Wh,Grid meter
142812,15,2025-02-04T09:00:00+08:00,130564439,35034312,FALSE,Wh,Grid meter
142812,15,2025-02-04T09:15:00+08:00,130564439,35034312,FALSE,Wh,Grid meter
142812,15,2025-02-04T09:30:00+08:00,130564439,35034312,FALSE,Wh,Grid meter
142812,15,2025-02-04T09:45:00+08:00,130564439,35034312,FALSE,Wh,Grid meter
142812,15,2025-02-04T10:00:00+08:00,130564439,35034312,FALSE,Wh,Grid meter
142812,15,2025-02-04T10:15:00+08:00,130564439,35034312,FALSE,Wh,Grid meter
142812,15,2025-02-04T10:30:00+08:00,130564439,35034312,FALSE,Wh,Grid meter
142812,15,2025-02-04T10:45:00+08:00,130564439,35034312,FALSE,Wh,Grid meter
142812,15,2025-02-04T11:00:00+08:00,130564439,35034312,FALSE,Wh,Grid meter
142812,15,2025-02-04T11:15:00+08:00,130564439,35034312,FALSE,Wh,Grid meter
142812,15,2025-02-04T11:30:00+08:00,130564439,35034312,FALSE,Wh,Grid meter
142812,15,2025-02-04T11:45:00+08:00,130564439,35034312,FALSE,Wh,Grid meter
142812,15,2025-02-04T12:00:00+08:00,130564439,35034312,FALSE,Wh,Grid meter
142812,15,2025-02-04T12:15:00+08:00,130564439,35034312,FALSE,Wh,Grid meter
142812,15,2025-02-04T12:30:00+08:00,130564439,35034312,FALSE,Wh,Grid meter
142812,15,2025-02-04T12:45:00+08:00,130564439,35034312,FALSE,Wh,Grid meter
142812,15,2025-02-04T13:00:00+08:00,130564439,35034312,FALSE,Wh,Grid meter
142812,15,2025-02-04T13:15:00+08:00,130564439,35034312,FALSE,Wh,Grid meter
142812,15,2025-02-04T13:30:00+08:00,130564439,35034312,FALSE,Wh,Grid meter
142812,15,2025-02-04T13:45:00+08:00,130564439,35034312,FALSE,Wh,Grid meter
142812,15,2025-02-04T14:00:00+08:00,130564439,35034312,FALSE,Wh,Grid meter
142812,15,2025-02-04T14:15:00+08:00,130564439,35034312,FALSE,Wh,Grid meter
142812,15,2025-02-04T14:30:00+08:00,130564439,35034312,FALSE,Wh,Grid meter
142812,15,2025-02-04T14:45:00+08:00,130564439,35034312,FALSE,Wh,Grid meter
142812,15,2025-02-04T15:00:00+08:00,130564439,35034312,FALSE,Wh,Grid meter
142812,15,2025-02-04T15:15:00+08:00,130564439,35034312,FALSE,Wh,Grid meter
142812,15,2025-02-04T15:30:00+08:00,130564439,35034312,FALSE,Wh,Grid meter
142812,15,2025-02-04T15:45:00+08:00,130564439,35034312,FALSE,Wh,Grid meter
142812,15,2025-02-04T16:00:00+08:00,130564439,35034312,FALSE,Wh,Grid meter
142812,15,2025-02-04T16:15:00+08:00,130564439,35034312,FALSE,Wh,Grid meter
142812,15,2025-02-04T16:30:00+08:00,130564439,35034312,FALSE,Wh,Grid meter
142812,15,2025-02-04T16:45:00+08:00,130564439,35034312,FALSE,Wh,Grid meter
142812,15,2025-02-04T17:00:00+08:00,130564439,35034312,FALSE,Wh,Grid meter
142812,15,2025-02-04T17:15:00+08:00,130564439,35034312,FALSE,Wh,Grid meter
142812,15,2025-02-04T17:30:00+08:00,130564439,35034312,FALSE,Wh,Grid meter
142812,15,2025-02-04T17:45:00+08:00,130564439,35034312,FALSE,Wh,Grid meter
142812,15,2025-02-04T18:00:00+08:00,130564439,35034312,FALSE,Wh,Grid meter
142812,15,2025-02-04T18:15:00+08:00,130564439,35034312,FALSE,Wh,Grid meter
142812,15,2025-02-04T18:30:00+08:00,130564439,35034312,FALSE,Wh,Grid meter
142812,15,2025-02-04T18:45:00+08:00,130564439,35034312,FALSE,Wh,Grid meter
142812,15,2025-02-04T19:00:00+08:00,130564439,35034312,FALSE,Wh,Grid meter
142812,15,2025-02-04T19:15:00+08:00,130564439,35034312,FALSE,Wh,Grid meter
142812,15,2025-02-04T19:30:00+08:00,130564439,35034312,FALSE,Wh,Grid meter
142812,15,2025-02-04T19:45:00+08:00,130564439,35034312,FALSE,Wh,Grid meter
142812,15,2025-02-04T20:00:00+08:00,130564439,35034312,FALSE,Wh,Grid meter
142812,15,2025-02-04T20:15:00+08:00,130564439,35034312,FALSE,Wh,Grid meter
142812,15,2025-02-04T20:30:00+08:00,130564439,35034312,FALSE,Wh,Grid meter
142812,15,2025-02-04T20:45:00+08:00,130564439,35034312,FALSE,Wh,Grid meter
142812,15,2025-02-04T21:00:00+08:00,130564439,35034312,FALSE,Wh,Grid meter
142812,15,2025-02-04T21:15:00+08:00,130564439,35034312,FALSE,Wh,Grid meter
142812,15,2025-02-04T21:30:00+08:00,130564439,35034312,FALSE,Wh,Grid meter
142812,15,2025-02-04T21:45:00+08:00,130564439,35034312,FALSE,Wh,Grid meter
142812,15,2025-02-04T22:00:00+08:00,130564439,35034312,FALSE,Wh,Grid meter
142812,15,2025-02-04T22:15:00+08:00,130564439,35034312,FALSE,Wh,Grid meter
142812,15,2025-02-04T22:30:00+08:00,130564439,35034312,FALSE,Wh,Grid meter
142812,15,2025-02-04T22:45:00+08:00,130564439,35034312,FALSE,Wh,Grid meter
142812,15,2025-02-04T23:00:00+08:00,130564439,35034312,FALSE,Wh,Grid meter
142812,15,2025-02-04T23:15:00+08:00,130564439,35034312,FALSE,Wh,Grid meter
142812,15,2025-02-04T23:30:00+08:00,130564439,35034312,FALSE,Wh,Grid meter
142812,15,2025-02-04T23:45:00+08:00,130564439,35034312,FALSE,Wh,Grid meter
142812,15,2025-02-05T00:00:00+08:00,130564439,35034312,FALSE,Wh,Grid meter
142813,15,2025-01-29T00:15:00+08:00,21637193,0,FALSE,Wh,101
142813,15,2025-01-29T00:30:00+08:00,21637215,0,FALSE,Wh,101
142813,15,2025-01-29T00:45:00+08:00,21637237,0,FALSE,Wh,101
142813,15,2025-01-29T01:00:00+08:00,21637255,0,FALSE,Wh,101
142813,15,2025-01-29T01:15:00+08:00,21637291,0,FALSE,Wh,101
142813,15,2025-01-29T01:30:00+08:00,21637341,0,FALSE,Wh,101
142813,15,2025-01-29T01:45:00+08:00,21637358,0,FALSE,Wh,101
142813,15,2025-01-29T02:00:00+08:00,21637383,0,FALSE,Wh,101
142813,15,2025-01-29T02:15:00+08:00,21637407,0,FALSE,Wh,101
142813,15,2025-01-29T02:30:00+08:00,21637432,0,FALSE,Wh,101
142813,15,2025-01-29T02:45:00+08:00,21637455,0,FALSE,Wh,101
142813,15,2025-01-29T03:00:00+08:00,21637477,0,FALSE,Wh,101
142813,15,2025-01-29T03:15:00+08:00,21637500,0,FALSE,Wh,101
142813,15,2025-01-29T03:30:00+08:00,21637523,0,FALSE,Wh,101
142813,15,2025-01-29T03:45:00+08:00,21637544,0,FALSE,Wh,101
142813,15,2025-01-29T04:00:00+08:00,21637567,0,FALSE,Wh,101
142813,15,2025-01-29T04:15:00+08:00,21637589,0,FALSE,Wh,101
142813,15,2025-01-29T04:30:00+08:00,21637610,0,FALSE,Wh,101
142813,15,2025-01-29T04:45:00+08:00,21637637,0,FALSE,Wh,101
142813,15,2025-01-29T05:00:00+08:00,21637654,0,FALSE,Wh,101
142813,15,2025-01-29T05:15:00+08:00,21637675,0,FALSE,Wh,101
142813,15,2025-01-29T05:30:00+08:00,21637696,0,FALSE,Wh,101
142813,15,2025-01-29T05:45:00+08:00,21637715,0,FALSE,Wh,101
142813,15,2025-01-29T06:00:00+08:00,21637798,0,FALSE,Wh,101
142813,15,2025-01-29T06:15:00+08:00,21638134,0,FALSE,Wh,101
142813,15,2025-01-29T06:30:00+08:00,21638156,0,FALSE,Wh,101
142813,15,2025-01-29T06:45:00+08:00,21638169,0,FALSE,Wh,101
142813,15,2025-01-29T07:00:00+08:00,21638190,0,FALSE,Wh,101
142813,15,2025-01-29T07:15:00+08:00,21638212,0,FALSE,Wh,101
142813,15,2025-01-29T07:30:00+08:00,21638233,0,FALSE,Wh,101
142813,15,2025-01-29T07:45:00+08:00,21638247,0,FALSE,Wh,101
142813,15,2025-01-29T08:00:00+08:00,21638269,0,FALSE,Wh,101
142813,15,2025-01-29T08:15:00+08:00,21638290,0,FALSE,Wh,101
142813,15,2025-01-29T08:30:00+08:00,21638304,0,FALSE,Wh,101
142813,15,2025-01-29T08:45:00+08:00,21638439,0,FALSE,Wh,101
142813,15,2025-01-29T09:00:00+08:00,21638526,0,FALSE,Wh,101
142813,15,2025-01-29T09:15:00+08:00,21638599,0,FALSE,Wh,101
142813,15,2025-01-29T09:30:00+08:00,21638795,0,FALSE,Wh,101
142813,15,2025-01-29T09:45:00+08:00,21638948,0,FALSE,Wh,101
142813,15,2025-01-29T10:00:00+08:00,21639090,0,FALSE,Wh,101
142813,15,2025-01-29T10:15:00+08:00,21639226,0,FALSE,Wh,101
142813,15,2025-01-29T10:30:00+08:00,21639445,0,FALSE,Wh,101
142813,15,2025-01-29T10:45:00+08:00,21640292,0,FALSE,Wh,101
142813,15,2025-01-29T11:00:00+08:00,21640432,0,FALSE,Wh,101
142813,15,2025-01-29T11:15:00+08:00,21640573,0,FALSE,Wh,101
142813,15,2025-01-29T11:30:00+08:00,21640712,0,FALSE,Wh,101
142813,15,2025-01-29T11:45:00+08:00,21640786,0,FALSE,Wh,101
142813,15,2025-01-29T12:00:00+08:00,21640840,0,FALSE,Wh,101
142813,15,2025-01-29T12:15:00+08:00,21640866,0,FALSE,Wh,101
142813,15,2025-01-29T12:30:00+08:00,21641019,0,FALSE,Wh,101
142813,15,2025-01-29T12:45:00+08:00,21641260,0,FALSE,Wh,101
142813,15,2025-01-29T13:00:00+08:00,21641802,0,FALSE,Wh,101
142813,15,2025-01-29T13:15:00+08:00,21642327,0,FALSE,Wh,101
142813,15,2025-01-29T13:30:00+08:00,21642814,0,FALSE,Wh,101
142813,15,2025-01-29T13:45:00+08:00,21643302,0,FALSE,Wh,101
142813,15,2025-01-29T14:00:00+08:00,21643788,0,FALSE,Wh,101
142813,15,2025-01-29T14:15:00+08:00,21644285,0,FALSE,Wh,101
142813,15,2025-01-29T14:30:00+08:00,21644779,0,FALSE,Wh,101
142813,15,2025-01-29T14:45:00+08:00,21645270,0,FALSE,Wh,101
142813,15,2025-01-29T15:00:00+08:00,21645833,0,FALSE,Wh,101
142813,15,2025-01-29T15:15:00+08:00,21646337,0,FALSE,Wh,101
142813,15,2025-01-29T15:30:00+08:00,21646855,0,FALSE,Wh,101
142813,15,2025-01-29T15:45:00+08:00,21647702,0,FALSE,Wh,101
142813,15,2025-01-29T16:00:00+08:00,21648139,0,FALSE,Wh,101
142813,15,2025-01-29T16:15:00+08:00,21648476,0,FALSE,Wh,101
142813,15,2025-01-29T16:30:00+08:00,21649161,0,FALSE,Wh,101
142813,15,2025-01-29T16:45:00+08:00,21649685,0,FALSE,Wh,101
142813,15,2025-01-29T17:00:00+08:00,21650203,0,FALSE,Wh,101
142813,15,2025-01-29T17:15:00+08:00,21650710,0,FALSE,Wh,101
142813,15,2025-01-29T17:30:00+08:00,21651222,0,FALSE,Wh,101
142813,15,2025-01-29T17:45:00+08:00,21651734,0,FALSE,Wh,101
142813,15,2025-01-29T18:00:00+08:00,21652236,0,FALSE,Wh,101
142813,15,2025-01-29T18:15:00+08:00,21652692,0,FALSE,Wh,101
142813,15,2025-01-29T18:30:00+08:00,21653183,0,FALSE,Wh,101
142813,15,2025-01-29T18:45:00+08:00,21653625,0,FALSE,Wh,101
142813,15,2025-01-29T19:00:00+08:00,21654074,0,FALSE,Wh,101
142813,15,2025-01-29T19:15:00+08:00,21654500,0,FALSE,Wh,101
142813,15,2025-01-29T19:30:00+08:00,21654921,0,FALSE,Wh,101
142813,15,2025-01-29T19:45:00+08:00,21655334,0,FALSE,Wh,101
142813,15,2025-01-29T20:00:00+08:00,21655755,0,FALSE,Wh,101
142813,15,2025-01-29T20:15:00+08:00,21656175,0,FALSE,Wh,101
142813,15,2025-01-29T20:30:00+08:00,21656573,0,FALSE,Wh,101
142813,15,2025-01-29T20:45:00+08:00,21656983,0,FALSE,Wh,101
142813,15,2025-01-29T21:00:00+08:00,21657382,0,FALSE,Wh,101
142813,15,2025-01-29T21:15:00+08:00,21657771,0,FALSE,Wh,101
142813,15,2025-01-29T21:30:00+08:00,21658166,0,FALSE,Wh,101
142813,15,2025-01-29T21:45:00+08:00,21658618,0,FALSE,Wh,101
142813,15,2025-01-29T22:00:00+08:00,21659013,0,FALSE,Wh,101
142813,15,2025-01-29T22:15:00+08:00,21659420,0,FALSE,Wh,101
142813,15,2025-01-29T22:30:00+08:00,21659844,0,FALSE,Wh,101
142813,15,2025-01-29T22:45:00+08:00,21660221,0,FALSE,Wh,101
142813,15,2025-01-29T23:00:00+08:00,21660611,0,FALSE,Wh,101
142813,15,2025-01-29T23:15:00+08:00,21661006,0,FALSE,Wh,101
142813,15,2025-01-29T23:30:00+08:00,21661405,0,FALSE,Wh,101
142813,15,2025-01-29T23:45:00+08:00,21661590,0,FALSE,Wh,101
142813,15,2025-01-30T00:00:00+08:00,21661696,0,FALSE,Wh,101
142813,15,2025-01-30T00:15:00+08:00,21661803,0,FALSE,Wh,101
142813,15,2025-01-30T00:30:00+08:00,21662127,0,FALSE,Wh,101
142813,15,2025-01-30T00:45:00+08:00,21662310,0,FALSE,Wh,101
142813,15,2025-01-30T01:00:00+08:00,21662334,0,FALSE,Wh,101
142813,15,2025-01-30T01:15:00+08:00,21662358,0,FALSE,Wh,101
142813,15,2025-01-30T01:30:00+08:00,21662373,0,FALSE,Wh,101
142813,15,2025-01-30T01:45:00+08:00,21662398,0,FALSE,Wh,101
142813,15,2025-01-30T02:00:00+08:00,21662422,0,FALSE,Wh,101
142813,15,2025-01-30T02:15:00+08:00,21662438,0,FALSE,Wh,101
142813,15,2025-01-30T02:30:00+08:00,21662461,0,FALSE,Wh,101
142813,15,2025-01-30T02:45:00+08:00,21662484,0,FALSE,Wh,101
142813,15,2025-01-30T03:00:00+08:00,21662504,0,FALSE,Wh,101
142813,15,2025-01-30T03:15:00+08:00,21662519,0,FALSE,Wh,101
142813,15,2025-01-30T03:30:00+08:00,21662541,0,FALSE,Wh,101
142813,15,2025-01-30T03:45:00+08:00,21662563,0,FALSE,Wh,101
142813,15,2025-01-30T04:00:00+08:00,21662575,0,FALSE,Wh,101
142813,15,2025-01-30T04:15:00+08:00,21662597,0,FALSE,Wh,101
142813,15,2025-01-30T04:30:00+08:00,21662619,0,FALSE,Wh,101
142813,15,2025-01-30T04:45:00+08:00,21662635,0,FALSE,Wh,101
142813,15,2025-01-30T05:00:00+08:00,21662653,0,FALSE,Wh,101
142813,15,2025-01-30T05:15:00+08:00,21662675,0,FALSE,Wh,101
142813,15,2025-01-30T05:30:00+08:00,21662696,0,FALSE,Wh,101
142813,15,2025-01-30T05:45:00+08:00,21662709,0,FALSE,Wh,101
142813,15,2025-01-30T06:00:00+08:00,21662731,0,FALSE,Wh,101
142813,15,2025-01-30T06:15:00+08:00,21662753,0,FALSE,Wh,101
142813,15,2025-01-30T06:30:00+08:00,21662765,0,FALSE,Wh,101
142813,15,2025-01-30T06:45:00+08:00,21662787,0,FALSE,Wh,101
142813,15,2025-01-30T07:00:00+08:00,21662809,0,FALSE,Wh,101
142813,15,2025-01-30T07:15:00+08:00,21662827,0,FALSE,Wh,101
142813,15,2025-01-30T07:30:00+08:00,21662842,0,FALSE,Wh,101
142813,15,2025-01-30T07:45:00+08:00,21662865,0,FALSE,Wh,101
142813,15,2025-01-30T08:00:00+08:00,21662886,0,FALSE,Wh,101
142813,15,2025-01-30T08:15:00+08:00,21662898,0,FALSE,Wh,101
142813,15,2025-01-30T08:30:00+08:00,21662921,0,FALSE,Wh,101
142813,15,2025-01-30T08:45:00+08:00,21662981,0,FALSE,Wh,101
142813,15,2025-01-30T09:00:00+08:00,21663053,0,FALSE,Wh,101
142813,15,2025-01-30T09:15:00+08:00,21663127,0,FALSE,Wh,101
142813,15,2025-01-30T09:30:00+08:00,21663355,0,FALSE,Wh,101
142813,15,2025-01-30T09:45:00+08:00,21663506,0,FALSE,Wh,101
142813,15,2025-01-30T10:00:00+08:00,21664026,0,FALSE,Wh,101
142813,15,2025-01-30T10:15:00+08:00,21664166,0,FALSE,Wh,101
142813,15,2025-01-30T10:30:00+08:00,21664305,0,FALSE,Wh,101
142813,15,2025-01-30T10:45:00+08:00,21664436,0,FALSE,Wh,101
142813,15,2025-01-30T11:00:00+08:00,21664626,0,FALSE,Wh,101
142813,15,2025-01-30T11:15:00+08:00,21665289,0,FALSE,Wh,101
142813,15,2025-01-30T11:30:00+08:00,21665739,0,FALSE,Wh,101
142813,15,2025-01-30T11:45:00+08:00,21666316,0,FALSE,Wh,101
142813,15,2025-01-30T12:00:00+08:00,21666985,0,FALSE,Wh,101
142813,15,2025-01-30T12:15:00+08:00,21667319,0,FALSE,Wh,101
142813,15,2025-01-30T12:30:00+08:00,21667820,0,FALSE,Wh,101
142813,15,2025-01-30T12:45:00+08:00,21668335,0,FALSE,Wh,101
142813,15,2025-01-30T13:00:00+08:00,21668847,0,FALSE,Wh,101
142813,15,2025-01-30T13:15:00+08:00,21669365,0,FALSE,Wh,101
142813,15,2025-01-30T13:30:00+08:00,21669879,0,FALSE,Wh,101
142813,15,2025-01-30T13:45:00+08:00,21670478,0,FALSE,Wh,101
142813,15,2025-01-30T14:00:00+08:00,21671014,0,FALSE,Wh,101
142813,15,2025-01-30T14:15:00+08:00,21671529,0,FALSE,Wh,101
142813,15,2025-01-30T14:30:00+08:00,21672069,0,FALSE,Wh,101
142813,15,2025-01-30T14:45:00+08:00,21672615,0,FALSE,Wh,101
142813,15,2025-01-30T15:00:00+08:00,21673186,0,FALSE,Wh,101
142813,15,2025-01-30T15:15:00+08:00,21673717,0,FALSE,Wh,101
142813,15,2025-01-30T15:30:00+08:00,21674252,0,FALSE,Wh,101
142813,15,2025-01-30T15:45:00+08:00,21674768,0,FALSE,Wh,101
142813,15,2025-01-30T16:00:00+08:00,21675269,0,FALSE,Wh,101
142813,15,2025-01-30T16:15:00+08:00,21675777,0,FALSE,Wh,101
142813,15,2025-01-30T16:30:00+08:00,21676273,0,FALSE,Wh,101
142813,15,2025-01-30T16:45:00+08:00,21676912,0,FALSE,Wh,101
142813,15,2025-01-30T17:00:00+08:00,21677746,0,FALSE,Wh,101
142813,15,2025-01-30T17:15:00+08:00,21678576,0,FALSE,Wh,101
142813,15,2025-01-30T17:30:00+08:00,21679585,0,FALSE,Wh,101
142813,15,2025-01-30T17:45:00+08:00,21680413,0,FALSE,Wh,101
142813,15,2025-01-30T18:00:00+08:00,21681328,0,FALSE,Wh,101
142813,15,2025-01-30T18:15:00+08:00,21681898,0,FALSE,Wh,101
142813,15,2025-01-30T18:30:00+08:00,21682539,0,FALSE,Wh,101
142813,15,2025-01-30T18:45:00+08:00,21683051,0,FALSE,Wh,101
142813,15,2025-01-30T19:00:00+08:00,21683568,0,FALSE,Wh,101
142813,15,2025-01-30T19:15:00+08:00,21684036,0,FALSE,Wh,101
142813,15,2025-01-30T19:30:00+08:00,21684435,0,FALSE,Wh,101
142813,15,2025-01-30T19:45:00+08:00,21684768,0,FALSE,Wh,101
142813,15,2025-01-30T20:00:00+08:00,21685113,0,FALSE,Wh,101
142813,15,2025-01-30T20:15:00+08:00,21685510,0,FALSE,Wh,101
142813,15,2025-01-30T20:30:00+08:00,21685900,0,FALSE,Wh,101
142813,15,2025-01-30T20:45:00+08:00,21686285,0,FALSE,Wh,101
142813,15,2025-01-30T21:00:00+08:00,21686667,0,FALSE,Wh,101
142813,15,2025-01-30T21:15:00+08:00,21687042,0,FALSE,Wh,101
142813,15,2025-01-30T21:30:00+08:00,21687405,0,FALSE,Wh,101
142813,15,2025-01-30T21:45:00+08:00,21687768,0,FALSE,Wh,101
142813,15,2025-01-30T22:00:00+08:00,21687869,0,FALSE,Wh,101
142813,15,2025-01-30T22:15:00+08:00,21687954,0,FALSE,Wh,101
142813,15,2025-01-30T22:30:00+08:00,21688054,0,FALSE,Wh,101
142813,15,2025-01-30T22:45:00+08:00,21688153,0,FALSE,Wh,101
142813,15,2025-01-30T23:00:00+08:00,21688238,0,FALSE,Wh,101
142813,15,2025-01-30T23:15:00+08:00,21688331,0,FALSE,Wh,101
142813,15,2025-01-30T23:30:00+08:00,21688421,0,FALSE,Wh,101
142813,15,2025-01-30T23:45:00+08:00,21688490,0,FALSE,Wh,101
142813,15,2025-01-31T00:00:00+08:00,21688525,0,FALSE,Wh,101
142813,15,2025-01-31T00:15:00+08:00,21688541,0,FALSE,Wh,101
142813,15,2025-01-31T00:30:00+08:00,21688568,0,FALSE,Wh,101
142813,15,2025-01-31T00:45:00+08:00,21688592,0,FALSE,Wh,101
142813,15,2025-01-31T01:00:00+08:00,21688963,0,FALSE,Wh,101
142813,15,2025-01-31T01:15:00+08:00,21688985,0,FALSE,Wh,101
142813,15,2025-01-31T01:30:00+08:00,21689007,0,FALSE,Wh,101
142813,15,2025-01-31T01:45:00+08:00,21689019,0,FALSE,Wh,101
142813,15,2025-01-31T02:00:00+08:00,21689041,0,FALSE,Wh,101
142813,15,2025-01-31T02:15:00+08:00,21689064,0,FALSE,Wh,101
142813,15,2025-01-31T02:30:00+08:00,21689084,0,FALSE,Wh,101
142813,15,2025-01-31T02:45:00+08:00,21689107,0,FALSE,Wh,101
142813,15,2025-01-31T03:00:00+08:00,21689136,0,FALSE,Wh,101
142813,15,2025-01-31T03:15:00+08:00,21689149,0,FALSE,Wh,101
142813,15,2025-01-31T03:30:00+08:00,21689171,0,FALSE,Wh,101
142813,15,2025-01-31T03:45:00+08:00,21689193,0,FALSE,Wh,101
142813,15,2025-01-31T04:00:00+08:00,21689206,0,FALSE,Wh,101
142813,15,2025-01-31T04:15:00+08:00,21689232,0,FALSE,Wh,101
142813,15,2025-01-31T04:30:00+08:00,21689291,0,FALSE,Wh,101
142813,15,2025-01-31T04:45:00+08:00,21689310,0,FALSE,Wh,101
142813,15,2025-01-31T05:00:00+08:00,21689336,0,FALSE,Wh,101
142813,15,2025-01-31T05:15:00+08:00,21689360,0,FALSE,Wh,101
142813,15,2025-01-31T05:30:00+08:00,21689384,0,FALSE,Wh,101
142813,15,2025-01-31T05:45:00+08:00,21689407,0,FALSE,Wh,101
142813,15,2025-01-31T06:00:00+08:00,21689429,0,FALSE,Wh,101
142813,15,2025-01-31T06:15:00+08:00,21689452,0,FALSE,Wh,101
142813,15,2025-01-31T06:30:00+08:00,21689474,0,FALSE,Wh,101
142813,15,2025-01-31T06:45:00+08:00,21689496,0,FALSE,Wh,101
142813,15,2025-01-31T07:00:00+08:00,21689519,0,FALSE,Wh,101
142813,15,2025-01-31T07:15:00+08:00,21689540,0,FALSE,Wh,101
142813,15,2025-01-31T07:30:00+08:00,21689556,0,FALSE,Wh,101
142813,15,2025-01-31T07:45:00+08:00,21689575,0,FALSE,Wh,101
142813,15,2025-01-31T08:00:00+08:00,21689598,0,FALSE,Wh,101
142813,15,2025-01-31T08:15:00+08:00,21689619,0,FALSE,Wh,101
142813,15,2025-01-31T08:30:00+08:00,21690005,0,FALSE,Wh,101
142813,15,2025-01-31T08:45:00+08:00,21690130,0,FALSE,Wh,101
142813,15,2025-01-31T09:00:00+08:00,21690366,0,FALSE,Wh,101
142813,15,2025-01-31T09:15:00+08:00,21690506,0,FALSE,Wh,101
142813,15,2025-01-31T09:30:00+08:00,21690645,0,FALSE,Wh,101
142813,15,2025-01-31T09:45:00+08:00,21690785,0,FALSE,Wh,101
142813,15,2025-01-31T10:00:00+08:00,21690914,0,FALSE,Wh,101
142813,15,2025-01-31T10:15:00+08:00,21691053,0,FALSE,Wh,101
142813,15,2025-01-31T10:30:00+08:00,21691243,0,FALSE,Wh,101
142813,15,2025-01-31T10:45:00+08:00,21691379,0,FALSE,Wh,101
142813,15,2025-01-31T11:00:00+08:00,21692059,0,FALSE,Wh,101
142813,15,2025-01-31T11:15:00+08:00,21692201,0,FALSE,Wh,101
142813,15,2025-01-31T11:30:00+08:00,21692342,0,FALSE,Wh,101
142813,15,2025-01-31T11:45:00+08:00,21692484,0,FALSE,Wh,101
142813,15,2025-01-31T12:00:00+08:00,21692627,0,FALSE,Wh,101
142813,15,2025-01-31T12:15:00+08:00,21692768,0,FALSE,Wh,101
142813,15,2025-01-31T12:30:00+08:00,21692894,0,FALSE,Wh,101
142813,15,2025-01-31T12:45:00+08:00,21693047,0,FALSE,Wh,101
142813,15,2025-01-31T13:00:00+08:00,21693529,0,FALSE,Wh,101
142813,15,2025-01-31T13:15:00+08:00,21694006,0,FALSE,Wh,101
142813,15,2025-01-31T13:30:00+08:00,21694454,0,FALSE,Wh,101
142813,15,2025-01-31T13:45:00+08:00,21694909,0,FALSE,Wh,101
142813,15,2025-01-31T14:00:00+08:00,21695396,0,FALSE,Wh,101
142813,15,2025-01-31T14:15:00+08:00,21695849,0,FALSE,Wh,101
142813,15,2025-01-31T14:30:00+08:00,21696348,0,FALSE,Wh,101
142813,15,2025-01-31T14:45:00+08:00,21696812,0,FALSE,Wh,101
142813,15,2025-01-31T15:00:00+08:00,21697275,0,FALSE,Wh,101
142813,15,2025-01-31T15:15:00+08:00,21697734,0,FALSE,Wh,101
142813,15,2025-01-31T15:30:00+08:00,21698197,0,FALSE,Wh,101
142813,15,2025-01-31T15:45:00+08:00,21698664,0,FALSE,Wh,101
142813,15,2025-01-31T16:00:00+08:00,21699074,0,FALSE,Wh,101
142813,15,2025-01-31T16:15:00+08:00,21699484,0,FALSE,Wh,101
142813,15,2025-01-31T16:30:00+08:00,21699891,0,FALSE,Wh,101
142813,15,2025-01-31T16:45:00+08:00,21700287,0,FALSE,Wh,101
142813,15,2025-01-31T17:00:00+08:00,21700699,0,FALSE,Wh,101
142813,15,2025-01-31T17:15:00+08:00,21701109,0,FALSE,Wh,101
142813,15,2025-01-31T17:30:00+08:00,21701504,0,FALSE,Wh,101
142813,15,2025-01-31T17:45:00+08:00,21702258,0,FALSE,Wh,101
142813,15,2025-01-31T18:00:00+08:00,21702646,0,FALSE,Wh,101
142813,15,2025-01-31T18:15:00+08:00,21703028,0,FALSE,Wh,101
142813,15,2025-01-31T18:30:00+08:00,21703416,0,FALSE,Wh,101
142813,15,2025-01-31T18:45:00+08:00,21703801,0,FALSE,Wh,101
142813,15,2025-01-31T19:00:00+08:00,21704187,0,FALSE,Wh,101
142813,15,2025-01-31T19:15:00+08:00,21704572,0,FALSE,Wh,101
142813,15,2025-01-31T19:30:00+08:00,21704947,0,FALSE,Wh,101
142813,15,2025-01-31T19:45:00+08:00,21705321,0,FALSE,Wh,101
142813,15,2025-01-31T20:00:00+08:00,21705697,0,FALSE,Wh,101
142813,15,2025-01-31T20:15:00+08:00,21706067,0,FALSE,Wh,101
142813,15,2025-01-31T20:30:00+08:00,21706424,0,FALSE,Wh,101
142813,15,2025-01-31T20:45:00+08:00,21706851,0,FALSE,Wh,101
142813,15,2025-01-31T21:00:00+08:00,21707247,0,FALSE,Wh,101
142813,15,2025-01-31T21:15:00+08:00,21707634,0,FALSE,Wh,101
142813,15,2025-01-31T21:30:00+08:00,21708035,0,FALSE,Wh,101
142813,15,2025-01-31T21:45:00+08:00,21708394,0,FALSE,Wh,101
142813,15,2025-01-31T22:00:00+08:00,21708750,0,FALSE,Wh,101
142813,15,2025-01-31T22:15:00+08:00,21709103,0,FALSE,Wh,101
142813,15,2025-01-31T22:30:00+08:00,21709454,0,FALSE,Wh,101
142813,15,2025-01-31T22:45:00+08:00,21709802,0,FALSE,Wh,101
142813,15,2025-01-31T23:00:00+08:00,21710149,0,FALSE,Wh,101
142813,15,2025-01-31T23:15:00+08:00,21710489,0,FALSE,Wh,101
142813,15,2025-01-31T23:30:00+08:00,21710814,0,FALSE,Wh,101
142813,15,2025-01-31T23:45:00+08:00,21711109,0,FALSE,Wh,101
142813,15,2025-02-01T00:00:00+08:00,21711277,0,FALSE,Wh,101
142813,15,2025-02-01T00:15:00+08:00,21711360,0,FALSE,Wh,101
142813,15,2025-02-01T00:30:00+08:00,21711429,0,FALSE,Wh,101
142813,15,2025-02-01T00:45:00+08:00,21711504,0,FALSE,Wh,101
142813,15,2025-02-01T01:00:00+08:00,21711578,0,FALSE,Wh,101
142813,15,2025-02-01T01:15:00+08:00,21711641,0,FALSE,Wh,101
142813,15,2025-02-01T01:30:00+08:00,21711713,0,FALSE,Wh,101
142813,15,2025-02-01T01:45:00+08:00,21711781,0,FALSE,Wh,101
142813,15,2025-02-01T02:00:00+08:00,21711852,0,FALSE,Wh,101
142813,15,2025-02-01T02:15:00+08:00,21712327,0,FALSE,Wh,101
142813,15,2025-02-01T02:30:00+08:00,21712389,0,FALSE,Wh,101
142813,15,2025-02-01T02:45:00+08:00,21712461,0,FALSE,Wh,101
142813,15,2025-02-01T03:00:00+08:00,21712509,0,FALSE,Wh,101
142813,15,2025-02-01T03:15:00+08:00,21712594,0,FALSE,Wh,101
142813,15,2025-02-01T03:30:00+08:00,21712658,0,FALSE,Wh,101
142813,15,2025-02-01T03:45:00+08:00,21712727,0,FALSE,Wh,101
142813,15,2025-02-01T04:00:00+08:00,21712793,0,FALSE,Wh,101
142813,15,2025-02-01T04:15:00+08:00,21712853,0,FALSE,Wh,101
142813,15,2025-02-01T04:30:00+08:00,21712921,0,FALSE,Wh,101
142813,15,2025-02-01T04:45:00+08:00,21712942,0,FALSE,Wh,101
142813,15,2025-02-01T05:00:00+08:00,21712953,0,FALSE,Wh,101
142813,15,2025-02-01T05:15:00+08:00,21712973,0,FALSE,Wh,101
142813,15,2025-02-01T05:30:00+08:00,21712994,0,FALSE,Wh,101
142813,15,2025-02-01T05:45:00+08:00,21713007,0,FALSE,Wh,101
142813,15,2025-02-01T06:00:00+08:00,21713025,0,FALSE,Wh,101
142813,15,2025-02-01T06:15:00+08:00,21713045,0,FALSE,Wh,101
142813,15,2025-02-01T06:30:00+08:00,21713065,0,FALSE,Wh,101
142813,15,2025-02-01T06:45:00+08:00,21713077,0,FALSE,Wh,101
142813,15,2025-02-01T07:00:00+08:00,21713099,0,FALSE,Wh,101
142813,15,2025-02-01T07:15:00+08:00,21713120,0,FALSE,Wh,101
142813,15,2025-02-01T07:30:00+08:00,21713133,0,FALSE,Wh,101
142813,15,2025-02-01T07:45:00+08:00,21713154,0,FALSE,Wh,101
142813,15,2025-02-01T08:00:00+08:00,21713175,0,FALSE,Wh,101
142813,15,2025-02-01T08:15:00+08:00,21713191,0,FALSE,Wh,101
142813,15,2025-02-01T08:30:00+08:00,21713208,0,FALSE,Wh,101
142813,15,2025-02-01T08:45:00+08:00,21713247,0,FALSE,Wh,101
142813,15,2025-02-01T09:00:00+08:00,21713321,0,FALSE,Wh,101
142813,15,2025-02-01T09:15:00+08:00,21713522,0,FALSE,Wh,101
142813,15,2025-02-01T09:30:00+08:00,21713608,0,FALSE,Wh,101
142813,15,2025-02-01T09:45:00+08:00,21713739,0,FALSE,Wh,101
142813,15,2025-02-01T10:00:00+08:00,21713867,0,FALSE,Wh,101
142813,15,2025-02-01T10:15:00+08:00,21714006,0,FALSE,Wh,101
142813,15,2025-02-01T10:30:00+08:00,21714145,0,FALSE,Wh,101
142813,15,2025-02-01T10:45:00+08:00,21714676,0,FALSE,Wh,101
142813,15,2025-02-01T11:00:00+08:00,21714818,0,FALSE,Wh,101
142813,15,2025-02-01T11:15:00+08:00,21715530,0,FALSE,Wh,101
142813,15,2025-02-01T11:30:00+08:00,21715662,0,FALSE,Wh,101
142813,15,2025-02-01T11:45:00+08:00,21715807,0,FALSE,Wh,101
142813,15,2025-02-01T12:00:00+08:00,21715984,0,FALSE,Wh,101
142813,15,2025-02-01T12:15:00+08:00,21716118,0,FALSE,Wh,101
142813,15,2025-02-01T12:30:00+08:00,21716250,0,FALSE,Wh,101
142813,15,2025-02-01T12:45:00+08:00,21716337,0,FALSE,Wh,101
142813,15,2025-02-01T13:00:00+08:00,21716424,0,FALSE,Wh,101
142813,15,2025-02-01T13:15:00+08:00,21716510,0,FALSE,Wh,101
142813,15,2025-02-01T13:30:00+08:00,21716592,0,FALSE,Wh,101
142813,15,2025-02-01T13:45:00+08:00,21716730,0,FALSE,Wh,101
142813,15,2025-02-01T14:00:00+08:00,21716871,0,FALSE,Wh,101
142813,15,2025-02-01T14:15:00+08:00,21716871,0,FALSE,Wh,101
142813,15,2025-02-01T14:30:00+08:00,21716871,0,FALSE,Wh,101
142813,15,2025-02-01T14:45:00+08:00,21716871,0,FALSE,Wh,101
142813,15,2025-02-01T15:00:00+08:00,21716871,0,FALSE,Wh,101
142813,15,2025-02-01T15:15:00+08:00,21716871,0,FALSE,Wh,101
142813,15,2025-02-01T15:30:00+08:00,21716871,0,FALSE,Wh,101
142813,15,2025-02-01T15:45:00+08:00,21716871,0,FALSE,Wh,101
142813,15,2025-02-01T16:00:00+08:00,21716871,0,FALSE,Wh,101
142813,15,2025-02-01T16:15:00+08:00,21716871,0,FALSE,Wh,101
142813,15,2025-02-01T16:30:00+08:00,21716871,0,FALSE,Wh,101
142813,15,2025-02-01T16:45:00+08:00,21716871,0,FALSE,Wh,101
142813,15,2025-02-01T17:00:00+08:00,21716871,0,FALSE,Wh,101
142813,15,2025-02-01T17:15:00+08:00,21716871,0,FALSE,Wh,101
142813,15,2025-02-01T17:30:00+08:00,21716871,0,FALSE,Wh,101
142813,15,2025-02-01T17:45:00+08:00,21716871,0,FALSE,Wh,101
142813,15,2025-02-01T18:00:00+08:00,21716871,0,FALSE,Wh,101
142813,15,2025-02-01T18:15:00+08:00,21716871,0,FALSE,Wh,101
142813,15,2025-02-01T18:30:00+08:00,21716871,0,FALSE,Wh,101
142813,15,2025-02-01T18:45:00+08:00,21716871,0,FALSE,Wh,101
142813,15,2025-02-01T19:00:00+08:00,21716871,0,FALSE,Wh,101
142813,15,2025-02-01T19:15:00+08:00,21716871,0,FALSE,Wh,101
142813,15,2025-02-01T19:30:00+08:00,21716871,0,FALSE,Wh,101
142813,15,2025-02-01T19:45:00+08:00,21716871,0,FALSE,Wh,101
142813,15,2025-02-01T20:00:00+08:00,21716871,0,FALSE,Wh,101
142813,15,2025-02-01T20:15:00+08:00,21716871,0,FALSE,Wh,101
142813,15,2025-02-01T20:30:00+08:00,21716871,0,FALSE,Wh,101
142813,15,2025-02-01T20:45:00+08:00,21716871,0,FALSE,Wh,101
142813,15,2025-02-01T21:00:00+08:00,21716871,0,FALSE,Wh,101
142813,15,2025-02-01T21:15:00+08:00,21716871,0,FALSE,Wh,101
142813,15,2025-02-01T21:30:00+08:00,21716871,0,FALSE,Wh,101
142813,15,2025-02-01T21:45:00+08:00,21716871,0,FALSE,Wh,101
142813,15,2025-02-01T22:00:00+08:00,21716871,0,FALSE,Wh,101
142813,15,2025-02-01T22:15:00+08:00,21716871,0,FALSE,Wh,101
142813,15,2025-02-01T22:30:00+08:00,21716871,0,FALSE,Wh,101
142813,15,2025-02-01T22:45:00+08:00,21716871,0,FALSE,Wh,101
142813,15,2025-02-01T23:00:00+08:00,21716871,0,FALSE,Wh,101
142813,15,2025-02-01T23:15:00+08:00,21716871,0,FALSE,Wh,101
142813,15,2025-02-01T23:30:00+08:00,21716871,0,FALSE,Wh,101
142813,15,2025-02-01T23:45:00+08:00,21716871,0,FALSE,Wh,101
142813,15,2025-02-02T00:00:00+08:00,21716871,0,FALSE,Wh,101
142813,15,2025-02-02T00:15:00+08:00,21716871,0,FALSE,Wh,101
142813,15,2025-02-02T00:30:00+08:00,21716871,0,FALSE,Wh,101
142813,15,2025-02-02T00:45:00+08:00,21716871,0,FALSE,Wh,101
142813,15,2025-02-02T01:00:00+08:00,21716871,0,FALSE,Wh,101
142813,15,2025-02-02T01:15:00+08:00,21716871,0,FALSE,Wh,101
142813,15,2025-02-02T01:30:00+08:00,21716871,0,FALSE,Wh,101
142813,15,2025-02-02T01:45:00+08:00,21716871,0,FALSE,Wh,101
142813,15,2025-02-02T02:00:00+08:00,21716871,0,FALSE,Wh,101
142813,15,2025-02-02T02:15:00+08:00,21716871,0,FALSE,Wh,101
142813,15,2025-02-02T02:30:00+08:00,21716871,0,FALSE,Wh,101
142813,15,2025-02-02T02:45:00+08:00,21716871,0,FALSE,Wh,101
142813,15,2025-02-02T03:00:00+08:00,21716871,0,FALSE,Wh,101
142813,15,2025-02-02T03:15:00+08:00,21716871,0,FALSE,Wh,101
142813,15,2025-02-02T03:30:00+08:00,21716871,0,FALSE,Wh,101
142813,15,2025-02-02T03:45:00+08:00,21716871,0,FALSE,Wh,101
142813,15,2025-02-02T04:00:00+08:00,21716871,0,FALSE,Wh,101
142813,15,2025-02-02T04:15:00+08:00,21716871,0,FALSE,Wh,101
142813,15,2025-02-02T04:30:00+08:00,21716871,0,FALSE,Wh,101
142813,15,2025-02-02T04:45:00+08:00,21716871,0,FALSE,Wh,101
142813,15,2025-02-02T05:00:00+08:00,21716871,0,FALSE,Wh,101
142813,15,2025-02-02T05:15:00+08:00,21716871,0,FALSE,Wh,101
142813,15,2025-02-02T05:30:00+08:00,21716871,0,FALSE,Wh,101
142813,15,2025-02-02T05:45:00+08:00,21716871,0,FALSE,Wh,101
142813,15,2025-02-02T06:00:00+08:00,21716871,0,FALSE,Wh,101
142813,15,2025-02-02T06:15:00+08:00,21716871,0,FALSE,Wh,101
142813,15,2025-02-02T06:30:00+08:00,21716871,0,FALSE,Wh,101
142813,15,2025-02-02T06:45:00+08:00,21716871,0,FALSE,Wh,101
142813,15,2025-02-02T07:00:00+08:00,21716871,0,FALSE,Wh,101
142813,15,2025-02-02T07:15:00+08:00,21716871,0,FALSE,Wh,101
142813,15,2025-02-02T07:30:00+08:00,21716871,0,FALSE,Wh,101
142813,15,2025-02-02T07:45:00+08:00,21716871,0,FALSE,Wh,101
142813,15,2025-02-02T08:00:00+08:00,21716871,0,FALSE,Wh,101
142813,15,2025-02-02T08:15:00+08:00,21716871,0,FALSE,Wh,101
142813,15,2025-02-02T08:30:00+08:00,21716871,0,FALSE,Wh,101
142813,15,2025-02-02T08:45:00+08:00,21716871,0,FALSE,Wh,101
142813,15,2025-02-02T09:00:00+08:00,21716871,0,FALSE,Wh,101
142813,15,2025-02-02T09:15:00+08:00,21716871,0,FALSE,Wh,101
142813,15,2025-02-02T09:30:00+08:00,21716871,0,FALSE,Wh,101
142813,15,2025-02-02T09:45:00+08:00,21716871,0,FALSE,Wh,101
142813,15,2025-02-02T10:00:00+08:00,21716871,0,FALSE,Wh,101
142813,15,2025-02-02T10:15:00+08:00,21716871,0,FALSE,Wh,101
142813,15,2025-02-02T10:30:00+08:00,21716871,0,FALSE,Wh,101
142813,15,2025-02-02T10:45:00+08:00,21716871,0,FALSE,Wh,101
142813,15,2025-02-02T11:00:00+08:00,21716871,0,FALSE,Wh,101
142813,15,2025-02-02T11:15:00+08:00,21716871,0,FALSE,Wh,101
142813,15,2025-02-02T11:30:00+08:00,21716871,0,FALSE,Wh,101
142813,15,2025-02-02T11:45:00+08:00,21716871,0,FALSE,Wh,101
142813,15,2025-02-02T12:00:00+08:00,21716871,0,FALSE,Wh,101
142813,15,2025-02-02T12:15:00+08:00,21716871,0,FALSE,Wh,101
142813,15,2025-02-02T12:30:00+08:00,21716871,0,FALSE,Wh,101
142813,15,2025-02-02T12:45:00+08:00,21716871,0,FALSE,Wh,101
142813,15,2025-02-02T13:00:00+08:00,21716871,0,FALSE,Wh,101
142813,15,2025-02-02T13:15:00+08:00,21716871,0,FALSE,Wh,101
142813,15,2025-02-02T13:30:00+08:00,21716871,0,FALSE,Wh,101
142813,15,2025-02-02T13:45:00+08:00,21716871,0,FALSE,Wh,101
142813,15,2025-02-02T14:00:00+08:00,21716871,0,FALSE,Wh,101
142813,15,2025-02-02T14:15:00+08:00,21716871,0,FALSE,Wh,101
142813,15,2025-02-02T14:30:00+08:00,21716871,0,FALSE,Wh,101
142813,15,2025-02-02T14:45:00+08:00,21716871,0,FALSE,Wh,101
142813,15,2025-02-02T15:00:00+08:00,21716871,0,FALSE,Wh,101
142813,15,2025-02-02T15:15:00+08:00,21716871,0,FALSE,Wh,101
142813,15,2025-02-02T15:30:00+08:00,21716871,0,FALSE,Wh,101
142813,15,2025-02-02T15:45:00+08:00,21716871,0,FALSE,Wh,101
142813,15,2025-02-02T16:00:00+08:00,21716871,0,FALSE,Wh,101
142813,15,2025-02-02T16:15:00+08:00,21716871,0,FALSE,Wh,101
142813,15,2025-02-02T16:30:00+08:00,21716871,0,FALSE,Wh,101
142813,15,2025-02-02T16:45:00+08:00,21716871,0,FALSE,Wh,101
142813,15,2025-02-02T17:00:00+08:00,21716871,0,FALSE,Wh,101
142813,15,2025-02-02T17:15:00+08:00,21716871,0,FALSE,Wh,101
142813,15,2025-02-02T17:30:00+08:00,21716871,0,FALSE,Wh,101
142813,15,2025-02-02T17:45:00+08:00,21716871,0,FALSE,Wh,101
142813,15,2025-02-02T18:00:00+08:00,21716871,0,FALSE,Wh,101
142813,15,2025-02-02T18:15:00+08:00,21716871,0,FALSE,Wh,101
142813,15,2025-02-02T18:30:00+08:00,21716871,0,FALSE,Wh,101
142813,15,2025-02-02T18:45:00+08:00,21716871,0,FALSE,Wh,101
142813,15,2025-02-02T19:00:00+08:00,21716871,0,FALSE,Wh,101
142813,15,2025-02-02T19:15:00+08:00,21716871,0,FALSE,Wh,101
142813,15,2025-02-02T19:30:00+08:00,21716871,0,FALSE,Wh,101
142813,15,2025-02-02T19:45:00+08:00,21716871,0,FALSE,Wh,101
142813,15,2025-02-02T20:00:00+08:00,21716871,0,FALSE,Wh,101
142813,15,2025-02-02T20:15:00+08:00,21716871,0,FALSE,Wh,101
142813,15,2025-02-02T20:30:00+08:00,21716871,0,FALSE,Wh,101
142813,15,2025-02-02T20:45:00+08:00,21716871,0,FALSE,Wh,101
142813,15,2025-02-02T21:00:00+08:00,21716871,0,FALSE,Wh,101
142813,15,2025-02-02T21:15:00+08:00,21716871,0,FALSE,Wh,101
142813,15,2025-02-02T21:30:00+08:00,21716871,0,FALSE,Wh,101
142813,15,2025-02-02T21:45:00+08:00,21716871,0,FALSE,Wh,101
142813,15,2025-02-02T22:00:00+08:00,21716871,0,FALSE,Wh,101
142813,15,2025-02-02T22:15:00+08:00,21716871,0,FALSE,Wh,101
142813,15,2025-02-02T22:30:00+08:00,21716871,0,FALSE,Wh,101
142813,15,2025-02-02T22:45:00+08:00,21716871,0,FALSE,Wh,101
142813,15,2025-02-02T23:00:00+08:00,21716871,0,FALSE,Wh,101
142813,15,2025-02-02T23:15:00+08:00,21716871,0,FALSE,Wh,101
142813,15,2025-02-02T23:30:00+08:00,21716871,0,FALSE,Wh,101
142813,15,2025-02-02T23:45:00+08:00,21716871,0,FALSE,Wh,101
142813,15,2025-02-03T00:00:00+08:00,21716871,0,FALSE,Wh,101
142813,15,2025-02-03T00:15:00+08:00,21716871,0,FALSE,Wh,101
142813,15,2025-02-03T00:30:00+08:00,21716871,0,FALSE,Wh,101
142813,15,2025-02-03T00:45:00+08:00,21716871,0,FALSE,Wh,101
142813,15,2025-02-03T01:00:00+08:00,21716871,0,FALSE,Wh,101
142813,15,2025-02-03T01:15:00+08:00,21716871,0,FALSE,Wh,101
142813,15,2025-02-03T01:30:00+08:00,21716871,0,FALSE,Wh,101
142813,15,2025-02-03T01:45:00+08:00,21716871,0,FALSE,Wh,101
142813,15,2025-02-03T02:00:00+08:00,21716871,0,FALSE,Wh,101
142813,15,2025-02-03T02:15:00+08:00,21716871,0,FALSE,Wh,101
142813,15,2025-02-03T02:30:00+08:00,21716871,0,FALSE,Wh,101
142813,15,2025-02-03T02:45:00+08:00,21716871,0,FALSE,Wh,101
142813,15,2025-02-03T03:00:00+08:00,21716871,0,FALSE,Wh,101
142813,15,2025-02-03T03:15:00+08:00,21716871,0,FALSE,Wh,101
142813,15,2025-02-03T03:30:00+08:00,21716871,0,FALSE,Wh,101
142813,15,2025-02-03T03:45:00+08:00,21716871,0,FALSE,Wh,101
142813,15,2025-02-03T04:00:00+08:00,21716871,0,FALSE,Wh,101
142813,15,2025-02-03T04:15:00+08:00,21716871,0,FALSE,Wh,101
142813,15,2025-02-03T04:30:00+08:00,21716871,0,FALSE,Wh,101
142813,15,2025-02-03T04:45:00+08:00,21716871,0,FALSE,Wh,101
142813,15,2025-02-03T05:00:00+08:00,21716871,0,FALSE,Wh,101
142813,15,2025-02-03T05:15:00+08:00,21716871,0,FALSE,Wh,101
142813,15,2025-02-03T05:30:00+08:00,21716871,0,FALSE,Wh,101
142813,15,2025-02-03T05:45:00+08:00,21716871,0,FALSE,Wh,101
142813,15,2025-02-03T06:00:00+08:00,21716871,0,FALSE,Wh,101
142813,15,2025-02-03T06:15:00+08:00,21716871,0,FALSE,Wh,101
142813,15,2025-02-03T06:30:00+08:00,21716871,0,FALSE,Wh,101
142813,15,2025-02-03T06:45:00+08:00,21716871,0,FALSE,Wh,101
142813,15,2025-02-03T07:00:00+08:00,21716871,0,FALSE,Wh,101
142813,15,2025-02-03T07:15:00+08:00,21716871,0,FALSE,Wh,101
142813,15,2025-02-03T07:30:00+08:00,21716871,0,FALSE,Wh,101
142813,15,2025-02-03T07:45:00+08:00,21716871,0,FALSE,Wh,101
142813,15,2025-02-03T08:00:00+08:00,21716871,0,FALSE,Wh,101
142813,15,2025-02-03T08:15:00+08:00,21716871,0,FALSE,Wh,101
142813,15,2025-02-03T08:30:00+08:00,21716871,0,FALSE,Wh,101
142813,15,2025-02-03T08:45:00+08:00,21716871,0,FALSE,Wh,101
142813,15,2025-02-03T09:00:00+08:00,21716871,0,FALSE,Wh,101
142813,15,2025-02-03T09:15:00+08:00,21716871,0,FALSE,Wh,101
142813,15,2025-02-03T09:30:00+08:00,21716871,0,FALSE,Wh,101
142813,15,2025-02-03T09:45:00+08:00,21716871,0,FALSE,Wh,101
142813,15,2025-02-03T10:00:00+08:00,21716871,0,FALSE,Wh,101
142813,15,2025-02-03T10:15:00+08:00,21716871,0,FALSE,Wh,101
142813,15,2025-02-03T10:30:00+08:00,21716871,0,FALSE,Wh,101
142813,15,2025-02-03T10:45:00+08:00,21716871,0,FALSE,Wh,101
142813,15,2025-02-03T11:00:00+08:00,21716871,0,FALSE,Wh,101
142813,15,2025-02-03T11:15:00+08:00,21716871,0,FALSE,Wh,101
142813,15,2025-02-03T11:30:00+08:00,21716871,0,FALSE,Wh,101
142813,15,2025-02-03T11:45:00+08:00,21716871,0,FALSE,Wh,101
142813,15,2025-02-03T12:00:00+08:00,21716871,0,FALSE,Wh,101
142813,15,2025-02-03T12:15:00+08:00,21716871,0,FALSE,Wh,101
142813,15,2025-02-03T12:30:00+08:00,21716871,0,FALSE,Wh,101
142813,15,2025-02-03T12:45:00+08:00,21716871,0,FALSE,Wh,101
142813,15,2025-02-03T13:00:00+08:00,21716871,0,FALSE,Wh,101
142813,15,2025-02-03T13:15:00+08:00,21716871,0,FALSE,Wh,101
142813,15,2025-02-03T13:30:00+08:00,21716871,0,FALSE,Wh,101
142813,15,2025-02-03T13:45:00+08:00,21716871,0,FALSE,Wh,101
142813,15,2025-02-03T14:00:00+08:00,21716871,0,FALSE,Wh,101
142813,15,2025-02-03T14:15:00+08:00,21716871,0,FALSE,Wh,101
142813,15,2025-02-03T14:30:00+08:00,21716871,0,FALSE,Wh,101
142813,15,2025-02-03T14:45:00+08:00,21716871,0,FALSE,Wh,101
142813,15,2025-02-03T15:00:00+08:00,21716871,0,FALSE,Wh,101
142813,15,2025-02-03T15:15:00+08:00,21716871,0,FALSE,Wh,101
142813,15,2025-02-03T15:30:00+08:00,21716871,0,FALSE,Wh,101
142813,15,2025-02-03T15:45:00+08:00,21716871,0,FALSE,Wh,101
142813,15,2025-02-03T16:00:00+08:00,21716871,0,FALSE,Wh,101
142813,15,2025-02-03T16:15:00+08:00,21716871,0,FALSE,Wh,101
142813,15,2025-02-03T16:30:00+08:00,21716871,0,FALSE,Wh,101
142813,15,2025-02-03T16:45:00+08:00,21716871,0,FALSE,Wh,101
142813,15,2025-02-03T17:00:00+08:00,21716871,0,FALSE,Wh,101
142813,15,2025-02-03T17:15:00+08:00,21716871,0,FALSE,Wh,101
142813,15,2025-02-03T17:30:00+08:00,21716871,0,FALSE,Wh,101
142813,15,2025-02-03T17:45:00+08:00,21716871,0,FALSE,Wh,101
142813,15,2025-02-03T18:00:00+08:00,21716871,0,FALSE,Wh,101
142813,15,2025-02-03T18:15:00+08:00,21716871,0,FALSE,Wh,101
142813,15,2025-02-03T18:30:00+08:00,21716871,0,FALSE,Wh,101
142813,15,2025-02-03T18:45:00+08:00,21716871,0,FALSE,Wh,101
142813,15,2025-02-03T19:00:00+08:00,21716871,0,FALSE,Wh,101
142813,15,2025-02-03T19:15:00+08:00,21716871,0,FALSE,Wh,101
142813,15,2025-02-03T19:30:00+08:00,21716871,0,FALSE,Wh,101
142813,15,2025-02-03T19:45:00+08:00,21716871,0,FALSE,Wh,101
142813,15,2025-02-03T20:00:00+08:00,21716871,0,FALSE,Wh,101
142813,15,2025-02-03T20:15:00+08:00,21716871,0,FALSE,Wh,101
142813,15,2025-02-03T20:30:00+08:00,21716871,0,FALSE,Wh,101
142813,15,2025-02-03T20:45:00+08:00,21716871,0,FALSE,Wh,101
142813,15,2025-02-03T21:00:00+08:00,21716871,0,FALSE,Wh,101
142813,15,2025-02-03T21:15:00+08:00,21716871,0,FALSE,Wh,101
142813,15,2025-02-03T21:30:00+08:00,21716871,0,FALSE,Wh,101
142813,15,2025-02-03T21:45:00+08:00,21716871,0,FALSE,Wh,101
142813,15,2025-02-03T22:00:00+08:00,21716871,0,FALSE,Wh,101
142813,15,2025-02-03T22:15:00+08:00,21716871,0,FALSE,Wh,101
142813,15,2025-02-03T22:30:00+08:00,21716871,0,FALSE,Wh,101
142813,15,2025-02-03T22:45:00+08:00,21716871,0,FALSE,Wh,101
142813,15,2025-02-03T23:00:00+08:00,21716871,0,FALSE,Wh,101
142813,15,2025-02-03T23:15:00+08:00,21716871,0,FALSE,Wh,101
142813,15,2025-02-03T23:30:00+08:00,21716871,0,FALSE,Wh,101
142813,15,2025-02-03T23:45:00+08:00,21716871,0,FALSE,Wh,101
142813,15,2025-02-04T00:00:00+08:00,21716871,0,FALSE,Wh,101
142813,15,2025-02-04T00:15:00+08:00,21716871,0,FALSE,Wh,101
142813,15,2025-02-04T00:30:00+08:00,21716871,0,FALSE,Wh,101
142813,15,2025-02-04T00:45:00+08:00,21716871,0,FALSE,Wh,101
142813,15,2025-02-04T01:00:00+08:00,21716871,0,FALSE,Wh,101
142813,15,2025-02-04T01:15:00+08:00,21716871,0,FALSE,Wh,101
142813,15,2025-02-04T01:30:00+08:00,21716871,0,FALSE,Wh,101
142813,15,2025-02-04T01:45:00+08:00,21716871,0,FALSE,Wh,101
142813,15,2025-02-04T02:00:00+08:00,21716871,0,FALSE,Wh,101
142813,15,2025-02-04T02:15:00+08:00,21716871,0,FALSE,Wh,101
142813,15,2025-02-04T02:30:00+08:00,21716871,0,FALSE,Wh,101
142813,15,2025-02-04T02:45:00+08:00,21716871,0,FALSE,Wh,101
142813,15,2025-02-04T03:00:00+08:00,21716871,0,FALSE,Wh,101
142813,15,2025-02-04T03:15:00+08:00,21716871,0,FALSE,Wh,101
142813,15,2025-02-04T03:30:00+08:00,21716871,0,FALSE,Wh,101
142813,15,2025-02-04T03:45:00+08:00,21716871,0,FALSE,Wh,101
142813,15,2025-02-04T04:00:00+08:00,21716871,0,FALSE,Wh,101
142813,15,2025-02-04T04:15:00+08:00,21716871,0,FALSE,Wh,101
142813,15,2025-02-04T04:30:00+08:00,21716871,0,FALSE,Wh,101
142813,15,2025-02-04T04:45:00+08:00,21716871,0,FALSE,Wh,101
142813,15,2025-02-04T05:00:00+08:00,21716871,0,FALSE,Wh,101
142813,15,2025-02-04T05:15:00+08:00,21716871,0,FALSE,Wh,101
142813,15,2025-02-04T05:30:00+08:00,21716871,0,FALSE,Wh,101
142813,15,2025-02-04T05:45:00+08:00,21716871,0,FALSE,Wh,101
142813,15,2025-02-04T06:00:00+08:00,21716871,0,FALSE,Wh,101
142813,15,2025-02-04T06:15:00+08:00,21716871,0,FALSE,Wh,101
142813,15,2025-02-04T06:30:00+08:00,21716871,0,FALSE,Wh,101
142813,15,2025-02-04T06:45:00+08:00,21716871,0,FALSE,Wh,101
142813,15,2025-02-04T07:00:00+08:00,21716871,0,FALSE,Wh,101
142813,15,2025-02-04T07:15:00+08:00,21716871,0,FALSE,Wh,101
142813,15,2025-02-04T07:30:00+08:00,21716871,0,FALSE,Wh,101
142813,15,2025-02-04T07:45:00+08:00,21716871,0,FALSE,Wh,101
142813,15,2025-02-04T08:00:00+08:00,21716871,0,FALSE,Wh,101
142813,15,2025-02-04T08:15:00+08:00,21716871,0,FALSE,Wh,101
142813,15,2025-02-04T08:30:00+08:00,21716871,0,FALSE,Wh,101
142813,15,2025-02-04T08:45:00+08:00,21716871,0,FALSE,Wh,101
142813,15,2025-02-04T09:00:00+08:00,21716871,0,FALSE,Wh,101
142813,15,2025-02-04T09:15:00+08:00,21716871,0,FALSE,Wh,101
142813,15,2025-02-04T09:30:00+08:00,21716871,0,FALSE,Wh,101
142813,15,2025-02-04T09:45:00+08:00,21716871,0,FALSE,Wh,101
142813,15,2025-02-04T10:00:00+08:00,21716871,0,FALSE,Wh,101
142813,15,2025-02-04T10:15:00+08:00,21716871,0,FALSE,Wh,101
142813,15,2025-02-04T10:30:00+08:00,21716871,0,FALSE,Wh,101
142813,15,2025-02-04T10:45:00+08:00,21716871,0,FALSE,Wh,101
142813,15,2025-02-04T11:00:00+08:00,21716871,0,FALSE,Wh,101
142813,15,2025-02-04T11:15:00+08:00,21716871,0,FALSE,Wh,101
142813,15,2025-02-04T11:30:00+08:00,21716871,0,FALSE,Wh,101
142813,15,2025-02-04T11:45:00+08:00,21716871,0,FALSE,Wh,101
142813,15,2025-02-04T12:00:00+08:00,21716871,0,FALSE,Wh,101
142813,15,2025-02-04T12:15:00+08:00,21716871,0,FALSE,Wh,101
142813,15,2025-02-04T12:30:00+08:00,21716871,0,FALSE,Wh,101
142813,15,2025-02-04T12:45:00+08:00,21716871,0,FALSE,Wh,101
142813,15,2025-02-04T13:00:00+08:00,21716871,0,FALSE,Wh,101
142813,15,2025-02-04T13:15:00+08:00,21716871,0,FALSE,Wh,101
142813,15,2025-02-04T13:30:00+08:00,21716871,0,FALSE,Wh,101
142813,15,2025-02-04T13:45:00+08:00,21716871,0,FALSE,Wh,101
142813,15,2025-02-04T14:00:00+08:00,21716871,0,FALSE,Wh,101
142813,15,2025-02-04T14:15:00+08:00,21716871,0,FALSE,Wh,101
142813,15,2025-02-04T14:30:00+08:00,21716871,0,FALSE,Wh,101
142813,15,2025-02-04T14:45:00+08:00,21716871,0,FALSE,Wh,101
142813,15,2025-02-04T15:00:00+08:00,21716871,0,FALSE,Wh,101
142813,15,2025-02-04T15:15:00+08:00,21716871,0,FALSE,Wh,101
142813,15,2025-02-04T15:30:00+08:00,21716871,0,FALSE,Wh,101
142813,15,2025-02-04T15:45:00+08:00,21716871,0,FALSE,Wh,101
142813,15,2025-02-04T16:00:00+08:00,21716871,0,FALSE,Wh,101
142813,15,2025-02-04T16:15:00+08:00,21716871,0,FALSE,Wh,101
142813,15,2025-02-04T16:30:00+08:00,21716871,0,FALSE,Wh,101
142813,15,2025-02-04T16:45:00+08:00,21716871,0,FALSE,Wh,101
142813,15,2025-02-04T17:00:00+08:00,21716871,0,FALSE,Wh,101
142813,15,2025-02-04T17:15:00+08:00,21716871,0,FALSE,Wh,101
142813,15,2025-02-04T17:30:00+08:00,21716871,0,FALSE,Wh,101
142813,15,2025-02-04T17:45:00+08:00,21716871,0,FALSE,Wh,101
142813,15,2025-02-04T18:00:00+08:00,21716871,0,FALSE,Wh,101
142813,15,2025-02-04T18:15:00+08:00,21716871,0,FALSE,Wh,101
142813,15,2025-02-04T18:30:00+08:00,21716871,0,FALSE,Wh,101
142813,15,2025-02-04T18:45:00+08:00,21716871,0,FALSE,Wh,101
142813,15,2025-02-04T19:00:00+08:00,21716871,0,FALSE,Wh,101
142813,15,2025-02-04T19:15:00+08:00,21716871,0,FALSE,Wh,101
142813,15,2025-02-04T19:30:00+08:00,21716871,0,FALSE,Wh,101
142813,15,2025-02-04T19:45:00+08:00,21716871,0,FALSE,Wh,101
142813,15,2025-02-04T20:00:00+08:00,21716871,0,FALSE,Wh,101
142813,15,2025-02-04T20:15:00+08:00,21716871,0,FALSE,Wh,101
142813,15,2025-02-04T20:30:00+08:00,21716871,0,FALSE,Wh,101
142813,15,2025-02-04T20:45:00+08:00,21716871,0,FALSE,Wh,101
142813,15,2025-02-04T21:00:00+08:00,21716871,0,FALSE,Wh,101
142813,15,2025-02-04T21:15:00+08:00,21716871,0,FALSE,Wh,101
142813,15,2025-02-04T21:30:00+08:00,21716871,0,FALSE,Wh,101
142813,15,2025-02-04T21:45:00+08:00,21716871,0,FALSE,Wh,101
142813,15,2025-02-04T22:00:00+08:00,21716871,0,FALSE,Wh,101
142813,15,2025-02-04T22:15:00+08:00,21716871,0,FALSE,Wh,101
142813,15,2025-02-04T22:30:00+08:00,21716871,0,FALSE,Wh,101
142813,15,2025-02-04T22:45:00+08:00,21716871,0,FALSE,Wh,101
142813,15,2025-02-04T23:00:00+08:00,21716871,0,FALSE,Wh,101
142813,15,2025-02-04T23:15:00+08:00,21716871,0,FALSE,Wh,101
142813,15,2025-02-04T23:30:00+08:00,21716871,0,FALSE,Wh,101
142813,15,2025-02-04T23:45:00+08:00,21716871,0,FALSE,Wh,101
142813,15,2025-02-05T00:00:00+08:00,21716871,0,FALSE,Wh,101
142814,15,2025-01-29T00:15:00+08:00,22081072,0,FALSE,Wh,102
142814,15,2025-01-29T00:30:00+08:00,22081266,0,FALSE,Wh,102
142814,15,2025-01-29T00:45:00+08:00,22081479,0,FALSE,Wh,102
142814,15,2025-01-29T01:00:00+08:00,22081684,0,FALSE,Wh,102
142814,15,2025-01-29T01:15:00+08:00,22081849,0,FALSE,Wh,102
142814,15,2025-01-29T01:30:00+08:00,22081957,0,FALSE,Wh,102
142814,15,2025-01-29T01:45:00+08:00,22082063,0,FALSE,Wh,102
142814,15,2025-01-29T02:00:00+08:00,22082170,0,FALSE,Wh,102
142814,15,2025-01-29T02:15:00+08:00,22082275,0,FALSE,Wh,102
142814,15,2025-01-29T02:30:00+08:00,22082380,0,FALSE,Wh,102
142814,15,2025-01-29T02:45:00+08:00,22082481,0,FALSE,Wh,102
142814,15,2025-01-29T03:00:00+08:00,22082594,0,FALSE,Wh,102
142814,15,2025-01-29T03:15:00+08:00,22082700,0,FALSE,Wh,102
142814,15,2025-01-29T03:30:00+08:00,22082797,0,FALSE,Wh,102
142814,15,2025-01-29T03:45:00+08:00,22082888,0,FALSE,Wh,102
142814,15,2025-01-29T04:00:00+08:00,22082977,0,FALSE,Wh,102
142814,15,2025-01-29T04:15:00+08:00,22083051,0,FALSE,Wh,102
142814,15,2025-01-29T04:30:00+08:00,22083128,0,FALSE,Wh,102
142814,15,2025-01-29T04:45:00+08:00,22083207,0,FALSE,Wh,102
142814,15,2025-01-29T05:00:00+08:00,22083288,0,FALSE,Wh,102
142814,15,2025-01-29T05:15:00+08:00,22083376,0,FALSE,Wh,102
142814,15,2025-01-29T05:30:00+08:00,22083473,0,FALSE,Wh,102
142814,15,2025-01-29T05:45:00+08:00,22083583,0,FALSE,Wh,102
142814,15,2025-01-29T06:00:00+08:00,22083676,0,FALSE,Wh,102
142814,15,2025-01-29T06:15:00+08:00,22083766,0,FALSE,Wh,102
142814,15,2025-01-29T06:30:00+08:00,22083846,0,FALSE,Wh,102
142814,15,2025-01-29T06:45:00+08:00,22083924,0,FALSE,Wh,102
142814,15,2025-01-29T07:00:00+08:00,22084002,0,FALSE,Wh,102
142814,15,2025-01-29T07:15:00+08:00,22084080,0,FALSE,Wh,102
142814,15,2025-01-29T07:30:00+08:00,22084165,0,FALSE,Wh,102
142814,15,2025-01-29T07:45:00+08:00,22084258,0,FALSE,Wh,102
142814,15,2025-01-29T08:00:00+08:00,22084341,0,FALSE,Wh,102
142814,15,2025-01-29T08:15:00+08:00,22084420,0,FALSE,Wh,102
142814,15,2025-01-29T08:30:00+08:00,22084502,0,FALSE,Wh,102
142814,15,2025-01-29T08:45:00+08:00,22084586,0,FALSE,Wh,102
142814,15,2025-01-29T09:00:00+08:00,22084671,0,FALSE,Wh,102
142814,15,2025-01-29T09:15:00+08:00,22084757,0,FALSE,Wh,102
142814,15,2025-01-29T09:30:00+08:00,22084865,0,FALSE,Wh,102
142814,15,2025-01-29T09:45:00+08:00,22084983,0,FALSE,Wh,102
142814,15,2025-01-29T10:00:00+08:00,22085115,0,FALSE,Wh,102
142814,15,2025-01-29T10:15:00+08:00,22085694,0,FALSE,Wh,102
142814,15,2025-01-29T10:30:00+08:00,22085822,0,FALSE,Wh,102
142814,15,2025-01-29T10:45:00+08:00,22085985,0,FALSE,Wh,102
142814,15,2025-01-29T11:00:00+08:00,22086211,0,FALSE,Wh,102
142814,15,2025-01-29T11:15:00+08:00,22086441,0,FALSE,Wh,102
142814,15,2025-01-29T11:30:00+08:00,22086672,0,FALSE,Wh,102
142814,15,2025-01-29T11:45:00+08:00,22086906,0,FALSE,Wh,102
142814,15,2025-01-29T12:00:00+08:00,22087141,0,FALSE,Wh,102
142814,15,2025-01-29T12:15:00+08:00,22087401,0,FALSE,Wh,102
142814,15,2025-01-29T12:30:00+08:00,22087741,0,FALSE,Wh,102
142814,15,2025-01-29T12:45:00+08:00,22088333,0,FALSE,Wh,102
142814,15,2025-01-29T13:00:00+08:00,22088599,0,FALSE,Wh,102
142814,15,2025-01-29T13:15:00+08:00,22088873,0,FALSE,Wh,102
142814,15,2025-01-29T13:30:00+08:00,22089150,0,FALSE,Wh,102
142814,15,2025-01-29T13:45:00+08:00,22089412,0,FALSE,Wh,102
142814,15,2025-01-29T14:00:00+08:00,22089707,0,FALSE,Wh,102
142814,15,2025-01-29T14:15:00+08:00,22090001,0,FALSE,Wh,102
142814,15,2025-01-29T14:30:00+08:00,22090305,0,FALSE,Wh,102
142814,15,2025-01-29T14:45:00+08:00,22090649,0,FALSE,Wh,102
142814,15,2025-01-29T15:00:00+08:00,22091168,0,FALSE,Wh,102
142814,15,2025-01-29T15:15:00+08:00,22091794,0,FALSE,Wh,102
142814,15,2025-01-29T15:30:00+08:00,22092220,0,FALSE,Wh,102
142814,15,2025-01-29T15:45:00+08:00,22092989,0,FALSE,Wh,102
142814,15,2025-01-29T16:00:00+08:00,22093391,0,FALSE,Wh,102
142814,15,2025-01-29T16:15:00+08:00,22093926,0,FALSE,Wh,102
142814,15,2025-01-29T16:30:00+08:00,22094192,0,FALSE,Wh,102
142814,15,2025-01-29T16:45:00+08:00,22094601,0,FALSE,Wh,102
142814,15,2025-01-29T17:00:00+08:00,22095320,0,FALSE,Wh,102
142814,15,2025-01-29T17:15:00+08:00,22095963,0,FALSE,Wh,102
142814,15,2025-01-29T17:30:00+08:00,22096874,0,FALSE,Wh,102
142814,15,2025-01-29T17:45:00+08:00,22097269,0,FALSE,Wh,102
142814,15,2025-01-29T18:00:00+08:00,22097750,0,FALSE,Wh,102
142814,15,2025-01-29T18:15:00+08:00,22098187,0,FALSE,Wh,102
142814,15,2025-01-29T18:30:00+08:00,22098580,0,FALSE,Wh,102
142814,15,2025-01-29T18:45:00+08:00,22098951,0,FALSE,Wh,102
142814,15,2025-01-29T19:00:00+08:00,22099322,0,FALSE,Wh,102
142814,15,2025-01-29T19:15:00+08:00,22099694,0,FALSE,Wh,102
142814,15,2025-01-29T19:30:00+08:00,22100054,0,FALSE,Wh,102
142814,15,2025-01-29T19:45:00+08:00,22100405,0,FALSE,Wh,102
142814,15,2025-01-29T20:00:00+08:00,22100743,0,FALSE,Wh,102
142814,15,2025-01-29T20:15:00+08:00,22101265,0,FALSE,Wh,102
142814,15,2025-01-29T20:30:00+08:00,22101612,0,FALSE,Wh,102
142814,15,2025-01-29T20:45:00+08:00,22101655,0,FALSE,Wh,102
142814,15,2025-01-29T21:00:00+08:00,22101716,0,FALSE,Wh,102
142814,15,2025-01-29T21:15:00+08:00,22101777,0,FALSE,Wh,102
142814,15,2025-01-29T21:30:00+08:00,22101835,0,FALSE,Wh,102
142814,15,2025-01-29T21:45:00+08:00,22101885,0,FALSE,Wh,102
142814,15,2025-01-29T22:00:00+08:00,22101926,0,FALSE,Wh,102
142814,15,2025-01-29T22:15:00+08:00,22101966,0,FALSE,Wh,102
142814,15,2025-01-29T22:30:00+08:00,22102005,0,FALSE,Wh,102
142814,15,2025-01-29T22:45:00+08:00,22102043,0,FALSE,Wh,102
142814,15,2025-01-29T23:00:00+08:00,22102083,0,FALSE,Wh,102
142814,15,2025-01-29T23:15:00+08:00,22102122,0,FALSE,Wh,102
142814,15,2025-01-29T23:30:00+08:00,22102170,0,FALSE,Wh,102
142814,15,2025-01-29T23:45:00+08:00,22102220,0,FALSE,Wh,102
142814,15,2025-01-30T00:00:00+08:00,22102261,0,FALSE,Wh,102
142814,15,2025-01-30T00:15:00+08:00,22102297,0,FALSE,Wh,102
142814,15,2025-01-30T00:30:00+08:00,22102333,0,FALSE,Wh,102
142814,15,2025-01-30T00:45:00+08:00,22102370,0,FALSE,Wh,102
142814,15,2025-01-30T01:00:00+08:00,22102406,0,FALSE,Wh,102
142814,15,2025-01-30T01:15:00+08:00,22102442,0,FALSE,Wh,102
142814,15,2025-01-30T01:30:00+08:00,22102482,0,FALSE,Wh,102
142814,15,2025-01-30T01:45:00+08:00,22102534,0,FALSE,Wh,102
142814,15,2025-01-30T02:00:00+08:00,22102584,0,FALSE,Wh,102
142814,15,2025-01-30T02:15:00+08:00,22102633,0,FALSE,Wh,102
142814,15,2025-01-30T02:30:00+08:00,22102691,0,FALSE,Wh,102
142814,15,2025-01-30T02:45:00+08:00,22102744,0,FALSE,Wh,102
142814,15,2025-01-30T03:00:00+08:00,22102786,0,FALSE,Wh,102
142814,15,2025-01-30T03:15:00+08:00,22103197,0,FALSE,Wh,102
142814,15,2025-01-30T03:30:00+08:00,22103235,0,FALSE,Wh,102
142814,15,2025-01-30T03:45:00+08:00,22103282,0,FALSE,Wh,102
142814,15,2025-01-30T04:00:00+08:00,22103334,0,FALSE,Wh,102
142814,15,2025-01-30T04:15:00+08:00,22103378,0,FALSE,Wh,102
142814,15,2025-01-30T04:30:00+08:00,22103415,0,FALSE,Wh,102
142814,15,2025-01-30T04:45:00+08:00,22103453,0,FALSE,Wh,102
142814,15,2025-01-30T05:00:00+08:00,22103491,0,FALSE,Wh,102
142814,15,2025-01-30T05:15:00+08:00,22103527,0,FALSE,Wh,102
142814,15,2025-01-30T05:30:00+08:00,22103551,0,FALSE,Wh,102
142814,15,2025-01-30T05:45:00+08:00,22103575,0,FALSE,Wh,102
142814,15,2025-01-30T06:00:00+08:00,22103634,0,FALSE,Wh,102
142814,15,2025-01-30T06:15:00+08:00,22103794,0,FALSE,Wh,102
142814,15,2025-01-30T06:30:00+08:00,22104069,0,FALSE,Wh,102
142814,15,2025-01-30T06:45:00+08:00,22104349,0,FALSE,Wh,102
142814,15,2025-01-30T07:00:00+08:00,22104614,0,FALSE,Wh,102
142814,15,2025-01-30T07:15:00+08:00,22104792,0,FALSE,Wh,102
142814,15,2025-01-30T07:30:00+08:00,22104963,0,FALSE,Wh,102
142814,15,2025-01-30T07:45:00+08:00,22105134,0,FALSE,Wh,102
142814,15,2025-01-30T08:00:00+08:00,22105317,0,FALSE,Wh,102
142814,15,2025-01-30T08:15:00+08:00,22105498,0,FALSE,Wh,102
142814,15,2025-01-30T08:30:00+08:00,22105668,0,FALSE,Wh,102
142814,15,2025-01-30T08:45:00+08:00,22105843,0,FALSE,Wh,102
142814,15,2025-01-30T09:00:00+08:00,22106019,0,FALSE,Wh,102
142814,15,2025-01-30T09:15:00+08:00,22106198,0,FALSE,Wh,102
142814,15,2025-01-30T09:30:00+08:00,22106382,0,FALSE,Wh,102
142814,15,2025-01-30T09:45:00+08:00,22106569,0,FALSE,Wh,102
142814,15,2025-01-30T10:00:00+08:00,22106766,0,FALSE,Wh,102
142814,15,2025-01-30T10:15:00+08:00,22106973,0,FALSE,Wh,102
142814,15,2025-01-30T10:30:00+08:00,22107176,0,FALSE,Wh,102
142814,15,2025-01-30T10:45:00+08:00,22107374,0,FALSE,Wh,102
142814,15,2025-01-30T11:00:00+08:00,22107576,0,FALSE,Wh,102
142814,15,2025-01-30T11:15:00+08:00,22107778,0,FALSE,Wh,102
142814,15,2025-01-30T11:30:00+08:00,22107983,0,FALSE,Wh,102
142814,15,2025-01-30T11:45:00+08:00,22108190,0,FALSE,Wh,102
142814,15,2025-01-30T12:00:00+08:00,22108469,0,FALSE,Wh,102
142814,15,2025-01-30T12:15:00+08:00,22108626,0,FALSE,Wh,102
142814,15,2025-01-30T12:30:00+08:00,22108860,0,FALSE,Wh,102
142814,15,2025-01-30T12:45:00+08:00,22109102,0,FALSE,Wh,102
142814,15,2025-01-30T13:00:00+08:00,22109386,0,FALSE,Wh,102
142814,15,2025-01-30T13:15:00+08:00,22109697,0,FALSE,Wh,102
142814,15,2025-01-30T13:30:00+08:00,22110053,0,FALSE,Wh,102
142814,15,2025-01-30T13:45:00+08:00,22110814,0,FALSE,Wh,102
142814,15,2025-01-30T14:00:00+08:00,22111224,0,FALSE,Wh,102
142814,15,2025-01-30T14:15:00+08:00,22111597,0,FALSE,Wh,102
142814,15,2025-01-30T14:30:00+08:00,22111978,0,FALSE,Wh,102
142814,15,2025-01-30T14:45:00+08:00,22112360,0,FALSE,Wh,102
142814,15,2025-01-30T15:00:00+08:00,22112732,0,FALSE,Wh,102
142814,15,2025-01-30T15:15:00+08:00,22113103,0,FALSE,Wh,102
142814,15,2025-01-30T15:30:00+08:00,22113469,0,FALSE,Wh,102
142814,15,2025-01-30T15:45:00+08:00,22113836,0,FALSE,Wh,102
142814,15,2025-01-30T16:00:00+08:00,22114195,0,FALSE,Wh,102
142814,15,2025-01-30T16:15:00+08:00,22114946,0,FALSE,Wh,102
142814,15,2025-01-30T16:30:00+08:00,22115462,0,FALSE,Wh,102
142814,15,2025-01-30T16:45:00+08:00,22116232,0,FALSE,Wh,102
142814,15,2025-01-30T17:00:00+08:00,22116763,0,FALSE,Wh,102
142814,15,2025-01-30T17:15:00+08:00,22117182,0,FALSE,Wh,102
142814,15,2025-01-30T17:30:00+08:00,22117898,0,FALSE,Wh,102
142814,15,2025-01-30T17:45:00+08:00,22118840,0,FALSE,Wh,102
142814,15,2025-01-30T18:00:00+08:00,22119567,0,FALSE,Wh,102
142814,15,2025-01-30T18:15:00+08:00,22120700,0,FALSE,Wh,102
142814,15,2025-01-30T18:30:00+08:00,22121253,0,FALSE,Wh,102
142814,15,2025-01-30T18:45:00+08:00,22122400,0,FALSE,Wh,102
142814,15,2025-01-30T19:00:00+08:00,22122763,0,FALSE,Wh,102
142814,15,2025-01-30T19:15:00+08:00,22123112,0,FALSE,Wh,102
142814,15,2025-01-30T19:30:00+08:00,22123552,0,FALSE,Wh,102
142814,15,2025-01-30T19:45:00+08:00,22123975,0,FALSE,Wh,102
142814,15,2025-01-30T20:00:00+08:00,22124375,0,FALSE,Wh,102
142814,15,2025-01-30T20:15:00+08:00,22124689,0,FALSE,Wh,102
142814,15,2025-01-30T20:30:00+08:00,22124935,0,FALSE,Wh,102
142814,15,2025-01-30T20:45:00+08:00,22125131,0,FALSE,Wh,102
142814,15,2025-01-30T21:00:00+08:00,22125283,0,FALSE,Wh,102
142814,15,2025-01-30T21:15:00+08:00,22125394,0,FALSE,Wh,102
142814,15,2025-01-30T21:30:00+08:00,22125509,0,FALSE,Wh,102
142814,15,2025-01-30T21:45:00+08:00,22125631,0,FALSE,Wh,102
142814,15,2025-01-30T22:00:00+08:00,22125756,0,FALSE,Wh,102
142814,15,2025-01-30T22:15:00+08:00,22125852,0,FALSE,Wh,102
142814,15,2025-01-30T22:30:00+08:00,22125972,0,FALSE,Wh,102
142814,15,2025-01-30T22:45:00+08:00,22126063,0,FALSE,Wh,102
142814,15,2025-01-30T23:00:00+08:00,22126169,0,FALSE,Wh,102
142814,15,2025-01-30T23:15:00+08:00,22126285,0,FALSE,Wh,102
142814,15,2025-01-30T23:30:00+08:00,22126387,0,FALSE,Wh,102
142814,15,2025-01-30T23:45:00+08:00,22126486,0,FALSE,Wh,102
142814,15,2025-01-31T00:00:00+08:00,22126572,0,FALSE,Wh,102
142814,15,2025-01-31T00:15:00+08:00,22126660,0,FALSE,Wh,102
142814,15,2025-01-31T00:30:00+08:00,22126746,0,FALSE,Wh,102
142814,15,2025-01-31T00:45:00+08:00,22126834,0,FALSE,Wh,102
142814,15,2025-01-31T01:00:00+08:00,22126924,0,FALSE,Wh,102
142814,15,2025-01-31T01:15:00+08:00,22127019,0,FALSE,Wh,102
142814,15,2025-01-31T01:30:00+08:00,22127108,0,FALSE,Wh,102
142814,15,2025-01-31T01:45:00+08:00,22127623,0,FALSE,Wh,102
142814,15,2025-01-31T02:00:00+08:00,22127696,0,FALSE,Wh,102
142814,15,2025-01-31T02:15:00+08:00,22127776,0,FALSE,Wh,102
142814,15,2025-01-31T02:30:00+08:00,22127845,0,FALSE,Wh,102
142814,15,2025-01-31T02:45:00+08:00,22127922,0,FALSE,Wh,102
142814,15,2025-01-31T03:00:00+08:00,22128029,0,FALSE,Wh,102
142814,15,2025-01-31T03:15:00+08:00,22128106,0,FALSE,Wh,102
142814,15,2025-01-31T03:30:00+08:00,22128202,0,FALSE,Wh,102
142814,15,2025-01-31T03:45:00+08:00,22128293,0,FALSE,Wh,102
142814,15,2025-01-31T04:00:00+08:00,22128358,0,FALSE,Wh,102
142814,15,2025-01-31T04:15:00+08:00,22128426,0,FALSE,Wh,102
142814,15,2025-01-31T04:30:00+08:00,22128502,0,FALSE,Wh,102
142814,15,2025-01-31T04:45:00+08:00,22128568,0,FALSE,Wh,102
142814,15,2025-01-31T05:00:00+08:00,22128629,0,FALSE,Wh,102
142814,15,2025-01-31T05:15:00+08:00,22128698,0,FALSE,Wh,102
142814,15,2025-01-31T05:30:00+08:00,22128775,0,FALSE,Wh,102
142814,15,2025-01-31T05:45:00+08:00,22128861,0,FALSE,Wh,102
142814,15,2025-01-31T06:00:00+08:00,22129239,0,FALSE,Wh,102
142814,15,2025-01-31T06:15:00+08:00,22129557,0,FALSE,Wh,102
142814,15,2025-01-31T06:30:00+08:00,22129621,0,FALSE,Wh,102
142814,15,2025-01-31T06:45:00+08:00,22129696,0,FALSE,Wh,102
142814,15,2025-01-31T07:00:00+08:00,22129770,0,FALSE,Wh,102
142814,15,2025-01-31T07:15:00+08:00,22129831,0,FALSE,Wh,102
142814,15,2025-01-31T07:30:00+08:00,22129899,0,FALSE,Wh,102
142814,15,2025-01-31T07:45:00+08:00,22129982,0,FALSE,Wh,102
142814,15,2025-01-31T08:00:00+08:00,22130075,0,FALSE,Wh,102
142814,15,2025-01-31T08:15:00+08:00,22130144,0,FALSE,Wh,102
142814,15,2025-01-31T08:30:00+08:00,22130226,0,FALSE,Wh,102
142814,15,2025-01-31T08:45:00+08:00,22130298,0,FALSE,Wh,102
142814,15,2025-01-31T09:00:00+08:00,22130385,0,FALSE,Wh,102
142814,15,2025-01-31T09:15:00+08:00,22130452,0,FALSE,Wh,102
142814,15,2025-01-31T09:30:00+08:00,22130538,0,FALSE,Wh,102
142814,15,2025-01-31T09:45:00+08:00,22130630,0,FALSE,Wh,102
142814,15,2025-01-31T10:00:00+08:00,22130724,0,FALSE,Wh,102
142814,15,2025-01-31T10:15:00+08:00,22130824,0,FALSE,Wh,102
142814,15,2025-01-31T10:30:00+08:00,22130924,0,FALSE,Wh,102
142814,15,2025-01-31T10:45:00+08:00,22131015,0,FALSE,Wh,102
142814,15,2025-01-31T11:00:00+08:00,22131128,0,FALSE,Wh,102
142814,15,2025-01-31T11:15:00+08:00,22131211,0,FALSE,Wh,102
142814,15,2025-01-31T11:30:00+08:00,22131314,0,FALSE,Wh,102
142814,15,2025-01-31T11:45:00+08:00,22131427,0,FALSE,Wh,102
142814,15,2025-01-31T12:00:00+08:00,22131549,0,FALSE,Wh,102
142814,15,2025-01-31T12:15:00+08:00,22131679,0,FALSE,Wh,102
142814,15,2025-01-31T12:30:00+08:00,22131795,0,FALSE,Wh,102
142814,15,2025-01-31T12:45:00+08:00,22131905,0,FALSE,Wh,102
142814,15,2025-01-31T13:00:00+08:00,22132017,0,FALSE,Wh,102
142814,15,2025-01-31T13:15:00+08:00,22132126,0,FALSE,Wh,102
142814,15,2025-01-31T13:30:00+08:00,22132236,0,FALSE,Wh,102
142814,15,2025-01-31T13:45:00+08:00,22132764,0,FALSE,Wh,102
142814,15,2025-01-31T14:00:00+08:00,22133218,0,FALSE,Wh,102
142814,15,2025-01-31T14:15:00+08:00,22133397,0,FALSE,Wh,102
142814,15,2025-01-31T14:30:00+08:00,22133635,0,FALSE,Wh,102
142814,15,2025-01-31T14:45:00+08:00,22133953,0,FALSE,Wh,102
142814,15,2025-01-31T15:00:00+08:00,22134300,0,FALSE,Wh,102
142814,15,2025-01-31T15:15:00+08:00,22134649,0,FALSE,Wh,102
142814,15,2025-01-31T15:30:00+08:00,22135003,0,FALSE,Wh,102
142814,15,2025-01-31T15:45:00+08:00,22135354,0,FALSE,Wh,102
142814,15,2025-01-31T16:00:00+08:00,22135705,0,FALSE,Wh,102
142814,15,2025-01-31T16:15:00+08:00,22136063,0,FALSE,Wh,102
142814,15,2025-01-31T16:30:00+08:00,22136420,0,FALSE,Wh,102
142814,15,2025-01-31T16:45:00+08:00,22136776,0,FALSE,Wh,102
142814,15,2025-01-31T17:00:00+08:00,22137118,0,FALSE,Wh,102
142814,15,2025-01-31T17:15:00+08:00,22137451,0,FALSE,Wh,102
142814,15,2025-01-31T17:30:00+08:00,22137982,0,FALSE,Wh,102
142814,15,2025-01-31T17:45:00+08:00,22139149,0,FALSE,Wh,102
142814,15,2025-01-31T18:00:00+08:00,22139505,0,FALSE,Wh,102
142814,15,2025-01-31T18:15:00+08:00,22139817,0,FALSE,Wh,102
142814,15,2025-01-31T18:30:00+08:00,22140139,0,FALSE,Wh,102
142814,15,2025-01-31T18:45:00+08:00,22140449,0,FALSE,Wh,102
142814,15,2025-01-31T19:00:00+08:00,22140740,0,FALSE,Wh,102
142814,15,2025-01-31T19:15:00+08:00,22141017,0,FALSE,Wh,102
142814,15,2025-01-31T19:30:00+08:00,22141342,0,FALSE,Wh,102
142814,15,2025-01-31T19:45:00+08:00,22141468,0,FALSE,Wh,102
142814,15,2025-01-31T20:00:00+08:00,22141558,0,FALSE,Wh,102
142814,15,2025-01-31T20:15:00+08:00,22141632,0,FALSE,Wh,102
142814,15,2025-01-31T20:30:00+08:00,22141749,0,FALSE,Wh,102
142814,15,2025-01-31T20:45:00+08:00,22141867,0,FALSE,Wh,102
142814,15,2025-01-31T21:00:00+08:00,22141969,0,FALSE,Wh,102
142814,15,2025-01-31T21:15:00+08:00,22142480,0,FALSE,Wh,102
142814,15,2025-01-31T21:30:00+08:00,22142677,0,FALSE,Wh,102
142814,15,2025-01-31T21:45:00+08:00,22142756,0,FALSE,Wh,102
142814,15,2025-01-31T22:00:00+08:00,22142850,0,FALSE,Wh,102
142814,15,2025-01-31T22:15:00+08:00,22142965,0,FALSE,Wh,102
142814,15,2025-01-31T22:30:00+08:00,22143072,0,FALSE,Wh,102
142814,15,2025-01-31T22:45:00+08:00,22143178,0,FALSE,Wh,102
142814,15,2025-01-31T23:00:00+08:00,22143264,0,FALSE,Wh,102
142814,15,2025-01-31T23:15:00+08:00,22143343,0,FALSE,Wh,102
142814,15,2025-01-31T23:30:00+08:00,22143431,0,FALSE,Wh,102
142814,15,2025-01-31T23:45:00+08:00,22143534,0,FALSE,Wh,102
142814,15,2025-02-01T00:00:00+08:00,22143638,0,FALSE,Wh,102
142814,15,2025-02-01T00:15:00+08:00,22143726,0,FALSE,Wh,102
142814,15,2025-02-01T00:30:00+08:00,22143882,0,FALSE,Wh,102
142814,15,2025-02-01T00:45:00+08:00,22144046,0,FALSE,Wh,102
142814,15,2025-02-01T01:00:00+08:00,22144160,0,FALSE,Wh,102
142814,15,2025-02-01T01:15:00+08:00,22144253,0,FALSE,Wh,102
142814,15,2025-02-01T01:30:00+08:00,22144332,0,FALSE,Wh,102
142814,15,2025-02-01T01:45:00+08:00,22144408,0,FALSE,Wh,102
142814,15,2025-02-01T02:00:00+08:00,22144483,0,FALSE,Wh,102
142814,15,2025-02-01T02:15:00+08:00,22144558,0,FALSE,Wh,102
142814,15,2025-02-01T02:30:00+08:00,22144631,0,FALSE,Wh,102
142814,15,2025-02-01T02:45:00+08:00,22144705,0,FALSE,Wh,102
142814,15,2025-02-01T03:00:00+08:00,22144763,0,FALSE,Wh,102
142814,15,2025-02-01T03:15:00+08:00,22144875,0,FALSE,Wh,102
142814,15,2025-02-01T03:30:00+08:00,22144947,0,FALSE,Wh,102
142814,15,2025-02-01T03:45:00+08:00,22145017,0,FALSE,Wh,102
142814,15,2025-02-01T04:00:00+08:00,22145087,0,FALSE,Wh,102
142814,15,2025-02-01T04:15:00+08:00,22145157,0,FALSE,Wh,102
142814,15,2025-02-01T04:30:00+08:00,22145227,0,FALSE,Wh,102
142814,15,2025-02-01T04:45:00+08:00,22145297,0,FALSE,Wh,102
142814,15,2025-02-01T05:00:00+08:00,22145391,0,FALSE,Wh,102
142814,15,2025-02-01T05:15:00+08:00,22145487,0,FALSE,Wh,102
142814,15,2025-02-01T05:30:00+08:00,22145567,0,FALSE,Wh,102
142814,15,2025-02-01T05:45:00+08:00,22145638,0,FALSE,Wh,102
142814,15,2025-02-01T06:00:00+08:00,22145707,0,FALSE,Wh,102
142814,15,2025-02-01T06:15:00+08:00,22146222,0,FALSE,Wh,102
142814,15,2025-02-01T06:30:00+08:00,22146291,0,FALSE,Wh,102
142814,15,2025-02-01T06:45:00+08:00,22146360,0,FALSE,Wh,102
142814,15,2025-02-01T07:00:00+08:00,22146429,0,FALSE,Wh,102
142814,15,2025-02-01T07:15:00+08:00,22146506,0,FALSE,Wh,102
142814,15,2025-02-01T07:30:00+08:00,22146597,0,FALSE,Wh,102
142814,15,2025-02-01T07:45:00+08:00,22146674,0,FALSE,Wh,102
142814,15,2025-02-01T08:00:00+08:00,22146746,0,FALSE,Wh,102
142814,15,2025-02-01T08:15:00+08:00,22146847,0,FALSE,Wh,102
142814,15,2025-02-01T08:30:00+08:00,22146953,0,FALSE,Wh,102
142814,15,2025-02-01T08:45:00+08:00,22147043,0,FALSE,Wh,102
142814,15,2025-02-01T09:00:00+08:00,22147126,0,FALSE,Wh,102
142814,15,2025-02-01T09:15:00+08:00,22147210,0,FALSE,Wh,102
142814,15,2025-02-01T09:30:00+08:00,22147307,0,FALSE,Wh,102
142814,15,2025-02-01T09:45:00+08:00,22147438,0,FALSE,Wh,102
142814,15,2025-02-01T10:00:00+08:00,22147649,0,FALSE,Wh,102
142814,15,2025-02-01T10:15:00+08:00,22147721,0,FALSE,Wh,102
142814,15,2025-02-01T10:30:00+08:00,22147795,0,FALSE,Wh,102
142814,15,2025-02-01T10:45:00+08:00,22147869,0,FALSE,Wh,102
142814,15,2025-02-01T11:00:00+08:00,22147945,0,FALSE,Wh,102
142814,15,2025-02-01T11:15:00+08:00,22148041,0,FALSE,Wh,102
142814,15,2025-02-01T11:30:00+08:00,22148191,0,FALSE,Wh,102
142814,15,2025-02-01T11:45:00+08:00,22148386,0,FALSE,Wh,102
142814,15,2025-02-01T12:00:00+08:00,22148593,0,FALSE,Wh,102
142814,15,2025-02-01T12:15:00+08:00,22149236,0,FALSE,Wh,102
142814,15,2025-02-01T12:30:00+08:00,22149496,0,FALSE,Wh,102
142814,15,2025-02-01T12:45:00+08:00,22149771,0,FALSE,Wh,102
142814,15,2025-02-01T13:00:00+08:00,22150067,0,FALSE,Wh,102
142814,15,2025-02-01T13:15:00+08:00,22150302,0,FALSE,Wh,102
142814,15,2025-02-01T13:30:00+08:00,22150520,0,FALSE,Wh,102
142814,15,2025-02-01T13:45:00+08:00,22150810,0,FALSE,Wh,102
142814,15,2025-02-01T14:00:00+08:00,22151111,0,FALSE,Wh,102
142814,15,2025-02-01T14:15:00+08:00,22151111,0,FALSE,Wh,102
142814,15,2025-02-01T14:30:00+08:00,22151111,0,FALSE,Wh,102
142814,15,2025-02-01T14:45:00+08:00,22151111,0,FALSE,Wh,102
142814,15,2025-02-01T15:00:00+08:00,22151111,0,FALSE,Wh,102
142814,15,2025-02-01T15:15:00+08:00,22151111,0,FALSE,Wh,102
142814,15,2025-02-01T15:30:00+08:00,22151111,0,FALSE,Wh,102
142814,15,2025-02-01T15:45:00+08:00,22151111,0,FALSE,Wh,102
142814,15,2025-02-01T16:00:00+08:00,22151111,0,FALSE,Wh,102
142814,15,2025-02-01T16:15:00+08:00,22151111,0,FALSE,Wh,102
142814,15,2025-02-01T16:30:00+08:00,22151111,0,FALSE,Wh,102
142814,15,2025-02-01T16:45:00+08:00,22151111,0,FALSE,Wh,102
142814,15,2025-02-01T17:00:00+08:00,22151111,0,FALSE,Wh,102
142814,15,2025-02-01T17:15:00+08:00,22151111,0,FALSE,Wh,102
142814,15,2025-02-01T17:30:00+08:00,22151111,0,FALSE,Wh,102
142814,15,2025-02-01T17:45:00+08:00,22151111,0,FALSE,Wh,102
142814,15,2025-02-01T18:00:00+08:00,22151111,0,FALSE,Wh,102
142814,15,2025-02-01T18:15:00+08:00,22151111,0,FALSE,Wh,102
142814,15,2025-02-01T18:30:00+08:00,22151111,0,FALSE,Wh,102
142814,15,2025-02-01T18:45:00+08:00,22151111,0,FALSE,Wh,102
142814,15,2025-02-01T19:00:00+08:00,22151111,0,FALSE,Wh,102
142814,15,2025-02-01T19:15:00+08:00,22151111,0,FALSE,Wh,102
142814,15,2025-02-01T19:30:00+08:00,22151111,0,FALSE,Wh,102
142814,15,2025-02-01T19:45:00+08:00,22151111,0,FALSE,Wh,102
142814,15,2025-02-01T20:00:00+08:00,22151111,0,FALSE,Wh,102
142814,15,2025-02-01T20:15:00+08:00,22151111,0,FALSE,Wh,102
142814,15,2025-02-01T20:30:00+08:00,22151111,0,FALSE,Wh,102
142814,15,2025-02-01T20:45:00+08:00,22151111,0,FALSE,Wh,102
142814,15,2025-02-01T21:00:00+08:00,22151111,0,FALSE,Wh,102
142814,15,2025-02-01T21:15:00+08:00,22151111,0,FALSE,Wh,102
142814,15,2025-02-01T21:30:00+08:00,22151111,0,FALSE,Wh,102
142814,15,2025-02-01T21:45:00+08:00,22151111,0,FALSE,Wh,102
142814,15,2025-02-01T22:00:00+08:00,22151111,0,FALSE,Wh,102
142814,15,2025-02-01T22:15:00+08:00,22151111,0,FALSE,Wh,102
142814,15,2025-02-01T22:30:00+08:00,22151111,0,FALSE,Wh,102
142814,15,2025-02-01T22:45:00+08:00,22151111,0,FALSE,Wh,102
142814,15,2025-02-01T23:00:00+08:00,22151111,0,FALSE,Wh,102
142814,15,2025-02-01T23:15:00+08:00,22151111,0,FALSE,Wh,102
142814,15,2025-02-01T23:30:00+08:00,22151111,0,FALSE,Wh,102
142814,15,2025-02-01T23:45:00+08:00,22151111,0,FALSE,Wh,102
142814,15,2025-02-02T00:00:00+08:00,22151111,0,FALSE,Wh,102
142814,15,2025-02-02T00:15:00+08:00,22151111,0,FALSE,Wh,102
142814,15,2025-02-02T00:30:00+08:00,22151111,0,FALSE,Wh,102
142814,15,2025-02-02T00:45:00+08:00,22151111,0,FALSE,Wh,102
142814,15,2025-02-02T01:00:00+08:00,22151111,0,FALSE,Wh,102
142814,15,2025-02-02T01:15:00+08:00,22151111,0,FALSE,Wh,102
142814,15,2025-02-02T01:30:00+08:00,22151111,0,FALSE,Wh,102
142814,15,2025-02-02T01:45:00+08:00,22151111,0,FALSE,Wh,102
142814,15,2025-02-02T02:00:00+08:00,22151111,0,FALSE,Wh,102
142814,15,2025-02-02T02:15:00+08:00,22151111,0,FALSE,Wh,102
142814,15,2025-02-02T02:30:00+08:00,22151111,0,FALSE,Wh,102
142814,15,2025-02-02T02:45:00+08:00,22151111,0,FALSE,Wh,102
142814,15,2025-02-02T03:00:00+08:00,22151111,0,FALSE,Wh,102
142814,15,2025-02-02T03:15:00+08:00,22151111,0,FALSE,Wh,102
142814,15,2025-02-02T03:30:00+08:00,22151111,0,FALSE,Wh,102
142814,15,2025-02-02T03:45:00+08:00,22151111,0,FALSE,Wh,102
142814,15,2025-02-02T04:00:00+08:00,22151111,0,FALSE,Wh,102
142814,15,2025-02-02T04:15:00+08:00,22151111,0,FALSE,Wh,102
142814,15,2025-02-02T04:30:00+08:00,22151111,0,FALSE,Wh,102
142814,15,2025-02-02T04:45:00+08:00,22151111,0,FALSE,Wh,102
142814,15,2025-02-02T05:00:00+08:00,22151111,0,FALSE,Wh,102
142814,15,2025-02-02T05:15:00+08:00,22151111,0,FALSE,Wh,102
142814,15,2025-02-02T05:30:00+08:00,22151111,0,FALSE,Wh,102
142814,15,2025-02-02T05:45:00+08:00,22151111,0,FALSE,Wh,102
142814,15,2025-02-02T06:00:00+08:00,22151111,0,FALSE,Wh,102
142814,15,2025-02-02T06:15:00+08:00,22151111,0,FALSE,Wh,102
142814,15,2025-02-02T06:30:00+08:00,22151111,0,FALSE,Wh,102
142814,15,2025-02-02T06:45:00+08:00,22151111,0,FALSE,Wh,102
142814,15,2025-02-02T07:00:00+08:00,22151111,0,FALSE,Wh,102
142814,15,2025-02-02T07:15:00+08:00,22151111,0,FALSE,Wh,102
142814,15,2025-02-02T07:30:00+08:00,22151111,0,FALSE,Wh,102
142814,15,2025-02-02T07:45:00+08:00,22151111,0,FALSE,Wh,102
142814,15,2025-02-02T08:00:00+08:00,22151111,0,FALSE,Wh,102
142814,15,2025-02-02T08:15:00+08:00,22151111,0,FALSE,Wh,102
142814,15,2025-02-02T08:30:00+08:00,22151111,0,FALSE,Wh,102
142814,15,2025-02-02T08:45:00+08:00,22151111,0,FALSE,Wh,102
142814,15,2025-02-02T09:00:00+08:00,22151111,0,FALSE,Wh,102
142814,15,2025-02-02T09:15:00+08:00,22151111,0,FALSE,Wh,102
142814,15,2025-02-02T09:30:00+08:00,22151111,0,FALSE,Wh,102
142814,15,2025-02-02T09:45:00+08:00,22151111,0,FALSE,Wh,102
142814,15,2025-02-02T10:00:00+08:00,22151111,0,FALSE,Wh,102
142814,15,2025-02-02T10:15:00+08:00,22151111,0,FALSE,Wh,102
142814,15,2025-02-02T10:30:00+08:00,22151111,0,FALSE,Wh,102
142814,15,2025-02-02T10:45:00+08:00,22151111,0,FALSE,Wh,102
142814,15,2025-02-02T11:00:00+08:00,22151111,0,FALSE,Wh,102
142814,15,2025-02-02T11:15:00+08:00,22151111,0,FALSE,Wh,102
142814,15,2025-02-02T11:30:00+08:00,22151111,0,FALSE,Wh,102
142814,15,2025-02-02T11:45:00+08:00,22151111,0,FALSE,Wh,102
142814,15,2025-02-02T12:00:00+08:00,22151111,0,FALSE,Wh,102
142814,15,2025-02-02T12:15:00+08:00,22151111,0,FALSE,Wh,102
142814,15,2025-02-02T12:30:00+08:00,22151111,0,FALSE,Wh,102
142814,15,2025-02-02T12:45:00+08:00,22151111,0,FALSE,Wh,102
142814,15,2025-02-02T13:00:00+08:00,22151111,0,FALSE,Wh,102
142814,15,2025-02-02T13:15:00+08:00,22151111,0,FALSE,Wh,102
142814,15,2025-02-02T13:30:00+08:00,22151111,0,FALSE,Wh,102
142814,15,2025-02-02T13:45:00+08:00,22151111,0,FALSE,Wh,102
142814,15,2025-02-02T14:00:00+08:00,22151111,0,FALSE,Wh,102
142814,15,2025-02-02T14:15:00+08:00,22151111,0,FALSE,Wh,102
142814,15,2025-02-02T14:30:00+08:00,22151111,0,FALSE,Wh,102
142814,15,2025-02-02T14:45:00+08:00,22151111,0,FALSE,Wh,102
142814,15,2025-02-02T15:00:00+08:00,22151111,0,FALSE,Wh,102
142814,15,2025-02-02T15:15:00+08:00,22151111,0,FALSE,Wh,102
142814,15,2025-02-02T15:30:00+08:00,22151111,0,FALSE,Wh,102
142814,15,2025-02-02T15:45:00+08:00,22151111,0,FALSE,Wh,102
142814,15,2025-02-02T16:00:00+08:00,22151111,0,FALSE,Wh,102
142814,15,2025-02-02T16:15:00+08:00,22151111,0,FALSE,Wh,102
142814,15,2025-02-02T16:30:00+08:00,22151111,0,FALSE,Wh,102
142814,15,2025-02-02T16:45:00+08:00,22151111,0,FALSE,Wh,102
142814,15,2025-02-02T17:00:00+08:00,22151111,0,FALSE,Wh,102
142814,15,2025-02-02T17:15:00+08:00,22151111,0,FALSE,Wh,102
142814,15,2025-02-02T17:30:00+08:00,22151111,0,FALSE,Wh,102
142814,15,2025-02-02T17:45:00+08:00,22151111,0,FALSE,Wh,102
142814,15,2025-02-02T18:00:00+08:00,22151111,0,FALSE,Wh,102
142814,15,2025-02-02T18:15:00+08:00,22151111,0,FALSE,Wh,102
142814,15,2025-02-02T18:30:00+08:00,22151111,0,FALSE,Wh,102
142814,15,2025-02-02T18:45:00+08:00,22151111,0,FALSE,Wh,102
142814,15,2025-02-02T19:00:00+08:00,22151111,0,FALSE,Wh,102
142814,15,2025-02-02T19:15:00+08:00,22151111,0,FALSE,Wh,102
142814,15,2025-02-02T19:30:00+08:00,22151111,0,FALSE,Wh,102
142814,15,2025-02-02T19:45:00+08:00,22151111,0,FALSE,Wh,102
142814,15,2025-02-02T20:00:00+08:00,22151111,0,FALSE,Wh,102
142814,15,2025-02-02T20:15:00+08:00,22151111,0,FALSE,Wh,102
142814,15,2025-02-02T20:30:00+08:00,22151111,0,FALSE,Wh,102
142814,15,2025-02-02T20:45:00+08:00,22151111,0,FALSE,Wh,102
142814,15,2025-02-02T21:00:00+08:00,22151111,0,FALSE,Wh,102
142814,15,2025-02-02T21:15:00+08:00,22151111,0,FALSE,Wh,102
142814,15,2025-02-02T21:30:00+08:00,22151111,0,FALSE,Wh,102
142814,15,2025-02-02T21:45:00+08:00,22151111,0,FALSE,Wh,102
142814,15,2025-02-02T22:00:00+08:00,22151111,0,FALSE,Wh,102
142814,15,2025-02-02T22:15:00+08:00,22151111,0,FALSE,Wh,102
142814,15,2025-02-02T22:30:00+08:00,22151111,0,FALSE,Wh,102
142814,15,2025-02-02T22:45:00+08:00,22151111,0,FALSE,Wh,102
142814,15,2025-02-02T23:00:00+08:00,22151111,0,FALSE,Wh,102
142814,15,2025-02-02T23:15:00+08:00,22151111,0,FALSE,Wh,102
142814,15,2025-02-02T23:30:00+08:00,22151111,0,FALSE,Wh,102
142814,15,2025-02-02T23:45:00+08:00,22151111,0,FALSE,Wh,102
142814,15,2025-02-03T00:00:00+08:00,22151111,0,FALSE,Wh,102
142814,15,2025-02-03T00:15:00+08:00,22151111,0,FALSE,Wh,102
142814,15,2025-02-03T00:30:00+08:00,22151111,0,FALSE,Wh,102
142814,15,2025-02-03T00:45:00+08:00,22151111,0,FALSE,Wh,102
142814,15,2025-02-03T01:00:00+08:00,22151111,0,FALSE,Wh,102
142814,15,2025-02-03T01:15:00+08:00,22151111,0,FALSE,Wh,102
142814,15,2025-02-03T01:30:00+08:00,22151111,0,FALSE,Wh,102
142814,15,2025-02-03T01:45:00+08:00,22151111,0,FALSE,Wh,102
142814,15,2025-02-03T02:00:00+08:00,22151111,0,FALSE,Wh,102
142814,15,2025-02-03T02:15:00+08:00,22151111,0,FALSE,Wh,102
142814,15,2025-02-03T02:30:00+08:00,22151111,0,FALSE,Wh,102
142814,15,2025-02-03T02:45:00+08:00,22151111,0,FALSE,Wh,102
142814,15,2025-02-03T03:00:00+08:00,22151111,0,FALSE,Wh,102
142814,15,2025-02-03T03:15:00+08:00,22151111,0,FALSE,Wh,102
142814,15,2025-02-03T03:30:00+08:00,22151111,0,FALSE,Wh,102
142814,15,2025-02-03T03:45:00+08:00,22151111,0,FALSE,Wh,102
142814,15,2025-02-03T04:00:00+08:00,22151111,0,FALSE,Wh,102
142814,15,2025-02-03T04:15:00+08:00,22151111,0,FALSE,Wh,102
142814,15,2025-02-03T04:30:00+08:00,22151111,0,FALSE,Wh,102
142814,15,2025-02-03T04:45:00+08:00,22151111,0,FALSE,Wh,102
142814,15,2025-02-03T05:00:00+08:00,22151111,0,FALSE,Wh,102
142814,15,2025-02-03T05:15:00+08:00,22151111,0,FALSE,Wh,102
142814,15,2025-02-03T05:30:00+08:00,22151111,0,FALSE,Wh,102
142814,15,2025-02-03T05:45:00+08:00,22151111,0,FALSE,Wh,102
142814,15,2025-02-03T06:00:00+08:00,22151111,0,FALSE,Wh,102
142814,15,2025-02-03T06:15:00+08:00,22151111,0,FALSE,Wh,102
142814,15,2025-02-03T06:30:00+08:00,22151111,0,FALSE,Wh,102
142814,15,2025-02-03T06:45:00+08:00,22151111,0,FALSE,Wh,102
142814,15,2025-02-03T07:00:00+08:00,22151111,0,FALSE,Wh,102
142814,15,2025-02-03T07:15:00+08:00,22151111,0,FALSE,Wh,102
142814,15,2025-02-03T07:30:00+08:00,22151111,0,FALSE,Wh,102
142814,15,2025-02-03T07:45:00+08:00,22151111,0,FALSE,Wh,102
142814,15,2025-02-03T08:00:00+08:00,22151111,0,FALSE,Wh,102
142814,15,2025-02-03T08:15:00+08:00,22151111,0,FALSE,Wh,102
142814,15,2025-02-03T08:30:00+08:00,22151111,0,FALSE,Wh,102
142814,15,2025-02-03T08:45:00+08:00,22151111,0,FALSE,Wh,102
142814,15,2025-02-03T09:00:00+08:00,22151111,0,FALSE,Wh,102
142814,15,2025-02-03T09:15:00+08:00,22151111,0,FALSE,Wh,102
142814,15,2025-02-03T09:30:00+08:00,22151111,0,FALSE,Wh,102
142814,15,2025-02-03T09:45:00+08:00,22151111,0,FALSE,Wh,102
142814,15,2025-02-03T10:00:00+08:00,22151111,0,FALSE,Wh,102
142814,15,2025-02-03T10:15:00+08:00,22151111,0,FALSE,Wh,102
142814,15,2025-02-03T10:30:00+08:00,22151111,0,FALSE,Wh,102
142814,15,2025-02-03T10:45:00+08:00,22151111,0,FALSE,Wh,102
142814,15,2025-02-03T11:00:00+08:00,22151111,0,FALSE,Wh,102
142814,15,2025-02-03T11:15:00+08:00,22151111,0,FALSE,Wh,102
142814,15,2025-02-03T11:30:00+08:00,22151111,0,FALSE,Wh,102
142814,15,2025-02-03T11:45:00+08:00,22151111,0,FALSE,Wh,102
142814,15,2025-02-03T12:00:00+08:00,22151111,0,FALSE,Wh,102
142814,15,2025-02-03T12:15:00+08:00,22151111,0,FALSE,Wh,102
142814,15,2025-02-03T12:30:00+08:00,22151111,0,FALSE,Wh,102
142814,15,2025-02-03T12:45:00+08:00,22151111,0,FALSE,Wh,102
142814,15,2025-02-03T13:00:00+08:00,22151111,0,FALSE,Wh,102
142814,15,2025-02-03T13:15:00+08:00,22151111,0,FALSE,Wh,102
142814,15,2025-02-03T13:30:00+08:00,22151111,0,FALSE,Wh,102
142814,15,2025-02-03T13:45:00+08:00,22151111,0,FALSE,Wh,102
142814,15,2025-02-03T14:00:00+08:00,22151111,0,FALSE,Wh,102
142814,15,2025-02-03T14:15:00+08:00,22151111,0,FALSE,Wh,102
142814,15,2025-02-03T14:30:00+08:00,22151111,0,FALSE,Wh,102
142814,15,2025-02-03T14:45:00+08:00,22151111,0,FALSE,Wh,102
142814,15,2025-02-03T15:00:00+08:00,22151111,0,FALSE,Wh,102
142814,15,2025-02-03T15:15:00+08:00,22151111,0,FALSE,Wh,102
142814,15,2025-02-03T15:30:00+08:00,22151111,0,FALSE,Wh,102
142814,15,2025-02-03T15:45:00+08:00,22151111,0,FALSE,Wh,102
142814,15,2025-02-03T16:00:00+08:00,22151111,0,FALSE,Wh,102
142814,15,2025-02-03T16:15:00+08:00,22151111,0,FALSE,Wh,102
142814,15,2025-02-03T16:30:00+08:00,22151111,0,FALSE,Wh,102
142814,15,2025-02-03T16:45:00+08:00,22151111,0,FALSE,Wh,102
142814,15,2025-02-03T17:00:00+08:00,22151111,0,FALSE,Wh,102
142814,15,2025-02-03T17:15:00+08:00,22151111,0,FALSE,Wh,102
142814,15,2025-02-03T17:30:00+08:00,22151111,0,FALSE,Wh,102
142814,15,2025-02-03T17:45:00+08:00,22151111,0,FALSE,Wh,102
142814,15,2025-02-03T18:00:00+08:00,22151111,0,FALSE,Wh,102
142814,15,2025-02-03T18:15:00+08:00,22151111,0,FALSE,Wh,102
142814,15,2025-02-03T18:30:00+08:00,22151111,0,FALSE,Wh,102
142814,15,2025-02-03T18:45:00+08:00,22151111,0,FALSE,Wh,102
142814,15,2025-02-03T19:00:00+08:00,22151111,0,FALSE,Wh,102
142814,15,2025-02-03T19:15:00+08:00,22151111,0,FALSE,Wh,102
142814,15,2025-02-03T19:30:00+08:00,22151111,0,FALSE,Wh,102
142814,15,2025-02-03T19:45:00+08:00,22151111,0,FALSE,Wh,102
142814,15,2025-02-03T20:00:00+08:00,22151111,0,FALSE,Wh,102
142814,15,2025-02-03T20:15:00+08:00,22151111,0,FALSE,Wh,102
142814,15,2025-02-03T20:30:00+08:00,22151111,0,FALSE,Wh,102
142814,15,2025-02-03T20:45:00+08:00,22151111,0,FALSE,Wh,102
142814,15,2025-02-03T21:00:00+08:00,22151111,0,FALSE,Wh,102
142814,15,2025-02-03T21:15:00+08:00,22151111,0,FALSE,Wh,102
142814,15,2025-02-03T21:30:00+08:00,22151111,0,FALSE,Wh,102
142814,15,2025-02-03T21:45:00+08:00,22151111,0,FALSE,Wh,102
142814,15,2025-02-03T22:00:00+08:00,22151111,0,FALSE,Wh,102
142814,15,2025-02-03T22:15:00+08:00,22151111,0,FALSE,Wh,102
142814,15,2025-02-03T22:30:00+08:00,22151111,0,FALSE,Wh,102
142814,15,2025-02-03T22:45:00+08:00,22151111,0,FALSE,Wh,102
142814,15,2025-02-03T23:00:00+08:00,22151111,0,FALSE,Wh,102
142814,15,2025-02-03T23:15:00+08:00,22151111,0,FALSE,Wh,102
142814,15,2025-02-03T23:30:00+08:00,22151111,0,FALSE,Wh,102
142814,15,2025-02-03T23:45:00+08:00,22151111,0,FALSE,Wh,102
142814,15,2025-02-04T00:00:00+08:00,22151111,0,FALSE,Wh,102
142814,15,2025-02-04T00:15:00+08:00,22151111,0,FALSE,Wh,102
142814,15,2025-02-04T00:30:00+08:00,22151111,0,FALSE,Wh,102
142814,15,2025-02-04T00:45:00+08:00,22151111,0,FALSE,Wh,102
142814,15,2025-02-04T01:00:00+08:00,22151111,0,FALSE,Wh,102
142814,15,2025-02-04T01:15:00+08:00,22151111,0,FALSE,Wh,102
142814,15,2025-02-04T01:30:00+08:00,22151111,0,FALSE,Wh,102
142814,15,2025-02-04T01:45:00+08:00,22151111,0,FALSE,Wh,102
142814,15,2025-02-04T02:00:00+08:00,22151111,0,FALSE,Wh,102
142814,15,2025-02-04T02:15:00+08:00,22151111,0,FALSE,Wh,102
142814,15,2025-02-04T02:30:00+08:00,22151111,0,FALSE,Wh,102
142814,15,2025-02-04T02:45:00+08:00,22151111,0,FALSE,Wh,102
142814,15,2025-02-04T03:00:00+08:00,22151111,0,FALSE,Wh,102
142814,15,2025-02-04T03:15:00+08:00,22151111,0,FALSE,Wh,102
142814,15,2025-02-04T03:30:00+08:00,22151111,0,FALSE,Wh,102
142814,15,2025-02-04T03:45:00+08:00,22151111,0,FALSE,Wh,102
142814,15,2025-02-04T04:00:00+08:00,22151111,0,FALSE,Wh,102
142814,15,2025-02-04T04:15:00+08:00,22151111,0,FALSE,Wh,102
142814,15,2025-02-04T04:30:00+08:00,22151111,0,FALSE,Wh,102
142814,15,2025-02-04T04:45:00+08:00,22151111,0,FALSE,Wh,102
142814,15,2025-02-04T05:00:00+08:00,22151111,0,FALSE,Wh,102
142814,15,2025-02-04T05:15:00+08:00,22151111,0,FALSE,Wh,102
142814,15,2025-02-04T05:30:00+08:00,22151111,0,FALSE,Wh,102
142814,15,2025-02-04T05:45:00+08:00,22151111,0,FALSE,Wh,102
142814,15,2025-02-04T06:00:00+08:00,22151111,0,FALSE,Wh,102
142814,15,2025-02-04T06:15:00+08:00,22151111,0,FALSE,Wh,102
142814,15,2025-02-04T06:30:00+08:00,22151111,0,FALSE,Wh,102
142814,15,2025-02-04T06:45:00+08:00,22151111,0,FALSE,Wh,102
142814,15,2025-02-04T07:00:00+08:00,22151111,0,FALSE,Wh,102
142814,15,2025-02-04T07:15:00+08:00,22151111,0,FALSE,Wh,102
142814,15,2025-02-04T07:30:00+08:00,22151111,0,FALSE,Wh,102
142814,15,2025-02-04T07:45:00+08:00,22151111,0,FALSE,Wh,102
142814,15,2025-02-04T08:00:00+08:00,22151111,0,FALSE,Wh,102
142814,15,2025-02-04T08:15:00+08:00,22151111,0,FALSE,Wh,102
142814,15,2025-02-04T08:30:00+08:00,22151111,0,FALSE,Wh,102
142814,15,2025-02-04T08:45:00+08:00,22151111,0,FALSE,Wh,102
142814,15,2025-02-04T09:00:00+08:00,22151111,0,FALSE,Wh,102
142814,15,2025-02-04T09:15:00+08:00,22151111,0,FALSE,Wh,102
142814,15,2025-02-04T09:30:00+08:00,22151111,0,FALSE,Wh,102
142814,15,2025-02-04T09:45:00+08:00,22151111,0,FALSE,Wh,102
142814,15,2025-02-04T10:00:00+08:00,22151111,0,FALSE,Wh,102
142814,15,2025-02-04T10:15:00+08:00,22151111,0,FALSE,Wh,102
142814,15,2025-02-04T10:30:00+08:00,22151111,0,FALSE,Wh,102
142814,15,2025-02-04T10:45:00+08:00,22151111,0,FALSE,Wh,102
142814,15,2025-02-04T11:00:00+08:00,22151111,0,FALSE,Wh,102
142814,15,2025-02-04T11:15:00+08:00,22151111,0,FALSE,Wh,102
142814,15,2025-02-04T11:30:00+08:00,22151111,0,FALSE,Wh,102
142814,15,2025-02-04T11:45:00+08:00,22151111,0,FALSE,Wh,102
142814,15,2025-02-04T12:00:00+08:00,22151111,0,FALSE,Wh,102
142814,15,2025-02-04T12:15:00+08:00,22151111,0,FALSE,Wh,102
142814,15,2025-02-04T12:30:00+08:00,22151111,0,FALSE,Wh,102
142814,15,2025-02-04T12:45:00+08:00,22151111,0,FALSE,Wh,102
142814,15,2025-02-04T13:00:00+08:00,22151111,0,FALSE,Wh,102
142814,15,2025-02-04T13:15:00+08:00,22151111,0,FALSE,Wh,102
142814,15,2025-02-04T13:30:00+08:00,22151111,0,FALSE,Wh,102
142814,15,2025-02-04T13:45:00+08:00,22151111,0,FALSE,Wh,102
142814,15,2025-02-04T14:00:00+08:00,22151111,0,FALSE,Wh,102
142814,15,2025-02-04T14:15:00+08:00,22151111,0,FALSE,Wh,102
142814,15,2025-02-04T14:30:00+08:00,22151111,0,FALSE,Wh,102
142814,15,2025-02-04T14:45:00+08:00,22151111,0,FALSE,Wh,102
142814,15,2025-02-04T15:00:00+08:00,22151111,0,FALSE,Wh,102
142814,15,2025-02-04T15:15:00+08:00,22151111,0,FALSE,Wh,102
142814,15,2025-02-04T15:30:00+08:00,22151111,0,FALSE,Wh,102
142814,15,2025-02-04T15:45:00+08:00,22151111,0,FALSE,Wh,102
142814,15,2025-02-04T16:00:00+08:00,22151111,0,FALSE,Wh,102
142814,15,2025-02-04T16:15:00+08:00,22151111,0,FALSE,Wh,102
142814,15,2025-02-04T16:30:00+08:00,22151111,0,FALSE,Wh,102
142814,15,2025-02-04T16:45:00+08:00,22151111,0,FALSE,Wh,102
142814,15,2025-02-04T17:00:00+08:00,22151111,0,FALSE,Wh,102
142814,15,2025-02-04T17:15:00+08:00,22151111,0,FALSE,Wh,102
142814,15,2025-02-04T17:30:00+08:00,22151111,0,FALSE,Wh,102
142814,15,2025-02-04T17:45:00+08:00,22151111,0,FALSE,Wh,102
142814,15,2025-02-04T18:00:00+08:00,22151111,0,FALSE,Wh,102
142814,15,2025-02-04T18:15:00+08:00,22151111,0,FALSE,Wh,102
142814,15,2025-02-04T18:30:00+08:00,22151111,0,FALSE,Wh,102
142814,15,2025-02-04T18:45:00+08:00,22151111,0,FALSE,Wh,102
142814,15,2025-02-04T19:00:00+08:00,22151111,0,FALSE,Wh,102
142814,15,2025-02-04T19:15:00+08:00,22151111,0,FALSE,Wh,102
142814,15,2025-02-04T19:30:00+08:00,22151111,0,FALSE,Wh,102
142814,15,2025-02-04T19:45:00+08:00,22151111,0,FALSE,Wh,102
142814,15,2025-02-04T20:00:00+08:00,22151111,0,FALSE,Wh,102
142814,15,2025-02-04T20:15:00+08:00,22151111,0,FALSE,Wh,102
142814,15,2025-02-04T20:30:00+08:00,22151111,0,FALSE,Wh,102
142814,15,2025-02-04T20:45:00+08:00,22151111,0,FALSE,Wh,102
142814,15,2025-02-04T21:00:00+08:00,22151111,0,FALSE,Wh,102
142814,15,2025-02-04T21:15:00+08:00,22151111,0,FALSE,Wh,102
142814,15,2025-02-04T21:30:00+08:00,22151111,0,FALSE,Wh,102
142814,15,2025-02-04T21:45:00+08:00,22151111,0,FALSE,Wh,102
142814,15,2025-02-04T22:00:00+08:00,22151111,0,FALSE,Wh,102
142814,15,2025-02-04T22:15:00+08:00,22151111,0,FALSE,Wh,102
142814,15,2025-02-04T22:30:00+08:00,22151111,0,FALSE,Wh,102
142814,15,2025-02-04T22:45:00+08:00,22151111,0,FALSE,Wh,102
142814,15,2025-02-04T23:00:00+08:00,22151111,0,FALSE,Wh,102
142814,15,2025-02-04T23:15:00+08:00,22151111,0,FALSE,Wh,102
142814,15,2025-02-04T23:30:00+08:00,22151111,0,FALSE,Wh,102
142814,15,2025-02-04T23:45:00+08:00,22151111,0,FALSE,Wh,102
142814,15,2025-02-05T00:00:00+08:00,22151111,0,FALSE,Wh,102
142815,15,2025-01-29T00:15:00+08:00,19426209,0,FALSE,Wh,103
142815,15,2025-01-29T00:30:00+08:00,19426313,0,FALSE,Wh,103
142815,15,2025-01-29T00:45:00+08:00,19426422,0,FALSE,Wh,103
142815,15,2025-01-29T01:00:00+08:00,19426515,0,FALSE,Wh,103
142815,15,2025-01-29T01:15:00+08:00,19426621,0,FALSE,Wh,103
142815,15,2025-01-29T01:30:00+08:00,19426724,0,FALSE,Wh,103
142815,15,2025-01-29T01:45:00+08:00,19426836,0,FALSE,Wh,103
142815,15,2025-01-29T02:00:00+08:00,19426946,0,FALSE,Wh,103
142815,15,2025-01-29T02:15:00+08:00,19427049,0,FALSE,Wh,103
142815,15,2025-01-29T02:30:00+08:00,19427151,0,FALSE,Wh,103
142815,15,2025-01-29T02:45:00+08:00,19427251,0,FALSE,Wh,103
142815,15,2025-01-29T03:00:00+08:00,19427358,0,FALSE,Wh,103
142815,15,2025-01-29T03:15:00+08:00,19427457,0,FALSE,Wh,103
142815,15,2025-01-29T03:30:00+08:00,19427554,0,FALSE,Wh,103
142815,15,2025-01-29T03:45:00+08:00,19427641,0,FALSE,Wh,103
142815,15,2025-01-29T04:00:00+08:00,19427726,0,FALSE,Wh,103
142815,15,2025-01-29T04:15:00+08:00,19427817,0,FALSE,Wh,103
142815,15,2025-01-29T04:30:00+08:00,19427909,0,FALSE,Wh,103
142815,15,2025-01-29T04:45:00+08:00,19427981,0,FALSE,Wh,103
142815,15,2025-01-29T05:00:00+08:00,19428063,0,FALSE,Wh,103
142815,15,2025-01-29T05:15:00+08:00,19428218,0,FALSE,Wh,103
142815,15,2025-01-29T05:30:00+08:00,19428673,0,FALSE,Wh,103
142815,15,2025-01-29T05:45:00+08:00,19428758,0,FALSE,Wh,103
142815,15,2025-01-29T06:00:00+08:00,19428829,0,FALSE,Wh,103
142815,15,2025-01-29T06:15:00+08:00,19428897,0,FALSE,Wh,103
142815,15,2025-01-29T06:30:00+08:00,19428969,0,FALSE,Wh,103
142815,15,2025-01-29T06:45:00+08:00,19429046,0,FALSE,Wh,103
142815,15,2025-01-29T07:00:00+08:00,19429131,0,FALSE,Wh,103
142815,15,2025-01-29T07:15:00+08:00,19429203,0,FALSE,Wh,103
142815,15,2025-01-29T07:30:00+08:00,19429291,0,FALSE,Wh,103
142815,15,2025-01-29T07:45:00+08:00,19429389,0,FALSE,Wh,103
142815,15,2025-01-29T08:00:00+08:00,19429474,0,FALSE,Wh,103
142815,15,2025-01-29T08:15:00+08:00,19429571,0,FALSE,Wh,103
142815,15,2025-01-29T08:30:00+08:00,19429675,0,FALSE,Wh,103
142815,15,2025-01-29T08:45:00+08:00,19429700,0,FALSE,Wh,103
142815,15,2025-01-29T09:00:00+08:00,19429718,0,FALSE,Wh,103
142815,15,2025-01-29T09:15:00+08:00,19429735,0,FALSE,Wh,103
142815,15,2025-01-29T09:30:00+08:00,19429742,0,FALSE,Wh,103
142815,15,2025-01-29T09:45:00+08:00,19429749,0,FALSE,Wh,103
142815,15,2025-01-29T10:00:00+08:00,19429759,0,FALSE,Wh,103
142815,15,2025-01-29T10:15:00+08:00,19429773,0,FALSE,Wh,103
142815,15,2025-01-29T10:30:00+08:00,19429791,0,FALSE,Wh,103
142815,15,2025-01-29T10:45:00+08:00,19429805,0,FALSE,Wh,103
142815,15,2025-01-29T11:00:00+08:00,19429890,0,FALSE,Wh,103
142815,15,2025-01-29T11:15:00+08:00,19430326,0,FALSE,Wh,103
142815,15,2025-01-29T11:30:00+08:00,19430689,0,FALSE,Wh,103
142815,15,2025-01-29T11:45:00+08:00,19431454,0,FALSE,Wh,103
142815,15,2025-01-29T12:00:00+08:00,19431924,0,FALSE,Wh,103
142815,15,2025-01-29T12:15:00+08:00,19432271,0,FALSE,Wh,103
142815,15,2025-01-29T12:30:00+08:00,19432636,0,FALSE,Wh,103
142815,15,2025-01-29T12:45:00+08:00,19432774,0,FALSE,Wh,103
142815,15,2025-01-29T13:00:00+08:00,19432792,0,FALSE,Wh,103
142815,15,2025-01-29T13:15:00+08:00,19432802,0,FALSE,Wh,103
142815,15,2025-01-29T13:30:00+08:00,19432810,0,FALSE,Wh,103
142815,15,2025-01-29T13:45:00+08:00,19432828,0,FALSE,Wh,103
142815,15,2025-01-29T14:00:00+08:00,19432845,0,FALSE,Wh,103
142815,15,2025-01-29T14:15:00+08:00,19432857,0,FALSE,Wh,103
142815,15,2025-01-29T14:30:00+08:00,19432864,0,FALSE,Wh,103
142815,15,2025-01-29T14:45:00+08:00,19432881,0,FALSE,Wh,103
142815,15,2025-01-29T15:00:00+08:00,19432899,0,FALSE,Wh,103
142815,15,2025-01-29T15:15:00+08:00,19432911,0,FALSE,Wh,103
142815,15,2025-01-29T15:30:00+08:00,19432918,0,FALSE,Wh,103
142815,15,2025-01-29T15:45:00+08:00,19432935,0,FALSE,Wh,103
142815,15,2025-01-29T16:00:00+08:00,19432952,0,FALSE,Wh,103
142815,15,2025-01-29T16:15:00+08:00,19432961,0,FALSE,Wh,103
142815,15,2025-01-29T16:30:00+08:00,19432975,0,FALSE,Wh,103
142815,15,2025-01-29T16:45:00+08:00,19432992,0,FALSE,Wh,103
142815,15,2025-01-29T17:00:00+08:00,19433010,0,FALSE,Wh,103
142815,15,2025-01-29T17:15:00+08:00,19433172,0,FALSE,Wh,103
142815,15,2025-01-29T17:30:00+08:00,19434050,0,FALSE,Wh,103
142815,15,2025-01-29T17:45:00+08:00,19434517,0,FALSE,Wh,103
142815,15,2025-01-29T18:00:00+08:00,19435537,0,FALSE,Wh,103
142815,15,2025-01-29T18:15:00+08:00,19436066,0,FALSE,Wh,103
142815,15,2025-01-29T18:30:00+08:00,19436247,0,FALSE,Wh,103
142815,15,2025-01-29T18:45:00+08:00,19436295,0,FALSE,Wh,103
142815,15,2025-01-29T19:00:00+08:00,19436346,0,FALSE,Wh,103
142815,15,2025-01-29T19:15:00+08:00,19436908,0,FALSE,Wh,103
142815,15,2025-01-29T19:30:00+08:00,19436958,0,FALSE,Wh,103
142815,15,2025-01-29T19:45:00+08:00,19437177,0,FALSE,Wh,103
142815,15,2025-01-29T20:00:00+08:00,19437674,0,FALSE,Wh,103
142815,15,2025-01-29T20:15:00+08:00,19438089,0,FALSE,Wh,103
142815,15,2025-01-29T20:30:00+08:00,19438480,0,FALSE,Wh,103
142815,15,2025-01-29T20:45:00+08:00,19438874,0,FALSE,Wh,103
142815,15,2025-01-29T21:00:00+08:00,19439267,0,FALSE,Wh,103
142815,15,2025-01-29T21:15:00+08:00,19439617,0,FALSE,Wh,103
142815,15,2025-01-29T21:30:00+08:00,19439954,0,FALSE,Wh,103
142815,15,2025-01-29T21:45:00+08:00,19440288,0,FALSE,Wh,103
142815,15,2025-01-29T22:00:00+08:00,19440621,0,FALSE,Wh,103
142815,15,2025-01-29T22:15:00+08:00,19440953,0,FALSE,Wh,103
142815,15,2025-01-29T22:30:00+08:00,19441281,0,FALSE,Wh,103
142815,15,2025-01-29T22:45:00+08:00,19441587,0,FALSE,Wh,103
142815,15,2025-01-29T23:00:00+08:00,19441914,0,FALSE,Wh,103
142815,15,2025-01-29T23:15:00+08:00,19442242,0,FALSE,Wh,103
142815,15,2025-01-29T23:30:00+08:00,19442573,0,FALSE,Wh,103
142815,15,2025-01-29T23:45:00+08:00,19442909,0,FALSE,Wh,103
142815,15,2025-01-30T00:00:00+08:00,19443235,0,FALSE,Wh,103
142815,15,2025-01-30T00:15:00+08:00,19443557,0,FALSE,Wh,103
142815,15,2025-01-30T00:30:00+08:00,19443876,0,FALSE,Wh,103
142815,15,2025-01-30T00:45:00+08:00,19444199,0,FALSE,Wh,103
142815,15,2025-01-30T01:00:00+08:00,19444462,0,FALSE,Wh,103
142815,15,2025-01-30T01:15:00+08:00,19444700,0,FALSE,Wh,103
142815,15,2025-01-30T01:30:00+08:00,19444948,0,FALSE,Wh,103
142815,15,2025-01-30T01:45:00+08:00,19445197,0,FALSE,Wh,103
142815,15,2025-01-30T02:00:00+08:00,19445435,0,FALSE,Wh,103
142815,15,2025-01-30T02:15:00+08:00,19445647,0,FALSE,Wh,103
142815,15,2025-01-30T02:30:00+08:00,19445810,0,FALSE,Wh,103
142815,15,2025-01-30T02:45:00+08:00,19445930,0,FALSE,Wh,103
142815,15,2025-01-30T03:00:00+08:00,19446033,0,FALSE,Wh,103
142815,15,2025-01-30T03:15:00+08:00,19446133,0,FALSE,Wh,103
142815,15,2025-01-30T03:30:00+08:00,19446222,0,FALSE,Wh,103
142815,15,2025-01-30T03:45:00+08:00,19446311,0,FALSE,Wh,103
142815,15,2025-01-30T04:00:00+08:00,19446407,0,FALSE,Wh,103
142815,15,2025-01-30T04:15:00+08:00,19446503,0,FALSE,Wh,103
142815,15,2025-01-30T04:30:00+08:00,19446590,0,FALSE,Wh,103
142815,15,2025-01-30T04:45:00+08:00,19446670,0,FALSE,Wh,103
142815,15,2025-01-30T05:00:00+08:00,19446749,0,FALSE,Wh,103
142815,15,2025-01-30T05:15:00+08:00,19446862,0,FALSE,Wh,103
142815,15,2025-01-30T05:30:00+08:00,19446971,0,FALSE,Wh,103
142815,15,2025-01-30T05:45:00+08:00,19447075,0,FALSE,Wh,103
142815,15,2025-01-30T06:00:00+08:00,19447181,0,FALSE,Wh,103
142815,15,2025-01-30T06:15:00+08:00,19447296,0,FALSE,Wh,103
142815,15,2025-01-30T06:30:00+08:00,19447409,0,FALSE,Wh,103
142815,15,2025-01-30T06:45:00+08:00,19447516,0,FALSE,Wh,103
142815,15,2025-01-30T07:00:00+08:00,19448106,0,FALSE,Wh,103
142815,15,2025-01-30T07:15:00+08:00,19448221,0,FALSE,Wh,103
142815,15,2025-01-30T07:30:00+08:00,19448340,0,FALSE,Wh,103
142815,15,2025-01-30T07:45:00+08:00,19448455,0,FALSE,Wh,103
142815,15,2025-01-30T08:00:00+08:00,19448590,0,FALSE,Wh,103
142815,15,2025-01-30T08:15:00+08:00,19448742,0,FALSE,Wh,103
142815,15,2025-01-30T08:30:00+08:00,19448909,0,FALSE,Wh,103
142815,15,2025-01-30T08:45:00+08:00,19449085,0,FALSE,Wh,103
142815,15,2025-01-30T09:00:00+08:00,19449211,0,FALSE,Wh,103
142815,15,2025-01-30T09:15:00+08:00,19449225,0,FALSE,Wh,103
142815,15,2025-01-30T09:30:00+08:00,19449243,0,FALSE,Wh,103
142815,15,2025-01-30T09:45:00+08:00,19449257,0,FALSE,Wh,103
142815,15,2025-01-30T10:00:00+08:00,19449264,0,FALSE,Wh,103
142815,15,2025-01-30T10:15:00+08:00,19449271,0,FALSE,Wh,103
142815,15,2025-01-30T10:30:00+08:00,19449288,0,FALSE,Wh,103
142815,15,2025-01-30T10:45:00+08:00,19449305,0,FALSE,Wh,103
142815,15,2025-01-30T11:00:00+08:00,19449313,0,FALSE,Wh,103
142815,15,2025-01-30T11:15:00+08:00,19449320,0,FALSE,Wh,103
142815,15,2025-01-30T11:30:00+08:00,19449334,0,FALSE,Wh,103
142815,15,2025-01-30T11:45:00+08:00,19449352,0,FALSE,Wh,103
142815,15,2025-01-30T12:00:00+08:00,19449366,0,FALSE,Wh,103
142815,15,2025-01-30T12:15:00+08:00,19449371,0,FALSE,Wh,103
142815,15,2025-01-30T12:30:00+08:00,19449858,0,FALSE,Wh,103
142815,15,2025-01-30T12:45:00+08:00,19450547,0,FALSE,Wh,103
142815,15,2025-01-30T13:00:00+08:00,19450913,0,FALSE,Wh,103
142815,15,2025-01-30T13:15:00+08:00,19451595,0,FALSE,Wh,103
142815,15,2025-01-30T13:30:00+08:00,19452234,0,FALSE,Wh,103
142815,15,2025-01-30T13:45:00+08:00,19452606,0,FALSE,Wh,103
142815,15,2025-01-30T14:00:00+08:00,19452979,0,FALSE,Wh,103
142815,15,2025-01-30T14:15:00+08:00,19453350,0,FALSE,Wh,103
142815,15,2025-01-30T14:30:00+08:00,19453714,0,FALSE,Wh,103
142815,15,2025-01-30T14:45:00+08:00,19454082,0,FALSE,Wh,103
142815,15,2025-01-30T15:00:00+08:00,19454249,0,FALSE,Wh,103
142815,15,2025-01-30T15:15:00+08:00,19454266,0,FALSE,Wh,103
142815,15,2025-01-30T15:30:00+08:00,19454278,0,FALSE,Wh,103
142815,15,2025-01-30T15:45:00+08:00,19454285,0,FALSE,Wh,103
142815,15,2025-01-30T16:00:00+08:00,19454298,0,FALSE,Wh,103
142815,15,2025-01-30T16:15:00+08:00,19454315,0,FALSE,Wh,103
142815,15,2025-01-30T16:30:00+08:00,19454329,0,FALSE,Wh,103
142815,15,2025-01-30T16:45:00+08:00,19454338,0,FALSE,Wh,103
142815,15,2025-01-30T17:00:00+08:00,19454349,0,FALSE,Wh,103
142815,15,2025-01-30T17:15:00+08:00,19454367,0,FALSE,Wh,103
142815,15,2025-01-30T17:30:00+08:00,19454383,0,FALSE,Wh,103
142815,15,2025-01-30T17:45:00+08:00,19454391,0,FALSE,Wh,103
142815,15,2025-01-30T18:00:00+08:00,19454400,0,FALSE,Wh,103
142815,15,2025-01-30T18:15:00+08:00,19454417,0,FALSE,Wh,103
142815,15,2025-01-30T18:30:00+08:00,19454435,0,FALSE,Wh,103
142815,15,2025-01-30T18:45:00+08:00,19454444,0,FALSE,Wh,103
142815,15,2025-01-30T19:00:00+08:00,19454452,0,FALSE,Wh,103
142815,15,2025-01-30T19:15:00+08:00,19454469,0,FALSE,Wh,103
142815,15,2025-01-30T19:30:00+08:00,19454487,0,FALSE,Wh,103
142815,15,2025-01-30T19:45:00+08:00,19454499,0,FALSE,Wh,103
142815,15,2025-01-30T20:00:00+08:00,19454506,0,FALSE,Wh,103
142815,15,2025-01-30T20:15:00+08:00,19454522,0,FALSE,Wh,103
142815,15,2025-01-30T20:30:00+08:00,19454764,0,FALSE,Wh,103
142815,15,2025-01-30T20:45:00+08:00,19455130,0,FALSE,Wh,103
142815,15,2025-01-30T21:00:00+08:00,19455458,0,FALSE,Wh,103
142815,15,2025-01-30T21:15:00+08:00,19456490,0,FALSE,Wh,103
142815,15,2025-01-30T21:30:00+08:00,19456812,0,FALSE,Wh,103
142815,15,2025-01-30T21:45:00+08:00,19457127,0,FALSE,Wh,103
142815,15,2025-01-30T22:00:00+08:00,19457418,0,FALSE,Wh,103
142815,15,2025-01-30T22:15:00+08:00,19457709,0,FALSE,Wh,103
142815,15,2025-01-30T22:30:00+08:00,19457999,0,FALSE,Wh,103
142815,15,2025-01-30T22:45:00+08:00,19458285,0,FALSE,Wh,103
142815,15,2025-01-30T23:00:00+08:00,19458554,0,FALSE,Wh,103
142815,15,2025-01-30T23:15:00+08:00,19458783,0,FALSE,Wh,103
142815,15,2025-01-30T23:30:00+08:00,19459026,0,FALSE,Wh,103
142815,15,2025-01-30T23:45:00+08:00,19459258,0,FALSE,Wh,103
142815,15,2025-01-31T00:00:00+08:00,19459446,0,FALSE,Wh,103
142815,15,2025-01-31T00:15:00+08:00,19459567,0,FALSE,Wh,103
142815,15,2025-01-31T00:30:00+08:00,19459668,0,FALSE,Wh,103
142815,15,2025-01-31T00:45:00+08:00,19459765,0,FALSE,Wh,103
142815,15,2025-01-31T01:00:00+08:00,19459853,0,FALSE,Wh,103
142815,15,2025-01-31T01:15:00+08:00,19459932,0,FALSE,Wh,103
142815,15,2025-01-31T01:30:00+08:00,19460010,0,FALSE,Wh,103
142815,15,2025-01-31T01:45:00+08:00,19460096,0,FALSE,Wh,103
142815,15,2025-01-31T02:00:00+08:00,19460178,0,FALSE,Wh,103
142815,15,2025-01-31T02:15:00+08:00,19460254,0,FALSE,Wh,103
142815,15,2025-01-31T02:30:00+08:00,19460328,0,FALSE,Wh,103
142815,15,2025-01-31T02:45:00+08:00,19460435,0,FALSE,Wh,103
142815,15,2025-01-31T03:00:00+08:00,19460537,0,FALSE,Wh,103
142815,15,2025-01-31T03:15:00+08:00,19460628,0,FALSE,Wh,103
142815,15,2025-01-31T03:30:00+08:00,19460727,0,FALSE,Wh,103
142815,15,2025-01-31T03:45:00+08:00,19460826,0,FALSE,Wh,103
142815,15,2025-01-31T04:00:00+08:00,19460899,0,FALSE,Wh,103
142815,15,2025-01-31T04:15:00+08:00,19460976,0,FALSE,Wh,103
142815,15,2025-01-31T04:30:00+08:00,19461047,0,FALSE,Wh,103
142815,15,2025-01-31T04:45:00+08:00,19461147,0,FALSE,Wh,103
142815,15,2025-01-31T05:00:00+08:00,19461514,0,FALSE,Wh,103
142815,15,2025-01-31T05:15:00+08:00,19461771,0,FALSE,Wh,103
142815,15,2025-01-31T05:30:00+08:00,19461858,0,FALSE,Wh,103
142815,15,2025-01-31T05:45:00+08:00,19461944,0,FALSE,Wh,103
142815,15,2025-01-31T06:00:00+08:00,19462022,0,FALSE,Wh,103
142815,15,2025-01-31T06:15:00+08:00,19462118,0,FALSE,Wh,103
142815,15,2025-01-31T06:30:00+08:00,19462195,0,FALSE,Wh,103
142815,15,2025-01-31T06:45:00+08:00,19462296,0,FALSE,Wh,103
142815,15,2025-01-31T07:00:00+08:00,19462380,0,FALSE,Wh,103
142815,15,2025-01-31T07:15:00+08:00,19462428,0,FALSE,Wh,103
142815,15,2025-01-31T07:30:00+08:00,19462450,0,FALSE,Wh,103
142815,15,2025-01-31T07:45:00+08:00,19462480,0,FALSE,Wh,103
142815,15,2025-01-31T08:00:00+08:00,19462510,0,FALSE,Wh,103
142815,15,2025-01-31T08:15:00+08:00,19462532,0,FALSE,Wh,103
142815,15,2025-01-31T08:30:00+08:00,19462558,0,FALSE,Wh,103
142815,15,2025-01-31T08:45:00+08:00,19462590,0,FALSE,Wh,103
142815,15,2025-01-31T09:00:00+08:00,19462617,0,FALSE,Wh,103
142815,15,2025-01-31T09:15:00+08:00,19462639,0,FALSE,Wh,103
142815,15,2025-01-31T09:30:00+08:00,19462757,0,FALSE,Wh,103
142815,15,2025-01-31T09:45:00+08:00,19463031,0,FALSE,Wh,103
142815,15,2025-01-31T10:00:00+08:00,19463646,0,FALSE,Wh,103
142815,15,2025-01-31T10:15:00+08:00,19464699,0,FALSE,Wh,103
142815,15,2025-01-31T10:30:00+08:00,19465236,0,FALSE,Wh,103
142815,15,2025-01-31T10:45:00+08:00,19465588,0,FALSE,Wh,103
142815,15,2025-01-31T11:00:00+08:00,19465883,0,FALSE,Wh,103
142815,15,2025-01-31T11:15:00+08:00,19466560,0,FALSE,Wh,103
142815,15,2025-01-31T11:30:00+08:00,19467034,0,FALSE,Wh,103
142815,15,2025-01-31T11:45:00+08:00,19467396,0,FALSE,Wh,103
142815,15,2025-01-31T12:00:00+08:00,19467742,0,FALSE,Wh,103
142815,15,2025-01-31T12:15:00+08:00,19468103,0,FALSE,Wh,103
142815,15,2025-01-31T12:30:00+08:00,19468507,0,FALSE,Wh,103
142815,15,2025-01-31T12:45:00+08:00,19468865,0,FALSE,Wh,103
142815,15,2025-01-31T13:00:00+08:00,19469204,0,FALSE,Wh,103
142815,15,2025-01-31T13:15:00+08:00,19469579,0,FALSE,Wh,103
142815,15,2025-01-31T13:30:00+08:00,19469931,0,FALSE,Wh,103
142815,15,2025-01-31T13:45:00+08:00,19470282,0,FALSE,Wh,103
142815,15,2025-01-31T14:00:00+08:00,19470637,0,FALSE,Wh,103
142815,15,2025-01-31T14:15:00+08:00,19470994,0,FALSE,Wh,103
142815,15,2025-01-31T14:30:00+08:00,19471345,0,FALSE,Wh,103
142815,15,2025-01-31T14:45:00+08:00,19472404,0,FALSE,Wh,103
142815,15,2025-01-31T15:00:00+08:00,19473718,0,FALSE,Wh,103
142815,15,2025-01-31T15:15:00+08:00,19474487,0,FALSE,Wh,103
142815,15,2025-01-31T15:30:00+08:00,19475190,0,FALSE,Wh,103
142815,15,2025-01-31T15:45:00+08:00,19475547,0,FALSE,Wh,103
142815,15,2025-01-31T16:00:00+08:00,19475851,0,FALSE,Wh,103
142815,15,2025-01-31T16:15:00+08:00,19476168,0,FALSE,Wh,103
142815,15,2025-01-31T16:30:00+08:00,19476466,0,FALSE,Wh,103
142815,15,2025-01-31T16:45:00+08:00,19476760,0,FALSE,Wh,103
142815,15,2025-01-31T17:00:00+08:00,19477046,0,FALSE,Wh,103
142815,15,2025-01-31T17:15:00+08:00,19477332,0,FALSE,Wh,103
142815,15,2025-01-31T17:30:00+08:00,19477619,0,FALSE,Wh,103
142815,15,2025-01-31T17:45:00+08:00,19477896,0,FALSE,Wh,103
142815,15,2025-01-31T18:00:00+08:00,19478169,0,FALSE,Wh,103
142815,15,2025-01-31T18:15:00+08:00,19478192,0,FALSE,Wh,103
142815,15,2025-01-31T18:30:00+08:00,19478209,0,FALSE,Wh,103
142815,15,2025-01-31T18:45:00+08:00,19478223,0,FALSE,Wh,103
142815,15,2025-01-31T19:00:00+08:00,19478232,0,FALSE,Wh,103
142815,15,2025-01-31T19:15:00+08:00,19478613,0,FALSE,Wh,103
142815,15,2025-01-31T19:30:00+08:00,19478773,0,FALSE,Wh,103
142815,15,2025-01-31T19:45:00+08:00,19478795,0,FALSE,Wh,103
142815,15,2025-01-31T20:00:00+08:00,19478809,0,FALSE,Wh,103
142815,15,2025-01-31T20:15:00+08:00,19478823,0,FALSE,Wh,103
142815,15,2025-01-31T20:30:00+08:00,19478847,0,FALSE,Wh,103
142815,15,2025-01-31T20:45:00+08:00,19478870,0,FALSE,Wh,103
142815,15,2025-01-31T21:00:00+08:00,19478884,0,FALSE,Wh,103
142815,15,2025-01-31T21:15:00+08:00,19478898,0,FALSE,Wh,103
142815,15,2025-01-31T21:30:00+08:00,19478922,0,FALSE,Wh,103
142815,15,2025-01-31T21:45:00+08:00,19478945,0,FALSE,Wh,103
142815,15,2025-01-31T22:00:00+08:00,19478959,0,FALSE,Wh,103
142815,15,2025-01-31T22:15:00+08:00,19478974,0,FALSE,Wh,103
142815,15,2025-01-31T22:30:00+08:00,19478998,0,FALSE,Wh,103
142815,15,2025-01-31T22:45:00+08:00,19479021,0,FALSE,Wh,103
142815,15,2025-01-31T23:00:00+08:00,19479035,0,FALSE,Wh,103
142815,15,2025-01-31T23:15:00+08:00,19479179,0,FALSE,Wh,103
142815,15,2025-01-31T23:30:00+08:00,19479436,0,FALSE,Wh,103
142815,15,2025-01-31T23:45:00+08:00,19479624,0,FALSE,Wh,103
142815,15,2025-02-01T00:00:00+08:00,19479778,0,FALSE,Wh,103
142815,15,2025-02-01T00:15:00+08:00,19479877,0,FALSE,Wh,103
142815,15,2025-02-01T00:30:00+08:00,19479985,0,FALSE,Wh,103
142815,15,2025-02-01T00:45:00+08:00,19480086,0,FALSE,Wh,103
142815,15,2025-02-01T01:00:00+08:00,19480173,0,FALSE,Wh,103
142815,15,2025-02-01T01:15:00+08:00,19480249,0,FALSE,Wh,103
142815,15,2025-02-01T01:30:00+08:00,19480336,0,FALSE,Wh,103
142815,15,2025-02-01T01:45:00+08:00,19480438,0,FALSE,Wh,103
142815,15,2025-02-01T02:00:00+08:00,19480533,0,FALSE,Wh,103
142815,15,2025-02-01T02:15:00+08:00,19480626,0,FALSE,Wh,103
142815,15,2025-02-01T02:30:00+08:00,19480717,0,FALSE,Wh,103
142815,15,2025-02-01T02:45:00+08:00,19480813,0,FALSE,Wh,103
142815,15,2025-02-01T03:00:00+08:00,19480873,0,FALSE,Wh,103
142815,15,2025-02-01T03:15:00+08:00,19480969,0,FALSE,Wh,103
142815,15,2025-02-01T03:30:00+08:00,19481039,0,FALSE,Wh,103
142815,15,2025-02-01T03:45:00+08:00,19481104,0,FALSE,Wh,103
142815,15,2025-02-01T04:00:00+08:00,19481182,0,FALSE,Wh,103
142815,15,2025-02-01T04:15:00+08:00,19481250,0,FALSE,Wh,103
142815,15,2025-02-01T04:30:00+08:00,19481318,0,FALSE,Wh,103
142815,15,2025-02-01T04:45:00+08:00,19481379,0,FALSE,Wh,103
142815,15,2025-02-01T05:00:00+08:00,19481444,0,FALSE,Wh,103
142815,15,2025-02-01T05:15:00+08:00,19481516,0,FALSE,Wh,103
142815,15,2025-02-01T05:30:00+08:00,19481572,0,FALSE,Wh,103
142815,15,2025-02-01T05:45:00+08:00,19481632,0,FALSE,Wh,103
142815,15,2025-02-01T06:00:00+08:00,19481689,0,FALSE,Wh,103
142815,15,2025-02-01T06:15:00+08:00,19482226,0,FALSE,Wh,103
142815,15,2025-02-01T06:30:00+08:00,19482294,0,FALSE,Wh,103
142815,15,2025-02-01T06:45:00+08:00,19482356,0,FALSE,Wh,103
142815,15,2025-02-01T07:00:00+08:00,19482424,0,FALSE,Wh,103
142815,15,2025-02-01T07:15:00+08:00,19482500,0,FALSE,Wh,103
142815,15,2025-02-01T07:30:00+08:00,19482578,0,FALSE,Wh,103
142815,15,2025-02-01T07:45:00+08:00,19482643,0,FALSE,Wh,103
142815,15,2025-02-01T08:00:00+08:00,19482717,0,FALSE,Wh,103
142815,15,2025-02-01T08:15:00+08:00,19482804,0,FALSE,Wh,103
142815,15,2025-02-01T08:30:00+08:00,19482888,0,FALSE,Wh,103
142815,15,2025-02-01T08:45:00+08:00,19482968,0,FALSE,Wh,103
142815,15,2025-02-01T09:00:00+08:00,19483059,0,FALSE,Wh,103
142815,15,2025-02-01T09:15:00+08:00,19483134,0,FALSE,Wh,103
142815,15,2025-02-01T09:30:00+08:00,19483235,0,FALSE,Wh,103
142815,15,2025-02-01T09:45:00+08:00,19483341,0,FALSE,Wh,103
142815,15,2025-02-01T10:00:00+08:00,19483420,0,FALSE,Wh,103
142815,15,2025-02-01T10:15:00+08:00,19483469,0,FALSE,Wh,103
142815,15,2025-02-01T10:30:00+08:00,19483483,0,FALSE,Wh,103
142815,15,2025-02-01T10:45:00+08:00,19483506,0,FALSE,Wh,103
142815,15,2025-02-01T11:00:00+08:00,19483525,0,FALSE,Wh,103
142815,15,2025-02-01T11:15:00+08:00,19483538,0,FALSE,Wh,103
142815,15,2025-02-01T11:30:00+08:00,19483552,0,FALSE,Wh,103
142815,15,2025-02-01T11:45:00+08:00,19483573,0,FALSE,Wh,103
142815,15,2025-02-01T12:00:00+08:00,19483595,0,FALSE,Wh,103
142815,15,2025-02-01T12:15:00+08:00,19483794,0,FALSE,Wh,103
142815,15,2025-02-01T12:30:00+08:00,19484097,0,FALSE,Wh,103
142815,15,2025-02-01T12:45:00+08:00,19484321,0,FALSE,Wh,103
142815,15,2025-02-01T13:00:00+08:00,19484387,0,FALSE,Wh,103
142815,15,2025-02-01T13:15:00+08:00,19484442,0,FALSE,Wh,103
142815,15,2025-02-01T13:30:00+08:00,19484490,0,FALSE,Wh,103
142815,15,2025-02-01T13:45:00+08:00,19484535,0,FALSE,Wh,103
142815,15,2025-02-01T14:00:00+08:00,19485089,0,FALSE,Wh,103
142815,15,2025-02-01T14:15:00+08:00,19485089,0,FALSE,Wh,103
142815,15,2025-02-01T14:30:00+08:00,19485089,0,FALSE,Wh,103
142815,15,2025-02-01T14:45:00+08:00,19485089,0,FALSE,Wh,103
142815,15,2025-02-01T15:00:00+08:00,19485089,0,FALSE,Wh,103
142815,15,2025-02-01T15:15:00+08:00,19485089,0,FALSE,Wh,103
142815,15,2025-02-01T15:30:00+08:00,19485089,0,FALSE,Wh,103
142815,15,2025-02-01T15:45:00+08:00,19485089,0,FALSE,Wh,103
142815,15,2025-02-01T16:00:00+08:00,19485089,0,FALSE,Wh,103
142815,15,2025-02-01T16:15:00+08:00,19485089,0,FALSE,Wh,103
142815,15,2025-02-01T16:30:00+08:00,19485089,0,FALSE,Wh,103
142815,15,2025-02-01T16:45:00+08:00,19485089,0,FALSE,Wh,103
142815,15,2025-02-01T17:00:00+08:00,19485089,0,FALSE,Wh,103
142815,15,2025-02-01T17:15:00+08:00,19485089,0,FALSE,Wh,103
142815,15,2025-02-01T17:30:00+08:00,19485089,0,FALSE,Wh,103
142815,15,2025-02-01T17:45:00+08:00,19485089,0,FALSE,Wh,103
142815,15,2025-02-01T18:00:00+08:00,19485089,0,FALSE,Wh,103
142815,15,2025-02-01T18:15:00+08:00,19485089,0,FALSE,Wh,103
142815,15,2025-02-01T18:30:00+08:00,19485089,0,FALSE,Wh,103
142815,15,2025-02-01T18:45:00+08:00,19485089,0,FALSE,Wh,103
142815,15,2025-02-01T19:00:00+08:00,19485089,0,FALSE,Wh,103
142815,15,2025-02-01T19:15:00+08:00,19485089,0,FALSE,Wh,103
142815,15,2025-02-01T19:30:00+08:00,19485089,0,FALSE,Wh,103
142815,15,2025-02-01T19:45:00+08:00,19485089,0,FALSE,Wh,103
142815,15,2025-02-01T20:00:00+08:00,19485089,0,FALSE,Wh,103
142815,15,2025-02-01T20:15:00+08:00,19485089,0,FALSE,Wh,103
142815,15,2025-02-01T20:30:00+08:00,19485089,0,FALSE,Wh,103
142815,15,2025-02-01T20:45:00+08:00,19485089,0,FALSE,Wh,103
142815,15,2025-02-01T21:00:00+08:00,19485089,0,FALSE,Wh,103
142815,15,2025-02-01T21:15:00+08:00,19485089,0,FALSE,Wh,103
142815,15,2025-02-01T21:30:00+08:00,19485089,0,FALSE,Wh,103
142815,15,2025-02-01T21:45:00+08:00,19485089,0,FALSE,Wh,103
142815,15,2025-02-01T22:00:00+08:00,19485089,0,FALSE,Wh,103
142815,15,2025-02-01T22:15:00+08:00,19485089,0,FALSE,Wh,103
142815,15,2025-02-01T22:30:00+08:00,19485089,0,FALSE,Wh,103
142815,15,2025-02-01T22:45:00+08:00,19485089,0,FALSE,Wh,103
142815,15,2025-02-01T23:00:00+08:00,19485089,0,FALSE,Wh,103
142815,15,2025-02-01T23:15:00+08:00,19485089,0,FALSE,Wh,103
142815,15,2025-02-01T23:30:00+08:00,19485089,0,FALSE,Wh,103
142815,15,2025-02-01T23:45:00+08:00,19485089,0,FALSE,Wh,103
142815,15,2025-02-02T00:00:00+08:00,19485089,0,FALSE,Wh,103
142815,15,2025-02-02T00:15:00+08:00,19485089,0,FALSE,Wh,103
142815,15,2025-02-02T00:30:00+08:00,19485089,0,FALSE,Wh,103
142815,15,2025-02-02T00:45:00+08:00,19485089,0,FALSE,Wh,103
142815,15,2025-02-02T01:00:00+08:00,19485089,0,FALSE,Wh,103
142815,15,2025-02-02T01:15:00+08:00,19485089,0,FALSE,Wh,103
142815,15,2025-02-02T01:30:00+08:00,19485089,0,FALSE,Wh,103
142815,15,2025-02-02T01:45:00+08:00,19485089,0,FALSE,Wh,103
142815,15,2025-02-02T02:00:00+08:00,19485089,0,FALSE,Wh,103
142815,15,2025-02-02T02:15:00+08:00,19485089,0,FALSE,Wh,103
142815,15,2025-02-02T02:30:00+08:00,19485089,0,FALSE,Wh,103
142815,15,2025-02-02T02:45:00+08:00,19485089,0,FALSE,Wh,103
142815,15,2025-02-02T03:00:00+08:00,19485089,0,FALSE,Wh,103
142815,15,2025-02-02T03:15:00+08:00,19485089,0,FALSE,Wh,103
142815,15,2025-02-02T03:30:00+08:00,19485089,0,FALSE,Wh,103
142815,15,2025-02-02T03:45:00+08:00,19485089,0,FALSE,Wh,103
142815,15,2025-02-02T04:00:00+08:00,19485089,0,FALSE,Wh,103
142815,15,2025-02-02T04:15:00+08:00,19485089,0,FALSE,Wh,103
142815,15,2025-02-02T04:30:00+08:00,19485089,0,FALSE,Wh,103
142815,15,2025-02-02T04:45:00+08:00,19485089,0,FALSE,Wh,103
142815,15,2025-02-02T05:00:00+08:00,19485089,0,FALSE,Wh,103
142815,15,2025-02-02T05:15:00+08:00,19485089,0,FALSE,Wh,103
142815,15,2025-02-02T05:30:00+08:00,19485089,0,FALSE,Wh,103
142815,15,2025-02-02T05:45:00+08:00,19485089,0,FALSE,Wh,103
142815,15,2025-02-02T06:00:00+08:00,19485089,0,FALSE,Wh,103
142815,15,2025-02-02T06:15:00+08:00,19485089,0,FALSE,Wh,103
142815,15,2025-02-02T06:30:00+08:00,19485089,0,FALSE,Wh,103
142815,15,2025-02-02T06:45:00+08:00,19485089,0,FALSE,Wh,103
142815,15,2025-02-02T07:00:00+08:00,19485089,0,FALSE,Wh,103
142815,15,2025-02-02T07:15:00+08:00,19485089,0,FALSE,Wh,103
142815,15,2025-02-02T07:30:00+08:00,19485089,0,FALSE,Wh,103
142815,15,2025-02-02T07:45:00+08:00,19485089,0,FALSE,Wh,103
142815,15,2025-02-02T08:00:00+08:00,19485089,0,FALSE,Wh,103
142815,15,2025-02-02T08:15:00+08:00,19485089,0,FALSE,Wh,103
142815,15,2025-02-02T08:30:00+08:00,19485089,0,FALSE,Wh,103
142815,15,2025-02-02T08:45:00+08:00,19485089,0,FALSE,Wh,103
142815,15,2025-02-02T09:00:00+08:00,19485089,0,FALSE,Wh,103
142815,15,2025-02-02T09:15:00+08:00,19485089,0,FALSE,Wh,103
142815,15,2025-02-02T09:30:00+08:00,19485089,0,FALSE,Wh,103
142815,15,2025-02-02T09:45:00+08:00,19485089,0,FALSE,Wh,103
142815,15,2025-02-02T10:00:00+08:00,19485089,0,FALSE,Wh,103
142815,15,2025-02-02T10:15:00+08:00,19485089,0,FALSE,Wh,103
142815,15,2025-02-02T10:30:00+08:00,19485089,0,FALSE,Wh,103
142815,15,2025-02-02T10:45:00+08:00,19485089,0,FALSE,Wh,103
142815,15,2025-02-02T11:00:00+08:00,19485089,0,FALSE,Wh,103
142815,15,2025-02-02T11:15:00+08:00,19485089,0,FALSE,Wh,103
142815,15,2025-02-02T11:30:00+08:00,19485089,0,FALSE,Wh,103
142815,15,2025-02-02T11:45:00+08:00,19485089,0,FALSE,Wh,103
142815,15,2025-02-02T12:00:00+08:00,19485089,0,FALSE,Wh,103
142815,15,2025-02-02T12:15:00+08:00,19485089,0,FALSE,Wh,103
142815,15,2025-02-02T12:30:00+08:00,19485089,0,FALSE,Wh,103
142815,15,2025-02-02T12:45:00+08:00,19485089,0,FALSE,Wh,103
142815,15,2025-02-02T13:00:00+08:00,19485089,0,FALSE,Wh,103
142815,15,2025-02-02T13:15:00+08:00,19485089,0,FALSE,Wh,103
142815,15,2025-02-02T13:30:00+08:00,19485089,0,FALSE,Wh,103
142815,15,2025-02-02T13:45:00+08:00,19485089,0,FALSE,Wh,103
142815,15,2025-02-02T14:00:00+08:00,19485089,0,FALSE,Wh,103
142815,15,2025-02-02T14:15:00+08:00,19485089,0,FALSE,Wh,103
142815,15,2025-02-02T14:30:00+08:00,19485089,0,FALSE,Wh,103
142815,15,2025-02-02T14:45:00+08:00,19485089,0,FALSE,Wh,103
142815,15,2025-02-02T15:00:00+08:00,19485089,0,FALSE,Wh,103
142815,15,2025-02-02T15:15:00+08:00,19485089,0,FALSE,Wh,103
142815,15,2025-02-02T15:30:00+08:00,19485089,0,FALSE,Wh,103
142815,15,2025-02-02T15:45:00+08:00,19485089,0,FALSE,Wh,103
142815,15,2025-02-02T16:00:00+08:00,19485089,0,FALSE,Wh,103
142815,15,2025-02-02T16:15:00+08:00,19485089,0,FALSE,Wh,103
142815,15,2025-02-02T16:30:00+08:00,19485089,0,FALSE,Wh,103
142815,15,2025-02-02T16:45:00+08:00,19485089,0,FALSE,Wh,103
142815,15,2025-02-02T17:00:00+08:00,19485089,0,FALSE,Wh,103
142815,15,2025-02-02T17:15:00+08:00,19485089,0,FALSE,Wh,103
142815,15,2025-02-02T17:30:00+08:00,19485089,0,FALSE,Wh,103
142815,15,2025-02-02T17:45:00+08:00,19485089,0,FALSE,Wh,103
142815,15,2025-02-02T18:00:00+08:00,19485089,0,FALSE,Wh,103
142815,15,2025-02-02T18:15:00+08:00,19485089,0,FALSE,Wh,103
142815,15,2025-02-02T18:30:00+08:00,19485089,0,FALSE,Wh,103
142815,15,2025-02-02T18:45:00+08:00,19485089,0,FALSE,Wh,103
142815,15,2025-02-02T19:00:00+08:00,19485089,0,FALSE,Wh,103
142815,15,2025-02-02T19:15:00+08:00,19485089,0,FALSE,Wh,103
142815,15,2025-02-02T19:30:00+08:00,19485089,0,FALSE,Wh,103
142815,15,2025-02-02T19:45:00+08:00,19485089,0,FALSE,Wh,103
142815,15,2025-02-02T20:00:00+08:00,19485089,0,FALSE,Wh,103
142815,15,2025-02-02T20:15:00+08:00,19485089,0,FALSE,Wh,103
142815,15,2025-02-02T20:30:00+08:00,19485089,0,FALSE,Wh,103
142815,15,2025-02-02T20:45:00+08:00,19485089,0,FALSE,Wh,103
142815,15,2025-02-02T21:00:00+08:00,19485089,0,FALSE,Wh,103
142815,15,2025-02-02T21:15:00+08:00,19485089,0,FALSE,Wh,103
142815,15,2025-02-02T21:30:00+08:00,19485089,0,FALSE,Wh,103
142815,15,2025-02-02T21:45:00+08:00,19485089,0,FALSE,Wh,103
142815,15,2025-02-02T22:00:00+08:00,19485089,0,FALSE,Wh,103
142815,15,2025-02-02T22:15:00+08:00,19485089,0,FALSE,Wh,103
142815,15,2025-02-02T22:30:00+08:00,19485089,0,FALSE,Wh,103
142815,15,2025-02-02T22:45:00+08:00,19485089,0,FALSE,Wh,103
142815,15,2025-02-02T23:00:00+08:00,19485089,0,FALSE,Wh,103
142815,15,2025-02-02T23:15:00+08:00,19485089,0,FALSE,Wh,103
142815,15,2025-02-02T23:30:00+08:00,19485089,0,FALSE,Wh,103
142815,15,2025-02-02T23:45:00+08:00,19485089,0,FALSE,Wh,103
142815,15,2025-02-03T00:00:00+08:00,19485089,0,FALSE,Wh,103
142815,15,2025-02-03T00:15:00+08:00,19485089,0,FALSE,Wh,103
142815,15,2025-02-03T00:30:00+08:00,19485089,0,FALSE,Wh,103
142815,15,2025-02-03T00:45:00+08:00,19485089,0,FALSE,Wh,103
142815,15,2025-02-03T01:00:00+08:00,19485089,0,FALSE,Wh,103
142815,15,2025-02-03T01:15:00+08:00,19485089,0,FALSE,Wh,103
142815,15,2025-02-03T01:30:00+08:00,19485089,0,FALSE,Wh,103
142815,15,2025-02-03T01:45:00+08:00,19485089,0,FALSE,Wh,103
142815,15,2025-02-03T02:00:00+08:00,19485089,0,FALSE,Wh,103
142815,15,2025-02-03T02:15:00+08:00,19485089,0,FALSE,Wh,103
142815,15,2025-02-03T02:30:00+08:00,19485089,0,FALSE,Wh,103
142815,15,2025-02-03T02:45:00+08:00,19485089,0,FALSE,Wh,103
142815,15,2025-02-03T03:00:00+08:00,19485089,0,FALSE,Wh,103
142815,15,2025-02-03T03:15:00+08:00,19485089,0,FALSE,Wh,103
142815,15,2025-02-03T03:30:00+08:00,19485089,0,FALSE,Wh,103
142815,15,2025-02-03T03:45:00+08:00,19485089,0,FALSE,Wh,103
142815,15,2025-02-03T04:00:00+08:00,19485089,0,FALSE,Wh,103
142815,15,2025-02-03T04:15:00+08:00,19485089,0,FALSE,Wh,103
142815,15,2025-02-03T04:30:00+08:00,19485089,0,FALSE,Wh,103
142815,15,2025-02-03T04:45:00+08:00,19485089,0,FALSE,Wh,103
142815,15,2025-02-03T05:00:00+08:00,19485089,0,FALSE,Wh,103
142815,15,2025-02-03T05:15:00+08:00,19485089,0,FALSE,Wh,103
142815,15,2025-02-03T05:30:00+08:00,19485089,0,FALSE,Wh,103
142815,15,2025-02-03T05:45:00+08:00,19485089,0,FALSE,Wh,103
142815,15,2025-02-03T06:00:00+08:00,19485089,0,FALSE,Wh,103
142815,15,2025-02-03T06:15:00+08:00,19485089,0,FALSE,Wh,103
142815,15,2025-02-03T06:30:00+08:00,19485089,0,FALSE,Wh,103
142815,15,2025-02-03T06:45:00+08:00,19485089,0,FALSE,Wh,103
142815,15,2025-02-03T07:00:00+08:00,19485089,0,FALSE,Wh,103
142815,15,2025-02-03T07:15:00+08:00,19485089,0,FALSE,Wh,103
142815,15,2025-02-03T07:30:00+08:00,19485089,0,FALSE,Wh,103
142815,15,2025-02-03T07:45:00+08:00,19485089,0,FALSE,Wh,103
142815,15,2025-02-03T08:00:00+08:00,19485089,0,FALSE,Wh,103
142815,15,2025-02-03T08:15:00+08:00,19485089,0,FALSE,Wh,103
142815,15,2025-02-03T08:30:00+08:00,19485089,0,FALSE,Wh,103
142815,15,2025-02-03T08:45:00+08:00,19485089,0,FALSE,Wh,103
142815,15,2025-02-03T09:00:00+08:00,19485089,0,FALSE,Wh,103
142815,15,2025-02-03T09:15:00+08:00,19485089,0,FALSE,Wh,103
142815,15,2025-02-03T09:30:00+08:00,19485089,0,FALSE,Wh,103
142815,15,2025-02-03T09:45:00+08:00,19485089,0,FALSE,Wh,103
142815,15,2025-02-03T10:00:00+08:00,19485089,0,FALSE,Wh,103
142815,15,2025-02-03T10:15:00+08:00,19485089,0,FALSE,Wh,103
142815,15,2025-02-03T10:30:00+08:00,19485089,0,FALSE,Wh,103
142815,15,2025-02-03T10:45:00+08:00,19485089,0,FALSE,Wh,103
142815,15,2025-02-03T11:00:00+08:00,19485089,0,FALSE,Wh,103
142815,15,2025-02-03T11:15:00+08:00,19485089,0,FALSE,Wh,103
142815,15,2025-02-03T11:30:00+08:00,19485089,0,FALSE,Wh,103
142815,15,2025-02-03T11:45:00+08:00,19485089,0,FALSE,Wh,103
142815,15,2025-02-03T12:00:00+08:00,19485089,0,FALSE,Wh,103
142815,15,2025-02-03T12:15:00+08:00,19485089,0,FALSE,Wh,103
142815,15,2025-02-03T12:30:00+08:00,19485089,0,FALSE,Wh,103
142815,15,2025-02-03T12:45:00+08:00,19485089,0,FALSE,Wh,103
142815,15,2025-02-03T13:00:00+08:00,19485089,0,FALSE,Wh,103
142815,15,2025-02-03T13:15:00+08:00,19485089,0,FALSE,Wh,103
142815,15,2025-02-03T13:30:00+08:00,19485089,0,FALSE,Wh,103
142815,15,2025-02-03T13:45:00+08:00,19485089,0,FALSE,Wh,103
142815,15,2025-02-03T14:00:00+08:00,19485089,0,FALSE,Wh,103
142815,15,2025-02-03T14:15:00+08:00,19485089,0,FALSE,Wh,103
142815,15,2025-02-03T14:30:00+08:00,19485089,0,FALSE,Wh,103
142815,15,2025-02-03T14:45:00+08:00,19485089,0,FALSE,Wh,103
142815,15,2025-02-03T15:00:00+08:00,19485089,0,FALSE,Wh,103
142815,15,2025-02-03T15:15:00+08:00,19485089,0,FALSE,Wh,103
142815,15,2025-02-03T15:30:00+08:00,19485089,0,FALSE,Wh,103
142815,15,2025-02-03T15:45:00+08:00,19485089,0,FALSE,Wh,103
142815,15,2025-02-03T16:00:00+08:00,19485089,0,FALSE,Wh,103
142815,15,2025-02-03T16:15:00+08:00,19485089,0,FALSE,Wh,103
142815,15,2025-02-03T16:30:00+08:00,19485089,0,FALSE,Wh,103
142815,15,2025-02-03T16:45:00+08:00,19485089,0,FALSE,Wh,103
142815,15,2025-02-03T17:00:00+08:00,19485089,0,FALSE,Wh,103
142815,15,2025-02-03T17:15:00+08:00,19485089,0,FALSE,Wh,103
142815,15,2025-02-03T17:30:00+08:00,19485089,0,FALSE,Wh,103
142815,15,2025-02-03T17:45:00+08:00,19485089,0,FALSE,Wh,103
142815,15,2025-02-03T18:00:00+08:00,19485089,0,FALSE,Wh,103
142815,15,2025-02-03T18:15:00+08:00,19485089,0,FALSE,Wh,103
142815,15,2025-02-03T18:30:00+08:00,19485089,0,FALSE,Wh,103
142815,15,2025-02-03T18:45:00+08:00,19485089,0,FALSE,Wh,103
142815,15,2025-02-03T19:00:00+08:00,19485089,0,FALSE,Wh,103
142815,15,2025-02-03T19:15:00+08:00,19485089,0,FALSE,Wh,103
142815,15,2025-02-03T19:30:00+08:00,19485089,0,FALSE,Wh,103
142815,15,2025-02-03T19:45:00+08:00,19485089,0,FALSE,Wh,103
142815,15,2025-02-03T20:00:00+08:00,19485089,0,FALSE,Wh,103
142815,15,2025-02-03T20:15:00+08:00,19485089,0,FALSE,Wh,103
142815,15,2025-02-03T20:30:00+08:00,19485089,0,FALSE,Wh,103
142815,15,2025-02-03T20:45:00+08:00,19485089,0,FALSE,Wh,103
142815,15,2025-02-03T21:00:00+08:00,19485089,0,FALSE,Wh,103
142815,15,2025-02-03T21:15:00+08:00,19485089,0,FALSE,Wh,103
142815,15,2025-02-03T21:30:00+08:00,19485089,0,FALSE,Wh,103
142815,15,2025-02-03T21:45:00+08:00,19485089,0,FALSE,Wh,103
142815,15,2025-02-03T22:00:00+08:00,19485089,0,FALSE,Wh,103
142815,15,2025-02-03T22:15:00+08:00,19485089,0,FALSE,Wh,103
142815,15,2025-02-03T22:30:00+08:00,19485089,0,FALSE,Wh,103
142815,15,2025-02-03T22:45:00+08:00,19485089,0,FALSE,Wh,103
142815,15,2025-02-03T23:00:00+08:00,19485089,0,FALSE,Wh,103
142815,15,2025-02-03T23:15:00+08:00,19485089,0,FALSE,Wh,103
142815,15,2025-02-03T23:30:00+08:00,19485089,0,FALSE,Wh,103
142815,15,2025-02-03T23:45:00+08:00,19485089,0,FALSE,Wh,103
142815,15,2025-02-04T00:00:00+08:00,19485089,0,FALSE,Wh,103
142815,15,2025-02-04T00:15:00+08:00,19485089,0,FALSE,Wh,103
142815,15,2025-02-04T00:30:00+08:00,19485089,0,FALSE,Wh,103
142815,15,2025-02-04T00:45:00+08:00,19485089,0,FALSE,Wh,103
142815,15,2025-02-04T01:00:00+08:00,19485089,0,FALSE,Wh,103
142815,15,2025-02-04T01:15:00+08:00,19485089,0,FALSE,Wh,103
142815,15,2025-02-04T01:30:00+08:00,19485089,0,FALSE,Wh,103
142815,15,2025-02-04T01:45:00+08:00,19485089,0,FALSE,Wh,103
142815,15,2025-02-04T02:00:00+08:00,19485089,0,FALSE,Wh,103
142815,15,2025-02-04T02:15:00+08:00,19485089,0,FALSE,Wh,103
142815,15,2025-02-04T02:30:00+08:00,19485089,0,FALSE,Wh,103
142815,15,2025-02-04T02:45:00+08:00,19485089,0,FALSE,Wh,103
142815,15,2025-02-04T03:00:00+08:00,19485089,0,FALSE,Wh,103
142815,15,2025-02-04T03:15:00+08:00,19485089,0,FALSE,Wh,103
142815,15,2025-02-04T03:30:00+08:00,19485089,0,FALSE,Wh,103
142815,15,2025-02-04T03:45:00+08:00,19485089,0,FALSE,Wh,103
142815,15,2025-02-04T04:00:00+08:00,19485089,0,FALSE,Wh,103
142815,15,2025-02-04T04:15:00+08:00,19485089,0,FALSE,Wh,103
142815,15,2025-02-04T04:30:00+08:00,19485089,0,FALSE,Wh,103
142815,15,2025-02-04T04:45:00+08:00,19485089,0,FALSE,Wh,103
142815,15,2025-02-04T05:00:00+08:00,19485089,0,FALSE,Wh,103
142815,15,2025-02-04T05:15:00+08:00,19485089,0,FALSE,Wh,103
142815,15,2025-02-04T05:30:00+08:00,19485089,0,FALSE,Wh,103
142815,15,2025-02-04T05:45:00+08:00,19485089,0,FALSE,Wh,103
142815,15,2025-02-04T06:00:00+08:00,19485089,0,FALSE,Wh,103
142815,15,2025-02-04T06:15:00+08:00,19485089,0,FALSE,Wh,103
142815,15,2025-02-04T06:30:00+08:00,19485089,0,FALSE,Wh,103
142815,15,2025-02-04T06:45:00+08:00,19485089,0,FALSE,Wh,103
142815,15,2025-02-04T07:00:00+08:00,19485089,0,FALSE,Wh,103
142815,15,2025-02-04T07:15:00+08:00,19485089,0,FALSE,Wh,103
142815,15,2025-02-04T07:30:00+08:00,19485089,0,FALSE,Wh,103
142815,15,2025-02-04T07:45:00+08:00,19485089,0,FALSE,Wh,103
142815,15,2025-02-04T08:00:00+08:00,19485089,0,FALSE,Wh,103
142815,15,2025-02-04T08:15:00+08:00,19485089,0,FALSE,Wh,103
142815,15,2025-02-04T08:30:00+08:00,19485089,0,FALSE,Wh,103
142815,15,2025-02-04T08:45:00+08:00,19485089,0,FALSE,Wh,103
142815,15,2025-02-04T09:00:00+08:00,19485089,0,FALSE,Wh,103
142815,15,2025-02-04T09:15:00+08:00,19485089,0,FALSE,Wh,103
142815,15,2025-02-04T09:30:00+08:00,19485089,0,FALSE,Wh,103
142815,15,2025-02-04T09:45:00+08:00,19485089,0,FALSE,Wh,103
142815,15,2025-02-04T10:00:00+08:00,19485089,0,FALSE,Wh,103
142815,15,2025-02-04T10:15:00+08:00,19485089,0,FALSE,Wh,103
142815,15,2025-02-04T10:30:00+08:00,19485089,0,FALSE,Wh,103
142815,15,2025-02-04T10:45:00+08:00,19485089,0,FALSE,Wh,103
142815,15,2025-02-04T11:00:00+08:00,19485089,0,FALSE,Wh,103
142815,15,2025-02-04T11:15:00+08:00,19485089,0,FALSE,Wh,103
142815,15,2025-02-04T11:30:00+08:00,19485089,0,FALSE,Wh,103
142815,15,2025-02-04T11:45:00+08:00,19485089,0,FALSE,Wh,103
142815,15,2025-02-04T12:00:00+08:00,19485089,0,FALSE,Wh,103
142815,15,2025-02-04T12:15:00+08:00,19485089,0,FALSE,Wh,103
142815,15,2025-02-04T12:30:00+08:00,19485089,0,FALSE,Wh,103
142815,15,2025-02-04T12:45:00+08:00,19485089,0,FALSE,Wh,103
142815,15,2025-02-04T13:00:00+08:00,19485089,0,FALSE,Wh,103
142815,15,2025-02-04T13:15:00+08:00,19485089,0,FALSE,Wh,103
142815,15,2025-02-04T13:30:00+08:00,19485089,0,FALSE,Wh,103
142815,15,2025-02-04T13:45:00+08:00,19485089,0,FALSE,Wh,103
142815,15,2025-02-04T14:00:00+08:00,19485089,0,FALSE,Wh,103
142815,15,2025-02-04T14:15:00+08:00,19485089,0,FALSE,Wh,103
142815,15,2025-02-04T14:30:00+08:00,19485089,0,FALSE,Wh,103
142815,15,2025-02-04T14:45:00+08:00,19485089,0,FALSE,Wh,103
142815,15,2025-02-04T15:00:00+08:00,19485089,0,FALSE,Wh,103
142815,15,2025-02-04T15:15:00+08:00,19485089,0,FALSE,Wh,103
142815,15,2025-02-04T15:30:00+08:00,19485089,0,FALSE,Wh,103
142815,15,2025-02-04T15:45:00+08:00,19485089,0,FALSE,Wh,103
142815,15,2025-02-04T16:00:00+08:00,19485089,0,FALSE,Wh,103
142815,15,2025-02-04T16:15:00+08:00,19485089,0,FALSE,Wh,103
142815,15,2025-02-04T16:30:00+08:00,19485089,0,FALSE,Wh,103
142815,15,2025-02-04T16:45:00+08:00,19485089,0,FALSE,Wh,103
142815,15,2025-02-04T17:00:00+08:00,19485089,0,FALSE,Wh,103
142815,15,2025-02-04T17:15:00+08:00,19485089,0,FALSE,Wh,103
142815,15,2025-02-04T17:30:00+08:00,19485089,0,FALSE,Wh,103
142815,15,2025-02-04T17:45:00+08:00,19485089,0,FALSE,Wh,103
142815,15,2025-02-04T18:00:00+08:00,19485089,0,FALSE,Wh,103
142815,15,2025-02-04T18:15:00+08:00,19485089,0,FALSE,Wh,103
142815,15,2025-02-04T18:30:00+08:00,19485089,0,FALSE,Wh,103
142815,15,2025-02-04T18:45:00+08:00,19485089,0,FALSE,Wh,103
142815,15,2025-02-04T19:00:00+08:00,19485089,0,FALSE,Wh,103
142815,15,2025-02-04T19:15:00+08:00,19485089,0,FALSE,Wh,103
142815,15,2025-02-04T19:30:00+08:00,19485089,0,FALSE,Wh,103
142815,15,2025-02-04T19:45:00+08:00,19485089,0,FALSE,Wh,103
142815,15,2025-02-04T20:00:00+08:00,19485089,0,FALSE,Wh,103
142815,15,2025-02-04T20:15:00+08:00,19485089,0,FALSE,Wh,103
142815,15,2025-02-04T20:30:00+08:00,19485089,0,FALSE,Wh,103
142815,15,2025-02-04T20:45:00+08:00,19485089,0,FALSE,Wh,103
142815,15,2025-02-04T21:00:00+08:00,19485089,0,FALSE,Wh,103
142815,15,2025-02-04T21:15:00+08:00,19485089,0,FALSE,Wh,103
142815,15,2025-02-04T21:30:00+08:00,19485089,0,FALSE,Wh,103
142815,15,2025-02-04T21:45:00+08:00,19485089,0,FALSE,Wh,103
142815,15,2025-02-04T22:00:00+08:00,19485089,0,FALSE,Wh,103
142815,15,2025-02-04T22:15:00+08:00,19485089,0,FALSE,Wh,103
142815,15,2025-02-04T22:30:00+08:00,19485089,0,FALSE,Wh,103
142815,15,2025-02-04T22:45:00+08:00,19485089,0,FALSE,Wh,103
142815,15,2025-02-04T23:00:00+08:00,19485089,0,FALSE,Wh,103
142815,15,2025-02-04T23:15:00+08:00,19485089,0,FALSE,Wh,103
142815,15,2025-02-04T23:30:00+08:00,19485089,0,FALSE,Wh,103
142815,15,2025-02-04T23:45:00+08:00,19485089,0,FALSE,Wh,103
142815,15,2025-02-05T00:00:00+08:00,19485089,0,FALSE,Wh,103
142816,15,2025-01-29T00:15:00+08:00,26725486,0,FALSE,Wh,201
142816,15,2025-01-29T00:30:00+08:00,26725712,0,FALSE,Wh,201
142816,15,2025-01-29T00:45:00+08:00,26725834,0,FALSE,Wh,201
142816,15,2025-01-29T01:00:00+08:00,26725862,0,FALSE,Wh,201
142816,15,2025-01-29T01:15:00+08:00,26725888,0,FALSE,Wh,201
142816,15,2025-01-29T01:30:00+08:00,26725907,0,FALSE,Wh,201
142816,15,2025-01-29T01:45:00+08:00,26725930,0,FALSE,Wh,201
142816,15,2025-01-29T02:00:00+08:00,26725957,0,FALSE,Wh,201
142816,15,2025-01-29T02:15:00+08:00,26725984,0,FALSE,Wh,201
142816,15,2025-01-29T02:30:00+08:00,26726007,0,FALSE,Wh,201
142816,15,2025-01-29T02:45:00+08:00,26726027,0,FALSE,Wh,201
142816,15,2025-01-29T03:00:00+08:00,26726056,0,FALSE,Wh,201
142816,15,2025-01-29T03:15:00+08:00,26726084,0,FALSE,Wh,201
142816,15,2025-01-29T03:30:00+08:00,26726111,0,FALSE,Wh,201
142816,15,2025-01-29T03:45:00+08:00,26726128,0,FALSE,Wh,201
142816,15,2025-01-29T04:00:00+08:00,26726157,0,FALSE,Wh,201
142816,15,2025-01-29T04:15:00+08:00,26726185,0,FALSE,Wh,201
142816,15,2025-01-29T04:30:00+08:00,26726213,0,FALSE,Wh,201
142816,15,2025-01-29T04:45:00+08:00,26726231,0,FALSE,Wh,201
142816,15,2025-01-29T05:00:00+08:00,26726448,0,FALSE,Wh,201
142816,15,2025-01-29T05:15:00+08:00,26727406,0,FALSE,Wh,201
142816,15,2025-01-29T05:30:00+08:00,26727549,0,FALSE,Wh,201
142816,15,2025-01-29T05:45:00+08:00,26727631,0,FALSE,Wh,201
142816,15,2025-01-29T06:00:00+08:00,26727667,0,FALSE,Wh,201
142816,15,2025-01-29T06:15:00+08:00,26727695,0,FALSE,Wh,201
142816,15,2025-01-29T06:30:00+08:00,26727728,0,FALSE,Wh,201
142816,15,2025-01-29T06:45:00+08:00,26727770,0,FALSE,Wh,201
142816,15,2025-01-29T07:00:00+08:00,26727802,0,FALSE,Wh,201
142816,15,2025-01-29T07:15:00+08:00,26727833,0,FALSE,Wh,201
142816,15,2025-01-29T07:30:00+08:00,26727864,0,FALSE,Wh,201
142816,15,2025-01-29T07:45:00+08:00,26727897,0,FALSE,Wh,201
142816,15,2025-01-29T08:00:00+08:00,26727928,0,FALSE,Wh,201
142816,15,2025-01-29T08:15:00+08:00,26728376,0,FALSE,Wh,201
142816,15,2025-01-29T08:30:00+08:00,26728455,0,FALSE,Wh,201
142816,15,2025-01-29T08:45:00+08:00,26728492,0,FALSE,Wh,201
142816,15,2025-01-29T09:00:00+08:00,26728531,0,FALSE,Wh,201
142816,15,2025-01-29T09:15:00+08:00,26728574,0,FALSE,Wh,201
142816,15,2025-01-29T09:30:00+08:00,26728612,0,FALSE,Wh,201
142816,15,2025-01-29T09:45:00+08:00,26728634,0,FALSE,Wh,201
142816,15,2025-01-29T10:00:00+08:00,26728668,0,FALSE,Wh,201
142816,15,2025-01-29T10:15:00+08:00,26728699,0,FALSE,Wh,201
142816,15,2025-01-29T10:30:00+08:00,26728719,0,FALSE,Wh,201
142816,15,2025-01-29T10:45:00+08:00,26728754,0,FALSE,Wh,201
142816,15,2025-01-29T11:00:00+08:00,26728914,0,FALSE,Wh,201
142816,15,2025-01-29T11:15:00+08:00,26729239,0,FALSE,Wh,201
142816,15,2025-01-29T11:30:00+08:00,26729567,0,FALSE,Wh,201
142816,15,2025-01-29T11:45:00+08:00,26729903,0,FALSE,Wh,201
142816,15,2025-01-29T12:00:00+08:00,26730243,0,FALSE,Wh,201
142816,15,2025-01-29T12:15:00+08:00,26730586,0,FALSE,Wh,201
142816,15,2025-01-29T12:30:00+08:00,26730924,0,FALSE,Wh,201
142816,15,2025-01-29T12:45:00+08:00,26731278,0,FALSE,Wh,201
142816,15,2025-01-29T13:00:00+08:00,26731634,0,FALSE,Wh,201
142816,15,2025-01-29T13:15:00+08:00,26731992,0,FALSE,Wh,201
142816,15,2025-01-29T13:30:00+08:00,26732346,0,FALSE,Wh,201
142816,15,2025-01-29T13:45:00+08:00,26732705,0,FALSE,Wh,201
142816,15,2025-01-29T14:00:00+08:00,26733070,0,FALSE,Wh,201
142816,15,2025-01-29T14:15:00+08:00,26733444,0,FALSE,Wh,201
142816,15,2025-01-29T14:30:00+08:00,26733814,0,FALSE,Wh,201
142816,15,2025-01-29T14:45:00+08:00,26734180,0,FALSE,Wh,201
142816,15,2025-01-29T15:00:00+08:00,26734559,0,FALSE,Wh,201
142816,15,2025-01-29T15:15:00+08:00,26735193,0,FALSE,Wh,201
142816,15,2025-01-29T15:30:00+08:00,26735685,0,FALSE,Wh,201
142816,15,2025-01-29T15:45:00+08:00,26736064,0,FALSE,Wh,201
142816,15,2025-01-29T16:00:00+08:00,26736440,0,FALSE,Wh,201
142816,15,2025-01-29T16:15:00+08:00,26736962,0,FALSE,Wh,201
142816,15,2025-01-29T16:30:00+08:00,26737225,0,FALSE,Wh,201
142816,15,2025-01-29T16:45:00+08:00,26737611,0,FALSE,Wh,201
142816,15,2025-01-29T17:00:00+08:00,26738002,0,FALSE,Wh,201
142816,15,2025-01-29T17:15:00+08:00,26738390,0,FALSE,Wh,201
142816,15,2025-01-29T17:30:00+08:00,26738782,0,FALSE,Wh,201
142816,15,2025-01-29T17:45:00+08:00,26739179,0,FALSE,Wh,201
142816,15,2025-01-29T18:00:00+08:00,26739551,0,FALSE,Wh,201
142816,15,2025-01-29T18:15:00+08:00,26739813,0,FALSE,Wh,201
142816,15,2025-01-29T18:30:00+08:00,26740303,0,FALSE,Wh,201
142816,15,2025-01-29T18:45:00+08:00,26740740,0,FALSE,Wh,201
142816,15,2025-01-29T19:00:00+08:00,26741177,0,FALSE,Wh,201
142816,15,2025-01-29T19:15:00+08:00,26741566,0,FALSE,Wh,201
142816,15,2025-01-29T19:30:00+08:00,26741961,0,FALSE,Wh,201
142816,15,2025-01-29T19:45:00+08:00,26742352,0,FALSE,Wh,201
142816,15,2025-01-29T20:00:00+08:00,26742719,0,FALSE,Wh,201
142816,15,2025-01-29T20:15:00+08:00,26743276,0,FALSE,Wh,201
142816,15,2025-01-29T20:30:00+08:00,26743728,0,FALSE,Wh,201
142816,15,2025-01-29T20:45:00+08:00,26744442,0,FALSE,Wh,201
142816,15,2025-01-29T21:00:00+08:00,26744787,0,FALSE,Wh,201
142816,15,2025-01-29T21:15:00+08:00,26745848,0,FALSE,Wh,201
142816,15,2025-01-29T21:30:00+08:00,26747200,0,FALSE,Wh,201
142816,15,2025-01-29T21:45:00+08:00,26747704,0,FALSE,Wh,201
142816,15,2025-01-29T22:00:00+08:00,26748434,0,FALSE,Wh,201
142816,15,2025-01-29T22:15:00+08:00,26748688,0,FALSE,Wh,201
142816,15,2025-01-29T22:30:00+08:00,26748783,0,FALSE,Wh,201
142816,15,2025-01-29T22:45:00+08:00,26748889,0,FALSE,Wh,201
142816,15,2025-01-29T23:00:00+08:00,26749027,0,FALSE,Wh,201
142816,15,2025-01-29T23:15:00+08:00,26749135,0,FALSE,Wh,201
142816,15,2025-01-29T23:30:00+08:00,26749162,0,FALSE,Wh,201
142816,15,2025-01-29T23:45:00+08:00,26749194,0,FALSE,Wh,201
142816,15,2025-01-30T00:00:00+08:00,26749239,0,FALSE,Wh,201
142816,15,2025-01-30T00:15:00+08:00,26749279,0,FALSE,Wh,201
142816,15,2025-01-30T00:30:00+08:00,26749325,0,FALSE,Wh,201
142816,15,2025-01-30T00:45:00+08:00,26749379,0,FALSE,Wh,201
142816,15,2025-01-30T01:00:00+08:00,26749472,0,FALSE,Wh,201
142816,15,2025-01-30T01:15:00+08:00,26749515,0,FALSE,Wh,201
142816,15,2025-01-30T01:30:00+08:00,26749560,0,FALSE,Wh,201
142816,15,2025-01-30T01:45:00+08:00,26749604,0,FALSE,Wh,201
142816,15,2025-01-30T02:00:00+08:00,26749640,0,FALSE,Wh,201
142816,15,2025-01-30T02:15:00+08:00,26749662,0,FALSE,Wh,201
142816,15,2025-01-30T02:30:00+08:00,26749696,0,FALSE,Wh,201
142816,15,2025-01-30T02:45:00+08:00,26749726,0,FALSE,Wh,201
142816,15,2025-01-30T03:00:00+08:00,26749747,0,FALSE,Wh,201
142816,15,2025-01-30T03:15:00+08:00,26749774,0,FALSE,Wh,201
142816,15,2025-01-30T03:30:00+08:00,26749807,0,FALSE,Wh,201
142816,15,2025-01-30T03:45:00+08:00,26749837,0,FALSE,Wh,201
142816,15,2025-01-30T04:00:00+08:00,26749854,0,FALSE,Wh,201
142816,15,2025-01-30T04:15:00+08:00,26750467,0,FALSE,Wh,201
142816,15,2025-01-30T04:30:00+08:00,26751243,0,FALSE,Wh,201
142816,15,2025-01-30T04:45:00+08:00,26751503,0,FALSE,Wh,201
142816,15,2025-01-30T05:00:00+08:00,26751553,0,FALSE,Wh,201
142816,15,2025-01-30T05:15:00+08:00,26751585,0,FALSE,Wh,201
142816,15,2025-01-30T05:30:00+08:00,26751622,0,FALSE,Wh,201
142816,15,2025-01-30T05:45:00+08:00,26751665,0,FALSE,Wh,201
142816,15,2025-01-30T06:00:00+08:00,26751689,0,FALSE,Wh,201
142816,15,2025-01-30T06:15:00+08:00,26751729,0,FALSE,Wh,201
142816,15,2025-01-30T06:30:00+08:00,26751763,0,FALSE,Wh,201
142816,15,2025-01-30T06:45:00+08:00,26751789,0,FALSE,Wh,201
142816,15,2025-01-30T07:00:00+08:00,26751828,0,FALSE,Wh,201
142816,15,2025-01-30T07:15:00+08:00,26751862,0,FALSE,Wh,201
142816,15,2025-01-30T07:30:00+08:00,26751888,0,FALSE,Wh,201
142816,15,2025-01-30T07:45:00+08:00,26751928,0,FALSE,Wh,201
142816,15,2025-01-30T08:00:00+08:00,26751960,0,FALSE,Wh,201
142816,15,2025-01-30T08:15:00+08:00,26751988,0,FALSE,Wh,201
142816,15,2025-01-30T08:30:00+08:00,26752028,0,FALSE,Wh,201
142816,15,2025-01-30T08:45:00+08:00,26752401,0,FALSE,Wh,201
142816,15,2025-01-30T09:00:00+08:00,26752625,0,FALSE,Wh,201
142816,15,2025-01-30T09:15:00+08:00,26752974,0,FALSE,Wh,201
142816,15,2025-01-30T09:30:00+08:00,26753313,0,FALSE,Wh,201
142816,15,2025-01-30T09:45:00+08:00,26753665,0,FALSE,Wh,201
142816,15,2025-01-30T10:00:00+08:00,26754063,0,FALSE,Wh,201
142816,15,2025-01-30T10:15:00+08:00,26754433,0,FALSE,Wh,201
142816,15,2025-01-30T10:30:00+08:00,26754796,0,FALSE,Wh,201
142816,15,2025-01-30T10:45:00+08:00,26755157,0,FALSE,Wh,201
142816,15,2025-01-30T11:00:00+08:00,26755530,0,FALSE,Wh,201
142816,15,2025-01-30T11:15:00+08:00,26755904,0,FALSE,Wh,201
142816,15,2025-01-30T11:30:00+08:00,26756278,0,FALSE,Wh,201
142816,15,2025-01-30T11:45:00+08:00,26756663,0,FALSE,Wh,201
142816,15,2025-01-30T12:00:00+08:00,26757180,0,FALSE,Wh,201
142816,15,2025-01-30T12:15:00+08:00,26757454,0,FALSE,Wh,201
142816,15,2025-01-30T12:30:00+08:00,26757993,0,FALSE,Wh,201
142816,15,2025-01-30T12:45:00+08:00,26758493,0,FALSE,Wh,201
142816,15,2025-01-30T13:00:00+08:00,26759642,0,FALSE,Wh,201
142816,15,2025-01-30T13:15:00+08:00,26760088,0,FALSE,Wh,201
142816,15,2025-01-30T13:30:00+08:00,26760530,0,FALSE,Wh,201
142816,15,2025-01-30T13:45:00+08:00,26761328,0,FALSE,Wh,201
142816,15,2025-01-30T14:00:00+08:00,26762564,0,FALSE,Wh,201
142816,15,2025-01-30T14:15:00+08:00,26763012,0,FALSE,Wh,201
142816,15,2025-01-30T14:30:00+08:00,26763468,0,FALSE,Wh,201
142816,15,2025-01-30T14:45:00+08:00,26763927,0,FALSE,Wh,201
142816,15,2025-01-30T15:00:00+08:00,26764378,0,FALSE,Wh,201
142816,15,2025-01-30T15:15:00+08:00,26764821,0,FALSE,Wh,201
142816,15,2025-01-30T15:30:00+08:00,26765268,0,FALSE,Wh,201
142816,15,2025-01-30T15:45:00+08:00,26765696,0,FALSE,Wh,201
142816,15,2025-01-30T16:00:00+08:00,26766127,0,FALSE,Wh,201
142816,15,2025-01-30T16:15:00+08:00,26766553,0,FALSE,Wh,201
142816,15,2025-01-30T16:30:00+08:00,26766971,0,FALSE,Wh,201
142816,15,2025-01-30T16:45:00+08:00,26767367,0,FALSE,Wh,201
142816,15,2025-01-30T17:00:00+08:00,26767784,0,FALSE,Wh,201
142816,15,2025-01-30T17:15:00+08:00,26768197,0,FALSE,Wh,201
142816,15,2025-01-30T17:30:00+08:00,26768656,0,FALSE,Wh,201
142816,15,2025-01-30T17:45:00+08:00,26769116,0,FALSE,Wh,201
142816,15,2025-01-30T18:00:00+08:00,26769547,0,FALSE,Wh,201
142816,15,2025-01-30T18:15:00+08:00,26769887,0,FALSE,Wh,201
142816,15,2025-01-30T18:30:00+08:00,26770437,0,FALSE,Wh,201
142816,15,2025-01-30T18:45:00+08:00,26770892,0,FALSE,Wh,201
142816,15,2025-01-30T19:00:00+08:00,26771306,0,FALSE,Wh,201
142816,15,2025-01-30T19:15:00+08:00,26771671,0,FALSE,Wh,201
142816,15,2025-01-30T19:30:00+08:00,26772013,0,FALSE,Wh,201
142816,15,2025-01-30T19:45:00+08:00,26772724,0,FALSE,Wh,201
142816,15,2025-01-30T20:00:00+08:00,26773073,0,FALSE,Wh,201
142816,15,2025-01-30T20:15:00+08:00,26773406,0,FALSE,Wh,201
142816,15,2025-01-30T20:30:00+08:00,26773757,0,FALSE,Wh,201
142816,15,2025-01-30T20:45:00+08:00,26774568,0,FALSE,Wh,201
142816,15,2025-01-30T21:00:00+08:00,26775812,0,FALSE,Wh,201
142816,15,2025-01-30T21:15:00+08:00,26776354,0,FALSE,Wh,201
142816,15,2025-01-30T21:30:00+08:00,26776724,0,FALSE,Wh,201
142816,15,2025-01-30T21:45:00+08:00,26777089,0,FALSE,Wh,201
142816,15,2025-01-30T22:00:00+08:00,26777778,0,FALSE,Wh,201
142816,15,2025-01-30T22:15:00+08:00,26779011,0,FALSE,Wh,201
142816,15,2025-01-30T22:30:00+08:00,26780226,0,FALSE,Wh,201
142816,15,2025-01-30T22:45:00+08:00,26780620,0,FALSE,Wh,201
142816,15,2025-01-30T23:00:00+08:00,26780929,0,FALSE,Wh,201
142816,15,2025-01-30T23:15:00+08:00,26781287,0,FALSE,Wh,201
142816,15,2025-01-30T23:30:00+08:00,26781664,0,FALSE,Wh,201
142816,15,2025-01-30T23:45:00+08:00,26782001,0,FALSE,Wh,201
142816,15,2025-01-31T00:00:00+08:00,26782322,0,FALSE,Wh,201
142816,15,2025-01-31T00:15:00+08:00,26782640,0,FALSE,Wh,201
142816,15,2025-01-31T00:30:00+08:00,26782915,0,FALSE,Wh,201
142816,15,2025-01-31T00:45:00+08:00,26782949,0,FALSE,Wh,201
142816,15,2025-01-31T01:00:00+08:00,26782991,0,FALSE,Wh,201
142816,15,2025-01-31T01:15:00+08:00,26783025,0,FALSE,Wh,201
142816,15,2025-01-31T01:30:00+08:00,26783069,0,FALSE,Wh,201
142816,15,2025-01-31T01:45:00+08:00,26783098,0,FALSE,Wh,201
142816,15,2025-01-31T02:00:00+08:00,26783137,0,FALSE,Wh,201
142816,15,2025-01-31T02:15:00+08:00,26783165,0,FALSE,Wh,201
142816,15,2025-01-31T02:30:00+08:00,26783565,0,FALSE,Wh,201
142816,15,2025-01-31T02:45:00+08:00,26783665,0,FALSE,Wh,201
142816,15,2025-01-31T03:00:00+08:00,26783694,0,FALSE,Wh,201
142816,15,2025-01-31T03:15:00+08:00,26783735,0,FALSE,Wh,201
142816,15,2025-01-31T03:30:00+08:00,26783773,0,FALSE,Wh,201
142816,15,2025-01-31T03:45:00+08:00,26783811,0,FALSE,Wh,201
142816,15,2025-01-31T04:00:00+08:00,26783845,0,FALSE,Wh,201
142816,15,2025-01-31T04:15:00+08:00,26783893,0,FALSE,Wh,201
142816,15,2025-01-31T04:30:00+08:00,26783984,0,FALSE,Wh,201
142816,15,2025-01-31T04:45:00+08:00,26784372,0,FALSE,Wh,201
142816,15,2025-01-31T05:00:00+08:00,26785231,0,FALSE,Wh,201
142816,15,2025-01-31T05:15:00+08:00,26785383,0,FALSE,Wh,201
142816,15,2025-01-31T05:30:00+08:00,26785480,0,FALSE,Wh,201
142816,15,2025-01-31T05:45:00+08:00,26785542,0,FALSE,Wh,201
142816,15,2025-01-31T06:00:00+08:00,26785600,0,FALSE,Wh,201
142816,15,2025-01-31T06:15:00+08:00,26785649,0,FALSE,Wh,201
142816,15,2025-01-31T06:30:00+08:00,26785697,0,FALSE,Wh,201
142816,15,2025-01-31T06:45:00+08:00,26785739,0,FALSE,Wh,201
142816,15,2025-01-31T07:00:00+08:00,26785794,0,FALSE,Wh,201
142816,15,2025-01-31T07:15:00+08:00,26785852,0,FALSE,Wh,201
142816,15,2025-01-31T07:30:00+08:00,26786236,0,FALSE,Wh,201
142816,15,2025-01-31T07:45:00+08:00,26786276,0,FALSE,Wh,201
142816,15,2025-01-31T08:00:00+08:00,26786328,0,FALSE,Wh,201
142816,15,2025-01-31T08:15:00+08:00,26786377,0,FALSE,Wh,201
142816,15,2025-01-31T08:30:00+08:00,26786422,0,FALSE,Wh,201
142816,15,2025-01-31T08:45:00+08:00,26786459,0,FALSE,Wh,201
142816,15,2025-01-31T09:00:00+08:00,26786517,0,FALSE,Wh,201
142816,15,2025-01-31T09:15:00+08:00,26786574,0,FALSE,Wh,201
142816,15,2025-01-31T09:30:00+08:00,26786627,0,FALSE,Wh,201
142816,15,2025-01-31T09:45:00+08:00,26786865,0,FALSE,Wh,201
142816,15,2025-01-31T10:00:00+08:00,26787197,0,FALSE,Wh,201
142816,15,2025-01-31T10:15:00+08:00,26787515,0,FALSE,Wh,201
142816,15,2025-01-31T10:30:00+08:00,26787859,0,FALSE,Wh,201
142816,15,2025-01-31T10:45:00+08:00,26788194,0,FALSE,Wh,201
142816,15,2025-01-31T11:00:00+08:00,26788545,0,FALSE,Wh,201
142816,15,2025-01-31T11:15:00+08:00,26788891,0,FALSE,Wh,201
142816,15,2025-01-31T11:30:00+08:00,26789245,0,FALSE,Wh,201
142816,15,2025-01-31T11:45:00+08:00,26789600,0,FALSE,Wh,201
142816,15,2025-01-31T12:00:00+08:00,26789959,0,FALSE,Wh,201
142816,15,2025-01-31T12:15:00+08:00,26790339,0,FALSE,Wh,201
142816,15,2025-01-31T12:30:00+08:00,26790715,0,FALSE,Wh,201
142816,15,2025-01-31T12:45:00+08:00,26791155,0,FALSE,Wh,201
142816,15,2025-01-31T13:00:00+08:00,26791585,0,FALSE,Wh,201
142816,15,2025-01-31T13:15:00+08:00,26791990,0,FALSE,Wh,201
142816,15,2025-01-31T13:30:00+08:00,26792375,0,FALSE,Wh,201
142816,15,2025-01-31T13:45:00+08:00,26792759,0,FALSE,Wh,201
142816,15,2025-01-31T14:00:00+08:00,26793152,0,FALSE,Wh,201
142816,15,2025-01-31T14:15:00+08:00,26793538,0,FALSE,Wh,201
142816,15,2025-01-31T14:30:00+08:00,26793934,0,FALSE,Wh,201
142816,15,2025-01-31T14:45:00+08:00,26794331,0,FALSE,Wh,201
142816,15,2025-01-31T15:00:00+08:00,26794727,0,FALSE,Wh,201
142816,15,2025-01-31T15:15:00+08:00,26795126,0,FALSE,Wh,201
142816,15,2025-01-31T15:30:00+08:00,26795744,0,FALSE,Wh,201
142816,15,2025-01-31T15:45:00+08:00,26796290,0,FALSE,Wh,201
142816,15,2025-01-31T16:00:00+08:00,26796695,0,FALSE,Wh,201
142816,15,2025-01-31T16:15:00+08:00,26797091,0,FALSE,Wh,201
142816,15,2025-01-31T16:30:00+08:00,26797520,0,FALSE,Wh,201
142816,15,2025-01-31T16:45:00+08:00,26797962,0,FALSE,Wh,201
142816,15,2025-01-31T17:00:00+08:00,26798387,0,FALSE,Wh,201
142816,15,2025-01-31T17:15:00+08:00,26798829,0,FALSE,Wh,201
142816,15,2025-01-31T17:30:00+08:00,26799267,0,FALSE,Wh,201
142816,15,2025-01-31T17:45:00+08:00,26799696,0,FALSE,Wh,201
142816,15,2025-01-31T18:00:00+08:00,26800072,0,FALSE,Wh,201
142816,15,2025-01-31T18:15:00+08:00,26800157,0,FALSE,Wh,201
142816,15,2025-01-31T18:30:00+08:00,26800519,0,FALSE,Wh,201
142816,15,2025-01-31T18:45:00+08:00,26800867,0,FALSE,Wh,201
142816,15,2025-01-31T19:00:00+08:00,26801209,0,FALSE,Wh,201
142816,15,2025-01-31T19:15:00+08:00,26801412,0,FALSE,Wh,201
142816,15,2025-01-31T19:30:00+08:00,26801487,0,FALSE,Wh,201
142816,15,2025-01-31T19:45:00+08:00,26801563,0,FALSE,Wh,201
142816,15,2025-01-31T20:00:00+08:00,26801922,0,FALSE,Wh,201
142816,15,2025-01-31T20:15:00+08:00,26802297,0,FALSE,Wh,201
142816,15,2025-01-31T20:30:00+08:00,26802667,0,FALSE,Wh,201
142816,15,2025-01-31T20:45:00+08:00,26803018,0,FALSE,Wh,201
142816,15,2025-01-31T21:00:00+08:00,26803358,0,FALSE,Wh,201
142816,15,2025-01-31T21:15:00+08:00,26803673,0,FALSE,Wh,201
142816,15,2025-01-31T21:30:00+08:00,26803985,0,FALSE,Wh,201
142816,15,2025-01-31T21:45:00+08:00,26804289,0,FALSE,Wh,201
142816,15,2025-01-31T22:00:00+08:00,26804636,0,FALSE,Wh,201
142816,15,2025-01-31T22:15:00+08:00,26805037,0,FALSE,Wh,201
142816,15,2025-01-31T22:30:00+08:00,26805176,0,FALSE,Wh,201
142816,15,2025-01-31T22:45:00+08:00,26805309,0,FALSE,Wh,201
142816,15,2025-01-31T23:00:00+08:00,26805418,0,FALSE,Wh,201
142816,15,2025-01-31T23:15:00+08:00,26805527,0,FALSE,Wh,201
142816,15,2025-01-31T23:30:00+08:00,26805651,0,FALSE,Wh,201
142816,15,2025-01-31T23:45:00+08:00,26805774,0,FALSE,Wh,201
142816,15,2025-02-01T00:00:00+08:00,26805996,0,FALSE,Wh,201
142816,15,2025-02-01T00:15:00+08:00,26806231,0,FALSE,Wh,201
142816,15,2025-02-01T00:30:00+08:00,26806280,0,FALSE,Wh,201
142816,15,2025-02-01T00:45:00+08:00,26806323,0,FALSE,Wh,201
142816,15,2025-02-01T01:00:00+08:00,26806355,0,FALSE,Wh,201
142816,15,2025-02-01T01:15:00+08:00,26806404,0,FALSE,Wh,201
142816,15,2025-02-01T01:30:00+08:00,26806449,0,FALSE,Wh,201
142816,15,2025-02-01T01:45:00+08:00,26806487,0,FALSE,Wh,201
142816,15,2025-02-01T02:00:00+08:00,26806530,0,FALSE,Wh,201
142816,15,2025-02-01T02:15:00+08:00,26806913,0,FALSE,Wh,201
142816,15,2025-02-01T02:30:00+08:00,26806946,0,FALSE,Wh,201
142816,15,2025-02-01T02:45:00+08:00,26806993,0,FALSE,Wh,201
142816,15,2025-02-01T03:00:00+08:00,26807022,0,FALSE,Wh,201
142816,15,2025-02-01T03:15:00+08:00,26807067,0,FALSE,Wh,201
142816,15,2025-02-01T03:30:00+08:00,26807112,0,FALSE,Wh,201
142816,15,2025-02-01T03:45:00+08:00,26807142,0,FALSE,Wh,201
142816,15,2025-02-01T04:00:00+08:00,26807170,0,FALSE,Wh,201
142816,15,2025-02-01T04:15:00+08:00,26807192,0,FALSE,Wh,201
142816,15,2025-02-01T04:30:00+08:00,26807218,0,FALSE,Wh,201
142816,15,2025-02-01T04:45:00+08:00,26807252,0,FALSE,Wh,201
142816,15,2025-02-01T05:00:00+08:00,26807281,0,FALSE,Wh,201
142816,15,2025-02-01T05:15:00+08:00,26807307,0,FALSE,Wh,201
142816,15,2025-02-01T05:30:00+08:00,26807342,0,FALSE,Wh,201
142816,15,2025-02-01T05:45:00+08:00,26807371,0,FALSE,Wh,201
142816,15,2025-02-01T06:00:00+08:00,26807397,0,FALSE,Wh,201
142816,15,2025-02-01T06:15:00+08:00,26807431,0,FALSE,Wh,201
142816,15,2025-02-01T06:30:00+08:00,26807463,0,FALSE,Wh,201
142816,15,2025-02-01T06:45:00+08:00,26807486,0,FALSE,Wh,201
142816,15,2025-02-01T07:00:00+08:00,26807520,0,FALSE,Wh,201
142816,15,2025-02-01T07:15:00+08:00,26807550,0,FALSE,Wh,201
142816,15,2025-02-01T07:30:00+08:00,26807632,0,FALSE,Wh,201
142816,15,2025-02-01T07:45:00+08:00,26807734,0,FALSE,Wh,201
142816,15,2025-02-01T08:00:00+08:00,26807778,0,FALSE,Wh,201
142816,15,2025-02-01T08:15:00+08:00,26807974,0,FALSE,Wh,201
142816,15,2025-02-01T08:30:00+08:00,26808886,0,FALSE,Wh,201
142816,15,2025-02-01T08:45:00+08:00,26809807,0,FALSE,Wh,201
142816,15,2025-02-01T09:00:00+08:00,26809892,0,FALSE,Wh,201
142816,15,2025-02-01T09:15:00+08:00,26809941,0,FALSE,Wh,201
142816,15,2025-02-01T09:30:00+08:00,26810001,0,FALSE,Wh,201
142816,15,2025-02-01T09:45:00+08:00,26810075,0,FALSE,Wh,201
142816,15,2025-02-01T10:00:00+08:00,26810158,0,FALSE,Wh,201
142816,15,2025-02-01T10:15:00+08:00,26810280,0,FALSE,Wh,201
142816,15,2025-02-01T10:30:00+08:00,26810432,0,FALSE,Wh,201
142816,15,2025-02-01T10:45:00+08:00,26810595,0,FALSE,Wh,201
142816,15,2025-02-01T11:00:00+08:00,26810862,0,FALSE,Wh,201
142816,15,2025-02-01T11:15:00+08:00,26811234,0,FALSE,Wh,201
142816,15,2025-02-01T11:30:00+08:00,26811596,0,FALSE,Wh,201
142816,15,2025-02-01T11:45:00+08:00,26811962,0,FALSE,Wh,201
142816,15,2025-02-01T12:00:00+08:00,26812308,0,FALSE,Wh,201
142816,15,2025-02-01T12:15:00+08:00,26812642,0,FALSE,Wh,201
142816,15,2025-02-01T12:30:00+08:00,26812994,0,FALSE,Wh,201
142816,15,2025-02-01T12:45:00+08:00,26813874,0,FALSE,Wh,201
142816,15,2025-02-01T13:00:00+08:00,26815122,0,FALSE,Wh,201
142816,15,2025-02-01T13:15:00+08:00,26815900,0,FALSE,Wh,201
142816,15,2025-02-01T13:30:00+08:00,26816278,0,FALSE,Wh,201
142816,15,2025-02-01T13:45:00+08:00,26816658,0,FALSE,Wh,201
142816,15,2025-02-01T14:00:00+08:00,26817027,0,FALSE,Wh,201
142816,15,2025-02-01T14:15:00+08:00,26817027,0,FALSE,Wh,201
142816,15,2025-02-01T14:30:00+08:00,26817027,0,FALSE,Wh,201
142816,15,2025-02-01T14:45:00+08:00,26817027,0,FALSE,Wh,201
142816,15,2025-02-01T15:00:00+08:00,26817027,0,FALSE,Wh,201
142816,15,2025-02-01T15:15:00+08:00,26817027,0,FALSE,Wh,201
142816,15,2025-02-01T15:30:00+08:00,26817027,0,FALSE,Wh,201
142816,15,2025-02-01T15:45:00+08:00,26817027,0,FALSE,Wh,201
142816,15,2025-02-01T16:00:00+08:00,26817027,0,FALSE,Wh,201
142816,15,2025-02-01T16:15:00+08:00,26817027,0,FALSE,Wh,201
142816,15,2025-02-01T16:30:00+08:00,26817027,0,FALSE,Wh,201
142816,15,2025-02-01T16:45:00+08:00,26817027,0,FALSE,Wh,201
142816,15,2025-02-01T17:00:00+08:00,26817027,0,FALSE,Wh,201
142816,15,2025-02-01T17:15:00+08:00,26817027,0,FALSE,Wh,201
142816,15,2025-02-01T17:30:00+08:00,26817027,0,FALSE,Wh,201
142816,15,2025-02-01T17:45:00+08:00,26817027,0,FALSE,Wh,201
142816,15,2025-02-01T18:00:00+08:00,26817027,0,FALSE,Wh,201
142816,15,2025-02-01T18:15:00+08:00,26817027,0,FALSE,Wh,201
142816,15,2025-02-01T18:30:00+08:00,26817027,0,FALSE,Wh,201
142816,15,2025-02-01T18:45:00+08:00,26817027,0,FALSE,Wh,201
142816,15,2025-02-01T19:00:00+08:00,26817027,0,FALSE,Wh,201
142816,15,2025-02-01T19:15:00+08:00,26817027,0,FALSE,Wh,201
142816,15,2025-02-01T19:30:00+08:00,26817027,0,FALSE,Wh,201
142816,15,2025-02-01T19:45:00+08:00,26817027,0,FALSE,Wh,201
142816,15,2025-02-01T20:00:00+08:00,26817027,0,FALSE,Wh,201
142816,15,2025-02-01T20:15:00+08:00,26817027,0,FALSE,Wh,201
142816,15,2025-02-01T20:30:00+08:00,26817027,0,FALSE,Wh,201
142816,15,2025-02-01T20:45:00+08:00,26817027,0,FALSE,Wh,201
142816,15,2025-02-01T21:00:00+08:00,26817027,0,FALSE,Wh,201
142816,15,2025-02-01T21:15:00+08:00,26817027,0,FALSE,Wh,201
142816,15,2025-02-01T21:30:00+08:00,26817027,0,FALSE,Wh,201
142816,15,2025-02-01T21:45:00+08:00,26817027,0,FALSE,Wh,201
142816,15,2025-02-01T22:00:00+08:00,26817027,0,FALSE,Wh,201
142816,15,2025-02-01T22:15:00+08:00,26817027,0,FALSE,Wh,201
142816,15,2025-02-01T22:30:00+08:00,26817027,0,FALSE,Wh,201
142816,15,2025-02-01T22:45:00+08:00,26817027,0,FALSE,Wh,201
142816,15,2025-02-01T23:00:00+08:00,26817027,0,FALSE,Wh,201
142816,15,2025-02-01T23:15:00+08:00,26817027,0,FALSE,Wh,201
142816,15,2025-02-01T23:30:00+08:00,26817027,0,FALSE,Wh,201
142816,15,2025-02-01T23:45:00+08:00,26817027,0,FALSE,Wh,201
142816,15,2025-02-02T00:00:00+08:00,26817027,0,FALSE,Wh,201
142816,15,2025-02-02T00:15:00+08:00,26817027,0,FALSE,Wh,201
142816,15,2025-02-02T00:30:00+08:00,26817027,0,FALSE,Wh,201
142816,15,2025-02-02T00:45:00+08:00,26817027,0,FALSE,Wh,201
142816,15,2025-02-02T01:00:00+08:00,26817027,0,FALSE,Wh,201
142816,15,2025-02-02T01:15:00+08:00,26817027,0,FALSE,Wh,201
142816,15,2025-02-02T01:30:00+08:00,26817027,0,FALSE,Wh,201
142816,15,2025-02-02T01:45:00+08:00,26817027,0,FALSE,Wh,201
142816,15,2025-02-02T02:00:00+08:00,26817027,0,FALSE,Wh,201
142816,15,2025-02-02T02:15:00+08:00,26817027,0,FALSE,Wh,201
142816,15,2025-02-02T02:30:00+08:00,26817027,0,FALSE,Wh,201
142816,15,2025-02-02T02:45:00+08:00,26817027,0,FALSE,Wh,201
142816,15,2025-02-02T03:00:00+08:00,26817027,0,FALSE,Wh,201
142816,15,2025-02-02T03:15:00+08:00,26817027,0,FALSE,Wh,201
142816,15,2025-02-02T03:30:00+08:00,26817027,0,FALSE,Wh,201
142816,15,2025-02-02T03:45:00+08:00,26817027,0,FALSE,Wh,201
142816,15,2025-02-02T04:00:00+08:00,26817027,0,FALSE,Wh,201
142816,15,2025-02-02T04:15:00+08:00,26817027,0,FALSE,Wh,201
142816,15,2025-02-02T04:30:00+08:00,26817027,0,FALSE,Wh,201
142816,15,2025-02-02T04:45:00+08:00,26817027,0,FALSE,Wh,201
142816,15,2025-02-02T05:00:00+08:00,26817027,0,FALSE,Wh,201
142816,15,2025-02-02T05:15:00+08:00,26817027,0,FALSE,Wh,201
142816,15,2025-02-02T05:30:00+08:00,26817027,0,FALSE,Wh,201
142816,15,2025-02-02T05:45:00+08:00,26817027,0,FALSE,Wh,201
142816,15,2025-02-02T06:00:00+08:00,26817027,0,FALSE,Wh,201
142816,15,2025-02-02T06:15:00+08:00,26817027,0,FALSE,Wh,201
142816,15,2025-02-02T06:30:00+08:00,26817027,0,FALSE,Wh,201
142816,15,2025-02-02T06:45:00+08:00,26817027,0,FALSE,Wh,201
142816,15,2025-02-02T07:00:00+08:00,26817027,0,FALSE,Wh,201
142816,15,2025-02-02T07:15:00+08:00,26817027,0,FALSE,Wh,201
142816,15,2025-02-02T07:30:00+08:00,26817027,0,FALSE,Wh,201
142816,15,2025-02-02T07:45:00+08:00,26817027,0,FALSE,Wh,201
142816,15,2025-02-02T08:00:00+08:00,26817027,0,FALSE,Wh,201
142816,15,2025-02-02T08:15:00+08:00,26817027,0,FALSE,Wh,201
142816,15,2025-02-02T08:30:00+08:00,26817027,0,FALSE,Wh,201
142816,15,2025-02-02T08:45:00+08:00,26817027,0,FALSE,Wh,201
142816,15,2025-02-02T09:00:00+08:00,26817027,0,FALSE,Wh,201
142816,15,2025-02-02T09:15:00+08:00,26817027,0,FALSE,Wh,201
142816,15,2025-02-02T09:30:00+08:00,26817027,0,FALSE,Wh,201
142816,15,2025-02-02T09:45:00+08:00,26817027,0,FALSE,Wh,201
142816,15,2025-02-02T10:00:00+08:00,26817027,0,FALSE,Wh,201
142816,15,2025-02-02T10:15:00+08:00,26817027,0,FALSE,Wh,201
142816,15,2025-02-02T10:30:00+08:00,26817027,0,FALSE,Wh,201
142816,15,2025-02-02T10:45:00+08:00,26817027,0,FALSE,Wh,201
142816,15,2025-02-02T11:00:00+08:00,26817027,0,FALSE,Wh,201
142816,15,2025-02-02T11:15:00+08:00,26817027,0,FALSE,Wh,201
142816,15,2025-02-02T11:30:00+08:00,26817027,0,FALSE,Wh,201
142816,15,2025-02-02T11:45:00+08:00,26817027,0,FALSE,Wh,201
142816,15,2025-02-02T12:00:00+08:00,26817027,0,FALSE,Wh,201
142816,15,2025-02-02T12:15:00+08:00,26817027,0,FALSE,Wh,201
142816,15,2025-02-02T12:30:00+08:00,26817027,0,FALSE,Wh,201
142816,15,2025-02-02T12:45:00+08:00,26817027,0,FALSE,Wh,201
142816,15,2025-02-02T13:00:00+08:00,26817027,0,FALSE,Wh,201
142816,15,2025-02-02T13:15:00+08:00,26817027,0,FALSE,Wh,201
142816,15,2025-02-02T13:30:00+08:00,26817027,0,FALSE,Wh,201
142816,15,2025-02-02T13:45:00+08:00,26817027,0,FALSE,Wh,201
142816,15,2025-02-02T14:00:00+08:00,26817027,0,FALSE,Wh,201
142816,15,2025-02-02T14:15:00+08:00,26817027,0,FALSE,Wh,201
142816,15,2025-02-02T14:30:00+08:00,26817027,0,FALSE,Wh,201
142816,15,2025-02-02T14:45:00+08:00,26817027,0,FALSE,Wh,201
142816,15,2025-02-02T15:00:00+08:00,26817027,0,FALSE,Wh,201
142816,15,2025-02-02T15:15:00+08:00,26817027,0,FALSE,Wh,201
142816,15,2025-02-02T15:30:00+08:00,26817027,0,FALSE,Wh,201
142816,15,2025-02-02T15:45:00+08:00,26817027,0,FALSE,Wh,201
142816,15,2025-02-02T16:00:00+08:00,26817027,0,FALSE,Wh,201
142816,15,2025-02-02T16:15:00+08:00,26817027,0,FALSE,Wh,201
142816,15,2025-02-02T16:30:00+08:00,26817027,0,FALSE,Wh,201
142816,15,2025-02-02T16:45:00+08:00,26817027,0,FALSE,Wh,201
142816,15,2025-02-02T17:00:00+08:00,26817027,0,FALSE,Wh,201
142816,15,2025-02-02T17:15:00+08:00,26817027,0,FALSE,Wh,201
142816,15,2025-02-02T17:30:00+08:00,26817027,0,FALSE,Wh,201
142816,15,2025-02-02T17:45:00+08:00,26817027,0,FALSE,Wh,201
142816,15,2025-02-02T18:00:00+08:00,26817027,0,FALSE,Wh,201
142816,15,2025-02-02T18:15:00+08:00,26817027,0,FALSE,Wh,201
142816,15,2025-02-02T18:30:00+08:00,26817027,0,FALSE,Wh,201
142816,15,2025-02-02T18:45:00+08:00,26817027,0,FALSE,Wh,201
142816,15,2025-02-02T19:00:00+08:00,26817027,0,FALSE,Wh,201
142816,15,2025-02-02T19:15:00+08:00,26817027,0,FALSE,Wh,201
142816,15,2025-02-02T19:30:00+08:00,26817027,0,FALSE,Wh,201
142816,15,2025-02-02T19:45:00+08:00,26817027,0,FALSE,Wh,201
142816,15,2025-02-02T20:00:00+08:00,26817027,0,FALSE,Wh,201
142816,15,2025-02-02T20:15:00+08:00,26817027,0,FALSE,Wh,201
142816,15,2025-02-02T20:30:00+08:00,26817027,0,FALSE,Wh,201
142816,15,2025-02-02T20:45:00+08:00,26817027,0,FALSE,Wh,201
142816,15,2025-02-02T21:00:00+08:00,26817027,0,FALSE,Wh,201
142816,15,2025-02-02T21:15:00+08:00,26817027,0,FALSE,Wh,201
142816,15,2025-02-02T21:30:00+08:00,26817027,0,FALSE,Wh,201
142816,15,2025-02-02T21:45:00+08:00,26817027,0,FALSE,Wh,201
142816,15,2025-02-02T22:00:00+08:00,26817027,0,FALSE,Wh,201
142816,15,2025-02-02T22:15:00+08:00,26817027,0,FALSE,Wh,201
142816,15,2025-02-02T22:30:00+08:00,26817027,0,FALSE,Wh,201
142816,15,2025-02-02T22:45:00+08:00,26817027,0,FALSE,Wh,201
142816,15,2025-02-02T23:00:00+08:00,26817027,0,FALSE,Wh,201
142816,15,2025-02-02T23:15:00+08:00,26817027,0,FALSE,Wh,201
142816,15,2025-02-02T23:30:00+08:00,26817027,0,FALSE,Wh,201
142816,15,2025-02-02T23:45:00+08:00,26817027,0,FALSE,Wh,201
142816,15,2025-02-03T00:00:00+08:00,26817027,0,FALSE,Wh,201
142816,15,2025-02-03T00:15:00+08:00,26817027,0,FALSE,Wh,201
142816,15,2025-02-03T00:30:00+08:00,26817027,0,FALSE,Wh,201
142816,15,2025-02-03T00:45:00+08:00,26817027,0,FALSE,Wh,201
142816,15,2025-02-03T01:00:00+08:00,26817027,0,FALSE,Wh,201
142816,15,2025-02-03T01:15:00+08:00,26817027,0,FALSE,Wh,201
142816,15,2025-02-03T01:30:00+08:00,26817027,0,FALSE,Wh,201
142816,15,2025-02-03T01:45:00+08:00,26817027,0,FALSE,Wh,201
142816,15,2025-02-03T02:00:00+08:00,26817027,0,FALSE,Wh,201
142816,15,2025-02-03T02:15:00+08:00,26817027,0,FALSE,Wh,201
142816,15,2025-02-03T02:30:00+08:00,26817027,0,FALSE,Wh,201
142816,15,2025-02-03T02:45:00+08:00,26817027,0,FALSE,Wh,201
142816,15,2025-02-03T03:00:00+08:00,26817027,0,FALSE,Wh,201
142816,15,2025-02-03T03:15:00+08:00,26817027,0,FALSE,Wh,201
142816,15,2025-02-03T03:30:00+08:00,26817027,0,FALSE,Wh,201
142816,15,2025-02-03T03:45:00+08:00,26817027,0,FALSE,Wh,201
142816,15,2025-02-03T04:00:00+08:00,26817027,0,FALSE,Wh,201
142816,15,2025-02-03T04:15:00+08:00,26817027,0,FALSE,Wh,201
142816,15,2025-02-03T04:30:00+08:00,26817027,0,FALSE,Wh,201
142816,15,2025-02-03T04:45:00+08:00,26817027,0,FALSE,Wh,201
142816,15,2025-02-03T05:00:00+08:00,26817027,0,FALSE,Wh,201
142816,15,2025-02-03T05:15:00+08:00,26817027,0,FALSE,Wh,201
142816,15,2025-02-03T05:30:00+08:00,26817027,0,FALSE,Wh,201
142816,15,2025-02-03T05:45:00+08:00,26817027,0,FALSE,Wh,201
142816,15,2025-02-03T06:00:00+08:00,26817027,0,FALSE,Wh,201
142816,15,2025-02-03T06:15:00+08:00,26817027,0,FALSE,Wh,201
142816,15,2025-02-03T06:30:00+08:00,26817027,0,FALSE,Wh,201
142816,15,2025-02-03T06:45:00+08:00,26817027,0,FALSE,Wh,201
142816,15,2025-02-03T07:00:00+08:00,26817027,0,FALSE,Wh,201
142816,15,2025-02-03T07:15:00+08:00,26817027,0,FALSE,Wh,201
142816,15,2025-02-03T07:30:00+08:00,26817027,0,FALSE,Wh,201
142816,15,2025-02-03T07:45:00+08:00,26817027,0,FALSE,Wh,201
142816,15,2025-02-03T08:00:00+08:00,26817027,0,FALSE,Wh,201
142816,15,2025-02-03T08:15:00+08:00,26817027,0,FALSE,Wh,201
142816,15,2025-02-03T08:30:00+08:00,26817027,0,FALSE,Wh,201
142816,15,2025-02-03T08:45:00+08:00,26817027,0,FALSE,Wh,201
142816,15,2025-02-03T09:00:00+08:00,26817027,0,FALSE,Wh,201
142816,15,2025-02-03T09:15:00+08:00,26817027,0,FALSE,Wh,201
142816,15,2025-02-03T09:30:00+08:00,26817027,0,FALSE,Wh,201
142816,15,2025-02-03T09:45:00+08:00,26817027,0,FALSE,Wh,201
142816,15,2025-02-03T10:00:00+08:00,26817027,0,FALSE,Wh,201
142816,15,2025-02-03T10:15:00+08:00,26817027,0,FALSE,Wh,201
142816,15,2025-02-03T10:30:00+08:00,26817027,0,FALSE,Wh,201
142816,15,2025-02-03T10:45:00+08:00,26817027,0,FALSE,Wh,201
142816,15,2025-02-03T11:00:00+08:00,26817027,0,FALSE,Wh,201
142816,15,2025-02-03T11:15:00+08:00,26817027,0,FALSE,Wh,201
142816,15,2025-02-03T11:30:00+08:00,26817027,0,FALSE,Wh,201
142816,15,2025-02-03T11:45:00+08:00,26817027,0,FALSE,Wh,201
142816,15,2025-02-03T12:00:00+08:00,26817027,0,FALSE,Wh,201
142816,15,2025-02-03T12:15:00+08:00,26817027,0,FALSE,Wh,201
142816,15,2025-02-03T12:30:00+08:00,26817027,0,FALSE,Wh,201
142816,15,2025-02-03T12:45:00+08:00,26817027,0,FALSE,Wh,201
142816,15,2025-02-03T13:00:00+08:00,26817027,0,FALSE,Wh,201
142816,15,2025-02-03T13:15:00+08:00,26817027,0,FALSE,Wh,201
142816,15,2025-02-03T13:30:00+08:00,26817027,0,FALSE,Wh,201
142816,15,2025-02-03T13:45:00+08:00,26817027,0,FALSE,Wh,201
142816,15,2025-02-03T14:00:00+08:00,26817027,0,FALSE,Wh,201
142816,15,2025-02-03T14:15:00+08:00,26817027,0,FALSE,Wh,201
142816,15,2025-02-03T14:30:00+08:00,26817027,0,FALSE,Wh,201
142816,15,2025-02-03T14:45:00+08:00,26817027,0,FALSE,Wh,201
142816,15,2025-02-03T15:00:00+08:00,26817027,0,FALSE,Wh,201
142816,15,2025-02-03T15:15:00+08:00,26817027,0,FALSE,Wh,201
142816,15,2025-02-03T15:30:00+08:00,26817027,0,FALSE,Wh,201
142816,15,2025-02-03T15:45:00+08:00,26817027,0,FALSE,Wh,201
142816,15,2025-02-03T16:00:00+08:00,26817027,0,FALSE,Wh,201
142816,15,2025-02-03T16:15:00+08:00,26817027,0,FALSE,Wh,201
142816,15,2025-02-03T16:30:00+08:00,26817027,0,FALSE,Wh,201
142816,15,2025-02-03T16:45:00+08:00,26817027,0,FALSE,Wh,201
142816,15,2025-02-03T17:00:00+08:00,26817027,0,FALSE,Wh,201
142816,15,2025-02-03T17:15:00+08:00,26817027,0,FALSE,Wh,201
142816,15,2025-02-03T17:30:00+08:00,26817027,0,FALSE,Wh,201
142816,15,2025-02-03T17:45:00+08:00,26817027,0,FALSE,Wh,201
142816,15,2025-02-03T18:00:00+08:00,26817027,0,FALSE,Wh,201
142816,15,2025-02-03T18:15:00+08:00,26817027,0,FALSE,Wh,201
142816,15,2025-02-03T18:30:00+08:00,26817027,0,FALSE,Wh,201
142816,15,2025-02-03T18:45:00+08:00,26817027,0,FALSE,Wh,201
142816,15,2025-02-03T19:00:00+08:00,26817027,0,FALSE,Wh,201
142816,15,2025-02-03T19:15:00+08:00,26817027,0,FALSE,Wh,201
142816,15,2025-02-03T19:30:00+08:00,26817027,0,FALSE,Wh,201
142816,15,2025-02-03T19:45:00+08:00,26817027,0,FALSE,Wh,201
142816,15,2025-02-03T20:00:00+08:00,26817027,0,FALSE,Wh,201
142816,15,2025-02-03T20:15:00+08:00,26817027,0,FALSE,Wh,201
142816,15,2025-02-03T20:30:00+08:00,26817027,0,FALSE,Wh,201
142816,15,2025-02-03T20:45:00+08:00,26817027,0,FALSE,Wh,201
142816,15,2025-02-03T21:00:00+08:00,26817027,0,FALSE,Wh,201
142816,15,2025-02-03T21:15:00+08:00,26817027,0,FALSE,Wh,201
142816,15,2025-02-03T21:30:00+08:00,26817027,0,FALSE,Wh,201
142816,15,2025-02-03T21:45:00+08:00,26817027,0,FALSE,Wh,201
142816,15,2025-02-03T22:00:00+08:00,26817027,0,FALSE,Wh,201
142816,15,2025-02-03T22:15:00+08:00,26817027,0,FALSE,Wh,201
142816,15,2025-02-03T22:30:00+08:00,26817027,0,FALSE,Wh,201
142816,15,2025-02-03T22:45:00+08:00,26817027,0,FALSE,Wh,201
142816,15,2025-02-03T23:00:00+08:00,26817027,0,FALSE,Wh,201
142816,15,2025-02-03T23:15:00+08:00,26817027,0,FALSE,Wh,201
142816,15,2025-02-03T23:30:00+08:00,26817027,0,FALSE,Wh,201
142816,15,2025-02-03T23:45:00+08:00,26817027,0,FALSE,Wh,201
142816,15,2025-02-04T00:00:00+08:00,26817027,0,FALSE,Wh,201
142816,15,2025-02-04T00:15:00+08:00,26817027,0,FALSE,Wh,201
142816,15,2025-02-04T00:30:00+08:00,26817027,0,FALSE,Wh,201
142816,15,2025-02-04T00:45:00+08:00,26817027,0,FALSE,Wh,201
142816,15,2025-02-04T01:00:00+08:00,26817027,0,FALSE,Wh,201
142816,15,2025-02-04T01:15:00+08:00,26817027,0,FALSE,Wh,201
142816,15,2025-02-04T01:30:00+08:00,26817027,0,FALSE,Wh,201
142816,15,2025-02-04T01:45:00+08:00,26817027,0,FALSE,Wh,201
142816,15,2025-02-04T02:00:00+08:00,26817027,0,FALSE,Wh,201
142816,15,2025-02-04T02:15:00+08:00,26817027,0,FALSE,Wh,201
142816,15,2025-02-04T02:30:00+08:00,26817027,0,FALSE,Wh,201
142816,15,2025-02-04T02:45:00+08:00,26817027,0,FALSE,Wh,201
142816,15,2025-02-04T03:00:00+08:00,26817027,0,FALSE,Wh,201
142816,15,2025-02-04T03:15:00+08:00,26817027,0,FALSE,Wh,201
142816,15,2025-02-04T03:30:00+08:00,26817027,0,FALSE,Wh,201
142816,15,2025-02-04T03:45:00+08:00,26817027,0,FALSE,Wh,201
142816,15,2025-02-04T04:00:00+08:00,26817027,0,FALSE,Wh,201
142816,15,2025-02-04T04:15:00+08:00,26817027,0,FALSE,Wh,201
142816,15,2025-02-04T04:30:00+08:00,26817027,0,FALSE,Wh,201
142816,15,2025-02-04T04:45:00+08:00,26817027,0,FALSE,Wh,201
142816,15,2025-02-04T05:00:00+08:00,26817027,0,FALSE,Wh,201
142816,15,2025-02-04T05:15:00+08:00,26817027,0,FALSE,Wh,201
142816,15,2025-02-04T05:30:00+08:00,26817027,0,FALSE,Wh,201
142816,15,2025-02-04T05:45:00+08:00,26817027,0,FALSE,Wh,201
142816,15,2025-02-04T06:00:00+08:00,26817027,0,FALSE,Wh,201
142816,15,2025-02-04T06:15:00+08:00,26817027,0,FALSE,Wh,201
142816,15,2025-02-04T06:30:00+08:00,26817027,0,FALSE,Wh,201
142816,15,2025-02-04T06:45:00+08:00,26817027,0,FALSE,Wh,201
142816,15,2025-02-04T07:00:00+08:00,26817027,0,FALSE,Wh,201
142816,15,2025-02-04T07:15:00+08:00,26817027,0,FALSE,Wh,201
142816,15,2025-02-04T07:30:00+08:00,26817027,0,FALSE,Wh,201
142816,15,2025-02-04T07:45:00+08:00,26817027,0,FALSE,Wh,201
142816,15,2025-02-04T08:00:00+08:00,26817027,0,FALSE,Wh,201
142816,15,2025-02-04T08:15:00+08:00,26817027,0,FALSE,Wh,201
142816,15,2025-02-04T08:30:00+08:00,26817027,0,FALSE,Wh,201
142816,15,2025-02-04T08:45:00+08:00,26817027,0,FALSE,Wh,201
142816,15,2025-02-04T09:00:00+08:00,26817027,0,FALSE,Wh,201
142816,15,2025-02-04T09:15:00+08:00,26817027,0,FALSE,Wh,201
142816,15,2025-02-04T09:30:00+08:00,26817027,0,FALSE,Wh,201
142816,15,2025-02-04T09:45:00+08:00,26817027,0,FALSE,Wh,201
142816,15,2025-02-04T10:00:00+08:00,26817027,0,FALSE,Wh,201
142816,15,2025-02-04T10:15:00+08:00,26817027,0,FALSE,Wh,201
142816,15,2025-02-04T10:30:00+08:00,26817027,0,FALSE,Wh,201
142816,15,2025-02-04T10:45:00+08:00,26817027,0,FALSE,Wh,201
142816,15,2025-02-04T11:00:00+08:00,26817027,0,FALSE,Wh,201
142816,15,2025-02-04T11:15:00+08:00,26817027,0,FALSE,Wh,201
142816,15,2025-02-04T11:30:00+08:00,26817027,0,FALSE,Wh,201
142816,15,2025-02-04T11:45:00+08:00,26817027,0,FALSE,Wh,201
142816,15,2025-02-04T12:00:00+08:00,26817027,0,FALSE,Wh,201
142816,15,2025-02-04T12:15:00+08:00,26817027,0,FALSE,Wh,201
142816,15,2025-02-04T12:30:00+08:00,26817027,0,FALSE,Wh,201
142816,15,2025-02-04T12:45:00+08:00,26817027,0,FALSE,Wh,201
142816,15,2025-02-04T13:00:00+08:00,26817027,0,FALSE,Wh,201
142816,15,2025-02-04T13:15:00+08:00,26817027,0,FALSE,Wh,201
142816,15,2025-02-04T13:30:00+08:00,26817027,0,FALSE,Wh,201
142816,15,2025-02-04T13:45:00+08:00,26817027,0,FALSE,Wh,201
142816,15,2025-02-04T14:00:00+08:00,26817027,0,FALSE,Wh,201
142816,15,2025-02-04T14:15:00+08:00,26817027,0,FALSE,Wh,201
142816,15,2025-02-04T14:30:00+08:00,26817027,0,FALSE,Wh,201
142816,15,2025-02-04T14:45:00+08:00,26817027,0,FALSE,Wh,201
142816,15,2025-02-04T15:00:00+08:00,26817027,0,FALSE,Wh,201
142816,15,2025-02-04T15:15:00+08:00,26817027,0,FALSE,Wh,201
142816,15,2025-02-04T15:30:00+08:00,26817027,0,FALSE,Wh,201
142816,15,2025-02-04T15:45:00+08:00,26817027,0,FALSE,Wh,201
142816,15,2025-02-04T16:00:00+08:00,26817027,0,FALSE,Wh,201
142816,15,2025-02-04T16:15:00+08:00,26817027,0,FALSE,Wh,201
142816,15,2025-02-04T16:30:00+08:00,26817027,0,FALSE,Wh,201
142816,15,2025-02-04T16:45:00+08:00,26817027,0,FALSE,Wh,201
142816,15,2025-02-04T17:00:00+08:00,26817027,0,FALSE,Wh,201
142816,15,2025-02-04T17:15:00+08:00,26817027,0,FALSE,Wh,201
142816,15,2025-02-04T17:30:00+08:00,26817027,0,FALSE,Wh,201
142816,15,2025-02-04T17:45:00+08:00,26817027,0,FALSE,Wh,201
142816,15,2025-02-04T18:00:00+08:00,26817027,0,FALSE,Wh,201
142816,15,2025-02-04T18:15:00+08:00,26817027,0,FALSE,Wh,201
142816,15,2025-02-04T18:30:00+08:00,26817027,0,FALSE,Wh,201
142816,15,2025-02-04T18:45:00+08:00,26817027,0,FALSE,Wh,201
142816,15,2025-02-04T19:00:00+08:00,26817027,0,FALSE,Wh,201
142816,15,2025-02-04T19:15:00+08:00,26817027,0,FALSE,Wh,201
142816,15,2025-02-04T19:30:00+08:00,26817027,0,FALSE,Wh,201
142816,15,2025-02-04T19:45:00+08:00,26817027,0,FALSE,Wh,201
142816,15,2025-02-04T20:00:00+08:00,26817027,0,FALSE,Wh,201
142816,15,2025-02-04T20:15:00+08:00,26817027,0,FALSE,Wh,201
142816,15,2025-02-04T20:30:00+08:00,26817027,0,FALSE,Wh,201
142816,15,2025-02-04T20:45:00+08:00,26817027,0,FALSE,Wh,201
142816,15,2025-02-04T21:00:00+08:00,26817027,0,FALSE,Wh,201
142816,15,2025-02-04T21:15:00+08:00,26817027,0,FALSE,Wh,201
142816,15,2025-02-04T21:30:00+08:00,26817027,0,FALSE,Wh,201
142816,15,2025-02-04T21:45:00+08:00,26817027,0,FALSE,Wh,201
142816,15,2025-02-04T22:00:00+08:00,26817027,0,FALSE,Wh,201
142816,15,2025-02-04T22:15:00+08:00,26817027,0,FALSE,Wh,201
142816,15,2025-02-04T22:30:00+08:00,26817027,0,FALSE,Wh,201
142816,15,2025-02-04T22:45:00+08:00,26817027,0,FALSE,Wh,201
142816,15,2025-02-04T23:00:00+08:00,26817027,0,FALSE,Wh,201
142816,15,2025-02-04T23:15:00+08:00,26817027,0,FALSE,Wh,201
142816,15,2025-02-04T23:30:00+08:00,26817027,0,FALSE,Wh,201
142816,15,2025-02-04T23:45:00+08:00,26817027,0,FALSE,Wh,201
142816,15,2025-02-05T00:00:00+08:00,26817027,0,FALSE,Wh,201
142817,15,2025-01-29T00:15:00+08:00,27690204,0,FALSE,Wh,203
142817,15,2025-01-29T00:30:00+08:00,27690226,0,FALSE,Wh,203
142817,15,2025-01-29T00:45:00+08:00,27690252,0,FALSE,Wh,203
142817,15,2025-01-29T01:00:00+08:00,27690290,0,FALSE,Wh,203
142817,15,2025-01-29T01:15:00+08:00,27690323,0,FALSE,Wh,203
142817,15,2025-01-29T01:30:00+08:00,27690342,0,FALSE,Wh,203
142817,15,2025-01-29T01:45:00+08:00,27690377,0,FALSE,Wh,203
142817,15,2025-01-29T02:00:00+08:00,27690415,0,FALSE,Wh,203
142817,15,2025-01-29T02:15:00+08:00,27690438,0,FALSE,Wh,203
142817,15,2025-01-29T02:30:00+08:00,27690463,0,FALSE,Wh,203
142817,15,2025-01-29T02:45:00+08:00,27690502,0,FALSE,Wh,203
142817,15,2025-01-29T03:00:00+08:00,27690536,0,FALSE,Wh,203
142817,15,2025-01-29T03:15:00+08:00,27690554,0,FALSE,Wh,203
142817,15,2025-01-29T03:30:00+08:00,27690587,0,FALSE,Wh,203
142817,15,2025-01-29T03:45:00+08:00,27690626,0,FALSE,Wh,203
142817,15,2025-01-29T04:00:00+08:00,27690651,0,FALSE,Wh,203
142817,15,2025-01-29T04:15:00+08:00,27690673,0,FALSE,Wh,203
142817,15,2025-01-29T04:30:00+08:00,27690712,0,FALSE,Wh,203
142817,15,2025-01-29T04:45:00+08:00,27690748,0,FALSE,Wh,203
142817,15,2025-01-29T05:00:00+08:00,27690766,0,FALSE,Wh,203
142817,15,2025-01-29T05:15:00+08:00,27690797,0,FALSE,Wh,203
142817,15,2025-01-29T05:30:00+08:00,27690836,0,FALSE,Wh,203
142817,15,2025-01-29T05:45:00+08:00,27690863,0,FALSE,Wh,203
142817,15,2025-01-29T06:00:00+08:00,27690883,0,FALSE,Wh,203
142817,15,2025-01-29T06:15:00+08:00,27690922,0,FALSE,Wh,203
142817,15,2025-01-29T06:30:00+08:00,27690959,0,FALSE,Wh,203
142817,15,2025-01-29T06:45:00+08:00,27690978,0,FALSE,Wh,203
142817,15,2025-01-29T07:00:00+08:00,27691007,0,FALSE,Wh,203
142817,15,2025-01-29T07:15:00+08:00,27691046,0,FALSE,Wh,203
142817,15,2025-01-29T07:30:00+08:00,27691585,0,FALSE,Wh,203
142817,15,2025-01-29T07:45:00+08:00,27691605,0,FALSE,Wh,203
142817,15,2025-01-29T08:00:00+08:00,27691642,0,FALSE,Wh,203
142817,15,2025-01-29T08:15:00+08:00,27691679,0,FALSE,Wh,203
142817,15,2025-01-29T08:30:00+08:00,27691701,0,FALSE,Wh,203
142817,15,2025-01-29T08:45:00+08:00,27691727,0,FALSE,Wh,203
142817,15,2025-01-29T09:00:00+08:00,27691766,0,FALSE,Wh,203
142817,15,2025-01-29T09:15:00+08:00,27691797,0,FALSE,Wh,203
142817,15,2025-01-29T09:30:00+08:00,27691815,0,FALSE,Wh,203
142817,15,2025-01-29T09:45:00+08:00,27691850,0,FALSE,Wh,203
142817,15,2025-01-29T10:00:00+08:00,27691888,0,FALSE,Wh,203
142817,15,2025-01-29T10:15:00+08:00,27691912,0,FALSE,Wh,203
142817,15,2025-01-29T10:30:00+08:00,27691935,0,FALSE,Wh,203
142817,15,2025-01-29T10:45:00+08:00,27691975,0,FALSE,Wh,203
142817,15,2025-01-29T11:00:00+08:00,27692009,0,FALSE,Wh,203
142817,15,2025-01-29T11:15:00+08:00,27692027,0,FALSE,Wh,203
142817,15,2025-01-29T11:30:00+08:00,27692060,0,FALSE,Wh,203
142817,15,2025-01-29T11:45:00+08:00,27692098,0,FALSE,Wh,203
142817,15,2025-01-29T12:00:00+08:00,27692124,0,FALSE,Wh,203
142817,15,2025-01-29T12:15:00+08:00,27692146,0,FALSE,Wh,203
142817,15,2025-01-29T12:30:00+08:00,27692185,0,FALSE,Wh,203
142817,15,2025-01-29T12:45:00+08:00,27692221,0,FALSE,Wh,203
142817,15,2025-01-29T13:00:00+08:00,27692240,0,FALSE,Wh,203
142817,15,2025-01-29T13:15:00+08:00,27692271,0,FALSE,Wh,203
142817,15,2025-01-29T13:30:00+08:00,27692309,0,FALSE,Wh,203
142817,15,2025-01-29T13:45:00+08:00,27692337,0,FALSE,Wh,203
142817,15,2025-01-29T14:00:00+08:00,27692357,0,FALSE,Wh,203
142817,15,2025-01-29T14:15:00+08:00,27692395,0,FALSE,Wh,203
142817,15,2025-01-29T14:30:00+08:00,27692433,0,FALSE,Wh,203
142817,15,2025-01-29T14:45:00+08:00,27692453,0,FALSE,Wh,203
142817,15,2025-01-29T15:00:00+08:00,27692482,0,FALSE,Wh,203
142817,15,2025-01-29T15:15:00+08:00,27692520,0,FALSE,Wh,203
142817,15,2025-01-29T15:30:00+08:00,27692551,0,FALSE,Wh,203
142817,15,2025-01-29T15:45:00+08:00,27692570,0,FALSE,Wh,203
142817,15,2025-01-29T16:00:00+08:00,27692607,0,FALSE,Wh,203
142817,15,2025-01-29T16:15:00+08:00,27692655,0,FALSE,Wh,203
142817,15,2025-01-29T16:30:00+08:00,27692668,0,FALSE,Wh,203
142817,15,2025-01-29T16:45:00+08:00,27692695,0,FALSE,Wh,203
142817,15,2025-01-29T17:00:00+08:00,27692723,0,FALSE,Wh,203
142817,15,2025-01-29T17:15:00+08:00,27692745,0,FALSE,Wh,203
142817,15,2025-01-29T17:30:00+08:00,27692753,0,FALSE,Wh,203
142817,15,2025-01-29T17:45:00+08:00,27693307,0,FALSE,Wh,203
142817,15,2025-01-29T18:00:00+08:00,27693334,0,FALSE,Wh,203
142817,15,2025-01-29T18:15:00+08:00,27693349,0,FALSE,Wh,203
142817,15,2025-01-29T18:30:00+08:00,27693422,0,FALSE,Wh,203
142817,15,2025-01-29T18:45:00+08:00,27694650,0,FALSE,Wh,203
142817,15,2025-01-29T19:00:00+08:00,27695734,0,FALSE,Wh,203
142817,15,2025-01-29T19:15:00+08:00,27697607,0,FALSE,Wh,203
142817,15,2025-01-29T19:30:00+08:00,27698373,0,FALSE,Wh,203
142817,15,2025-01-29T19:45:00+08:00,27699648,0,FALSE,Wh,203
142817,15,2025-01-29T20:00:00+08:00,27700444,0,FALSE,Wh,203
142817,15,2025-01-29T20:15:00+08:00,27700466,0,FALSE,Wh,203
142817,15,2025-01-29T20:30:00+08:00,27700496,0,FALSE,Wh,203
142817,15,2025-01-29T20:45:00+08:00,27700526,0,FALSE,Wh,203
142817,15,2025-01-29T21:00:00+08:00,27700555,0,FALSE,Wh,203
142817,15,2025-01-29T21:15:00+08:00,27700582,0,FALSE,Wh,203
142817,15,2025-01-29T21:30:00+08:00,27700611,0,FALSE,Wh,203
142817,15,2025-01-29T21:45:00+08:00,27700638,0,FALSE,Wh,203
142817,15,2025-01-29T22:00:00+08:00,27700665,0,FALSE,Wh,203
142817,15,2025-01-29T22:15:00+08:00,27700682,0,FALSE,Wh,203
142817,15,2025-01-29T22:30:00+08:00,27700691,0,FALSE,Wh,203
142817,15,2025-01-29T22:45:00+08:00,27700719,0,FALSE,Wh,203
142817,15,2025-01-29T23:00:00+08:00,27700747,0,FALSE,Wh,203
142817,15,2025-01-29T23:15:00+08:00,27700761,0,FALSE,Wh,203
142817,15,2025-01-29T23:30:00+08:00,27700777,0,FALSE,Wh,203
142817,15,2025-01-29T23:45:00+08:00,27700806,0,FALSE,Wh,203
142817,15,2025-01-30T00:00:00+08:00,27700830,0,FALSE,Wh,203
142817,15,2025-01-30T00:15:00+08:00,27700837,0,FALSE,Wh,203
142817,15,2025-01-30T00:30:00+08:00,27700862,0,FALSE,Wh,203
142817,15,2025-01-30T00:45:00+08:00,27700890,0,FALSE,Wh,203
142817,15,2025-01-30T01:00:00+08:00,27700906,0,FALSE,Wh,203
142817,15,2025-01-30T01:15:00+08:00,27700919,0,FALSE,Wh,203
142817,15,2025-01-30T01:30:00+08:00,27700947,0,FALSE,Wh,203
142817,15,2025-01-30T01:45:00+08:00,27700974,0,FALSE,Wh,203
142817,15,2025-01-30T02:00:00+08:00,27700982,0,FALSE,Wh,203
142817,15,2025-01-30T02:15:00+08:00,27701004,0,FALSE,Wh,203
142817,15,2025-01-30T02:30:00+08:00,27701031,0,FALSE,Wh,203
142817,15,2025-01-30T02:45:00+08:00,27701049,0,FALSE,Wh,203
142817,15,2025-01-30T03:00:00+08:00,27701060,0,FALSE,Wh,203
142817,15,2025-01-30T03:15:00+08:00,27701087,0,FALSE,Wh,203
142817,15,2025-01-30T03:30:00+08:00,27701114,0,FALSE,Wh,203
142817,15,2025-01-30T03:45:00+08:00,27701124,0,FALSE,Wh,203
142817,15,2025-01-30T04:00:00+08:00,27701143,0,FALSE,Wh,203
142817,15,2025-01-30T04:15:00+08:00,27701171,0,FALSE,Wh,203
142817,15,2025-01-30T04:30:00+08:00,27701190,0,FALSE,Wh,203
142817,15,2025-01-30T04:45:00+08:00,27701199,0,FALSE,Wh,203
142817,15,2025-01-30T05:00:00+08:00,27701226,0,FALSE,Wh,203
142817,15,2025-01-30T05:15:00+08:00,27701253,0,FALSE,Wh,203
142817,15,2025-01-30T05:30:00+08:00,27701264,0,FALSE,Wh,203
142817,15,2025-01-30T05:45:00+08:00,27701281,0,FALSE,Wh,203
142817,15,2025-01-30T06:00:00+08:00,27701308,0,FALSE,Wh,203
142817,15,2025-01-30T06:15:00+08:00,27701384,0,FALSE,Wh,203
142817,15,2025-01-30T06:30:00+08:00,27701801,0,FALSE,Wh,203
142817,15,2025-01-30T06:45:00+08:00,27701827,0,FALSE,Wh,203
142817,15,2025-01-30T07:00:00+08:00,27701854,0,FALSE,Wh,203
142817,15,2025-01-30T07:15:00+08:00,27701866,0,FALSE,Wh,203
142817,15,2025-01-30T07:30:00+08:00,27701881,0,FALSE,Wh,203
142817,15,2025-01-30T07:45:00+08:00,27701909,0,FALSE,Wh,203
142817,15,2025-01-30T08:00:00+08:00,27701931,0,FALSE,Wh,203
142817,15,2025-01-30T08:15:00+08:00,27701938,0,FALSE,Wh,203
142817,15,2025-01-30T08:30:00+08:00,27701963,0,FALSE,Wh,203
142817,15,2025-01-30T08:45:00+08:00,27701991,0,FALSE,Wh,203
142817,15,2025-01-30T09:00:00+08:00,27702003,0,FALSE,Wh,203
142817,15,2025-01-30T09:15:00+08:00,27702017,0,FALSE,Wh,203
142817,15,2025-01-30T09:30:00+08:00,27702045,0,FALSE,Wh,203
142817,15,2025-01-30T09:45:00+08:00,27702068,0,FALSE,Wh,203
142817,15,2025-01-30T10:00:00+08:00,27702076,0,FALSE,Wh,203
142817,15,2025-01-30T10:15:00+08:00,27702099,0,FALSE,Wh,203
142817,15,2025-01-30T10:30:00+08:00,27702127,0,FALSE,Wh,203
142817,15,2025-01-30T10:45:00+08:00,27702141,0,FALSE,Wh,203
142817,15,2025-01-30T11:00:00+08:00,27702154,0,FALSE,Wh,203
142817,15,2025-01-30T11:15:00+08:00,27702181,0,FALSE,Wh,203
142817,15,2025-01-30T11:30:00+08:00,27702205,0,FALSE,Wh,203
142817,15,2025-01-30T11:45:00+08:00,27702213,0,FALSE,Wh,203
142817,15,2025-01-30T12:00:00+08:00,27702227,0,FALSE,Wh,203
142817,15,2025-01-30T12:15:00+08:00,27702263,0,FALSE,Wh,203
142817,15,2025-01-30T12:30:00+08:00,27702279,0,FALSE,Wh,203
142817,15,2025-01-30T12:45:00+08:00,27702291,0,FALSE,Wh,203
142817,15,2025-01-30T13:00:00+08:00,27702318,0,FALSE,Wh,203
142817,15,2025-01-30T13:15:00+08:00,27702345,0,FALSE,Wh,203
142817,15,2025-01-30T13:30:00+08:00,27702352,0,FALSE,Wh,203
142817,15,2025-01-30T13:45:00+08:00,27702373,0,FALSE,Wh,203
142817,15,2025-01-30T14:00:00+08:00,27702401,0,FALSE,Wh,203
142817,15,2025-01-30T14:15:00+08:00,27702418,0,FALSE,Wh,203
142817,15,2025-01-30T14:30:00+08:00,27702429,0,FALSE,Wh,203
142817,15,2025-01-30T14:45:00+08:00,27702457,0,FALSE,Wh,203
142817,15,2025-01-30T15:00:00+08:00,27702484,0,FALSE,Wh,203
142817,15,2025-01-30T15:15:00+08:00,27702493,0,FALSE,Wh,203
142817,15,2025-01-30T15:30:00+08:00,27702513,0,FALSE,Wh,203
142817,15,2025-01-30T15:45:00+08:00,27702541,0,FALSE,Wh,203
142817,15,2025-01-30T16:00:00+08:00,27702561,0,FALSE,Wh,203
142817,15,2025-01-30T16:15:00+08:00,27702570,0,FALSE,Wh,203
142817,15,2025-01-30T16:30:00+08:00,27702598,0,FALSE,Wh,203
142817,15,2025-01-30T16:45:00+08:00,27702626,0,FALSE,Wh,203
142817,15,2025-01-30T17:00:00+08:00,27702638,0,FALSE,Wh,203
142817,15,2025-01-30T17:15:00+08:00,27702656,0,FALSE,Wh,203
142817,15,2025-01-30T17:30:00+08:00,27702684,0,FALSE,Wh,203
142817,15,2025-01-30T17:45:00+08:00,27702707,0,FALSE,Wh,203
142817,15,2025-01-30T18:00:00+08:00,27702717,0,FALSE,Wh,203
142817,15,2025-01-30T18:15:00+08:00,27702893,0,FALSE,Wh,203
142817,15,2025-01-30T18:30:00+08:00,27703324,0,FALSE,Wh,203
142817,15,2025-01-30T18:45:00+08:00,27703339,0,FALSE,Wh,203
142817,15,2025-01-30T19:00:00+08:00,27703370,0,FALSE,Wh,203
142817,15,2025-01-30T19:15:00+08:00,27703403,0,FALSE,Wh,203
142817,15,2025-01-30T19:30:00+08:00,27703436,0,FALSE,Wh,203
142817,15,2025-01-30T19:45:00+08:00,27703466,0,FALSE,Wh,203
142817,15,2025-01-30T20:00:00+08:00,27703497,0,FALSE,Wh,203
142817,15,2025-01-30T20:15:00+08:00,27703527,0,FALSE,Wh,203
142817,15,2025-01-30T20:30:00+08:00,27703539,0,FALSE,Wh,203
142817,15,2025-01-30T20:45:00+08:00,27703564,0,FALSE,Wh,203
142817,15,2025-01-30T21:00:00+08:00,27703596,0,FALSE,Wh,203
142817,15,2025-01-30T21:15:00+08:00,27703617,0,FALSE,Wh,203
142817,15,2025-01-30T21:30:00+08:00,27703627,0,FALSE,Wh,203
142817,15,2025-01-30T21:45:00+08:00,27703655,0,FALSE,Wh,203
142817,15,2025-01-30T22:00:00+08:00,27703683,0,FALSE,Wh,203
142817,15,2025-01-30T22:15:00+08:00,27703699,0,FALSE,Wh,203
142817,15,2025-01-30T22:30:00+08:00,27703717,0,FALSE,Wh,203
142817,15,2025-01-30T22:45:00+08:00,27703745,0,FALSE,Wh,203
142817,15,2025-01-30T23:00:00+08:00,27703772,0,FALSE,Wh,203
142817,15,2025-01-30T23:15:00+08:00,27703780,0,FALSE,Wh,203
142817,15,2025-01-30T23:30:00+08:00,27703805,0,FALSE,Wh,203
142817,15,2025-01-30T23:45:00+08:00,27703833,0,FALSE,Wh,203
142817,15,2025-01-31T00:00:00+08:00,27703852,0,FALSE,Wh,203
142817,15,2025-01-31T00:15:00+08:00,27703864,0,FALSE,Wh,203
142817,15,2025-01-31T00:30:00+08:00,27703893,0,FALSE,Wh,203
142817,15,2025-01-31T00:45:00+08:00,27703920,0,FALSE,Wh,203
142817,15,2025-01-31T01:00:00+08:00,27703931,0,FALSE,Wh,203
142817,15,2025-01-31T01:15:00+08:00,27703952,0,FALSE,Wh,203
142817,15,2025-01-31T01:30:00+08:00,27703980,0,FALSE,Wh,203
142817,15,2025-01-31T01:45:00+08:00,27704002,0,FALSE,Wh,203
142817,15,2025-01-31T02:00:00+08:00,27704011,0,FALSE,Wh,203
142817,15,2025-01-31T02:15:00+08:00,27704039,0,FALSE,Wh,203
142817,15,2025-01-31T02:30:00+08:00,27704066,0,FALSE,Wh,203
142817,15,2025-01-31T02:45:00+08:00,27704080,0,FALSE,Wh,203
142817,15,2025-01-31T03:00:00+08:00,27704097,0,FALSE,Wh,203
142817,15,2025-01-31T03:15:00+08:00,27704126,0,FALSE,Wh,203
142817,15,2025-01-31T03:30:00+08:00,27704151,0,FALSE,Wh,203
142817,15,2025-01-31T03:45:00+08:00,27704158,0,FALSE,Wh,203
142817,15,2025-01-31T04:00:00+08:00,27704184,0,FALSE,Wh,203
142817,15,2025-01-31T04:15:00+08:00,27704212,0,FALSE,Wh,203
142817,15,2025-01-31T04:30:00+08:00,27704227,0,FALSE,Wh,203
142817,15,2025-01-31T04:45:00+08:00,27704241,0,FALSE,Wh,203
142817,15,2025-01-31T05:00:00+08:00,27704269,0,FALSE,Wh,203
142817,15,2025-01-31T05:15:00+08:00,27704294,0,FALSE,Wh,203
142817,15,2025-01-31T05:30:00+08:00,27704302,0,FALSE,Wh,203
142817,15,2025-01-31T05:45:00+08:00,27704326,0,FALSE,Wh,203
142817,15,2025-01-31T06:00:00+08:00,27704353,0,FALSE,Wh,203
142817,15,2025-01-31T06:15:00+08:00,27704370,0,FALSE,Wh,203
142817,15,2025-01-31T06:30:00+08:00,27704383,0,FALSE,Wh,203
142817,15,2025-01-31T06:45:00+08:00,27704956,0,FALSE,Wh,203
142817,15,2025-01-31T07:00:00+08:00,27704983,0,FALSE,Wh,203
142817,15,2025-01-31T07:15:00+08:00,27704991,0,FALSE,Wh,203
142817,15,2025-01-31T07:30:00+08:00,27705013,0,FALSE,Wh,203
142817,15,2025-01-31T07:45:00+08:00,27705040,0,FALSE,Wh,203
142817,15,2025-01-31T08:00:00+08:00,27705058,0,FALSE,Wh,203
142817,15,2025-01-31T08:15:00+08:00,27705069,0,FALSE,Wh,203
142817,15,2025-01-31T08:30:00+08:00,27705097,0,FALSE,Wh,203
142817,15,2025-01-31T08:45:00+08:00,27705124,0,FALSE,Wh,203
142817,15,2025-01-31T09:00:00+08:00,27705132,0,FALSE,Wh,203
142817,15,2025-01-31T09:15:00+08:00,27705153,0,FALSE,Wh,203
142817,15,2025-01-31T09:30:00+08:00,27705181,0,FALSE,Wh,203
142817,15,2025-01-31T09:45:00+08:00,27705199,0,FALSE,Wh,203
142817,15,2025-01-31T10:00:00+08:00,27705210,0,FALSE,Wh,203
142817,15,2025-01-31T10:15:00+08:00,27705237,0,FALSE,Wh,203
142817,15,2025-01-31T10:30:00+08:00,27705264,0,FALSE,Wh,203
142817,15,2025-01-31T10:45:00+08:00,27705273,0,FALSE,Wh,203
142817,15,2025-01-31T11:00:00+08:00,27705304,0,FALSE,Wh,203
142817,15,2025-01-31T11:15:00+08:00,27705346,0,FALSE,Wh,203
142817,15,2025-01-31T11:30:00+08:00,27705378,0,FALSE,Wh,203
142817,15,2025-01-31T11:45:00+08:00,27705414,0,FALSE,Wh,203
142817,15,2025-01-31T12:00:00+08:00,27705482,0,FALSE,Wh,203
142817,15,2025-01-31T12:15:00+08:00,27705509,0,FALSE,Wh,203
142817,15,2025-01-31T12:30:00+08:00,27705552,0,FALSE,Wh,203
142817,15,2025-01-31T12:45:00+08:00,27705594,0,FALSE,Wh,203
142817,15,2025-01-31T13:00:00+08:00,27705635,0,FALSE,Wh,203
142817,15,2025-01-31T13:15:00+08:00,27705674,0,FALSE,Wh,203
142817,15,2025-01-31T13:30:00+08:00,27705715,0,FALSE,Wh,203
142817,15,2025-01-31T13:45:00+08:00,27705754,0,FALSE,Wh,203
142817,15,2025-01-31T14:00:00+08:00,27705793,0,FALSE,Wh,203
142817,15,2025-01-31T14:15:00+08:00,27705828,0,FALSE,Wh,203
142817,15,2025-01-31T14:30:00+08:00,27705848,0,FALSE,Wh,203
142817,15,2025-01-31T14:45:00+08:00,27705884,0,FALSE,Wh,203
142817,15,2025-01-31T15:00:00+08:00,27705925,0,FALSE,Wh,203
142817,15,2025-01-31T15:15:00+08:00,27705957,0,FALSE,Wh,203
142817,15,2025-01-31T15:30:00+08:00,27705981,0,FALSE,Wh,203
142817,15,2025-01-31T15:45:00+08:00,27706022,0,FALSE,Wh,203
142817,15,2025-01-31T16:00:00+08:00,27706061,0,FALSE,Wh,203
142817,15,2025-01-31T16:15:00+08:00,27706085,0,FALSE,Wh,203
142817,15,2025-01-31T16:30:00+08:00,27706117,0,FALSE,Wh,203
142817,15,2025-01-31T16:45:00+08:00,27706158,0,FALSE,Wh,203
142817,15,2025-01-31T17:00:00+08:00,27706195,0,FALSE,Wh,203
142817,15,2025-01-31T17:15:00+08:00,27706217,0,FALSE,Wh,203
142817,15,2025-01-31T17:30:00+08:00,27706257,0,FALSE,Wh,203
142817,15,2025-01-31T17:45:00+08:00,27706300,0,FALSE,Wh,203
142817,15,2025-01-31T18:00:00+08:00,27706328,0,FALSE,Wh,203
142817,15,2025-01-31T18:15:00+08:00,27706357,0,FALSE,Wh,203
142817,15,2025-01-31T18:30:00+08:00,27706401,0,FALSE,Wh,203
142817,15,2025-01-31T18:45:00+08:00,27706441,0,FALSE,Wh,203
142817,15,2025-01-31T19:00:00+08:00,27706462,0,FALSE,Wh,203
142817,15,2025-01-31T19:15:00+08:00,27706501,0,FALSE,Wh,203
142817,15,2025-01-31T19:30:00+08:00,27706684,0,FALSE,Wh,203
142817,15,2025-01-31T19:45:00+08:00,27707100,0,FALSE,Wh,203
142817,15,2025-01-31T20:00:00+08:00,27707126,0,FALSE,Wh,203
142817,15,2025-01-31T20:15:00+08:00,27707167,0,FALSE,Wh,203
142817,15,2025-01-31T20:30:00+08:00,27707209,0,FALSE,Wh,203
142817,15,2025-01-31T20:45:00+08:00,27707233,0,FALSE,Wh,203
142817,15,2025-01-31T21:00:00+08:00,27707263,0,FALSE,Wh,203
142817,15,2025-01-31T21:15:00+08:00,27707303,0,FALSE,Wh,203
142817,15,2025-01-31T21:30:00+08:00,27707341,0,FALSE,Wh,203
142817,15,2025-01-31T21:45:00+08:00,27707366,0,FALSE,Wh,203
142817,15,2025-01-31T22:00:00+08:00,27707422,0,FALSE,Wh,203
142817,15,2025-01-31T22:15:00+08:00,27707506,0,FALSE,Wh,203
142817,15,2025-01-31T22:30:00+08:00,27707558,0,FALSE,Wh,203
142817,15,2025-01-31T22:45:00+08:00,27707623,0,FALSE,Wh,203
142817,15,2025-01-31T23:00:00+08:00,27707700,0,FALSE,Wh,203
142817,15,2025-01-31T23:15:00+08:00,27707788,0,FALSE,Wh,203
142817,15,2025-01-31T23:30:00+08:00,27708409,0,FALSE,Wh,203
142817,15,2025-01-31T23:45:00+08:00,27708530,0,FALSE,Wh,203
142817,15,2025-02-01T00:00:00+08:00,27708647,0,FALSE,Wh,203
142817,15,2025-02-01T00:15:00+08:00,27708753,0,FALSE,Wh,203
142817,15,2025-02-01T00:30:00+08:00,27709027,0,FALSE,Wh,203
142817,15,2025-02-01T00:45:00+08:00,27709344,0,FALSE,Wh,203
142817,15,2025-02-01T01:00:00+08:00,27710099,0,FALSE,Wh,203
142817,15,2025-02-01T01:15:00+08:00,27710413,0,FALSE,Wh,203
142817,15,2025-02-01T01:30:00+08:00,27710704,0,FALSE,Wh,203
142817,15,2025-02-01T01:45:00+08:00,27710981,0,FALSE,Wh,203
142817,15,2025-02-01T02:00:00+08:00,27711225,0,FALSE,Wh,203
142817,15,2025-02-01T02:15:00+08:00,27711444,0,FALSE,Wh,203
142817,15,2025-02-01T02:30:00+08:00,27711666,0,FALSE,Wh,203
142817,15,2025-02-01T02:45:00+08:00,27711840,0,FALSE,Wh,203
142817,15,2025-02-01T03:00:00+08:00,27711959,0,FALSE,Wh,203
142817,15,2025-02-01T03:15:00+08:00,27712187,0,FALSE,Wh,203
142817,15,2025-02-01T03:30:00+08:00,27712352,0,FALSE,Wh,203
142817,15,2025-02-01T03:45:00+08:00,27712511,0,FALSE,Wh,203
142817,15,2025-02-01T04:00:00+08:00,27712666,0,FALSE,Wh,203
142817,15,2025-02-01T04:15:00+08:00,27712804,0,FALSE,Wh,203
142817,15,2025-02-01T04:30:00+08:00,27712943,0,FALSE,Wh,203
142817,15,2025-02-01T04:45:00+08:00,27713084,0,FALSE,Wh,203
142817,15,2025-02-01T05:00:00+08:00,27713223,0,FALSE,Wh,203
142817,15,2025-02-01T05:15:00+08:00,27713360,0,FALSE,Wh,203
142817,15,2025-02-01T05:30:00+08:00,27713491,0,FALSE,Wh,203
142817,15,2025-02-01T05:45:00+08:00,27713618,0,FALSE,Wh,203
142817,15,2025-02-01T06:00:00+08:00,27713740,0,FALSE,Wh,203
142817,15,2025-02-01T06:15:00+08:00,27713855,0,FALSE,Wh,203
142817,15,2025-02-01T06:30:00+08:00,27713982,0,FALSE,Wh,203
142817,15,2025-02-01T06:45:00+08:00,27714115,0,FALSE,Wh,203
142817,15,2025-02-01T07:00:00+08:00,27714247,0,FALSE,Wh,203
142817,15,2025-02-01T07:15:00+08:00,27714797,0,FALSE,Wh,203
142817,15,2025-02-01T07:30:00+08:00,27714970,0,FALSE,Wh,203
142817,15,2025-02-01T07:45:00+08:00,27715102,0,FALSE,Wh,203
142817,15,2025-02-01T08:00:00+08:00,27715243,0,FALSE,Wh,203
142817,15,2025-02-01T08:15:00+08:00,27715387,0,FALSE,Wh,203
142817,15,2025-02-01T08:30:00+08:00,27715536,0,FALSE,Wh,203
142817,15,2025-02-01T08:45:00+08:00,27715692,0,FALSE,Wh,203
142817,15,2025-02-01T09:00:00+08:00,27715843,0,FALSE,Wh,203
142817,15,2025-02-01T09:15:00+08:00,27715993,0,FALSE,Wh,203
142817,15,2025-02-01T09:30:00+08:00,27716160,0,FALSE,Wh,203
142817,15,2025-02-01T09:45:00+08:00,27716333,0,FALSE,Wh,203
142817,15,2025-02-01T10:00:00+08:00,27716503,0,FALSE,Wh,203
142817,15,2025-02-01T10:15:00+08:00,27716682,0,FALSE,Wh,203
142817,15,2025-02-01T10:30:00+08:00,27716853,0,FALSE,Wh,203
142817,15,2025-02-01T10:45:00+08:00,27717029,0,FALSE,Wh,203
142817,15,2025-02-01T11:00:00+08:00,27717215,0,FALSE,Wh,203
142817,15,2025-02-01T11:15:00+08:00,27717418,0,FALSE,Wh,203
142817,15,2025-02-01T11:30:00+08:00,27717625,0,FALSE,Wh,203
142817,15,2025-02-01T11:45:00+08:00,27717831,0,FALSE,Wh,203
142817,15,2025-02-01T12:00:00+08:00,27718029,0,FALSE,Wh,203
142817,15,2025-02-01T12:15:00+08:00,27718240,0,FALSE,Wh,203
142817,15,2025-02-01T12:30:00+08:00,27718439,0,FALSE,Wh,203
142817,15,2025-02-01T12:45:00+08:00,27718650,0,FALSE,Wh,203
142817,15,2025-02-01T13:00:00+08:00,27718864,0,FALSE,Wh,203
142817,15,2025-02-01T13:15:00+08:00,27719066,0,FALSE,Wh,203
142817,15,2025-02-01T13:30:00+08:00,27719276,0,FALSE,Wh,203
142817,15,2025-02-01T13:45:00+08:00,27719501,0,FALSE,Wh,203
142817,15,2025-02-01T14:00:00+08:00,27719727,0,FALSE,Wh,203
142817,15,2025-02-01T14:15:00+08:00,27719727,0,FALSE,Wh,203
142817,15,2025-02-01T14:30:00+08:00,27719727,0,FALSE,Wh,203
142817,15,2025-02-01T14:45:00+08:00,27719727,0,FALSE,Wh,203
142817,15,2025-02-01T15:00:00+08:00,27719727,0,FALSE,Wh,203
142817,15,2025-02-01T15:15:00+08:00,27719727,0,FALSE,Wh,203
142817,15,2025-02-01T15:30:00+08:00,27719727,0,FALSE,Wh,203
142817,15,2025-02-01T15:45:00+08:00,27719727,0,FALSE,Wh,203
142817,15,2025-02-01T16:00:00+08:00,27719727,0,FALSE,Wh,203
142817,15,2025-02-01T16:15:00+08:00,27719727,0,FALSE,Wh,203
142817,15,2025-02-01T16:30:00+08:00,27719727,0,FALSE,Wh,203
142817,15,2025-02-01T16:45:00+08:00,27719727,0,FALSE,Wh,203
142817,15,2025-02-01T17:00:00+08:00,27719727,0,FALSE,Wh,203
142817,15,2025-02-01T17:15:00+08:00,27719727,0,FALSE,Wh,203
142817,15,2025-02-01T17:30:00+08:00,27719727,0,FALSE,Wh,203
142817,15,2025-02-01T17:45:00+08:00,27719727,0,FALSE,Wh,203
142817,15,2025-02-01T18:00:00+08:00,27719727,0,FALSE,Wh,203
142817,15,2025-02-01T18:15:00+08:00,27719727,0,FALSE,Wh,203
142817,15,2025-02-01T18:30:00+08:00,27719727,0,FALSE,Wh,203
142817,15,2025-02-01T18:45:00+08:00,27719727,0,FALSE,Wh,203
142817,15,2025-02-01T19:00:00+08:00,27719727,0,FALSE,Wh,203
142817,15,2025-02-01T19:15:00+08:00,27719727,0,FALSE,Wh,203
142817,15,2025-02-01T19:30:00+08:00,27719727,0,FALSE,Wh,203
142817,15,2025-02-01T19:45:00+08:00,27719727,0,FALSE,Wh,203
142817,15,2025-02-01T20:00:00+08:00,27719727,0,FALSE,Wh,203
142817,15,2025-02-01T20:15:00+08:00,27719727,0,FALSE,Wh,203
142817,15,2025-02-01T20:30:00+08:00,27719727,0,FALSE,Wh,203
142817,15,2025-02-01T20:45:00+08:00,27719727,0,FALSE,Wh,203
142817,15,2025-02-01T21:00:00+08:00,27719727,0,FALSE,Wh,203
142817,15,2025-02-01T21:15:00+08:00,27719727,0,FALSE,Wh,203
142817,15,2025-02-01T21:30:00+08:00,27719727,0,FALSE,Wh,203
142817,15,2025-02-01T21:45:00+08:00,27719727,0,FALSE,Wh,203
142817,15,2025-02-01T22:00:00+08:00,27719727,0,FALSE,Wh,203
142817,15,2025-02-01T22:15:00+08:00,27719727,0,FALSE,Wh,203
142817,15,2025-02-01T22:30:00+08:00,27719727,0,FALSE,Wh,203
142817,15,2025-02-01T22:45:00+08:00,27719727,0,FALSE,Wh,203
142817,15,2025-02-01T23:00:00+08:00,27719727,0,FALSE,Wh,203
142817,15,2025-02-01T23:15:00+08:00,27719727,0,FALSE,Wh,203
142817,15,2025-02-01T23:30:00+08:00,27719727,0,FALSE,Wh,203
142817,15,2025-02-01T23:45:00+08:00,27719727,0,FALSE,Wh,203
142817,15,2025-02-02T00:00:00+08:00,27719727,0,FALSE,Wh,203
142817,15,2025-02-02T00:15:00+08:00,27719727,0,FALSE,Wh,203
142817,15,2025-02-02T00:30:00+08:00,27719727,0,FALSE,Wh,203
142817,15,2025-02-02T00:45:00+08:00,27719727,0,FALSE,Wh,203
142817,15,2025-02-02T01:00:00+08:00,27719727,0,FALSE,Wh,203
142817,15,2025-02-02T01:15:00+08:00,27719727,0,FALSE,Wh,203
142817,15,2025-02-02T01:30:00+08:00,27719727,0,FALSE,Wh,203
142817,15,2025-02-02T01:45:00+08:00,27719727,0,FALSE,Wh,203
142817,15,2025-02-02T02:00:00+08:00,27719727,0,FALSE,Wh,203
142817,15,2025-02-02T02:15:00+08:00,27719727,0,FALSE,Wh,203
142817,15,2025-02-02T02:30:00+08:00,27719727,0,FALSE,Wh,203
142817,15,2025-02-02T02:45:00+08:00,27719727,0,FALSE,Wh,203
142817,15,2025-02-02T03:00:00+08:00,27719727,0,FALSE,Wh,203
142817,15,2025-02-02T03:15:00+08:00,27719727,0,FALSE,Wh,203
142817,15,2025-02-02T03:30:00+08:00,27719727,0,FALSE,Wh,203
142817,15,2025-02-02T03:45:00+08:00,27719727,0,FALSE,Wh,203
142817,15,2025-02-02T04:00:00+08:00,27719727,0,FALSE,Wh,203
142817,15,2025-02-02T04:15:00+08:00,27719727,0,FALSE,Wh,203
142817,15,2025-02-02T04:30:00+08:00,27719727,0,FALSE,Wh,203
142817,15,2025-02-02T04:45:00+08:00,27719727,0,FALSE,Wh,203
142817,15,2025-02-02T05:00:00+08:00,27719727,0,FALSE,Wh,203
142817,15,2025-02-02T05:15:00+08:00,27719727,0,FALSE,Wh,203
142817,15,2025-02-02T05:30:00+08:00,27719727,0,FALSE,Wh,203
142817,15,2025-02-02T05:45:00+08:00,27719727,0,FALSE,Wh,203
142817,15,2025-02-02T06:00:00+08:00,27719727,0,FALSE,Wh,203
142817,15,2025-02-02T06:15:00+08:00,27719727,0,FALSE,Wh,203
142817,15,2025-02-02T06:30:00+08:00,27719727,0,FALSE,Wh,203
142817,15,2025-02-02T06:45:00+08:00,27719727,0,FALSE,Wh,203
142817,15,2025-02-02T07:00:00+08:00,27719727,0,FALSE,Wh,203
142817,15,2025-02-02T07:15:00+08:00,27719727,0,FALSE,Wh,203
142817,15,2025-02-02T07:30:00+08:00,27719727,0,FALSE,Wh,203
142817,15,2025-02-02T07:45:00+08:00,27719727,0,FALSE,Wh,203
142817,15,2025-02-02T08:00:00+08:00,27719727,0,FALSE,Wh,203
142817,15,2025-02-02T08:15:00+08:00,27719727,0,FALSE,Wh,203
142817,15,2025-02-02T08:30:00+08:00,27719727,0,FALSE,Wh,203
142817,15,2025-02-02T08:45:00+08:00,27719727,0,FALSE,Wh,203
142817,15,2025-02-02T09:00:00+08:00,27719727,0,FALSE,Wh,203
142817,15,2025-02-02T09:15:00+08:00,27719727,0,FALSE,Wh,203
142817,15,2025-02-02T09:30:00+08:00,27719727,0,FALSE,Wh,203
142817,15,2025-02-02T09:45:00+08:00,27719727,0,FALSE,Wh,203
142817,15,2025-02-02T10:00:00+08:00,27719727,0,FALSE,Wh,203
142817,15,2025-02-02T10:15:00+08:00,27719727,0,FALSE,Wh,203
142817,15,2025-02-02T10:30:00+08:00,27719727,0,FALSE,Wh,203
142817,15,2025-02-02T10:45:00+08:00,27719727,0,FALSE,Wh,203
142817,15,2025-02-02T11:00:00+08:00,27719727,0,FALSE,Wh,203
142817,15,2025-02-02T11:15:00+08:00,27719727,0,FALSE,Wh,203
142817,15,2025-02-02T11:30:00+08:00,27719727,0,FALSE,Wh,203
142817,15,2025-02-02T11:45:00+08:00,27719727,0,FALSE,Wh,203
142817,15,2025-02-02T12:00:00+08:00,27719727,0,FALSE,Wh,203
142817,15,2025-02-02T12:15:00+08:00,27719727,0,FALSE,Wh,203
142817,15,2025-02-02T12:30:00+08:00,27719727,0,FALSE,Wh,203
142817,15,2025-02-02T12:45:00+08:00,27719727,0,FALSE,Wh,203
142817,15,2025-02-02T13:00:00+08:00,27719727,0,FALSE,Wh,203
142817,15,2025-02-02T13:15:00+08:00,27719727,0,FALSE,Wh,203
142817,15,2025-02-02T13:30:00+08:00,27719727,0,FALSE,Wh,203
142817,15,2025-02-02T13:45:00+08:00,27719727,0,FALSE,Wh,203
142817,15,2025-02-02T14:00:00+08:00,27719727,0,FALSE,Wh,203
142817,15,2025-02-02T14:15:00+08:00,27719727,0,FALSE,Wh,203
142817,15,2025-02-02T14:30:00+08:00,27719727,0,FALSE,Wh,203
142817,15,2025-02-02T14:45:00+08:00,27719727,0,FALSE,Wh,203
142817,15,2025-02-02T15:00:00+08:00,27719727,0,FALSE,Wh,203
142817,15,2025-02-02T15:15:00+08:00,27719727,0,FALSE,Wh,203
142817,15,2025-02-02T15:30:00+08:00,27719727,0,FALSE,Wh,203
142817,15,2025-02-02T15:45:00+08:00,27719727,0,FALSE,Wh,203
142817,15,2025-02-02T16:00:00+08:00,27719727,0,FALSE,Wh,203
142817,15,2025-02-02T16:15:00+08:00,27719727,0,FALSE,Wh,203
142817,15,2025-02-02T16:30:00+08:00,27719727,0,FALSE,Wh,203
142817,15,2025-02-02T16:45:00+08:00,27719727,0,FALSE,Wh,203
142817,15,2025-02-02T17:00:00+08:00,27719727,0,FALSE,Wh,203
142817,15,2025-02-02T17:15:00+08:00,27719727,0,FALSE,Wh,203
142817,15,2025-02-02T17:30:00+08:00,27719727,0,FALSE,Wh,203
142817,15,2025-02-02T17:45:00+08:00,27719727,0,FALSE,Wh,203
142817,15,2025-02-02T18:00:00+08:00,27719727,0,FALSE,Wh,203
142817,15,2025-02-02T18:15:00+08:00,27719727,0,FALSE,Wh,203
142817,15,2025-02-02T18:30:00+08:00,27719727,0,FALSE,Wh,203
142817,15,2025-02-02T18:45:00+08:00,27719727,0,FALSE,Wh,203
142817,15,2025-02-02T19:00:00+08:00,27719727,0,FALSE,Wh,203
142817,15,2025-02-02T19:15:00+08:00,27719727,0,FALSE,Wh,203
142817,15,2025-02-02T19:30:00+08:00,27719727,0,FALSE,Wh,203
142817,15,2025-02-02T19:45:00+08:00,27719727,0,FALSE,Wh,203
142817,15,2025-02-02T20:00:00+08:00,27719727,0,FALSE,Wh,203
142817,15,2025-02-02T20:15:00+08:00,27719727,0,FALSE,Wh,203
142817,15,2025-02-02T20:30:00+08:00,27719727,0,FALSE,Wh,203
142817,15,2025-02-02T20:45:00+08:00,27719727,0,FALSE,Wh,203
142817,15,2025-02-02T21:00:00+08:00,27719727,0,FALSE,Wh,203
142817,15,2025-02-02T21:15:00+08:00,27719727,0,FALSE,Wh,203
142817,15,2025-02-02T21:30:00+08:00,27719727,0,FALSE,Wh,203
142817,15,2025-02-02T21:45:00+08:00,27719727,0,FALSE,Wh,203
142817,15,2025-02-02T22:00:00+08:00,27719727,0,FALSE,Wh,203
142817,15,2025-02-02T22:15:00+08:00,27719727,0,FALSE,Wh,203
142817,15,2025-02-02T22:30:00+08:00,27719727,0,FALSE,Wh,203
142817,15,2025-02-02T22:45:00+08:00,27719727,0,FALSE,Wh,203
142817,15,2025-02-02T23:00:00+08:00,27719727,0,FALSE,Wh,203
142817,15,2025-02-02T23:15:00+08:00,27719727,0,FALSE,Wh,203
142817,15,2025-02-02T23:30:00+08:00,27719727,0,FALSE,Wh,203
142817,15,2025-02-02T23:45:00+08:00,27719727,0,FALSE,Wh,203
142817,15,2025-02-03T00:00:00+08:00,27719727,0,FALSE,Wh,203
142817,15,2025-02-03T00:15:00+08:00,27719727,0,FALSE,Wh,203
142817,15,2025-02-03T00:30:00+08:00,27719727,0,FALSE,Wh,203
142817,15,2025-02-03T00:45:00+08:00,27719727,0,FALSE,Wh,203
142817,15,2025-02-03T01:00:00+08:00,27719727,0,FALSE,Wh,203
142817,15,2025-02-03T01:15:00+08:00,27719727,0,FALSE,Wh,203
142817,15,2025-02-03T01:30:00+08:00,27719727,0,FALSE,Wh,203
142817,15,2025-02-03T01:45:00+08:00,27719727,0,FALSE,Wh,203
142817,15,2025-02-03T02:00:00+08:00,27719727,0,FALSE,Wh,203
142817,15,2025-02-03T02:15:00+08:00,27719727,0,FALSE,Wh,203
142817,15,2025-02-03T02:30:00+08:00,27719727,0,FALSE,Wh,203
142817,15,2025-02-03T02:45:00+08:00,27719727,0,FALSE,Wh,203
142817,15,2025-02-03T03:00:00+08:00,27719727,0,FALSE,Wh,203
142817,15,2025-02-03T03:15:00+08:00,27719727,0,FALSE,Wh,203
142817,15,2025-02-03T03:30:00+08:00,27719727,0,FALSE,Wh,203
142817,15,2025-02-03T03:45:00+08:00,27719727,0,FALSE,Wh,203
142817,15,2025-02-03T04:00:00+08:00,27719727,0,FALSE,Wh,203
142817,15,2025-02-03T04:15:00+08:00,27719727,0,FALSE,Wh,203
142817,15,2025-02-03T04:30:00+08:00,27719727,0,FALSE,Wh,203
142817,15,2025-02-03T04:45:00+08:00,27719727,0,FALSE,Wh,203
142817,15,2025-02-03T05:00:00+08:00,27719727,0,FALSE,Wh,203
142817,15,2025-02-03T05:15:00+08:00,27719727,0,FALSE,Wh,203
142817,15,2025-02-03T05:30:00+08:00,27719727,0,FALSE,Wh,203
142817,15,2025-02-03T05:45:00+08:00,27719727,0,FALSE,Wh,203
142817,15,2025-02-03T06:00:00+08:00,27719727,0,FALSE,Wh,203
142817,15,2025-02-03T06:15:00+08:00,27719727,0,FALSE,Wh,203
142817,15,2025-02-03T06:30:00+08:00,27719727,0,FALSE,Wh,203
142817,15,2025-02-03T06:45:00+08:00,27719727,0,FALSE,Wh,203
142817,15,2025-02-03T07:00:00+08:00,27719727,0,FALSE,Wh,203
142817,15,2025-02-03T07:15:00+08:00,27719727,0,FALSE,Wh,203
142817,15,2025-02-03T07:30:00+08:00,27719727,0,FALSE,Wh,203
142817,15,2025-02-03T07:45:00+08:00,27719727,0,FALSE,Wh,203
142817,15,2025-02-03T08:00:00+08:00,27719727,0,FALSE,Wh,203
142817,15,2025-02-03T08:15:00+08:00,27719727,0,FALSE,Wh,203
142817,15,2025-02-03T08:30:00+08:00,27719727,0,FALSE,Wh,203
142817,15,2025-02-03T08:45:00+08:00,27719727,0,FALSE,Wh,203
142817,15,2025-02-03T09:00:00+08:00,27719727,0,FALSE,Wh,203
142817,15,2025-02-03T09:15:00+08:00,27719727,0,FALSE,Wh,203
142817,15,2025-02-03T09:30:00+08:00,27719727,0,FALSE,Wh,203
142817,15,2025-02-03T09:45:00+08:00,27719727,0,FALSE,Wh,203
142817,15,2025-02-03T10:00:00+08:00,27719727,0,FALSE,Wh,203
142817,15,2025-02-03T10:15:00+08:00,27719727,0,FALSE,Wh,203
142817,15,2025-02-03T10:30:00+08:00,27719727,0,FALSE,Wh,203
142817,15,2025-02-03T10:45:00+08:00,27719727,0,FALSE,Wh,203
142817,15,2025-02-03T11:00:00+08:00,27719727,0,FALSE,Wh,203
142817,15,2025-02-03T11:15:00+08:00,27719727,0,FALSE,Wh,203
142817,15,2025-02-03T11:30:00+08:00,27719727,0,FALSE,Wh,203
142817,15,2025-02-03T11:45:00+08:00,27719727,0,FALSE,Wh,203
142817,15,2025-02-03T12:00:00+08:00,27719727,0,FALSE,Wh,203
142817,15,2025-02-03T12:15:00+08:00,27719727,0,FALSE,Wh,203
142817,15,2025-02-03T12:30:00+08:00,27719727,0,FALSE,Wh,203
142817,15,2025-02-03T12:45:00+08:00,27719727,0,FALSE,Wh,203
142817,15,2025-02-03T13:00:00+08:00,27719727,0,FALSE,Wh,203
142817,15,2025-02-03T13:15:00+08:00,27719727,0,FALSE,Wh,203
142817,15,2025-02-03T13:30:00+08:00,27719727,0,FALSE,Wh,203
142817,15,2025-02-03T13:45:00+08:00,27719727,0,FALSE,Wh,203
142817,15,2025-02-03T14:00:00+08:00,27719727,0,FALSE,Wh,203
142817,15,2025-02-03T14:15:00+08:00,27719727,0,FALSE,Wh,203
142817,15,2025-02-03T14:30:00+08:00,27719727,0,FALSE,Wh,203
142817,15,2025-02-03T14:45:00+08:00,27719727,0,FALSE,Wh,203
142817,15,2025-02-03T15:00:00+08:00,27719727,0,FALSE,Wh,203
142817,15,2025-02-03T15:15:00+08:00,27719727,0,FALSE,Wh,203
142817,15,2025-02-03T15:30:00+08:00,27719727,0,FALSE,Wh,203
142817,15,2025-02-03T15:45:00+08:00,27719727,0,FALSE,Wh,203
142817,15,2025-02-03T16:00:00+08:00,27719727,0,FALSE,Wh,203
142817,15,2025-02-03T16:15:00+08:00,27719727,0,FALSE,Wh,203
142817,15,2025-02-03T16:30:00+08:00,27719727,0,FALSE,Wh,203
142817,15,2025-02-03T16:45:00+08:00,27719727,0,FALSE,Wh,203
142817,15,2025-02-03T17:00:00+08:00,27719727,0,FALSE,Wh,203
142817,15,2025-02-03T17:15:00+08:00,27719727,0,FALSE,Wh,203
142817,15,2025-02-03T17:30:00+08:00,27719727,0,FALSE,Wh,203
142817,15,2025-02-03T17:45:00+08:00,27719727,0,FALSE,Wh,203
142817,15,2025-02-03T18:00:00+08:00,27719727,0,FALSE,Wh,203
142817,15,2025-02-03T18:15:00+08:00,27719727,0,FALSE,Wh,203
142817,15,2025-02-03T18:30:00+08:00,27719727,0,FALSE,Wh,203
142817,15,2025-02-03T18:45:00+08:00,27719727,0,FALSE,Wh,203
142817,15,2025-02-03T19:00:00+08:00,27719727,0,FALSE,Wh,203
142817,15,2025-02-03T19:15:00+08:00,27719727,0,FALSE,Wh,203
142817,15,2025-02-03T19:30:00+08:00,27719727,0,FALSE,Wh,203
142817,15,2025-02-03T19:45:00+08:00,27719727,0,FALSE,Wh,203
142817,15,2025-02-03T20:00:00+08:00,27719727,0,FALSE,Wh,203
142817,15,2025-02-03T20:15:00+08:00,27719727,0,FALSE,Wh,203
142817,15,2025-02-03T20:30:00+08:00,27719727,0,FALSE,Wh,203
142817,15,2025-02-03T20:45:00+08:00,27719727,0,FALSE,Wh,203
142817,15,2025-02-03T21:00:00+08:00,27719727,0,FALSE,Wh,203
142817,15,2025-02-03T21:15:00+08:00,27719727,0,FALSE,Wh,203
142817,15,2025-02-03T21:30:00+08:00,27719727,0,FALSE,Wh,203
142817,15,2025-02-03T21:45:00+08:00,27719727,0,FALSE,Wh,203
142817,15,2025-02-03T22:00:00+08:00,27719727,0,FALSE,Wh,203
142817,15,2025-02-03T22:15:00+08:00,27719727,0,FALSE,Wh,203
142817,15,2025-02-03T22:30:00+08:00,27719727,0,FALSE,Wh,203
142817,15,2025-02-03T22:45:00+08:00,27719727,0,FALSE,Wh,203
142817,15,2025-02-03T23:00:00+08:00,27719727,0,FALSE,Wh,203
142817,15,2025-02-03T23:15:00+08:00,27719727,0,FALSE,Wh,203
142817,15,2025-02-03T23:30:00+08:00,27719727,0,FALSE,Wh,203
142817,15,2025-02-03T23:45:00+08:00,27719727,0,FALSE,Wh,203
142817,15,2025-02-04T00:00:00+08:00,27719727,0,FALSE,Wh,203
142817,15,2025-02-04T00:15:00+08:00,27719727,0,FALSE,Wh,203
142817,15,2025-02-04T00:30:00+08:00,27719727,0,FALSE,Wh,203
142817,15,2025-02-04T00:45:00+08:00,27719727,0,FALSE,Wh,203
142817,15,2025-02-04T01:00:00+08:00,27719727,0,FALSE,Wh,203
142817,15,2025-02-04T01:15:00+08:00,27719727,0,FALSE,Wh,203
142817,15,2025-02-04T01:30:00+08:00,27719727,0,FALSE,Wh,203
142817,15,2025-02-04T01:45:00+08:00,27719727,0,FALSE,Wh,203
142817,15,2025-02-04T02:00:00+08:00,27719727,0,FALSE,Wh,203
142817,15,2025-02-04T02:15:00+08:00,27719727,0,FALSE,Wh,203
142817,15,2025-02-04T02:30:00+08:00,27719727,0,FALSE,Wh,203
142817,15,2025-02-04T02:45:00+08:00,27719727,0,FALSE,Wh,203
142817,15,2025-02-04T03:00:00+08:00,27719727,0,FALSE,Wh,203
142817,15,2025-02-04T03:15:00+08:00,27719727,0,FALSE,Wh,203
142817,15,2025-02-04T03:30:00+08:00,27719727,0,FALSE,Wh,203
142817,15,2025-02-04T03:45:00+08:00,27719727,0,FALSE,Wh,203
142817,15,2025-02-04T04:00:00+08:00,27719727,0,FALSE,Wh,203
142817,15,2025-02-04T04:15:00+08:00,27719727,0,FALSE,Wh,203
142817,15,2025-02-04T04:30:00+08:00,27719727,0,FALSE,Wh,203
142817,15,2025-02-04T04:45:00+08:00,27719727,0,FALSE,Wh,203
142817,15,2025-02-04T05:00:00+08:00,27719727,0,FALSE,Wh,203
142817,15,2025-02-04T05:15:00+08:00,27719727,0,FALSE,Wh,203
142817,15,2025-02-04T05:30:00+08:00,27719727,0,FALSE,Wh,203
142817,15,2025-02-04T05:45:00+08:00,27719727,0,FALSE,Wh,203
142817,15,2025-02-04T06:00:00+08:00,27719727,0,FALSE,Wh,203
142817,15,2025-02-04T06:15:00+08:00,27719727,0,FALSE,Wh,203
142817,15,2025-02-04T06:30:00+08:00,27719727,0,FALSE,Wh,203
142817,15,2025-02-04T06:45:00+08:00,27719727,0,FALSE,Wh,203
142817,15,2025-02-04T07:00:00+08:00,27719727,0,FALSE,Wh,203
142817,15,2025-02-04T07:15:00+08:00,27719727,0,FALSE,Wh,203
142817,15,2025-02-04T07:30:00+08:00,27719727,0,FALSE,Wh,203
142817,15,2025-02-04T07:45:00+08:00,27719727,0,FALSE,Wh,203
142817,15,2025-02-04T08:00:00+08:00,27719727,0,FALSE,Wh,203
142817,15,2025-02-04T08:15:00+08:00,27719727,0,FALSE,Wh,203
142817,15,2025-02-04T08:30:00+08:00,27719727,0,FALSE,Wh,203
142817,15,2025-02-04T08:45:00+08:00,27719727,0,FALSE,Wh,203
142817,15,2025-02-04T09:00:00+08:00,27719727,0,FALSE,Wh,203
142817,15,2025-02-04T09:15:00+08:00,27719727,0,FALSE,Wh,203
142817,15,2025-02-04T09:30:00+08:00,27719727,0,FALSE,Wh,203
142817,15,2025-02-04T09:45:00+08:00,27719727,0,FALSE,Wh,203
142817,15,2025-02-04T10:00:00+08:00,27719727,0,FALSE,Wh,203
142817,15,2025-02-04T10:15:00+08:00,27719727,0,FALSE,Wh,203
142817,15,2025-02-04T10:30:00+08:00,27719727,0,FALSE,Wh,203
142817,15,2025-02-04T10:45:00+08:00,27719727,0,FALSE,Wh,203
142817,15,2025-02-04T11:00:00+08:00,27719727,0,FALSE,Wh,203
142817,15,2025-02-04T11:15:00+08:00,27719727,0,FALSE,Wh,203
142817,15,2025-02-04T11:30:00+08:00,27719727,0,FALSE,Wh,203
142817,15,2025-02-04T11:45:00+08:00,27719727,0,FALSE,Wh,203
142817,15,2025-02-04T12:00:00+08:00,27719727,0,FALSE,Wh,203
142817,15,2025-02-04T12:15:00+08:00,27719727,0,FALSE,Wh,203
142817,15,2025-02-04T12:30:00+08:00,27719727,0,FALSE,Wh,203
142817,15,2025-02-04T12:45:00+08:00,27719727,0,FALSE,Wh,203
142817,15,2025-02-04T13:00:00+08:00,27719727,0,FALSE,Wh,203
142817,15,2025-02-04T13:15:00+08:00,27719727,0,FALSE,Wh,203
142817,15,2025-02-04T13:30:00+08:00,27719727,0,FALSE,Wh,203
142817,15,2025-02-04T13:45:00+08:00,27719727,0,FALSE,Wh,203
142817,15,2025-02-04T14:00:00+08:00,27719727,0,FALSE,Wh,203
142817,15,2025-02-04T14:15:00+08:00,27719727,0,FALSE,Wh,203
142817,15,2025-02-04T14:30:00+08:00,27719727,0,FALSE,Wh,203
142817,15,2025-02-04T14:45:00+08:00,27719727,0,FALSE,Wh,203
142817,15,2025-02-04T15:00:00+08:00,27719727,0,FALSE,Wh,203
142817,15,2025-02-04T15:15:00+08:00,27719727,0,FALSE,Wh,203
142817,15,2025-02-04T15:30:00+08:00,27719727,0,FALSE,Wh,203
142817,15,2025-02-04T15:45:00+08:00,27719727,0,FALSE,Wh,203
142817,15,2025-02-04T16:00:00+08:00,27719727,0,FALSE,Wh,203
142817,15,2025-02-04T16:15:00+08:00,27719727,0,FALSE,Wh,203
142817,15,2025-02-04T16:30:00+08:00,27719727,0,FALSE,Wh,203
142817,15,2025-02-04T16:45:00+08:00,27719727,0,FALSE,Wh,203
142817,15,2025-02-04T17:00:00+08:00,27719727,0,FALSE,Wh,203
142817,15,2025-02-04T17:15:00+08:00,27719727,0,FALSE,Wh,203
142817,15,2025-02-04T17:30:00+08:00,27719727,0,FALSE,Wh,203
142817,15,2025-02-04T17:45:00+08:00,27719727,0,FALSE,Wh,203
142817,15,2025-02-04T18:00:00+08:00,27719727,0,FALSE,Wh,203
142817,15,2025-02-04T18:15:00+08:00,27719727,0,FALSE,Wh,203
142817,15,2025-02-04T18:30:00+08:00,27719727,0,FALSE,Wh,203
142817,15,2025-02-04T18:45:00+08:00,27719727,0,FALSE,Wh,203
142817,15,2025-02-04T19:00:00+08:00,27719727,0,FALSE,Wh,203
142817,15,2025-02-04T19:15:00+08:00,27719727,0,FALSE,Wh,203
142817,15,2025-02-04T19:30:00+08:00,27719727,0,FALSE,Wh,203
142817,15,2025-02-04T19:45:00+08:00,27719727,0,FALSE,Wh,203
142817,15,2025-02-04T20:00:00+08:00,27719727,0,FALSE,Wh,203
142817,15,2025-02-04T20:15:00+08:00,27719727,0,FALSE,Wh,203
142817,15,2025-02-04T20:30:00+08:00,27719727,0,FALSE,Wh,203
142817,15,2025-02-04T20:45:00+08:00,27719727,0,FALSE,Wh,203
142817,15,2025-02-04T21:00:00+08:00,27719727,0,FALSE,Wh,203
142817,15,2025-02-04T21:15:00+08:00,27719727,0,FALSE,Wh,203
142817,15,2025-02-04T21:30:00+08:00,27719727,0,FALSE,Wh,203
142817,15,2025-02-04T21:45:00+08:00,27719727,0,FALSE,Wh,203
142817,15,2025-02-04T22:00:00+08:00,27719727,0,FALSE,Wh,203
142817,15,2025-02-04T22:15:00+08:00,27719727,0,FALSE,Wh,203
142817,15,2025-02-04T22:30:00+08:00,27719727,0,FALSE,Wh,203
142817,15,2025-02-04T22:45:00+08:00,27719727,0,FALSE,Wh,203
142817,15,2025-02-04T23:00:00+08:00,27719727,0,FALSE,Wh,203
142817,15,2025-02-04T23:15:00+08:00,27719727,0,FALSE,Wh,203
142817,15,2025-02-04T23:30:00+08:00,27719727,0,FALSE,Wh,203
142817,15,2025-02-04T23:45:00+08:00,27719727,0,FALSE,Wh,203
142817,15,2025-02-05T00:00:00+08:00,27719727,0,FALSE,Wh,203
142818,15,2025-01-29T00:15:00+08:00,25198275,0,FALSE,Wh,301
142818,15,2025-01-29T00:30:00+08:00,25198307,0,FALSE,Wh,301
142818,15,2025-01-29T00:45:00+08:00,25198334,0,FALSE,Wh,301
142818,15,2025-01-29T01:00:00+08:00,25198359,0,FALSE,Wh,301
142818,15,2025-01-29T01:15:00+08:00,25198391,0,FALSE,Wh,301
142818,15,2025-01-29T01:30:00+08:00,25198423,0,FALSE,Wh,301
142818,15,2025-01-29T01:45:00+08:00,25198455,0,FALSE,Wh,301
142818,15,2025-01-29T02:00:00+08:00,25198487,0,FALSE,Wh,301
142818,15,2025-01-29T02:15:00+08:00,25198509,0,FALSE,Wh,301
142818,15,2025-01-29T02:30:00+08:00,25198540,0,FALSE,Wh,301
142818,15,2025-01-29T02:45:00+08:00,25198572,0,FALSE,Wh,301
142818,15,2025-01-29T03:00:00+08:00,25198603,0,FALSE,Wh,301
142818,15,2025-01-29T03:15:00+08:00,25198635,0,FALSE,Wh,301
142818,15,2025-01-29T03:30:00+08:00,25198665,0,FALSE,Wh,301
142818,15,2025-01-29T03:45:00+08:00,25198687,0,FALSE,Wh,301
142818,15,2025-01-29T04:00:00+08:00,25198719,0,FALSE,Wh,301
142818,15,2025-01-29T04:15:00+08:00,25198751,0,FALSE,Wh,301
142818,15,2025-01-29T04:30:00+08:00,25198783,0,FALSE,Wh,301
142818,15,2025-01-29T04:45:00+08:00,25198815,0,FALSE,Wh,301
142818,15,2025-01-29T05:00:00+08:00,25198875,0,FALSE,Wh,301
142818,15,2025-01-29T05:15:00+08:00,25198969,0,FALSE,Wh,301
142818,15,2025-01-29T05:30:00+08:00,25199008,0,FALSE,Wh,301
142818,15,2025-01-29T05:45:00+08:00,25199055,0,FALSE,Wh,301
142818,15,2025-01-29T06:00:00+08:00,25199099,0,FALSE,Wh,301
142818,15,2025-01-29T06:15:00+08:00,25199142,0,FALSE,Wh,301
142818,15,2025-01-29T06:30:00+08:00,25199184,0,FALSE,Wh,301
142818,15,2025-01-29T06:45:00+08:00,25199225,0,FALSE,Wh,301
142818,15,2025-01-29T07:00:00+08:00,25199253,0,FALSE,Wh,301
142818,15,2025-01-29T07:15:00+08:00,25199284,0,FALSE,Wh,301
142818,15,2025-01-29T07:30:00+08:00,25199315,0,FALSE,Wh,301
142818,15,2025-01-29T07:45:00+08:00,25199348,0,FALSE,Wh,301
142818,15,2025-01-29T08:00:00+08:00,25199379,0,FALSE,Wh,301
142818,15,2025-01-29T08:15:00+08:00,25199403,0,FALSE,Wh,301
142818,15,2025-01-29T08:30:00+08:00,25199430,0,FALSE,Wh,301
142818,15,2025-01-29T08:45:00+08:00,25199462,0,FALSE,Wh,301
142818,15,2025-01-29T09:00:00+08:00,25199493,0,FALSE,Wh,301
142818,15,2025-01-29T09:15:00+08:00,25199525,0,FALSE,Wh,301
142818,15,2025-01-29T09:30:00+08:00,25199556,0,FALSE,Wh,301
142818,15,2025-01-29T09:45:00+08:00,25199576,0,FALSE,Wh,301
142818,15,2025-01-29T10:00:00+08:00,25199608,0,FALSE,Wh,301
142818,15,2025-01-29T10:15:00+08:00,25199976,0,FALSE,Wh,301
142818,15,2025-01-29T10:30:00+08:00,25200164,0,FALSE,Wh,301
142818,15,2025-01-29T10:45:00+08:00,25200195,0,FALSE,Wh,301
142818,15,2025-01-29T11:00:00+08:00,25200217,0,FALSE,Wh,301
142818,15,2025-01-29T11:15:00+08:00,25200246,0,FALSE,Wh,301
142818,15,2025-01-29T11:30:00+08:00,25200278,0,FALSE,Wh,301
142818,15,2025-01-29T11:45:00+08:00,25200310,0,FALSE,Wh,301
142818,15,2025-01-29T12:00:00+08:00,25200342,0,FALSE,Wh,301
142818,15,2025-01-29T12:15:00+08:00,25200370,0,FALSE,Wh,301
142818,15,2025-01-29T12:30:00+08:00,25200393,0,FALSE,Wh,301
142818,15,2025-01-29T12:45:00+08:00,25200425,0,FALSE,Wh,301
142818,15,2025-01-29T13:00:00+08:00,25200456,0,FALSE,Wh,301
142818,15,2025-01-29T13:15:00+08:00,25200488,0,FALSE,Wh,301
142818,15,2025-01-29T13:30:00+08:00,25200519,0,FALSE,Wh,301
142818,15,2025-01-29T13:45:00+08:00,25200540,0,FALSE,Wh,301
142818,15,2025-01-29T14:00:00+08:00,25200571,0,FALSE,Wh,301
142818,15,2025-01-29T14:15:00+08:00,25200603,0,FALSE,Wh,301
142818,15,2025-01-29T14:30:00+08:00,25200634,0,FALSE,Wh,301
142818,15,2025-01-29T14:45:00+08:00,25200666,0,FALSE,Wh,301
142818,15,2025-01-29T15:00:00+08:00,25200696,0,FALSE,Wh,301
142818,15,2025-01-29T15:15:00+08:00,25200717,0,FALSE,Wh,301
142818,15,2025-01-29T15:30:00+08:00,25200750,0,FALSE,Wh,301
142818,15,2025-01-29T15:45:00+08:00,25200782,0,FALSE,Wh,301
142818,15,2025-01-29T16:00:00+08:00,25200814,0,FALSE,Wh,301
142818,15,2025-01-29T16:15:00+08:00,25200835,0,FALSE,Wh,301
142818,15,2025-01-29T16:30:00+08:00,25200878,0,FALSE,Wh,301
142818,15,2025-01-29T16:45:00+08:00,25200910,0,FALSE,Wh,301
142818,15,2025-01-29T17:00:00+08:00,25200941,0,FALSE,Wh,301
142818,15,2025-01-29T17:15:00+08:00,25200974,0,FALSE,Wh,301
142818,15,2025-01-29T17:30:00+08:00,25201003,0,FALSE,Wh,301
142818,15,2025-01-29T17:45:00+08:00,25201025,0,FALSE,Wh,301
142818,15,2025-01-29T18:00:00+08:00,25201058,0,FALSE,Wh,301
142818,15,2025-01-29T18:15:00+08:00,25201090,0,FALSE,Wh,301
142818,15,2025-01-29T18:30:00+08:00,25201123,0,FALSE,Wh,301
142818,15,2025-01-29T18:45:00+08:00,25201155,0,FALSE,Wh,301
142818,15,2025-01-29T19:00:00+08:00,25201188,0,FALSE,Wh,301
142818,15,2025-01-29T19:15:00+08:00,25201220,0,FALSE,Wh,301
142818,15,2025-01-29T19:30:00+08:00,25201252,0,FALSE,Wh,301
142818,15,2025-01-29T19:45:00+08:00,25201285,0,FALSE,Wh,301
142818,15,2025-01-29T20:00:00+08:00,25201318,0,FALSE,Wh,301
142818,15,2025-01-29T20:15:00+08:00,25201354,0,FALSE,Wh,301
142818,15,2025-01-29T20:30:00+08:00,25201388,0,FALSE,Wh,301
142818,15,2025-01-29T20:45:00+08:00,25201410,0,FALSE,Wh,301
142818,15,2025-01-29T21:00:00+08:00,25201444,0,FALSE,Wh,301
142818,15,2025-01-29T21:15:00+08:00,25201476,0,FALSE,Wh,301
142818,15,2025-01-29T21:30:00+08:00,25201509,0,FALSE,Wh,301
142818,15,2025-01-29T21:45:00+08:00,25201541,0,FALSE,Wh,301
142818,15,2025-01-29T22:00:00+08:00,25201574,0,FALSE,Wh,301
142818,15,2025-01-29T22:15:00+08:00,25201606,0,FALSE,Wh,301
142818,15,2025-01-29T22:30:00+08:00,25201638,0,FALSE,Wh,301
142818,15,2025-01-29T22:45:00+08:00,25201671,0,FALSE,Wh,301
142818,15,2025-01-29T23:00:00+08:00,25201704,0,FALSE,Wh,301
142818,15,2025-01-29T23:15:00+08:00,25201739,0,FALSE,Wh,301
142818,15,2025-01-29T23:30:00+08:00,25201772,0,FALSE,Wh,301
142818,15,2025-01-29T23:45:00+08:00,25201794,0,FALSE,Wh,301
142818,15,2025-01-30T00:00:00+08:00,25201827,0,FALSE,Wh,301
142818,15,2025-01-30T00:15:00+08:00,25201859,0,FALSE,Wh,301
142818,15,2025-01-30T00:30:00+08:00,25201892,0,FALSE,Wh,301
142818,15,2025-01-30T00:45:00+08:00,25201925,0,FALSE,Wh,301
142818,15,2025-01-30T01:00:00+08:00,25201957,0,FALSE,Wh,301
142818,15,2025-01-30T01:15:00+08:00,25201989,0,FALSE,Wh,301
142818,15,2025-01-30T01:30:00+08:00,25202021,0,FALSE,Wh,301
142818,15,2025-01-30T01:45:00+08:00,25202054,0,FALSE,Wh,301
142818,15,2025-01-30T02:00:00+08:00,25202087,0,FALSE,Wh,301
142818,15,2025-01-30T02:15:00+08:00,25202121,0,FALSE,Wh,301
142818,15,2025-01-30T02:30:00+08:00,25202154,0,FALSE,Wh,301
142818,15,2025-01-30T02:45:00+08:00,25202619,0,FALSE,Wh,301
142818,15,2025-01-30T03:00:00+08:00,25202708,0,FALSE,Wh,301
142818,15,2025-01-30T03:15:00+08:00,25202740,0,FALSE,Wh,301
142818,15,2025-01-30T03:30:00+08:00,25202773,0,FALSE,Wh,301
142818,15,2025-01-30T03:45:00+08:00,25202805,0,FALSE,Wh,301
142818,15,2025-01-30T04:00:00+08:00,25202837,0,FALSE,Wh,301
142818,15,2025-01-30T04:15:00+08:00,25202869,0,FALSE,Wh,301
142818,15,2025-01-30T04:30:00+08:00,25202901,0,FALSE,Wh,301
142818,15,2025-01-30T04:45:00+08:00,25202934,0,FALSE,Wh,301
142818,15,2025-01-30T05:00:00+08:00,25202966,0,FALSE,Wh,301
142818,15,2025-01-30T05:15:00+08:00,25203001,0,FALSE,Wh,301
142818,15,2025-01-30T05:30:00+08:00,25203029,0,FALSE,Wh,301
142818,15,2025-01-30T05:45:00+08:00,25203053,0,FALSE,Wh,301
142818,15,2025-01-30T06:00:00+08:00,25203086,0,FALSE,Wh,301
142818,15,2025-01-30T06:15:00+08:00,25203118,0,FALSE,Wh,301
142818,15,2025-01-30T06:30:00+08:00,25203151,0,FALSE,Wh,301
142818,15,2025-01-30T06:45:00+08:00,25203183,0,FALSE,Wh,301
142818,15,2025-01-30T07:00:00+08:00,25203215,0,FALSE,Wh,301
142818,15,2025-01-30T07:15:00+08:00,25203247,0,FALSE,Wh,301
142818,15,2025-01-30T07:30:00+08:00,25203278,0,FALSE,Wh,301
142818,15,2025-01-30T07:45:00+08:00,25203311,0,FALSE,Wh,301
142818,15,2025-01-30T08:00:00+08:00,25203339,0,FALSE,Wh,301
142818,15,2025-01-30T08:15:00+08:00,25203362,0,FALSE,Wh,301
142818,15,2025-01-30T08:30:00+08:00,25203395,0,FALSE,Wh,301
142818,15,2025-01-30T08:45:00+08:00,25203427,0,FALSE,Wh,301
142818,15,2025-01-30T09:00:00+08:00,25203459,0,FALSE,Wh,301
142818,15,2025-01-30T09:15:00+08:00,25203490,0,FALSE,Wh,301
142818,15,2025-01-30T09:30:00+08:00,25203522,0,FALSE,Wh,301
142818,15,2025-01-30T09:45:00+08:00,25203554,0,FALSE,Wh,301
142818,15,2025-01-30T10:00:00+08:00,25203586,0,FALSE,Wh,301
142818,15,2025-01-30T10:15:00+08:00,25203618,0,FALSE,Wh,301
142818,15,2025-01-30T10:30:00+08:00,25203648,0,FALSE,Wh,301
142818,15,2025-01-30T10:45:00+08:00,25203669,0,FALSE,Wh,301
142818,15,2025-01-30T11:00:00+08:00,25203702,0,FALSE,Wh,301
142818,15,2025-01-30T11:15:00+08:00,25203734,0,FALSE,Wh,301
142818,15,2025-01-30T11:30:00+08:00,25203767,0,FALSE,Wh,301
142818,15,2025-01-30T11:45:00+08:00,25203798,0,FALSE,Wh,301
142818,15,2025-01-30T12:00:00+08:00,25203841,0,FALSE,Wh,301
142818,15,2025-01-30T12:15:00+08:00,25203862,0,FALSE,Wh,301
142818,15,2025-01-30T12:30:00+08:00,25203894,0,FALSE,Wh,301
142818,15,2025-01-30T12:45:00+08:00,25203927,0,FALSE,Wh,301
142818,15,2025-01-30T13:00:00+08:00,25203948,0,FALSE,Wh,301
142818,15,2025-01-30T13:15:00+08:00,25203977,0,FALSE,Wh,301
142818,15,2025-01-30T13:30:00+08:00,25204011,0,FALSE,Wh,301
142818,15,2025-01-30T13:45:00+08:00,25204043,0,FALSE,Wh,301
142818,15,2025-01-30T14:00:00+08:00,25204075,0,FALSE,Wh,301
142818,15,2025-01-30T14:15:00+08:00,25204107,0,FALSE,Wh,301
142818,15,2025-01-30T14:30:00+08:00,25204139,0,FALSE,Wh,301
142818,15,2025-01-30T14:45:00+08:00,25204171,0,FALSE,Wh,301
142818,15,2025-01-30T15:00:00+08:00,25204203,0,FALSE,Wh,301
142818,15,2025-01-30T15:15:00+08:00,25204236,0,FALSE,Wh,301
142818,15,2025-01-30T15:30:00+08:00,25204269,0,FALSE,Wh,301
142818,15,2025-01-30T15:45:00+08:00,25204290,0,FALSE,Wh,301
142818,15,2025-01-30T16:00:00+08:00,25204323,0,FALSE,Wh,301
142818,15,2025-01-30T16:15:00+08:00,25204355,0,FALSE,Wh,301
142818,15,2025-01-30T16:30:00+08:00,25204387,0,FALSE,Wh,301
142818,15,2025-01-30T16:45:00+08:00,25204420,0,FALSE,Wh,301
142818,15,2025-01-30T17:00:00+08:00,25204452,0,FALSE,Wh,301
142818,15,2025-01-30T17:15:00+08:00,25204484,0,FALSE,Wh,301
142818,15,2025-01-30T17:30:00+08:00,25204516,0,FALSE,Wh,301
142818,15,2025-01-30T17:45:00+08:00,25204549,0,FALSE,Wh,301
142818,15,2025-01-30T18:00:00+08:00,25204582,0,FALSE,Wh,301
142818,15,2025-01-30T18:15:00+08:00,25204616,0,FALSE,Wh,301
142818,15,2025-01-30T18:30:00+08:00,25204651,0,FALSE,Wh,301
142818,15,2025-01-30T18:45:00+08:00,25204673,0,FALSE,Wh,301
142818,15,2025-01-30T19:00:00+08:00,25204705,0,FALSE,Wh,301
142818,15,2025-01-30T19:15:00+08:00,25204737,0,FALSE,Wh,301
142818,15,2025-01-30T19:30:00+08:00,25204770,0,FALSE,Wh,301
142818,15,2025-01-30T19:45:00+08:00,25205539,0,FALSE,Wh,301
142818,15,2025-01-30T20:00:00+08:00,25206027,0,FALSE,Wh,301
142818,15,2025-01-30T20:15:00+08:00,25206926,0,FALSE,Wh,301
142818,15,2025-01-30T20:30:00+08:00,25207579,0,FALSE,Wh,301
142818,15,2025-01-30T20:45:00+08:00,25208126,0,FALSE,Wh,301
142818,15,2025-01-30T21:00:00+08:00,25208613,0,FALSE,Wh,301
142818,15,2025-01-30T21:15:00+08:00,25209092,0,FALSE,Wh,301
142818,15,2025-01-30T21:30:00+08:00,25209591,0,FALSE,Wh,301
142818,15,2025-01-30T21:45:00+08:00,25210046,0,FALSE,Wh,301
142818,15,2025-01-30T22:00:00+08:00,25210466,0,FALSE,Wh,301
142818,15,2025-01-30T22:15:00+08:00,25210796,0,FALSE,Wh,301
142818,15,2025-01-30T22:30:00+08:00,25211101,0,FALSE,Wh,301
142818,15,2025-01-30T22:45:00+08:00,25211396,0,FALSE,Wh,301
142818,15,2025-01-30T23:00:00+08:00,25211685,0,FALSE,Wh,301
142818,15,2025-01-30T23:15:00+08:00,25211972,0,FALSE,Wh,301
142818,15,2025-01-30T23:30:00+08:00,25212259,0,FALSE,Wh,301
142818,15,2025-01-30T23:45:00+08:00,25212537,0,FALSE,Wh,301
142818,15,2025-01-31T00:00:00+08:00,25212810,0,FALSE,Wh,301
142818,15,2025-01-31T00:15:00+08:00,25213089,0,FALSE,Wh,301
142818,15,2025-01-31T00:30:00+08:00,25213364,0,FALSE,Wh,301
142818,15,2025-01-31T00:45:00+08:00,25213637,0,FALSE,Wh,301
142818,15,2025-01-31T01:00:00+08:00,25213908,0,FALSE,Wh,301
142818,15,2025-01-31T01:15:00+08:00,25214167,0,FALSE,Wh,301
142818,15,2025-01-31T01:30:00+08:00,25214434,0,FALSE,Wh,301
142818,15,2025-01-31T01:45:00+08:00,25214702,0,FALSE,Wh,301
142818,15,2025-01-31T02:00:00+08:00,25214961,0,FALSE,Wh,301
142818,15,2025-01-31T02:15:00+08:00,25215198,0,FALSE,Wh,301
142818,15,2025-01-31T02:30:00+08:00,25215378,0,FALSE,Wh,301
142818,15,2025-01-31T02:45:00+08:00,25215504,0,FALSE,Wh,301
142818,15,2025-01-31T03:00:00+08:00,25215591,0,FALSE,Wh,301
142818,15,2025-01-31T03:15:00+08:00,25215665,0,FALSE,Wh,301
142818,15,2025-01-31T03:30:00+08:00,25215747,0,FALSE,Wh,301
142818,15,2025-01-31T03:45:00+08:00,25215828,0,FALSE,Wh,301
142818,15,2025-01-31T04:00:00+08:00,25215908,0,FALSE,Wh,301
142818,15,2025-01-31T04:15:00+08:00,25215990,0,FALSE,Wh,301
142818,15,2025-01-31T04:30:00+08:00,25216079,0,FALSE,Wh,301
142818,15,2025-01-31T04:45:00+08:00,25216164,0,FALSE,Wh,301
142818,15,2025-01-31T05:00:00+08:00,25216262,0,FALSE,Wh,301
142818,15,2025-01-31T05:15:00+08:00,25216360,0,FALSE,Wh,301
142818,15,2025-01-31T05:30:00+08:00,25216460,0,FALSE,Wh,301
142818,15,2025-01-31T05:45:00+08:00,25216555,0,FALSE,Wh,301
142818,15,2025-01-31T06:00:00+08:00,25217226,0,FALSE,Wh,301
142818,15,2025-01-31T06:15:00+08:00,25217476,0,FALSE,Wh,301
142818,15,2025-01-31T06:30:00+08:00,25217717,0,FALSE,Wh,301
142818,15,2025-01-31T06:45:00+08:00,25217949,0,FALSE,Wh,301
142818,15,2025-01-31T07:00:00+08:00,25218179,0,FALSE,Wh,301
142818,15,2025-01-31T07:15:00+08:00,25218409,0,FALSE,Wh,301
142818,15,2025-01-31T07:30:00+08:00,25218628,0,FALSE,Wh,301
142818,15,2025-01-31T07:45:00+08:00,25218867,0,FALSE,Wh,301
142818,15,2025-01-31T08:00:00+08:00,25219107,0,FALSE,Wh,301
142818,15,2025-01-31T08:15:00+08:00,25219345,0,FALSE,Wh,301
142818,15,2025-01-31T08:30:00+08:00,25219583,0,FALSE,Wh,301
142818,15,2025-01-31T08:45:00+08:00,25219824,0,FALSE,Wh,301
142818,15,2025-01-31T09:00:00+08:00,25220051,0,FALSE,Wh,301
142818,15,2025-01-31T09:15:00+08:00,25220291,0,FALSE,Wh,301
142818,15,2025-01-31T09:30:00+08:00,25220530,0,FALSE,Wh,301
142818,15,2025-01-31T09:45:00+08:00,25220775,0,FALSE,Wh,301
142818,15,2025-01-31T10:00:00+08:00,25221019,0,FALSE,Wh,301
142818,15,2025-01-31T10:15:00+08:00,25221271,0,FALSE,Wh,301
142818,15,2025-01-31T10:30:00+08:00,25221731,0,FALSE,Wh,301
142818,15,2025-01-31T10:45:00+08:00,25222029,0,FALSE,Wh,301
142818,15,2025-01-31T11:00:00+08:00,25222262,0,FALSE,Wh,301
142818,15,2025-01-31T11:15:00+08:00,25222726,0,FALSE,Wh,301
142818,15,2025-01-31T11:30:00+08:00,25223365,0,FALSE,Wh,301
142818,15,2025-01-31T11:45:00+08:00,25223726,0,FALSE,Wh,301
142818,15,2025-01-31T12:00:00+08:00,25224116,0,FALSE,Wh,301
142818,15,2025-01-31T12:15:00+08:00,25224504,0,FALSE,Wh,301
142818,15,2025-01-31T12:30:00+08:00,25224893,0,FALSE,Wh,301
142818,15,2025-01-31T12:45:00+08:00,25225278,0,FALSE,Wh,301
142818,15,2025-01-31T13:00:00+08:00,25225662,0,FALSE,Wh,301
142818,15,2025-01-31T13:15:00+08:00,25226036,0,FALSE,Wh,301
142818,15,2025-01-31T13:30:00+08:00,25226410,0,FALSE,Wh,301
142818,15,2025-01-31T13:45:00+08:00,25226784,0,FALSE,Wh,301
142818,15,2025-01-31T14:00:00+08:00,25227507,0,FALSE,Wh,301
142818,15,2025-01-31T14:15:00+08:00,25228347,0,FALSE,Wh,301
142818,15,2025-01-31T14:30:00+08:00,25228763,0,FALSE,Wh,301
142818,15,2025-01-31T14:45:00+08:00,25229177,0,FALSE,Wh,301
142818,15,2025-01-31T15:00:00+08:00,25229603,0,FALSE,Wh,301
142818,15,2025-01-31T15:15:00+08:00,25230306,0,FALSE,Wh,301
142818,15,2025-01-31T15:30:00+08:00,25230933,0,FALSE,Wh,301
142818,15,2025-01-31T15:45:00+08:00,25231630,0,FALSE,Wh,301
142818,15,2025-01-31T16:00:00+08:00,25232272,0,FALSE,Wh,301
142818,15,2025-01-31T16:15:00+08:00,25232775,0,FALSE,Wh,301
142818,15,2025-01-31T16:30:00+08:00,25233272,0,FALSE,Wh,301
142818,15,2025-01-31T16:45:00+08:00,25233772,0,FALSE,Wh,301
142818,15,2025-01-31T17:00:00+08:00,25234214,0,FALSE,Wh,301
142818,15,2025-01-31T17:15:00+08:00,25234643,0,FALSE,Wh,301
142818,15,2025-01-31T17:30:00+08:00,25235041,0,FALSE,Wh,301
142818,15,2025-01-31T17:45:00+08:00,25235447,0,FALSE,Wh,301
142818,15,2025-01-31T18:00:00+08:00,25235849,0,FALSE,Wh,301
142818,15,2025-01-31T18:15:00+08:00,25236241,0,FALSE,Wh,301
142818,15,2025-01-31T18:30:00+08:00,25236628,0,FALSE,Wh,301
142818,15,2025-01-31T18:45:00+08:00,25237012,0,FALSE,Wh,301
142818,15,2025-01-31T19:00:00+08:00,25237391,0,FALSE,Wh,301
142818,15,2025-01-31T19:15:00+08:00,25237772,0,FALSE,Wh,301
142818,15,2025-01-31T19:30:00+08:00,25238149,0,FALSE,Wh,301
142818,15,2025-01-31T19:45:00+08:00,25238496,0,FALSE,Wh,301
142818,15,2025-01-31T20:00:00+08:00,25238843,0,FALSE,Wh,301
142818,15,2025-01-31T20:15:00+08:00,25239150,0,FALSE,Wh,301
142818,15,2025-01-31T20:30:00+08:00,25239390,0,FALSE,Wh,301
142818,15,2025-01-31T20:45:00+08:00,25239550,0,FALSE,Wh,301
142818,15,2025-01-31T21:00:00+08:00,25239703,0,FALSE,Wh,301
142818,15,2025-01-31T21:15:00+08:00,25239852,0,FALSE,Wh,301
142818,15,2025-01-31T21:30:00+08:00,25239991,0,FALSE,Wh,301
142818,15,2025-01-31T21:45:00+08:00,25240141,0,FALSE,Wh,301
142818,15,2025-01-31T22:00:00+08:00,25240227,0,FALSE,Wh,301
142818,15,2025-01-31T22:15:00+08:00,25240312,0,FALSE,Wh,301
142818,15,2025-01-31T22:30:00+08:00,25240392,0,FALSE,Wh,301
142818,15,2025-01-31T22:45:00+08:00,25240465,0,FALSE,Wh,301
142818,15,2025-01-31T23:00:00+08:00,25240549,0,FALSE,Wh,301
142818,15,2025-01-31T23:15:00+08:00,25240631,0,FALSE,Wh,301
142818,15,2025-01-31T23:30:00+08:00,25240707,0,FALSE,Wh,301
142818,15,2025-01-31T23:45:00+08:00,25240781,0,FALSE,Wh,301
142818,15,2025-02-01T00:00:00+08:00,25240863,0,FALSE,Wh,301
142818,15,2025-02-01T00:15:00+08:00,25240972,0,FALSE,Wh,301
142818,15,2025-02-01T00:30:00+08:00,25241038,0,FALSE,Wh,301
142818,15,2025-02-01T00:45:00+08:00,25241070,0,FALSE,Wh,301
142818,15,2025-02-01T01:00:00+08:00,25241154,0,FALSE,Wh,301
142818,15,2025-02-01T01:15:00+08:00,25241230,0,FALSE,Wh,301
142818,15,2025-02-01T01:30:00+08:00,25241265,0,FALSE,Wh,301
142818,15,2025-02-01T01:45:00+08:00,25241338,0,FALSE,Wh,301
142818,15,2025-02-01T02:00:00+08:00,25241358,0,FALSE,Wh,301
142818,15,2025-02-01T02:15:00+08:00,25241435,0,FALSE,Wh,301
142818,15,2025-02-01T02:30:00+08:00,25241477,0,FALSE,Wh,301
142818,15,2025-02-01T02:45:00+08:00,25241524,0,FALSE,Wh,301
142818,15,2025-02-01T03:00:00+08:00,25241554,0,FALSE,Wh,301
142818,15,2025-02-01T03:15:00+08:00,25241974,0,FALSE,Wh,301
142818,15,2025-02-01T03:30:00+08:00,25242084,0,FALSE,Wh,301
142818,15,2025-02-01T03:45:00+08:00,25242121,0,FALSE,Wh,301
142818,15,2025-02-01T04:00:00+08:00,25242171,0,FALSE,Wh,301
142818,15,2025-02-01T04:15:00+08:00,25242222,0,FALSE,Wh,301
142818,15,2025-02-01T04:30:00+08:00,25242264,0,FALSE,Wh,301
142818,15,2025-02-01T04:45:00+08:00,25242308,0,FALSE,Wh,301
142818,15,2025-02-01T05:00:00+08:00,25242344,0,FALSE,Wh,301
142818,15,2025-02-01T05:15:00+08:00,25242401,0,FALSE,Wh,301
142818,15,2025-02-01T05:30:00+08:00,25242430,0,FALSE,Wh,301
142818,15,2025-02-01T05:45:00+08:00,25242471,0,FALSE,Wh,301
142818,15,2025-02-01T06:00:00+08:00,25242520,0,FALSE,Wh,301
142818,15,2025-02-01T06:15:00+08:00,25242558,0,FALSE,Wh,301
142818,15,2025-02-01T06:30:00+08:00,25242612,0,FALSE,Wh,301
142818,15,2025-02-01T06:45:00+08:00,25242651,0,FALSE,Wh,301
142818,15,2025-02-01T07:00:00+08:00,25242750,0,FALSE,Wh,301
142818,15,2025-02-01T07:15:00+08:00,25242860,0,FALSE,Wh,301
142818,15,2025-02-01T07:30:00+08:00,25243092,0,FALSE,Wh,301
142818,15,2025-02-01T07:45:00+08:00,25243266,0,FALSE,Wh,301
142818,15,2025-02-01T08:00:00+08:00,25243752,0,FALSE,Wh,301
142818,15,2025-02-01T08:15:00+08:00,25244801,0,FALSE,Wh,301
142818,15,2025-02-01T08:30:00+08:00,25245470,0,FALSE,Wh,301
142818,15,2025-02-01T08:45:00+08:00,25246288,0,FALSE,Wh,301
142818,15,2025-02-01T09:00:00+08:00,25246576,0,FALSE,Wh,301
142818,15,2025-02-01T09:15:00+08:00,25247047,0,FALSE,Wh,301
142818,15,2025-02-01T09:30:00+08:00,25247505,0,FALSE,Wh,301
142818,15,2025-02-01T09:45:00+08:00,25247889,0,FALSE,Wh,301
142818,15,2025-02-01T10:00:00+08:00,25249226,0,FALSE,Wh,301
142818,15,2025-02-01T10:15:00+08:00,25249886,0,FALSE,Wh,301
142818,15,2025-02-01T10:30:00+08:00,25250523,0,FALSE,Wh,301
142818,15,2025-02-01T10:45:00+08:00,25251177,0,FALSE,Wh,301
142818,15,2025-02-01T11:00:00+08:00,25251812,0,FALSE,Wh,301
142818,15,2025-02-01T11:15:00+08:00,25252396,0,FALSE,Wh,301
142818,15,2025-02-01T11:30:00+08:00,25252674,0,FALSE,Wh,301
142818,15,2025-02-01T11:45:00+08:00,25252964,0,FALSE,Wh,301
142818,15,2025-02-01T12:00:00+08:00,25253286,0,FALSE,Wh,301
142818,15,2025-02-01T12:15:00+08:00,25253617,0,FALSE,Wh,301
142818,15,2025-02-01T12:30:00+08:00,25254751,0,FALSE,Wh,301
142818,15,2025-02-01T12:45:00+08:00,25255213,0,FALSE,Wh,301
142818,15,2025-02-01T13:00:00+08:00,25255996,0,FALSE,Wh,301
142818,15,2025-02-01T13:15:00+08:00,25256485,0,FALSE,Wh,301
142818,15,2025-02-01T13:30:00+08:00,25256997,0,FALSE,Wh,301
142818,15,2025-02-01T13:45:00+08:00,25257454,0,FALSE,Wh,301
142818,15,2025-02-01T14:00:00+08:00,25257851,0,FALSE,Wh,301
142818,15,2025-02-01T14:15:00+08:00,25257851,0,FALSE,Wh,301
142818,15,2025-02-01T14:30:00+08:00,25257851,0,FALSE,Wh,301
142818,15,2025-02-01T14:45:00+08:00,25257851,0,FALSE,Wh,301
142818,15,2025-02-01T15:00:00+08:00,25257851,0,FALSE,Wh,301
142818,15,2025-02-01T15:15:00+08:00,25257851,0,FALSE,Wh,301
142818,15,2025-02-01T15:30:00+08:00,25257851,0,FALSE,Wh,301
142818,15,2025-02-01T15:45:00+08:00,25257851,0,FALSE,Wh,301
142818,15,2025-02-01T16:00:00+08:00,25257851,0,FALSE,Wh,301
142818,15,2025-02-01T16:15:00+08:00,25257851,0,FALSE,Wh,301
142818,15,2025-02-01T16:30:00+08:00,25257851,0,FALSE,Wh,301
142818,15,2025-02-01T16:45:00+08:00,25257851,0,FALSE,Wh,301
142818,15,2025-02-01T17:00:00+08:00,25257851,0,FALSE,Wh,301
142818,15,2025-02-01T17:15:00+08:00,25257851,0,FALSE,Wh,301
142818,15,2025-02-01T17:30:00+08:00,25257851,0,FALSE,Wh,301
142818,15,2025-02-01T17:45:00+08:00,25257851,0,FALSE,Wh,301
142818,15,2025-02-01T18:00:00+08:00,25257851,0,FALSE,Wh,301
142818,15,2025-02-01T18:15:00+08:00,25257851,0,FALSE,Wh,301
142818,15,2025-02-01T18:30:00+08:00,25257851,0,FALSE,Wh,301
142818,15,2025-02-01T18:45:00+08:00,25257851,0,FALSE,Wh,301
142818,15,2025-02-01T19:00:00+08:00,25257851,0,FALSE,Wh,301
142818,15,2025-02-01T19:15:00+08:00,25257851,0,FALSE,Wh,301
142818,15,2025-02-01T19:30:00+08:00,25257851,0,FALSE,Wh,301
142818,15,2025-02-01T19:45:00+08:00,25257851,0,FALSE,Wh,301
142818,15,2025-02-01T20:00:00+08:00,25257851,0,FALSE,Wh,301
142818,15,2025-02-01T20:15:00+08:00,25257851,0,FALSE,Wh,301
142818,15,2025-02-01T20:30:00+08:00,25257851,0,FALSE,Wh,301
142818,15,2025-02-01T20:45:00+08:00,25257851,0,FALSE,Wh,301
142818,15,2025-02-01T21:00:00+08:00,25257851,0,FALSE,Wh,301
142818,15,2025-02-01T21:15:00+08:00,25257851,0,FALSE,Wh,301
142818,15,2025-02-01T21:30:00+08:00,25257851,0,FALSE,Wh,301
142818,15,2025-02-01T21:45:00+08:00,25257851,0,FALSE,Wh,301
142818,15,2025-02-01T22:00:00+08:00,25257851,0,FALSE,Wh,301
142818,15,2025-02-01T22:15:00+08:00,25257851,0,FALSE,Wh,301
142818,15,2025-02-01T22:30:00+08:00,25257851,0,FALSE,Wh,301
142818,15,2025-02-01T22:45:00+08:00,25257851,0,FALSE,Wh,301
142818,15,2025-02-01T23:00:00+08:00,25257851,0,FALSE,Wh,301
142818,15,2025-02-01T23:15:00+08:00,25257851,0,FALSE,Wh,301
142818,15,2025-02-01T23:30:00+08:00,25257851,0,FALSE,Wh,301
142818,15,2025-02-01T23:45:00+08:00,25257851,0,FALSE,Wh,301
142818,15,2025-02-02T00:00:00+08:00,25257851,0,FALSE,Wh,301
142818,15,2025-02-02T00:15:00+08:00,25257851,0,FALSE,Wh,301
142818,15,2025-02-02T00:30:00+08:00,25257851,0,FALSE,Wh,301
142818,15,2025-02-02T00:45:00+08:00,25257851,0,FALSE,Wh,301
142818,15,2025-02-02T01:00:00+08:00,25257851,0,FALSE,Wh,301
142818,15,2025-02-02T01:15:00+08:00,25257851,0,FALSE,Wh,301
142818,15,2025-02-02T01:30:00+08:00,25257851,0,FALSE,Wh,301
142818,15,2025-02-02T01:45:00+08:00,25257851,0,FALSE,Wh,301
142818,15,2025-02-02T02:00:00+08:00,25257851,0,FALSE,Wh,301
142818,15,2025-02-02T02:15:00+08:00,25257851,0,FALSE,Wh,301
142818,15,2025-02-02T02:30:00+08:00,25257851,0,FALSE,Wh,301
142818,15,2025-02-02T02:45:00+08:00,25257851,0,FALSE,Wh,301
142818,15,2025-02-02T03:00:00+08:00,25257851,0,FALSE,Wh,301
142818,15,2025-02-02T03:15:00+08:00,25257851,0,FALSE,Wh,301
142818,15,2025-02-02T03:30:00+08:00,25257851,0,FALSE,Wh,301
142818,15,2025-02-02T03:45:00+08:00,25257851,0,FALSE,Wh,301
142818,15,2025-02-02T04:00:00+08:00,25257851,0,FALSE,Wh,301
142818,15,2025-02-02T04:15:00+08:00,25257851,0,FALSE,Wh,301
142818,15,2025-02-02T04:30:00+08:00,25257851,0,FALSE,Wh,301
142818,15,2025-02-02T04:45:00+08:00,25257851,0,FALSE,Wh,301
142818,15,2025-02-02T05:00:00+08:00,25257851,0,FALSE,Wh,301
142818,15,2025-02-02T05:15:00+08:00,25257851,0,FALSE,Wh,301
142818,15,2025-02-02T05:30:00+08:00,25257851,0,FALSE,Wh,301
142818,15,2025-02-02T05:45:00+08:00,25257851,0,FALSE,Wh,301
142818,15,2025-02-02T06:00:00+08:00,25257851,0,FALSE,Wh,301
142818,15,2025-02-02T06:15:00+08:00,25257851,0,FALSE,Wh,301
142818,15,2025-02-02T06:30:00+08:00,25257851,0,FALSE,Wh,301
142818,15,2025-02-02T06:45:00+08:00,25257851,0,FALSE,Wh,301
142818,15,2025-02-02T07:00:00+08:00,25257851,0,FALSE,Wh,301
142818,15,2025-02-02T07:15:00+08:00,25257851,0,FALSE,Wh,301
142818,15,2025-02-02T07:30:00+08:00,25257851,0,FALSE,Wh,301
142818,15,2025-02-02T07:45:00+08:00,25257851,0,FALSE,Wh,301
142818,15,2025-02-02T08:00:00+08:00,25257851,0,FALSE,Wh,301
142818,15,2025-02-02T08:15:00+08:00,25257851,0,FALSE,Wh,301
142818,15,2025-02-02T08:30:00+08:00,25257851,0,FALSE,Wh,301
142818,15,2025-02-02T08:45:00+08:00,25257851,0,FALSE,Wh,301
142818,15,2025-02-02T09:00:00+08:00,25257851,0,FALSE,Wh,301
142818,15,2025-02-02T09:15:00+08:00,25257851,0,FALSE,Wh,301
142818,15,2025-02-02T09:30:00+08:00,25257851,0,FALSE,Wh,301
142818,15,2025-02-02T09:45:00+08:00,25257851,0,FALSE,Wh,301
142818,15,2025-02-02T10:00:00+08:00,25257851,0,FALSE,Wh,301
142818,15,2025-02-02T10:15:00+08:00,25257851,0,FALSE,Wh,301
142818,15,2025-02-02T10:30:00+08:00,25257851,0,FALSE,Wh,301
142818,15,2025-02-02T10:45:00+08:00,25257851,0,FALSE,Wh,301
142818,15,2025-02-02T11:00:00+08:00,25257851,0,FALSE,Wh,301
142818,15,2025-02-02T11:15:00+08:00,25257851,0,FALSE,Wh,301
142818,15,2025-02-02T11:30:00+08:00,25257851,0,FALSE,Wh,301
142818,15,2025-02-02T11:45:00+08:00,25257851,0,FALSE,Wh,301
142818,15,2025-02-02T12:00:00+08:00,25257851,0,FALSE,Wh,301
142818,15,2025-02-02T12:15:00+08:00,25257851,0,FALSE,Wh,301
142818,15,2025-02-02T12:30:00+08:00,25257851,0,FALSE,Wh,301
142818,15,2025-02-02T12:45:00+08:00,25257851,0,FALSE,Wh,301
142818,15,2025-02-02T13:00:00+08:00,25257851,0,FALSE,Wh,301
142818,15,2025-02-02T13:15:00+08:00,25257851,0,FALSE,Wh,301
142818,15,2025-02-02T13:30:00+08:00,25257851,0,FALSE,Wh,301
142818,15,2025-02-02T13:45:00+08:00,25257851,0,FALSE,Wh,301
142818,15,2025-02-02T14:00:00+08:00,25257851,0,FALSE,Wh,301
142818,15,2025-02-02T14:15:00+08:00,25257851,0,FALSE,Wh,301
142818,15,2025-02-02T14:30:00+08:00,25257851,0,FALSE,Wh,301
142818,15,2025-02-02T14:45:00+08:00,25257851,0,FALSE,Wh,301
142818,15,2025-02-02T15:00:00+08:00,25257851,0,FALSE,Wh,301
142818,15,2025-02-02T15:15:00+08:00,25257851,0,FALSE,Wh,301
142818,15,2025-02-02T15:30:00+08:00,25257851,0,FALSE,Wh,301
142818,15,2025-02-02T15:45:00+08:00,25257851,0,FALSE,Wh,301
142818,15,2025-02-02T16:00:00+08:00,25257851,0,FALSE,Wh,301
142818,15,2025-02-02T16:15:00+08:00,25257851,0,FALSE,Wh,301
142818,15,2025-02-02T16:30:00+08:00,25257851,0,FALSE,Wh,301
142818,15,2025-02-02T16:45:00+08:00,25257851,0,FALSE,Wh,301
142818,15,2025-02-02T17:00:00+08:00,25257851,0,FALSE,Wh,301
142818,15,2025-02-02T17:15:00+08:00,25257851,0,FALSE,Wh,301
142818,15,2025-02-02T17:30:00+08:00,25257851,0,FALSE,Wh,301
142818,15,2025-02-02T17:45:00+08:00,25257851,0,FALSE,Wh,301
142818,15,2025-02-02T18:00:00+08:00,25257851,0,FALSE,Wh,301
142818,15,2025-02-02T18:15:00+08:00,25257851,0,FALSE,Wh,301
142818,15,2025-02-02T18:30:00+08:00,25257851,0,FALSE,Wh,301
142818,15,2025-02-02T18:45:00+08:00,25257851,0,FALSE,Wh,301
142818,15,2025-02-02T19:00:00+08:00,25257851,0,FALSE,Wh,301
142818,15,2025-02-02T19:15:00+08:00,25257851,0,FALSE,Wh,301
142818,15,2025-02-02T19:30:00+08:00,25257851,0,FALSE,Wh,301
142818,15,2025-02-02T19:45:00+08:00,25257851,0,FALSE,Wh,301
142818,15,2025-02-02T20:00:00+08:00,25257851,0,FALSE,Wh,301
142818,15,2025-02-02T20:15:00+08:00,25257851,0,FALSE,Wh,301
142818,15,2025-02-02T20:30:00+08:00,25257851,0,FALSE,Wh,301
142818,15,2025-02-02T20:45:00+08:00,25257851,0,FALSE,Wh,301
142818,15,2025-02-02T21:00:00+08:00,25257851,0,FALSE,Wh,301
142818,15,2025-02-02T21:15:00+08:00,25257851,0,FALSE,Wh,301
142818,15,2025-02-02T21:30:00+08:00,25257851,0,FALSE,Wh,301
142818,15,2025-02-02T21:45:00+08:00,25257851,0,FALSE,Wh,301
142818,15,2025-02-02T22:00:00+08:00,25257851,0,FALSE,Wh,301
142818,15,2025-02-02T22:15:00+08:00,25257851,0,FALSE,Wh,301
142818,15,2025-02-02T22:30:00+08:00,25257851,0,FALSE,Wh,301
142818,15,2025-02-02T22:45:00+08:00,25257851,0,FALSE,Wh,301
142818,15,2025-02-02T23:00:00+08:00,25257851,0,FALSE,Wh,301
142818,15,2025-02-02T23:15:00+08:00,25257851,0,FALSE,Wh,301
142818,15,2025-02-02T23:30:00+08:00,25257851,0,FALSE,Wh,301
142818,15,2025-02-02T23:45:00+08:00,25257851,0,FALSE,Wh,301
142818,15,2025-02-03T00:00:00+08:00,25257851,0,FALSE,Wh,301
142818,15,2025-02-03T00:15:00+08:00,25257851,0,FALSE,Wh,301
142818,15,2025-02-03T00:30:00+08:00,25257851,0,FALSE,Wh,301
142818,15,2025-02-03T00:45:00+08:00,25257851,0,FALSE,Wh,301
142818,15,2025-02-03T01:00:00+08:00,25257851,0,FALSE,Wh,301
142818,15,2025-02-03T01:15:00+08:00,25257851,0,FALSE,Wh,301
142818,15,2025-02-03T01:30:00+08:00,25257851,0,FALSE,Wh,301
142818,15,2025-02-03T01:45:00+08:00,25257851,0,FALSE,Wh,301
142818,15,2025-02-03T02:00:00+08:00,25257851,0,FALSE,Wh,301
142818,15,2025-02-03T02:15:00+08:00,25257851,0,FALSE,Wh,301
142818,15,2025-02-03T02:30:00+08:00,25257851,0,FALSE,Wh,301
142818,15,2025-02-03T02:45:00+08:00,25257851,0,FALSE,Wh,301
142818,15,2025-02-03T03:00:00+08:00,25257851,0,FALSE,Wh,301
142818,15,2025-02-03T03:15:00+08:00,25257851,0,FALSE,Wh,301
142818,15,2025-02-03T03:30:00+08:00,25257851,0,FALSE,Wh,301
142818,15,2025-02-03T03:45:00+08:00,25257851,0,FALSE,Wh,301
142818,15,2025-02-03T04:00:00+08:00,25257851,0,FALSE,Wh,301
142818,15,2025-02-03T04:15:00+08:00,25257851,0,FALSE,Wh,301
142818,15,2025-02-03T04:30:00+08:00,25257851,0,FALSE,Wh,301
142818,15,2025-02-03T04:45:00+08:00,25257851,0,FALSE,Wh,301
142818,15,2025-02-03T05:00:00+08:00,25257851,0,FALSE,Wh,301
142818,15,2025-02-03T05:15:00+08:00,25257851,0,FALSE,Wh,301
142818,15,2025-02-03T05:30:00+08:00,25257851,0,FALSE,Wh,301
142818,15,2025-02-03T05:45:00+08:00,25257851,0,FALSE,Wh,301
142818,15,2025-02-03T06:00:00+08:00,25257851,0,FALSE,Wh,301
142818,15,2025-02-03T06:15:00+08:00,25257851,0,FALSE,Wh,301
142818,15,2025-02-03T06:30:00+08:00,25257851,0,FALSE,Wh,301
142818,15,2025-02-03T06:45:00+08:00,25257851,0,FALSE,Wh,301
142818,15,2025-02-03T07:00:00+08:00,25257851,0,FALSE,Wh,301
142818,15,2025-02-03T07:15:00+08:00,25257851,0,FALSE,Wh,301
142818,15,2025-02-03T07:30:00+08:00,25257851,0,FALSE,Wh,301
142818,15,2025-02-03T07:45:00+08:00,25257851,0,FALSE,Wh,301
142818,15,2025-02-03T08:00:00+08:00,25257851,0,FALSE,Wh,301
142818,15,2025-02-03T08:15:00+08:00,25257851,0,FALSE,Wh,301
142818,15,2025-02-03T08:30:00+08:00,25257851,0,FALSE,Wh,301
142818,15,2025-02-03T08:45:00+08:00,25257851,0,FALSE,Wh,301
142818,15,2025-02-03T09:00:00+08:00,25257851,0,FALSE,Wh,301
142818,15,2025-02-03T09:15:00+08:00,25257851,0,FALSE,Wh,301
142818,15,2025-02-03T09:30:00+08:00,25257851,0,FALSE,Wh,301
142818,15,2025-02-03T09:45:00+08:00,25257851,0,FALSE,Wh,301
142818,15,2025-02-03T10:00:00+08:00,25257851,0,FALSE,Wh,301
142818,15,2025-02-03T10:15:00+08:00,25257851,0,FALSE,Wh,301
142818,15,2025-02-03T10:30:00+08:00,25257851,0,FALSE,Wh,301
142818,15,2025-02-03T10:45:00+08:00,25257851,0,FALSE,Wh,301
142818,15,2025-02-03T11:00:00+08:00,25257851,0,FALSE,Wh,301
142818,15,2025-02-03T11:15:00+08:00,25257851,0,FALSE,Wh,301
142818,15,2025-02-03T11:30:00+08:00,25257851,0,FALSE,Wh,301
142818,15,2025-02-03T11:45:00+08:00,25257851,0,FALSE,Wh,301
142818,15,2025-02-03T12:00:00+08:00,25257851,0,FALSE,Wh,301
142818,15,2025-02-03T12:15:00+08:00,25257851,0,FALSE,Wh,301
142818,15,2025-02-03T12:30:00+08:00,25257851,0,FALSE,Wh,301
142818,15,2025-02-03T12:45:00+08:00,25257851,0,FALSE,Wh,301
142818,15,2025-02-03T13:00:00+08:00,25257851,0,FALSE,Wh,301
142818,15,2025-02-03T13:15:00+08:00,25257851,0,FALSE,Wh,301
142818,15,2025-02-03T13:30:00+08:00,25257851,0,FALSE,Wh,301
142818,15,2025-02-03T13:45:00+08:00,25257851,0,FALSE,Wh,301
142818,15,2025-02-03T14:00:00+08:00,25257851,0,FALSE,Wh,301
142818,15,2025-02-03T14:15:00+08:00,25257851,0,FALSE,Wh,301
142818,15,2025-02-03T14:30:00+08:00,25257851,0,FALSE,Wh,301
142818,15,2025-02-03T14:45:00+08:00,25257851,0,FALSE,Wh,301
142818,15,2025-02-03T15:00:00+08:00,25257851,0,FALSE,Wh,301
142818,15,2025-02-03T15:15:00+08:00,25257851,0,FALSE,Wh,301
142818,15,2025-02-03T15:30:00+08:00,25257851,0,FALSE,Wh,301
142818,15,2025-02-03T15:45:00+08:00,25257851,0,FALSE,Wh,301
142818,15,2025-02-03T16:00:00+08:00,25257851,0,FALSE,Wh,301
142818,15,2025-02-03T16:15:00+08:00,25257851,0,FALSE,Wh,301
142818,15,2025-02-03T16:30:00+08:00,25257851,0,FALSE,Wh,301
142818,15,2025-02-03T16:45:00+08:00,25257851,0,FALSE,Wh,301
142818,15,2025-02-03T17:00:00+08:00,25257851,0,FALSE,Wh,301
142818,15,2025-02-03T17:15:00+08:00,25257851,0,FALSE,Wh,301
142818,15,2025-02-03T17:30:00+08:00,25257851,0,FALSE,Wh,301
142818,15,2025-02-03T17:45:00+08:00,25257851,0,FALSE,Wh,301
142818,15,2025-02-03T18:00:00+08:00,25257851,0,FALSE,Wh,301
142818,15,2025-02-03T18:15:00+08:00,25257851,0,FALSE,Wh,301
142818,15,2025-02-03T18:30:00+08:00,25257851,0,FALSE,Wh,301
142818,15,2025-02-03T18:45:00+08:00,25257851,0,FALSE,Wh,301
142818,15,2025-02-03T19:00:00+08:00,25257851,0,FALSE,Wh,301
142818,15,2025-02-03T19:15:00+08:00,25257851,0,FALSE,Wh,301
142818,15,2025-02-03T19:30:00+08:00,25257851,0,FALSE,Wh,301
142818,15,2025-02-03T19:45:00+08:00,25257851,0,FALSE,Wh,301
142818,15,2025-02-03T20:00:00+08:00,25257851,0,FALSE,Wh,301
142818,15,2025-02-03T20:15:00+08:00,25257851,0,FALSE,Wh,301
142818,15,2025-02-03T20:30:00+08:00,25257851,0,FALSE,Wh,301
142818,15,2025-02-03T20:45:00+08:00,25257851,0,FALSE,Wh,301
142818,15,2025-02-03T21:00:00+08:00,25257851,0,FALSE,Wh,301
142818,15,2025-02-03T21:15:00+08:00,25257851,0,FALSE,Wh,301
142818,15,2025-02-03T21:30:00+08:00,25257851,0,FALSE,Wh,301
142818,15,2025-02-03T21:45:00+08:00,25257851,0,FALSE,Wh,301
142818,15,2025-02-03T22:00:00+08:00,25257851,0,FALSE,Wh,301
142818,15,2025-02-03T22:15:00+08:00,25257851,0,FALSE,Wh,301
142818,15,2025-02-03T22:30:00+08:00,25257851,0,FALSE,Wh,301
142818,15,2025-02-03T22:45:00+08:00,25257851,0,FALSE,Wh,301
142818,15,2025-02-03T23:00:00+08:00,25257851,0,FALSE,Wh,301
142818,15,2025-02-03T23:15:00+08:00,25257851,0,FALSE,Wh,301
142818,15,2025-02-03T23:30:00+08:00,25257851,0,FALSE,Wh,301
142818,15,2025-02-03T23:45:00+08:00,25257851,0,FALSE,Wh,301
142818,15,2025-02-04T00:00:00+08:00,25257851,0,FALSE,Wh,301
142818,15,2025-02-04T00:15:00+08:00,25257851,0,FALSE,Wh,301
142818,15,2025-02-04T00:30:00+08:00,25257851,0,FALSE,Wh,301
142818,15,2025-02-04T00:45:00+08:00,25257851,0,FALSE,Wh,301
142818,15,2025-02-04T01:00:00+08:00,25257851,0,FALSE,Wh,301
142818,15,2025-02-04T01:15:00+08:00,25257851,0,FALSE,Wh,301
142818,15,2025-02-04T01:30:00+08:00,25257851,0,FALSE,Wh,301
142818,15,2025-02-04T01:45:00+08:00,25257851,0,FALSE,Wh,301
142818,15,2025-02-04T02:00:00+08:00,25257851,0,FALSE,Wh,301
142818,15,2025-02-04T02:15:00+08:00,25257851,0,FALSE,Wh,301
142818,15,2025-02-04T02:30:00+08:00,25257851,0,FALSE,Wh,301
142818,15,2025-02-04T02:45:00+08:00,25257851,0,FALSE,Wh,301
142818,15,2025-02-04T03:00:00+08:00,25257851,0,FALSE,Wh,301
142818,15,2025-02-04T03:15:00+08:00,25257851,0,FALSE,Wh,301
142818,15,2025-02-04T03:30:00+08:00,25257851,0,FALSE,Wh,301
142818,15,2025-02-04T03:45:00+08:00,25257851,0,FALSE,Wh,301
142818,15,2025-02-04T04:00:00+08:00,25257851,0,FALSE,Wh,301
142818,15,2025-02-04T04:15:00+08:00,25257851,0,FALSE,Wh,301
142818,15,2025-02-04T04:30:00+08:00,25257851,0,FALSE,Wh,301
142818,15,2025-02-04T04:45:00+08:00,25257851,0,FALSE,Wh,301
142818,15,2025-02-04T05:00:00+08:00,25257851,0,FALSE,Wh,301
142818,15,2025-02-04T05:15:00+08:00,25257851,0,FALSE,Wh,301
142818,15,2025-02-04T05:30:00+08:00,25257851,0,FALSE,Wh,301
142818,15,2025-02-04T05:45:00+08:00,25257851,0,FALSE,Wh,301
142818,15,2025-02-04T06:00:00+08:00,25257851,0,FALSE,Wh,301
142818,15,2025-02-04T06:15:00+08:00,25257851,0,FALSE,Wh,301
142818,15,2025-02-04T06:30:00+08:00,25257851,0,FALSE,Wh,301
142818,15,2025-02-04T06:45:00+08:00,25257851,0,FALSE,Wh,301
142818,15,2025-02-04T07:00:00+08:00,25257851,0,FALSE,Wh,301
142818,15,2025-02-04T07:15:00+08:00,25257851,0,FALSE,Wh,301
142818,15,2025-02-04T07:30:00+08:00,25257851,0,FALSE,Wh,301
142818,15,2025-02-04T07:45:00+08:00,25257851,0,FALSE,Wh,301
142818,15,2025-02-04T08:00:00+08:00,25257851,0,FALSE,Wh,301
142818,15,2025-02-04T08:15:00+08:00,25257851,0,FALSE,Wh,301
142818,15,2025-02-04T08:30:00+08:00,25257851,0,FALSE,Wh,301
142818,15,2025-02-04T08:45:00+08:00,25257851,0,FALSE,Wh,301
142818,15,2025-02-04T09:00:00+08:00,25257851,0,FALSE,Wh,301
142818,15,2025-02-04T09:15:00+08:00,25257851,0,FALSE,Wh,301
142818,15,2025-02-04T09:30:00+08:00,25257851,0,FALSE,Wh,301
142818,15,2025-02-04T09:45:00+08:00,25257851,0,FALSE,Wh,301
142818,15,2025-02-04T10:00:00+08:00,25257851,0,FALSE,Wh,301
142818,15,2025-02-04T10:15:00+08:00,25257851,0,FALSE,Wh,301
142818,15,2025-02-04T10:30:00+08:00,25257851,0,FALSE,Wh,301
142818,15,2025-02-04T10:45:00+08:00,25257851,0,FALSE,Wh,301
142818,15,2025-02-04T11:00:00+08:00,25257851,0,FALSE,Wh,301
142818,15,2025-02-04T11:15:00+08:00,25257851,0,FALSE,Wh,301
142818,15,2025-02-04T11:30:00+08:00,25257851,0,FALSE,Wh,301
142818,15,2025-02-04T11:45:00+08:00,25257851,0,FALSE,Wh,301
142818,15,2025-02-04T12:00:00+08:00,25257851,0,FALSE,Wh,301
142818,15,2025-02-04T12:15:00+08:00,25257851,0,FALSE,Wh,301
142818,15,2025-02-04T12:30:00+08:00,25257851,0,FALSE,Wh,301
142818,15,2025-02-04T12:45:00+08:00,25257851,0,FALSE,Wh,301
142818,15,2025-02-04T13:00:00+08:00,25257851,0,FALSE,Wh,301
142818,15,2025-02-04T13:15:00+08:00,25257851,0,FALSE,Wh,301
142818,15,2025-02-04T13:30:00+08:00,25257851,0,FALSE,Wh,301
142818,15,2025-02-04T13:45:00+08:00,25257851,0,FALSE,Wh,301
142818,15,2025-02-04T14:00:00+08:00,25257851,0,FALSE,Wh,301
142818,15,2025-02-04T14:15:00+08:00,25257851,0,FALSE,Wh,301
142818,15,2025-02-04T14:30:00+08:00,25257851,0,FALSE,Wh,301
142818,15,2025-02-04T14:45:00+08:00,25257851,0,FALSE,Wh,301
142818,15,2025-02-04T15:00:00+08:00,25257851,0,FALSE,Wh,301
142818,15,2025-02-04T15:15:00+08:00,25257851,0,FALSE,Wh,301
142818,15,2025-02-04T15:30:00+08:00,25257851,0,FALSE,Wh,301
142818,15,2025-02-04T15:45:00+08:00,25257851,0,FALSE,Wh,301
142818,15,2025-02-04T16:00:00+08:00,25257851,0,FALSE,Wh,301
142818,15,2025-02-04T16:15:00+08:00,25257851,0,FALSE,Wh,301
142818,15,2025-02-04T16:30:00+08:00,25257851,0,FALSE,Wh,301
142818,15,2025-02-04T16:45:00+08:00,25257851,0,FALSE,Wh,301
142818,15,2025-02-04T17:00:00+08:00,25257851,0,FALSE,Wh,301
142818,15,2025-02-04T17:15:00+08:00,25257851,0,FALSE,Wh,301
142818,15,2025-02-04T17:30:00+08:00,25257851,0,FALSE,Wh,301
142818,15,2025-02-04T17:45:00+08:00,25257851,0,FALSE,Wh,301
142818,15,2025-02-04T18:00:00+08:00,25257851,0,FALSE,Wh,301
142818,15,2025-02-04T18:15:00+08:00,25257851,0,FALSE,Wh,301
142818,15,2025-02-04T18:30:00+08:00,25257851,0,FALSE,Wh,301
142818,15,2025-02-04T18:45:00+08:00,25257851,0,FALSE,Wh,301
142818,15,2025-02-04T19:00:00+08:00,25257851,0,FALSE,Wh,301
142818,15,2025-02-04T19:15:00+08:00,25257851,0,FALSE,Wh,301
142818,15,2025-02-04T19:30:00+08:00,25257851,0,FALSE,Wh,301
142818,15,2025-02-04T19:45:00+08:00,25257851,0,FALSE,Wh,301
142818,15,2025-02-04T20:00:00+08:00,25257851,0,FALSE,Wh,301
142818,15,2025-02-04T20:15:00+08:00,25257851,0,FALSE,Wh,301
142818,15,2025-02-04T20:30:00+08:00,25257851,0,FALSE,Wh,301
142818,15,2025-02-04T20:45:00+08:00,25257851,0,FALSE,Wh,301
142818,15,2025-02-04T21:00:00+08:00,25257851,0,FALSE,Wh,301
142818,15,2025-02-04T21:15:00+08:00,25257851,0,FALSE,Wh,301
142818,15,2025-02-04T21:30:00+08:00,25257851,0,FALSE,Wh,301
142818,15,2025-02-04T21:45:00+08:00,25257851,0,FALSE,Wh,301
142818,15,2025-02-04T22:00:00+08:00,25257851,0,FALSE,Wh,301
142818,15,2025-02-04T22:15:00+08:00,25257851,0,FALSE,Wh,301
142818,15,2025-02-04T22:30:00+08:00,25257851,0,FALSE,Wh,301
142818,15,2025-02-04T22:45:00+08:00,25257851,0,FALSE,Wh,301
142818,15,2025-02-04T23:00:00+08:00,25257851,0,FALSE,Wh,301
142818,15,2025-02-04T23:15:00+08:00,25257851,0,FALSE,Wh,301
142818,15,2025-02-04T23:30:00+08:00,25257851,0,FALSE,Wh,301
142818,15,2025-02-04T23:45:00+08:00,25257851,0,FALSE,Wh,301
142818,15,2025-02-05T00:00:00+08:00,25257851,0,FALSE,Wh,301
142819,15,2025-01-29T00:15:00+08:00,20068837,0,FALSE,Wh,302
142819,15,2025-01-29T00:30:00+08:00,20069007,0,FALSE,Wh,302
142819,15,2025-01-29T00:45:00+08:00,20069114,0,FALSE,Wh,302
142819,15,2025-01-29T01:00:00+08:00,20069254,0,FALSE,Wh,302
142819,15,2025-01-29T01:15:00+08:00,20069391,0,FALSE,Wh,302
142819,15,2025-01-29T01:30:00+08:00,20069503,0,FALSE,Wh,302
142819,15,2025-01-29T01:45:00+08:00,20069645,0,FALSE,Wh,302
142819,15,2025-01-29T02:00:00+08:00,20069738,0,FALSE,Wh,302
142819,15,2025-01-29T02:15:00+08:00,20069861,0,FALSE,Wh,302
142819,15,2025-01-29T02:30:00+08:00,20069969,0,FALSE,Wh,302
142819,15,2025-01-29T02:45:00+08:00,20070084,0,FALSE,Wh,302
142819,15,2025-01-29T03:00:00+08:00,20070188,0,FALSE,Wh,302
142819,15,2025-01-29T03:15:00+08:00,20070301,0,FALSE,Wh,302
142819,15,2025-01-29T03:30:00+08:00,20070384,0,FALSE,Wh,302
142819,15,2025-01-29T03:45:00+08:00,20070504,0,FALSE,Wh,302
142819,15,2025-01-29T04:00:00+08:00,20070585,0,FALSE,Wh,302
142819,15,2025-01-29T04:15:00+08:00,20070687,0,FALSE,Wh,302
142819,15,2025-01-29T04:30:00+08:00,20070793,0,FALSE,Wh,302
142819,15,2025-01-29T04:45:00+08:00,20070886,0,FALSE,Wh,302
142819,15,2025-01-29T05:00:00+08:00,20071019,0,FALSE,Wh,302
142819,15,2025-01-29T05:15:00+08:00,20071087,0,FALSE,Wh,302
142819,15,2025-01-29T05:30:00+08:00,20071216,0,FALSE,Wh,302
142819,15,2025-01-29T05:45:00+08:00,20071313,0,FALSE,Wh,302
142819,15,2025-01-29T06:00:00+08:00,20072066,0,FALSE,Wh,302
142819,15,2025-01-29T06:15:00+08:00,20072848,0,FALSE,Wh,302
142819,15,2025-01-29T06:30:00+08:00,20072937,0,FALSE,Wh,302
142819,15,2025-01-29T06:45:00+08:00,20073039,0,FALSE,Wh,302
142819,15,2025-01-29T07:00:00+08:00,20073114,0,FALSE,Wh,302
142819,15,2025-01-29T07:15:00+08:00,20073184,0,FALSE,Wh,302
142819,15,2025-01-29T07:30:00+08:00,20073272,0,FALSE,Wh,302
142819,15,2025-01-29T07:45:00+08:00,20073344,0,FALSE,Wh,302
142819,15,2025-01-29T08:00:00+08:00,20073414,0,FALSE,Wh,302
142819,15,2025-01-29T08:15:00+08:00,20073501,0,FALSE,Wh,302
142819,15,2025-01-29T08:30:00+08:00,20073562,0,FALSE,Wh,302
142819,15,2025-01-29T08:45:00+08:00,20073654,0,FALSE,Wh,302
142819,15,2025-01-29T09:00:00+08:00,20073731,0,FALSE,Wh,302
142819,15,2025-01-29T09:15:00+08:00,20073824,0,FALSE,Wh,302
142819,15,2025-01-29T09:30:00+08:00,20074354,0,FALSE,Wh,302
142819,15,2025-01-29T09:45:00+08:00,20074567,0,FALSE,Wh,302
142819,15,2025-01-29T10:00:00+08:00,20074679,0,FALSE,Wh,302
142819,15,2025-01-29T10:15:00+08:00,20074780,0,FALSE,Wh,302
142819,15,2025-01-29T10:30:00+08:00,20074892,0,FALSE,Wh,302
142819,15,2025-01-29T10:45:00+08:00,20075007,0,FALSE,Wh,302
142819,15,2025-01-29T11:00:00+08:00,20075118,0,FALSE,Wh,302
142819,15,2025-01-29T11:15:00+08:00,20075237,0,FALSE,Wh,302
142819,15,2025-01-29T11:30:00+08:00,20075352,0,FALSE,Wh,302
142819,15,2025-01-29T11:45:00+08:00,20075477,0,FALSE,Wh,302
142819,15,2025-01-29T12:00:00+08:00,20075505,0,FALSE,Wh,302
142819,15,2025-01-29T12:15:00+08:00,20075528,0,FALSE,Wh,302
142819,15,2025-01-29T12:30:00+08:00,20075563,0,FALSE,Wh,302
142819,15,2025-01-29T12:45:00+08:00,20075580,0,FALSE,Wh,302
142819,15,2025-01-29T13:00:00+08:00,20075613,0,FALSE,Wh,302
142819,15,2025-01-29T13:15:00+08:00,20075639,0,FALSE,Wh,302
142819,15,2025-01-29T13:30:00+08:00,20076300,0,FALSE,Wh,302
142819,15,2025-01-29T13:45:00+08:00,20076338,0,FALSE,Wh,302
142819,15,2025-01-29T14:00:00+08:00,20076354,0,FALSE,Wh,302
142819,15,2025-01-29T14:15:00+08:00,20076386,0,FALSE,Wh,302
142819,15,2025-01-29T14:30:00+08:00,20076415,0,FALSE,Wh,302
142819,15,2025-01-29T14:45:00+08:00,20076435,0,FALSE,Wh,302
142819,15,2025-01-29T15:00:00+08:00,20076472,0,FALSE,Wh,302
142819,15,2025-01-29T15:15:00+08:00,20076492,0,FALSE,Wh,302
142819,15,2025-01-29T15:30:00+08:00,20076522,0,FALSE,Wh,302
142819,15,2025-01-29T15:45:00+08:00,20076555,0,FALSE,Wh,302
142819,15,2025-01-29T16:00:00+08:00,20076574,0,FALSE,Wh,302
142819,15,2025-01-29T16:15:00+08:00,20076623,0,FALSE,Wh,302
142819,15,2025-01-29T16:30:00+08:00,20076633,0,FALSE,Wh,302
142819,15,2025-01-29T16:45:00+08:00,20076803,0,FALSE,Wh,302
142819,15,2025-01-29T17:00:00+08:00,20077440,0,FALSE,Wh,302
142819,15,2025-01-29T17:15:00+08:00,20078079,0,FALSE,Wh,302
142819,15,2025-01-29T17:30:00+08:00,20078731,0,FALSE,Wh,302
142819,15,2025-01-29T17:45:00+08:00,20079360,0,FALSE,Wh,302
142819,15,2025-01-29T18:00:00+08:00,20080220,0,FALSE,Wh,302
142819,15,2025-01-29T18:15:00+08:00,20081073,0,FALSE,Wh,302
142819,15,2025-01-29T18:30:00+08:00,20081813,0,FALSE,Wh,302
142819,15,2025-01-29T18:45:00+08:00,20082368,0,FALSE,Wh,302
142819,15,2025-01-29T19:00:00+08:00,20082916,0,FALSE,Wh,302
142819,15,2025-01-29T19:15:00+08:00,20083588,0,FALSE,Wh,302
142819,15,2025-01-29T19:30:00+08:00,20084795,0,FALSE,Wh,302
142819,15,2025-01-29T19:45:00+08:00,20085739,0,FALSE,Wh,302
142819,15,2025-01-29T20:00:00+08:00,20086863,0,FALSE,Wh,302
142819,15,2025-01-29T20:15:00+08:00,20087847,0,FALSE,Wh,302
142819,15,2025-01-29T20:30:00+08:00,20088752,0,FALSE,Wh,302
142819,15,2025-01-29T20:45:00+08:00,20089239,0,FALSE,Wh,302
142819,15,2025-01-29T21:00:00+08:00,20089636,0,FALSE,Wh,302
142819,15,2025-01-29T21:15:00+08:00,20090054,0,FALSE,Wh,302
142819,15,2025-01-29T21:30:00+08:00,20090483,0,FALSE,Wh,302
142819,15,2025-01-29T21:45:00+08:00,20090891,0,FALSE,Wh,302
142819,15,2025-01-29T22:00:00+08:00,20091208,0,FALSE,Wh,302
142819,15,2025-01-29T22:15:00+08:00,20091550,0,FALSE,Wh,302
142819,15,2025-01-29T22:30:00+08:00,20091899,0,FALSE,Wh,302
142819,15,2025-01-29T22:45:00+08:00,20092244,0,FALSE,Wh,302
142819,15,2025-01-29T23:00:00+08:00,20092494,0,FALSE,Wh,302
142819,15,2025-01-29T23:15:00+08:00,20092711,0,FALSE,Wh,302
142819,15,2025-01-29T23:30:00+08:00,20092921,0,FALSE,Wh,302
142819,15,2025-01-29T23:45:00+08:00,20093050,0,FALSE,Wh,302
142819,15,2025-01-30T00:00:00+08:00,20093151,0,FALSE,Wh,302
142819,15,2025-01-30T00:15:00+08:00,20093253,0,FALSE,Wh,302
142819,15,2025-01-30T00:30:00+08:00,20093359,0,FALSE,Wh,302
142819,15,2025-01-30T00:45:00+08:00,20093440,0,FALSE,Wh,302
142819,15,2025-01-30T01:00:00+08:00,20093533,0,FALSE,Wh,302
142819,15,2025-01-30T01:15:00+08:00,20093626,0,FALSE,Wh,302
142819,15,2025-01-30T01:30:00+08:00,20093694,0,FALSE,Wh,302
142819,15,2025-01-30T01:45:00+08:00,20093782,0,FALSE,Wh,302
142819,15,2025-01-30T02:00:00+08:00,20093861,0,FALSE,Wh,302
142819,15,2025-01-30T02:15:00+08:00,20093929,0,FALSE,Wh,302
142819,15,2025-01-30T02:30:00+08:00,20094010,0,FALSE,Wh,302
142819,15,2025-01-30T02:45:00+08:00,20094080,0,FALSE,Wh,302
142819,15,2025-01-30T03:00:00+08:00,20094152,0,FALSE,Wh,302
142819,15,2025-01-30T03:15:00+08:00,20094233,0,FALSE,Wh,302
142819,15,2025-01-30T03:30:00+08:00,20094295,0,FALSE,Wh,302
142819,15,2025-01-30T03:45:00+08:00,20094374,0,FALSE,Wh,302
142819,15,2025-01-30T04:00:00+08:00,20094449,0,FALSE,Wh,302
142819,15,2025-01-30T04:15:00+08:00,20094510,0,FALSE,Wh,302
142819,15,2025-01-30T04:30:00+08:00,20094585,0,FALSE,Wh,302
142819,15,2025-01-30T04:45:00+08:00,20095218,0,FALSE,Wh,302
142819,15,2025-01-30T05:00:00+08:00,20095322,0,FALSE,Wh,302
142819,15,2025-01-30T05:15:00+08:00,20095400,0,FALSE,Wh,302
142819,15,2025-01-30T05:30:00+08:00,20095454,0,FALSE,Wh,302
142819,15,2025-01-30T05:45:00+08:00,20095524,0,FALSE,Wh,302
142819,15,2025-01-30T06:00:00+08:00,20095590,0,FALSE,Wh,302
142819,15,2025-01-30T06:15:00+08:00,20095647,0,FALSE,Wh,302
142819,15,2025-01-30T06:30:00+08:00,20095725,0,FALSE,Wh,302
142819,15,2025-01-30T06:45:00+08:00,20095797,0,FALSE,Wh,302
142819,15,2025-01-30T07:00:00+08:00,20095860,0,FALSE,Wh,302
142819,15,2025-01-30T07:15:00+08:00,20095941,0,FALSE,Wh,302
142819,15,2025-01-30T07:30:00+08:00,20096004,0,FALSE,Wh,302
142819,15,2025-01-30T07:45:00+08:00,20096079,0,FALSE,Wh,302
142819,15,2025-01-30T08:00:00+08:00,20096165,0,FALSE,Wh,302
142819,15,2025-01-30T08:15:00+08:00,20096528,0,FALSE,Wh,302
142819,15,2025-01-30T08:30:00+08:00,20097163,0,FALSE,Wh,302
142819,15,2025-01-30T08:45:00+08:00,20098102,0,FALSE,Wh,302
142819,15,2025-01-30T09:00:00+08:00,20098524,0,FALSE,Wh,302
142819,15,2025-01-30T09:15:00+08:00,20099109,0,FALSE,Wh,302
142819,15,2025-01-30T09:30:00+08:00,20099743,0,FALSE,Wh,302
142819,15,2025-01-30T09:45:00+08:00,20100108,0,FALSE,Wh,302
142819,15,2025-01-30T10:00:00+08:00,20100395,0,FALSE,Wh,302
142819,15,2025-01-30T10:15:00+08:00,20100720,0,FALSE,Wh,302
142819,15,2025-01-30T10:30:00+08:00,20101026,0,FALSE,Wh,302
142819,15,2025-01-30T10:45:00+08:00,20101338,0,FALSE,Wh,302
142819,15,2025-01-30T11:00:00+08:00,20101653,0,FALSE,Wh,302
142819,15,2025-01-30T11:15:00+08:00,20102012,0,FALSE,Wh,302
142819,15,2025-01-30T11:30:00+08:00,20102374,0,FALSE,Wh,302
142819,15,2025-01-30T11:45:00+08:00,20102680,0,FALSE,Wh,302
142819,15,2025-01-30T12:00:00+08:00,20102820,0,FALSE,Wh,302
142819,15,2025-01-30T12:15:00+08:00,20103058,0,FALSE,Wh,302
142819,15,2025-01-30T12:30:00+08:00,20103247,0,FALSE,Wh,302
142819,15,2025-01-30T12:45:00+08:00,20103423,0,FALSE,Wh,302
142819,15,2025-01-30T13:00:00+08:00,20103652,0,FALSE,Wh,302
142819,15,2025-01-30T13:15:00+08:00,20103775,0,FALSE,Wh,302
142819,15,2025-01-30T13:30:00+08:00,20103939,0,FALSE,Wh,302
142819,15,2025-01-30T13:45:00+08:00,20104145,0,FALSE,Wh,302
142819,15,2025-01-30T14:00:00+08:00,20104394,0,FALSE,Wh,302
142819,15,2025-01-30T14:15:00+08:00,20104761,0,FALSE,Wh,302
142819,15,2025-01-30T14:30:00+08:00,20105176,0,FALSE,Wh,302
142819,15,2025-01-30T14:45:00+08:00,20105574,0,FALSE,Wh,302
142819,15,2025-01-30T15:00:00+08:00,20105959,0,FALSE,Wh,302
142819,15,2025-01-30T15:15:00+08:00,20106353,0,FALSE,Wh,302
142819,15,2025-01-30T15:30:00+08:00,20106726,0,FALSE,Wh,302
142819,15,2025-01-30T15:45:00+08:00,20107120,0,FALSE,Wh,302
142819,15,2025-01-30T16:00:00+08:00,20107733,0,FALSE,Wh,302
142819,15,2025-01-30T16:15:00+08:00,20108564,0,FALSE,Wh,302
142819,15,2025-01-30T16:30:00+08:00,20109585,0,FALSE,Wh,302
142819,15,2025-01-30T16:45:00+08:00,20110204,0,FALSE,Wh,302
142819,15,2025-01-30T17:00:00+08:00,20110821,0,FALSE,Wh,302
142819,15,2025-01-30T17:15:00+08:00,20111416,0,FALSE,Wh,302
142819,15,2025-01-30T17:30:00+08:00,20111963,0,FALSE,Wh,302
142819,15,2025-01-30T17:45:00+08:00,20112589,0,FALSE,Wh,302
142819,15,2025-01-30T18:00:00+08:00,20113581,0,FALSE,Wh,302
142819,15,2025-01-30T18:15:00+08:00,20114542,0,FALSE,Wh,302
142819,15,2025-01-30T18:30:00+08:00,20115409,0,FALSE,Wh,302
142819,15,2025-01-30T18:45:00+08:00,20116013,0,FALSE,Wh,302
142819,15,2025-01-30T19:00:00+08:00,20116579,0,FALSE,Wh,302
142819,15,2025-01-30T19:15:00+08:00,20117473,0,FALSE,Wh,302
142819,15,2025-01-30T19:30:00+08:00,20118240,0,FALSE,Wh,302
142819,15,2025-01-30T19:45:00+08:00,20119174,0,FALSE,Wh,302
142819,15,2025-01-30T20:00:00+08:00,20119868,0,FALSE,Wh,302
142819,15,2025-01-30T20:15:00+08:00,20120005,0,FALSE,Wh,302
142819,15,2025-01-30T20:30:00+08:00,20120127,0,FALSE,Wh,302
142819,15,2025-01-30T20:45:00+08:00,20120248,0,FALSE,Wh,302
142819,15,2025-01-30T21:00:00+08:00,20120356,0,FALSE,Wh,302
142819,15,2025-01-30T21:15:00+08:00,20120457,0,FALSE,Wh,302
142819,15,2025-01-30T21:30:00+08:00,20120548,0,FALSE,Wh,302
142819,15,2025-01-30T21:45:00+08:00,20120641,0,FALSE,Wh,302
142819,15,2025-01-30T22:00:00+08:00,20120733,0,FALSE,Wh,302
142819,15,2025-01-30T22:15:00+08:00,20120820,0,FALSE,Wh,302
142819,15,2025-01-30T22:30:00+08:00,20120903,0,FALSE,Wh,302
142819,15,2025-01-30T22:45:00+08:00,20121000,0,FALSE,Wh,302
142819,15,2025-01-30T23:00:00+08:00,20121091,0,FALSE,Wh,302
142819,15,2025-01-30T23:15:00+08:00,20121182,0,FALSE,Wh,302
142819,15,2025-01-30T23:30:00+08:00,20121267,0,FALSE,Wh,302
142819,15,2025-01-30T23:45:00+08:00,20121353,0,FALSE,Wh,302
142819,15,2025-01-31T00:00:00+08:00,20121437,0,FALSE,Wh,302
142819,15,2025-01-31T00:15:00+08:00,20121509,0,FALSE,Wh,302
142819,15,2025-01-31T00:30:00+08:00,20121584,0,FALSE,Wh,302
142819,15,2025-01-31T00:45:00+08:00,20121701,0,FALSE,Wh,302
142819,15,2025-01-31T01:00:00+08:00,20122285,0,FALSE,Wh,302
142819,15,2025-01-31T01:15:00+08:00,20122356,0,FALSE,Wh,302
142819,15,2025-01-31T01:30:00+08:00,20122439,0,FALSE,Wh,302
142819,15,2025-01-31T01:45:00+08:00,20122521,0,FALSE,Wh,302
142819,15,2025-01-31T02:00:00+08:00,20122582,0,FALSE,Wh,302
142819,15,2025-01-31T02:15:00+08:00,20122673,0,FALSE,Wh,302
142819,15,2025-01-31T02:30:00+08:00,20122752,0,FALSE,Wh,302
142819,15,2025-01-31T02:45:00+08:00,20122819,0,FALSE,Wh,302
142819,15,2025-01-31T03:00:00+08:00,20122903,0,FALSE,Wh,302
142819,15,2025-01-31T03:15:00+08:00,20122975,0,FALSE,Wh,302
142819,15,2025-01-31T03:30:00+08:00,20123046,0,FALSE,Wh,302
142819,15,2025-01-31T03:45:00+08:00,20123132,0,FALSE,Wh,302
142819,15,2025-01-31T04:00:00+08:00,20123198,0,FALSE,Wh,302
142819,15,2025-01-31T04:15:00+08:00,20123274,0,FALSE,Wh,302
142819,15,2025-01-31T04:30:00+08:00,20123372,0,FALSE,Wh,302
142819,15,2025-01-31T04:45:00+08:00,20123455,0,FALSE,Wh,302
142819,15,2025-01-31T05:00:00+08:00,20123524,0,FALSE,Wh,302
142819,15,2025-01-31T05:15:00+08:00,20123612,0,FALSE,Wh,302
142819,15,2025-01-31T05:30:00+08:00,20123679,0,FALSE,Wh,302
142819,15,2025-01-31T05:45:00+08:00,20123752,0,FALSE,Wh,302
142819,15,2025-01-31T06:00:00+08:00,20123841,0,FALSE,Wh,302
142819,15,2025-01-31T06:15:00+08:00,20123909,0,FALSE,Wh,302
142819,15,2025-01-31T06:30:00+08:00,20124163,0,FALSE,Wh,302
142819,15,2025-01-31T06:45:00+08:00,20124939,0,FALSE,Wh,302
142819,15,2025-01-31T07:00:00+08:00,20125277,0,FALSE,Wh,302
142819,15,2025-01-31T07:15:00+08:00,20125341,0,FALSE,Wh,302
142819,15,2025-01-31T07:30:00+08:00,20125391,0,FALSE,Wh,302
142819,15,2025-01-31T07:45:00+08:00,20125585,0,FALSE,Wh,302
142819,15,2025-01-31T08:00:00+08:00,20125630,0,FALSE,Wh,302
142819,15,2025-01-31T08:15:00+08:00,20125665,0,FALSE,Wh,302
142819,15,2025-01-31T08:30:00+08:00,20125699,0,FALSE,Wh,302
142819,15,2025-01-31T08:45:00+08:00,20125725,0,FALSE,Wh,302
142819,15,2025-01-31T09:00:00+08:00,20125751,0,FALSE,Wh,302
142819,15,2025-01-31T09:15:00+08:00,20125784,0,FALSE,Wh,302
142819,15,2025-01-31T09:30:00+08:00,20125808,0,FALSE,Wh,302
142819,15,2025-01-31T09:45:00+08:00,20125834,0,FALSE,Wh,302
142819,15,2025-01-31T10:00:00+08:00,20125868,0,FALSE,Wh,302
142819,15,2025-01-31T10:15:00+08:00,20125887,0,FALSE,Wh,302
142819,15,2025-01-31T10:30:00+08:00,20125915,0,FALSE,Wh,302
142819,15,2025-01-31T10:45:00+08:00,20125949,0,FALSE,Wh,302
142819,15,2025-01-31T11:00:00+08:00,20125967,0,FALSE,Wh,302
142819,15,2025-01-31T11:15:00+08:00,20125996,0,FALSE,Wh,302
142819,15,2025-01-31T11:30:00+08:00,20126030,0,FALSE,Wh,302
142819,15,2025-01-31T11:45:00+08:00,20126045,0,FALSE,Wh,302
142819,15,2025-01-31T12:00:00+08:00,20126077,0,FALSE,Wh,302
142819,15,2025-01-31T12:15:00+08:00,20126109,0,FALSE,Wh,302
142819,15,2025-01-31T12:30:00+08:00,20126124,0,FALSE,Wh,302
142819,15,2025-01-31T12:45:00+08:00,20126158,0,FALSE,Wh,302
142819,15,2025-01-31T13:00:00+08:00,20126187,0,FALSE,Wh,302
142819,15,2025-01-31T13:15:00+08:00,20126205,0,FALSE,Wh,302
142819,15,2025-01-31T13:30:00+08:00,20126239,0,FALSE,Wh,302
142819,15,2025-01-31T13:45:00+08:00,20126265,0,FALSE,Wh,302
142819,15,2025-01-31T14:00:00+08:00,20126287,0,FALSE,Wh,302
142819,15,2025-01-31T14:15:00+08:00,20126321,0,FALSE,Wh,302
142819,15,2025-01-31T14:30:00+08:00,20126343,0,FALSE,Wh,302
142819,15,2025-01-31T14:45:00+08:00,20126369,0,FALSE,Wh,302
142819,15,2025-01-31T15:00:00+08:00,20126878,0,FALSE,Wh,302
142819,15,2025-01-31T15:15:00+08:00,20127058,0,FALSE,Wh,302
142819,15,2025-01-31T15:30:00+08:00,20127084,0,FALSE,Wh,302
142819,15,2025-01-31T15:45:00+08:00,20127118,0,FALSE,Wh,302
142819,15,2025-01-31T16:00:00+08:00,20127138,0,FALSE,Wh,302
142819,15,2025-01-31T16:15:00+08:00,20127166,0,FALSE,Wh,302
142819,15,2025-01-31T16:30:00+08:00,20127200,0,FALSE,Wh,302
142819,15,2025-01-31T16:45:00+08:00,20127564,0,FALSE,Wh,302
142819,15,2025-01-31T17:00:00+08:00,20128125,0,FALSE,Wh,302
142819,15,2025-01-31T17:15:00+08:00,20128706,0,FALSE,Wh,302
142819,15,2025-01-31T17:30:00+08:00,20129246,0,FALSE,Wh,302
142819,15,2025-01-31T17:45:00+08:00,20129881,0,FALSE,Wh,302
142819,15,2025-01-31T18:00:00+08:00,20130404,0,FALSE,Wh,302
142819,15,2025-01-31T18:15:00+08:00,20130867,0,FALSE,Wh,302
142819,15,2025-01-31T18:30:00+08:00,20131355,0,FALSE,Wh,302
142819,15,2025-01-31T18:45:00+08:00,20131834,0,FALSE,Wh,302
142819,15,2025-01-31T19:00:00+08:00,20132299,0,FALSE,Wh,302
142819,15,2025-01-31T19:15:00+08:00,20132757,0,FALSE,Wh,302
142819,15,2025-01-31T19:30:00+08:00,20133222,0,FALSE,Wh,302
142819,15,2025-01-31T19:45:00+08:00,20133670,0,FALSE,Wh,302
142819,15,2025-01-31T20:00:00+08:00,20134102,0,FALSE,Wh,302
142819,15,2025-01-31T20:15:00+08:00,20134507,0,FALSE,Wh,302
142819,15,2025-01-31T20:30:00+08:00,20134895,0,FALSE,Wh,302
142819,15,2025-01-31T20:45:00+08:00,20135276,0,FALSE,Wh,302
142819,15,2025-01-31T21:00:00+08:00,20135680,0,FALSE,Wh,302
142819,15,2025-01-31T21:15:00+08:00,20136846,0,FALSE,Wh,302
142819,15,2025-01-31T21:30:00+08:00,20137500,0,FALSE,Wh,302
142819,15,2025-01-31T21:45:00+08:00,20137693,0,FALSE,Wh,302
142819,15,2025-01-31T22:00:00+08:00,20137870,0,FALSE,Wh,302
142819,15,2025-01-31T22:15:00+08:00,20138062,0,FALSE,Wh,302
142819,15,2025-01-31T22:30:00+08:00,20138244,0,FALSE,Wh,302
142819,15,2025-01-31T22:45:00+08:00,20138365,0,FALSE,Wh,302
142819,15,2025-01-31T23:00:00+08:00,20138480,0,FALSE,Wh,302
142819,15,2025-01-31T23:15:00+08:00,20138577,0,FALSE,Wh,302
142819,15,2025-01-31T23:30:00+08:00,20138685,0,FALSE,Wh,302
142819,15,2025-01-31T23:45:00+08:00,20138781,0,FALSE,Wh,302
142819,15,2025-02-01T00:00:00+08:00,20138869,0,FALSE,Wh,302
142819,15,2025-02-01T00:15:00+08:00,20138978,0,FALSE,Wh,302
142819,15,2025-02-01T00:30:00+08:00,20139026,0,FALSE,Wh,302
142819,15,2025-02-01T00:45:00+08:00,20139121,0,FALSE,Wh,302
142819,15,2025-02-01T01:00:00+08:00,20139233,0,FALSE,Wh,302
142819,15,2025-02-01T01:15:00+08:00,20139276,0,FALSE,Wh,302
142819,15,2025-02-01T01:30:00+08:00,20139365,0,FALSE,Wh,302
142819,15,2025-02-01T01:45:00+08:00,20139446,0,FALSE,Wh,302
142819,15,2025-02-01T02:00:00+08:00,20139527,0,FALSE,Wh,302
142819,15,2025-02-01T02:15:00+08:00,20139643,0,FALSE,Wh,302
142819,15,2025-02-01T02:30:00+08:00,20139680,0,FALSE,Wh,302
142819,15,2025-02-01T02:45:00+08:00,20139752,0,FALSE,Wh,302
142819,15,2025-02-01T03:00:00+08:00,20139830,0,FALSE,Wh,302
142819,15,2025-02-01T03:15:00+08:00,20139897,0,FALSE,Wh,302
142819,15,2025-02-01T03:30:00+08:00,20139997,0,FALSE,Wh,302
142819,15,2025-02-01T03:45:00+08:00,20140052,0,FALSE,Wh,302
142819,15,2025-02-01T04:00:00+08:00,20140158,0,FALSE,Wh,302
142819,15,2025-02-01T04:15:00+08:00,20140214,0,FALSE,Wh,302
142819,15,2025-02-01T04:30:00+08:00,20140298,0,FALSE,Wh,302
142819,15,2025-02-01T04:45:00+08:00,20140351,0,FALSE,Wh,302
142819,15,2025-02-01T05:00:00+08:00,20141038,0,FALSE,Wh,302
142819,15,2025-02-01T05:15:00+08:00,20141119,0,FALSE,Wh,302
142819,15,2025-02-01T05:30:00+08:00,20141174,0,FALSE,Wh,302
142819,15,2025-02-01T05:45:00+08:00,20141247,0,FALSE,Wh,302
142819,15,2025-02-01T06:00:00+08:00,20141303,0,FALSE,Wh,302
142819,15,2025-02-01T06:15:00+08:00,20141377,0,FALSE,Wh,302
142819,15,2025-02-01T06:30:00+08:00,20141439,0,FALSE,Wh,302
142819,15,2025-02-01T06:45:00+08:00,20141511,0,FALSE,Wh,302
142819,15,2025-02-01T07:00:00+08:00,20141596,0,FALSE,Wh,302
142819,15,2025-02-01T07:15:00+08:00,20141643,0,FALSE,Wh,302
142819,15,2025-02-01T07:30:00+08:00,20141720,0,FALSE,Wh,302
142819,15,2025-02-01T07:45:00+08:00,20141774,0,FALSE,Wh,302
142819,15,2025-02-01T08:00:00+08:00,20141859,0,FALSE,Wh,302
142819,15,2025-02-01T08:15:00+08:00,20141926,0,FALSE,Wh,302
142819,15,2025-02-01T08:30:00+08:00,20142501,0,FALSE,Wh,302
142819,15,2025-02-01T08:45:00+08:00,20143033,0,FALSE,Wh,302
142819,15,2025-02-01T09:00:00+08:00,20143096,0,FALSE,Wh,302
142819,15,2025-02-01T09:15:00+08:00,20143202,0,FALSE,Wh,302
142819,15,2025-02-01T09:30:00+08:00,20143559,0,FALSE,Wh,302
142819,15,2025-02-01T09:45:00+08:00,20144512,0,FALSE,Wh,302
142819,15,2025-02-01T10:00:00+08:00,20144991,0,FALSE,Wh,302
142819,15,2025-02-01T10:15:00+08:00,20145042,0,FALSE,Wh,302
142819,15,2025-02-01T10:30:00+08:00,20145099,0,FALSE,Wh,302
142819,15,2025-02-01T10:45:00+08:00,20145147,0,FALSE,Wh,302
142819,15,2025-02-01T11:00:00+08:00,20145263,0,FALSE,Wh,302
142819,15,2025-02-01T11:15:00+08:00,20145314,0,FALSE,Wh,302
142819,15,2025-02-01T11:30:00+08:00,20145558,0,FALSE,Wh,302
142819,15,2025-02-01T11:45:00+08:00,20145949,0,FALSE,Wh,302
142819,15,2025-02-01T12:00:00+08:00,20146276,0,FALSE,Wh,302
142819,15,2025-02-01T12:15:00+08:00,20146347,0,FALSE,Wh,302
142819,15,2025-02-01T12:30:00+08:00,20146422,0,FALSE,Wh,302
142819,15,2025-02-01T12:45:00+08:00,20146478,0,FALSE,Wh,302
142819,15,2025-02-01T13:00:00+08:00,20146698,0,FALSE,Wh,302
142819,15,2025-02-01T13:15:00+08:00,20147294,0,FALSE,Wh,302
142819,15,2025-02-01T13:30:00+08:00,20147898,0,FALSE,Wh,302
142819,15,2025-02-01T13:45:00+08:00,20148506,0,FALSE,Wh,302
142819,15,2025-02-01T14:00:00+08:00,20149099,0,FALSE,Wh,302
142819,15,2025-02-01T14:15:00+08:00,20149099,0,FALSE,Wh,302
142819,15,2025-02-01T14:30:00+08:00,20149099,0,FALSE,Wh,302
142819,15,2025-02-01T14:45:00+08:00,20149099,0,FALSE,Wh,302
142819,15,2025-02-01T15:00:00+08:00,20149099,0,FALSE,Wh,302
142819,15,2025-02-01T15:15:00+08:00,20149099,0,FALSE,Wh,302
142819,15,2025-02-01T15:30:00+08:00,20149099,0,FALSE,Wh,302
142819,15,2025-02-01T15:45:00+08:00,20149099,0,FALSE,Wh,302
142819,15,2025-02-01T16:00:00+08:00,20149099,0,FALSE,Wh,302
142819,15,2025-02-01T16:15:00+08:00,20149099,0,FALSE,Wh,302
142819,15,2025-02-01T16:30:00+08:00,20149099,0,FALSE,Wh,302
142819,15,2025-02-01T16:45:00+08:00,20149099,0,FALSE,Wh,302
142819,15,2025-02-01T17:00:00+08:00,20149099,0,FALSE,Wh,302
142819,15,2025-02-01T17:15:00+08:00,20149099,0,FALSE,Wh,302
142819,15,2025-02-01T17:30:00+08:00,20149099,0,FALSE,Wh,302
142819,15,2025-02-01T17:45:00+08:00,20149099,0,FALSE,Wh,302
142819,15,2025-02-01T18:00:00+08:00,20149099,0,FALSE,Wh,302
142819,15,2025-02-01T18:15:00+08:00,20149099,0,FALSE,Wh,302
142819,15,2025-02-01T18:30:00+08:00,20149099,0,FALSE,Wh,302
142819,15,2025-02-01T18:45:00+08:00,20149099,0,FALSE,Wh,302
142819,15,2025-02-01T19:00:00+08:00,20149099,0,FALSE,Wh,302
142819,15,2025-02-01T19:15:00+08:00,20149099,0,FALSE,Wh,302
142819,15,2025-02-01T19:30:00+08:00,20149099,0,FALSE,Wh,302
142819,15,2025-02-01T19:45:00+08:00,20149099,0,FALSE,Wh,302
142819,15,2025-02-01T20:00:00+08:00,20149099,0,FALSE,Wh,302
142819,15,2025-02-01T20:15:00+08:00,20149099,0,FALSE,Wh,302
142819,15,2025-02-01T20:30:00+08:00,20149099,0,FALSE,Wh,302
142819,15,2025-02-01T20:45:00+08:00,20149099,0,FALSE,Wh,302
142819,15,2025-02-01T21:00:00+08:00,20149099,0,FALSE,Wh,302
142819,15,2025-02-01T21:15:00+08:00,20149099,0,FALSE,Wh,302
142819,15,2025-02-01T21:30:00+08:00,20149099,0,FALSE,Wh,302
142819,15,2025-02-01T21:45:00+08:00,20149099,0,FALSE,Wh,302
142819,15,2025-02-01T22:00:00+08:00,20149099,0,FALSE,Wh,302
142819,15,2025-02-01T22:15:00+08:00,20149099,0,FALSE,Wh,302
142819,15,2025-02-01T22:30:00+08:00,20149099,0,FALSE,Wh,302
142819,15,2025-02-01T22:45:00+08:00,20149099,0,FALSE,Wh,302
142819,15,2025-02-01T23:00:00+08:00,20149099,0,FALSE,Wh,302
142819,15,2025-02-01T23:15:00+08:00,20149099,0,FALSE,Wh,302
142819,15,2025-02-01T23:30:00+08:00,20149099,0,FALSE,Wh,302
142819,15,2025-02-01T23:45:00+08:00,20149099,0,FALSE,Wh,302
142819,15,2025-02-02T00:00:00+08:00,20149099,0,FALSE,Wh,302
142819,15,2025-02-02T00:15:00+08:00,20149099,0,FALSE,Wh,302
142819,15,2025-02-02T00:30:00+08:00,20149099,0,FALSE,Wh,302
142819,15,2025-02-02T00:45:00+08:00,20149099,0,FALSE,Wh,302
142819,15,2025-02-02T01:00:00+08:00,20149099,0,FALSE,Wh,302
142819,15,2025-02-02T01:15:00+08:00,20149099,0,FALSE,Wh,302
142819,15,2025-02-02T01:30:00+08:00,20149099,0,FALSE,Wh,302
142819,15,2025-02-02T01:45:00+08:00,20149099,0,FALSE,Wh,302
142819,15,2025-02-02T02:00:00+08:00,20149099,0,FALSE,Wh,302
142819,15,2025-02-02T02:15:00+08:00,20149099,0,FALSE,Wh,302
142819,15,2025-02-02T02:30:00+08:00,20149099,0,FALSE,Wh,302
142819,15,2025-02-02T02:45:00+08:00,20149099,0,FALSE,Wh,302
142819,15,2025-02-02T03:00:00+08:00,20149099,0,FALSE,Wh,302
142819,15,2025-02-02T03:15:00+08:00,20149099,0,FALSE,Wh,302
142819,15,2025-02-02T03:30:00+08:00,20149099,0,FALSE,Wh,302
142819,15,2025-02-02T03:45:00+08:00,20149099,0,FALSE,Wh,302
142819,15,2025-02-02T04:00:00+08:00,20149099,0,FALSE,Wh,302
142819,15,2025-02-02T04:15:00+08:00,20149099,0,FALSE,Wh,302
142819,15,2025-02-02T04:30:00+08:00,20149099,0,FALSE,Wh,302
142819,15,2025-02-02T04:45:00+08:00,20149099,0,FALSE,Wh,302
142819,15,2025-02-02T05:00:00+08:00,20149099,0,FALSE,Wh,302
142819,15,2025-02-02T05:15:00+08:00,20149099,0,FALSE,Wh,302
142819,15,2025-02-02T05:30:00+08:00,20149099,0,FALSE,Wh,302
142819,15,2025-02-02T05:45:00+08:00,20149099,0,FALSE,Wh,302
142819,15,2025-02-02T06:00:00+08:00,20149099,0,FALSE,Wh,302
142819,15,2025-02-02T06:15:00+08:00,20149099,0,FALSE,Wh,302
142819,15,2025-02-02T06:30:00+08:00,20149099,0,FALSE,Wh,302
142819,15,2025-02-02T06:45:00+08:00,20149099,0,FALSE,Wh,302
142819,15,2025-02-02T07:00:00+08:00,20149099,0,FALSE,Wh,302
142819,15,2025-02-02T07:15:00+08:00,20149099,0,FALSE,Wh,302
142819,15,2025-02-02T07:30:00+08:00,20149099,0,FALSE,Wh,302
142819,15,2025-02-02T07:45:00+08:00,20149099,0,FALSE,Wh,302
142819,15,2025-02-02T08:00:00+08:00,20149099,0,FALSE,Wh,302
142819,15,2025-02-02T08:15:00+08:00,20149099,0,FALSE,Wh,302
142819,15,2025-02-02T08:30:00+08:00,20149099,0,FALSE,Wh,302
142819,15,2025-02-02T08:45:00+08:00,20149099,0,FALSE,Wh,302
142819,15,2025-02-02T09:00:00+08:00,20149099,0,FALSE,Wh,302
142819,15,2025-02-02T09:15:00+08:00,20149099,0,FALSE,Wh,302
142819,15,2025-02-02T09:30:00+08:00,20149099,0,FALSE,Wh,302
142819,15,2025-02-02T09:45:00+08:00,20149099,0,FALSE,Wh,302
142819,15,2025-02-02T10:00:00+08:00,20149099,0,FALSE,Wh,302
142819,15,2025-02-02T10:15:00+08:00,20149099,0,FALSE,Wh,302
142819,15,2025-02-02T10:30:00+08:00,20149099,0,FALSE,Wh,302
142819,15,2025-02-02T10:45:00+08:00,20149099,0,FALSE,Wh,302
142819,15,2025-02-02T11:00:00+08:00,20149099,0,FALSE,Wh,302
142819,15,2025-02-02T11:15:00+08:00,20149099,0,FALSE,Wh,302
142819,15,2025-02-02T11:30:00+08:00,20149099,0,FALSE,Wh,302
142819,15,2025-02-02T11:45:00+08:00,20149099,0,FALSE,Wh,302
142819,15,2025-02-02T12:00:00+08:00,20149099,0,FALSE,Wh,302
142819,15,2025-02-02T12:15:00+08:00,20149099,0,FALSE,Wh,302
142819,15,2025-02-02T12:30:00+08:00,20149099,0,FALSE,Wh,302
142819,15,2025-02-02T12:45:00+08:00,20149099,0,FALSE,Wh,302
142819,15,2025-02-02T13:00:00+08:00,20149099,0,FALSE,Wh,302
142819,15,2025-02-02T13:15:00+08:00,20149099,0,FALSE,Wh,302
142819,15,2025-02-02T13:30:00+08:00,20149099,0,FALSE,Wh,302
142819,15,2025-02-02T13:45:00+08:00,20149099,0,FALSE,Wh,302
142819,15,2025-02-02T14:00:00+08:00,20149099,0,FALSE,Wh,302
142819,15,2025-02-02T14:15:00+08:00,20149099,0,FALSE,Wh,302
142819,15,2025-02-02T14:30:00+08:00,20149099,0,FALSE,Wh,302
142819,15,2025-02-02T14:45:00+08:00,20149099,0,FALSE,Wh,302
142819,15,2025-02-02T15:00:00+08:00,20149099,0,FALSE,Wh,302
142819,15,2025-02-02T15:15:00+08:00,20149099,0,FALSE,Wh,302
142819,15,2025-02-02T15:30:00+08:00,20149099,0,FALSE,Wh,302
142819,15,2025-02-02T15:45:00+08:00,20149099,0,FALSE,Wh,302
142819,15,2025-02-02T16:00:00+08:00,20149099,0,FALSE,Wh,302
142819,15,2025-02-02T16:15:00+08:00,20149099,0,FALSE,Wh,302
142819,15,2025-02-02T16:30:00+08:00,20149099,0,FALSE,Wh,302
142819,15,2025-02-02T16:45:00+08:00,20149099,0,FALSE,Wh,302
142819,15,2025-02-02T17:00:00+08:00,20149099,0,FALSE,Wh,302
142819,15,2025-02-02T17:15:00+08:00,20149099,0,FALSE,Wh,302
142819,15,2025-02-02T17:30:00+08:00,20149099,0,FALSE,Wh,302
142819,15,2025-02-02T17:45:00+08:00,20149099,0,FALSE,Wh,302
142819,15,2025-02-02T18:00:00+08:00,20149099,0,FALSE,Wh,302
142819,15,2025-02-02T18:15:00+08:00,20149099,0,FALSE,Wh,302
142819,15,2025-02-02T18:30:00+08:00,20149099,0,FALSE,Wh,302
142819,15,2025-02-02T18:45:00+08:00,20149099,0,FALSE,Wh,302
142819,15,2025-02-02T19:00:00+08:00,20149099,0,FALSE,Wh,302
142819,15,2025-02-02T19:15:00+08:00,20149099,0,FALSE,Wh,302
142819,15,2025-02-02T19:30:00+08:00,20149099,0,FALSE,Wh,302
142819,15,2025-02-02T19:45:00+08:00,20149099,0,FALSE,Wh,302
142819,15,2025-02-02T20:00:00+08:00,20149099,0,FALSE,Wh,302
142819,15,2025-02-02T20:15:00+08:00,20149099,0,FALSE,Wh,302
142819,15,2025-02-02T20:30:00+08:00,20149099,0,FALSE,Wh,302
142819,15,2025-02-02T20:45:00+08:00,20149099,0,FALSE,Wh,302
142819,15,2025-02-02T21:00:00+08:00,20149099,0,FALSE,Wh,302
142819,15,2025-02-02T21:15:00+08:00,20149099,0,FALSE,Wh,302
142819,15,2025-02-02T21:30:00+08:00,20149099,0,FALSE,Wh,302
142819,15,2025-02-02T21:45:00+08:00,20149099,0,FALSE,Wh,302
142819,15,2025-02-02T22:00:00+08:00,20149099,0,FALSE,Wh,302
142819,15,2025-02-02T22:15:00+08:00,20149099,0,FALSE,Wh,302
142819,15,2025-02-02T22:30:00+08:00,20149099,0,FALSE,Wh,302
142819,15,2025-02-02T22:45:00+08:00,20149099,0,FALSE,Wh,302
142819,15,2025-02-02T23:00:00+08:00,20149099,0,FALSE,Wh,302
142819,15,2025-02-02T23:15:00+08:00,20149099,0,FALSE,Wh,302
142819,15,2025-02-02T23:30:00+08:00,20149099,0,FALSE,Wh,302
142819,15,2025-02-02T23:45:00+08:00,20149099,0,FALSE,Wh,302
142819,15,2025-02-03T00:00:00+08:00,20149099,0,FALSE,Wh,302
142819,15,2025-02-03T00:15:00+08:00,20149099,0,FALSE,Wh,302
142819,15,2025-02-03T00:30:00+08:00,20149099,0,FALSE,Wh,302
142819,15,2025-02-03T00:45:00+08:00,20149099,0,FALSE,Wh,302
142819,15,2025-02-03T01:00:00+08:00,20149099,0,FALSE,Wh,302
142819,15,2025-02-03T01:15:00+08:00,20149099,0,FALSE,Wh,302
142819,15,2025-02-03T01:30:00+08:00,20149099,0,FALSE,Wh,302
142819,15,2025-02-03T01:45:00+08:00,20149099,0,FALSE,Wh,302
142819,15,2025-02-03T02:00:00+08:00,20149099,0,FALSE,Wh,302
142819,15,2025-02-03T02:15:00+08:00,20149099,0,FALSE,Wh,302
142819,15,2025-02-03T02:30:00+08:00,20149099,0,FALSE,Wh,302
142819,15,2025-02-03T02:45:00+08:00,20149099,0,FALSE,Wh,302
142819,15,2025-02-03T03:00:00+08:00,20149099,0,FALSE,Wh,302
142819,15,2025-02-03T03:15:00+08:00,20149099,0,FALSE,Wh,302
142819,15,2025-02-03T03:30:00+08:00,20149099,0,FALSE,Wh,302
142819,15,2025-02-03T03:45:00+08:00,20149099,0,FALSE,Wh,302
142819,15,2025-02-03T04:00:00+08:00,20149099,0,FALSE,Wh,302
142819,15,2025-02-03T04:15:00+08:00,20149099,0,FALSE,Wh,302
142819,15,2025-02-03T04:30:00+08:00,20149099,0,FALSE,Wh,302
142819,15,2025-02-03T04:45:00+08:00,20149099,0,FALSE,Wh,302
142819,15,2025-02-03T05:00:00+08:00,20149099,0,FALSE,Wh,302
142819,15,2025-02-03T05:15:00+08:00,20149099,0,FALSE,Wh,302
142819,15,2025-02-03T05:30:00+08:00,20149099,0,FALSE,Wh,302
142819,15,2025-02-03T05:45:00+08:00,20149099,0,FALSE,Wh,302
142819,15,2025-02-03T06:00:00+08:00,20149099,0,FALSE,Wh,302
142819,15,2025-02-03T06:15:00+08:00,20149099,0,FALSE,Wh,302
142819,15,2025-02-03T06:30:00+08:00,20149099,0,FALSE,Wh,302
142819,15,2025-02-03T06:45:00+08:00,20149099,0,FALSE,Wh,302
142819,15,2025-02-03T07:00:00+08:00,20149099,0,FALSE,Wh,302
142819,15,2025-02-03T07:15:00+08:00,20149099,0,FALSE,Wh,302
142819,15,2025-02-03T07:30:00+08:00,20149099,0,FALSE,Wh,302
142819,15,2025-02-03T07:45:00+08:00,20149099,0,FALSE,Wh,302
142819,15,2025-02-03T08:00:00+08:00,20149099,0,FALSE,Wh,302
142819,15,2025-02-03T08:15:00+08:00,20149099,0,FALSE,Wh,302
142819,15,2025-02-03T08:30:00+08:00,20149099,0,FALSE,Wh,302
142819,15,2025-02-03T08:45:00+08:00,20149099,0,FALSE,Wh,302
142819,15,2025-02-03T09:00:00+08:00,20149099,0,FALSE,Wh,302
142819,15,2025-02-03T09:15:00+08:00,20149099,0,FALSE,Wh,302
142819,15,2025-02-03T09:30:00+08:00,20149099,0,FALSE,Wh,302
142819,15,2025-02-03T09:45:00+08:00,20149099,0,FALSE,Wh,302
142819,15,2025-02-03T10:00:00+08:00,20149099,0,FALSE,Wh,302
142819,15,2025-02-03T10:15:00+08:00,20149099,0,FALSE,Wh,302
142819,15,2025-02-03T10:30:00+08:00,20149099,0,FALSE,Wh,302
142819,15,2025-02-03T10:45:00+08:00,20149099,0,FALSE,Wh,302
142819,15,2025-02-03T11:00:00+08:00,20149099,0,FALSE,Wh,302
142819,15,2025-02-03T11:15:00+08:00,20149099,0,FALSE,Wh,302
142819,15,2025-02-03T11:30:00+08:00,20149099,0,FALSE,Wh,302
142819,15,2025-02-03T11:45:00+08:00,20149099,0,FALSE,Wh,302
142819,15,2025-02-03T12:00:00+08:00,20149099,0,FALSE,Wh,302
142819,15,2025-02-03T12:15:00+08:00,20149099,0,FALSE,Wh,302
142819,15,2025-02-03T12:30:00+08:00,20149099,0,FALSE,Wh,302
142819,15,2025-02-03T12:45:00+08:00,20149099,0,FALSE,Wh,302
142819,15,2025-02-03T13:00:00+08:00,20149099,0,FALSE,Wh,302
142819,15,2025-02-03T13:15:00+08:00,20149099,0,FALSE,Wh,302
142819,15,2025-02-03T13:30:00+08:00,20149099,0,FALSE,Wh,302
142819,15,2025-02-03T13:45:00+08:00,20149099,0,FALSE,Wh,302
142819,15,2025-02-03T14:00:00+08:00,20149099,0,FALSE,Wh,302
142819,15,2025-02-03T14:15:00+08:00,20149099,0,FALSE,Wh,302
142819,15,2025-02-03T14:30:00+08:00,20149099,0,FALSE,Wh,302
142819,15,2025-02-03T14:45:00+08:00,20149099,0,FALSE,Wh,302
142819,15,2025-02-03T15:00:00+08:00,20149099,0,FALSE,Wh,302
142819,15,2025-02-03T15:15:00+08:00,20149099,0,FALSE,Wh,302
142819,15,2025-02-03T15:30:00+08:00,20149099,0,FALSE,Wh,302
142819,15,2025-02-03T15:45:00+08:00,20149099,0,FALSE,Wh,302
142819,15,2025-02-03T16:00:00+08:00,20149099,0,FALSE,Wh,302
142819,15,2025-02-03T16:15:00+08:00,20149099,0,FALSE,Wh,302
142819,15,2025-02-03T16:30:00+08:00,20149099,0,FALSE,Wh,302
142819,15,2025-02-03T16:45:00+08:00,20149099,0,FALSE,Wh,302
142819,15,2025-02-03T17:00:00+08:00,20149099,0,FALSE,Wh,302
142819,15,2025-02-03T17:15:00+08:00,20149099,0,FALSE,Wh,302
142819,15,2025-02-03T17:30:00+08:00,20149099,0,FALSE,Wh,302
142819,15,2025-02-03T17:45:00+08:00,20149099,0,FALSE,Wh,302
142819,15,2025-02-03T18:00:00+08:00,20149099,0,FALSE,Wh,302
142819,15,2025-02-03T18:15:00+08:00,20149099,0,FALSE,Wh,302
142819,15,2025-02-03T18:30:00+08:00,20149099,0,FALSE,Wh,302
142819,15,2025-02-03T18:45:00+08:00,20149099,0,FALSE,Wh,302
142819,15,2025-02-03T19:00:00+08:00,20149099,0,FALSE,Wh,302
142819,15,2025-02-03T19:15:00+08:00,20149099,0,FALSE,Wh,302
142819,15,2025-02-03T19:30:00+08:00,20149099,0,FALSE,Wh,302
142819,15,2025-02-03T19:45:00+08:00,20149099,0,FALSE,Wh,302
142819,15,2025-02-03T20:00:00+08:00,20149099,0,FALSE,Wh,302
142819,15,2025-02-03T20:15:00+08:00,20149099,0,FALSE,Wh,302
142819,15,2025-02-03T20:30:00+08:00,20149099,0,FALSE,Wh,302
142819,15,2025-02-03T20:45:00+08:00,20149099,0,FALSE,Wh,302
142819,15,2025-02-03T21:00:00+08:00,20149099,0,FALSE,Wh,302
142819,15,2025-02-03T21:15:00+08:00,20149099,0,FALSE,Wh,302
142819,15,2025-02-03T21:30:00+08:00,20149099,0,FALSE,Wh,302
142819,15,2025-02-03T21:45:00+08:00,20149099,0,FALSE,Wh,302
142819,15,2025-02-03T22:00:00+08:00,20149099,0,FALSE,Wh,302
142819,15,2025-02-03T22:15:00+08:00,20149099,0,FALSE,Wh,302
142819,15,2025-02-03T22:30:00+08:00,20149099,0,FALSE,Wh,302
142819,15,2025-02-03T22:45:00+08:00,20149099,0,FALSE,Wh,302
142819,15,2025-02-03T23:00:00+08:00,20149099,0,FALSE,Wh,302
142819,15,2025-02-03T23:15:00+08:00,20149099,0,FALSE,Wh,302
142819,15,2025-02-03T23:30:00+08:00,20149099,0,FALSE,Wh,302
142819,15,2025-02-03T23:45:00+08:00,20149099,0,FALSE,Wh,302
142819,15,2025-02-04T00:00:00+08:00,20149099,0,FALSE,Wh,302
142819,15,2025-02-04T00:15:00+08:00,20149099,0,FALSE,Wh,302
142819,15,2025-02-04T00:30:00+08:00,20149099,0,FALSE,Wh,302
142819,15,2025-02-04T00:45:00+08:00,20149099,0,FALSE,Wh,302
142819,15,2025-02-04T01:00:00+08:00,20149099,0,FALSE,Wh,302
142819,15,2025-02-04T01:15:00+08:00,20149099,0,FALSE,Wh,302
142819,15,2025-02-04T01:30:00+08:00,20149099,0,FALSE,Wh,302
142819,15,2025-02-04T01:45:00+08:00,20149099,0,FALSE,Wh,302
142819,15,2025-02-04T02:00:00+08:00,20149099,0,FALSE,Wh,302
142819,15,2025-02-04T02:15:00+08:00,20149099,0,FALSE,Wh,302
142819,15,2025-02-04T02:30:00+08:00,20149099,0,FALSE,Wh,302
142819,15,2025-02-04T02:45:00+08:00,20149099,0,FALSE,Wh,302
142819,15,2025-02-04T03:00:00+08:00,20149099,0,FALSE,Wh,302
142819,15,2025-02-04T03:15:00+08:00,20149099,0,FALSE,Wh,302
142819,15,2025-02-04T03:30:00+08:00,20149099,0,FALSE,Wh,302
142819,15,2025-02-04T03:45:00+08:00,20149099,0,FALSE,Wh,302
142819,15,2025-02-04T04:00:00+08:00,20149099,0,FALSE,Wh,302
142819,15,2025-02-04T04:15:00+08:00,20149099,0,FALSE,Wh,302
142819,15,2025-02-04T04:30:00+08:00,20149099,0,FALSE,Wh,302
142819,15,2025-02-04T04:45:00+08:00,20149099,0,FALSE,Wh,302
142819,15,2025-02-04T05:00:00+08:00,20149099,0,FALSE,Wh,302
142819,15,2025-02-04T05:15:00+08:00,20149099,0,FALSE,Wh,302
142819,15,2025-02-04T05:30:00+08:00,20149099,0,FALSE,Wh,302
142819,15,2025-02-04T05:45:00+08:00,20149099,0,FALSE,Wh,302
142819,15,2025-02-04T06:00:00+08:00,20149099,0,FALSE,Wh,302
142819,15,2025-02-04T06:15:00+08:00,20149099,0,FALSE,Wh,302
142819,15,2025-02-04T06:30:00+08:00,20149099,0,FALSE,Wh,302
142819,15,2025-02-04T06:45:00+08:00,20149099,0,FALSE,Wh,302
142819,15,2025-02-04T07:00:00+08:00,20149099,0,FALSE,Wh,302
142819,15,2025-02-04T07:15:00+08:00,20149099,0,FALSE,Wh,302
142819,15,2025-02-04T07:30:00+08:00,20149099,0,FALSE,Wh,302
142819,15,2025-02-04T07:45:00+08:00,20149099,0,FALSE,Wh,302
142819,15,2025-02-04T08:00:00+08:00,20149099,0,FALSE,Wh,302
142819,15,2025-02-04T08:15:00+08:00,20149099,0,FALSE,Wh,302
142819,15,2025-02-04T08:30:00+08:00,20149099,0,FALSE,Wh,302
142819,15,2025-02-04T08:45:00+08:00,20149099,0,FALSE,Wh,302
142819,15,2025-02-04T09:00:00+08:00,20149099,0,FALSE,Wh,302
142819,15,2025-02-04T09:15:00+08:00,20149099,0,FALSE,Wh,302
142819,15,2025-02-04T09:30:00+08:00,20149099,0,FALSE,Wh,302
142819,15,2025-02-04T09:45:00+08:00,20149099,0,FALSE,Wh,302
142819,15,2025-02-04T10:00:00+08:00,20149099,0,FALSE,Wh,302
142819,15,2025-02-04T10:15:00+08:00,20149099,0,FALSE,Wh,302
142819,15,2025-02-04T10:30:00+08:00,20149099,0,FALSE,Wh,302
142819,15,2025-02-04T10:45:00+08:00,20149099,0,FALSE,Wh,302
142819,15,2025-02-04T11:00:00+08:00,20149099,0,FALSE,Wh,302
142819,15,2025-02-04T11:15:00+08:00,20149099,0,FALSE,Wh,302
142819,15,2025-02-04T11:30:00+08:00,20149099,0,FALSE,Wh,302
142819,15,2025-02-04T11:45:00+08:00,20149099,0,FALSE,Wh,302
142819,15,2025-02-04T12:00:00+08:00,20149099,0,FALSE,Wh,302
142819,15,2025-02-04T12:15:00+08:00,20149099,0,FALSE,Wh,302
142819,15,2025-02-04T12:30:00+08:00,20149099,0,FALSE,Wh,302
142819,15,2025-02-04T12:45:00+08:00,20149099,0,FALSE,Wh,302
142819,15,2025-02-04T13:00:00+08:00,20149099,0,FALSE,Wh,302
142819,15,2025-02-04T13:15:00+08:00,20149099,0,FALSE,Wh,302
142819,15,2025-02-04T13:30:00+08:00,20149099,0,FALSE,Wh,302
142819,15,2025-02-04T13:45:00+08:00,20149099,0,FALSE,Wh,302
142819,15,2025-02-04T14:00:00+08:00,20149099,0,FALSE,Wh,302
142819,15,2025-02-04T14:15:00+08:00,20149099,0,FALSE,Wh,302
142819,15,2025-02-04T14:30:00+08:00,20149099,0,FALSE,Wh,302
142819,15,2025-02-04T14:45:00+08:00,20149099,0,FALSE,Wh,302
142819,15,2025-02-04T15:00:00+08:00,20149099,0,FALSE,Wh,302
142819,15,2025-02-04T15:15:00+08:00,20149099,0,FALSE,Wh,302
142819,15,2025-02-04T15:30:00+08:00,20149099,0,FALSE,Wh,302
142819,15,2025-02-04T15:45:00+08:00,20149099,0,FALSE,Wh,302
142819,15,2025-02-04T16:00:00+08:00,20149099,0,FALSE,Wh,302
142819,15,2025-02-04T16:15:00+08:00,20149099,0,FALSE,Wh,302
142819,15,2025-02-04T16:30:00+08:00,20149099,0,FALSE,Wh,302
142819,15,2025-02-04T16:45:00+08:00,20149099,0,FALSE,Wh,302
142819,15,2025-02-04T17:00:00+08:00,20149099,0,FALSE,Wh,302
142819,15,2025-02-04T17:15:00+08:00,20149099,0,FALSE,Wh,302
142819,15,2025-02-04T17:30:00+08:00,20149099,0,FALSE,Wh,302
142819,15,2025-02-04T17:45:00+08:00,20149099,0,FALSE,Wh,302
142819,15,2025-02-04T18:00:00+08:00,20149099,0,FALSE,Wh,302
142819,15,2025-02-04T18:15:00+08:00,20149099,0,FALSE,Wh,302
142819,15,2025-02-04T18:30:00+08:00,20149099,0,FALSE,Wh,302
142819,15,2025-02-04T18:45:00+08:00,20149099,0,FALSE,Wh,302
142819,15,2025-02-04T19:00:00+08:00,20149099,0,FALSE,Wh,302
142819,15,2025-02-04T19:15:00+08:00,20149099,0,FALSE,Wh,302
142819,15,2025-02-04T19:30:00+08:00,20149099,0,FALSE,Wh,302
142819,15,2025-02-04T19:45:00+08:00,20149099,0,FALSE,Wh,302
142819,15,2025-02-04T20:00:00+08:00,20149099,0,FALSE,Wh,302
142819,15,2025-02-04T20:15:00+08:00,20149099,0,FALSE,Wh,302
142819,15,2025-02-04T20:30:00+08:00,20149099,0,FALSE,Wh,302
142819,15,2025-02-04T20:45:00+08:00,20149099,0,FALSE,Wh,302
142819,15,2025-02-04T21:00:00+08:00,20149099,0,FALSE,Wh,302
142819,15,2025-02-04T21:15:00+08:00,20149099,0,FALSE,Wh,302
142819,15,2025-02-04T21:30:00+08:00,20149099,0,FALSE,Wh,302
142819,15,2025-02-04T21:45:00+08:00,20149099,0,FALSE,Wh,302
142819,15,2025-02-04T22:00:00+08:00,20149099,0,FALSE,Wh,302
142819,15,2025-02-04T22:15:00+08:00,20149099,0,FALSE,Wh,302
142819,15,2025-02-04T22:30:00+08:00,20149099,0,FALSE,Wh,302
142819,15,2025-02-04T22:45:00+08:00,20149099,0,FALSE,Wh,302
142819,15,2025-02-04T23:00:00+08:00,20149099,0,FALSE,Wh,302
142819,15,2025-02-04T23:15:00+08:00,20149099,0,FALSE,Wh,302
142819,15,2025-02-04T23:30:00+08:00,20149099,0,FALSE,Wh,302
142819,15,2025-02-04T23:45:00+08:00,20149099,0,FALSE,Wh,302
142819,15,2025-02-05T00:00:00+08:00,20149099,0,FALSE,Wh,302
142820,15,2025-01-29T00:15:00+08:00,16818486,0,FALSE,Wh,303
142820,15,2025-01-29T00:30:00+08:00,16818498,0,FALSE,Wh,303
142820,15,2025-01-29T00:45:00+08:00,16818504,0,FALSE,Wh,303
142820,15,2025-01-29T01:00:00+08:00,16818517,0,FALSE,Wh,303
142820,15,2025-01-29T01:15:00+08:00,16818522,0,FALSE,Wh,303
142820,15,2025-01-29T01:30:00+08:00,16818535,0,FALSE,Wh,303
142820,15,2025-01-29T01:45:00+08:00,16818547,0,FALSE,Wh,303
142820,15,2025-01-29T02:00:00+08:00,16818550,0,FALSE,Wh,303
142820,15,2025-01-29T02:15:00+08:00,16818562,0,FALSE,Wh,303
142820,15,2025-01-29T02:30:00+08:00,16818569,0,FALSE,Wh,303
142820,15,2025-01-29T02:45:00+08:00,16818580,0,FALSE,Wh,303
142820,15,2025-01-29T03:00:00+08:00,16818587,0,FALSE,Wh,303
142820,15,2025-01-29T03:15:00+08:00,16818598,0,FALSE,Wh,303
142820,15,2025-01-29T03:30:00+08:00,16818605,0,FALSE,Wh,303
142820,15,2025-01-29T03:45:00+08:00,16818617,0,FALSE,Wh,303
142820,15,2025-01-29T04:00:00+08:00,16818629,0,FALSE,Wh,303
142820,15,2025-01-29T04:15:00+08:00,16818634,0,FALSE,Wh,303
142820,15,2025-01-29T04:30:00+08:00,16818643,0,FALSE,Wh,303
142820,15,2025-01-29T04:45:00+08:00,16818652,0,FALSE,Wh,303
142820,15,2025-01-29T05:00:00+08:00,16818661,0,FALSE,Wh,303
142820,15,2025-01-29T05:15:00+08:00,16818670,0,FALSE,Wh,303
142820,15,2025-01-29T05:30:00+08:00,16818679,0,FALSE,Wh,303
142820,15,2025-01-29T05:45:00+08:00,16818687,0,FALSE,Wh,303
142820,15,2025-01-29T06:00:00+08:00,16818697,0,FALSE,Wh,303
142820,15,2025-01-29T06:15:00+08:00,16818704,0,FALSE,Wh,303
142820,15,2025-01-29T06:30:00+08:00,16818715,0,FALSE,Wh,303
142820,15,2025-01-29T06:45:00+08:00,16818721,0,FALSE,Wh,303
142820,15,2025-01-29T07:00:00+08:00,16818733,0,FALSE,Wh,303
142820,15,2025-01-29T07:15:00+08:00,16818739,0,FALSE,Wh,303
142820,15,2025-01-29T07:30:00+08:00,16818751,0,FALSE,Wh,303
142820,15,2025-01-29T07:45:00+08:00,16818757,0,FALSE,Wh,303
142820,15,2025-01-29T08:00:00+08:00,16819224,0,FALSE,Wh,303
142820,15,2025-01-29T08:15:00+08:00,16819229,0,FALSE,Wh,303
142820,15,2025-01-29T08:30:00+08:00,16819242,0,FALSE,Wh,303
142820,15,2025-01-29T08:45:00+08:00,16819248,0,FALSE,Wh,303
142820,15,2025-01-29T09:00:00+08:00,16819260,0,FALSE,Wh,303
142820,15,2025-01-29T09:15:00+08:00,16819266,0,FALSE,Wh,303
142820,15,2025-01-29T09:30:00+08:00,16819277,0,FALSE,Wh,303
142820,15,2025-01-29T09:45:00+08:00,16819284,0,FALSE,Wh,303
142820,15,2025-01-29T10:00:00+08:00,16819295,0,FALSE,Wh,303
142820,15,2025-01-29T10:15:00+08:00,16819302,0,FALSE,Wh,303
142820,15,2025-01-29T10:30:00+08:00,16819312,0,FALSE,Wh,303
142820,15,2025-01-29T10:45:00+08:00,16819321,0,FALSE,Wh,303
142820,15,2025-01-29T11:00:00+08:00,16819329,0,FALSE,Wh,303
142820,15,2025-01-29T11:15:00+08:00,16819339,0,FALSE,Wh,303
142820,15,2025-01-29T11:30:00+08:00,16819347,0,FALSE,Wh,303
142820,15,2025-01-29T11:45:00+08:00,16819357,0,FALSE,Wh,303
142820,15,2025-01-29T12:00:00+08:00,16819364,0,FALSE,Wh,303
142820,15,2025-01-29T12:15:00+08:00,16819375,0,FALSE,Wh,303
142820,15,2025-01-29T12:30:00+08:00,16819382,0,FALSE,Wh,303
142820,15,2025-01-29T12:45:00+08:00,16819393,0,FALSE,Wh,303
142820,15,2025-01-29T13:00:00+08:00,16819405,0,FALSE,Wh,303
142820,15,2025-01-29T13:15:00+08:00,16819411,0,FALSE,Wh,303
142820,15,2025-01-29T13:30:00+08:00,16819420,0,FALSE,Wh,303
142820,15,2025-01-29T13:45:00+08:00,16819430,0,FALSE,Wh,303
142820,15,2025-01-29T14:00:00+08:00,16819438,0,FALSE,Wh,303
142820,15,2025-01-29T14:15:00+08:00,16819448,0,FALSE,Wh,303
142820,15,2025-01-29T14:30:00+08:00,16819456,0,FALSE,Wh,303
142820,15,2025-01-29T14:45:00+08:00,16819469,0,FALSE,Wh,303
142820,15,2025-01-29T15:00:00+08:00,16819478,0,FALSE,Wh,303
142820,15,2025-01-29T15:15:00+08:00,16819484,0,FALSE,Wh,303
142820,15,2025-01-29T15:30:00+08:00,16819497,0,FALSE,Wh,303
142820,15,2025-01-29T15:45:00+08:00,16819503,0,FALSE,Wh,303
142820,15,2025-01-29T16:00:00+08:00,16819516,0,FALSE,Wh,303
142820,15,2025-01-29T16:15:00+08:00,16819524,0,FALSE,Wh,303
142820,15,2025-01-29T16:30:00+08:00,16819531,0,FALSE,Wh,303
142820,15,2025-01-29T16:45:00+08:00,16819544,0,FALSE,Wh,303
142820,15,2025-01-29T17:00:00+08:00,16819556,0,FALSE,Wh,303
142820,15,2025-01-29T17:15:00+08:00,16819563,0,FALSE,Wh,303
142820,15,2025-01-29T17:30:00+08:00,16819571,0,FALSE,Wh,303
142820,15,2025-01-29T17:45:00+08:00,16819584,0,FALSE,Wh,303
142820,15,2025-01-29T18:00:00+08:00,16819597,0,FALSE,Wh,303
142820,15,2025-01-29T18:15:00+08:00,16819600,0,FALSE,Wh,303
142820,15,2025-01-29T18:30:00+08:00,16819613,0,FALSE,Wh,303
142820,15,2025-01-29T18:45:00+08:00,16819626,0,FALSE,Wh,303
142820,15,2025-01-29T19:00:00+08:00,16819635,0,FALSE,Wh,303
142820,15,2025-01-29T19:15:00+08:00,16820071,0,FALSE,Wh,303
142820,15,2025-01-29T19:30:00+08:00,16820109,0,FALSE,Wh,303
142820,15,2025-01-29T19:45:00+08:00,16820122,0,FALSE,Wh,303
142820,15,2025-01-29T20:00:00+08:00,16820125,0,FALSE,Wh,303
142820,15,2025-01-29T20:15:00+08:00,16820138,0,FALSE,Wh,303
142820,15,2025-01-29T20:30:00+08:00,16820151,0,FALSE,Wh,303
142820,15,2025-01-29T20:45:00+08:00,16820161,0,FALSE,Wh,303
142820,15,2025-01-29T21:00:00+08:00,16820168,0,FALSE,Wh,303
142820,15,2025-01-29T21:15:00+08:00,16820181,0,FALSE,Wh,303
142820,15,2025-01-29T21:30:00+08:00,16820194,0,FALSE,Wh,303
142820,15,2025-01-29T21:45:00+08:00,16820198,0,FALSE,Wh,303
142820,15,2025-01-29T22:00:00+08:00,16820211,0,FALSE,Wh,303
142820,15,2025-01-29T22:15:00+08:00,16820223,0,FALSE,Wh,303
142820,15,2025-01-29T22:30:00+08:00,16820233,0,FALSE,Wh,303
142820,15,2025-01-29T22:45:00+08:00,16820240,0,FALSE,Wh,303
142820,15,2025-01-29T23:00:00+08:00,16820253,0,FALSE,Wh,303
142820,15,2025-01-29T23:15:00+08:00,16820266,0,FALSE,Wh,303
142820,15,2025-01-29T23:30:00+08:00,16820270,0,FALSE,Wh,303
142820,15,2025-01-29T23:45:00+08:00,16820283,0,FALSE,Wh,303
142820,15,2025-01-30T00:00:00+08:00,16820295,0,FALSE,Wh,303
142820,15,2025-01-30T00:15:00+08:00,16820304,0,FALSE,Wh,303
142820,15,2025-01-30T00:30:00+08:00,16820312,0,FALSE,Wh,303
142820,15,2025-01-30T00:45:00+08:00,16820325,0,FALSE,Wh,303
142820,15,2025-01-30T01:00:00+08:00,16820338,0,FALSE,Wh,303
142820,15,2025-01-30T01:15:00+08:00,16820341,0,FALSE,Wh,303
142820,15,2025-01-30T01:30:00+08:00,16820354,0,FALSE,Wh,303
142820,15,2025-01-30T01:45:00+08:00,16820367,0,FALSE,Wh,303
142820,15,2025-01-30T02:00:00+08:00,16820374,0,FALSE,Wh,303
142820,15,2025-01-30T02:15:00+08:00,16820383,0,FALSE,Wh,303
142820,15,2025-01-30T02:30:00+08:00,16820396,0,FALSE,Wh,303
142820,15,2025-01-30T02:45:00+08:00,16820409,0,FALSE,Wh,303
142820,15,2025-01-30T03:00:00+08:00,16820412,0,FALSE,Wh,303
142820,15,2025-01-30T03:15:00+08:00,16820425,0,FALSE,Wh,303
142820,15,2025-01-30T03:30:00+08:00,16820437,0,FALSE,Wh,303
142820,15,2025-01-30T03:45:00+08:00,16820443,0,FALSE,Wh,303
142820,15,2025-01-30T04:00:00+08:00,16820453,0,FALSE,Wh,303
142820,15,2025-01-30T04:15:00+08:00,16820466,0,FALSE,Wh,303
142820,15,2025-01-30T04:30:00+08:00,16820477,0,FALSE,Wh,303
142820,15,2025-01-30T04:45:00+08:00,16820482,0,FALSE,Wh,303
142820,15,2025-01-30T05:00:00+08:00,16820495,0,FALSE,Wh,303
142820,15,2025-01-30T05:15:00+08:00,16820507,0,FALSE,Wh,303
142820,15,2025-01-30T05:30:00+08:00,16820511,0,FALSE,Wh,303
142820,15,2025-01-30T05:45:00+08:00,16820523,0,FALSE,Wh,303
142820,15,2025-01-30T06:00:00+08:00,16820536,0,FALSE,Wh,303
142820,15,2025-01-30T06:15:00+08:00,16820544,0,FALSE,Wh,303
142820,15,2025-01-30T06:30:00+08:00,16820551,0,FALSE,Wh,303
142820,15,2025-01-30T06:45:00+08:00,16820564,0,FALSE,Wh,303
142820,15,2025-01-30T07:00:00+08:00,16820576,0,FALSE,Wh,303
142820,15,2025-01-30T07:15:00+08:00,16820982,0,FALSE,Wh,303
142820,15,2025-01-30T07:30:00+08:00,16821046,0,FALSE,Wh,303
142820,15,2025-01-30T07:45:00+08:00,16821054,0,FALSE,Wh,303
142820,15,2025-01-30T08:00:00+08:00,16821065,0,FALSE,Wh,303
142820,15,2025-01-30T08:15:00+08:00,16821077,0,FALSE,Wh,303
142820,15,2025-01-30T08:30:00+08:00,16821085,0,FALSE,Wh,303
142820,15,2025-01-30T08:45:00+08:00,16821093,0,FALSE,Wh,303
142820,15,2025-01-30T09:00:00+08:00,16821106,0,FALSE,Wh,303
142820,15,2025-01-30T09:15:00+08:00,16821118,0,FALSE,Wh,303
142820,15,2025-01-30T09:30:00+08:00,16821122,0,FALSE,Wh,303
142820,15,2025-01-30T09:45:00+08:00,16821135,0,FALSE,Wh,303
142820,15,2025-01-30T10:00:00+08:00,16821147,0,FALSE,Wh,303
142820,15,2025-01-30T10:15:00+08:00,16821152,0,FALSE,Wh,303
142820,15,2025-01-30T10:30:00+08:00,16821163,0,FALSE,Wh,303
142820,15,2025-01-30T10:45:00+08:00,16821176,0,FALSE,Wh,303
142820,15,2025-01-30T11:00:00+08:00,16821186,0,FALSE,Wh,303
142820,15,2025-01-30T11:15:00+08:00,16821191,0,FALSE,Wh,303
142820,15,2025-01-30T11:30:00+08:00,16821204,0,FALSE,Wh,303
142820,15,2025-01-30T11:45:00+08:00,16821217,0,FALSE,Wh,303
142820,15,2025-01-30T12:00:00+08:00,16821224,0,FALSE,Wh,303
142820,15,2025-01-30T12:15:00+08:00,16821232,0,FALSE,Wh,303
142820,15,2025-01-30T12:30:00+08:00,16821245,0,FALSE,Wh,303
142820,15,2025-01-30T12:45:00+08:00,16821255,0,FALSE,Wh,303
142820,15,2025-01-30T13:00:00+08:00,16821257,0,FALSE,Wh,303
142820,15,2025-01-30T13:15:00+08:00,16821275,0,FALSE,Wh,303
142820,15,2025-01-30T13:30:00+08:00,16821287,0,FALSE,Wh,303
142820,15,2025-01-30T13:45:00+08:00,16821291,0,FALSE,Wh,303
142820,15,2025-01-30T14:00:00+08:00,16821304,0,FALSE,Wh,303
142820,15,2025-01-30T14:15:00+08:00,16821316,0,FALSE,Wh,303
142820,15,2025-01-30T14:30:00+08:00,16821325,0,FALSE,Wh,303
142820,15,2025-01-30T14:45:00+08:00,16821333,0,FALSE,Wh,303
142820,15,2025-01-30T15:00:00+08:00,16821346,0,FALSE,Wh,303
142820,15,2025-01-30T15:15:00+08:00,16821359,0,FALSE,Wh,303
142820,15,2025-01-30T15:30:00+08:00,16821363,0,FALSE,Wh,303
142820,15,2025-01-30T15:45:00+08:00,16821376,0,FALSE,Wh,303
142820,15,2025-01-30T16:00:00+08:00,16821389,0,FALSE,Wh,303
142820,15,2025-01-30T16:15:00+08:00,16821399,0,FALSE,Wh,303
142820,15,2025-01-30T16:30:00+08:00,16821406,0,FALSE,Wh,303
142820,15,2025-01-30T16:45:00+08:00,16821420,0,FALSE,Wh,303
142820,15,2025-01-30T17:00:00+08:00,16821433,0,FALSE,Wh,303
142820,15,2025-01-30T17:15:00+08:00,16821437,0,FALSE,Wh,303
142820,15,2025-01-30T17:30:00+08:00,16821450,0,FALSE,Wh,303
142820,15,2025-01-30T17:45:00+08:00,16821463,0,FALSE,Wh,303
142820,15,2025-01-30T18:00:00+08:00,16821474,0,FALSE,Wh,303
142820,15,2025-01-30T18:15:00+08:00,16821481,0,FALSE,Wh,303
142820,15,2025-01-30T18:30:00+08:00,16821495,0,FALSE,Wh,303
142820,15,2025-01-30T18:45:00+08:00,16821508,0,FALSE,Wh,303
142820,15,2025-01-30T19:00:00+08:00,16821515,0,FALSE,Wh,303
142820,15,2025-01-30T19:15:00+08:00,16821526,0,FALSE,Wh,303
142820,15,2025-01-30T19:30:00+08:00,16821971,0,FALSE,Wh,303
142820,15,2025-01-30T19:45:00+08:00,16822015,0,FALSE,Wh,303
142820,15,2025-01-30T20:00:00+08:00,16822020,0,FALSE,Wh,303
142820,15,2025-01-30T20:15:00+08:00,16822033,0,FALSE,Wh,303
142820,15,2025-01-30T20:30:00+08:00,16822046,0,FALSE,Wh,303
142820,15,2025-01-30T20:45:00+08:00,16822055,0,FALSE,Wh,303
142820,15,2025-01-30T21:00:00+08:00,16822064,0,FALSE,Wh,303
142820,15,2025-01-30T21:15:00+08:00,16822078,0,FALSE,Wh,303
142820,15,2025-01-30T21:30:00+08:00,16822091,0,FALSE,Wh,303
142820,15,2025-01-30T21:45:00+08:00,16822096,0,FALSE,Wh,303
142820,15,2025-01-30T22:00:00+08:00,16822109,0,FALSE,Wh,303
142820,15,2025-01-30T22:15:00+08:00,16822122,0,FALSE,Wh,303
142820,15,2025-01-30T22:30:00+08:00,16822132,0,FALSE,Wh,303
142820,15,2025-01-30T22:45:00+08:00,16822140,0,FALSE,Wh,303
142820,15,2025-01-30T23:00:00+08:00,16822154,0,FALSE,Wh,303
142820,15,2025-01-30T23:15:00+08:00,16822167,0,FALSE,Wh,303
142820,15,2025-01-30T23:30:00+08:00,16822172,0,FALSE,Wh,303
142820,15,2025-01-30T23:45:00+08:00,16822185,0,FALSE,Wh,303
142820,15,2025-01-31T00:00:00+08:00,16822198,0,FALSE,Wh,303
142820,15,2025-01-31T00:15:00+08:00,16822207,0,FALSE,Wh,303
142820,15,2025-01-31T00:30:00+08:00,16822215,0,FALSE,Wh,303
142820,15,2025-01-31T00:45:00+08:00,16822228,0,FALSE,Wh,303
142820,15,2025-01-31T01:00:00+08:00,16822241,0,FALSE,Wh,303
142820,15,2025-01-31T01:15:00+08:00,16822246,0,FALSE,Wh,303
142820,15,2025-01-31T01:30:00+08:00,16822259,0,FALSE,Wh,303
142820,15,2025-01-31T01:45:00+08:00,16822271,0,FALSE,Wh,303
142820,15,2025-01-31T02:00:00+08:00,16822281,0,FALSE,Wh,303
142820,15,2025-01-31T02:15:00+08:00,16822288,0,FALSE,Wh,303
142820,15,2025-01-31T02:30:00+08:00,16822301,0,FALSE,Wh,303
142820,15,2025-01-31T02:45:00+08:00,16822314,0,FALSE,Wh,303
142820,15,2025-01-31T03:00:00+08:00,16822321,0,FALSE,Wh,303
142820,15,2025-01-31T03:15:00+08:00,16822334,0,FALSE,Wh,303
142820,15,2025-01-31T03:30:00+08:00,16822355,0,FALSE,Wh,303
142820,15,2025-01-31T03:45:00+08:00,16822399,0,FALSE,Wh,303
142820,15,2025-01-31T04:00:00+08:00,16822422,0,FALSE,Wh,303
142820,15,2025-01-31T04:15:00+08:00,16822450,0,FALSE,Wh,303
142820,15,2025-01-31T04:30:00+08:00,16822477,0,FALSE,Wh,303
142820,15,2025-01-31T04:45:00+08:00,16822483,0,FALSE,Wh,303
142820,15,2025-01-31T05:00:00+08:00,16822496,0,FALSE,Wh,303
142820,15,2025-01-31T05:15:00+08:00,16822509,0,FALSE,Wh,303
142820,15,2025-01-31T05:30:00+08:00,16822520,0,FALSE,Wh,303
142820,15,2025-01-31T05:45:00+08:00,16822528,0,FALSE,Wh,303
142820,15,2025-01-31T06:00:00+08:00,16822541,0,FALSE,Wh,303
142820,15,2025-01-31T06:15:00+08:00,16822553,0,FALSE,Wh,303
142820,15,2025-01-31T06:30:00+08:00,16822558,0,FALSE,Wh,303
142820,15,2025-01-31T06:45:00+08:00,16822570,0,FALSE,Wh,303
142820,15,2025-01-31T07:00:00+08:00,16822583,0,FALSE,Wh,303
142820,15,2025-01-31T07:15:00+08:00,16822591,0,FALSE,Wh,303
142820,15,2025-01-31T07:30:00+08:00,16822600,0,FALSE,Wh,303
142820,15,2025-01-31T07:45:00+08:00,16822613,0,FALSE,Wh,303
142820,15,2025-01-31T08:00:00+08:00,16823042,0,FALSE,Wh,303
142820,15,2025-01-31T08:15:00+08:00,16823098,0,FALSE,Wh,303
142820,15,2025-01-31T08:30:00+08:00,16823111,0,FALSE,Wh,303
142820,15,2025-01-31T08:45:00+08:00,16823123,0,FALSE,Wh,303
142820,15,2025-01-31T09:00:00+08:00,16823129,0,FALSE,Wh,303
142820,15,2025-01-31T09:15:00+08:00,16823139,0,FALSE,Wh,303
142820,15,2025-01-31T09:30:00+08:00,16823152,0,FALSE,Wh,303
142820,15,2025-01-31T09:45:00+08:00,16823162,0,FALSE,Wh,303
142820,15,2025-01-31T10:00:00+08:00,16823168,0,FALSE,Wh,303
142820,15,2025-01-31T10:15:00+08:00,16823181,0,FALSE,Wh,303
142820,15,2025-01-31T10:30:00+08:00,16823194,0,FALSE,Wh,303
142820,15,2025-01-31T10:45:00+08:00,16823197,0,FALSE,Wh,303
142820,15,2025-01-31T11:00:00+08:00,16823210,0,FALSE,Wh,303
142820,15,2025-01-31T11:15:00+08:00,16823222,0,FALSE,Wh,303
142820,15,2025-01-31T11:30:00+08:00,16823353,0,FALSE,Wh,303
142820,15,2025-01-31T11:45:00+08:00,16823725,0,FALSE,Wh,303
142820,15,2025-01-31T12:00:00+08:00,16824106,0,FALSE,Wh,303
142820,15,2025-01-31T12:15:00+08:00,16824489,0,FALSE,Wh,303
142820,15,2025-01-31T12:30:00+08:00,16824858,0,FALSE,Wh,303
142820,15,2025-01-31T12:45:00+08:00,16825231,0,FALSE,Wh,303
142820,15,2025-01-31T13:00:00+08:00,16825568,0,FALSE,Wh,303
142820,15,2025-01-31T13:15:00+08:00,16825881,0,FALSE,Wh,303
142820,15,2025-01-31T13:30:00+08:00,16826183,0,FALSE,Wh,303
142820,15,2025-01-31T13:45:00+08:00,16826503,0,FALSE,Wh,303
142820,15,2025-01-31T14:00:00+08:00,16826817,0,FALSE,Wh,303
142820,15,2025-01-31T14:15:00+08:00,16827141,0,FALSE,Wh,303
142820,15,2025-01-31T14:30:00+08:00,16827434,0,FALSE,Wh,303
142820,15,2025-01-31T14:45:00+08:00,16827717,0,FALSE,Wh,303
142820,15,2025-01-31T15:00:00+08:00,16828102,0,FALSE,Wh,303
142820,15,2025-01-31T15:15:00+08:00,16828491,0,FALSE,Wh,303
142820,15,2025-01-31T15:30:00+08:00,16828861,0,FALSE,Wh,303
142820,15,2025-01-31T15:45:00+08:00,16829238,0,FALSE,Wh,303
142820,15,2025-01-31T16:00:00+08:00,16829606,0,FALSE,Wh,303
142820,15,2025-01-31T16:15:00+08:00,16829971,0,FALSE,Wh,303
142820,15,2025-01-31T16:30:00+08:00,16830284,0,FALSE,Wh,303
142820,15,2025-01-31T16:45:00+08:00,16830603,0,FALSE,Wh,303
142820,15,2025-01-31T17:00:00+08:00,16830916,0,FALSE,Wh,303
142820,15,2025-01-31T17:15:00+08:00,16831227,0,FALSE,Wh,303
142820,15,2025-01-31T17:30:00+08:00,16831531,0,FALSE,Wh,303
142820,15,2025-01-31T17:45:00+08:00,16831837,0,FALSE,Wh,303
142820,15,2025-01-31T18:00:00+08:00,16832140,0,FALSE,Wh,303
142820,15,2025-01-31T18:15:00+08:00,16832911,0,FALSE,Wh,303
142820,15,2025-01-31T18:30:00+08:00,16833217,0,FALSE,Wh,303
142820,15,2025-01-31T18:45:00+08:00,16833518,0,FALSE,Wh,303
142820,15,2025-01-31T19:00:00+08:00,16833882,0,FALSE,Wh,303
142820,15,2025-01-31T19:15:00+08:00,16834245,0,FALSE,Wh,303
142820,15,2025-01-31T19:30:00+08:00,16834615,0,FALSE,Wh,303
142820,15,2025-01-31T19:45:00+08:00,16834971,0,FALSE,Wh,303
142820,15,2025-01-31T20:00:00+08:00,16835314,0,FALSE,Wh,303
142820,15,2025-01-31T20:15:00+08:00,16835634,0,FALSE,Wh,303
142820,15,2025-01-31T20:30:00+08:00,16835952,0,FALSE,Wh,303
142820,15,2025-01-31T20:45:00+08:00,16836264,0,FALSE,Wh,303
142820,15,2025-01-31T21:00:00+08:00,16836582,0,FALSE,Wh,303
142820,15,2025-01-31T21:15:00+08:00,16836898,0,FALSE,Wh,303
142820,15,2025-01-31T21:30:00+08:00,16837223,0,FALSE,Wh,303
142820,15,2025-01-31T21:45:00+08:00,16837540,0,FALSE,Wh,303
142820,15,2025-01-31T22:00:00+08:00,16837864,0,FALSE,Wh,303
142820,15,2025-01-31T22:15:00+08:00,16838203,0,FALSE,Wh,303
142820,15,2025-01-31T22:30:00+08:00,16838544,0,FALSE,Wh,303
142820,15,2025-01-31T22:45:00+08:00,16838879,0,FALSE,Wh,303
142820,15,2025-01-31T23:00:00+08:00,16839012,0,FALSE,Wh,303
142820,15,2025-01-31T23:15:00+08:00,16839112,0,FALSE,Wh,303
142820,15,2025-01-31T23:30:00+08:00,16839214,0,FALSE,Wh,303
142820,15,2025-01-31T23:45:00+08:00,16839314,0,FALSE,Wh,303
142820,15,2025-02-01T00:00:00+08:00,16839416,0,FALSE,Wh,303
142820,15,2025-02-01T00:15:00+08:00,16839512,0,FALSE,Wh,303
142820,15,2025-02-01T00:30:00+08:00,16839614,0,FALSE,Wh,303
142820,15,2025-02-01T00:45:00+08:00,16839715,0,FALSE,Wh,303
142820,15,2025-02-01T01:00:00+08:00,16839819,0,FALSE,Wh,303
142820,15,2025-02-01T01:15:00+08:00,16839918,0,FALSE,Wh,303
142820,15,2025-02-01T01:30:00+08:00,16840022,0,FALSE,Wh,303
142820,15,2025-02-01T01:45:00+08:00,16840123,0,FALSE,Wh,303
142820,15,2025-02-01T02:00:00+08:00,16840229,0,FALSE,Wh,303
142820,15,2025-02-01T02:15:00+08:00,16840329,0,FALSE,Wh,303
142820,15,2025-02-01T02:30:00+08:00,16840436,0,FALSE,Wh,303
142820,15,2025-02-01T02:45:00+08:00,16840499,0,FALSE,Wh,303
142820,15,2025-02-01T03:00:00+08:00,16840543,0,FALSE,Wh,303
142820,15,2025-02-01T03:15:00+08:00,16840637,0,FALSE,Wh,303
142820,15,2025-02-01T03:30:00+08:00,16841169,0,FALSE,Wh,303
142820,15,2025-02-01T03:45:00+08:00,16841288,0,FALSE,Wh,303
142820,15,2025-02-01T04:00:00+08:00,16841395,0,FALSE,Wh,303
142820,15,2025-02-01T04:15:00+08:00,16841495,0,FALSE,Wh,303
142820,15,2025-02-01T04:30:00+08:00,16841601,0,FALSE,Wh,303
142820,15,2025-02-01T04:45:00+08:00,16841701,0,FALSE,Wh,303
142820,15,2025-02-01T05:00:00+08:00,16841907,0,FALSE,Wh,303
142820,15,2025-02-01T05:15:00+08:00,16842227,0,FALSE,Wh,303
142820,15,2025-02-01T05:30:00+08:00,16842546,0,FALSE,Wh,303
142820,15,2025-02-01T05:45:00+08:00,16842857,0,FALSE,Wh,303
142820,15,2025-02-01T06:00:00+08:00,16843157,0,FALSE,Wh,303
142820,15,2025-02-01T06:15:00+08:00,16843444,0,FALSE,Wh,303
142820,15,2025-02-01T06:30:00+08:00,16843752,0,FALSE,Wh,303
142820,15,2025-02-01T06:45:00+08:00,16844051,0,FALSE,Wh,303
142820,15,2025-02-01T07:00:00+08:00,16844353,0,FALSE,Wh,303
142820,15,2025-02-01T07:15:00+08:00,16844652,0,FALSE,Wh,303
142820,15,2025-02-01T07:30:00+08:00,16844953,0,FALSE,Wh,303
142820,15,2025-02-01T07:45:00+08:00,16845242,0,FALSE,Wh,303
142820,15,2025-02-01T08:00:00+08:00,16845527,0,FALSE,Wh,303
142820,15,2025-02-01T08:15:00+08:00,16845811,0,FALSE,Wh,303
142820,15,2025-02-01T08:30:00+08:00,16846100,0,FALSE,Wh,303
142820,15,2025-02-01T08:45:00+08:00,16846382,0,FALSE,Wh,303
142820,15,2025-02-01T09:00:00+08:00,16846685,0,FALSE,Wh,303
142820,15,2025-02-01T09:15:00+08:00,16846982,0,FALSE,Wh,303
142820,15,2025-02-01T09:30:00+08:00,16847291,0,FALSE,Wh,303
142820,15,2025-02-01T09:45:00+08:00,16847588,0,FALSE,Wh,303
142820,15,2025-02-01T10:00:00+08:00,16847903,0,FALSE,Wh,303
142820,15,2025-02-01T10:15:00+08:00,16848234,0,FALSE,Wh,303
142820,15,2025-02-01T10:30:00+08:00,16848547,0,FALSE,Wh,303
142820,15,2025-02-01T10:45:00+08:00,16848861,0,FALSE,Wh,303
142820,15,2025-02-01T11:00:00+08:00,16849185,0,FALSE,Wh,303
142820,15,2025-02-01T11:15:00+08:00,16850116,0,FALSE,Wh,303
142820,15,2025-02-01T11:30:00+08:00,16850564,0,FALSE,Wh,303
142820,15,2025-02-01T11:45:00+08:00,16850958,0,FALSE,Wh,303
142820,15,2025-02-01T12:00:00+08:00,16851316,0,FALSE,Wh,303
142820,15,2025-02-01T12:15:00+08:00,16851669,0,FALSE,Wh,303
142820,15,2025-02-01T12:30:00+08:00,16852017,0,FALSE,Wh,303
142820,15,2025-02-01T12:45:00+08:00,16852373,0,FALSE,Wh,303
142820,15,2025-02-01T13:00:00+08:00,16852550,0,FALSE,Wh,303
142820,15,2025-02-01T13:15:00+08:00,16852652,0,FALSE,Wh,303
142820,15,2025-02-01T13:30:00+08:00,16852753,0,FALSE,Wh,303
142820,15,2025-02-01T13:45:00+08:00,16852854,0,FALSE,Wh,303
142820,15,2025-02-01T14:00:00+08:00,16852941,0,FALSE,Wh,303
142820,15,2025-02-01T14:15:00+08:00,16852941,0,FALSE,Wh,303
142820,15,2025-02-01T14:30:00+08:00,16852941,0,FALSE,Wh,303
142820,15,2025-02-01T14:45:00+08:00,16852941,0,FALSE,Wh,303
142820,15,2025-02-01T15:00:00+08:00,16852941,0,FALSE,Wh,303
142820,15,2025-02-01T15:15:00+08:00,16852941,0,FALSE,Wh,303
142820,15,2025-02-01T15:30:00+08:00,16852941,0,FALSE,Wh,303
142820,15,2025-02-01T15:45:00+08:00,16852941,0,FALSE,Wh,303
142820,15,2025-02-01T16:00:00+08:00,16852941,0,FALSE,Wh,303
142820,15,2025-02-01T16:15:00+08:00,16852941,0,FALSE,Wh,303
142820,15,2025-02-01T16:30:00+08:00,16852941,0,FALSE,Wh,303
142820,15,2025-02-01T16:45:00+08:00,16852941,0,FALSE,Wh,303
142820,15,2025-02-01T17:00:00+08:00,16852941,0,FALSE,Wh,303
142820,15,2025-02-01T17:15:00+08:00,16852941,0,FALSE,Wh,303
142820,15,2025-02-01T17:30:00+08:00,16852941,0,FALSE,Wh,303
142820,15,2025-02-01T17:45:00+08:00,16852941,0,FALSE,Wh,303
142820,15,2025-02-01T18:00:00+08:00,16852941,0,FALSE,Wh,303
142820,15,2025-02-01T18:15:00+08:00,16852941,0,FALSE,Wh,303
142820,15,2025-02-01T18:30:00+08:00,16852941,0,FALSE,Wh,303
142820,15,2025-02-01T18:45:00+08:00,16852941,0,FALSE,Wh,303
142820,15,2025-02-01T19:00:00+08:00,16852941,0,FALSE,Wh,303
142820,15,2025-02-01T19:15:00+08:00,16852941,0,FALSE,Wh,303
142820,15,2025-02-01T19:30:00+08:00,16852941,0,FALSE,Wh,303
142820,15,2025-02-01T19:45:00+08:00,16852941,0,FALSE,Wh,303
142820,15,2025-02-01T20:00:00+08:00,16852941,0,FALSE,Wh,303
142820,15,2025-02-01T20:15:00+08:00,16852941,0,FALSE,Wh,303
142820,15,2025-02-01T20:30:00+08:00,16852941,0,FALSE,Wh,303
142820,15,2025-02-01T20:45:00+08:00,16852941,0,FALSE,Wh,303
142820,15,2025-02-01T21:00:00+08:00,16852941,0,FALSE,Wh,303
142820,15,2025-02-01T21:15:00+08:00,16852941,0,FALSE,Wh,303
142820,15,2025-02-01T21:30:00+08:00,16852941,0,FALSE,Wh,303
142820,15,2025-02-01T21:45:00+08:00,16852941,0,FALSE,Wh,303
142820,15,2025-02-01T22:00:00+08:00,16852941,0,FALSE,Wh,303
142820,15,2025-02-01T22:15:00+08:00,16852941,0,FALSE,Wh,303
142820,15,2025-02-01T22:30:00+08:00,16852941,0,FALSE,Wh,303
142820,15,2025-02-01T22:45:00+08:00,16852941,0,FALSE,Wh,303
142820,15,2025-02-01T23:00:00+08:00,16852941,0,FALSE,Wh,303
142820,15,2025-02-01T23:15:00+08:00,16852941,0,FALSE,Wh,303
142820,15,2025-02-01T23:30:00+08:00,16852941,0,FALSE,Wh,303
142820,15,2025-02-01T23:45:00+08:00,16852941,0,FALSE,Wh,303
142820,15,2025-02-02T00:00:00+08:00,16852941,0,FALSE,Wh,303
142820,15,2025-02-02T00:15:00+08:00,16852941,0,FALSE,Wh,303
142820,15,2025-02-02T00:30:00+08:00,16852941,0,FALSE,Wh,303
142820,15,2025-02-02T00:45:00+08:00,16852941,0,FALSE,Wh,303
142820,15,2025-02-02T01:00:00+08:00,16852941,0,FALSE,Wh,303
142820,15,2025-02-02T01:15:00+08:00,16852941,0,FALSE,Wh,303
142820,15,2025-02-02T01:30:00+08:00,16852941,0,FALSE,Wh,303
142820,15,2025-02-02T01:45:00+08:00,16852941,0,FALSE,Wh,303
142820,15,2025-02-02T02:00:00+08:00,16852941,0,FALSE,Wh,303
142820,15,2025-02-02T02:15:00+08:00,16852941,0,FALSE,Wh,303
142820,15,2025-02-02T02:30:00+08:00,16852941,0,FALSE,Wh,303
142820,15,2025-02-02T02:45:00+08:00,16852941,0,FALSE,Wh,303
142820,15,2025-02-02T03:00:00+08:00,16852941,0,FALSE,Wh,303
142820,15,2025-02-02T03:15:00+08:00,16852941,0,FALSE,Wh,303
142820,15,2025-02-02T03:30:00+08:00,16852941,0,FALSE,Wh,303
142820,15,2025-02-02T03:45:00+08:00,16852941,0,FALSE,Wh,303
142820,15,2025-02-02T04:00:00+08:00,16852941,0,FALSE,Wh,303
142820,15,2025-02-02T04:15:00+08:00,16852941,0,FALSE,Wh,303
142820,15,2025-02-02T04:30:00+08:00,16852941,0,FALSE,Wh,303
142820,15,2025-02-02T04:45:00+08:00,16852941,0,FALSE,Wh,303
142820,15,2025-02-02T05:00:00+08:00,16852941,0,FALSE,Wh,303
142820,15,2025-02-02T05:15:00+08:00,16852941,0,FALSE,Wh,303
142820,15,2025-02-02T05:30:00+08:00,16852941,0,FALSE,Wh,303
142820,15,2025-02-02T05:45:00+08:00,16852941,0,FALSE,Wh,303
142820,15,2025-02-02T06:00:00+08:00,16852941,0,FALSE,Wh,303
142820,15,2025-02-02T06:15:00+08:00,16852941,0,FALSE,Wh,303
142820,15,2025-02-02T06:30:00+08:00,16852941,0,FALSE,Wh,303
142820,15,2025-02-02T06:45:00+08:00,16852941,0,FALSE,Wh,303
142820,15,2025-02-02T07:00:00+08:00,16852941,0,FALSE,Wh,303
142820,15,2025-02-02T07:15:00+08:00,16852941,0,FALSE,Wh,303
142820,15,2025-02-02T07:30:00+08:00,16852941,0,FALSE,Wh,303
142820,15,2025-02-02T07:45:00+08:00,16852941,0,FALSE,Wh,303
142820,15,2025-02-02T08:00:00+08:00,16852941,0,FALSE,Wh,303
142820,15,2025-02-02T08:15:00+08:00,16852941,0,FALSE,Wh,303
142820,15,2025-02-02T08:30:00+08:00,16852941,0,FALSE,Wh,303
142820,15,2025-02-02T08:45:00+08:00,16852941,0,FALSE,Wh,303
142820,15,2025-02-02T09:00:00+08:00,16852941,0,FALSE,Wh,303
142820,15,2025-02-02T09:15:00+08:00,16852941,0,FALSE,Wh,303
142820,15,2025-02-02T09:30:00+08:00,16852941,0,FALSE,Wh,303
142820,15,2025-02-02T09:45:00+08:00,16852941,0,FALSE,Wh,303
142820,15,2025-02-02T10:00:00+08:00,16852941,0,FALSE,Wh,303
142820,15,2025-02-02T10:15:00+08:00,16852941,0,FALSE,Wh,303
142820,15,2025-02-02T10:30:00+08:00,16852941,0,FALSE,Wh,303
142820,15,2025-02-02T10:45:00+08:00,16852941,0,FALSE,Wh,303
142820,15,2025-02-02T11:00:00+08:00,16852941,0,FALSE,Wh,303
142820,15,2025-02-02T11:15:00+08:00,16852941,0,FALSE,Wh,303
142820,15,2025-02-02T11:30:00+08:00,16852941,0,FALSE,Wh,303
142820,15,2025-02-02T11:45:00+08:00,16852941,0,FALSE,Wh,303
142820,15,2025-02-02T12:00:00+08:00,16852941,0,FALSE,Wh,303
142820,15,2025-02-02T12:15:00+08:00,16852941,0,FALSE,Wh,303
142820,15,2025-02-02T12:30:00+08:00,16852941,0,FALSE,Wh,303
142820,15,2025-02-02T12:45:00+08:00,16852941,0,FALSE,Wh,303
142820,15,2025-02-02T13:00:00+08:00,16852941,0,FALSE,Wh,303
142820,15,2025-02-02T13:15:00+08:00,16852941,0,FALSE,Wh,303
142820,15,2025-02-02T13:30:00+08:00,16852941,0,FALSE,Wh,303
142820,15,2025-02-02T13:45:00+08:00,16852941,0,FALSE,Wh,303
142820,15,2025-02-02T14:00:00+08:00,16852941,0,FALSE,Wh,303
142820,15,2025-02-02T14:15:00+08:00,16852941,0,FALSE,Wh,303
142820,15,2025-02-02T14:30:00+08:00,16852941,0,FALSE,Wh,303
142820,15,2025-02-02T14:45:00+08:00,16852941,0,FALSE,Wh,303
142820,15,2025-02-02T15:00:00+08:00,16852941,0,FALSE,Wh,303
142820,15,2025-02-02T15:15:00+08:00,16852941,0,FALSE,Wh,303
142820,15,2025-02-02T15:30:00+08:00,16852941,0,FALSE,Wh,303
142820,15,2025-02-02T15:45:00+08:00,16852941,0,FALSE,Wh,303
142820,15,2025-02-02T16:00:00+08:00,16852941,0,FALSE,Wh,303
142820,15,2025-02-02T16:15:00+08:00,16852941,0,FALSE,Wh,303
142820,15,2025-02-02T16:30:00+08:00,16852941,0,FALSE,Wh,303
142820,15,2025-02-02T16:45:00+08:00,16852941,0,FALSE,Wh,303
142820,15,2025-02-02T17:00:00+08:00,16852941,0,FALSE,Wh,303
142820,15,2025-02-02T17:15:00+08:00,16852941,0,FALSE,Wh,303
142820,15,2025-02-02T17:30:00+08:00,16852941,0,FALSE,Wh,303
142820,15,2025-02-02T17:45:00+08:00,16852941,0,FALSE,Wh,303
142820,15,2025-02-02T18:00:00+08:00,16852941,0,FALSE,Wh,303
142820,15,2025-02-02T18:15:00+08:00,16852941,0,FALSE,Wh,303
142820,15,2025-02-02T18:30:00+08:00,16852941,0,FALSE,Wh,303
142820,15,2025-02-02T18:45:00+08:00,16852941,0,FALSE,Wh,303
142820,15,2025-02-02T19:00:00+08:00,16852941,0,FALSE,Wh,303
142820,15,2025-02-02T19:15:00+08:00,16852941,0,FALSE,Wh,303
142820,15,2025-02-02T19:30:00+08:00,16852941,0,FALSE,Wh,303
142820,15,2025-02-02T19:45:00+08:00,16852941,0,FALSE,Wh,303
142820,15,2025-02-02T20:00:00+08:00,16852941,0,FALSE,Wh,303
142820,15,2025-02-02T20:15:00+08:00,16852941,0,FALSE,Wh,303
142820,15,2025-02-02T20:30:00+08:00,16852941,0,FALSE,Wh,303
142820,15,2025-02-02T20:45:00+08:00,16852941,0,FALSE,Wh,303
142820,15,2025-02-02T21:00:00+08:00,16852941,0,FALSE,Wh,303
142820,15,2025-02-02T21:15:00+08:00,16852941,0,FALSE,Wh,303
142820,15,2025-02-02T21:30:00+08:00,16852941,0,FALSE,Wh,303
142820,15,2025-02-02T21:45:00+08:00,16852941,0,FALSE,Wh,303
142820,15,2025-02-02T22:00:00+08:00,16852941,0,FALSE,Wh,303
142820,15,2025-02-02T22:15:00+08:00,16852941,0,FALSE,Wh,303
142820,15,2025-02-02T22:30:00+08:00,16852941,0,FALSE,Wh,303
142820,15,2025-02-02T22:45:00+08:00,16852941,0,FALSE,Wh,303
142820,15,2025-02-02T23:00:00+08:00,16852941,0,FALSE,Wh,303
142820,15,2025-02-02T23:15:00+08:00,16852941,0,FALSE,Wh,303
142820,15,2025-02-02T23:30:00+08:00,16852941,0,FALSE,Wh,303
142820,15,2025-02-02T23:45:00+08:00,16852941,0,FALSE,Wh,303
142820,15,2025-02-03T00:00:00+08:00,16852941,0,FALSE,Wh,303
142820,15,2025-02-03T00:15:00+08:00,16852941,0,FALSE,Wh,303
142820,15,2025-02-03T00:30:00+08:00,16852941,0,FALSE,Wh,303
142820,15,2025-02-03T00:45:00+08:00,16852941,0,FALSE,Wh,303
142820,15,2025-02-03T01:00:00+08:00,16852941,0,FALSE,Wh,303
142820,15,2025-02-03T01:15:00+08:00,16852941,0,FALSE,Wh,303
142820,15,2025-02-03T01:30:00+08:00,16852941,0,FALSE,Wh,303
142820,15,2025-02-03T01:45:00+08:00,16852941,0,FALSE,Wh,303
142820,15,2025-02-03T02:00:00+08:00,16852941,0,FALSE,Wh,303
142820,15,2025-02-03T02:15:00+08:00,16852941,0,FALSE,Wh,303
142820,15,2025-02-03T02:30:00+08:00,16852941,0,FALSE,Wh,303
142820,15,2025-02-03T02:45:00+08:00,16852941,0,FALSE,Wh,303
142820,15,2025-02-03T03:00:00+08:00,16852941,0,FALSE,Wh,303
142820,15,2025-02-03T03:15:00+08:00,16852941,0,FALSE,Wh,303
142820,15,2025-02-03T03:30:00+08:00,16852941,0,FALSE,Wh,303
142820,15,2025-02-03T03:45:00+08:00,16852941,0,FALSE,Wh,303
142820,15,2025-02-03T04:00:00+08:00,16852941,0,FALSE,Wh,303
142820,15,2025-02-03T04:15:00+08:00,16852941,0,FALSE,Wh,303
142820,15,2025-02-03T04:30:00+08:00,16852941,0,FALSE,Wh,303
142820,15,2025-02-03T04:45:00+08:00,16852941,0,FALSE,Wh,303
142820,15,2025-02-03T05:00:00+08:00,16852941,0,FALSE,Wh,303
142820,15,2025-02-03T05:15:00+08:00,16852941,0,FALSE,Wh,303
142820,15,2025-02-03T05:30:00+08:00,16852941,0,FALSE,Wh,303
142820,15,2025-02-03T05:45:00+08:00,16852941,0,FALSE,Wh,303
142820,15,2025-02-03T06:00:00+08:00,16852941,0,FALSE,Wh,303
142820,15,2025-02-03T06:15:00+08:00,16852941,0,FALSE,Wh,303
142820,15,2025-02-03T06:30:00+08:00,16852941,0,FALSE,Wh,303
142820,15,2025-02-03T06:45:00+08:00,16852941,0,FALSE,Wh,303
142820,15,2025-02-03T07:00:00+08:00,16852941,0,FALSE,Wh,303
142820,15,2025-02-03T07:15:00+08:00,16852941,0,FALSE,Wh,303
142820,15,2025-02-03T07:30:00+08:00,16852941,0,FALSE,Wh,303
142820,15,2025-02-03T07:45:00+08:00,16852941,0,FALSE,Wh,303
142820,15,2025-02-03T08:00:00+08:00,16852941,0,FALSE,Wh,303
142820,15,2025-02-03T08:15:00+08:00,16852941,0,FALSE,Wh,303
142820,15,2025-02-03T08:30:00+08:00,16852941,0,FALSE,Wh,303
142820,15,2025-02-03T08:45:00+08:00,16852941,0,FALSE,Wh,303
142820,15,2025-02-03T09:00:00+08:00,16852941,0,FALSE,Wh,303
142820,15,2025-02-03T09:15:00+08:00,16852941,0,FALSE,Wh,303
142820,15,2025-02-03T09:30:00+08:00,16852941,0,FALSE,Wh,303
142820,15,2025-02-03T09:45:00+08:00,16852941,0,FALSE,Wh,303
142820,15,2025-02-03T10:00:00+08:00,16852941,0,FALSE,Wh,303
142820,15,2025-02-03T10:15:00+08:00,16852941,0,FALSE,Wh,303
142820,15,2025-02-03T10:30:00+08:00,16852941,0,FALSE,Wh,303
142820,15,2025-02-03T10:45:00+08:00,16852941,0,FALSE,Wh,303
142820,15,2025-02-03T11:00:00+08:00,16852941,0,FALSE,Wh,303
142820,15,2025-02-03T11:15:00+08:00,16852941,0,FALSE,Wh,303
142820,15,2025-02-03T11:30:00+08:00,16852941,0,FALSE,Wh,303
142820,15,2025-02-03T11:45:00+08:00,16852941,0,FALSE,Wh,303
142820,15,2025-02-03T12:00:00+08:00,16852941,0,FALSE,Wh,303
142820,15,2025-02-03T12:15:00+08:00,16852941,0,FALSE,Wh,303
142820,15,2025-02-03T12:30:00+08:00,16852941,0,FALSE,Wh,303
142820,15,2025-02-03T12:45:00+08:00,16852941,0,FALSE,Wh,303
142820,15,2025-02-03T13:00:00+08:00,16852941,0,FALSE,Wh,303
142820,15,2025-02-03T13:15:00+08:00,16852941,0,FALSE,Wh,303
142820,15,2025-02-03T13:30:00+08:00,16852941,0,FALSE,Wh,303
142820,15,2025-02-03T13:45:00+08:00,16852941,0,FALSE,Wh,303
142820,15,2025-02-03T14:00:00+08:00,16852941,0,FALSE,Wh,303
142820,15,2025-02-03T14:15:00+08:00,16852941,0,FALSE,Wh,303
142820,15,2025-02-03T14:30:00+08:00,16852941,0,FALSE,Wh,303
142820,15,2025-02-03T14:45:00+08:00,16852941,0,FALSE,Wh,303
142820,15,2025-02-03T15:00:00+08:00,16852941,0,FALSE,Wh,303
142820,15,2025-02-03T15:15:00+08:00,16852941,0,FALSE,Wh,303
142820,15,2025-02-03T15:30:00+08:00,16852941,0,FALSE,Wh,303
142820,15,2025-02-03T15:45:00+08:00,16852941,0,FALSE,Wh,303
142820,15,2025-02-03T16:00:00+08:00,16852941,0,FALSE,Wh,303
142820,15,2025-02-03T16:15:00+08:00,16852941,0,FALSE,Wh,303
142820,15,2025-02-03T16:30:00+08:00,16852941,0,FALSE,Wh,303
142820,15,2025-02-03T16:45:00+08:00,16852941,0,FALSE,Wh,303
142820,15,2025-02-03T17:00:00+08:00,16852941,0,FALSE,Wh,303
142820,15,2025-02-03T17:15:00+08:00,16852941,0,FALSE,Wh,303
142820,15,2025-02-03T17:30:00+08:00,16852941,0,FALSE,Wh,303
142820,15,2025-02-03T17:45:00+08:00,16852941,0,FALSE,Wh,303
142820,15,2025-02-03T18:00:00+08:00,16852941,0,FALSE,Wh,303
142820,15,2025-02-03T18:15:00+08:00,16852941,0,FALSE,Wh,303
142820,15,2025-02-03T18:30:00+08:00,16852941,0,FALSE,Wh,303
142820,15,2025-02-03T18:45:00+08:00,16852941,0,FALSE,Wh,303
142820,15,2025-02-03T19:00:00+08:00,16852941,0,FALSE,Wh,303
142820,15,2025-02-03T19:15:00+08:00,16852941,0,FALSE,Wh,303
142820,15,2025-02-03T19:30:00+08:00,16852941,0,FALSE,Wh,303
142820,15,2025-02-03T19:45:00+08:00,16852941,0,FALSE,Wh,303
142820,15,2025-02-03T20:00:00+08:00,16852941,0,FALSE,Wh,303
142820,15,2025-02-03T20:15:00+08:00,16852941,0,FALSE,Wh,303
142820,15,2025-02-03T20:30:00+08:00,16852941,0,FALSE,Wh,303
142820,15,2025-02-03T20:45:00+08:00,16852941,0,FALSE,Wh,303
142820,15,2025-02-03T21:00:00+08:00,16852941,0,FALSE,Wh,303
142820,15,2025-02-03T21:15:00+08:00,16852941,0,FALSE,Wh,303
142820,15,2025-02-03T21:30:00+08:00,16852941,0,FALSE,Wh,303
142820,15,2025-02-03T21:45:00+08:00,16852941,0,FALSE,Wh,303
142820,15,2025-02-03T22:00:00+08:00,16852941,0,FALSE,Wh,303
142820,15,2025-02-03T22:15:00+08:00,16852941,0,FALSE,Wh,303
142820,15,2025-02-03T22:30:00+08:00,16852941,0,FALSE,Wh,303
142820,15,2025-02-03T22:45:00+08:00,16852941,0,FALSE,Wh,303
142820,15,2025-02-03T23:00:00+08:00,16852941,0,FALSE,Wh,303
142820,15,2025-02-03T23:15:00+08:00,16852941,0,FALSE,Wh,303
142820,15,2025-02-03T23:30:00+08:00,16852941,0,FALSE,Wh,303
142820,15,2025-02-03T23:45:00+08:00,16852941,0,FALSE,Wh,303
142820,15,2025-02-04T00:00:00+08:00,16852941,0,FALSE,Wh,303
142820,15,2025-02-04T00:15:00+08:00,16852941,0,FALSE,Wh,303
142820,15,2025-02-04T00:30:00+08:00,16852941,0,FALSE,Wh,303
142820,15,2025-02-04T00:45:00+08:00,16852941,0,FALSE,Wh,303
142820,15,2025-02-04T01:00:00+08:00,16852941,0,FALSE,Wh,303
142820,15,2025-02-04T01:15:00+08:00,16852941,0,FALSE,Wh,303
142820,15,2025-02-04T01:30:00+08:00,16852941,0,FALSE,Wh,303
142820,15,2025-02-04T01:45:00+08:00,16852941,0,FALSE,Wh,303
142820,15,2025-02-04T02:00:00+08:00,16852941,0,FALSE,Wh,303
142820,15,2025-02-04T02:15:00+08:00,16852941,0,FALSE,Wh,303
142820,15,2025-02-04T02:30:00+08:00,16852941,0,FALSE,Wh,303
142820,15,2025-02-04T02:45:00+08:00,16852941,0,FALSE,Wh,303
142820,15,2025-02-04T03:00:00+08:00,16852941,0,FALSE,Wh,303
142820,15,2025-02-04T03:15:00+08:00,16852941,0,FALSE,Wh,303
142820,15,2025-02-04T03:30:00+08:00,16852941,0,FALSE,Wh,303
142820,15,2025-02-04T03:45:00+08:00,16852941,0,FALSE,Wh,303
142820,15,2025-02-04T04:00:00+08:00,16852941,0,FALSE,Wh,303
142820,15,2025-02-04T04:15:00+08:00,16852941,0,FALSE,Wh,303
142820,15,2025-02-04T04:30:00+08:00,16852941,0,FALSE,Wh,303
142820,15,2025-02-04T04:45:00+08:00,16852941,0,FALSE,Wh,303
142820,15,2025-02-04T05:00:00+08:00,16852941,0,FALSE,Wh,303
142820,15,2025-02-04T05:15:00+08:00,16852941,0,FALSE,Wh,303
142820,15,2025-02-04T05:30:00+08:00,16852941,0,FALSE,Wh,303
142820,15,2025-02-04T05:45:00+08:00,16852941,0,FALSE,Wh,303
142820,15,2025-02-04T06:00:00+08:00,16852941,0,FALSE,Wh,303
142820,15,2025-02-04T06:15:00+08:00,16852941,0,FALSE,Wh,303
142820,15,2025-02-04T06:30:00+08:00,16852941,0,FALSE,Wh,303
142820,15,2025-02-04T06:45:00+08:00,16852941,0,FALSE,Wh,303
142820,15,2025-02-04T07:00:00+08:00,16852941,0,FALSE,Wh,303
142820,15,2025-02-04T07:15:00+08:00,16852941,0,FALSE,Wh,303
142820,15,2025-02-04T07:30:00+08:00,16852941,0,FALSE,Wh,303
142820,15,2025-02-04T07:45:00+08:00,16852941,0,FALSE,Wh,303
142820,15,2025-02-04T08:00:00+08:00,16852941,0,FALSE,Wh,303
142820,15,2025-02-04T08:15:00+08:00,16852941,0,FALSE,Wh,303
142820,15,2025-02-04T08:30:00+08:00,16852941,0,FALSE,Wh,303
142820,15,2025-02-04T08:45:00+08:00,16852941,0,FALSE,Wh,303
142820,15,2025-02-04T09:00:00+08:00,16852941,0,FALSE,Wh,303
142820,15,2025-02-04T09:15:00+08:00,16852941,0,FALSE,Wh,303
142820,15,2025-02-04T09:30:00+08:00,16852941,0,FALSE,Wh,303
142820,15,2025-02-04T09:45:00+08:00,16852941,0,FALSE,Wh,303
142820,15,2025-02-04T10:00:00+08:00,16852941,0,FALSE,Wh,303
142820,15,2025-02-04T10:15:00+08:00,16852941,0,FALSE,Wh,303
142820,15,2025-02-04T10:30:00+08:00,16852941,0,FALSE,Wh,303
142820,15,2025-02-04T10:45:00+08:00,16852941,0,FALSE,Wh,303
142820,15,2025-02-04T11:00:00+08:00,16852941,0,FALSE,Wh,303
142820,15,2025-02-04T11:15:00+08:00,16852941,0,FALSE,Wh,303
142820,15,2025-02-04T11:30:00+08:00,16852941,0,FALSE,Wh,303
142820,15,2025-02-04T11:45:00+08:00,16852941,0,FALSE,Wh,303
142820,15,2025-02-04T12:00:00+08:00,16852941,0,FALSE,Wh,303
142820,15,2025-02-04T12:15:00+08:00,16852941,0,FALSE,Wh,303
142820,15,2025-02-04T12:30:00+08:00,16852941,0,FALSE,Wh,303
142820,15,2025-02-04T12:45:00+08:00,16852941,0,FALSE,Wh,303
142820,15,2025-02-04T13:00:00+08:00,16852941,0,FALSE,Wh,303
142820,15,2025-02-04T13:15:00+08:00,16852941,0,FALSE,Wh,303
142820,15,2025-02-04T13:30:00+08:00,16852941,0,FALSE,Wh,303
142820,15,2025-02-04T13:45:00+08:00,16852941,0,FALSE,Wh,303
142820,15,2025-02-04T14:00:00+08:00,16852941,0,FALSE,Wh,303
142820,15,2025-02-04T14:15:00+08:00,16852941,0,FALSE,Wh,303
142820,15,2025-02-04T14:30:00+08:00,16852941,0,FALSE,Wh,303
142820,15,2025-02-04T14:45:00+08:00,16852941,0,FALSE,Wh,303
142820,15,2025-02-04T15:00:00+08:00,16852941,0,FALSE,Wh,303
142820,15,2025-02-04T15:15:00+08:00,16852941,0,FALSE,Wh,303
142820,15,2025-02-04T15:30:00+08:00,16852941,0,FALSE,Wh,303
142820,15,2025-02-04T15:45:00+08:00,16852941,0,FALSE,Wh,303
142820,15,2025-02-04T16:00:00+08:00,16852941,0,FALSE,Wh,303
142820,15,2025-02-04T16:15:00+08:00,16852941,0,FALSE,Wh,303
142820,15,2025-02-04T16:30:00+08:00,16852941,0,FALSE,Wh,303
142820,15,2025-02-04T16:45:00+08:00,16852941,0,FALSE,Wh,303
142820,15,2025-02-04T17:00:00+08:00,16852941,0,FALSE,Wh,303
142820,15,2025-02-04T17:15:00+08:00,16852941,0,FALSE,Wh,303
142820,15,2025-02-04T17:30:00+08:00,16852941,0,FALSE,Wh,303
142820,15,2025-02-04T17:45:00+08:00,16852941,0,FALSE,Wh,303
142820,15,2025-02-04T18:00:00+08:00,16852941,0,FALSE,Wh,303
142820,15,2025-02-04T18:15:00+08:00,16852941,0,FALSE,Wh,303
142820,15,2025-02-04T18:30:00+08:00,16852941,0,FALSE,Wh,303
142820,15,2025-02-04T18:45:00+08:00,16852941,0,FALSE,Wh,303
142820,15,2025-02-04T19:00:00+08:00,16852941,0,FALSE,Wh,303
142820,15,2025-02-04T19:15:00+08:00,16852941,0,FALSE,Wh,303
142820,15,2025-02-04T19:30:00+08:00,16852941,0,FALSE,Wh,303
142820,15,2025-02-04T19:45:00+08:00,16852941,0,FALSE,Wh,303
142820,15,2025-02-04T20:00:00+08:00,16852941,0,FALSE,Wh,303
142820,15,2025-02-04T20:15:00+08:00,16852941,0,FALSE,Wh,303
142820,15,2025-02-04T20:30:00+08:00,16852941,0,FALSE,Wh,303
142820,15,2025-02-04T20:45:00+08:00,16852941,0,FALSE,Wh,303
142820,15,2025-02-04T21:00:00+08:00,16852941,0,FALSE,Wh,303
142820,15,2025-02-04T21:15:00+08:00,16852941,0,FALSE,Wh,303
142820,15,2025-02-04T21:30:00+08:00,16852941,0,FALSE,Wh,303
142820,15,2025-02-04T21:45:00+08:00,16852941,0,FALSE,Wh,303
142820,15,2025-02-04T22:00:00+08:00,16852941,0,FALSE,Wh,303
142820,15,2025-02-04T22:15:00+08:00,16852941,0,FALSE,Wh,303
142820,15,2025-02-04T22:30:00+08:00,16852941,0,FALSE,Wh,303
142820,15,2025-02-04T22:45:00+08:00,16852941,0,FALSE,Wh,303
142820,15,2025-02-04T23:00:00+08:00,16852941,0,FALSE,Wh,303
142820,15,2025-02-04T23:15:00+08:00,16852941,0,FALSE,Wh,303
142820,15,2025-02-04T23:30:00+08:00,16852941,0,FALSE,Wh,303
142820,15,2025-02-04T23:45:00+08:00,16852941,0,FALSE,Wh,303
142820,15,2025-02-05T00:00:00+08:00,16852941,0,FALSE,Wh,303
142821,15,2025-01-29T00:15:00+08:00,8134811,0,FALSE,Wh,Commercial
142821,15,2025-01-29T00:30:00+08:00,8134833,0,FALSE,Wh,Commercial
142821,15,2025-01-29T00:45:00+08:00,8134855,0,FALSE,Wh,Commercial
142821,15,2025-01-29T01:00:00+08:00,8134876,0,FALSE,Wh,Commercial
142821,15,2025-01-29T01:15:00+08:00,8134898,0,FALSE,Wh,Commercial
142821,15,2025-01-29T01:30:00+08:00,8134920,0,FALSE,Wh,Commercial
142821,15,2025-01-29T01:45:00+08:00,8134954,0,FALSE,Wh,Commercial
142821,15,2025-01-29T02:00:00+08:00,8134990,0,FALSE,Wh,Commercial
142821,15,2025-01-29T02:15:00+08:00,8135027,0,FALSE,Wh,Commercial
142821,15,2025-01-29T02:30:00+08:00,8135063,0,FALSE,Wh,Commercial
142821,15,2025-01-29T02:45:00+08:00,8135093,0,FALSE,Wh,Commercial
142821,15,2025-01-29T03:00:00+08:00,8135115,0,FALSE,Wh,Commercial
142821,15,2025-01-29T03:15:00+08:00,8135136,0,FALSE,Wh,Commercial
142821,15,2025-01-29T03:30:00+08:00,8135158,0,FALSE,Wh,Commercial
142821,15,2025-01-29T03:45:00+08:00,8135180,0,FALSE,Wh,Commercial
142821,15,2025-01-29T04:00:00+08:00,8135202,0,FALSE,Wh,Commercial
142821,15,2025-01-29T04:15:00+08:00,8135233,0,FALSE,Wh,Commercial
142821,15,2025-01-29T04:30:00+08:00,8135269,0,FALSE,Wh,Commercial
142821,15,2025-01-29T04:45:00+08:00,8135305,0,FALSE,Wh,Commercial
142821,15,2025-01-29T05:00:00+08:00,8135341,0,FALSE,Wh,Commercial
142821,15,2025-01-29T05:15:00+08:00,8135375,0,FALSE,Wh,Commercial
142821,15,2025-01-29T05:30:00+08:00,8135397,0,FALSE,Wh,Commercial
142821,15,2025-01-29T05:45:00+08:00,8135418,0,FALSE,Wh,Commercial
142821,15,2025-01-29T06:00:00+08:00,8135440,0,FALSE,Wh,Commercial
142821,15,2025-01-29T06:15:00+08:00,8135462,0,FALSE,Wh,Commercial
142821,15,2025-01-29T06:30:00+08:00,8135484,0,FALSE,Wh,Commercial
142821,15,2025-01-29T06:45:00+08:00,8135511,0,FALSE,Wh,Commercial
142821,15,2025-01-29T07:00:00+08:00,8135548,0,FALSE,Wh,Commercial
142821,15,2025-01-29T07:15:00+08:00,8135584,0,FALSE,Wh,Commercial
142821,15,2025-01-29T07:30:00+08:00,8135620,0,FALSE,Wh,Commercial
142821,15,2025-01-29T07:45:00+08:00,8135656,0,FALSE,Wh,Commercial
142821,15,2025-01-29T08:00:00+08:00,8135678,0,FALSE,Wh,Commercial
142821,15,2025-01-29T08:15:00+08:00,8135700,0,FALSE,Wh,Commercial
142821,15,2025-01-29T08:30:00+08:00,8135721,0,FALSE,Wh,Commercial
142821,15,2025-01-29T08:45:00+08:00,8135784,0,FALSE,Wh,Commercial
142821,15,2025-01-29T09:00:00+08:00,8136274,0,FALSE,Wh,Commercial
142821,15,2025-01-29T09:15:00+08:00,8136692,0,FALSE,Wh,Commercial
142821,15,2025-01-29T09:30:00+08:00,8137139,0,FALSE,Wh,Commercial
142821,15,2025-01-29T09:45:00+08:00,8137614,0,FALSE,Wh,Commercial
142821,15,2025-01-29T10:00:00+08:00,8138123,0,FALSE,Wh,Commercial
142821,15,2025-01-29T10:15:00+08:00,8138531,0,FALSE,Wh,Commercial
142821,15,2025-01-29T10:30:00+08:00,8138928,0,FALSE,Wh,Commercial
142821,15,2025-01-29T10:45:00+08:00,8139334,0,FALSE,Wh,Commercial
142821,15,2025-01-29T11:00:00+08:00,8139735,0,FALSE,Wh,Commercial
142821,15,2025-01-29T11:15:00+08:00,8140142,0,FALSE,Wh,Commercial
142821,15,2025-01-29T11:30:00+08:00,8140554,0,FALSE,Wh,Commercial
142821,15,2025-01-29T11:45:00+08:00,8140971,0,FALSE,Wh,Commercial
142821,15,2025-01-29T12:00:00+08:00,8141438,0,FALSE,Wh,Commercial
142821,15,2025-01-29T12:15:00+08:00,8141881,0,FALSE,Wh,Commercial
142821,15,2025-01-29T12:30:00+08:00,8142323,0,FALSE,Wh,Commercial
142821,15,2025-01-29T12:45:00+08:00,8142763,0,FALSE,Wh,Commercial
142821,15,2025-01-29T13:00:00+08:00,8143200,0,FALSE,Wh,Commercial
142821,15,2025-01-29T13:15:00+08:00,8143635,0,FALSE,Wh,Commercial
142821,15,2025-01-29T13:30:00+08:00,8144072,0,FALSE,Wh,Commercial
142821,15,2025-01-29T13:45:00+08:00,8144515,0,FALSE,Wh,Commercial
142821,15,2025-01-29T14:00:00+08:00,8144961,0,FALSE,Wh,Commercial
142821,15,2025-01-29T14:15:00+08:00,8145412,0,FALSE,Wh,Commercial
142821,15,2025-01-29T14:30:00+08:00,8145878,0,FALSE,Wh,Commercial
142821,15,2025-01-29T14:45:00+08:00,8146379,0,FALSE,Wh,Commercial
142821,15,2025-01-29T15:00:00+08:00,8147296,0,FALSE,Wh,Commercial
142821,15,2025-01-29T15:15:00+08:00,8148349,0,FALSE,Wh,Commercial
142821,15,2025-01-29T15:30:00+08:00,8149387,0,FALSE,Wh,Commercial
142821,15,2025-01-29T15:45:00+08:00,8150426,0,FALSE,Wh,Commercial
142821,15,2025-01-29T16:00:00+08:00,8151440,0,FALSE,Wh,Commercial
142821,15,2025-01-29T16:15:00+08:00,8152757,0,FALSE,Wh,Commercial
142821,15,2025-01-29T16:30:00+08:00,8153448,0,FALSE,Wh,Commercial
142821,15,2025-01-29T16:45:00+08:00,8154444,0,FALSE,Wh,Commercial
142821,15,2025-01-29T17:00:00+08:00,8155381,0,FALSE,Wh,Commercial
142821,15,2025-01-29T17:15:00+08:00,8155432,0,FALSE,Wh,Commercial
142821,15,2025-01-29T17:30:00+08:00,8155469,0,FALSE,Wh,Commercial
142821,15,2025-01-29T17:45:00+08:00,8155504,0,FALSE,Wh,Commercial
142821,15,2025-01-29T18:00:00+08:00,8155534,0,FALSE,Wh,Commercial
142821,15,2025-01-29T18:15:00+08:00,8155553,0,FALSE,Wh,Commercial
142821,15,2025-01-29T18:30:00+08:00,8155570,0,FALSE,Wh,Commercial
142821,15,2025-01-29T18:45:00+08:00,8155588,0,FALSE,Wh,Commercial
142821,15,2025-01-29T19:00:00+08:00,8155606,0,FALSE,Wh,Commercial
142821,15,2025-01-29T19:15:00+08:00,8155624,0,FALSE,Wh,Commercial
142821,15,2025-01-29T19:30:00+08:00,8155649,0,FALSE,Wh,Commercial
142821,15,2025-01-29T19:45:00+08:00,8155682,0,FALSE,Wh,Commercial
142821,15,2025-01-29T20:00:00+08:00,8155714,0,FALSE,Wh,Commercial
142821,15,2025-01-29T20:15:00+08:00,8155746,0,FALSE,Wh,Commercial
142821,15,2025-01-29T20:30:00+08:00,8155778,0,FALSE,Wh,Commercial
142821,15,2025-01-29T20:45:00+08:00,8155803,0,FALSE,Wh,Commercial
142821,15,2025-01-29T21:00:00+08:00,8155820,0,FALSE,Wh,Commercial
142821,15,2025-01-29T21:15:00+08:00,8155838,0,FALSE,Wh,Commercial
142821,15,2025-01-29T21:30:00+08:00,8155856,0,FALSE,Wh,Commercial
142821,15,2025-01-29T21:45:00+08:00,8155874,0,FALSE,Wh,Commercial
142821,15,2025-01-29T22:00:00+08:00,8155892,0,FALSE,Wh,Commercial
142821,15,2025-01-29T22:15:00+08:00,8155925,0,FALSE,Wh,Commercial
142821,15,2025-01-29T22:30:00+08:00,8155957,0,FALSE,Wh,Commercial
142821,15,2025-01-29T22:45:00+08:00,8155987,0,FALSE,Wh,Commercial
142821,15,2025-01-29T23:00:00+08:00,8156017,0,FALSE,Wh,Commercial
142821,15,2025-01-29T23:15:00+08:00,8156048,0,FALSE,Wh,Commercial
142821,15,2025-01-29T23:30:00+08:00,8156064,0,FALSE,Wh,Commercial
142821,15,2025-01-29T23:45:00+08:00,8156081,0,FALSE,Wh,Commercial
142821,15,2025-01-30T00:00:00+08:00,8156097,0,FALSE,Wh,Commercial
142821,15,2025-01-30T00:15:00+08:00,8156113,0,FALSE,Wh,Commercial
142821,15,2025-01-30T00:30:00+08:00,8156130,0,FALSE,Wh,Commercial
142821,15,2025-01-30T00:45:00+08:00,8156155,0,FALSE,Wh,Commercial
142821,15,2025-01-30T01:00:00+08:00,8156186,0,FALSE,Wh,Commercial
142821,15,2025-01-30T01:15:00+08:00,8156217,0,FALSE,Wh,Commercial
142821,15,2025-01-30T01:30:00+08:00,8156248,0,FALSE,Wh,Commercial
142821,15,2025-01-30T01:45:00+08:00,8156278,0,FALSE,Wh,Commercial
142821,15,2025-01-30T02:00:00+08:00,8156303,0,FALSE,Wh,Commercial
142821,15,2025-01-30T02:15:00+08:00,8156320,0,FALSE,Wh,Commercial
142821,15,2025-01-30T02:30:00+08:00,8156336,0,FALSE,Wh,Commercial
142821,15,2025-01-30T02:45:00+08:00,8156352,0,FALSE,Wh,Commercial
142821,15,2025-01-30T03:00:00+08:00,8156368,0,FALSE,Wh,Commercial
142821,15,2025-01-30T03:15:00+08:00,8156385,0,FALSE,Wh,Commercial
142821,15,2025-01-30T03:30:00+08:00,8156415,0,FALSE,Wh,Commercial
142821,15,2025-01-30T03:45:00+08:00,8156446,0,FALSE,Wh,Commercial
142821,15,2025-01-30T04:00:00+08:00,8156476,0,FALSE,Wh,Commercial
142821,15,2025-01-30T04:15:00+08:00,8156507,0,FALSE,Wh,Commercial
142821,15,2025-01-30T04:30:00+08:00,8156537,0,FALSE,Wh,Commercial
142821,15,2025-01-30T04:45:00+08:00,8156555,0,FALSE,Wh,Commercial
142821,15,2025-01-30T05:00:00+08:00,8156572,0,FALSE,Wh,Commercial
142821,15,2025-01-30T05:15:00+08:00,8156588,0,FALSE,Wh,Commercial
142821,15,2025-01-30T05:30:00+08:00,8156604,0,FALSE,Wh,Commercial
142821,15,2025-01-30T05:45:00+08:00,8156620,0,FALSE,Wh,Commercial
142821,15,2025-01-30T06:00:00+08:00,8156642,0,FALSE,Wh,Commercial
142821,15,2025-01-30T06:15:00+08:00,8156673,0,FALSE,Wh,Commercial
142821,15,2025-01-30T06:30:00+08:00,8156704,0,FALSE,Wh,Commercial
142821,15,2025-01-30T06:45:00+08:00,8156735,0,FALSE,Wh,Commercial
142821,15,2025-01-30T07:00:00+08:00,8156764,0,FALSE,Wh,Commercial
142821,15,2025-01-30T07:15:00+08:00,8156789,0,FALSE,Wh,Commercial
142821,15,2025-01-30T07:30:00+08:00,8156806,0,FALSE,Wh,Commercial
142821,15,2025-01-30T07:45:00+08:00,8156822,0,FALSE,Wh,Commercial
142821,15,2025-01-30T08:00:00+08:00,8156838,0,FALSE,Wh,Commercial
142821,15,2025-01-30T08:15:00+08:00,8156854,0,FALSE,Wh,Commercial
142821,15,2025-01-30T08:30:00+08:00,8156902,0,FALSE,Wh,Commercial
142821,15,2025-01-30T08:45:00+08:00,8156968,0,FALSE,Wh,Commercial
142821,15,2025-01-30T09:00:00+08:00,8157071,0,FALSE,Wh,Commercial
142821,15,2025-01-30T09:15:00+08:00,8157561,0,FALSE,Wh,Commercial
142821,15,2025-01-30T09:30:00+08:00,8158243,0,FALSE,Wh,Commercial
142821,15,2025-01-30T09:45:00+08:00,8158779,0,FALSE,Wh,Commercial
142821,15,2025-01-30T10:00:00+08:00,8159308,0,FALSE,Wh,Commercial
142821,15,2025-01-30T10:15:00+08:00,8159806,0,FALSE,Wh,Commercial
142821,15,2025-01-30T10:30:00+08:00,8160323,0,FALSE,Wh,Commercial
142821,15,2025-01-30T10:45:00+08:00,8160844,0,FALSE,Wh,Commercial
142821,15,2025-01-30T11:00:00+08:00,8161339,0,FALSE,Wh,Commercial
142821,15,2025-01-30T11:15:00+08:00,8161846,0,FALSE,Wh,Commercial
142821,15,2025-01-30T11:30:00+08:00,8162497,0,FALSE,Wh,Commercial
142821,15,2025-01-30T11:45:00+08:00,8163244,0,FALSE,Wh,Commercial
142821,15,2025-01-30T12:00:00+08:00,8163858,0,FALSE,Wh,Commercial
142821,15,2025-01-30T12:15:00+08:00,8165103,0,FALSE,Wh,Commercial
142821,15,2025-01-30T12:30:00+08:00,8166074,0,FALSE,Wh,Commercial
142821,15,2025-01-30T12:45:00+08:00,8167023,0,FALSE,Wh,Commercial
142821,15,2025-01-30T13:00:00+08:00,8167967,0,FALSE,Wh,Commercial
142821,15,2025-01-30T13:15:00+08:00,8168912,0,FALSE,Wh,Commercial
142821,15,2025-01-30T13:30:00+08:00,8169856,0,FALSE,Wh,Commercial
142821,15,2025-01-30T13:45:00+08:00,8170822,0,FALSE,Wh,Commercial
142821,15,2025-01-30T14:00:00+08:00,8171773,0,FALSE,Wh,Commercial
142821,15,2025-01-30T14:15:00+08:00,8172729,0,FALSE,Wh,Commercial
142821,15,2025-01-30T14:30:00+08:00,8173608,0,FALSE,Wh,Commercial
142821,15,2025-01-30T14:45:00+08:00,8174537,0,FALSE,Wh,Commercial
142821,15,2025-01-30T15:00:00+08:00,8175468,0,FALSE,Wh,Commercial
142821,15,2025-01-30T15:15:00+08:00,8176420,0,FALSE,Wh,Commercial
142821,15,2025-01-30T15:30:00+08:00,8177370,0,FALSE,Wh,Commercial
142821,15,2025-01-30T15:45:00+08:00,8178312,0,FALSE,Wh,Commercial
142821,15,2025-01-30T16:00:00+08:00,8179243,0,FALSE,Wh,Commercial
142821,15,2025-01-30T16:15:00+08:00,8180160,0,FALSE,Wh,Commercial
142821,15,2025-01-30T16:30:00+08:00,8180940,0,FALSE,Wh,Commercial
142821,15,2025-01-30T16:45:00+08:00,8181910,0,FALSE,Wh,Commercial
142821,15,2025-01-30T17:00:00+08:00,8182880,0,FALSE,Wh,Commercial
142821,15,2025-01-30T17:15:00+08:00,8183852,0,FALSE,Wh,Commercial
142821,15,2025-01-30T17:30:00+08:00,8184830,0,FALSE,Wh,Commercial
142821,15,2025-01-30T17:45:00+08:00,8185803,0,FALSE,Wh,Commercial
142821,15,2025-01-30T18:00:00+08:00,8186662,0,FALSE,Wh,Commercial
142821,15,2025-01-30T18:15:00+08:00,8187517,0,FALSE,Wh,Commercial
142821,15,2025-01-30T18:30:00+08:00,8188365,0,FALSE,Wh,Commercial
142821,15,2025-01-30T18:45:00+08:00,8189219,0,FALSE,Wh,Commercial
142821,15,2025-01-30T19:00:00+08:00,8190034,0,FALSE,Wh,Commercial
142821,15,2025-01-30T19:15:00+08:00,8190368,0,FALSE,Wh,Commercial
142821,15,2025-01-30T19:30:00+08:00,8190409,0,FALSE,Wh,Commercial
142821,15,2025-01-30T19:45:00+08:00,8190448,0,FALSE,Wh,Commercial
142821,15,2025-01-30T20:00:00+08:00,8190484,0,FALSE,Wh,Commercial
142821,15,2025-01-30T20:15:00+08:00,8190516,0,FALSE,Wh,Commercial
142821,15,2025-01-30T20:30:00+08:00,8190537,0,FALSE,Wh,Commercial
142821,15,2025-01-30T20:45:00+08:00,8190557,0,FALSE,Wh,Commercial
142821,15,2025-01-30T21:00:00+08:00,8190577,0,FALSE,Wh,Commercial
142821,15,2025-01-30T21:15:00+08:00,8190597,0,FALSE,Wh,Commercial
142821,15,2025-01-30T21:30:00+08:00,8190617,0,FALSE,Wh,Commercial
142821,15,2025-01-30T21:45:00+08:00,8190645,0,FALSE,Wh,Commercial
142821,15,2025-01-30T22:00:00+08:00,8190679,0,FALSE,Wh,Commercial
142821,15,2025-01-30T22:15:00+08:00,8190713,0,FALSE,Wh,Commercial
142821,15,2025-01-30T22:30:00+08:00,8190747,0,FALSE,Wh,Commercial
142821,15,2025-01-30T22:45:00+08:00,8190779,0,FALSE,Wh,Commercial
142821,15,2025-01-30T23:00:00+08:00,8190800,0,FALSE,Wh,Commercial
142821,15,2025-01-30T23:15:00+08:00,8190818,0,FALSE,Wh,Commercial
142821,15,2025-01-30T23:30:00+08:00,8190836,0,FALSE,Wh,Commercial
142821,15,2025-01-30T23:45:00+08:00,8190855,0,FALSE,Wh,Commercial
142821,15,2025-01-31T00:00:00+08:00,8190873,0,FALSE,Wh,Commercial
142821,15,2025-01-31T00:15:00+08:00,8190894,0,FALSE,Wh,Commercial
142821,15,2025-01-31T00:30:00+08:00,8190928,0,FALSE,Wh,Commercial
142821,15,2025-01-31T00:45:00+08:00,8190961,0,FALSE,Wh,Commercial
142821,15,2025-01-31T01:00:00+08:00,8190994,0,FALSE,Wh,Commercial
142821,15,2025-01-31T01:15:00+08:00,8191026,0,FALSE,Wh,Commercial
142821,15,2025-01-31T01:30:00+08:00,8191054,0,FALSE,Wh,Commercial
142821,15,2025-01-31T01:45:00+08:00,8191073,0,FALSE,Wh,Commercial
142821,15,2025-01-31T02:00:00+08:00,8191091,0,FALSE,Wh,Commercial
142821,15,2025-01-31T02:15:00+08:00,8191110,0,FALSE,Wh,Commercial
142821,15,2025-01-31T02:30:00+08:00,8191128,0,FALSE,Wh,Commercial
142821,15,2025-01-31T02:45:00+08:00,8191147,0,FALSE,Wh,Commercial
142821,15,2025-01-31T03:00:00+08:00,8191175,0,FALSE,Wh,Commercial
142821,15,2025-01-31T03:15:00+08:00,8191209,0,FALSE,Wh,Commercial
142821,15,2025-01-31T03:30:00+08:00,8191242,0,FALSE,Wh,Commercial
142821,15,2025-01-31T03:45:00+08:00,8191275,0,FALSE,Wh,Commercial
142821,15,2025-01-31T04:00:00+08:00,8191306,0,FALSE,Wh,Commercial
142821,15,2025-01-31T04:15:00+08:00,8191324,0,FALSE,Wh,Commercial
142821,15,2025-01-31T04:30:00+08:00,8191343,0,FALSE,Wh,Commercial
142821,15,2025-01-31T04:45:00+08:00,8191361,0,FALSE,Wh,Commercial
142821,15,2025-01-31T05:00:00+08:00,8191380,0,FALSE,Wh,Commercial
142821,15,2025-01-31T05:15:00+08:00,8191398,0,FALSE,Wh,Commercial
142821,15,2025-01-31T05:30:00+08:00,8191422,0,FALSE,Wh,Commercial
142821,15,2025-01-31T05:45:00+08:00,8191455,0,FALSE,Wh,Commercial
142821,15,2025-01-31T06:00:00+08:00,8191488,0,FALSE,Wh,Commercial
142821,15,2025-01-31T06:15:00+08:00,8191520,0,FALSE,Wh,Commercial
142821,15,2025-01-31T06:30:00+08:00,8191552,0,FALSE,Wh,Commercial
142821,15,2025-01-31T06:45:00+08:00,8191573,0,FALSE,Wh,Commercial
142821,15,2025-01-31T07:00:00+08:00,8191592,0,FALSE,Wh,Commercial
142821,15,2025-01-31T07:15:00+08:00,8191610,0,FALSE,Wh,Commercial
142821,15,2025-01-31T07:30:00+08:00,8191629,0,FALSE,Wh,Commercial
142821,15,2025-01-31T07:45:00+08:00,8191647,0,FALSE,Wh,Commercial
142821,15,2025-01-31T08:00:00+08:00,8191668,0,FALSE,Wh,Commercial
142821,15,2025-01-31T08:15:00+08:00,8191701,0,FALSE,Wh,Commercial
142821,15,2025-01-31T08:30:00+08:00,8191734,0,FALSE,Wh,Commercial
142821,15,2025-01-31T08:45:00+08:00,8191771,0,FALSE,Wh,Commercial
142821,15,2025-01-31T09:00:00+08:00,8192129,0,FALSE,Wh,Commercial
142821,15,2025-01-31T09:15:00+08:00,8192627,0,FALSE,Wh,Commercial
142821,15,2025-01-31T09:30:00+08:00,8193158,0,FALSE,Wh,Commercial
142821,15,2025-01-31T09:45:00+08:00,8193694,0,FALSE,Wh,Commercial
142821,15,2025-01-31T10:00:00+08:00,8194219,0,FALSE,Wh,Commercial
142821,15,2025-01-31T10:15:00+08:00,8194741,0,FALSE,Wh,Commercial
142821,15,2025-01-31T10:30:00+08:00,8195240,0,FALSE,Wh,Commercial
142821,15,2025-01-31T10:45:00+08:00,8195705,0,FALSE,Wh,Commercial
142821,15,2025-01-31T11:00:00+08:00,8196173,0,FALSE,Wh,Commercial
142821,15,2025-01-31T11:15:00+08:00,8196644,0,FALSE,Wh,Commercial
142821,15,2025-01-31T11:30:00+08:00,8197132,0,FALSE,Wh,Commercial
142821,15,2025-01-31T11:45:00+08:00,8197705,0,FALSE,Wh,Commercial
142821,15,2025-01-31T12:00:00+08:00,8198287,0,FALSE,Wh,Commercial
142821,15,2025-01-31T12:15:00+08:00,8198808,0,FALSE,Wh,Commercial
142821,15,2025-01-31T12:30:00+08:00,8199271,0,FALSE,Wh,Commercial
142821,15,2025-01-31T12:45:00+08:00,8199730,0,FALSE,Wh,Commercial
142821,15,2025-01-31T13:00:00+08:00,8200179,0,FALSE,Wh,Commercial
142821,15,2025-01-31T13:15:00+08:00,8200627,0,FALSE,Wh,Commercial
142821,15,2025-01-31T13:30:00+08:00,8201075,0,FALSE,Wh,Commercial
142821,15,2025-01-31T13:45:00+08:00,8201556,0,FALSE,Wh,Commercial
142821,15,2025-01-31T14:00:00+08:00,8202034,0,FALSE,Wh,Commercial
142821,15,2025-01-31T14:15:00+08:00,8202456,0,FALSE,Wh,Commercial
142821,15,2025-01-31T14:30:00+08:00,8202876,0,FALSE,Wh,Commercial
142821,15,2025-01-31T14:45:00+08:00,8203296,0,FALSE,Wh,Commercial
142821,15,2025-01-31T15:00:00+08:00,8203756,0,FALSE,Wh,Commercial
142821,15,2025-01-31T15:15:00+08:00,8204216,0,FALSE,Wh,Commercial
142821,15,2025-01-31T15:30:00+08:00,8204672,0,FALSE,Wh,Commercial
142821,15,2025-01-31T15:45:00+08:00,8205462,0,FALSE,Wh,Commercial
142821,15,2025-01-31T16:00:00+08:00,8206768,0,FALSE,Wh,Commercial
142821,15,2025-01-31T16:15:00+08:00,8207822,0,FALSE,Wh,Commercial
142821,15,2025-01-31T16:30:00+08:00,8208875,0,FALSE,Wh,Commercial
142821,15,2025-01-31T16:45:00+08:00,8209932,0,FALSE,Wh,Commercial
142821,15,2025-01-31T17:00:00+08:00,8210379,0,FALSE,Wh,Commercial
142821,15,2025-01-31T17:15:00+08:00,8210416,0,FALSE,Wh,Commercial
142821,15,2025-01-31T17:30:00+08:00,8210452,0,FALSE,Wh,Commercial
142821,15,2025-01-31T17:45:00+08:00,8210484,0,FALSE,Wh,Commercial
142821,15,2025-01-31T18:00:00+08:00,8210503,0,FALSE,Wh,Commercial
142821,15,2025-01-31T18:15:00+08:00,8210522,0,FALSE,Wh,Commercial
142821,15,2025-01-31T18:30:00+08:00,8210540,0,FALSE,Wh,Commercial
142821,15,2025-01-31T18:45:00+08:00,8210558,0,FALSE,Wh,Commercial
142821,15,2025-01-31T19:00:00+08:00,8210575,0,FALSE,Wh,Commercial
142821,15,2025-01-31T19:15:00+08:00,8210602,0,FALSE,Wh,Commercial
142821,15,2025-01-31T19:30:00+08:00,8210634,0,FALSE,Wh,Commercial
142821,15,2025-01-31T19:45:00+08:00,8210666,0,FALSE,Wh,Commercial
142821,15,2025-01-31T20:00:00+08:00,8210698,0,FALSE,Wh,Commercial
142821,15,2025-01-31T20:15:00+08:00,8210730,0,FALSE,Wh,Commercial
142821,15,2025-01-31T20:30:00+08:00,8210751,0,FALSE,Wh,Commercial
142821,15,2025-01-31T20:45:00+08:00,8210769,0,FALSE,Wh,Commercial
142821,15,2025-01-31T21:00:00+08:00,8210787,0,FALSE,Wh,Commercial
142821,15,2025-01-31T21:15:00+08:00,8210804,0,FALSE,Wh,Commercial
142821,15,2025-01-31T21:30:00+08:00,8210822,0,FALSE,Wh,Commercial
142821,15,2025-01-31T21:45:00+08:00,8210844,0,FALSE,Wh,Commercial
142821,15,2025-01-31T22:00:00+08:00,8210876,0,FALSE,Wh,Commercial
142821,15,2025-01-31T22:15:00+08:00,8210908,0,FALSE,Wh,Commercial
142821,15,2025-01-31T22:30:00+08:00,8210940,0,FALSE,Wh,Commercial
142821,15,2025-01-31T22:45:00+08:00,8210970,0,FALSE,Wh,Commercial
142821,15,2025-01-31T23:00:00+08:00,8210995,0,FALSE,Wh,Commercial
142821,15,2025-01-31T23:15:00+08:00,8211011,0,FALSE,Wh,Commercial
142821,15,2025-01-31T23:30:00+08:00,8211028,0,FALSE,Wh,Commercial
142821,15,2025-01-31T23:45:00+08:00,8211044,0,FALSE,Wh,Commercial
142821,15,2025-02-01T00:00:00+08:00,8211060,0,FALSE,Wh,Commercial
142821,15,2025-02-01T00:15:00+08:00,8211077,0,FALSE,Wh,Commercial
142821,15,2025-02-01T00:30:00+08:00,8211106,0,FALSE,Wh,Commercial
142821,15,2025-02-01T00:45:00+08:00,8211137,0,FALSE,Wh,Commercial
142821,15,2025-02-01T01:00:00+08:00,8211168,0,FALSE,Wh,Commercial
142821,15,2025-02-01T01:15:00+08:00,8211198,0,FALSE,Wh,Commercial
142821,15,2025-02-01T01:30:00+08:00,8211228,0,FALSE,Wh,Commercial
142821,15,2025-02-01T01:45:00+08:00,8211246,0,FALSE,Wh,Commercial
142821,15,2025-02-01T02:00:00+08:00,8211262,0,FALSE,Wh,Commercial
142821,15,2025-02-01T02:15:00+08:00,8211280,0,FALSE,Wh,Commercial
142821,15,2025-02-01T02:30:00+08:00,8211302,0,FALSE,Wh,Commercial
142821,15,2025-02-01T02:45:00+08:00,8211323,0,FALSE,Wh,Commercial
142821,15,2025-02-01T03:00:00+08:00,8211349,0,FALSE,Wh,Commercial
142821,15,2025-02-01T03:15:00+08:00,8211385,0,FALSE,Wh,Commercial
142821,15,2025-02-01T03:30:00+08:00,8211421,0,FALSE,Wh,Commercial
142821,15,2025-02-01T03:45:00+08:00,8211457,0,FALSE,Wh,Commercial
142821,15,2025-02-01T04:00:00+08:00,8211491,0,FALSE,Wh,Commercial
142821,15,2025-02-01T04:15:00+08:00,8211521,0,FALSE,Wh,Commercial
142821,15,2025-02-01T04:30:00+08:00,8211543,0,FALSE,Wh,Commercial
142821,15,2025-02-01T04:45:00+08:00,8211564,0,FALSE,Wh,Commercial
142821,15,2025-02-01T05:00:00+08:00,8211585,0,FALSE,Wh,Commercial
142821,15,2025-02-01T05:15:00+08:00,8211606,0,FALSE,Wh,Commercial
142821,15,2025-02-01T05:30:00+08:00,8211628,0,FALSE,Wh,Commercial
142821,15,2025-02-01T05:45:00+08:00,8211660,0,FALSE,Wh,Commercial
142821,15,2025-02-01T06:00:00+08:00,8211696,0,FALSE,Wh,Commercial
142821,15,2025-02-01T06:15:00+08:00,8211732,0,FALSE,Wh,Commercial
142821,15,2025-02-01T06:30:00+08:00,8211767,0,FALSE,Wh,Commercial
142821,15,2025-02-01T06:45:00+08:00,8211802,0,FALSE,Wh,Commercial
142821,15,2025-02-01T07:00:00+08:00,8211825,0,FALSE,Wh,Commercial
142821,15,2025-02-01T07:15:00+08:00,8211846,0,FALSE,Wh,Commercial
142821,15,2025-02-01T07:30:00+08:00,8211868,0,FALSE,Wh,Commercial
142821,15,2025-02-01T07:45:00+08:00,8211889,0,FALSE,Wh,Commercial
142821,15,2025-02-01T08:00:00+08:00,8211910,0,FALSE,Wh,Commercial
142821,15,2025-02-01T08:15:00+08:00,8211935,0,FALSE,Wh,Commercial
142821,15,2025-02-01T08:30:00+08:00,8211971,0,FALSE,Wh,Commercial
142821,15,2025-02-01T08:45:00+08:00,8212163,0,FALSE,Wh,Commercial
142821,15,2025-02-01T09:00:00+08:00,8212533,0,FALSE,Wh,Commercial
142821,15,2025-02-01T09:15:00+08:00,8212949,0,FALSE,Wh,Commercial
142821,15,2025-02-01T09:30:00+08:00,8213376,0,FALSE,Wh,Commercial
142821,15,2025-02-01T09:45:00+08:00,8213803,0,FALSE,Wh,Commercial
142821,15,2025-02-01T10:00:00+08:00,8214233,0,FALSE,Wh,Commercial
142821,15,2025-02-01T10:15:00+08:00,8214640,0,FALSE,Wh,Commercial
142821,15,2025-02-01T10:30:00+08:00,8215035,0,FALSE,Wh,Commercial
142821,15,2025-02-01T10:45:00+08:00,8215368,0,FALSE,Wh,Commercial
142821,15,2025-02-01T11:00:00+08:00,8215739,0,FALSE,Wh,Commercial
142821,15,2025-02-01T11:15:00+08:00,8216104,0,FALSE,Wh,Commercial
142821,15,2025-02-01T11:30:00+08:00,8216516,0,FALSE,Wh,Commercial
142821,15,2025-02-01T11:45:00+08:00,8216964,0,FALSE,Wh,Commercial
142821,15,2025-02-01T12:00:00+08:00,8217322,0,FALSE,Wh,Commercial
142821,15,2025-02-01T12:15:00+08:00,8217733,0,FALSE,Wh,Commercial
142821,15,2025-02-01T12:30:00+08:00,8218195,0,FALSE,Wh,Commercial
142821,15,2025-02-01T12:45:00+08:00,8218580,0,FALSE,Wh,Commercial
142821,15,2025-02-01T13:00:00+08:00,8218964,0,FALSE,Wh,Commercial
142821,15,2025-02-01T13:15:00+08:00,8219351,0,FALSE,Wh,Commercial
142821,15,2025-02-01T13:30:00+08:00,8219764,0,FALSE,Wh,Commercial
142821,15,2025-02-01T13:45:00+08:00,8220197,0,FALSE,Wh,Commercial
142821,15,2025-02-01T14:00:00+08:00,8220626,0,FALSE,Wh,Commercial
142821,15,2025-02-01T14:15:00+08:00,8220626,0,FALSE,Wh,Commercial
142821,15,2025-02-01T14:30:00+08:00,8220626,0,FALSE,Wh,Commercial
142821,15,2025-02-01T14:45:00+08:00,8220626,0,FALSE,Wh,Commercial
142821,15,2025-02-01T15:00:00+08:00,8220626,0,FALSE,Wh,Commercial
142821,15,2025-02-01T15:15:00+08:00,8220626,0,FALSE,Wh,Commercial
142821,15,2025-02-01T15:30:00+08:00,8220626,0,FALSE,Wh,Commercial
142821,15,2025-02-01T15:45:00+08:00,8220626,0,FALSE,Wh,Commercial
142821,15,2025-02-01T16:00:00+08:00,8220626,0,FALSE,Wh,Commercial
142821,15,2025-02-01T16:15:00+08:00,8220626,0,FALSE,Wh,Commercial
142821,15,2025-02-01T16:30:00+08:00,8220626,0,FALSE,Wh,Commercial
142821,15,2025-02-01T16:45:00+08:00,8220626,0,FALSE,Wh,Commercial
142821,15,2025-02-01T17:00:00+08:00,8220626,0,FALSE,Wh,Commercial
142821,15,2025-02-01T17:15:00+08:00,8220626,0,FALSE,Wh,Commercial
142821,15,2025-02-01T17:30:00+08:00,8220626,0,FALSE,Wh,Commercial
142821,15,2025-02-01T17:45:00+08:00,8220626,0,FALSE,Wh,Commercial
142821,15,2025-02-01T18:00:00+08:00,8220626,0,FALSE,Wh,Commercial
142821,15,2025-02-01T18:15:00+08:00,8220626,0,FALSE,Wh,Commercial
142821,15,2025-02-01T18:30:00+08:00,8220626,0,FALSE,Wh,Commercial
142821,15,2025-02-01T18:45:00+08:00,8220626,0,FALSE,Wh,Commercial
142821,15,2025-02-01T19:00:00+08:00,8220626,0,FALSE,Wh,Commercial
142821,15,2025-02-01T19:15:00+08:00,8220626,0,FALSE,Wh,Commercial
142821,15,2025-02-01T19:30:00+08:00,8220626,0,FALSE,Wh,Commercial
142821,15,2025-02-01T19:45:00+08:00,8220626,0,FALSE,Wh,Commercial
142821,15,2025-02-01T20:00:00+08:00,8220626,0,FALSE,Wh,Commercial
142821,15,2025-02-01T20:15:00+08:00,8220626,0,FALSE,Wh,Commercial
142821,15,2025-02-01T20:30:00+08:00,8220626,0,FALSE,Wh,Commercial
142821,15,2025-02-01T20:45:00+08:00,8220626,0,FALSE,Wh,Commercial
142821,15,2025-02-01T21:00:00+08:00,8220626,0,FALSE,Wh,Commercial
142821,15,2025-02-01T21:15:00+08:00,8220626,0,FALSE,Wh,Commercial
142821,15,2025-02-01T21:30:00+08:00,8220626,0,FALSE,Wh,Commercial
142821,15,2025-02-01T21:45:00+08:00,8220626,0,FALSE,Wh,Commercial
142821,15,2025-02-01T22:00:00+08:00,8220626,0,FALSE,Wh,Commercial
142821,15,2025-02-01T22:15:00+08:00,8220626,0,FALSE,Wh,Commercial
142821,15,2025-02-01T22:30:00+08:00,8220626,0,FALSE,Wh,Commercial
142821,15,2025-02-01T22:45:00+08:00,8220626,0,FALSE,Wh,Commercial
142821,15,2025-02-01T23:00:00+08:00,8220626,0,FALSE,Wh,Commercial
142821,15,2025-02-01T23:15:00+08:00,8220626,0,FALSE,Wh,Commercial
142821,15,2025-02-01T23:30:00+08:00,8220626,0,FALSE,Wh,Commercial
142821,15,2025-02-01T23:45:00+08:00,8220626,0,FALSE,Wh,Commercial
142821,15,2025-02-02T00:00:00+08:00,8220626,0,FALSE,Wh,Commercial
142821,15,2025-02-02T00:15:00+08:00,8220626,0,FALSE,Wh,Commercial
142821,15,2025-02-02T00:30:00+08:00,8220626,0,FALSE,Wh,Commercial
142821,15,2025-02-02T00:45:00+08:00,8220626,0,FALSE,Wh,Commercial
142821,15,2025-02-02T01:00:00+08:00,8220626,0,FALSE,Wh,Commercial
142821,15,2025-02-02T01:15:00+08:00,8220626,0,FALSE,Wh,Commercial
142821,15,2025-02-02T01:30:00+08:00,8220626,0,FALSE,Wh,Commercial
142821,15,2025-02-02T01:45:00+08:00,8220626,0,FALSE,Wh,Commercial
142821,15,2025-02-02T02:00:00+08:00,8220626,0,FALSE,Wh,Commercial
142821,15,2025-02-02T02:15:00+08:00,8220626,0,FALSE,Wh,Commercial
142821,15,2025-02-02T02:30:00+08:00,8220626,0,FALSE,Wh,Commercial
142821,15,2025-02-02T02:45:00+08:00,8220626,0,FALSE,Wh,Commercial
142821,15,2025-02-02T03:00:00+08:00,8220626,0,FALSE,Wh,Commercial
142821,15,2025-02-02T03:15:00+08:00,8220626,0,FALSE,Wh,Commercial
142821,15,2025-02-02T03:30:00+08:00,8220626,0,FALSE,Wh,Commercial
142821,15,2025-02-02T03:45:00+08:00,8220626,0,FALSE,Wh,Commercial
142821,15,2025-02-02T04:00:00+08:00,8220626,0,FALSE,Wh,Commercial
142821,15,2025-02-02T04:15:00+08:00,8220626,0,FALSE,Wh,Commercial
142821,15,2025-02-02T04:30:00+08:00,8220626,0,FALSE,Wh,Commercial
142821,15,2025-02-02T04:45:00+08:00,8220626,0,FALSE,Wh,Commercial
142821,15,2025-02-02T05:00:00+08:00,8220626,0,FALSE,Wh,Commercial
142821,15,2025-02-02T05:15:00+08:00,8220626,0,FALSE,Wh,Commercial
142821,15,2025-02-02T05:30:00+08:00,8220626,0,FALSE,Wh,Commercial
142821,15,2025-02-02T05:45:00+08:00,8220626,0,FALSE,Wh,Commercial
142821,15,2025-02-02T06:00:00+08:00,8220626,0,FALSE,Wh,Commercial
142821,15,2025-02-02T06:15:00+08:00,8220626,0,FALSE,Wh,Commercial
142821,15,2025-02-02T06:30:00+08:00,8220626,0,FALSE,Wh,Commercial
142821,15,2025-02-02T06:45:00+08:00,8220626,0,FALSE,Wh,Commercial
142821,15,2025-02-02T07:00:00+08:00,8220626,0,FALSE,Wh,Commercial
142821,15,2025-02-02T07:15:00+08:00,8220626,0,FALSE,Wh,Commercial
142821,15,2025-02-02T07:30:00+08:00,8220626,0,FALSE,Wh,Commercial
142821,15,2025-02-02T07:45:00+08:00,8220626,0,FALSE,Wh,Commercial
142821,15,2025-02-02T08:00:00+08:00,8220626,0,FALSE,Wh,Commercial
142821,15,2025-02-02T08:15:00+08:00,8220626,0,FALSE,Wh,Commercial
142821,15,2025-02-02T08:30:00+08:00,8220626,0,FALSE,Wh,Commercial
142821,15,2025-02-02T08:45:00+08:00,8220626,0,FALSE,Wh,Commercial
142821,15,2025-02-02T09:00:00+08:00,8220626,0,FALSE,Wh,Commercial
142821,15,2025-02-02T09:15:00+08:00,8220626,0,FALSE,Wh,Commercial
142821,15,2025-02-02T09:30:00+08:00,8220626,0,FALSE,Wh,Commercial
142821,15,2025-02-02T09:45:00+08:00,8220626,0,FALSE,Wh,Commercial
142821,15,2025-02-02T10:00:00+08:00,8220626,0,FALSE,Wh,Commercial
142821,15,2025-02-02T10:15:00+08:00,8220626,0,FALSE,Wh,Commercial
142821,15,2025-02-02T10:30:00+08:00,8220626,0,FALSE,Wh,Commercial
142821,15,2025-02-02T10:45:00+08:00,8220626,0,FALSE,Wh,Commercial
142821,15,2025-02-02T11:00:00+08:00,8220626,0,FALSE,Wh,Commercial
142821,15,2025-02-02T11:15:00+08:00,8220626,0,FALSE,Wh,Commercial
142821,15,2025-02-02T11:30:00+08:00,8220626,0,FALSE,Wh,Commercial
142821,15,2025-02-02T11:45:00+08:00,8220626,0,FALSE,Wh,Commercial
142821,15,2025-02-02T12:00:00+08:00,8220626,0,FALSE,Wh,Commercial
142821,15,2025-02-02T12:15:00+08:00,8220626,0,FALSE,Wh,Commercial
142821,15,2025-02-02T12:30:00+08:00,8220626,0,FALSE,Wh,Commercial
142821,15,2025-02-02T12:45:00+08:00,8220626,0,FALSE,Wh,Commercial
142821,15,2025-02-02T13:00:00+08:00,8220626,0,FALSE,Wh,Commercial
142821,15,2025-02-02T13:15:00+08:00,8220626,0,FALSE,Wh,Commercial
142821,15,2025-02-02T13:30:00+08:00,8220626,0,FALSE,Wh,Commercial
142821,15,2025-02-02T13:45:00+08:00,8220626,0,FALSE,Wh,Commercial
142821,15,2025-02-02T14:00:00+08:00,8220626,0,FALSE,Wh,Commercial
142821,15,2025-02-02T14:15:00+08:00,8220626,0,FALSE,Wh,Commercial
142821,15,2025-02-02T14:30:00+08:00,8220626,0,FALSE,Wh,Commercial
142821,15,2025-02-02T14:45:00+08:00,8220626,0,FALSE,Wh,Commercial
142821,15,2025-02-02T15:00:00+08:00,8220626,0,FALSE,Wh,Commercial
142821,15,2025-02-02T15:15:00+08:00,8220626,0,FALSE,Wh,Commercial
142821,15,2025-02-02T15:30:00+08:00,8220626,0,FALSE,Wh,Commercial
142821,15,2025-02-02T15:45:00+08:00,8220626,0,FALSE,Wh,Commercial
142821,15,2025-02-02T16:00:00+08:00,8220626,0,FALSE,Wh,Commercial
142821,15,2025-02-02T16:15:00+08:00,8220626,0,FALSE,Wh,Commercial
142821,15,2025-02-02T16:30:00+08:00,8220626,0,FALSE,Wh,Commercial
142821,15,2025-02-02T16:45:00+08:00,8220626,0,FALSE,Wh,Commercial
142821,15,2025-02-02T17:00:00+08:00,8220626,0,FALSE,Wh,Commercial
142821,15,2025-02-02T17:15:00+08:00,8220626,0,FALSE,Wh,Commercial
142821,15,2025-02-02T17:30:00+08:00,8220626,0,FALSE,Wh,Commercial
142821,15,2025-02-02T17:45:00+08:00,8220626,0,FALSE,Wh,Commercial
142821,15,2025-02-02T18:00:00+08:00,8220626,0,FALSE,Wh,Commercial
142821,15,2025-02-02T18:15:00+08:00,8220626,0,FALSE,Wh,Commercial
142821,15,2025-02-02T18:30:00+08:00,8220626,0,FALSE,Wh,Commercial
142821,15,2025-02-02T18:45:00+08:00,8220626,0,FALSE,Wh,Commercial
142821,15,2025-02-02T19:00:00+08:00,8220626,0,FALSE,Wh,Commercial
142821,15,2025-02-02T19:15:00+08:00,8220626,0,FALSE,Wh,Commercial
142821,15,2025-02-02T19:30:00+08:00,8220626,0,FALSE,Wh,Commercial
142821,15,2025-02-02T19:45:00+08:00,8220626,0,FALSE,Wh,Commercial
142821,15,2025-02-02T20:00:00+08:00,8220626,0,FALSE,Wh,Commercial
142821,15,2025-02-02T20:15:00+08:00,8220626,0,FALSE,Wh,Commercial
142821,15,2025-02-02T20:30:00+08:00,8220626,0,FALSE,Wh,Commercial
142821,15,2025-02-02T20:45:00+08:00,8220626,0,FALSE,Wh,Commercial
142821,15,2025-02-02T21:00:00+08:00,8220626,0,FALSE,Wh,Commercial
142821,15,2025-02-02T21:15:00+08:00,8220626,0,FALSE,Wh,Commercial
142821,15,2025-02-02T21:30:00+08:00,8220626,0,FALSE,Wh,Commercial
142821,15,2025-02-02T21:45:00+08:00,8220626,0,FALSE,Wh,Commercial
142821,15,2025-02-02T22:00:00+08:00,8220626,0,FALSE,Wh,Commercial
142821,15,2025-02-02T22:15:00+08:00,8220626,0,FALSE,Wh,Commercial
142821,15,2025-02-02T22:30:00+08:00,8220626,0,FALSE,Wh,Commercial
142821,15,2025-02-02T22:45:00+08:00,8220626,0,FALSE,Wh,Commercial
142821,15,2025-02-02T23:00:00+08:00,8220626,0,FALSE,Wh,Commercial
142821,15,2025-02-02T23:15:00+08:00,8220626,0,FALSE,Wh,Commercial
142821,15,2025-02-02T23:30:00+08:00,8220626,0,FALSE,Wh,Commercial
142821,15,2025-02-02T23:45:00+08:00,8220626,0,FALSE,Wh,Commercial
142821,15,2025-02-03T00:00:00+08:00,8220626,0,FALSE,Wh,Commercial
142821,15,2025-02-03T00:15:00+08:00,8220626,0,FALSE,Wh,Commercial
142821,15,2025-02-03T00:30:00+08:00,8220626,0,FALSE,Wh,Commercial
142821,15,2025-02-03T00:45:00+08:00,8220626,0,FALSE,Wh,Commercial
142821,15,2025-02-03T01:00:00+08:00,8220626,0,FALSE,Wh,Commercial
142821,15,2025-02-03T01:15:00+08:00,8220626,0,FALSE,Wh,Commercial
142821,15,2025-02-03T01:30:00+08:00,8220626,0,FALSE,Wh,Commercial
142821,15,2025-02-03T01:45:00+08:00,8220626,0,FALSE,Wh,Commercial
142821,15,2025-02-03T02:00:00+08:00,8220626,0,FALSE,Wh,Commercial
142821,15,2025-02-03T02:15:00+08:00,8220626,0,FALSE,Wh,Commercial
142821,15,2025-02-03T02:30:00+08:00,8220626,0,FALSE,Wh,Commercial
142821,15,2025-02-03T02:45:00+08:00,8220626,0,FALSE,Wh,Commercial
142821,15,2025-02-03T03:00:00+08:00,8220626,0,FALSE,Wh,Commercial
142821,15,2025-02-03T03:15:00+08:00,8220626,0,FALSE,Wh,Commercial
142821,15,2025-02-03T03:30:00+08:00,8220626,0,FALSE,Wh,Commercial
142821,15,2025-02-03T03:45:00+08:00,8220626,0,FALSE,Wh,Commercial
142821,15,2025-02-03T04:00:00+08:00,8220626,0,FALSE,Wh,Commercial
142821,15,2025-02-03T04:15:00+08:00,8220626,0,FALSE,Wh,Commercial
142821,15,2025-02-03T04:30:00+08:00,8220626,0,FALSE,Wh,Commercial
142821,15,2025-02-03T04:45:00+08:00,8220626,0,FALSE,Wh,Commercial
142821,15,2025-02-03T05:00:00+08:00,8220626,0,FALSE,Wh,Commercial
142821,15,2025-02-03T05:15:00+08:00,8220626,0,FALSE,Wh,Commercial
142821,15,2025-02-03T05:30:00+08:00,8220626,0,FALSE,Wh,Commercial
142821,15,2025-02-03T05:45:00+08:00,8220626,0,FALSE,Wh,Commercial
142821,15,2025-02-03T06:00:00+08:00,8220626,0,FALSE,Wh,Commercial
142821,15,2025-02-03T06:15:00+08:00,8220626,0,FALSE,Wh,Commercial
142821,15,2025-02-03T06:30:00+08:00,8220626,0,FALSE,Wh,Commercial
142821,15,2025-02-03T06:45:00+08:00,8220626,0,FALSE,Wh,Commercial
142821,15,2025-02-03T07:00:00+08:00,8220626,0,FALSE,Wh,Commercial
142821,15,2025-02-03T07:15:00+08:00,8220626,0,FALSE,Wh,Commercial
142821,15,2025-02-03T07:30:00+08:00,8220626,0,FALSE,Wh,Commercial
142821,15,2025-02-03T07:45:00+08:00,8220626,0,FALSE,Wh,Commercial
142821,15,2025-02-03T08:00:00+08:00,8220626,0,FALSE,Wh,Commercial
142821,15,2025-02-03T08:15:00+08:00,8220626,0,FALSE,Wh,Commercial
142821,15,2025-02-03T08:30:00+08:00,8220626,0,FALSE,Wh,Commercial
142821,15,2025-02-03T08:45:00+08:00,8220626,0,FALSE,Wh,Commercial
142821,15,2025-02-03T09:00:00+08:00,8220626,0,FALSE,Wh,Commercial
142821,15,2025-02-03T09:15:00+08:00,8220626,0,FALSE,Wh,Commercial
142821,15,2025-02-03T09:30:00+08:00,8220626,0,FALSE,Wh,Commercial
142821,15,2025-02-03T09:45:00+08:00,8220626,0,FALSE,Wh,Commercial
142821,15,2025-02-03T10:00:00+08:00,8220626,0,FALSE,Wh,Commercial
142821,15,2025-02-03T10:15:00+08:00,8220626,0,FALSE,Wh,Commercial
142821,15,2025-02-03T10:30:00+08:00,8220626,0,FALSE,Wh,Commercial
142821,15,2025-02-03T10:45:00+08:00,8220626,0,FALSE,Wh,Commercial
142821,15,2025-02-03T11:00:00+08:00,8220626,0,FALSE,Wh,Commercial
142821,15,2025-02-03T11:15:00+08:00,8220626,0,FALSE,Wh,Commercial
142821,15,2025-02-03T11:30:00+08:00,8220626,0,FALSE,Wh,Commercial
142821,15,2025-02-03T11:45:00+08:00,8220626,0,FALSE,Wh,Commercial
142821,15,2025-02-03T12:00:00+08:00,8220626,0,FALSE,Wh,Commercial
142821,15,2025-02-03T12:15:00+08:00,8220626,0,FALSE,Wh,Commercial
142821,15,2025-02-03T12:30:00+08:00,8220626,0,FALSE,Wh,Commercial
142821,15,2025-02-03T12:45:00+08:00,8220626,0,FALSE,Wh,Commercial
142821,15,2025-02-03T13:00:00+08:00,8220626,0,FALSE,Wh,Commercial
142821,15,2025-02-03T13:15:00+08:00,8220626,0,FALSE,Wh,Commercial
142821,15,2025-02-03T13:30:00+08:00,8220626,0,FALSE,Wh,Commercial
142821,15,2025-02-03T13:45:00+08:00,8220626,0,FALSE,Wh,Commercial
142821,15,2025-02-03T14:00:00+08:00,8220626,0,FALSE,Wh,Commercial
142821,15,2025-02-03T14:15:00+08:00,8220626,0,FALSE,Wh,Commercial
142821,15,2025-02-03T14:30:00+08:00,8220626,0,FALSE,Wh,Commercial
142821,15,2025-02-03T14:45:00+08:00,8220626,0,FALSE,Wh,Commercial
142821,15,2025-02-03T15:00:00+08:00,8220626,0,FALSE,Wh,Commercial
142821,15,2025-02-03T15:15:00+08:00,8220626,0,FALSE,Wh,Commercial
142821,15,2025-02-03T15:30:00+08:00,8220626,0,FALSE,Wh,Commercial
142821,15,2025-02-03T15:45:00+08:00,8220626,0,FALSE,Wh,Commercial
142821,15,2025-02-03T16:00:00+08:00,8220626,0,FALSE,Wh,Commercial
142821,15,2025-02-03T16:15:00+08:00,8220626,0,FALSE,Wh,Commercial
142821,15,2025-02-03T16:30:00+08:00,8220626,0,FALSE,Wh,Commercial
142821,15,2025-02-03T16:45:00+08:00,8220626,0,FALSE,Wh,Commercial
142821,15,2025-02-03T17:00:00+08:00,8220626,0,FALSE,Wh,Commercial
142821,15,2025-02-03T17:15:00+08:00,8220626,0,FALSE,Wh,Commercial
142821,15,2025-02-03T17:30:00+08:00,8220626,0,FALSE,Wh,Commercial
142821,15,2025-02-03T17:45:00+08:00,8220626,0,FALSE,Wh,Commercial
142821,15,2025-02-03T18:00:00+08:00,8220626,0,FALSE,Wh,Commercial
142821,15,2025-02-03T18:15:00+08:00,8220626,0,FALSE,Wh,Commercial
142821,15,2025-02-03T18:30:00+08:00,8220626,0,FALSE,Wh,Commercial
142821,15,2025-02-03T18:45:00+08:00,8220626,0,FALSE,Wh,Commercial
142821,15,2025-02-03T19:00:00+08:00,8220626,0,FALSE,Wh,Commercial
142821,15,2025-02-03T19:15:00+08:00,8220626,0,FALSE,Wh,Commercial
142821,15,2025-02-03T19:30:00+08:00,8220626,0,FALSE,Wh,Commercial
142821,15,2025-02-03T19:45:00+08:00,8220626,0,FALSE,Wh,Commercial
142821,15,2025-02-03T20:00:00+08:00,8220626,0,FALSE,Wh,Commercial
142821,15,2025-02-03T20:15:00+08:00,8220626,0,FALSE,Wh,Commercial
142821,15,2025-02-03T20:30:00+08:00,8220626,0,FALSE,Wh,Commercial
142821,15,2025-02-03T20:45:00+08:00,8220626,0,FALSE,Wh,Commercial
142821,15,2025-02-03T21:00:00+08:00,8220626,0,FALSE,Wh,Commercial
142821,15,2025-02-03T21:15:00+08:00,8220626,0,FALSE,Wh,Commercial
142821,15,2025-02-03T21:30:00+08:00,8220626,0,FALSE,Wh,Commercial
142821,15,2025-02-03T21:45:00+08:00,8220626,0,FALSE,Wh,Commercial
142821,15,2025-02-03T22:00:00+08:00,8220626,0,FALSE,Wh,Commercial
142821,15,2025-02-03T22:15:00+08:00,8220626,0,FALSE,Wh,Commercial
142821,15,2025-02-03T22:30:00+08:00,8220626,0,FALSE,Wh,Commercial
142821,15,2025-02-03T22:45:00+08:00,8220626,0,FALSE,Wh,Commercial
142821,15,2025-02-03T23:00:00+08:00,8220626,0,FALSE,Wh,Commercial
142821,15,2025-02-03T23:15:00+08:00,8220626,0,FALSE,Wh,Commercial
142821,15,2025-02-03T23:30:00+08:00,8220626,0,FALSE,Wh,Commercial
142821,15,2025-02-03T23:45:00+08:00,8220626,0,FALSE,Wh,Commercial
142821,15,2025-02-04T00:00:00+08:00,8220626,0,FALSE,Wh,Commercial
142821,15,2025-02-04T00:15:00+08:00,8220626,0,FALSE,Wh,Commercial
142821,15,2025-02-04T00:30:00+08:00,8220626,0,FALSE,Wh,Commercial
142821,15,2025-02-04T00:45:00+08:00,8220626,0,FALSE,Wh,Commercial
142821,15,2025-02-04T01:00:00+08:00,8220626,0,FALSE,Wh,Commercial
142821,15,2025-02-04T01:15:00+08:00,8220626,0,FALSE,Wh,Commercial
142821,15,2025-02-04T01:30:00+08:00,8220626,0,FALSE,Wh,Commercial
142821,15,2025-02-04T01:45:00+08:00,8220626,0,FALSE,Wh,Commercial
142821,15,2025-02-04T02:00:00+08:00,8220626,0,FALSE,Wh,Commercial
142821,15,2025-02-04T02:15:00+08:00,8220626,0,FALSE,Wh,Commercial
142821,15,2025-02-04T02:30:00+08:00,8220626,0,FALSE,Wh,Commercial
142821,15,2025-02-04T02:45:00+08:00,8220626,0,FALSE,Wh,Commercial
142821,15,2025-02-04T03:00:00+08:00,8220626,0,FALSE,Wh,Commercial
142821,15,2025-02-04T03:15:00+08:00,8220626,0,FALSE,Wh,Commercial
142821,15,2025-02-04T03:30:00+08:00,8220626,0,FALSE,Wh,Commercial
142821,15,2025-02-04T03:45:00+08:00,8220626,0,FALSE,Wh,Commercial
142821,15,2025-02-04T04:00:00+08:00,8220626,0,FALSE,Wh,Commercial
142821,15,2025-02-04T04:15:00+08:00,8220626,0,FALSE,Wh,Commercial
142821,15,2025-02-04T04:30:00+08:00,8220626,0,FALSE,Wh,Commercial
142821,15,2025-02-04T04:45:00+08:00,8220626,0,FALSE,Wh,Commercial
142821,15,2025-02-04T05:00:00+08:00,8220626,0,FALSE,Wh,Commercial
142821,15,2025-02-04T05:15:00+08:00,8220626,0,FALSE,Wh,Commercial
142821,15,2025-02-04T05:30:00+08:00,8220626,0,FALSE,Wh,Commercial
142821,15,2025-02-04T05:45:00+08:00,8220626,0,FALSE,Wh,Commercial
142821,15,2025-02-04T06:00:00+08:00,8220626,0,FALSE,Wh,Commercial
142821,15,2025-02-04T06:15:00+08:00,8220626,0,FALSE,Wh,Commercial
142821,15,2025-02-04T06:30:00+08:00,8220626,0,FALSE,Wh,Commercial
142821,15,2025-02-04T06:45:00+08:00,8220626,0,FALSE,Wh,Commercial
142821,15,2025-02-04T07:00:00+08:00,8220626,0,FALSE,Wh,Commercial
142821,15,2025-02-04T07:15:00+08:00,8220626,0,FALSE,Wh,Commercial
142821,15,2025-02-04T07:30:00+08:00,8220626,0,FALSE,Wh,Commercial
142821,15,2025-02-04T07:45:00+08:00,8220626,0,FALSE,Wh,Commercial
142821,15,2025-02-04T08:00:00+08:00,8220626,0,FALSE,Wh,Commercial
142821,15,2025-02-04T08:15:00+08:00,8220626,0,FALSE,Wh,Commercial
142821,15,2025-02-04T08:30:00+08:00,8220626,0,FALSE,Wh,Commercial
142821,15,2025-02-04T08:45:00+08:00,8220626,0,FALSE,Wh,Commercial
142821,15,2025-02-04T09:00:00+08:00,8220626,0,FALSE,Wh,Commercial
142821,15,2025-02-04T09:15:00+08:00,8220626,0,FALSE,Wh,Commercial
142821,15,2025-02-04T09:30:00+08:00,8220626,0,FALSE,Wh,Commercial
142821,15,2025-02-04T09:45:00+08:00,8220626,0,FALSE,Wh,Commercial
142821,15,2025-02-04T10:00:00+08:00,8220626,0,FALSE,Wh,Commercial
142821,15,2025-02-04T10:15:00+08:00,8220626,0,FALSE,Wh,Commercial
142821,15,2025-02-04T10:30:00+08:00,8220626,0,FALSE,Wh,Commercial
142821,15,2025-02-04T10:45:00+08:00,8220626,0,FALSE,Wh,Commercial
142821,15,2025-02-04T11:00:00+08:00,8220626,0,FALSE,Wh,Commercial
142821,15,2025-02-04T11:15:00+08:00,8220626,0,FALSE,Wh,Commercial
142821,15,2025-02-04T11:30:00+08:00,8220626,0,FALSE,Wh,Commercial
142821,15,2025-02-04T11:45:00+08:00,8220626,0,FALSE,Wh,Commercial
142821,15,2025-02-04T12:00:00+08:00,8220626,0,FALSE,Wh,Commercial
142821,15,2025-02-04T12:15:00+08:00,8220626,0,FALSE,Wh,Commercial
142821,15,2025-02-04T12:30:00+08:00,8220626,0,FALSE,Wh,Commercial
142821,15,2025-02-04T12:45:00+08:00,8220626,0,FALSE,Wh,Commercial
142821,15,2025-02-04T13:00:00+08:00,8220626,0,FALSE,Wh,Commercial
142821,15,2025-02-04T13:15:00+08:00,8220626,0,FALSE,Wh,Commercial
142821,15,2025-02-04T13:30:00+08:00,8220626,0,FALSE,Wh,Commercial
142821,15,2025-02-04T13:45:00+08:00,8220626,0,FALSE,Wh,Commercial
142821,15,2025-02-04T14:00:00+08:00,8220626,0,FALSE,Wh,Commercial
142821,15,2025-02-04T14:15:00+08:00,8220626,0,FALSE,Wh,Commercial
142821,15,2025-02-04T14:30:00+08:00,8220626,0,FALSE,Wh,Commercial
142821,15,2025-02-04T14:45:00+08:00,8220626,0,FALSE,Wh,Commercial
142821,15,2025-02-04T15:00:00+08:00,8220626,0,FALSE,Wh,Commercial
142821,15,2025-02-04T15:15:00+08:00,8220626,0,FALSE,Wh,Commercial
142821,15,2025-02-04T15:30:00+08:00,8220626,0,FALSE,Wh,Commercial
142821,15,2025-02-04T15:45:00+08:00,8220626,0,FALSE,Wh,Commercial
142821,15,2025-02-04T16:00:00+08:00,8220626,0,FALSE,Wh,Commercial
142821,15,2025-02-04T16:15:00+08:00,8220626,0,FALSE,Wh,Commercial
142821,15,2025-02-04T16:30:00+08:00,8220626,0,FALSE,Wh,Commercial
142821,15,2025-02-04T16:45:00+08:00,8220626,0,FALSE,Wh,Commercial
142821,15,2025-02-04T17:00:00+08:00,8220626,0,FALSE,Wh,Commercial
142821,15,2025-02-04T17:15:00+08:00,8220626,0,FALSE,Wh,Commercial
142821,15,2025-02-04T17:30:00+08:00,8220626,0,FALSE,Wh,Commercial
142821,15,2025-02-04T17:45:00+08:00,8220626,0,FALSE,Wh,Commercial
142821,15,2025-02-04T18:00:00+08:00,8220626,0,FALSE,Wh,Commercial
142821,15,2025-02-04T18:15:00+08:00,8220626,0,FALSE,Wh,Commercial
142821,15,2025-02-04T18:30:00+08:00,8220626,0,FALSE,Wh,Commercial
142821,15,2025-02-04T18:45:00+08:00,8220626,0,FALSE,Wh,Commercial
142821,15,2025-02-04T19:00:00+08:00,8220626,0,FALSE,Wh,Commercial
142821,15,2025-02-04T19:15:00+08:00,8220626,0,FALSE,Wh,Commercial
142821,15,2025-02-04T19:30:00+08:00,8220626,0,FALSE,Wh,Commercial
142821,15,2025-02-04T19:45:00+08:00,8220626,0,FALSE,Wh,Commercial
142821,15,2025-02-04T20:00:00+08:00,8220626,0,FALSE,Wh,Commercial
142821,15,2025-02-04T20:15:00+08:00,8220626,0,FALSE,Wh,Commercial
142821,15,2025-02-04T20:30:00+08:00,8220626,0,FALSE,Wh,Commercial
142821,15,2025-02-04T20:45:00+08:00,8220626,0,FALSE,Wh,Commercial
142821,15,2025-02-04T21:00:00+08:00,8220626,0,FALSE,Wh,Commercial
142821,15,2025-02-04T21:15:00+08:00,8220626,0,FALSE,Wh,Commercial
142821,15,2025-02-04T21:30:00+08:00,8220626,0,FALSE,Wh,Commercial
142821,15,2025-02-04T21:45:00+08:00,8220626,0,FALSE,Wh,Commercial
142821,15,2025-02-04T22:00:00+08:00,8220626,0,FALSE,Wh,Commercial
142821,15,2025-02-04T22:15:00+08:00,8220626,0,FALSE,Wh,Commercial
142821,15,2025-02-04T22:30:00+08:00,8220626,0,FALSE,Wh,Commercial
142821,15,2025-02-04T22:45:00+08:00,8220626,0,FALSE,Wh,Commercial
142821,15,2025-02-04T23:00:00+08:00,8220626,0,FALSE,Wh,Commercial
142821,15,2025-02-04T23:15:00+08:00,8220626,0,FALSE,Wh,Commercial
142821,15,2025-02-04T23:30:00+08:00,8220626,0,FALSE,Wh,Commercial
142821,15,2025-02-04T23:45:00+08:00,8220626,0,FALSE,Wh,Commercial
142821,15,2025-02-05T00:00:00+08:00,8220626,0,FALSE,Wh,Commercial
142822,15,2025-01-29T00:15:00+08:00,13578110,0,FALSE,Wh,Common Area Lights
142822,15,2025-01-29T00:30:00+08:00,13578158,0,FALSE,Wh,Common Area Lights
142822,15,2025-01-29T00:45:00+08:00,13578201,0,FALSE,Wh,Common Area Lights
142822,15,2025-01-29T01:00:00+08:00,13578242,0,FALSE,Wh,Common Area Lights
142822,15,2025-01-29T01:15:00+08:00,13578283,0,FALSE,Wh,Common Area Lights
142822,15,2025-01-29T01:30:00+08:00,13578325,0,FALSE,Wh,Common Area Lights
142822,15,2025-01-29T01:45:00+08:00,13578366,0,FALSE,Wh,Common Area Lights
142822,15,2025-01-29T02:00:00+08:00,13578407,0,FALSE,Wh,Common Area Lights
142822,15,2025-01-29T02:15:00+08:00,13578449,0,FALSE,Wh,Common Area Lights
142822,15,2025-01-29T02:30:00+08:00,13578490,0,FALSE,Wh,Common Area Lights
142822,15,2025-01-29T02:45:00+08:00,13578532,0,FALSE,Wh,Common Area Lights
142822,15,2025-01-29T03:00:00+08:00,13578574,0,FALSE,Wh,Common Area Lights
142822,15,2025-01-29T03:15:00+08:00,13578615,0,FALSE,Wh,Common Area Lights
142822,15,2025-01-29T03:30:00+08:00,13578657,0,FALSE,Wh,Common Area Lights
142822,15,2025-01-29T03:45:00+08:00,13578698,0,FALSE,Wh,Common Area Lights
142822,15,2025-01-29T04:00:00+08:00,13578740,0,FALSE,Wh,Common Area Lights
142822,15,2025-01-29T04:15:00+08:00,13578781,0,FALSE,Wh,Common Area Lights
142822,15,2025-01-29T04:30:00+08:00,13578823,0,FALSE,Wh,Common Area Lights
142822,15,2025-01-29T04:45:00+08:00,13578868,0,FALSE,Wh,Common Area Lights
142822,15,2025-01-29T05:00:00+08:00,13578915,0,FALSE,Wh,Common Area Lights
142822,15,2025-01-29T05:15:00+08:00,13578975,0,FALSE,Wh,Common Area Lights
142822,15,2025-01-29T05:30:00+08:00,13579032,0,FALSE,Wh,Common Area Lights
142822,15,2025-01-29T05:45:00+08:00,13579130,0,FALSE,Wh,Common Area Lights
142822,15,2025-01-29T06:00:00+08:00,13579231,0,FALSE,Wh,Common Area Lights
142822,15,2025-01-29T06:15:00+08:00,13579258,0,FALSE,Wh,Common Area Lights
142822,15,2025-01-29T06:30:00+08:00,13579304,0,FALSE,Wh,Common Area Lights
142822,15,2025-01-29T06:45:00+08:00,13579345,0,FALSE,Wh,Common Area Lights
142822,15,2025-01-29T07:00:00+08:00,13579405,0,FALSE,Wh,Common Area Lights
142822,15,2025-01-29T07:15:00+08:00,13579437,0,FALSE,Wh,Common Area Lights
142822,15,2025-01-29T07:30:00+08:00,13579496,0,FALSE,Wh,Common Area Lights
142822,15,2025-01-29T07:45:00+08:00,13579534,0,FALSE,Wh,Common Area Lights
142822,15,2025-01-29T08:00:00+08:00,13579562,0,FALSE,Wh,Common Area Lights
142822,15,2025-01-29T08:15:00+08:00,13579589,0,FALSE,Wh,Common Area Lights
142822,15,2025-01-29T08:30:00+08:00,13579617,0,FALSE,Wh,Common Area Lights
142822,15,2025-01-29T08:45:00+08:00,13579645,0,FALSE,Wh,Common Area Lights
142822,15,2025-01-29T09:00:00+08:00,13579700,0,FALSE,Wh,Common Area Lights
142822,15,2025-01-29T09:15:00+08:00,13579746,0,FALSE,Wh,Common Area Lights
142822,15,2025-01-29T09:30:00+08:00,13579773,0,FALSE,Wh,Common Area Lights
142822,15,2025-01-29T09:45:00+08:00,13579800,0,FALSE,Wh,Common Area Lights
142822,15,2025-01-29T10:00:00+08:00,13579828,0,FALSE,Wh,Common Area Lights
142822,15,2025-01-29T10:15:00+08:00,13579855,0,FALSE,Wh,Common Area Lights
142822,15,2025-01-29T10:30:00+08:00,13579883,0,FALSE,Wh,Common Area Lights
142822,15,2025-01-29T10:45:00+08:00,13579911,0,FALSE,Wh,Common Area Lights
142822,15,2025-01-29T11:00:00+08:00,13579946,0,FALSE,Wh,Common Area Lights
142822,15,2025-01-29T11:15:00+08:00,13579991,0,FALSE,Wh,Common Area Lights
142822,15,2025-01-29T11:30:00+08:00,13580033,0,FALSE,Wh,Common Area Lights
142822,15,2025-01-29T11:45:00+08:00,13580061,0,FALSE,Wh,Common Area Lights
142822,15,2025-01-29T12:00:00+08:00,13580113,0,FALSE,Wh,Common Area Lights
142822,15,2025-01-29T12:15:00+08:00,13580181,0,FALSE,Wh,Common Area Lights
142822,15,2025-01-29T12:30:00+08:00,13580242,0,FALSE,Wh,Common Area Lights
142822,15,2025-01-29T12:45:00+08:00,13580299,0,FALSE,Wh,Common Area Lights
142822,15,2025-01-29T13:00:00+08:00,13580360,0,FALSE,Wh,Common Area Lights
142822,15,2025-01-29T13:15:00+08:00,13580394,0,FALSE,Wh,Common Area Lights
142822,15,2025-01-29T13:30:00+08:00,13580421,0,FALSE,Wh,Common Area Lights
142822,15,2025-01-29T13:45:00+08:00,13580449,0,FALSE,Wh,Common Area Lights
142822,15,2025-01-29T14:00:00+08:00,13580476,0,FALSE,Wh,Common Area Lights
142822,15,2025-01-29T14:15:00+08:00,13580503,0,FALSE,Wh,Common Area Lights
142822,15,2025-01-29T14:30:00+08:00,13580531,0,FALSE,Wh,Common Area Lights
142822,15,2025-01-29T14:45:00+08:00,13580558,0,FALSE,Wh,Common Area Lights
142822,15,2025-01-29T15:00:00+08:00,13580586,0,FALSE,Wh,Common Area Lights
142822,15,2025-01-29T15:15:00+08:00,13580613,0,FALSE,Wh,Common Area Lights
142822,15,2025-01-29T15:30:00+08:00,13580640,0,FALSE,Wh,Common Area Lights
142822,15,2025-01-29T15:45:00+08:00,13580677,0,FALSE,Wh,Common Area Lights
142822,15,2025-01-29T16:00:00+08:00,13580721,0,FALSE,Wh,Common Area Lights
142822,15,2025-01-29T16:15:00+08:00,13580758,0,FALSE,Wh,Common Area Lights
142822,15,2025-01-29T16:30:00+08:00,13580800,0,FALSE,Wh,Common Area Lights
142822,15,2025-01-29T16:45:00+08:00,13580846,0,FALSE,Wh,Common Area Lights
142822,15,2025-01-29T17:00:00+08:00,13580903,0,FALSE,Wh,Common Area Lights
142822,15,2025-01-29T17:15:00+08:00,13580964,0,FALSE,Wh,Common Area Lights
142822,15,2025-01-29T17:30:00+08:00,13581027,0,FALSE,Wh,Common Area Lights
142822,15,2025-01-29T17:45:00+08:00,13581110,0,FALSE,Wh,Common Area Lights
142822,15,2025-01-29T18:00:00+08:00,13581185,0,FALSE,Wh,Common Area Lights
142822,15,2025-01-29T18:15:00+08:00,13581236,0,FALSE,Wh,Common Area Lights
142822,15,2025-01-29T18:30:00+08:00,13581278,0,FALSE,Wh,Common Area Lights
142822,15,2025-01-29T18:45:00+08:00,13581327,0,FALSE,Wh,Common Area Lights
142822,15,2025-01-29T19:00:00+08:00,13581377,0,FALSE,Wh,Common Area Lights
142822,15,2025-01-29T19:15:00+08:00,13581406,0,FALSE,Wh,Common Area Lights
142822,15,2025-01-29T19:30:00+08:00,13581492,0,FALSE,Wh,Common Area Lights
142822,15,2025-01-29T19:45:00+08:00,13581636,0,FALSE,Wh,Common Area Lights
142822,15,2025-01-29T20:00:00+08:00,13581780,0,FALSE,Wh,Common Area Lights
142822,15,2025-01-29T20:15:00+08:00,13581940,0,FALSE,Wh,Common Area Lights
142822,15,2025-01-29T20:30:00+08:00,13582084,0,FALSE,Wh,Common Area Lights
142822,15,2025-01-29T20:45:00+08:00,13582220,0,FALSE,Wh,Common Area Lights
142822,15,2025-01-29T21:00:00+08:00,13582352,0,FALSE,Wh,Common Area Lights
142822,15,2025-01-29T21:15:00+08:00,13582490,0,FALSE,Wh,Common Area Lights
142822,15,2025-01-29T21:30:00+08:00,13582649,0,FALSE,Wh,Common Area Lights
142822,15,2025-01-29T21:45:00+08:00,13582781,0,FALSE,Wh,Common Area Lights
142822,15,2025-01-29T22:00:00+08:00,13582846,0,FALSE,Wh,Common Area Lights
142822,15,2025-01-29T22:15:00+08:00,13582968,0,FALSE,Wh,Common Area Lights
142822,15,2025-01-29T22:30:00+08:00,13583019,0,FALSE,Wh,Common Area Lights
142822,15,2025-01-29T22:45:00+08:00,13583060,0,FALSE,Wh,Common Area Lights
142822,15,2025-01-29T23:00:00+08:00,13583101,0,FALSE,Wh,Common Area Lights
142822,15,2025-01-29T23:15:00+08:00,13583141,0,FALSE,Wh,Common Area Lights
142822,15,2025-01-29T23:30:00+08:00,13583182,0,FALSE,Wh,Common Area Lights
142822,15,2025-01-29T23:45:00+08:00,13583223,0,FALSE,Wh,Common Area Lights
142822,15,2025-01-30T00:00:00+08:00,13583263,0,FALSE,Wh,Common Area Lights
142822,15,2025-01-30T00:15:00+08:00,13583304,0,FALSE,Wh,Common Area Lights
142822,15,2025-01-30T00:30:00+08:00,13583345,0,FALSE,Wh,Common Area Lights
142822,15,2025-01-30T00:45:00+08:00,13583386,0,FALSE,Wh,Common Area Lights
142822,15,2025-01-30T01:00:00+08:00,13583431,0,FALSE,Wh,Common Area Lights
142822,15,2025-01-30T01:15:00+08:00,13583477,0,FALSE,Wh,Common Area Lights
142822,15,2025-01-30T01:30:00+08:00,13583547,0,FALSE,Wh,Common Area Lights
142822,15,2025-01-30T01:45:00+08:00,13583652,0,FALSE,Wh,Common Area Lights
142822,15,2025-01-30T02:00:00+08:00,13583696,0,FALSE,Wh,Common Area Lights
142822,15,2025-01-30T02:15:00+08:00,13583743,0,FALSE,Wh,Common Area Lights
142822,15,2025-01-30T02:30:00+08:00,13583866,0,FALSE,Wh,Common Area Lights
142822,15,2025-01-30T02:45:00+08:00,13583920,0,FALSE,Wh,Common Area Lights
142822,15,2025-01-30T03:00:00+08:00,13583966,0,FALSE,Wh,Common Area Lights
142822,15,2025-01-30T03:15:00+08:00,13584007,0,FALSE,Wh,Common Area Lights
142822,15,2025-01-30T03:30:00+08:00,13584049,0,FALSE,Wh,Common Area Lights
142822,15,2025-01-30T03:45:00+08:00,13584090,0,FALSE,Wh,Common Area Lights
142822,15,2025-01-30T04:00:00+08:00,13584137,0,FALSE,Wh,Common Area Lights
142822,15,2025-01-30T04:15:00+08:00,13584184,0,FALSE,Wh,Common Area Lights
142822,15,2025-01-30T04:30:00+08:00,13584231,0,FALSE,Wh,Common Area Lights
142822,15,2025-01-30T04:45:00+08:00,13584279,0,FALSE,Wh,Common Area Lights
142822,15,2025-01-30T05:00:00+08:00,13584341,0,FALSE,Wh,Common Area Lights
142822,15,2025-01-30T05:15:00+08:00,13584404,0,FALSE,Wh,Common Area Lights
142822,15,2025-01-30T05:30:00+08:00,13584474,0,FALSE,Wh,Common Area Lights
142822,15,2025-01-30T05:45:00+08:00,13584584,0,FALSE,Wh,Common Area Lights
142822,15,2025-01-30T06:00:00+08:00,13584650,0,FALSE,Wh,Common Area Lights
142822,15,2025-01-30T06:15:00+08:00,13584690,0,FALSE,Wh,Common Area Lights
142822,15,2025-01-30T06:30:00+08:00,13584729,0,FALSE,Wh,Common Area Lights
142822,15,2025-01-30T06:45:00+08:00,13584757,0,FALSE,Wh,Common Area Lights
142822,15,2025-01-30T07:00:00+08:00,13584787,0,FALSE,Wh,Common Area Lights
142822,15,2025-01-30T07:15:00+08:00,13584828,0,FALSE,Wh,Common Area Lights
142822,15,2025-01-30T07:30:00+08:00,13584886,0,FALSE,Wh,Common Area Lights
142822,15,2025-01-30T07:45:00+08:00,13584925,0,FALSE,Wh,Common Area Lights
142822,15,2025-01-30T08:00:00+08:00,13584952,0,FALSE,Wh,Common Area Lights
142822,15,2025-01-30T08:15:00+08:00,13584980,0,FALSE,Wh,Common Area Lights
142822,15,2025-01-30T08:30:00+08:00,13585021,0,FALSE,Wh,Common Area Lights
142822,15,2025-01-30T08:45:00+08:00,13585058,0,FALSE,Wh,Common Area Lights
142822,15,2025-01-30T09:00:00+08:00,13585085,0,FALSE,Wh,Common Area Lights
142822,15,2025-01-30T09:15:00+08:00,13585112,0,FALSE,Wh,Common Area Lights
142822,15,2025-01-30T09:30:00+08:00,13585159,0,FALSE,Wh,Common Area Lights
142822,15,2025-01-30T09:45:00+08:00,13585212,0,FALSE,Wh,Common Area Lights
142822,15,2025-01-30T10:00:00+08:00,13585253,0,FALSE,Wh,Common Area Lights
142822,15,2025-01-30T10:15:00+08:00,13585284,0,FALSE,Wh,Common Area Lights
142822,15,2025-01-30T10:30:00+08:00,13585311,0,FALSE,Wh,Common Area Lights
142822,15,2025-01-30T10:45:00+08:00,13585339,0,FALSE,Wh,Common Area Lights
142822,15,2025-01-30T11:00:00+08:00,13585366,0,FALSE,Wh,Common Area Lights
142822,15,2025-01-30T11:15:00+08:00,13585409,0,FALSE,Wh,Common Area Lights
142822,15,2025-01-30T11:30:00+08:00,13585445,0,FALSE,Wh,Common Area Lights
142822,15,2025-01-30T11:45:00+08:00,13585472,0,FALSE,Wh,Common Area Lights
142822,15,2025-01-30T12:00:00+08:00,13585509,0,FALSE,Wh,Common Area Lights
142822,15,2025-01-30T12:15:00+08:00,13585527,0,FALSE,Wh,Common Area Lights
142822,15,2025-01-30T12:30:00+08:00,13585592,0,FALSE,Wh,Common Area Lights
142822,15,2025-01-30T12:45:00+08:00,13585658,0,FALSE,Wh,Common Area Lights
142822,15,2025-01-30T13:00:00+08:00,13585692,0,FALSE,Wh,Common Area Lights
142822,15,2025-01-30T13:15:00+08:00,13585746,0,FALSE,Wh,Common Area Lights
142822,15,2025-01-30T13:30:00+08:00,13585793,0,FALSE,Wh,Common Area Lights
142822,15,2025-01-30T13:45:00+08:00,13585820,0,FALSE,Wh,Common Area Lights
142822,15,2025-01-30T14:00:00+08:00,13585847,0,FALSE,Wh,Common Area Lights
142822,15,2025-01-30T14:15:00+08:00,13585884,0,FALSE,Wh,Common Area Lights
142822,15,2025-01-30T14:30:00+08:00,13585922,0,FALSE,Wh,Common Area Lights
142822,15,2025-01-30T14:45:00+08:00,13585979,0,FALSE,Wh,Common Area Lights
142822,15,2025-01-30T15:00:00+08:00,13586038,0,FALSE,Wh,Common Area Lights
142822,15,2025-01-30T15:15:00+08:00,13586081,0,FALSE,Wh,Common Area Lights
142822,15,2025-01-30T15:30:00+08:00,13586109,0,FALSE,Wh,Common Area Lights
142822,15,2025-01-30T15:45:00+08:00,13586154,0,FALSE,Wh,Common Area Lights
142822,15,2025-01-30T16:00:00+08:00,13586199,0,FALSE,Wh,Common Area Lights
142822,15,2025-01-30T16:15:00+08:00,13586238,0,FALSE,Wh,Common Area Lights
142822,15,2025-01-30T16:30:00+08:00,13586266,0,FALSE,Wh,Common Area Lights
142822,15,2025-01-30T16:45:00+08:00,13586306,0,FALSE,Wh,Common Area Lights
142822,15,2025-01-30T17:00:00+08:00,13586340,0,FALSE,Wh,Common Area Lights
142822,15,2025-01-30T17:15:00+08:00,13586383,0,FALSE,Wh,Common Area Lights
142822,15,2025-01-30T17:30:00+08:00,13586430,0,FALSE,Wh,Common Area Lights
142822,15,2025-01-30T17:45:00+08:00,13586496,0,FALSE,Wh,Common Area Lights
142822,15,2025-01-30T18:00:00+08:00,13586543,0,FALSE,Wh,Common Area Lights
142822,15,2025-01-30T18:15:00+08:00,13586588,0,FALSE,Wh,Common Area Lights
142822,15,2025-01-30T18:30:00+08:00,13586624,0,FALSE,Wh,Common Area Lights
142822,15,2025-01-30T18:45:00+08:00,13586652,0,FALSE,Wh,Common Area Lights
142822,15,2025-01-30T19:00:00+08:00,13586680,0,FALSE,Wh,Common Area Lights
142822,15,2025-01-30T19:15:00+08:00,13586717,0,FALSE,Wh,Common Area Lights
142822,15,2025-01-30T19:30:00+08:00,13586841,0,FALSE,Wh,Common Area Lights
142822,15,2025-01-30T19:45:00+08:00,13586997,0,FALSE,Wh,Common Area Lights
142822,15,2025-01-30T20:00:00+08:00,13587146,0,FALSE,Wh,Common Area Lights
142822,15,2025-01-30T20:15:00+08:00,13587306,0,FALSE,Wh,Common Area Lights
142822,15,2025-01-30T20:30:00+08:00,13587450,0,FALSE,Wh,Common Area Lights
142822,15,2025-01-30T20:45:00+08:00,13587600,0,FALSE,Wh,Common Area Lights
142822,15,2025-01-30T21:00:00+08:00,13587734,0,FALSE,Wh,Common Area Lights
142822,15,2025-01-30T21:15:00+08:00,13587817,0,FALSE,Wh,Common Area Lights
142822,15,2025-01-30T21:30:00+08:00,13587959,0,FALSE,Wh,Common Area Lights
142822,15,2025-01-30T21:45:00+08:00,13588087,0,FALSE,Wh,Common Area Lights
142822,15,2025-01-30T22:00:00+08:00,13588176,0,FALSE,Wh,Common Area Lights
142822,15,2025-01-30T22:15:00+08:00,13588283,0,FALSE,Wh,Common Area Lights
142822,15,2025-01-30T22:30:00+08:00,13588398,0,FALSE,Wh,Common Area Lights
142822,15,2025-01-30T22:45:00+08:00,13588481,0,FALSE,Wh,Common Area Lights
142822,15,2025-01-30T23:00:00+08:00,13588523,0,FALSE,Wh,Common Area Lights
142822,15,2025-01-30T23:15:00+08:00,13588564,0,FALSE,Wh,Common Area Lights
142822,15,2025-01-30T23:30:00+08:00,13588694,0,FALSE,Wh,Common Area Lights
142822,15,2025-01-30T23:45:00+08:00,13588768,0,FALSE,Wh,Common Area Lights
142822,15,2025-01-31T00:00:00+08:00,13588814,0,FALSE,Wh,Common Area Lights
142822,15,2025-01-31T00:15:00+08:00,13588924,0,FALSE,Wh,Common Area Lights
142822,15,2025-01-31T00:30:00+08:00,13588982,0,FALSE,Wh,Common Area Lights
142822,15,2025-01-31T00:45:00+08:00,13589024,0,FALSE,Wh,Common Area Lights
142822,15,2025-01-31T01:00:00+08:00,13589071,0,FALSE,Wh,Common Area Lights
142822,15,2025-01-31T01:15:00+08:00,13589116,0,FALSE,Wh,Common Area Lights
142822,15,2025-01-31T01:30:00+08:00,13589161,0,FALSE,Wh,Common Area Lights
142822,15,2025-01-31T01:45:00+08:00,13589209,0,FALSE,Wh,Common Area Lights
142822,15,2025-01-31T02:00:00+08:00,13589252,0,FALSE,Wh,Common Area Lights
142822,15,2025-01-31T02:15:00+08:00,13589299,0,FALSE,Wh,Common Area Lights
142822,15,2025-01-31T02:30:00+08:00,13589376,0,FALSE,Wh,Common Area Lights
142822,15,2025-01-31T02:45:00+08:00,13589478,0,FALSE,Wh,Common Area Lights
142822,15,2025-01-31T03:00:00+08:00,13589526,0,FALSE,Wh,Common Area Lights
142822,15,2025-01-31T03:15:00+08:00,13589573,0,FALSE,Wh,Common Area Lights
142822,15,2025-01-31T03:30:00+08:00,13589621,0,FALSE,Wh,Common Area Lights
142822,15,2025-01-31T03:45:00+08:00,13589681,0,FALSE,Wh,Common Area Lights
142822,15,2025-01-31T04:00:00+08:00,13589810,0,FALSE,Wh,Common Area Lights
142822,15,2025-01-31T04:15:00+08:00,13589929,0,FALSE,Wh,Common Area Lights
142822,15,2025-01-31T04:30:00+08:00,13590046,0,FALSE,Wh,Common Area Lights
142822,15,2025-01-31T04:45:00+08:00,13590149,0,FALSE,Wh,Common Area Lights
142822,15,2025-01-31T05:00:00+08:00,13590260,0,FALSE,Wh,Common Area Lights
142822,15,2025-01-31T05:15:00+08:00,13590382,0,FALSE,Wh,Common Area Lights
142822,15,2025-01-31T05:30:00+08:00,13590447,0,FALSE,Wh,Common Area Lights
142822,15,2025-01-31T05:45:00+08:00,13590578,0,FALSE,Wh,Common Area Lights
142822,15,2025-01-31T06:00:00+08:00,13590687,0,FALSE,Wh,Common Area Lights
142822,15,2025-01-31T06:15:00+08:00,13590811,0,FALSE,Wh,Common Area Lights
142822,15,2025-01-31T06:30:00+08:00,13590928,0,FALSE,Wh,Common Area Lights
142822,15,2025-01-31T06:45:00+08:00,13591059,0,FALSE,Wh,Common Area Lights
142822,15,2025-01-31T07:00:00+08:00,13591187,0,FALSE,Wh,Common Area Lights
142822,15,2025-01-31T07:15:00+08:00,13591236,0,FALSE,Wh,Common Area Lights
142822,15,2025-01-31T07:30:00+08:00,13591293,0,FALSE,Wh,Common Area Lights
142822,15,2025-01-31T07:45:00+08:00,13591337,0,FALSE,Wh,Common Area Lights
142822,15,2025-01-31T08:00:00+08:00,13591374,0,FALSE,Wh,Common Area Lights
142822,15,2025-01-31T08:15:00+08:00,13591419,0,FALSE,Wh,Common Area Lights
142822,15,2025-01-31T08:30:00+08:00,13591449,0,FALSE,Wh,Common Area Lights
142822,15,2025-01-31T08:45:00+08:00,13591476,0,FALSE,Wh,Common Area Lights
142822,15,2025-01-31T09:00:00+08:00,13591504,0,FALSE,Wh,Common Area Lights
142822,15,2025-01-31T09:15:00+08:00,13591531,0,FALSE,Wh,Common Area Lights
142822,15,2025-01-31T09:30:00+08:00,13591559,0,FALSE,Wh,Common Area Lights
142822,15,2025-01-31T09:45:00+08:00,13591587,0,FALSE,Wh,Common Area Lights
142822,15,2025-01-31T10:00:00+08:00,13591614,0,FALSE,Wh,Common Area Lights
142822,15,2025-01-31T10:15:00+08:00,13591642,0,FALSE,Wh,Common Area Lights
142822,15,2025-01-31T10:30:00+08:00,13591669,0,FALSE,Wh,Common Area Lights
142822,15,2025-01-31T10:45:00+08:00,13591697,0,FALSE,Wh,Common Area Lights
142822,15,2025-01-31T11:00:00+08:00,13591738,0,FALSE,Wh,Common Area Lights
142822,15,2025-01-31T11:15:00+08:00,13591780,0,FALSE,Wh,Common Area Lights
142822,15,2025-01-31T11:30:00+08:00,13591864,0,FALSE,Wh,Common Area Lights
142822,15,2025-01-31T11:45:00+08:00,13591934,0,FALSE,Wh,Common Area Lights
142822,15,2025-01-31T12:00:00+08:00,13591979,0,FALSE,Wh,Common Area Lights
142822,15,2025-01-31T12:15:00+08:00,13592007,0,FALSE,Wh,Common Area Lights
142822,15,2025-01-31T12:30:00+08:00,13592071,0,FALSE,Wh,Common Area Lights
142822,15,2025-01-31T12:45:00+08:00,13592137,0,FALSE,Wh,Common Area Lights
142822,15,2025-01-31T13:00:00+08:00,13592177,0,FALSE,Wh,Common Area Lights
142822,15,2025-01-31T13:15:00+08:00,13592231,0,FALSE,Wh,Common Area Lights
142822,15,2025-01-31T13:30:00+08:00,13592264,0,FALSE,Wh,Common Area Lights
142822,15,2025-01-31T13:45:00+08:00,13592292,0,FALSE,Wh,Common Area Lights
142822,15,2025-01-31T14:00:00+08:00,13592342,0,FALSE,Wh,Common Area Lights
142822,15,2025-01-31T14:15:00+08:00,13592389,0,FALSE,Wh,Common Area Lights
142822,15,2025-01-31T14:30:00+08:00,13592416,0,FALSE,Wh,Common Area Lights
142822,15,2025-01-31T14:45:00+08:00,13592445,0,FALSE,Wh,Common Area Lights
142822,15,2025-01-31T15:00:00+08:00,13592487,0,FALSE,Wh,Common Area Lights
142822,15,2025-01-31T15:15:00+08:00,13592518,0,FALSE,Wh,Common Area Lights
142822,15,2025-01-31T15:30:00+08:00,13592545,0,FALSE,Wh,Common Area Lights
142822,15,2025-01-31T15:45:00+08:00,13592581,0,FALSE,Wh,Common Area Lights
142822,15,2025-01-31T16:00:00+08:00,13592623,0,FALSE,Wh,Common Area Lights
142822,15,2025-01-31T16:15:00+08:00,13592651,0,FALSE,Wh,Common Area Lights
142822,15,2025-01-31T16:30:00+08:00,13592679,0,FALSE,Wh,Common Area Lights
142822,15,2025-01-31T16:45:00+08:00,13592724,0,FALSE,Wh,Common Area Lights
142822,15,2025-01-31T17:00:00+08:00,13592798,0,FALSE,Wh,Common Area Lights
142822,15,2025-01-31T17:15:00+08:00,13592878,0,FALSE,Wh,Common Area Lights
142822,15,2025-01-31T17:30:00+08:00,13592945,0,FALSE,Wh,Common Area Lights
142822,15,2025-01-31T17:45:00+08:00,13592990,0,FALSE,Wh,Common Area Lights
142822,15,2025-01-31T18:00:00+08:00,13593034,0,FALSE,Wh,Common Area Lights
142822,15,2025-01-31T18:15:00+08:00,13593074,0,FALSE,Wh,Common Area Lights
142822,15,2025-01-31T18:30:00+08:00,13593102,0,FALSE,Wh,Common Area Lights
142822,15,2025-01-31T18:45:00+08:00,13593134,0,FALSE,Wh,Common Area Lights
142822,15,2025-01-31T19:00:00+08:00,13593176,0,FALSE,Wh,Common Area Lights
142822,15,2025-01-31T19:15:00+08:00,13593229,0,FALSE,Wh,Common Area Lights
142822,15,2025-01-31T19:30:00+08:00,13593357,0,FALSE,Wh,Common Area Lights
142822,15,2025-01-31T19:45:00+08:00,13593513,0,FALSE,Wh,Common Area Lights
142822,15,2025-01-31T20:00:00+08:00,13593676,0,FALSE,Wh,Common Area Lights
142822,15,2025-01-31T20:15:00+08:00,13593812,0,FALSE,Wh,Common Area Lights
142822,15,2025-01-31T20:30:00+08:00,13593970,0,FALSE,Wh,Common Area Lights
142822,15,2025-01-31T20:45:00+08:00,13594135,0,FALSE,Wh,Common Area Lights
142822,15,2025-01-31T21:00:00+08:00,13594277,0,FALSE,Wh,Common Area Lights
142822,15,2025-01-31T21:15:00+08:00,13594409,0,FALSE,Wh,Common Area Lights
142822,15,2025-01-31T21:30:00+08:00,13594539,0,FALSE,Wh,Common Area Lights
142822,15,2025-01-31T21:45:00+08:00,13594690,0,FALSE,Wh,Common Area Lights
142822,15,2025-01-31T22:00:00+08:00,13594775,0,FALSE,Wh,Common Area Lights
142822,15,2025-01-31T22:15:00+08:00,13594904,0,FALSE,Wh,Common Area Lights
142822,15,2025-01-31T22:30:00+08:00,13595033,0,FALSE,Wh,Common Area Lights
142822,15,2025-01-31T22:45:00+08:00,13595159,0,FALSE,Wh,Common Area Lights
142822,15,2025-01-31T23:00:00+08:00,13595228,0,FALSE,Wh,Common Area Lights
142822,15,2025-01-31T23:15:00+08:00,13595371,0,FALSE,Wh,Common Area Lights
142822,15,2025-01-31T23:30:00+08:00,13595422,0,FALSE,Wh,Common Area Lights
142822,15,2025-01-31T23:45:00+08:00,13595470,0,FALSE,Wh,Common Area Lights
142822,15,2025-02-01T00:00:00+08:00,13595589,0,FALSE,Wh,Common Area Lights
142822,15,2025-02-01T00:15:00+08:00,13595674,0,FALSE,Wh,Common Area Lights
142822,15,2025-02-01T00:30:00+08:00,13595813,0,FALSE,Wh,Common Area Lights
142822,15,2025-02-01T00:45:00+08:00,13595901,0,FALSE,Wh,Common Area Lights
142822,15,2025-02-01T01:00:00+08:00,13596027,0,FALSE,Wh,Common Area Lights
142822,15,2025-02-01T01:15:00+08:00,13596071,0,FALSE,Wh,Common Area Lights
142822,15,2025-02-01T01:30:00+08:00,13596112,0,FALSE,Wh,Common Area Lights
142822,15,2025-02-01T01:45:00+08:00,13596154,0,FALSE,Wh,Common Area Lights
142822,15,2025-02-01T02:00:00+08:00,13596198,0,FALSE,Wh,Common Area Lights
142822,15,2025-02-01T02:15:00+08:00,13596259,0,FALSE,Wh,Common Area Lights
142822,15,2025-02-01T02:30:00+08:00,13596308,0,FALSE,Wh,Common Area Lights
142822,15,2025-02-01T02:45:00+08:00,13596354,0,FALSE,Wh,Common Area Lights
142822,15,2025-02-01T03:00:00+08:00,13596401,0,FALSE,Wh,Common Area Lights
142822,15,2025-02-01T03:15:00+08:00,13596447,0,FALSE,Wh,Common Area Lights
142822,15,2025-02-01T03:30:00+08:00,13596495,0,FALSE,Wh,Common Area Lights
142822,15,2025-02-01T03:45:00+08:00,13596541,0,FALSE,Wh,Common Area Lights
142822,15,2025-02-01T04:00:00+08:00,13596583,0,FALSE,Wh,Common Area Lights
142822,15,2025-02-01T04:15:00+08:00,13596625,0,FALSE,Wh,Common Area Lights
142822,15,2025-02-01T04:30:00+08:00,13596669,0,FALSE,Wh,Common Area Lights
142822,15,2025-02-01T04:45:00+08:00,13596716,0,FALSE,Wh,Common Area Lights
142822,15,2025-02-01T05:00:00+08:00,13596762,0,FALSE,Wh,Common Area Lights
142822,15,2025-02-01T05:15:00+08:00,13596810,0,FALSE,Wh,Common Area Lights
142822,15,2025-02-01T05:30:00+08:00,13596854,0,FALSE,Wh,Common Area Lights
142822,15,2025-02-01T05:45:00+08:00,13596877,0,FALSE,Wh,Common Area Lights
142822,15,2025-02-01T06:00:00+08:00,13596898,0,FALSE,Wh,Common Area Lights
142822,15,2025-02-01T06:15:00+08:00,13596926,0,FALSE,Wh,Common Area Lights
142822,15,2025-02-01T06:30:00+08:00,13596952,0,FALSE,Wh,Common Area Lights
142822,15,2025-02-01T06:45:00+08:00,13596977,0,FALSE,Wh,Common Area Lights
142822,15,2025-02-01T07:00:00+08:00,13597005,0,FALSE,Wh,Common Area Lights
142822,15,2025-02-01T07:15:00+08:00,13597033,0,FALSE,Wh,Common Area Lights
142822,15,2025-02-01T07:30:00+08:00,13597060,0,FALSE,Wh,Common Area Lights
142822,15,2025-02-01T07:45:00+08:00,13597088,0,FALSE,Wh,Common Area Lights
142822,15,2025-02-01T08:00:00+08:00,13597115,0,FALSE,Wh,Common Area Lights
142822,15,2025-02-01T08:15:00+08:00,13597154,0,FALSE,Wh,Common Area Lights
142822,15,2025-02-01T08:30:00+08:00,13597200,0,FALSE,Wh,Common Area Lights
142822,15,2025-02-01T08:45:00+08:00,13597248,0,FALSE,Wh,Common Area Lights
142822,15,2025-02-01T09:00:00+08:00,13597293,0,FALSE,Wh,Common Area Lights
142822,15,2025-02-01T09:15:00+08:00,13597329,0,FALSE,Wh,Common Area Lights
142822,15,2025-02-01T09:30:00+08:00,13597381,0,FALSE,Wh,Common Area Lights
142822,15,2025-02-01T09:45:00+08:00,13597439,0,FALSE,Wh,Common Area Lights
142822,15,2025-02-01T10:00:00+08:00,13597493,0,FALSE,Wh,Common Area Lights
142822,15,2025-02-01T10:15:00+08:00,13597574,0,FALSE,Wh,Common Area Lights
142822,15,2025-02-01T10:30:00+08:00,13597631,0,FALSE,Wh,Common Area Lights
142822,15,2025-02-01T10:45:00+08:00,13597660,0,FALSE,Wh,Common Area Lights
142822,15,2025-02-01T11:00:00+08:00,13597699,0,FALSE,Wh,Common Area Lights
142822,15,2025-02-01T11:15:00+08:00,13597756,0,FALSE,Wh,Common Area Lights
142822,15,2025-02-01T11:30:00+08:00,13597798,0,FALSE,Wh,Common Area Lights
142822,15,2025-02-01T11:45:00+08:00,13597844,0,FALSE,Wh,Common Area Lights
142822,15,2025-02-01T12:00:00+08:00,13597897,0,FALSE,Wh,Common Area Lights
142822,15,2025-02-01T12:15:00+08:00,13597952,0,FALSE,Wh,Common Area Lights
142822,15,2025-02-01T12:30:00+08:00,13598007,0,FALSE,Wh,Common Area Lights
142822,15,2025-02-01T12:45:00+08:00,13598085,0,FALSE,Wh,Common Area Lights
142822,15,2025-02-01T13:00:00+08:00,13598150,0,FALSE,Wh,Common Area Lights
142822,15,2025-02-01T13:15:00+08:00,13598203,0,FALSE,Wh,Common Area Lights
142822,15,2025-02-01T13:30:00+08:00,13598240,0,FALSE,Wh,Common Area Lights
142822,15,2025-02-01T13:45:00+08:00,13598287,0,FALSE,Wh,Common Area Lights
142822,15,2025-02-01T14:00:00+08:00,13598336,0,FALSE,Wh,Common Area Lights
142822,15,2025-02-01T14:15:00+08:00,13598336,0,FALSE,Wh,Common Area Lights
142822,15,2025-02-01T14:30:00+08:00,13598336,0,FALSE,Wh,Common Area Lights
142822,15,2025-02-01T14:45:00+08:00,13598336,0,FALSE,Wh,Common Area Lights
142822,15,2025-02-01T15:00:00+08:00,13598336,0,FALSE,Wh,Common Area Lights
142822,15,2025-02-01T15:15:00+08:00,13598336,0,FALSE,Wh,Common Area Lights
142822,15,2025-02-01T15:30:00+08:00,13598336,0,FALSE,Wh,Common Area Lights
142822,15,2025-02-01T15:45:00+08:00,13598336,0,FALSE,Wh,Common Area Lights
142822,15,2025-02-01T16:00:00+08:00,13598336,0,FALSE,Wh,Common Area Lights
142822,15,2025-02-01T16:15:00+08:00,13598336,0,FALSE,Wh,Common Area Lights
142822,15,2025-02-01T16:30:00+08:00,13598336,0,FALSE,Wh,Common Area Lights
142822,15,2025-02-01T16:45:00+08:00,13598336,0,FALSE,Wh,Common Area Lights
142822,15,2025-02-01T17:00:00+08:00,13598336,0,FALSE,Wh,Common Area Lights
142822,15,2025-02-01T17:15:00+08:00,13598336,0,FALSE,Wh,Common Area Lights
142822,15,2025-02-01T17:30:00+08:00,13598336,0,FALSE,Wh,Common Area Lights
142822,15,2025-02-01T17:45:00+08:00,13598336,0,FALSE,Wh,Common Area Lights
142822,15,2025-02-01T18:00:00+08:00,13598336,0,FALSE,Wh,Common Area Lights
142822,15,2025-02-01T18:15:00+08:00,13598336,0,FALSE,Wh,Common Area Lights
142822,15,2025-02-01T18:30:00+08:00,13598336,0,FALSE,Wh,Common Area Lights
142822,15,2025-02-01T18:45:00+08:00,13598336,0,FALSE,Wh,Common Area Lights
142822,15,2025-02-01T19:00:00+08:00,13598336,0,FALSE,Wh,Common Area Lights
142822,15,2025-02-01T19:15:00+08:00,13598336,0,FALSE,Wh,Common Area Lights
142822,15,2025-02-01T19:30:00+08:00,13598336,0,FALSE,Wh,Common Area Lights
142822,15,2025-02-01T19:45:00+08:00,13598336,0,FALSE,Wh,Common Area Lights
142822,15,2025-02-01T20:00:00+08:00,13598336,0,FALSE,Wh,Common Area Lights
142822,15,2025-02-01T20:15:00+08:00,13598336,0,FALSE,Wh,Common Area Lights
142822,15,2025-02-01T20:30:00+08:00,13598336,0,FALSE,Wh,Common Area Lights
142822,15,2025-02-01T20:45:00+08:00,13598336,0,FALSE,Wh,Common Area Lights
142822,15,2025-02-01T21:00:00+08:00,13598336,0,FALSE,Wh,Common Area Lights
142822,15,2025-02-01T21:15:00+08:00,13598336,0,FALSE,Wh,Common Area Lights
142822,15,2025-02-01T21:30:00+08:00,13598336,0,FALSE,Wh,Common Area Lights
142822,15,2025-02-01T21:45:00+08:00,13598336,0,FALSE,Wh,Common Area Lights
142822,15,2025-02-01T22:00:00+08:00,13598336,0,FALSE,Wh,Common Area Lights
142822,15,2025-02-01T22:15:00+08:00,13598336,0,FALSE,Wh,Common Area Lights
142822,15,2025-02-01T22:30:00+08:00,13598336,0,FALSE,Wh,Common Area Lights
142822,15,2025-02-01T22:45:00+08:00,13598336,0,FALSE,Wh,Common Area Lights
142822,15,2025-02-01T23:00:00+08:00,13598336,0,FALSE,Wh,Common Area Lights
142822,15,2025-02-01T23:15:00+08:00,13598336,0,FALSE,Wh,Common Area Lights
142822,15,2025-02-01T23:30:00+08:00,13598336,0,FALSE,Wh,Common Area Lights
142822,15,2025-02-01T23:45:00+08:00,13598336,0,FALSE,Wh,Common Area Lights
142822,15,2025-02-02T00:00:00+08:00,13598336,0,FALSE,Wh,Common Area Lights
142822,15,2025-02-02T00:15:00+08:00,13598336,0,FALSE,Wh,Common Area Lights
142822,15,2025-02-02T00:30:00+08:00,13598336,0,FALSE,Wh,Common Area Lights
142822,15,2025-02-02T00:45:00+08:00,13598336,0,FALSE,Wh,Common Area Lights
142822,15,2025-02-02T01:00:00+08:00,13598336,0,FALSE,Wh,Common Area Lights
142822,15,2025-02-02T01:15:00+08:00,13598336,0,FALSE,Wh,Common Area Lights
142822,15,2025-02-02T01:30:00+08:00,13598336,0,FALSE,Wh,Common Area Lights
142822,15,2025-02-02T01:45:00+08:00,13598336,0,FALSE,Wh,Common Area Lights
142822,15,2025-02-02T02:00:00+08:00,13598336,0,FALSE,Wh,Common Area Lights
142822,15,2025-02-02T02:15:00+08:00,13598336,0,FALSE,Wh,Common Area Lights
142822,15,2025-02-02T02:30:00+08:00,13598336,0,FALSE,Wh,Common Area Lights
142822,15,2025-02-02T02:45:00+08:00,13598336,0,FALSE,Wh,Common Area Lights
142822,15,2025-02-02T03:00:00+08:00,13598336,0,FALSE,Wh,Common Area Lights
142822,15,2025-02-02T03:15:00+08:00,13598336,0,FALSE,Wh,Common Area Lights
142822,15,2025-02-02T03:30:00+08:00,13598336,0,FALSE,Wh,Common Area Lights
142822,15,2025-02-02T03:45:00+08:00,13598336,0,FALSE,Wh,Common Area Lights
142822,15,2025-02-02T04:00:00+08:00,13598336,0,FALSE,Wh,Common Area Lights
142822,15,2025-02-02T04:15:00+08:00,13598336,0,FALSE,Wh,Common Area Lights
142822,15,2025-02-02T04:30:00+08:00,13598336,0,FALSE,Wh,Common Area Lights
142822,15,2025-02-02T04:45:00+08:00,13598336,0,FALSE,Wh,Common Area Lights
142822,15,2025-02-02T05:00:00+08:00,13598336,0,FALSE,Wh,Common Area Lights
142822,15,2025-02-02T05:15:00+08:00,13598336,0,FALSE,Wh,Common Area Lights
142822,15,2025-02-02T05:30:00+08:00,13598336,0,FALSE,Wh,Common Area Lights
142822,15,2025-02-02T05:45:00+08:00,13598336,0,FALSE,Wh,Common Area Lights
142822,15,2025-02-02T06:00:00+08:00,13598336,0,FALSE,Wh,Common Area Lights
142822,15,2025-02-02T06:15:00+08:00,13598336,0,FALSE,Wh,Common Area Lights
142822,15,2025-02-02T06:30:00+08:00,13598336,0,FALSE,Wh,Common Area Lights
142822,15,2025-02-02T06:45:00+08:00,13598336,0,FALSE,Wh,Common Area Lights
142822,15,2025-02-02T07:00:00+08:00,13598336,0,FALSE,Wh,Common Area Lights
142822,15,2025-02-02T07:15:00+08:00,13598336,0,FALSE,Wh,Common Area Lights
142822,15,2025-02-02T07:30:00+08:00,13598336,0,FALSE,Wh,Common Area Lights
142822,15,2025-02-02T07:45:00+08:00,13598336,0,FALSE,Wh,Common Area Lights
142822,15,2025-02-02T08:00:00+08:00,13598336,0,FALSE,Wh,Common Area Lights
142822,15,2025-02-02T08:15:00+08:00,13598336,0,FALSE,Wh,Common Area Lights
142822,15,2025-02-02T08:30:00+08:00,13598336,0,FALSE,Wh,Common Area Lights
142822,15,2025-02-02T08:45:00+08:00,13598336,0,FALSE,Wh,Common Area Lights
142822,15,2025-02-02T09:00:00+08:00,13598336,0,FALSE,Wh,Common Area Lights
142822,15,2025-02-02T09:15:00+08:00,13598336,0,FALSE,Wh,Common Area Lights
142822,15,2025-02-02T09:30:00+08:00,13598336,0,FALSE,Wh,Common Area Lights
142822,15,2025-02-02T09:45:00+08:00,13598336,0,FALSE,Wh,Common Area Lights
142822,15,2025-02-02T10:00:00+08:00,13598336,0,FALSE,Wh,Common Area Lights
142822,15,2025-02-02T10:15:00+08:00,13598336,0,FALSE,Wh,Common Area Lights
142822,15,2025-02-02T10:30:00+08:00,13598336,0,FALSE,Wh,Common Area Lights
142822,15,2025-02-02T10:45:00+08:00,13598336,0,FALSE,Wh,Common Area Lights
142822,15,2025-02-02T11:00:00+08:00,13598336,0,FALSE,Wh,Common Area Lights
142822,15,2025-02-02T11:15:00+08:00,13598336,0,FALSE,Wh,Common Area Lights
142822,15,2025-02-02T11:30:00+08:00,13598336,0,FALSE,Wh,Common Area Lights
142822,15,2025-02-02T11:45:00+08:00,13598336,0,FALSE,Wh,Common Area Lights
142822,15,2025-02-02T12:00:00+08:00,13598336,0,FALSE,Wh,Common Area Lights
142822,15,2025-02-02T12:15:00+08:00,13598336,0,FALSE,Wh,Common Area Lights
142822,15,2025-02-02T12:30:00+08:00,13598336,0,FALSE,Wh,Common Area Lights
142822,15,2025-02-02T12:45:00+08:00,13598336,0,FALSE,Wh,Common Area Lights
142822,15,2025-02-02T13:00:00+08:00,13598336,0,FALSE,Wh,Common Area Lights
142822,15,2025-02-02T13:15:00+08:00,13598336,0,FALSE,Wh,Common Area Lights
142822,15,2025-02-02T13:30:00+08:00,13598336,0,FALSE,Wh,Common Area Lights
142822,15,2025-02-02T13:45:00+08:00,13598336,0,FALSE,Wh,Common Area Lights
142822,15,2025-02-02T14:00:00+08:00,13598336,0,FALSE,Wh,Common Area Lights
142822,15,2025-02-02T14:15:00+08:00,13598336,0,FALSE,Wh,Common Area Lights
142822,15,2025-02-02T14:30:00+08:00,13598336,0,FALSE,Wh,Common Area Lights
142822,15,2025-02-02T14:45:00+08:00,13598336,0,FALSE,Wh,Common Area Lights
142822,15,2025-02-02T15:00:00+08:00,13598336,0,FALSE,Wh,Common Area Lights
142822,15,2025-02-02T15:15:00+08:00,13598336,0,FALSE,Wh,Common Area Lights
142822,15,2025-02-02T15:30:00+08:00,13598336,0,FALSE,Wh,Common Area Lights
142822,15,2025-02-02T15:45:00+08:00,13598336,0,FALSE,Wh,Common Area Lights
142822,15,2025-02-02T16:00:00+08:00,13598336,0,FALSE,Wh,Common Area Lights
142822,15,2025-02-02T16:15:00+08:00,13598336,0,FALSE,Wh,Common Area Lights
142822,15,2025-02-02T16:30:00+08:00,13598336,0,FALSE,Wh,Common Area Lights
142822,15,2025-02-02T16:45:00+08:00,13598336,0,FALSE,Wh,Common Area Lights
142822,15,2025-02-02T17:00:00+08:00,13598336,0,FALSE,Wh,Common Area Lights
142822,15,2025-02-02T17:15:00+08:00,13598336,0,FALSE,Wh,Common Area Lights
142822,15,2025-02-02T17:30:00+08:00,13598336,0,FALSE,Wh,Common Area Lights
142822,15,2025-02-02T17:45:00+08:00,13598336,0,FALSE,Wh,Common Area Lights
142822,15,2025-02-02T18:00:00+08:00,13598336,0,FALSE,Wh,Common Area Lights
142822,15,2025-02-02T18:15:00+08:00,13598336,0,FALSE,Wh,Common Area Lights
142822,15,2025-02-02T18:30:00+08:00,13598336,0,FALSE,Wh,Common Area Lights
142822,15,2025-02-02T18:45:00+08:00,13598336,0,FALSE,Wh,Common Area Lights
142822,15,2025-02-02T19:00:00+08:00,13598336,0,FALSE,Wh,Common Area Lights
142822,15,2025-02-02T19:15:00+08:00,13598336,0,FALSE,Wh,Common Area Lights
142822,15,2025-02-02T19:30:00+08:00,13598336,0,FALSE,Wh,Common Area Lights
142822,15,2025-02-02T19:45:00+08:00,13598336,0,FALSE,Wh,Common Area Lights
142822,15,2025-02-02T20:00:00+08:00,13598336,0,FALSE,Wh,Common Area Lights
142822,15,2025-02-02T20:15:00+08:00,13598336,0,FALSE,Wh,Common Area Lights
142822,15,2025-02-02T20:30:00+08:00,13598336,0,FALSE,Wh,Common Area Lights
142822,15,2025-02-02T20:45:00+08:00,13598336,0,FALSE,Wh,Common Area Lights
142822,15,2025-02-02T21:00:00+08:00,13598336,0,FALSE,Wh,Common Area Lights
142822,15,2025-02-02T21:15:00+08:00,13598336,0,FALSE,Wh,Common Area Lights
142822,15,2025-02-02T21:30:00+08:00,13598336,0,FALSE,Wh,Common Area Lights
142822,15,2025-02-02T21:45:00+08:00,13598336,0,FALSE,Wh,Common Area Lights
142822,15,2025-02-02T22:00:00+08:00,13598336,0,FALSE,Wh,Common Area Lights
142822,15,2025-02-02T22:15:00+08:00,13598336,0,FALSE,Wh,Common Area Lights
142822,15,2025-02-02T22:30:00+08:00,13598336,0,FALSE,Wh,Common Area Lights
142822,15,2025-02-02T22:45:00+08:00,13598336,0,FALSE,Wh,Common Area Lights
142822,15,2025-02-02T23:00:00+08:00,13598336,0,FALSE,Wh,Common Area Lights
142822,15,2025-02-02T23:15:00+08:00,13598336,0,FALSE,Wh,Common Area Lights
142822,15,2025-02-02T23:30:00+08:00,13598336,0,FALSE,Wh,Common Area Lights
142822,15,2025-02-02T23:45:00+08:00,13598336,0,FALSE,Wh,Common Area Lights
142822,15,2025-02-03T00:00:00+08:00,13598336,0,FALSE,Wh,Common Area Lights
142822,15,2025-02-03T00:15:00+08:00,13598336,0,FALSE,Wh,Common Area Lights
142822,15,2025-02-03T00:30:00+08:00,13598336,0,FALSE,Wh,Common Area Lights
142822,15,2025-02-03T00:45:00+08:00,13598336,0,FALSE,Wh,Common Area Lights
142822,15,2025-02-03T01:00:00+08:00,13598336,0,FALSE,Wh,Common Area Lights
142822,15,2025-02-03T01:15:00+08:00,13598336,0,FALSE,Wh,Common Area Lights
142822,15,2025-02-03T01:30:00+08:00,13598336,0,FALSE,Wh,Common Area Lights
142822,15,2025-02-03T01:45:00+08:00,13598336,0,FALSE,Wh,Common Area Lights
142822,15,2025-02-03T02:00:00+08:00,13598336,0,FALSE,Wh,Common Area Lights
142822,15,2025-02-03T02:15:00+08:00,13598336,0,FALSE,Wh,Common Area Lights
142822,15,2025-02-03T02:30:00+08:00,13598336,0,FALSE,Wh,Common Area Lights
142822,15,2025-02-03T02:45:00+08:00,13598336,0,FALSE,Wh,Common Area Lights
142822,15,2025-02-03T03:00:00+08:00,13598336,0,FALSE,Wh,Common Area Lights
142822,15,2025-02-03T03:15:00+08:00,13598336,0,FALSE,Wh,Common Area Lights
142822,15,2025-02-03T03:30:00+08:00,13598336,0,FALSE,Wh,Common Area Lights
142822,15,2025-02-03T03:45:00+08:00,13598336,0,FALSE,Wh,Common Area Lights
142822,15,2025-02-03T04:00:00+08:00,13598336,0,FALSE,Wh,Common Area Lights
142822,15,2025-02-03T04:15:00+08:00,13598336,0,FALSE,Wh,Common Area Lights
142822,15,2025-02-03T04:30:00+08:00,13598336,0,FALSE,Wh,Common Area Lights
142822,15,2025-02-03T04:45:00+08:00,13598336,0,FALSE,Wh,Common Area Lights
142822,15,2025-02-03T05:00:00+08:00,13598336,0,FALSE,Wh,Common Area Lights
142822,15,2025-02-03T05:15:00+08:00,13598336,0,FALSE,Wh,Common Area Lights
142822,15,2025-02-03T05:30:00+08:00,13598336,0,FALSE,Wh,Common Area Lights
142822,15,2025-02-03T05:45:00+08:00,13598336,0,FALSE,Wh,Common Area Lights
142822,15,2025-02-03T06:00:00+08:00,13598336,0,FALSE,Wh,Common Area Lights
142822,15,2025-02-03T06:15:00+08:00,13598336,0,FALSE,Wh,Common Area Lights
142822,15,2025-02-03T06:30:00+08:00,13598336,0,FALSE,Wh,Common Area Lights
142822,15,2025-02-03T06:45:00+08:00,13598336,0,FALSE,Wh,Common Area Lights
142822,15,2025-02-03T07:00:00+08:00,13598336,0,FALSE,Wh,Common Area Lights
142822,15,2025-02-03T07:15:00+08:00,13598336,0,FALSE,Wh,Common Area Lights
142822,15,2025-02-03T07:30:00+08:00,13598336,0,FALSE,Wh,Common Area Lights
142822,15,2025-02-03T07:45:00+08:00,13598336,0,FALSE,Wh,Common Area Lights
142822,15,2025-02-03T08:00:00+08:00,13598336,0,FALSE,Wh,Common Area Lights
142822,15,2025-02-03T08:15:00+08:00,13598336,0,FALSE,Wh,Common Area Lights
142822,15,2025-02-03T08:30:00+08:00,13598336,0,FALSE,Wh,Common Area Lights
142822,15,2025-02-03T08:45:00+08:00,13598336,0,FALSE,Wh,Common Area Lights
142822,15,2025-02-03T09:00:00+08:00,13598336,0,FALSE,Wh,Common Area Lights
142822,15,2025-02-03T09:15:00+08:00,13598336,0,FALSE,Wh,Common Area Lights
142822,15,2025-02-03T09:30:00+08:00,13598336,0,FALSE,Wh,Common Area Lights
142822,15,2025-02-03T09:45:00+08:00,13598336,0,FALSE,Wh,Common Area Lights
142822,15,2025-02-03T10:00:00+08:00,13598336,0,FALSE,Wh,Common Area Lights
142822,15,2025-02-03T10:15:00+08:00,13598336,0,FALSE,Wh,Common Area Lights
142822,15,2025-02-03T10:30:00+08:00,13598336,0,FALSE,Wh,Common Area Lights
142822,15,2025-02-03T10:45:00+08:00,13598336,0,FALSE,Wh,Common Area Lights
142822,15,2025-02-03T11:00:00+08:00,13598336,0,FALSE,Wh,Common Area Lights
142822,15,2025-02-03T11:15:00+08:00,13598336,0,FALSE,Wh,Common Area Lights
142822,15,2025-02-03T11:30:00+08:00,13598336,0,FALSE,Wh,Common Area Lights
142822,15,2025-02-03T11:45:00+08:00,13598336,0,FALSE,Wh,Common Area Lights
142822,15,2025-02-03T12:00:00+08:00,13598336,0,FALSE,Wh,Common Area Lights
142822,15,2025-02-03T12:15:00+08:00,13598336,0,FALSE,Wh,Common Area Lights
142822,15,2025-02-03T12:30:00+08:00,13598336,0,FALSE,Wh,Common Area Lights
142822,15,2025-02-03T12:45:00+08:00,13598336,0,FALSE,Wh,Common Area Lights
142822,15,2025-02-03T13:00:00+08:00,13598336,0,FALSE,Wh,Common Area Lights
142822,15,2025-02-03T13:15:00+08:00,13598336,0,FALSE,Wh,Common Area Lights
142822,15,2025-02-03T13:30:00+08:00,13598336,0,FALSE,Wh,Common Area Lights
142822,15,2025-02-03T13:45:00+08:00,13598336,0,FALSE,Wh,Common Area Lights
142822,15,2025-02-03T14:00:00+08:00,13598336,0,FALSE,Wh,Common Area Lights
142822,15,2025-02-03T14:15:00+08:00,13598336,0,FALSE,Wh,Common Area Lights
142822,15,2025-02-03T14:30:00+08:00,13598336,0,FALSE,Wh,Common Area Lights
142822,15,2025-02-03T14:45:00+08:00,13598336,0,FALSE,Wh,Common Area Lights
142822,15,2025-02-03T15:00:00+08:00,13598336,0,FALSE,Wh,Common Area Lights
142822,15,2025-02-03T15:15:00+08:00,13598336,0,FALSE,Wh,Common Area Lights
142822,15,2025-02-03T15:30:00+08:00,13598336,0,FALSE,Wh,Common Area Lights
142822,15,2025-02-03T15:45:00+08:00,13598336,0,FALSE,Wh,Common Area Lights
142822,15,2025-02-03T16:00:00+08:00,13598336,0,FALSE,Wh,Common Area Lights
142822,15,2025-02-03T16:15:00+08:00,13598336,0,FALSE,Wh,Common Area Lights
142822,15,2025-02-03T16:30:00+08:00,13598336,0,FALSE,Wh,Common Area Lights
142822,15,2025-02-03T16:45:00+08:00,13598336,0,FALSE,Wh,Common Area Lights
142822,15,2025-02-03T17:00:00+08:00,13598336,0,FALSE,Wh,Common Area Lights
142822,15,2025-02-03T17:15:00+08:00,13598336,0,FALSE,Wh,Common Area Lights
142822,15,2025-02-03T17:30:00+08:00,13598336,0,FALSE,Wh,Common Area Lights
142822,15,2025-02-03T17:45:00+08:00,13598336,0,FALSE,Wh,Common Area Lights
142822,15,2025-02-03T18:00:00+08:00,13598336,0,FALSE,Wh,Common Area Lights
142822,15,2025-02-03T18:15:00+08:00,13598336,0,FALSE,Wh,Common Area Lights
142822,15,2025-02-03T18:30:00+08:00,13598336,0,FALSE,Wh,Common Area Lights
142822,15,2025-02-03T18:45:00+08:00,13598336,0,FALSE,Wh,Common Area Lights
142822,15,2025-02-03T19:00:00+08:00,13598336,0,FALSE,Wh,Common Area Lights
142822,15,2025-02-03T19:15:00+08:00,13598336,0,FALSE,Wh,Common Area Lights
142822,15,2025-02-03T19:30:00+08:00,13598336,0,FALSE,Wh,Common Area Lights
142822,15,2025-02-03T19:45:00+08:00,13598336,0,FALSE,Wh,Common Area Lights
142822,15,2025-02-03T20:00:00+08:00,13598336,0,FALSE,Wh,Common Area Lights
142822,15,2025-02-03T20:15:00+08:00,13598336,0,FALSE,Wh,Common Area Lights
142822,15,2025-02-03T20:30:00+08:00,13598336,0,FALSE,Wh,Common Area Lights
142822,15,2025-02-03T20:45:00+08:00,13598336,0,FALSE,Wh,Common Area Lights
142822,15,2025-02-03T21:00:00+08:00,13598336,0,FALSE,Wh,Common Area Lights
142822,15,2025-02-03T21:15:00+08:00,13598336,0,FALSE,Wh,Common Area Lights
142822,15,2025-02-03T21:30:00+08:00,13598336,0,FALSE,Wh,Common Area Lights
142822,15,2025-02-03T21:45:00+08:00,13598336,0,FALSE,Wh,Common Area Lights
142822,15,2025-02-03T22:00:00+08:00,13598336,0,FALSE,Wh,Common Area Lights
142822,15,2025-02-03T22:15:00+08:00,13598336,0,FALSE,Wh,Common Area Lights
142822,15,2025-02-03T22:30:00+08:00,13598336,0,FALSE,Wh,Common Area Lights
142822,15,2025-02-03T22:45:00+08:00,13598336,0,FALSE,Wh,Common Area Lights
142822,15,2025-02-03T23:00:00+08:00,13598336,0,FALSE,Wh,Common Area Lights
142822,15,2025-02-03T23:15:00+08:00,13598336,0,FALSE,Wh,Common Area Lights
142822,15,2025-02-03T23:30:00+08:00,13598336,0,FALSE,Wh,Common Area Lights
142822,15,2025-02-03T23:45:00+08:00,13598336,0,FALSE,Wh,Common Area Lights
142822,15,2025-02-04T00:00:00+08:00,13598336,0,FALSE,Wh,Common Area Lights
142822,15,2025-02-04T00:15:00+08:00,13598336,0,FALSE,Wh,Common Area Lights
142822,15,2025-02-04T00:30:00+08:00,13598336,0,FALSE,Wh,Common Area Lights
142822,15,2025-02-04T00:45:00+08:00,13598336,0,FALSE,Wh,Common Area Lights
142822,15,2025-02-04T01:00:00+08:00,13598336,0,FALSE,Wh,Common Area Lights
142822,15,2025-02-04T01:15:00+08:00,13598336,0,FALSE,Wh,Common Area Lights
142822,15,2025-02-04T01:30:00+08:00,13598336,0,FALSE,Wh,Common Area Lights
142822,15,2025-02-04T01:45:00+08:00,13598336,0,FALSE,Wh,Common Area Lights
142822,15,2025-02-04T02:00:00+08:00,13598336,0,FALSE,Wh,Common Area Lights
142822,15,2025-02-04T02:15:00+08:00,13598336,0,FALSE,Wh,Common Area Lights
142822,15,2025-02-04T02:30:00+08:00,13598336,0,FALSE,Wh,Common Area Lights
142822,15,2025-02-04T02:45:00+08:00,13598336,0,FALSE,Wh,Common Area Lights
142822,15,2025-02-04T03:00:00+08:00,13598336,0,FALSE,Wh,Common Area Lights
142822,15,2025-02-04T03:15:00+08:00,13598336,0,FALSE,Wh,Common Area Lights
142822,15,2025-02-04T03:30:00+08:00,13598336,0,FALSE,Wh,Common Area Lights
142822,15,2025-02-04T03:45:00+08:00,13598336,0,FALSE,Wh,Common Area Lights
142822,15,2025-02-04T04:00:00+08:00,13598336,0,FALSE,Wh,Common Area Lights
142822,15,2025-02-04T04:15:00+08:00,13598336,0,FALSE,Wh,Common Area Lights
142822,15,2025-02-04T04:30:00+08:00,13598336,0,FALSE,Wh,Common Area Lights
142822,15,2025-02-04T04:45:00+08:00,13598336,0,FALSE,Wh,Common Area Lights
142822,15,2025-02-04T05:00:00+08:00,13598336,0,FALSE,Wh,Common Area Lights
142822,15,2025-02-04T05:15:00+08:00,13598336,0,FALSE,Wh,Common Area Lights
142822,15,2025-02-04T05:30:00+08:00,13598336,0,FALSE,Wh,Common Area Lights
142822,15,2025-02-04T05:45:00+08:00,13598336,0,FALSE,Wh,Common Area Lights
142822,15,2025-02-04T06:00:00+08:00,13598336,0,FALSE,Wh,Common Area Lights
142822,15,2025-02-04T06:15:00+08:00,13598336,0,FALSE,Wh,Common Area Lights
142822,15,2025-02-04T06:30:00+08:00,13598336,0,FALSE,Wh,Common Area Lights
142822,15,2025-02-04T06:45:00+08:00,13598336,0,FALSE,Wh,Common Area Lights
142822,15,2025-02-04T07:00:00+08:00,13598336,0,FALSE,Wh,Common Area Lights
142822,15,2025-02-04T07:15:00+08:00,13598336,0,FALSE,Wh,Common Area Lights
142822,15,2025-02-04T07:30:00+08:00,13598336,0,FALSE,Wh,Common Area Lights
142822,15,2025-02-04T07:45:00+08:00,13598336,0,FALSE,Wh,Common Area Lights
142822,15,2025-02-04T08:00:00+08:00,13598336,0,FALSE,Wh,Common Area Lights
142822,15,2025-02-04T08:15:00+08:00,13598336,0,FALSE,Wh,Common Area Lights
142822,15,2025-02-04T08:30:00+08:00,13598336,0,FALSE,Wh,Common Area Lights
142822,15,2025-02-04T08:45:00+08:00,13598336,0,FALSE,Wh,Common Area Lights
142822,15,2025-02-04T09:00:00+08:00,13598336,0,FALSE,Wh,Common Area Lights
142822,15,2025-02-04T09:15:00+08:00,13598336,0,FALSE,Wh,Common Area Lights
142822,15,2025-02-04T09:30:00+08:00,13598336,0,FALSE,Wh,Common Area Lights
142822,15,2025-02-04T09:45:00+08:00,13598336,0,FALSE,Wh,Common Area Lights
142822,15,2025-02-04T10:00:00+08:00,13598336,0,FALSE,Wh,Common Area Lights
142822,15,2025-02-04T10:15:00+08:00,13598336,0,FALSE,Wh,Common Area Lights
142822,15,2025-02-04T10:30:00+08:00,13598336,0,FALSE,Wh,Common Area Lights
142822,15,2025-02-04T10:45:00+08:00,13598336,0,FALSE,Wh,Common Area Lights
142822,15,2025-02-04T11:00:00+08:00,13598336,0,FALSE,Wh,Common Area Lights
142822,15,2025-02-04T11:15:00+08:00,13598336,0,FALSE,Wh,Common Area Lights
142822,15,2025-02-04T11:30:00+08:00,13598336,0,FALSE,Wh,Common Area Lights
142822,15,2025-02-04T11:45:00+08:00,13598336,0,FALSE,Wh,Common Area Lights
142822,15,2025-02-04T12:00:00+08:00,13598336,0,FALSE,Wh,Common Area Lights
142822,15,2025-02-04T12:15:00+08:00,13598336,0,FALSE,Wh,Common Area Lights
142822,15,2025-02-04T12:30:00+08:00,13598336,0,FALSE,Wh,Common Area Lights
142822,15,2025-02-04T12:45:00+08:00,13598336,0,FALSE,Wh,Common Area Lights
142822,15,2025-02-04T13:00:00+08:00,13598336,0,FALSE,Wh,Common Area Lights
142822,15,2025-02-04T13:15:00+08:00,13598336,0,FALSE,Wh,Common Area Lights
142822,15,2025-02-04T13:30:00+08:00,13598336,0,FALSE,Wh,Common Area Lights
142822,15,2025-02-04T13:45:00+08:00,13598336,0,FALSE,Wh,Common Area Lights
142822,15,2025-02-04T14:00:00+08:00,13598336,0,FALSE,Wh,Common Area Lights
142822,15,2025-02-04T14:15:00+08:00,13598336,0,FALSE,Wh,Common Area Lights
142822,15,2025-02-04T14:30:00+08:00,13598336,0,FALSE,Wh,Common Area Lights
142822,15,2025-02-04T14:45:00+08:00,13598336,0,FALSE,Wh,Common Area Lights
142822,15,2025-02-04T15:00:00+08:00,13598336,0,FALSE,Wh,Common Area Lights
142822,15,2025-02-04T15:15:00+08:00,13598336,0,FALSE,Wh,Common Area Lights
142822,15,2025-02-04T15:30:00+08:00,13598336,0,FALSE,Wh,Common Area Lights
142822,15,2025-02-04T15:45:00+08:00,13598336,0,FALSE,Wh,Common Area Lights
142822,15,2025-02-04T16:00:00+08:00,13598336,0,FALSE,Wh,Common Area Lights
142822,15,2025-02-04T16:15:00+08:00,13598336,0,FALSE,Wh,Common Area Lights
142822,15,2025-02-04T16:30:00+08:00,13598336,0,FALSE,Wh,Common Area Lights
142822,15,2025-02-04T16:45:00+08:00,13598336,0,FALSE,Wh,Common Area Lights
142822,15,2025-02-04T17:00:00+08:00,13598336,0,FALSE,Wh,Common Area Lights
142822,15,2025-02-04T17:15:00+08:00,13598336,0,FALSE,Wh,Common Area Lights
142822,15,2025-02-04T17:30:00+08:00,13598336,0,FALSE,Wh,Common Area Lights
142822,15,2025-02-04T17:45:00+08:00,13598336,0,FALSE,Wh,Common Area Lights
142822,15,2025-02-04T18:00:00+08:00,13598336,0,FALSE,Wh,Common Area Lights
142822,15,2025-02-04T18:15:00+08:00,13598336,0,FALSE,Wh,Common Area Lights
142822,15,2025-02-04T18:30:00+08:00,13598336,0,FALSE,Wh,Common Area Lights
142822,15,2025-02-04T18:45:00+08:00,13598336,0,FALSE,Wh,Common Area Lights
142822,15,2025-02-04T19:00:00+08:00,13598336,0,FALSE,Wh,Common Area Lights
142822,15,2025-02-04T19:15:00+08:00,13598336,0,FALSE,Wh,Common Area Lights
142822,15,2025-02-04T19:30:00+08:00,13598336,0,FALSE,Wh,Common Area Lights
142822,15,2025-02-04T19:45:00+08:00,13598336,0,FALSE,Wh,Common Area Lights
142822,15,2025-02-04T20:00:00+08:00,13598336,0,FALSE,Wh,Common Area Lights
142822,15,2025-02-04T20:15:00+08:00,13598336,0,FALSE,Wh,Common Area Lights
142822,15,2025-02-04T20:30:00+08:00,13598336,0,FALSE,Wh,Common Area Lights
142822,15,2025-02-04T20:45:00+08:00,13598336,0,FALSE,Wh,Common Area Lights
142822,15,2025-02-04T21:00:00+08:00,13598336,0,FALSE,Wh,Common Area Lights
142822,15,2025-02-04T21:15:00+08:00,13598336,0,FALSE,Wh,Common Area Lights
142822,15,2025-02-04T21:30:00+08:00,13598336,0,FALSE,Wh,Common Area Lights
142822,15,2025-02-04T21:45:00+08:00,13598336,0,FALSE,Wh,Common Area Lights
142822,15,2025-02-04T22:00:00+08:00,13598336,0,FALSE,Wh,Common Area Lights
142822,15,2025-02-04T22:15:00+08:00,13598336,0,FALSE,Wh,Common Area Lights
142822,15,2025-02-04T22:30:00+08:00,13598336,0,FALSE,Wh,Common Area Lights
142822,15,2025-02-04T22:45:00+08:00,13598336,0,FALSE,Wh,Common Area Lights
142822,15,2025-02-04T23:00:00+08:00,13598336,0,FALSE,Wh,Common Area Lights
142822,15,2025-02-04T23:15:00+08:00,13598336,0,FALSE,Wh,Common Area Lights
142822,15,2025-02-04T23:30:00+08:00,13598336,0,FALSE,Wh,Common Area Lights
142822,15,2025-02-04T23:45:00+08:00,13598336,0,FALSE,Wh,Common Area Lights
142822,15,2025-02-05T00:00:00+08:00,13598336,0,FALSE,Wh,Common Area Lights
142823,15,2025-01-29T00:15:00+08:00,11818586,0,FALSE,Wh,Common Area
142823,15,2025-01-29T00:30:00+08:00,11818653,0,FALSE,Wh,Common Area
142823,15,2025-01-29T00:45:00+08:00,11818721,0,FALSE,Wh,Common Area
142823,15,2025-01-29T01:00:00+08:00,11818789,0,FALSE,Wh,Common Area
142823,15,2025-01-29T01:15:00+08:00,11818856,0,FALSE,Wh,Common Area
142823,15,2025-01-29T01:30:00+08:00,11818924,0,FALSE,Wh,Common Area
142823,15,2025-01-29T01:45:00+08:00,11818991,0,FALSE,Wh,Common Area
142823,15,2025-01-29T02:00:00+08:00,11819059,0,FALSE,Wh,Common Area
142823,15,2025-01-29T02:15:00+08:00,11819127,0,FALSE,Wh,Common Area
142823,15,2025-01-29T02:30:00+08:00,11819194,0,FALSE,Wh,Common Area
142823,15,2025-01-29T02:45:00+08:00,11819262,0,FALSE,Wh,Common Area
142823,15,2025-01-29T03:00:00+08:00,11819329,0,FALSE,Wh,Common Area
142823,15,2025-01-29T03:15:00+08:00,11819397,0,FALSE,Wh,Common Area
142823,15,2025-01-29T03:30:00+08:00,11819464,0,FALSE,Wh,Common Area
142823,15,2025-01-29T03:45:00+08:00,11819531,0,FALSE,Wh,Common Area
142823,15,2025-01-29T04:00:00+08:00,11819598,0,FALSE,Wh,Common Area
142823,15,2025-01-29T04:15:00+08:00,11819665,0,FALSE,Wh,Common Area
142823,15,2025-01-29T04:30:00+08:00,11819732,0,FALSE,Wh,Common Area
142823,15,2025-01-29T04:45:00+08:00,11819799,0,FALSE,Wh,Common Area
142823,15,2025-01-29T05:00:00+08:00,11819866,0,FALSE,Wh,Common Area
142823,15,2025-01-29T05:15:00+08:00,11819945,0,FALSE,Wh,Common Area
142823,15,2025-01-29T05:30:00+08:00,11820012,0,FALSE,Wh,Common Area
142823,15,2025-01-29T05:45:00+08:00,11820089,0,FALSE,Wh,Common Area
142823,15,2025-01-29T06:00:00+08:00,11820156,0,FALSE,Wh,Common Area
142823,15,2025-01-29T06:15:00+08:00,11820222,0,FALSE,Wh,Common Area
142823,15,2025-01-29T06:30:00+08:00,11820301,0,FALSE,Wh,Common Area
142823,15,2025-01-29T06:45:00+08:00,11820379,0,FALSE,Wh,Common Area
142823,15,2025-01-29T07:00:00+08:00,11820455,0,FALSE,Wh,Common Area
142823,15,2025-01-29T07:15:00+08:00,11820521,0,FALSE,Wh,Common Area
142823,15,2025-01-29T07:30:00+08:00,11820587,0,FALSE,Wh,Common Area
142823,15,2025-01-29T07:45:00+08:00,11820654,0,FALSE,Wh,Common Area
142823,15,2025-01-29T08:00:00+08:00,11820720,0,FALSE,Wh,Common Area
142823,15,2025-01-29T08:15:00+08:00,11820785,0,FALSE,Wh,Common Area
142823,15,2025-01-29T08:30:00+08:00,11820851,0,FALSE,Wh,Common Area
142823,15,2025-01-29T08:45:00+08:00,11820917,0,FALSE,Wh,Common Area
142823,15,2025-01-29T09:00:00+08:00,11820983,0,FALSE,Wh,Common Area
142823,15,2025-01-29T09:15:00+08:00,11821049,0,FALSE,Wh,Common Area
142823,15,2025-01-29T09:30:00+08:00,11821115,0,FALSE,Wh,Common Area
142823,15,2025-01-29T09:45:00+08:00,11821181,0,FALSE,Wh,Common Area
142823,15,2025-01-29T10:00:00+08:00,11821246,0,FALSE,Wh,Common Area
142823,15,2025-01-29T10:15:00+08:00,11821312,0,FALSE,Wh,Common Area
142823,15,2025-01-29T10:30:00+08:00,11821378,0,FALSE,Wh,Common Area
142823,15,2025-01-29T10:45:00+08:00,11821445,0,FALSE,Wh,Common Area
142823,15,2025-01-29T11:00:00+08:00,11821512,0,FALSE,Wh,Common Area
142823,15,2025-01-29T11:15:00+08:00,11821585,0,FALSE,Wh,Common Area
142823,15,2025-01-29T11:30:00+08:00,11821652,0,FALSE,Wh,Common Area
142823,15,2025-01-29T11:45:00+08:00,11821717,0,FALSE,Wh,Common Area
142823,15,2025-01-29T12:00:00+08:00,11821808,0,FALSE,Wh,Common Area
142823,15,2025-01-29T12:15:00+08:00,11821880,0,FALSE,Wh,Common Area
142823,15,2025-01-29T12:30:00+08:00,11821945,0,FALSE,Wh,Common Area
142823,15,2025-01-29T12:45:00+08:00,11822009,0,FALSE,Wh,Common Area
142823,15,2025-01-29T13:00:00+08:00,11822073,0,FALSE,Wh,Common Area
142823,15,2025-01-29T13:15:00+08:00,11822138,0,FALSE,Wh,Common Area
142823,15,2025-01-29T13:30:00+08:00,11822202,0,FALSE,Wh,Common Area
142823,15,2025-01-29T13:45:00+08:00,11822267,0,FALSE,Wh,Common Area
142823,15,2025-01-29T14:00:00+08:00,11822331,0,FALSE,Wh,Common Area
142823,15,2025-01-29T14:15:00+08:00,11822395,0,FALSE,Wh,Common Area
142823,15,2025-01-29T14:30:00+08:00,11822459,0,FALSE,Wh,Common Area
142823,15,2025-01-29T14:45:00+08:00,11822523,0,FALSE,Wh,Common Area
142823,15,2025-01-29T15:00:00+08:00,11822587,0,FALSE,Wh,Common Area
142823,15,2025-01-29T15:15:00+08:00,11822651,0,FALSE,Wh,Common Area
142823,15,2025-01-29T15:30:00+08:00,11822715,0,FALSE,Wh,Common Area
142823,15,2025-01-29T15:45:00+08:00,11822785,0,FALSE,Wh,Common Area
142823,15,2025-01-29T16:00:00+08:00,11822849,0,FALSE,Wh,Common Area
142823,15,2025-01-29T16:15:00+08:00,11822922,0,FALSE,Wh,Common Area
142823,15,2025-01-29T16:30:00+08:00,11822986,0,FALSE,Wh,Common Area
142823,15,2025-01-29T16:45:00+08:00,11823073,0,FALSE,Wh,Common Area
142823,15,2025-01-29T17:00:00+08:00,11823168,0,FALSE,Wh,Common Area
142823,15,2025-01-29T17:15:00+08:00,11823269,0,FALSE,Wh,Common Area
142823,15,2025-01-29T17:30:00+08:00,11823404,0,FALSE,Wh,Common Area
142823,15,2025-01-29T17:45:00+08:00,11823487,0,FALSE,Wh,Common Area
142823,15,2025-01-29T18:00:00+08:00,11823555,0,FALSE,Wh,Common Area
142823,15,2025-01-29T18:15:00+08:00,11823625,0,FALSE,Wh,Common Area
142823,15,2025-01-29T18:30:00+08:00,11823690,0,FALSE,Wh,Common Area
142823,15,2025-01-29T18:45:00+08:00,11823767,0,FALSE,Wh,Common Area
142823,15,2025-01-29T19:00:00+08:00,11823832,0,FALSE,Wh,Common Area
142823,15,2025-01-29T19:15:00+08:00,11823897,0,FALSE,Wh,Common Area
142823,15,2025-01-29T19:30:00+08:00,11823971,0,FALSE,Wh,Common Area
142823,15,2025-01-29T19:45:00+08:00,11824048,0,FALSE,Wh,Common Area
142823,15,2025-01-29T20:00:00+08:00,11824138,0,FALSE,Wh,Common Area
142823,15,2025-01-29T20:15:00+08:00,11824282,0,FALSE,Wh,Common Area
142823,15,2025-01-29T20:30:00+08:00,11824367,0,FALSE,Wh,Common Area
142823,15,2025-01-29T20:45:00+08:00,11824436,0,FALSE,Wh,Common Area
142823,15,2025-01-29T21:00:00+08:00,11824514,0,FALSE,Wh,Common Area
142823,15,2025-01-29T21:15:00+08:00,11824583,0,FALSE,Wh,Common Area
142823,15,2025-01-29T21:30:00+08:00,11824653,0,FALSE,Wh,Common Area
142823,15,2025-01-29T21:45:00+08:00,11824721,0,FALSE,Wh,Common Area
142823,15,2025-01-29T22:00:00+08:00,11824788,0,FALSE,Wh,Common Area
142823,15,2025-01-29T22:15:00+08:00,11824855,0,FALSE,Wh,Common Area
142823,15,2025-01-29T22:30:00+08:00,11824922,0,FALSE,Wh,Common Area
142823,15,2025-01-29T22:45:00+08:00,11824989,0,FALSE,Wh,Common Area
142823,15,2025-01-29T23:00:00+08:00,11825056,0,FALSE,Wh,Common Area
142823,15,2025-01-29T23:15:00+08:00,11825123,0,FALSE,Wh,Common Area
142823,15,2025-01-29T23:30:00+08:00,11825190,0,FALSE,Wh,Common Area
142823,15,2025-01-29T23:45:00+08:00,11825258,0,FALSE,Wh,Common Area
142823,15,2025-01-30T00:00:00+08:00,11825325,0,FALSE,Wh,Common Area
142823,15,2025-01-30T00:15:00+08:00,11825392,0,FALSE,Wh,Common Area
142823,15,2025-01-30T00:30:00+08:00,11825459,0,FALSE,Wh,Common Area
142823,15,2025-01-30T00:45:00+08:00,11825526,0,FALSE,Wh,Common Area
142823,15,2025-01-30T01:00:00+08:00,11825593,0,FALSE,Wh,Common Area
142823,15,2025-01-30T01:15:00+08:00,11825660,0,FALSE,Wh,Common Area
142823,15,2025-01-30T01:30:00+08:00,11825728,0,FALSE,Wh,Common Area
142823,15,2025-01-30T01:45:00+08:00,11825795,0,FALSE,Wh,Common Area
142823,15,2025-01-30T02:00:00+08:00,11825862,0,FALSE,Wh,Common Area
142823,15,2025-01-30T02:15:00+08:00,11825930,0,FALSE,Wh,Common Area
142823,15,2025-01-30T02:30:00+08:00,11825997,0,FALSE,Wh,Common Area
142823,15,2025-01-30T02:45:00+08:00,11826064,0,FALSE,Wh,Common Area
142823,15,2025-01-30T03:00:00+08:00,11826131,0,FALSE,Wh,Common Area
142823,15,2025-01-30T03:15:00+08:00,11826198,0,FALSE,Wh,Common Area
142823,15,2025-01-30T03:30:00+08:00,11826265,0,FALSE,Wh,Common Area
142823,15,2025-01-30T03:45:00+08:00,11826333,0,FALSE,Wh,Common Area
142823,15,2025-01-30T04:00:00+08:00,11826400,0,FALSE,Wh,Common Area
142823,15,2025-01-30T04:15:00+08:00,11826467,0,FALSE,Wh,Common Area
142823,15,2025-01-30T04:30:00+08:00,11826534,0,FALSE,Wh,Common Area
142823,15,2025-01-30T04:45:00+08:00,11826612,0,FALSE,Wh,Common Area
142823,15,2025-01-30T05:00:00+08:00,11826687,0,FALSE,Wh,Common Area
142823,15,2025-01-30T05:15:00+08:00,11826754,0,FALSE,Wh,Common Area
142823,15,2025-01-30T05:30:00+08:00,11826821,0,FALSE,Wh,Common Area
142823,15,2025-01-30T05:45:00+08:00,11826887,0,FALSE,Wh,Common Area
142823,15,2025-01-30T06:00:00+08:00,11826953,0,FALSE,Wh,Common Area
142823,15,2025-01-30T06:15:00+08:00,11827028,0,FALSE,Wh,Common Area
142823,15,2025-01-30T06:30:00+08:00,11827093,0,FALSE,Wh,Common Area
142823,15,2025-01-30T06:45:00+08:00,11827160,0,FALSE,Wh,Common Area
142823,15,2025-01-30T07:00:00+08:00,11827236,0,FALSE,Wh,Common Area
142823,15,2025-01-30T07:15:00+08:00,11827303,0,FALSE,Wh,Common Area
142823,15,2025-01-30T07:30:00+08:00,11827368,0,FALSE,Wh,Common Area
142823,15,2025-01-30T07:45:00+08:00,11827434,0,FALSE,Wh,Common Area
142823,15,2025-01-30T08:00:00+08:00,11827500,0,FALSE,Wh,Common Area
142823,15,2025-01-30T08:15:00+08:00,11827566,0,FALSE,Wh,Common Area
142823,15,2025-01-30T08:30:00+08:00,11827643,0,FALSE,Wh,Common Area
142823,15,2025-01-30T08:45:00+08:00,11827710,0,FALSE,Wh,Common Area
142823,15,2025-01-30T09:00:00+08:00,11827775,0,FALSE,Wh,Common Area
142823,15,2025-01-30T09:15:00+08:00,11827840,0,FALSE,Wh,Common Area
142823,15,2025-01-30T09:30:00+08:00,11827906,0,FALSE,Wh,Common Area
142823,15,2025-01-30T09:45:00+08:00,11827973,0,FALSE,Wh,Common Area
142823,15,2025-01-30T10:00:00+08:00,11828038,0,FALSE,Wh,Common Area
142823,15,2025-01-30T10:15:00+08:00,11828103,0,FALSE,Wh,Common Area
142823,15,2025-01-30T10:30:00+08:00,11828168,0,FALSE,Wh,Common Area
142823,15,2025-01-30T10:45:00+08:00,11828234,0,FALSE,Wh,Common Area
142823,15,2025-01-30T11:00:00+08:00,11828299,0,FALSE,Wh,Common Area
142823,15,2025-01-30T11:15:00+08:00,11828377,0,FALSE,Wh,Common Area
142823,15,2025-01-30T11:30:00+08:00,11828442,0,FALSE,Wh,Common Area
142823,15,2025-01-30T11:45:00+08:00,11828508,0,FALSE,Wh,Common Area
142823,15,2025-01-30T12:00:00+08:00,11828551,0,FALSE,Wh,Common Area
142823,15,2025-01-30T12:15:00+08:00,11828639,0,FALSE,Wh,Common Area
142823,15,2025-01-30T12:30:00+08:00,11828732,0,FALSE,Wh,Common Area
142823,15,2025-01-30T12:45:00+08:00,11828799,0,FALSE,Wh,Common Area
142823,15,2025-01-30T13:00:00+08:00,11828867,0,FALSE,Wh,Common Area
142823,15,2025-01-30T13:15:00+08:00,11828928,0,FALSE,Wh,Common Area
142823,15,2025-01-30T13:30:00+08:00,11828993,0,FALSE,Wh,Common Area
142823,15,2025-01-30T13:45:00+08:00,11829058,0,FALSE,Wh,Common Area
142823,15,2025-01-30T14:00:00+08:00,11829123,0,FALSE,Wh,Common Area
142823,15,2025-01-30T14:15:00+08:00,11829198,0,FALSE,Wh,Common Area
142823,15,2025-01-30T14:30:00+08:00,11829274,0,FALSE,Wh,Common Area
142823,15,2025-01-30T14:45:00+08:00,11829362,0,FALSE,Wh,Common Area
142823,15,2025-01-30T15:00:00+08:00,11829434,0,FALSE,Wh,Common Area
142823,15,2025-01-30T15:15:00+08:00,11829500,0,FALSE,Wh,Common Area
142823,15,2025-01-30T15:30:00+08:00,11829601,0,FALSE,Wh,Common Area
142823,15,2025-01-30T15:45:00+08:00,11829668,0,FALSE,Wh,Common Area
142823,15,2025-01-30T16:00:00+08:00,11829780,0,FALSE,Wh,Common Area
142823,15,2025-01-30T16:15:00+08:00,11829845,0,FALSE,Wh,Common Area
142823,15,2025-01-30T16:30:00+08:00,11829909,0,FALSE,Wh,Common Area
142823,15,2025-01-30T16:45:00+08:00,11829986,0,FALSE,Wh,Common Area
142823,15,2025-01-30T17:00:00+08:00,11830052,0,FALSE,Wh,Common Area
142823,15,2025-01-30T17:15:00+08:00,11830118,0,FALSE,Wh,Common Area
142823,15,2025-01-30T17:30:00+08:00,11830183,0,FALSE,Wh,Common Area
142823,15,2025-01-30T17:45:00+08:00,11830264,0,FALSE,Wh,Common Area
142823,15,2025-01-30T18:00:00+08:00,11830344,0,FALSE,Wh,Common Area
142823,15,2025-01-30T18:15:00+08:00,11830423,0,FALSE,Wh,Common Area
142823,15,2025-01-30T18:30:00+08:00,11830489,0,FALSE,Wh,Common Area
142823,15,2025-01-30T18:45:00+08:00,11830555,0,FALSE,Wh,Common Area
142823,15,2025-01-30T19:00:00+08:00,11830621,0,FALSE,Wh,Common Area
142823,15,2025-01-30T19:15:00+08:00,11830699,0,FALSE,Wh,Common Area
142823,15,2025-01-30T19:30:00+08:00,11830767,0,FALSE,Wh,Common Area
142823,15,2025-01-30T19:45:00+08:00,11830851,0,FALSE,Wh,Common Area
142823,15,2025-01-30T20:00:00+08:00,11830919,0,FALSE,Wh,Common Area
142823,15,2025-01-30T20:15:00+08:00,11830987,0,FALSE,Wh,Common Area
142823,15,2025-01-30T20:30:00+08:00,11831077,0,FALSE,Wh,Common Area
142823,15,2025-01-30T20:45:00+08:00,11831155,0,FALSE,Wh,Common Area
142823,15,2025-01-30T21:00:00+08:00,11831223,0,FALSE,Wh,Common Area
142823,15,2025-01-30T21:15:00+08:00,11831303,0,FALSE,Wh,Common Area
142823,15,2025-01-30T21:30:00+08:00,11831370,0,FALSE,Wh,Common Area
142823,15,2025-01-30T21:45:00+08:00,11831437,0,FALSE,Wh,Common Area
142823,15,2025-01-30T22:00:00+08:00,11831504,0,FALSE,Wh,Common Area
142823,15,2025-01-30T22:15:00+08:00,11831571,0,FALSE,Wh,Common Area
142823,15,2025-01-30T22:30:00+08:00,11831638,0,FALSE,Wh,Common Area
142823,15,2025-01-30T22:45:00+08:00,11831705,0,FALSE,Wh,Common Area
142823,15,2025-01-30T23:00:00+08:00,11831772,0,FALSE,Wh,Common Area
142823,15,2025-01-30T23:15:00+08:00,11831839,0,FALSE,Wh,Common Area
142823,15,2025-01-30T23:30:00+08:00,11831917,0,FALSE,Wh,Common Area
142823,15,2025-01-30T23:45:00+08:00,11831983,0,FALSE,Wh,Common Area
142823,15,2025-01-31T00:00:00+08:00,11832049,0,FALSE,Wh,Common Area
142823,15,2025-01-31T00:15:00+08:00,11832115,0,FALSE,Wh,Common Area
142823,15,2025-01-31T00:30:00+08:00,11832182,0,FALSE,Wh,Common Area
142823,15,2025-01-31T00:45:00+08:00,11832248,0,FALSE,Wh,Common Area
142823,15,2025-01-31T01:00:00+08:00,11832314,0,FALSE,Wh,Common Area
142823,15,2025-01-31T01:15:00+08:00,11832381,0,FALSE,Wh,Common Area
142823,15,2025-01-31T01:30:00+08:00,11832447,0,FALSE,Wh,Common Area
142823,15,2025-01-31T01:45:00+08:00,11832514,0,FALSE,Wh,Common Area
142823,15,2025-01-31T02:00:00+08:00,11832581,0,FALSE,Wh,Common Area
142823,15,2025-01-31T02:15:00+08:00,11832647,0,FALSE,Wh,Common Area
142823,15,2025-01-31T02:30:00+08:00,11832714,0,FALSE,Wh,Common Area
142823,15,2025-01-31T02:45:00+08:00,11832781,0,FALSE,Wh,Common Area
142823,15,2025-01-31T03:00:00+08:00,11832847,0,FALSE,Wh,Common Area
142823,15,2025-01-31T03:15:00+08:00,11832914,0,FALSE,Wh,Common Area
142823,15,2025-01-31T03:30:00+08:00,11832981,0,FALSE,Wh,Common Area
142823,15,2025-01-31T03:45:00+08:00,11833049,0,FALSE,Wh,Common Area
142823,15,2025-01-31T04:00:00+08:00,11833114,0,FALSE,Wh,Common Area
142823,15,2025-01-31T04:15:00+08:00,11833179,0,FALSE,Wh,Common Area
142823,15,2025-01-31T04:30:00+08:00,11833245,0,FALSE,Wh,Common Area
142823,15,2025-01-31T04:45:00+08:00,11833311,0,FALSE,Wh,Common Area
142823,15,2025-01-31T05:00:00+08:00,11833376,0,FALSE,Wh,Common Area
142823,15,2025-01-31T05:15:00+08:00,11833442,0,FALSE,Wh,Common Area
142823,15,2025-01-31T05:30:00+08:00,11833517,0,FALSE,Wh,Common Area
142823,15,2025-01-31T05:45:00+08:00,11833584,0,FALSE,Wh,Common Area
142823,15,2025-01-31T06:00:00+08:00,11833650,0,FALSE,Wh,Common Area
142823,15,2025-01-31T06:15:00+08:00,11833722,0,FALSE,Wh,Common Area
142823,15,2025-01-31T06:30:00+08:00,11833797,0,FALSE,Wh,Common Area
142823,15,2025-01-31T06:45:00+08:00,11833879,0,FALSE,Wh,Common Area
142823,15,2025-01-31T07:00:00+08:00,11833946,0,FALSE,Wh,Common Area
142823,15,2025-01-31T07:15:00+08:00,11834011,0,FALSE,Wh,Common Area
142823,15,2025-01-31T07:30:00+08:00,11834076,0,FALSE,Wh,Common Area
142823,15,2025-01-31T07:45:00+08:00,11834141,0,FALSE,Wh,Common Area
142823,15,2025-01-31T08:00:00+08:00,11834230,0,FALSE,Wh,Common Area
142823,15,2025-01-31T08:15:00+08:00,11834296,0,FALSE,Wh,Common Area
142823,15,2025-01-31T08:30:00+08:00,11834362,0,FALSE,Wh,Common Area
142823,15,2025-01-31T08:45:00+08:00,11834429,0,FALSE,Wh,Common Area
142823,15,2025-01-31T09:00:00+08:00,11834494,0,FALSE,Wh,Common Area
142823,15,2025-01-31T09:15:00+08:00,11834560,0,FALSE,Wh,Common Area
142823,15,2025-01-31T09:30:00+08:00,11834626,0,FALSE,Wh,Common Area
142823,15,2025-01-31T09:45:00+08:00,11834692,0,FALSE,Wh,Common Area
142823,15,2025-01-31T10:00:00+08:00,11834758,0,FALSE,Wh,Common Area
142823,15,2025-01-31T10:15:00+08:00,11834823,0,FALSE,Wh,Common Area
142823,15,2025-01-31T10:30:00+08:00,11834889,0,FALSE,Wh,Common Area
142823,15,2025-01-31T10:45:00+08:00,11834958,0,FALSE,Wh,Common Area
142823,15,2025-01-31T11:00:00+08:00,11835031,0,FALSE,Wh,Common Area
142823,15,2025-01-31T11:15:00+08:00,11835109,0,FALSE,Wh,Common Area
142823,15,2025-01-31T11:30:00+08:00,11835190,0,FALSE,Wh,Common Area
142823,15,2025-01-31T11:45:00+08:00,11835268,0,FALSE,Wh,Common Area
142823,15,2025-01-31T12:00:00+08:00,11835333,0,FALSE,Wh,Common Area
142823,15,2025-01-31T12:15:00+08:00,11835399,0,FALSE,Wh,Common Area
142823,15,2025-01-31T12:30:00+08:00,11835470,0,FALSE,Wh,Common Area
142823,15,2025-01-31T12:45:00+08:00,11835536,0,FALSE,Wh,Common Area
142823,15,2025-01-31T13:00:00+08:00,11835622,0,FALSE,Wh,Common Area
142823,15,2025-01-31T13:15:00+08:00,11835687,0,FALSE,Wh,Common Area
142823,15,2025-01-31T13:30:00+08:00,11835752,0,FALSE,Wh,Common Area
142823,15,2025-01-31T13:45:00+08:00,11835817,0,FALSE,Wh,Common Area
142823,15,2025-01-31T14:00:00+08:00,11835922,0,FALSE,Wh,Common Area
142823,15,2025-01-31T14:15:00+08:00,11835989,0,FALSE,Wh,Common Area
142823,15,2025-01-31T14:30:00+08:00,11836055,0,FALSE,Wh,Common Area
142823,15,2025-01-31T14:45:00+08:00,11836122,0,FALSE,Wh,Common Area
142823,15,2025-01-31T15:00:00+08:00,11836198,0,FALSE,Wh,Common Area
142823,15,2025-01-31T15:15:00+08:00,11836264,0,FALSE,Wh,Common Area
142823,15,2025-01-31T15:30:00+08:00,11836330,0,FALSE,Wh,Common Area
142823,15,2025-01-31T15:45:00+08:00,11836408,0,FALSE,Wh,Common Area
142823,15,2025-01-31T16:00:00+08:00,11836474,0,FALSE,Wh,Common Area
142823,15,2025-01-31T16:15:00+08:00,11836539,0,FALSE,Wh,Common Area
142823,15,2025-01-31T16:30:00+08:00,11836639,0,FALSE,Wh,Common Area
142823,15,2025-01-31T16:45:00+08:00,11836716,0,FALSE,Wh,Common Area
142823,15,2025-01-31T17:00:00+08:00,11836809,0,FALSE,Wh,Common Area
142823,15,2025-01-31T17:15:00+08:00,11836890,0,FALSE,Wh,Common Area
142823,15,2025-01-31T17:30:00+08:00,11836967,0,FALSE,Wh,Common Area
142823,15,2025-01-31T17:45:00+08:00,11837038,0,FALSE,Wh,Common Area
142823,15,2025-01-31T18:00:00+08:00,11837111,0,FALSE,Wh,Common Area
142823,15,2025-01-31T18:15:00+08:00,11837178,0,FALSE,Wh,Common Area
142823,15,2025-01-31T18:30:00+08:00,11837245,0,FALSE,Wh,Common Area
142823,15,2025-01-31T18:45:00+08:00,11837321,0,FALSE,Wh,Common Area
142823,15,2025-01-31T19:00:00+08:00,11837399,0,FALSE,Wh,Common Area
142823,15,2025-01-31T19:15:00+08:00,11837481,0,FALSE,Wh,Common Area
142823,15,2025-01-31T19:30:00+08:00,11837556,0,FALSE,Wh,Common Area
142823,15,2025-01-31T19:45:00+08:00,11837649,0,FALSE,Wh,Common Area
142823,15,2025-01-31T20:00:00+08:00,11837722,0,FALSE,Wh,Common Area
142823,15,2025-01-31T20:15:00+08:00,11837794,0,FALSE,Wh,Common Area
142823,15,2025-01-31T20:30:00+08:00,11837873,0,FALSE,Wh,Common Area
142823,15,2025-01-31T20:45:00+08:00,11837945,0,FALSE,Wh,Common Area
142823,15,2025-01-31T21:00:00+08:00,11838016,0,FALSE,Wh,Common Area
142823,15,2025-01-31T21:15:00+08:00,11838086,0,FALSE,Wh,Common Area
142823,15,2025-01-31T21:30:00+08:00,11838168,0,FALSE,Wh,Common Area
142823,15,2025-01-31T21:45:00+08:00,11838254,0,FALSE,Wh,Common Area
142823,15,2025-01-31T22:00:00+08:00,11838325,0,FALSE,Wh,Common Area
142823,15,2025-01-31T22:15:00+08:00,11838396,0,FALSE,Wh,Common Area
142823,15,2025-01-31T22:30:00+08:00,11838466,0,FALSE,Wh,Common Area
142823,15,2025-01-31T22:45:00+08:00,11838537,0,FALSE,Wh,Common Area
142823,15,2025-01-31T23:00:00+08:00,11838619,0,FALSE,Wh,Common Area
142823,15,2025-01-31T23:15:00+08:00,11838689,0,FALSE,Wh,Common Area
142823,15,2025-01-31T23:30:00+08:00,11838759,0,FALSE,Wh,Common Area
142823,15,2025-01-31T23:45:00+08:00,11838830,0,FALSE,Wh,Common Area
142823,15,2025-02-01T00:00:00+08:00,11838912,0,FALSE,Wh,Common Area
142823,15,2025-02-01T00:15:00+08:00,11838984,0,FALSE,Wh,Common Area
142823,15,2025-02-01T00:30:00+08:00,11839056,0,FALSE,Wh,Common Area
142823,15,2025-02-01T00:45:00+08:00,11839126,0,FALSE,Wh,Common Area
142823,15,2025-02-01T01:00:00+08:00,11839196,0,FALSE,Wh,Common Area
142823,15,2025-02-01T01:15:00+08:00,11839265,0,FALSE,Wh,Common Area
142823,15,2025-02-01T01:30:00+08:00,11839335,0,FALSE,Wh,Common Area
142823,15,2025-02-01T01:45:00+08:00,11839406,0,FALSE,Wh,Common Area
142823,15,2025-02-01T02:00:00+08:00,11839482,0,FALSE,Wh,Common Area
142823,15,2025-02-01T02:15:00+08:00,11839550,0,FALSE,Wh,Common Area
142823,15,2025-02-01T02:30:00+08:00,11839618,0,FALSE,Wh,Common Area
142823,15,2025-02-01T02:45:00+08:00,11839685,0,FALSE,Wh,Common Area
142823,15,2025-02-01T03:00:00+08:00,11839753,0,FALSE,Wh,Common Area
142823,15,2025-02-01T03:15:00+08:00,11839820,0,FALSE,Wh,Common Area
142823,15,2025-02-01T03:30:00+08:00,11839887,0,FALSE,Wh,Common Area
142823,15,2025-02-01T03:45:00+08:00,11839955,0,FALSE,Wh,Common Area
142823,15,2025-02-01T04:00:00+08:00,11840022,0,FALSE,Wh,Common Area
142823,15,2025-02-01T04:15:00+08:00,11840089,0,FALSE,Wh,Common Area
142823,15,2025-02-01T04:30:00+08:00,11840157,0,FALSE,Wh,Common Area
142823,15,2025-02-01T04:45:00+08:00,11840224,0,FALSE,Wh,Common Area
142823,15,2025-02-01T05:00:00+08:00,11840291,0,FALSE,Wh,Common Area
142823,15,2025-02-01T05:15:00+08:00,11840359,0,FALSE,Wh,Common Area
142823,15,2025-02-01T05:30:00+08:00,11840426,0,FALSE,Wh,Common Area
142823,15,2025-02-01T05:45:00+08:00,11840492,0,FALSE,Wh,Common Area
142823,15,2025-02-01T06:00:00+08:00,11840557,0,FALSE,Wh,Common Area
142823,15,2025-02-01T06:15:00+08:00,11840623,0,FALSE,Wh,Common Area
142823,15,2025-02-01T06:30:00+08:00,11840689,0,FALSE,Wh,Common Area
142823,15,2025-02-01T06:45:00+08:00,11840755,0,FALSE,Wh,Common Area
142823,15,2025-02-01T07:00:00+08:00,11840822,0,FALSE,Wh,Common Area
142823,15,2025-02-01T07:15:00+08:00,11840888,0,FALSE,Wh,Common Area
142823,15,2025-02-01T07:30:00+08:00,11840954,0,FALSE,Wh,Common Area
142823,15,2025-02-01T07:45:00+08:00,11841019,0,FALSE,Wh,Common Area
142823,15,2025-02-01T08:00:00+08:00,11841085,0,FALSE,Wh,Common Area
142823,15,2025-02-01T08:15:00+08:00,11841162,0,FALSE,Wh,Common Area
142823,15,2025-02-01T08:30:00+08:00,11841239,0,FALSE,Wh,Common Area
142823,15,2025-02-01T08:45:00+08:00,11841350,0,FALSE,Wh,Common Area
142823,15,2025-02-01T09:00:00+08:00,11841429,0,FALSE,Wh,Common Area
142823,15,2025-02-01T09:15:00+08:00,11841497,0,FALSE,Wh,Common Area
142823,15,2025-02-01T09:30:00+08:00,11841576,0,FALSE,Wh,Common Area
142823,15,2025-02-01T09:45:00+08:00,11841672,0,FALSE,Wh,Common Area
142823,15,2025-02-01T10:00:00+08:00,11841754,0,FALSE,Wh,Common Area
142823,15,2025-02-01T10:15:00+08:00,11841822,0,FALSE,Wh,Common Area
142823,15,2025-02-01T10:30:00+08:00,11841887,0,FALSE,Wh,Common Area
142823,15,2025-02-01T10:45:00+08:00,11841952,0,FALSE,Wh,Common Area
142823,15,2025-02-01T11:00:00+08:00,11842033,0,FALSE,Wh,Common Area
142823,15,2025-02-01T11:15:00+08:00,11842109,0,FALSE,Wh,Common Area
142823,15,2025-02-01T11:30:00+08:00,11842185,0,FALSE,Wh,Common Area
142823,15,2025-02-01T11:45:00+08:00,11842256,0,FALSE,Wh,Common Area
142823,15,2025-02-01T12:00:00+08:00,11842378,0,FALSE,Wh,Common Area
142823,15,2025-02-01T12:15:00+08:00,11842456,0,FALSE,Wh,Common Area
142823,15,2025-02-01T12:30:00+08:00,11842554,0,FALSE,Wh,Common Area
142823,15,2025-02-01T12:45:00+08:00,11842619,0,FALSE,Wh,Common Area
142823,15,2025-02-01T13:00:00+08:00,11842706,0,FALSE,Wh,Common Area
142823,15,2025-02-01T13:15:00+08:00,11842772,0,FALSE,Wh,Common Area
142823,15,2025-02-01T13:30:00+08:00,11842840,0,FALSE,Wh,Common Area
142823,15,2025-02-01T13:45:00+08:00,11842905,0,FALSE,Wh,Common Area
142823,15,2025-02-01T14:00:00+08:00,11842983,0,FALSE,Wh,Common Area
142823,15,2025-02-01T14:15:00+08:00,11842983,0,FALSE,Wh,Common Area
142823,15,2025-02-01T14:30:00+08:00,11842983,0,FALSE,Wh,Common Area
142823,15,2025-02-01T14:45:00+08:00,11842983,0,FALSE,Wh,Common Area
142823,15,2025-02-01T15:00:00+08:00,11842983,0,FALSE,Wh,Common Area
142823,15,2025-02-01T15:15:00+08:00,11842983,0,FALSE,Wh,Common Area
142823,15,2025-02-01T15:30:00+08:00,11842983,0,FALSE,Wh,Common Area
142823,15,2025-02-01T15:45:00+08:00,11842983,0,FALSE,Wh,Common Area
142823,15,2025-02-01T16:00:00+08:00,11842983,0,FALSE,Wh,Common Area
142823,15,2025-02-01T16:15:00+08:00,11842983,0,FALSE,Wh,Common Area
142823,15,2025-02-01T16:30:00+08:00,11842983,0,FALSE,Wh,Common Area
142823,15,2025-02-01T16:45:00+08:00,11842983,0,FALSE,Wh,Common Area
142823,15,2025-02-01T17:00:00+08:00,11842983,0,FALSE,Wh,Common Area
142823,15,2025-02-01T17:15:00+08:00,11842983,0,FALSE,Wh,Common Area
142823,15,2025-02-01T17:30:00+08:00,11842983,0,FALSE,Wh,Common Area
142823,15,2025-02-01T17:45:00+08:00,11842983,0,FALSE,Wh,Common Area
142823,15,2025-02-01T18:00:00+08:00,11842983,0,FALSE,Wh,Common Area
142823,15,2025-02-01T18:15:00+08:00,11842983,0,FALSE,Wh,Common Area
142823,15,2025-02-01T18:30:00+08:00,11842983,0,FALSE,Wh,Common Area
142823,15,2025-02-01T18:45:00+08:00,11842983,0,FALSE,Wh,Common Area
142823,15,2025-02-01T19:00:00+08:00,11842983,0,FALSE,Wh,Common Area
142823,15,2025-02-01T19:15:00+08:00,11842983,0,FALSE,Wh,Common Area
142823,15,2025-02-01T19:30:00+08:00,11842983,0,FALSE,Wh,Common Area
142823,15,2025-02-01T19:45:00+08:00,11842983,0,FALSE,Wh,Common Area
142823,15,2025-02-01T20:00:00+08:00,11842983,0,FALSE,Wh,Common Area
142823,15,2025-02-01T20:15:00+08:00,11842983,0,FALSE,Wh,Common Area
142823,15,2025-02-01T20:30:00+08:00,11842983,0,FALSE,Wh,Common Area
142823,15,2025-02-01T20:45:00+08:00,11842983,0,FALSE,Wh,Common Area
142823,15,2025-02-01T21:00:00+08:00,11842983,0,FALSE,Wh,Common Area
142823,15,2025-02-01T21:15:00+08:00,11842983,0,FALSE,Wh,Common Area
142823,15,2025-02-01T21:30:00+08:00,11842983,0,FALSE,Wh,Common Area
142823,15,2025-02-01T21:45:00+08:00,11842983,0,FALSE,Wh,Common Area
142823,15,2025-02-01T22:00:00+08:00,11842983,0,FALSE,Wh,Common Area
142823,15,2025-02-01T22:15:00+08:00,11842983,0,FALSE,Wh,Common Area
142823,15,2025-02-01T22:30:00+08:00,11842983,0,FALSE,Wh,Common Area
142823,15,2025-02-01T22:45:00+08:00,11842983,0,FALSE,Wh,Common Area
142823,15,2025-02-01T23:00:00+08:00,11842983,0,FALSE,Wh,Common Area
142823,15,2025-02-01T23:15:00+08:00,11842983,0,FALSE,Wh,Common Area
142823,15,2025-02-01T23:30:00+08:00,11842983,0,FALSE,Wh,Common Area
142823,15,2025-02-01T23:45:00+08:00,11842983,0,FALSE,Wh,Common Area
142823,15,2025-02-02T00:00:00+08:00,11842983,0,FALSE,Wh,Common Area
142823,15,2025-02-02T00:15:00+08:00,11842983,0,FALSE,Wh,Common Area
142823,15,2025-02-02T00:30:00+08:00,11842983,0,FALSE,Wh,Common Area
142823,15,2025-02-02T00:45:00+08:00,11842983,0,FALSE,Wh,Common Area
142823,15,2025-02-02T01:00:00+08:00,11842983,0,FALSE,Wh,Common Area
142823,15,2025-02-02T01:15:00+08:00,11842983,0,FALSE,Wh,Common Area
142823,15,2025-02-02T01:30:00+08:00,11842983,0,FALSE,Wh,Common Area
142823,15,2025-02-02T01:45:00+08:00,11842983,0,FALSE,Wh,Common Area
142823,15,2025-02-02T02:00:00+08:00,11842983,0,FALSE,Wh,Common Area
142823,15,2025-02-02T02:15:00+08:00,11842983,0,FALSE,Wh,Common Area
142823,15,2025-02-02T02:30:00+08:00,11842983,0,FALSE,Wh,Common Area
142823,15,2025-02-02T02:45:00+08:00,11842983,0,FALSE,Wh,Common Area
142823,15,2025-02-02T03:00:00+08:00,11842983,0,FALSE,Wh,Common Area
142823,15,2025-02-02T03:15:00+08:00,11842983,0,FALSE,Wh,Common Area
142823,15,2025-02-02T03:30:00+08:00,11842983,0,FALSE,Wh,Common Area
142823,15,2025-02-02T03:45:00+08:00,11842983,0,FALSE,Wh,Common Area
142823,15,2025-02-02T04:00:00+08:00,11842983,0,FALSE,Wh,Common Area
142823,15,2025-02-02T04:15:00+08:00,11842983,0,FALSE,Wh,Common Area
142823,15,2025-02-02T04:30:00+08:00,11842983,0,FALSE,Wh,Common Area
142823,15,2025-02-02T04:45:00+08:00,11842983,0,FALSE,Wh,Common Area
142823,15,2025-02-02T05:00:00+08:00,11842983,0,FALSE,Wh,Common Area
142823,15,2025-02-02T05:15:00+08:00,11842983,0,FALSE,Wh,Common Area
142823,15,2025-02-02T05:30:00+08:00,11842983,0,FALSE,Wh,Common Area
142823,15,2025-02-02T05:45:00+08:00,11842983,0,FALSE,Wh,Common Area
142823,15,2025-02-02T06:00:00+08:00,11842983,0,FALSE,Wh,Common Area
142823,15,2025-02-02T06:15:00+08:00,11842983,0,FALSE,Wh,Common Area
142823,15,2025-02-02T06:30:00+08:00,11842983,0,FALSE,Wh,Common Area
142823,15,2025-02-02T06:45:00+08:00,11842983,0,FALSE,Wh,Common Area
142823,15,2025-02-02T07:00:00+08:00,11842983,0,FALSE,Wh,Common Area
142823,15,2025-02-02T07:15:00+08:00,11842983,0,FALSE,Wh,Common Area
142823,15,2025-02-02T07:30:00+08:00,11842983,0,FALSE,Wh,Common Area
142823,15,2025-02-02T07:45:00+08:00,11842983,0,FALSE,Wh,Common Area
142823,15,2025-02-02T08:00:00+08:00,11842983,0,FALSE,Wh,Common Area
142823,15,2025-02-02T08:15:00+08:00,11842983,0,FALSE,Wh,Common Area
142823,15,2025-02-02T08:30:00+08:00,11842983,0,FALSE,Wh,Common Area
142823,15,2025-02-02T08:45:00+08:00,11842983,0,FALSE,Wh,Common Area
142823,15,2025-02-02T09:00:00+08:00,11842983,0,FALSE,Wh,Common Area
142823,15,2025-02-02T09:15:00+08:00,11842983,0,FALSE,Wh,Common Area
142823,15,2025-02-02T09:30:00+08:00,11842983,0,FALSE,Wh,Common Area
142823,15,2025-02-02T09:45:00+08:00,11842983,0,FALSE,Wh,Common Area
142823,15,2025-02-02T10:00:00+08:00,11842983,0,FALSE,Wh,Common Area
142823,15,2025-02-02T10:15:00+08:00,11842983,0,FALSE,Wh,Common Area
142823,15,2025-02-02T10:30:00+08:00,11842983,0,FALSE,Wh,Common Area
142823,15,2025-02-02T10:45:00+08:00,11842983,0,FALSE,Wh,Common Area
142823,15,2025-02-02T11:00:00+08:00,11842983,0,FALSE,Wh,Common Area
142823,15,2025-02-02T11:15:00+08:00,11842983,0,FALSE,Wh,Common Area
142823,15,2025-02-02T11:30:00+08:00,11842983,0,FALSE,Wh,Common Area
142823,15,2025-02-02T11:45:00+08:00,11842983,0,FALSE,Wh,Common Area
142823,15,2025-02-02T12:00:00+08:00,11842983,0,FALSE,Wh,Common Area
142823,15,2025-02-02T12:15:00+08:00,11842983,0,FALSE,Wh,Common Area
142823,15,2025-02-02T12:30:00+08:00,11842983,0,FALSE,Wh,Common Area
142823,15,2025-02-02T12:45:00+08:00,11842983,0,FALSE,Wh,Common Area
142823,15,2025-02-02T13:00:00+08:00,11842983,0,FALSE,Wh,Common Area
142823,15,2025-02-02T13:15:00+08:00,11842983,0,FALSE,Wh,Common Area
142823,15,2025-02-02T13:30:00+08:00,11842983,0,FALSE,Wh,Common Area
142823,15,2025-02-02T13:45:00+08:00,11842983,0,FALSE,Wh,Common Area
142823,15,2025-02-02T14:00:00+08:00,11842983,0,FALSE,Wh,Common Area
142823,15,2025-02-02T14:15:00+08:00,11842983,0,FALSE,Wh,Common Area
142823,15,2025-02-02T14:30:00+08:00,11842983,0,FALSE,Wh,Common Area
142823,15,2025-02-02T14:45:00+08:00,11842983,0,FALSE,Wh,Common Area
142823,15,2025-02-02T15:00:00+08:00,11842983,0,FALSE,Wh,Common Area
142823,15,2025-02-02T15:15:00+08:00,11842983,0,FALSE,Wh,Common Area
142823,15,2025-02-02T15:30:00+08:00,11842983,0,FALSE,Wh,Common Area
142823,15,2025-02-02T15:45:00+08:00,11842983,0,FALSE,Wh,Common Area
142823,15,2025-02-02T16:00:00+08:00,11842983,0,FALSE,Wh,Common Area
142823,15,2025-02-02T16:15:00+08:00,11842983,0,FALSE,Wh,Common Area
142823,15,2025-02-02T16:30:00+08:00,11842983,0,FALSE,Wh,Common Area
142823,15,2025-02-02T16:45:00+08:00,11842983,0,FALSE,Wh,Common Area
142823,15,2025-02-02T17:00:00+08:00,11842983,0,FALSE,Wh,Common Area
142823,15,2025-02-02T17:15:00+08:00,11842983,0,FALSE,Wh,Common Area
142823,15,2025-02-02T17:30:00+08:00,11842983,0,FALSE,Wh,Common Area
142823,15,2025-02-02T17:45:00+08:00,11842983,0,FALSE,Wh,Common Area
142823,15,2025-02-02T18:00:00+08:00,11842983,0,FALSE,Wh,Common Area
142823,15,2025-02-02T18:15:00+08:00,11842983,0,FALSE,Wh,Common Area
142823,15,2025-02-02T18:30:00+08:00,11842983,0,FALSE,Wh,Common Area
142823,15,2025-02-02T18:45:00+08:00,11842983,0,FALSE,Wh,Common Area
142823,15,2025-02-02T19:00:00+08:00,11842983,0,FALSE,Wh,Common Area
142823,15,2025-02-02T19:15:00+08:00,11842983,0,FALSE,Wh,Common Area
142823,15,2025-02-02T19:30:00+08:00,11842983,0,FALSE,Wh,Common Area
142823,15,2025-02-02T19:45:00+08:00,11842983,0,FALSE,Wh,Common Area
142823,15,2025-02-02T20:00:00+08:00,11842983,0,FALSE,Wh,Common Area
142823,15,2025-02-02T20:15:00+08:00,11842983,0,FALSE,Wh,Common Area
142823,15,2025-02-02T20:30:00+08:00,11842983,0,FALSE,Wh,Common Area
142823,15,2025-02-02T20:45:00+08:00,11842983,0,FALSE,Wh,Common Area
142823,15,2025-02-02T21:00:00+08:00,11842983,0,FALSE,Wh,Common Area
142823,15,2025-02-02T21:15:00+08:00,11842983,0,FALSE,Wh,Common Area
142823,15,2025-02-02T21:30:00+08:00,11842983,0,FALSE,Wh,Common Area
142823,15,2025-02-02T21:45:00+08:00,11842983,0,FALSE,Wh,Common Area
142823,15,2025-02-02T22:00:00+08:00,11842983,0,FALSE,Wh,Common Area
142823,15,2025-02-02T22:15:00+08:00,11842983,0,FALSE,Wh,Common Area
142823,15,2025-02-02T22:30:00+08:00,11842983,0,FALSE,Wh,Common Area
142823,15,2025-02-02T22:45:00+08:00,11842983,0,FALSE,Wh,Common Area
142823,15,2025-02-02T23:00:00+08:00,11842983,0,FALSE,Wh,Common Area
142823,15,2025-02-02T23:15:00+08:00,11842983,0,FALSE,Wh,Common Area
142823,15,2025-02-02T23:30:00+08:00,11842983,0,FALSE,Wh,Common Area
142823,15,2025-02-02T23:45:00+08:00,11842983,0,FALSE,Wh,Common Area
142823,15,2025-02-03T00:00:00+08:00,11842983,0,FALSE,Wh,Common Area
142823,15,2025-02-03T00:15:00+08:00,11842983,0,FALSE,Wh,Common Area
142823,15,2025-02-03T00:30:00+08:00,11842983,0,FALSE,Wh,Common Area
142823,15,2025-02-03T00:45:00+08:00,11842983,0,FALSE,Wh,Common Area
142823,15,2025-02-03T01:00:00+08:00,11842983,0,FALSE,Wh,Common Area
142823,15,2025-02-03T01:15:00+08:00,11842983,0,FALSE,Wh,Common Area
142823,15,2025-02-03T01:30:00+08:00,11842983,0,FALSE,Wh,Common Area
142823,15,2025-02-03T01:45:00+08:00,11842983,0,FALSE,Wh,Common Area
142823,15,2025-02-03T02:00:00+08:00,11842983,0,FALSE,Wh,Common Area
142823,15,2025-02-03T02:15:00+08:00,11842983,0,FALSE,Wh,Common Area
142823,15,2025-02-03T02:30:00+08:00,11842983,0,FALSE,Wh,Common Area
142823,15,2025-02-03T02:45:00+08:00,11842983,0,FALSE,Wh,Common Area
142823,15,2025-02-03T03:00:00+08:00,11842983,0,FALSE,Wh,Common Area
142823,15,2025-02-03T03:15:00+08:00,11842983,0,FALSE,Wh,Common Area
142823,15,2025-02-03T03:30:00+08:00,11842983,0,FALSE,Wh,Common Area
142823,15,2025-02-03T03:45:00+08:00,11842983,0,FALSE,Wh,Common Area
142823,15,2025-02-03T04:00:00+08:00,11842983,0,FALSE,Wh,Common Area
142823,15,2025-02-03T04:15:00+08:00,11842983,0,FALSE,Wh,Common Area
142823,15,2025-02-03T04:30:00+08:00,11842983,0,FALSE,Wh,Common Area
142823,15,2025-02-03T04:45:00+08:00,11842983,0,FALSE,Wh,Common Area
142823,15,2025-02-03T05:00:00+08:00,11842983,0,FALSE,Wh,Common Area
142823,15,2025-02-03T05:15:00+08:00,11842983,0,FALSE,Wh,Common Area
142823,15,2025-02-03T05:30:00+08:00,11842983,0,FALSE,Wh,Common Area
142823,15,2025-02-03T05:45:00+08:00,11842983,0,FALSE,Wh,Common Area
142823,15,2025-02-03T06:00:00+08:00,11842983,0,FALSE,Wh,Common Area
142823,15,2025-02-03T06:15:00+08:00,11842983,0,FALSE,Wh,Common Area
142823,15,2025-02-03T06:30:00+08:00,11842983,0,FALSE,Wh,Common Area
142823,15,2025-02-03T06:45:00+08:00,11842983,0,FALSE,Wh,Common Area
142823,15,2025-02-03T07:00:00+08:00,11842983,0,FALSE,Wh,Common Area
142823,15,2025-02-03T07:15:00+08:00,11842983,0,FALSE,Wh,Common Area
142823,15,2025-02-03T07:30:00+08:00,11842983,0,FALSE,Wh,Common Area
142823,15,2025-02-03T07:45:00+08:00,11842983,0,FALSE,Wh,Common Area
142823,15,2025-02-03T08:00:00+08:00,11842983,0,FALSE,Wh,Common Area
142823,15,2025-02-03T08:15:00+08:00,11842983,0,FALSE,Wh,Common Area
142823,15,2025-02-03T08:30:00+08:00,11842983,0,FALSE,Wh,Common Area
142823,15,2025-02-03T08:45:00+08:00,11842983,0,FALSE,Wh,Common Area
142823,15,2025-02-03T09:00:00+08:00,11842983,0,FALSE,Wh,Common Area
142823,15,2025-02-03T09:15:00+08:00,11842983,0,FALSE,Wh,Common Area
142823,15,2025-02-03T09:30:00+08:00,11842983,0,FALSE,Wh,Common Area
142823,15,2025-02-03T09:45:00+08:00,11842983,0,FALSE,Wh,Common Area
142823,15,2025-02-03T10:00:00+08:00,11842983,0,FALSE,Wh,Common Area
142823,15,2025-02-03T10:15:00+08:00,11842983,0,FALSE,Wh,Common Area
142823,15,2025-02-03T10:30:00+08:00,11842983,0,FALSE,Wh,Common Area
142823,15,2025-02-03T10:45:00+08:00,11842983,0,FALSE,Wh,Common Area
142823,15,2025-02-03T11:00:00+08:00,11842983,0,FALSE,Wh,Common Area
142823,15,2025-02-03T11:15:00+08:00,11842983,0,FALSE,Wh,Common Area
142823,15,2025-02-03T11:30:00+08:00,11842983,0,FALSE,Wh,Common Area
142823,15,2025-02-03T11:45:00+08:00,11842983,0,FALSE,Wh,Common Area
142823,15,2025-02-03T12:00:00+08:00,11842983,0,FALSE,Wh,Common Area
142823,15,2025-02-03T12:15:00+08:00,11842983,0,FALSE,Wh,Common Area
142823,15,2025-02-03T12:30:00+08:00,11842983,0,FALSE,Wh,Common Area
142823,15,2025-02-03T12:45:00+08:00,11842983,0,FALSE,Wh,Common Area
142823,15,2025-02-03T13:00:00+08:00,11842983,0,FALSE,Wh,Common Area
142823,15,2025-02-03T13:15:00+08:00,11842983,0,FALSE,Wh,Common Area
142823,15,2025-02-03T13:30:00+08:00,11842983,0,FALSE,Wh,Common Area
142823,15,2025-02-03T13:45:00+08:00,11842983,0,FALSE,Wh,Common Area
142823,15,2025-02-03T14:00:00+08:00,11842983,0,FALSE,Wh,Common Area
142823,15,2025-02-03T14:15:00+08:00,11842983,0,FALSE,Wh,Common Area
142823,15,2025-02-03T14:30:00+08:00,11842983,0,FALSE,Wh,Common Area
142823,15,2025-02-03T14:45:00+08:00,11842983,0,FALSE,Wh,Common Area
142823,15,2025-02-03T15:00:00+08:00,11842983,0,FALSE,Wh,Common Area
142823,15,2025-02-03T15:15:00+08:00,11842983,0,FALSE,Wh,Common Area
142823,15,2025-02-03T15:30:00+08:00,11842983,0,FALSE,Wh,Common Area
142823,15,2025-02-03T15:45:00+08:00,11842983,0,FALSE,Wh,Common Area
142823,15,2025-02-03T16:00:00+08:00,11842983,0,FALSE,Wh,Common Area
142823,15,2025-02-03T16:15:00+08:00,11842983,0,FALSE,Wh,Common Area
142823,15,2025-02-03T16:30:00+08:00,11842983,0,FALSE,Wh,Common Area
142823,15,2025-02-03T16:45:00+08:00,11842983,0,FALSE,Wh,Common Area
142823,15,2025-02-03T17:00:00+08:00,11842983,0,FALSE,Wh,Common Area
142823,15,2025-02-03T17:15:00+08:00,11842983,0,FALSE,Wh,Common Area
142823,15,2025-02-03T17:30:00+08:00,11842983,0,FALSE,Wh,Common Area
142823,15,2025-02-03T17:45:00+08:00,11842983,0,FALSE,Wh,Common Area
142823,15,2025-02-03T18:00:00+08:00,11842983,0,FALSE,Wh,Common Area
142823,15,2025-02-03T18:15:00+08:00,11842983,0,FALSE,Wh,Common Area
142823,15,2025-02-03T18:30:00+08:00,11842983,0,FALSE,Wh,Common Area
142823,15,2025-02-03T18:45:00+08:00,11842983,0,FALSE,Wh,Common Area
142823,15,2025-02-03T19:00:00+08:00,11842983,0,FALSE,Wh,Common Area
142823,15,2025-02-03T19:15:00+08:00,11842983,0,FALSE,Wh,Common Area
142823,15,2025-02-03T19:30:00+08:00,11842983,0,FALSE,Wh,Common Area
142823,15,2025-02-03T19:45:00+08:00,11842983,0,FALSE,Wh,Common Area
142823,15,2025-02-03T20:00:00+08:00,11842983,0,FALSE,Wh,Common Area
142823,15,2025-02-03T20:15:00+08:00,11842983,0,FALSE,Wh,Common Area
142823,15,2025-02-03T20:30:00+08:00,11842983,0,FALSE,Wh,Common Area
142823,15,2025-02-03T20:45:00+08:00,11842983,0,FALSE,Wh,Common Area
142823,15,2025-02-03T21:00:00+08:00,11842983,0,FALSE,Wh,Common Area
142823,15,2025-02-03T21:15:00+08:00,11842983,0,FALSE,Wh,Common Area
142823,15,2025-02-03T21:30:00+08:00,11842983,0,FALSE,Wh,Common Area
142823,15,2025-02-03T21:45:00+08:00,11842983,0,FALSE,Wh,Common Area
142823,15,2025-02-03T22:00:00+08:00,11842983,0,FALSE,Wh,Common Area
142823,15,2025-02-03T22:15:00+08:00,11842983,0,FALSE,Wh,Common Area
142823,15,2025-02-03T22:30:00+08:00,11842983,0,FALSE,Wh,Common Area
142823,15,2025-02-03T22:45:00+08:00,11842983,0,FALSE,Wh,Common Area
142823,15,2025-02-03T23:00:00+08:00,11842983,0,FALSE,Wh,Common Area
142823,15,2025-02-03T23:15:00+08:00,11842983,0,FALSE,Wh,Common Area
142823,15,2025-02-03T23:30:00+08:00,11842983,0,FALSE,Wh,Common Area
142823,15,2025-02-03T23:45:00+08:00,11842983,0,FALSE,Wh,Common Area
142823,15,2025-02-04T00:00:00+08:00,11842983,0,FALSE,Wh,Common Area
142823,15,2025-02-04T00:15:00+08:00,11842983,0,FALSE,Wh,Common Area
142823,15,2025-02-04T00:30:00+08:00,11842983,0,FALSE,Wh,Common Area
142823,15,2025-02-04T00:45:00+08:00,11842983,0,FALSE,Wh,Common Area
142823,15,2025-02-04T01:00:00+08:00,11842983,0,FALSE,Wh,Common Area
142823,15,2025-02-04T01:15:00+08:00,11842983,0,FALSE,Wh,Common Area
142823,15,2025-02-04T01:30:00+08:00,11842983,0,FALSE,Wh,Common Area
142823,15,2025-02-04T01:45:00+08:00,11842983,0,FALSE,Wh,Common Area
142823,15,2025-02-04T02:00:00+08:00,11842983,0,FALSE,Wh,Common Area
142823,15,2025-02-04T02:15:00+08:00,11842983,0,FALSE,Wh,Common Area
142823,15,2025-02-04T02:30:00+08:00,11842983,0,FALSE,Wh,Common Area
142823,15,2025-02-04T02:45:00+08:00,11842983,0,FALSE,Wh,Common Area
142823,15,2025-02-04T03:00:00+08:00,11842983,0,FALSE,Wh,Common Area
142823,15,2025-02-04T03:15:00+08:00,11842983,0,FALSE,Wh,Common Area
142823,15,2025-02-04T03:30:00+08:00,11842983,0,FALSE,Wh,Common Area
142823,15,2025-02-04T03:45:00+08:00,11842983,0,FALSE,Wh,Common Area
142823,15,2025-02-04T04:00:00+08:00,11842983,0,FALSE,Wh,Common Area
142823,15,2025-02-04T04:15:00+08:00,11842983,0,FALSE,Wh,Common Area
142823,15,2025-02-04T04:30:00+08:00,11842983,0,FALSE,Wh,Common Area
142823,15,2025-02-04T04:45:00+08:00,11842983,0,FALSE,Wh,Common Area
142823,15,2025-02-04T05:00:00+08:00,11842983,0,FALSE,Wh,Common Area
142823,15,2025-02-04T05:15:00+08:00,11842983,0,FALSE,Wh,Common Area
142823,15,2025-02-04T05:30:00+08:00,11842983,0,FALSE,Wh,Common Area
142823,15,2025-02-04T05:45:00+08:00,11842983,0,FALSE,Wh,Common Area
142823,15,2025-02-04T06:00:00+08:00,11842983,0,FALSE,Wh,Common Area
142823,15,2025-02-04T06:15:00+08:00,11842983,0,FALSE,Wh,Common Area
142823,15,2025-02-04T06:30:00+08:00,11842983,0,FALSE,Wh,Common Area
142823,15,2025-02-04T06:45:00+08:00,11842983,0,FALSE,Wh,Common Area
142823,15,2025-02-04T07:00:00+08:00,11842983,0,FALSE,Wh,Common Area
142823,15,2025-02-04T07:15:00+08:00,11842983,0,FALSE,Wh,Common Area
142823,15,2025-02-04T07:30:00+08:00,11842983,0,FALSE,Wh,Common Area
142823,15,2025-02-04T07:45:00+08:00,11842983,0,FALSE,Wh,Common Area
142823,15,2025-02-04T08:00:00+08:00,11842983,0,FALSE,Wh,Common Area
142823,15,2025-02-04T08:15:00+08:00,11842983,0,FALSE,Wh,Common Area
142823,15,2025-02-04T08:30:00+08:00,11842983,0,FALSE,Wh,Common Area
142823,15,2025-02-04T08:45:00+08:00,11842983,0,FALSE,Wh,Common Area
142823,15,2025-02-04T09:00:00+08:00,11842983,0,FALSE,Wh,Common Area
142823,15,2025-02-04T09:15:00+08:00,11842983,0,FALSE,Wh,Common Area
142823,15,2025-02-04T09:30:00+08:00,11842983,0,FALSE,Wh,Common Area
142823,15,2025-02-04T09:45:00+08:00,11842983,0,FALSE,Wh,Common Area
142823,15,2025-02-04T10:00:00+08:00,11842983,0,FALSE,Wh,Common Area
142823,15,2025-02-04T10:15:00+08:00,11842983,0,FALSE,Wh,Common Area
142823,15,2025-02-04T10:30:00+08:00,11842983,0,FALSE,Wh,Common Area
142823,15,2025-02-04T10:45:00+08:00,11842983,0,FALSE,Wh,Common Area
142823,15,2025-02-04T11:00:00+08:00,11842983,0,FALSE,Wh,Common Area
142823,15,2025-02-04T11:15:00+08:00,11842983,0,FALSE,Wh,Common Area
142823,15,2025-02-04T11:30:00+08:00,11842983,0,FALSE,Wh,Common Area
142823,15,2025-02-04T11:45:00+08:00,11842983,0,FALSE,Wh,Common Area
142823,15,2025-02-04T12:00:00+08:00,11842983,0,FALSE,Wh,Common Area
142823,15,2025-02-04T12:15:00+08:00,11842983,0,FALSE,Wh,Common Area
142823,15,2025-02-04T12:30:00+08:00,11842983,0,FALSE,Wh,Common Area
142823,15,2025-02-04T12:45:00+08:00,11842983,0,FALSE,Wh,Common Area
142823,15,2025-02-04T13:00:00+08:00,11842983,0,FALSE,Wh,Common Area
142823,15,2025-02-04T13:15:00+08:00,11842983,0,FALSE,Wh,Common Area
142823,15,2025-02-04T13:30:00+08:00,11842983,0,FALSE,Wh,Common Area
142823,15,2025-02-04T13:45:00+08:00,11842983,0,FALSE,Wh,Common Area
142823,15,2025-02-04T14:00:00+08:00,11842983,0,FALSE,Wh,Common Area
142823,15,2025-02-04T14:15:00+08:00,11842983,0,FALSE,Wh,Common Area
142823,15,2025-02-04T14:30:00+08:00,11842983,0,FALSE,Wh,Common Area
142823,15,2025-02-04T14:45:00+08:00,11842983,0,FALSE,Wh,Common Area
142823,15,2025-02-04T15:00:00+08:00,11842983,0,FALSE,Wh,Common Area
142823,15,2025-02-04T15:15:00+08:00,11842983,0,FALSE,Wh,Common Area
142823,15,2025-02-04T15:30:00+08:00,11842983,0,FALSE,Wh,Common Area
142823,15,2025-02-04T15:45:00+08:00,11842983,0,FALSE,Wh,Common Area
142823,15,2025-02-04T16:00:00+08:00,11842983,0,FALSE,Wh,Common Area
142823,15,2025-02-04T16:15:00+08:00,11842983,0,FALSE,Wh,Common Area
142823,15,2025-02-04T16:30:00+08:00,11842983,0,FALSE,Wh,Common Area
142823,15,2025-02-04T16:45:00+08:00,11842983,0,FALSE,Wh,Common Area
142823,15,2025-02-04T17:00:00+08:00,11842983,0,FALSE,Wh,Common Area
142823,15,2025-02-04T17:15:00+08:00,11842983,0,FALSE,Wh,Common Area
142823,15,2025-02-04T17:30:00+08:00,11842983,0,FALSE,Wh,Common Area
142823,15,2025-02-04T17:45:00+08:00,11842983,0,FALSE,Wh,Common Area
142823,15,2025-02-04T18:00:00+08:00,11842983,0,FALSE,Wh,Common Area
142823,15,2025-02-04T18:15:00+08:00,11842983,0,FALSE,Wh,Common Area
142823,15,2025-02-04T18:30:00+08:00,11842983,0,FALSE,Wh,Common Area
142823,15,2025-02-04T18:45:00+08:00,11842983,0,FALSE,Wh,Common Area
142823,15,2025-02-04T19:00:00+08:00,11842983,0,FALSE,Wh,Common Area
142823,15,2025-02-04T19:15:00+08:00,11842983,0,FALSE,Wh,Common Area
142823,15,2025-02-04T19:30:00+08:00,11842983,0,FALSE,Wh,Common Area
142823,15,2025-02-04T19:45:00+08:00,11842983,0,FALSE,Wh,Common Area
142823,15,2025-02-04T20:00:00+08:00,11842983,0,FALSE,Wh,Common Area
142823,15,2025-02-04T20:15:00+08:00,11842983,0,FALSE,Wh,Common Area
142823,15,2025-02-04T20:30:00+08:00,11842983,0,FALSE,Wh,Common Area
142823,15,2025-02-04T20:45:00+08:00,11842983,0,FALSE,Wh,Common Area
142823,15,2025-02-04T21:00:00+08:00,11842983,0,FALSE,Wh,Common Area
142823,15,2025-02-04T21:15:00+08:00,11842983,0,FALSE,Wh,Common Area
142823,15,2025-02-04T21:30:00+08:00,11842983,0,FALSE,Wh,Common Area
142823,15,2025-02-04T21:45:00+08:00,11842983,0,FALSE,Wh,Common Area
142823,15,2025-02-04T22:00:00+08:00,11842983,0,FALSE,Wh,Common Area
142823,15,2025-02-04T22:15:00+08:00,11842983,0,FALSE,Wh,Common Area
142823,15,2025-02-04T22:30:00+08:00,11842983,0,FALSE,Wh,Common Area
142823,15,2025-02-04T22:45:00+08:00,11842983,0,FALSE,Wh,Common Area
142823,15,2025-02-04T23:00:00+08:00,11842983,0,FALSE,Wh,Common Area
142823,15,2025-02-04T23:15:00+08:00,11842983,0,FALSE,Wh,Common Area
142823,15,2025-02-04T23:30:00+08:00,11842983,0,FALSE,Wh,Common Area
142823,15,2025-02-04T23:45:00+08:00,11842983,0,FALSE,Wh,Common Area
142823,15,2025-02-05T00:00:00+08:00,11842983,0,FALSE,Wh,Common Area
142824,15,2025-01-29T00:15:00+08:00,4247799,142314146,FALSE,Wh,SOLAR AND BATTERY DB
142824,15,2025-01-29T00:30:00+08:00,4247799,142314535,FALSE,Wh,SOLAR AND BATTERY DB
142824,15,2025-01-29T00:45:00+08:00,4247799,142314736,FALSE,Wh,SOLAR AND BATTERY DB
142824,15,2025-01-29T01:00:00+08:00,4247799,142314953,FALSE,Wh,SOLAR AND BATTERY DB
142824,15,2025-01-29T01:15:00+08:00,4247799,142315194,FALSE,Wh,SOLAR AND BATTERY DB
142824,15,2025-01-29T01:30:00+08:00,4247799,142315430,FALSE,Wh,SOLAR AND BATTERY DB
142824,15,2025-01-29T01:45:00+08:00,4247799,142315681,FALSE,Wh,SOLAR AND BATTERY DB
142824,15,2025-01-29T02:00:00+08:00,4247799,142315925,FALSE,Wh,SOLAR AND BATTERY DB
142824,15,2025-01-29T02:15:00+08:00,4247799,142316245,FALSE,Wh,SOLAR AND BATTERY DB
142824,15,2025-01-29T02:30:00+08:00,4247799,142316539,FALSE,Wh,SOLAR AND BATTERY DB
142824,15,2025-01-29T02:45:00+08:00,4247799,142316865,FALSE,Wh,SOLAR AND BATTERY DB
142824,15,2025-01-29T03:00:00+08:00,4247799,142317306,FALSE,Wh,SOLAR AND BATTERY DB
142824,15,2025-01-29T03:15:00+08:00,4247799,142317697,FALSE,Wh,SOLAR AND BATTERY DB
142824,15,2025-01-29T03:30:00+08:00,4247799,142318088,FALSE,Wh,SOLAR AND BATTERY DB
142824,15,2025-01-29T03:45:00+08:00,4247799,142318579,FALSE,Wh,SOLAR AND BATTERY DB
142824,15,2025-01-29T04:00:00+08:00,4247799,142319140,FALSE,Wh,SOLAR AND BATTERY DB
142824,15,2025-01-29T04:15:00+08:00,4247799,142319641,FALSE,Wh,SOLAR AND BATTERY DB
142824,15,2025-01-29T04:30:00+08:00,4247799,142320038,FALSE,Wh,SOLAR AND BATTERY DB
142824,15,2025-01-29T04:45:00+08:00,4247799,142320425,FALSE,Wh,SOLAR AND BATTERY DB
142824,15,2025-01-29T05:00:00+08:00,4247799,142320671,FALSE,Wh,SOLAR AND BATTERY DB
142824,15,2025-01-29T05:15:00+08:00,4247799,142320825,FALSE,Wh,SOLAR AND BATTERY DB
142824,15,2025-01-29T05:30:00+08:00,4247820,142320827,FALSE,Wh,SOLAR AND BATTERY DB
142824,15,2025-01-29T05:45:00+08:00,4247841,142320827,FALSE,Wh,SOLAR AND BATTERY DB
142824,15,2025-01-29T06:00:00+08:00,4247852,142320828,FALSE,Wh,SOLAR AND BATTERY DB
142824,15,2025-01-29T06:15:00+08:00,4247852,142320867,FALSE,Wh,SOLAR AND BATTERY DB
142824,15,2025-01-29T06:30:00+08:00,4247852,142320933,FALSE,Wh,SOLAR AND BATTERY DB
142824,15,2025-01-29T06:45:00+08:00,4247852,142321216,FALSE,Wh,SOLAR AND BATTERY DB
142824,15,2025-01-29T07:00:00+08:00,4247852,142321656,FALSE,Wh,SOLAR AND BATTERY DB
142824,15,2025-01-29T07:15:00+08:00,4247852,142322188,FALSE,Wh,SOLAR AND BATTERY DB
142824,15,2025-01-29T07:30:00+08:00,4247852,142323420,FALSE,Wh,SOLAR AND BATTERY DB
142824,15,2025-01-29T07:45:00+08:00,4247852,142324232,FALSE,Wh,SOLAR AND BATTERY DB
142824,15,2025-01-29T08:00:00+08:00,4247852,142325279,FALSE,Wh,SOLAR AND BATTERY DB
142824,15,2025-01-29T08:15:00+08:00,4247852,142326283,FALSE,Wh,SOLAR AND BATTERY DB
142824,15,2025-01-29T08:30:00+08:00,4247852,142326841,FALSE,Wh,SOLAR AND BATTERY DB
142824,15,2025-01-29T08:45:00+08:00,4247852,142327659,FALSE,Wh,SOLAR AND BATTERY DB
142824,15,2025-01-29T09:00:00+08:00,4247852,142328780,FALSE,Wh,SOLAR AND BATTERY DB
142824,15,2025-01-29T09:15:00+08:00,4247852,142330065,FALSE,Wh,SOLAR AND BATTERY DB
142824,15,2025-01-29T09:30:00+08:00,4247852,142331538,FALSE,Wh,SOLAR AND BATTERY DB
142824,15,2025-01-29T09:45:00+08:00,4247852,142333163,FALSE,Wh,SOLAR AND BATTERY DB
142824,15,2025-01-29T10:00:00+08:00,4247852,142334939,FALSE,Wh,SOLAR AND BATTERY DB
142824,15,2025-01-29T10:15:00+08:00,4247852,142337278,FALSE,Wh,SOLAR AND BATTERY DB
142824,15,2025-01-29T10:30:00+08:00,4247852,142339333,FALSE,Wh,SOLAR AND BATTERY DB
142824,15,2025-01-29T10:45:00+08:00,4247852,142341679,FALSE,Wh,SOLAR AND BATTERY DB
142824,15,2025-01-29T11:00:00+08:00,4247852,142343899,FALSE,Wh,SOLAR AND BATTERY DB
142824,15,2025-01-29T11:15:00+08:00,4247852,142346345,FALSE,Wh,SOLAR AND BATTERY DB
142824,15,2025-01-29T11:30:00+08:00,4247852,142348888,FALSE,Wh,SOLAR AND BATTERY DB
142824,15,2025-01-29T11:45:00+08:00,4247852,142351730,FALSE,Wh,SOLAR AND BATTERY DB
142824,15,2025-01-29T12:00:00+08:00,4247852,142354806,FALSE,Wh,SOLAR AND BATTERY DB
142824,15,2025-01-29T12:15:00+08:00,4247852,142358027,FALSE,Wh,SOLAR AND BATTERY DB
142824,15,2025-01-29T12:30:00+08:00,4247852,142361379,FALSE,Wh,SOLAR AND BATTERY DB
142824,15,2025-01-29T12:45:00+08:00,4247852,142364748,FALSE,Wh,SOLAR AND BATTERY DB
142824,15,2025-01-29T13:00:00+08:00,4247852,142368148,FALSE,Wh,SOLAR AND BATTERY DB
142824,15,2025-01-29T13:15:00+08:00,4247852,142371507,FALSE,Wh,SOLAR AND BATTERY DB
142824,15,2025-01-29T13:30:00+08:00,4247852,142374842,FALSE,Wh,SOLAR AND BATTERY DB
142824,15,2025-01-29T13:45:00+08:00,4247852,142378083,FALSE,Wh,SOLAR AND BATTERY DB
142824,15,2025-01-29T14:00:00+08:00,4247852,142381295,FALSE,Wh,SOLAR AND BATTERY DB
142824,15,2025-01-29T14:15:00+08:00,4247852,142384410,FALSE,Wh,SOLAR AND BATTERY DB
142824,15,2025-01-29T14:30:00+08:00,4247852,142387461,FALSE,Wh,SOLAR AND BATTERY DB
142824,15,2025-01-29T14:45:00+08:00,4247852,142390451,FALSE,Wh,SOLAR AND BATTERY DB
142824,15,2025-01-29T15:00:00+08:00,4247852,142393351,FALSE,Wh,SOLAR AND BATTERY DB
142824,15,2025-01-29T15:15:00+08:00,4247852,142396182,FALSE,Wh,SOLAR AND BATTERY DB
142824,15,2025-01-29T15:30:00+08:00,4247852,142398895,FALSE,Wh,SOLAR AND BATTERY DB
142824,15,2025-01-29T15:45:00+08:00,4247852,142401522,FALSE,Wh,SOLAR AND BATTERY DB
142824,15,2025-01-29T16:00:00+08:00,4247852,142403961,FALSE,Wh,SOLAR AND BATTERY DB
142824,15,2025-01-29T16:15:00+08:00,4247852,142406228,FALSE,Wh,SOLAR AND BATTERY DB
142824,15,2025-01-29T16:30:00+08:00,4247852,142408326,FALSE,Wh,SOLAR AND BATTERY DB
142824,15,2025-01-29T16:45:00+08:00,4247852,142409651,FALSE,Wh,SOLAR AND BATTERY DB
142824,15,2025-01-29T17:00:00+08:00,4247852,142412045,FALSE,Wh,SOLAR AND BATTERY DB
142824,15,2025-01-29T17:15:00+08:00,4247852,142413591,FALSE,Wh,SOLAR AND BATTERY DB
142824,15,2025-01-29T17:30:00+08:00,4247852,142414902,FALSE,Wh,SOLAR AND BATTERY DB
142824,15,2025-01-29T17:45:00+08:00,4247852,142416027,FALSE,Wh,SOLAR AND BATTERY DB
142824,15,2025-01-29T18:00:00+08:00,4247852,142416887,FALSE,Wh,SOLAR AND BATTERY DB
142824,15,2025-01-29T18:15:00+08:00,4247852,142417497,FALSE,Wh,SOLAR AND BATTERY DB
142824,15,2025-01-29T18:30:00+08:00,4247852,142417984,FALSE,Wh,SOLAR AND BATTERY DB
142824,15,2025-01-29T18:45:00+08:00,4247852,142418433,FALSE,Wh,SOLAR AND BATTERY DB
142824,15,2025-01-29T19:00:00+08:00,4247852,142418949,FALSE,Wh,SOLAR AND BATTERY DB
142824,15,2025-01-29T19:15:00+08:00,4247852,142419464,FALSE,Wh,SOLAR AND BATTERY DB
142824,15,2025-01-29T19:30:00+08:00,4247852,142420026,FALSE,Wh,SOLAR AND BATTERY DB
142824,15,2025-01-29T19:45:00+08:00,4247852,142420589,FALSE,Wh,SOLAR AND BATTERY DB
142824,15,2025-01-29T20:00:00+08:00,4247852,142421131,FALSE,Wh,SOLAR AND BATTERY DB
142824,15,2025-01-29T20:15:00+08:00,4247852,142421632,FALSE,Wh,SOLAR AND BATTERY DB
142824,15,2025-01-29T20:30:00+08:00,4247852,142421923,FALSE,Wh,SOLAR AND BATTERY DB
142824,15,2025-01-29T20:45:00+08:00,4247852,142422118,FALSE,Wh,SOLAR AND BATTERY DB
142824,15,2025-01-29T21:00:00+08:00,4247852,142422270,FALSE,Wh,SOLAR AND BATTERY DB
142824,15,2025-01-29T21:15:00+08:00,4247852,142422319,FALSE,Wh,SOLAR AND BATTERY DB
142824,15,2025-01-29T21:30:00+08:00,4247852,142422353,FALSE,Wh,SOLAR AND BATTERY DB
142824,15,2025-01-29T21:45:00+08:00,4247852,142422387,FALSE,Wh,SOLAR AND BATTERY DB
142824,15,2025-01-29T22:00:00+08:00,4247852,142422422,FALSE,Wh,SOLAR AND BATTERY DB
142824,15,2025-01-29T22:15:00+08:00,4247852,142422592,FALSE,Wh,SOLAR AND BATTERY DB
142824,15,2025-01-29T22:30:00+08:00,4247852,142422827,FALSE,Wh,SOLAR AND BATTERY DB
142824,15,2025-01-29T22:45:00+08:00,4247852,142423153,FALSE,Wh,SOLAR AND BATTERY DB
142824,15,2025-01-29T23:00:00+08:00,4247852,142423575,FALSE,Wh,SOLAR AND BATTERY DB
142824,15,2025-01-29T23:15:00+08:00,4247852,142424048,FALSE,Wh,SOLAR AND BATTERY DB
142824,15,2025-01-29T23:30:00+08:00,4247852,142424477,FALSE,Wh,SOLAR AND BATTERY DB
142824,15,2025-01-29T23:45:00+08:00,4247852,142424861,FALSE,Wh,SOLAR AND BATTERY DB
142824,15,2025-01-30T00:00:00+08:00,4247852,142425203,FALSE,Wh,SOLAR AND BATTERY DB
142824,15,2025-01-30T00:15:00+08:00,4247852,142425360,FALSE,Wh,SOLAR AND BATTERY DB
142824,15,2025-01-30T00:30:00+08:00,4247852,142425562,FALSE,Wh,SOLAR AND BATTERY DB
142824,15,2025-01-30T00:45:00+08:00,4247852,142425760,FALSE,Wh,SOLAR AND BATTERY DB
142824,15,2025-01-30T01:00:00+08:00,4247852,142425967,FALSE,Wh,SOLAR AND BATTERY DB
142824,15,2025-01-30T01:15:00+08:00,4247852,142426231,FALSE,Wh,SOLAR AND BATTERY DB
142824,15,2025-01-30T01:30:00+08:00,4247852,142426477,FALSE,Wh,SOLAR AND BATTERY DB
142824,15,2025-01-30T01:45:00+08:00,4247852,142426749,FALSE,Wh,SOLAR AND BATTERY DB
142824,15,2025-01-30T02:00:00+08:00,4247852,142427020,FALSE,Wh,SOLAR AND BATTERY DB
142824,15,2025-01-30T02:15:00+08:00,4247852,142427292,FALSE,Wh,SOLAR AND BATTERY DB
142824,15,2025-01-30T02:30:00+08:00,4247852,142427603,FALSE,Wh,SOLAR AND BATTERY DB
142824,15,2025-01-30T02:45:00+08:00,4247852,142427902,FALSE,Wh,SOLAR AND BATTERY DB
142824,15,2025-01-30T03:00:00+08:00,4247852,142428394,FALSE,Wh,SOLAR AND BATTERY DB
142824,15,2025-01-30T03:15:00+08:00,4247852,142428825,FALSE,Wh,SOLAR AND BATTERY DB
142824,15,2025-01-30T03:30:00+08:00,4247852,142429260,FALSE,Wh,SOLAR AND BATTERY DB
142824,15,2025-01-30T03:45:00+08:00,4247852,142429386,FALSE,Wh,SOLAR AND BATTERY DB
142824,15,2025-01-30T04:00:00+08:00,4247852,142429528,FALSE,Wh,SOLAR AND BATTERY DB
142824,15,2025-01-30T04:15:00+08:00,4247852,142429624,FALSE,Wh,SOLAR AND BATTERY DB
142824,15,2025-01-30T04:30:00+08:00,4247852,142429720,FALSE,Wh,SOLAR AND BATTERY DB
142824,15,2025-01-30T04:45:00+08:00,4247852,142429817,FALSE,Wh,SOLAR AND BATTERY DB
142824,15,2025-01-30T05:00:00+08:00,4247852,142429913,FALSE,Wh,SOLAR AND BATTERY DB
142824,15,2025-01-30T05:15:00+08:00,4247852,142430008,FALSE,Wh,SOLAR AND BATTERY DB
142824,15,2025-01-30T05:30:00+08:00,4247852,142430102,FALSE,Wh,SOLAR AND BATTERY DB
142824,15,2025-01-30T05:45:00+08:00,4247852,142430246,FALSE,Wh,SOLAR AND BATTERY DB
142824,15,2025-01-30T06:00:00+08:00,4247852,142430444,FALSE,Wh,SOLAR AND BATTERY DB
142824,15,2025-01-30T06:15:00+08:00,4247852,142430695,FALSE,Wh,SOLAR AND BATTERY DB
142824,15,2025-01-30T06:30:00+08:00,4247852,142431024,FALSE,Wh,SOLAR AND BATTERY DB
142824,15,2025-01-30T06:45:00+08:00,4247852,142431416,FALSE,Wh,SOLAR AND BATTERY DB
142824,15,2025-01-30T07:00:00+08:00,4247852,142431973,FALSE,Wh,SOLAR AND BATTERY DB
142824,15,2025-01-30T07:15:00+08:00,4247852,142432752,FALSE,Wh,SOLAR AND BATTERY DB
142824,15,2025-01-30T07:30:00+08:00,4247852,142433429,FALSE,Wh,SOLAR AND BATTERY DB
142824,15,2025-01-30T07:45:00+08:00,4247852,142434101,FALSE,Wh,SOLAR AND BATTERY DB
142824,15,2025-01-30T08:00:00+08:00,4247852,142434773,FALSE,Wh,SOLAR AND BATTERY DB
142824,15,2025-01-30T08:15:00+08:00,4247852,142435717,FALSE,Wh,SOLAR AND BATTERY DB
142824,15,2025-01-30T08:30:00+08:00,4247852,142437139,FALSE,Wh,SOLAR AND BATTERY DB
142824,15,2025-01-30T08:45:00+08:00,4247852,142439273,FALSE,Wh,SOLAR AND BATTERY DB
142824,15,2025-01-30T09:00:00+08:00,4247852,142440604,FALSE,Wh,SOLAR AND BATTERY DB
142824,15,2025-01-30T09:15:00+08:00,4247852,142442511,FALSE,Wh,SOLAR AND BATTERY DB
142824,15,2025-01-30T09:30:00+08:00,4247852,142444906,FALSE,Wh,SOLAR AND BATTERY DB
142824,15,2025-01-30T09:45:00+08:00,4247852,142446753,FALSE,Wh,SOLAR AND BATTERY DB
142824,15,2025-01-30T10:00:00+08:00,4247852,142449108,FALSE,Wh,SOLAR AND BATTERY DB
142824,15,2025-01-30T10:15:00+08:00,4247852,142450940,FALSE,Wh,SOLAR AND BATTERY DB
142824,15,2025-01-30T10:30:00+08:00,4247852,142453379,FALSE,Wh,SOLAR AND BATTERY DB
142824,15,2025-01-30T10:45:00+08:00,4247852,142455524,FALSE,Wh,SOLAR AND BATTERY DB
142824,15,2025-01-30T11:00:00+08:00,4247852,142457897,FALSE,Wh,SOLAR AND BATTERY DB
142824,15,2025-01-30T11:15:00+08:00,4247852,142460514,FALSE,Wh,SOLAR AND BATTERY DB
142824,15,2025-01-30T11:30:00+08:00,4247852,142463045,FALSE,Wh,SOLAR AND BATTERY DB
142824,15,2025-01-30T11:45:00+08:00,4247852,142465718,FALSE,Wh,SOLAR AND BATTERY DB
142824,15,2025-01-30T12:00:00+08:00,4247852,142469674,FALSE,Wh,SOLAR AND BATTERY DB
142824,15,2025-01-30T12:15:00+08:00,4247852,142471799,FALSE,Wh,SOLAR AND BATTERY DB
142824,15,2025-01-30T12:30:00+08:00,4247852,142475135,FALSE,Wh,SOLAR AND BATTERY DB
142824,15,2025-01-30T12:45:00+08:00,4247852,142478632,FALSE,Wh,SOLAR AND BATTERY DB
142824,15,2025-01-30T13:00:00+08:00,4247852,142482235,FALSE,Wh,SOLAR AND BATTERY DB
142824,15,2025-01-30T13:15:00+08:00,4247852,142485493,FALSE,Wh,SOLAR AND BATTERY DB
142824,15,2025-01-30T13:30:00+08:00,4247852,142488939,FALSE,Wh,SOLAR AND BATTERY DB
142824,15,2025-01-30T13:45:00+08:00,4247852,142492391,FALSE,Wh,SOLAR AND BATTERY DB
142824,15,2025-01-30T14:00:00+08:00,4247852,142495731,FALSE,Wh,SOLAR AND BATTERY DB
142824,15,2025-01-30T14:15:00+08:00,4247852,142498974,FALSE,Wh,SOLAR AND BATTERY DB
142824,15,2025-01-30T14:30:00+08:00,4247852,142502206,FALSE,Wh,SOLAR AND BATTERY DB
142824,15,2025-01-30T14:45:00+08:00,4247852,142505378,FALSE,Wh,SOLAR AND BATTERY DB
142824,15,2025-01-30T15:00:00+08:00,4247852,142508478,FALSE,Wh,SOLAR AND BATTERY DB
142824,15,2025-01-30T15:15:00+08:00,4247852,142511464,FALSE,Wh,SOLAR AND BATTERY DB
142824,15,2025-01-30T15:30:00+08:00,4247852,142514328,FALSE,Wh,SOLAR AND BATTERY DB
142824,15,2025-01-30T15:45:00+08:00,4247852,142517041,FALSE,Wh,SOLAR AND BATTERY DB
142824,15,2025-01-30T16:00:00+08:00,4247852,142519219,FALSE,Wh,SOLAR AND BATTERY DB
142824,15,2025-01-30T16:15:00+08:00,4247852,142520855,FALSE,Wh,SOLAR AND BATTERY DB
142824,15,2025-01-30T16:30:00+08:00,4247852,142522007,FALSE,Wh,SOLAR AND BATTERY DB
142824,15,2025-01-30T16:45:00+08:00,4247852,142523510,FALSE,Wh,SOLAR AND BATTERY DB
142824,15,2025-01-30T17:00:00+08:00,4247852,142525606,FALSE,Wh,SOLAR AND BATTERY DB
142824,15,2025-01-30T17:15:00+08:00,4247852,142527099,FALSE,Wh,SOLAR AND BATTERY DB
142824,15,2025-01-30T17:30:00+08:00,4247852,142528638,FALSE,Wh,SOLAR AND BATTERY DB
142824,15,2025-01-30T17:45:00+08:00,4247852,142529924,FALSE,Wh,SOLAR AND BATTERY DB
142824,15,2025-01-30T18:00:00+08:00,4247852,142530890,FALSE,Wh,SOLAR AND BATTERY DB
142824,15,2025-01-30T18:15:00+08:00,4247852,142531527,FALSE,Wh,SOLAR AND BATTERY DB
142824,15,2025-01-30T18:30:00+08:00,4247852,142531985,FALSE,Wh,SOLAR AND BATTERY DB
142824,15,2025-01-30T18:45:00+08:00,4247852,142532262,FALSE,Wh,SOLAR AND BATTERY DB
142824,15,2025-01-30T19:00:00+08:00,4247852,142532349,FALSE,Wh,SOLAR AND BATTERY DB
142824,15,2025-01-30T19:15:00+08:00,4247852,142532397,FALSE,Wh,SOLAR AND BATTERY DB
142824,15,2025-01-30T19:30:00+08:00,4247866,142532409,FALSE,Wh,SOLAR AND BATTERY DB
142824,15,2025-01-30T19:45:00+08:00,4247888,142532409,FALSE,Wh,SOLAR AND BATTERY DB
142824,15,2025-01-30T20:00:00+08:00,4247909,142532409,FALSE,Wh,SOLAR AND BATTERY DB
142824,15,2025-01-30T20:15:00+08:00,4247916,142532466,FALSE,Wh,SOLAR AND BATTERY DB
142824,15,2025-01-30T20:30:00+08:00,4247916,142532520,FALSE,Wh,SOLAR AND BATTERY DB
142824,15,2025-01-30T20:45:00+08:00,4247916,142532609,FALSE,Wh,SOLAR AND BATTERY DB
142824,15,2025-01-30T21:00:00+08:00,4247916,142532787,FALSE,Wh,SOLAR AND BATTERY DB
142824,15,2025-01-30T21:15:00+08:00,4247916,142533085,FALSE,Wh,SOLAR AND BATTERY DB
142824,15,2025-01-30T21:30:00+08:00,4247916,142533467,FALSE,Wh,SOLAR AND BATTERY DB
142824,15,2025-01-30T21:45:00+08:00,4247916,142533936,FALSE,Wh,SOLAR AND BATTERY DB
142824,15,2025-01-30T22:00:00+08:00,4247916,142534343,FALSE,Wh,SOLAR AND BATTERY DB
142824,15,2025-01-30T22:15:00+08:00,4247916,142534750,FALSE,Wh,SOLAR AND BATTERY DB
142824,15,2025-01-30T22:30:00+08:00,4247916,142535036,FALSE,Wh,SOLAR AND BATTERY DB
142824,15,2025-01-30T22:45:00+08:00,4247916,142535322,FALSE,Wh,SOLAR AND BATTERY DB
142824,15,2025-01-30T23:00:00+08:00,4247916,142535708,FALSE,Wh,SOLAR AND BATTERY DB
142824,15,2025-01-30T23:15:00+08:00,4247916,142536094,FALSE,Wh,SOLAR AND BATTERY DB
142824,15,2025-01-30T23:30:00+08:00,4247916,142536480,FALSE,Wh,SOLAR AND BATTERY DB
142824,15,2025-01-30T23:45:00+08:00,4247916,142536853,FALSE,Wh,SOLAR AND BATTERY DB
142824,15,2025-01-31T00:00:00+08:00,4247916,142537313,FALSE,Wh,SOLAR AND BATTERY DB
142824,15,2025-01-31T00:15:00+08:00,4247916,142537644,FALSE,Wh,SOLAR AND BATTERY DB
142824,15,2025-01-31T00:30:00+08:00,4247916,142538008,FALSE,Wh,SOLAR AND BATTERY DB
142824,15,2025-01-31T00:45:00+08:00,4247916,142538399,FALSE,Wh,SOLAR AND BATTERY DB
142824,15,2025-01-31T01:00:00+08:00,4247916,142538789,FALSE,Wh,SOLAR AND BATTERY DB
142824,15,2025-01-31T01:15:00+08:00,4247916,142539012,FALSE,Wh,SOLAR AND BATTERY DB
142824,15,2025-01-31T01:30:00+08:00,4247916,142539233,FALSE,Wh,SOLAR AND BATTERY DB
142824,15,2025-01-31T01:45:00+08:00,4247916,142539573,FALSE,Wh,SOLAR AND BATTERY DB
142824,15,2025-01-31T02:00:00+08:00,4247916,142539955,FALSE,Wh,SOLAR AND BATTERY DB
142824,15,2025-01-31T02:15:00+08:00,4247916,142540385,FALSE,Wh,SOLAR AND BATTERY DB
142824,15,2025-01-31T02:30:00+08:00,4247916,142540722,FALSE,Wh,SOLAR AND BATTERY DB
142824,15,2025-01-31T02:45:00+08:00,4247916,142540948,FALSE,Wh,SOLAR AND BATTERY DB
142824,15,2025-01-31T03:00:00+08:00,4247916,142541103,FALSE,Wh,SOLAR AND BATTERY DB
142824,15,2025-01-31T03:15:00+08:00,4247916,142541257,FALSE,Wh,SOLAR AND BATTERY DB
142824,15,2025-01-31T03:30:00+08:00,4247916,142541412,FALSE,Wh,SOLAR AND BATTERY DB
142824,15,2025-01-31T03:45:00+08:00,4247920,142541539,FALSE,Wh,SOLAR AND BATTERY DB
142824,15,2025-01-31T04:00:00+08:00,4247939,142541539,FALSE,Wh,SOLAR AND BATTERY DB
142824,15,2025-01-31T04:15:00+08:00,4247959,142541539,FALSE,Wh,SOLAR AND BATTERY DB
142824,15,2025-01-31T04:30:00+08:00,4247978,142541539,FALSE,Wh,SOLAR AND BATTERY DB
142824,15,2025-01-31T04:45:00+08:00,4247997,142541539,FALSE,Wh,SOLAR AND BATTERY DB
142824,15,2025-01-31T05:00:00+08:00,4248016,142541539,FALSE,Wh,SOLAR AND BATTERY DB
142824,15,2025-01-31T05:15:00+08:00,4248037,142541539,FALSE,Wh,SOLAR AND BATTERY DB
142824,15,2025-01-31T05:30:00+08:00,4248058,142541539,FALSE,Wh,SOLAR AND BATTERY DB
142824,15,2025-01-31T05:45:00+08:00,4248079,142541539,FALSE,Wh,SOLAR AND BATTERY DB
142824,15,2025-01-31T06:00:00+08:00,4248094,142541539,FALSE,Wh,SOLAR AND BATTERY DB
142824,15,2025-01-31T06:15:00+08:00,4248095,142541561,FALSE,Wh,SOLAR AND BATTERY DB
142824,15,2025-01-31T06:30:00+08:00,4248095,142541642,FALSE,Wh,SOLAR AND BATTERY DB
142824,15,2025-01-31T06:45:00+08:00,4248095,142541768,FALSE,Wh,SOLAR AND BATTERY DB
142824,15,2025-01-31T07:00:00+08:00,4248095,142541995,FALSE,Wh,SOLAR AND BATTERY DB
142824,15,2025-01-31T07:15:00+08:00,4248095,142542287,FALSE,Wh,SOLAR AND BATTERY DB
142824,15,2025-01-31T07:30:00+08:00,4248095,142542616,FALSE,Wh,SOLAR AND BATTERY DB
142824,15,2025-01-31T07:45:00+08:00,4248095,142543012,FALSE,Wh,SOLAR AND BATTERY DB
142824,15,2025-01-31T08:00:00+08:00,4248095,142543548,FALSE,Wh,SOLAR AND BATTERY DB
142824,15,2025-01-31T08:15:00+08:00,4248095,142544204,FALSE,Wh,SOLAR AND BATTERY DB
142824,15,2025-01-31T08:30:00+08:00,4248095,142545170,FALSE,Wh,SOLAR AND BATTERY DB
142824,15,2025-01-31T08:45:00+08:00,4248095,142546057,FALSE,Wh,SOLAR AND BATTERY DB
142824,15,2025-01-31T09:00:00+08:00,4248095,142547293,FALSE,Wh,SOLAR AND BATTERY DB
142824,15,2025-01-31T09:15:00+08:00,4248095,142548521,FALSE,Wh,SOLAR AND BATTERY DB
142824,15,2025-01-31T09:30:00+08:00,4248095,142549910,FALSE,Wh,SOLAR AND BATTERY DB
142824,15,2025-01-31T09:45:00+08:00,4248095,142551647,FALSE,Wh,SOLAR AND BATTERY DB
142824,15,2025-01-31T10:00:00+08:00,4248095,142553794,FALSE,Wh,SOLAR AND BATTERY DB
142824,15,2025-01-31T10:15:00+08:00,4248095,142556402,FALSE,Wh,SOLAR AND BATTERY DB
142824,15,2025-01-31T10:30:00+08:00,4248095,142558874,FALSE,Wh,SOLAR AND BATTERY DB
142824,15,2025-01-31T10:45:00+08:00,4248095,142560760,FALSE,Wh,SOLAR AND BATTERY DB
142824,15,2025-01-31T11:00:00+08:00,4248095,142563227,FALSE,Wh,SOLAR AND BATTERY DB
142824,15,2025-01-31T11:15:00+08:00,4248095,142565699,FALSE,Wh,SOLAR AND BATTERY DB
142824,15,2025-01-31T11:30:00+08:00,4248095,142568452,FALSE,Wh,SOLAR AND BATTERY DB
142824,15,2025-01-31T11:45:00+08:00,4248095,142570987,FALSE,Wh,SOLAR AND BATTERY DB
142824,15,2025-01-31T12:00:00+08:00,4248095,142573624,FALSE,Wh,SOLAR AND BATTERY DB
142824,15,2025-01-31T12:15:00+08:00,4248095,142576180,FALSE,Wh,SOLAR AND BATTERY DB
142824,15,2025-01-31T12:30:00+08:00,4248095,142578771,FALSE,Wh,SOLAR AND BATTERY DB
142824,15,2025-01-31T12:45:00+08:00,4248095,142581418,FALSE,Wh,SOLAR AND BATTERY DB
142824,15,2025-01-31T13:00:00+08:00,4248095,142584305,FALSE,Wh,SOLAR AND BATTERY DB
142824,15,2025-01-31T13:15:00+08:00,4248095,142587085,FALSE,Wh,SOLAR AND BATTERY DB
142824,15,2025-01-31T13:30:00+08:00,4248095,142589774,FALSE,Wh,SOLAR AND BATTERY DB
142824,15,2025-01-31T13:45:00+08:00,4248095,142592838,FALSE,Wh,SOLAR AND BATTERY DB
142824,15,2025-01-31T14:00:00+08:00,4248095,142596262,FALSE,Wh,SOLAR AND BATTERY DB
142824,15,2025-01-31T14:15:00+08:00,4248095,142599598,FALSE,Wh,SOLAR AND BATTERY DB
142824,15,2025-01-31T14:30:00+08:00,4248095,142602816,FALSE,Wh,SOLAR AND BATTERY DB
142824,15,2025-01-31T14:45:00+08:00,4248095,142606005,FALSE,Wh,SOLAR AND BATTERY DB
142824,15,2025-01-31T15:00:00+08:00,4248095,142609210,FALSE,Wh,SOLAR AND BATTERY DB
142824,15,2025-01-31T15:15:00+08:00,4248095,142612984,FALSE,Wh,SOLAR AND BATTERY DB
142824,15,2025-01-31T15:30:00+08:00,4248095,142616711,FALSE,Wh,SOLAR AND BATTERY DB
142824,15,2025-01-31T15:45:00+08:00,4248095,142620303,FALSE,Wh,SOLAR AND BATTERY DB
142824,15,2025-01-31T16:00:00+08:00,4248095,142624070,FALSE,Wh,SOLAR AND BATTERY DB
142824,15,2025-01-31T16:15:00+08:00,4248095,142627517,FALSE,Wh,SOLAR AND BATTERY DB
142824,15,2025-01-31T16:30:00+08:00,4248095,142630632,FALSE,Wh,SOLAR AND BATTERY DB
142824,15,2025-01-31T16:45:00+08:00,4248095,142633461,FALSE,Wh,SOLAR AND BATTERY DB
142824,15,2025-01-31T17:00:00+08:00,4248095,142636055,FALSE,Wh,SOLAR AND BATTERY DB
142824,15,2025-01-31T17:15:00+08:00,4248095,142638253,FALSE,Wh,SOLAR AND BATTERY DB
142824,15,2025-01-31T17:30:00+08:00,4248095,142639951,FALSE,Wh,SOLAR AND BATTERY DB
142824,15,2025-01-31T17:45:00+08:00,4248095,142641280,FALSE,Wh,SOLAR AND BATTERY DB
142824,15,2025-01-31T18:00:00+08:00,4248095,142642201,FALSE,Wh,SOLAR AND BATTERY DB
142824,15,2025-01-31T18:15:00+08:00,4248095,142642805,FALSE,Wh,SOLAR AND BATTERY DB
142824,15,2025-01-31T18:30:00+08:00,4248095,142643259,FALSE,Wh,SOLAR AND BATTERY DB
142824,15,2025-01-31T18:45:00+08:00,4248095,142643627,FALSE,Wh,SOLAR AND BATTERY DB
142824,15,2025-01-31T19:00:00+08:00,4248095,142643909,FALSE,Wh,SOLAR AND BATTERY DB
142824,15,2025-01-31T19:15:00+08:00,4248095,142644169,FALSE,Wh,SOLAR AND BATTERY DB
142824,15,2025-01-31T19:30:00+08:00,4248095,142644472,FALSE,Wh,SOLAR AND BATTERY DB
142824,15,2025-01-31T19:45:00+08:00,4248095,142644802,FALSE,Wh,SOLAR AND BATTERY DB
142824,15,2025-01-31T20:00:00+08:00,4248095,142645134,FALSE,Wh,SOLAR AND BATTERY DB
142824,15,2025-01-31T20:15:00+08:00,4248095,142645466,FALSE,Wh,SOLAR AND BATTERY DB
142824,15,2025-01-31T20:30:00+08:00,4248095,142645848,FALSE,Wh,SOLAR AND BATTERY DB
142824,15,2025-01-31T20:45:00+08:00,4248095,142646396,FALSE,Wh,SOLAR AND BATTERY DB
142824,15,2025-01-31T21:00:00+08:00,4248095,142646908,FALSE,Wh,SOLAR AND BATTERY DB
142824,15,2025-01-31T21:15:00+08:00,4248095,142647524,FALSE,Wh,SOLAR AND BATTERY DB
142824,15,2025-01-31T21:30:00+08:00,4248095,142648113,FALSE,Wh,SOLAR AND BATTERY DB
142824,15,2025-01-31T21:45:00+08:00,4248095,142648519,FALSE,Wh,SOLAR AND BATTERY DB
142824,15,2025-01-31T22:00:00+08:00,4248095,142648785,FALSE,Wh,SOLAR AND BATTERY DB
142824,15,2025-01-31T22:15:00+08:00,4248095,142648941,FALSE,Wh,SOLAR AND BATTERY DB
142824,15,2025-01-31T22:30:00+08:00,4248095,142649096,FALSE,Wh,SOLAR AND BATTERY DB
142824,15,2025-01-31T22:45:00+08:00,4248095,142649251,FALSE,Wh,SOLAR AND BATTERY DB
142824,15,2025-01-31T23:00:00+08:00,4248109,142649291,FALSE,Wh,SOLAR AND BATTERY DB
142824,15,2025-01-31T23:15:00+08:00,4248129,142649291,FALSE,Wh,SOLAR AND BATTERY DB
142824,15,2025-01-31T23:30:00+08:00,4248148,142649291,FALSE,Wh,SOLAR AND BATTERY DB
142824,15,2025-01-31T23:45:00+08:00,4248167,142649291,FALSE,Wh,SOLAR AND BATTERY DB
142824,15,2025-02-01T00:00:00+08:00,4248187,142649291,FALSE,Wh,SOLAR AND BATTERY DB
142824,15,2025-02-01T00:15:00+08:00,4248207,142649291,FALSE,Wh,SOLAR AND BATTERY DB
142824,15,2025-02-01T00:30:00+08:00,4248227,142649291,FALSE,Wh,SOLAR AND BATTERY DB
142824,15,2025-02-01T00:45:00+08:00,4248246,142649291,FALSE,Wh,SOLAR AND BATTERY DB
142824,15,2025-02-01T01:00:00+08:00,4248266,142649291,FALSE,Wh,SOLAR AND BATTERY DB
142824,15,2025-02-01T01:15:00+08:00,4248285,142649291,FALSE,Wh,SOLAR AND BATTERY DB
142824,15,2025-02-01T01:30:00+08:00,4248305,142649291,FALSE,Wh,SOLAR AND BATTERY DB
142824,15,2025-02-01T01:45:00+08:00,4248324,142649291,FALSE,Wh,SOLAR AND BATTERY DB
142824,15,2025-02-01T02:00:00+08:00,4248344,142649291,FALSE,Wh,SOLAR AND BATTERY DB
142824,15,2025-02-01T02:15:00+08:00,4248363,142649291,FALSE,Wh,SOLAR AND BATTERY DB
142824,15,2025-02-01T02:30:00+08:00,4248383,142649291,FALSE,Wh,SOLAR AND BATTERY DB
142824,15,2025-02-01T02:45:00+08:00,4248402,142649291,FALSE,Wh,SOLAR AND BATTERY DB
142824,15,2025-02-01T03:00:00+08:00,4248421,142649291,FALSE,Wh,SOLAR AND BATTERY DB
142824,15,2025-02-01T03:15:00+08:00,4248440,142649291,FALSE,Wh,SOLAR AND BATTERY DB
142824,15,2025-02-01T03:30:00+08:00,4248460,142649291,FALSE,Wh,SOLAR AND BATTERY DB
142824,15,2025-02-01T03:45:00+08:00,4248479,142649291,FALSE,Wh,SOLAR AND BATTERY DB
142824,15,2025-02-01T04:00:00+08:00,4248499,142649291,FALSE,Wh,SOLAR AND BATTERY DB
142824,15,2025-02-01T04:15:00+08:00,4248518,142649291,FALSE,Wh,SOLAR AND BATTERY DB
142824,15,2025-02-01T04:30:00+08:00,4248537,142649291,FALSE,Wh,SOLAR AND BATTERY DB
142824,15,2025-02-01T04:45:00+08:00,4248556,142649291,FALSE,Wh,SOLAR AND BATTERY DB
142824,15,2025-02-01T05:00:00+08:00,4248576,142649291,FALSE,Wh,SOLAR AND BATTERY DB
142824,15,2025-02-01T05:15:00+08:00,4248597,142649291,FALSE,Wh,SOLAR AND BATTERY DB
142824,15,2025-02-01T05:30:00+08:00,4248618,142649291,FALSE,Wh,SOLAR AND BATTERY DB
142824,15,2025-02-01T05:45:00+08:00,4248638,142649291,FALSE,Wh,SOLAR AND BATTERY DB
142824,15,2025-02-01T06:00:00+08:00,4248641,142649306,FALSE,Wh,SOLAR AND BATTERY DB
142824,15,2025-02-01T06:15:00+08:00,4248641,142649386,FALSE,Wh,SOLAR AND BATTERY DB
142824,15,2025-02-01T06:30:00+08:00,4248641,142649559,FALSE,Wh,SOLAR AND BATTERY DB
142824,15,2025-02-01T06:45:00+08:00,4248641,142649900,FALSE,Wh,SOLAR AND BATTERY DB
142824,15,2025-02-01T07:00:00+08:00,4248641,142650462,FALSE,Wh,SOLAR AND BATTERY DB
142824,15,2025-02-01T07:15:00+08:00,4248641,142651261,FALSE,Wh,SOLAR AND BATTERY DB
142824,15,2025-02-01T07:30:00+08:00,4248641,142652299,FALSE,Wh,SOLAR AND BATTERY DB
142824,15,2025-02-01T07:45:00+08:00,4248641,142653355,FALSE,Wh,SOLAR AND BATTERY DB
142824,15,2025-02-01T08:00:00+08:00,4248641,142654703,FALSE,Wh,SOLAR AND BATTERY DB
142824,15,2025-02-01T08:15:00+08:00,4248641,142656571,FALSE,Wh,SOLAR AND BATTERY DB
142824,15,2025-02-01T08:30:00+08:00,4248641,142658516,FALSE,Wh,SOLAR AND BATTERY DB
142824,15,2025-02-01T08:45:00+08:00,4248641,142660695,FALSE,Wh,SOLAR AND BATTERY DB
142824,15,2025-02-01T09:00:00+08:00,4248641,142662418,FALSE,Wh,SOLAR AND BATTERY DB
142824,15,2025-02-01T09:15:00+08:00,4248641,142664500,FALSE,Wh,SOLAR AND BATTERY DB
142824,15,2025-02-01T09:30:00+08:00,4248641,142666849,FALSE,Wh,SOLAR AND BATTERY DB
142824,15,2025-02-01T09:45:00+08:00,4248641,142669747,FALSE,Wh,SOLAR AND BATTERY DB
142824,15,2025-02-01T10:00:00+08:00,4248641,142673267,FALSE,Wh,SOLAR AND BATTERY DB
142824,15,2025-02-01T10:15:00+08:00,4248641,142675846,FALSE,Wh,SOLAR AND BATTERY DB
142824,15,2025-02-01T10:30:00+08:00,4248641,142678017,FALSE,Wh,SOLAR AND BATTERY DB
142824,15,2025-02-01T10:45:00+08:00,4248641,142680565,FALSE,Wh,SOLAR AND BATTERY DB
142824,15,2025-02-01T11:00:00+08:00,4248641,142683319,FALSE,Wh,SOLAR AND BATTERY DB
142824,15,2025-02-01T11:15:00+08:00,4248641,142686550,FALSE,Wh,SOLAR AND BATTERY DB
142824,15,2025-02-01T11:30:00+08:00,4248641,142689318,FALSE,Wh,SOLAR AND BATTERY DB
142824,15,2025-02-01T11:45:00+08:00,4248641,142692164,FALSE,Wh,SOLAR AND BATTERY DB
142824,15,2025-02-01T12:00:00+08:00,4248641,142695028,FALSE,Wh,SOLAR AND BATTERY DB
142824,15,2025-02-01T12:15:00+08:00,4248641,142698101,FALSE,Wh,SOLAR AND BATTERY DB
142824,15,2025-02-01T12:30:00+08:00,4248641,142701579,FALSE,Wh,SOLAR AND BATTERY DB
142824,15,2025-02-01T12:45:00+08:00,4248641,142704838,FALSE,Wh,SOLAR AND BATTERY DB
142824,15,2025-02-01T13:00:00+08:00,4248641,142708347,FALSE,Wh,SOLAR AND BATTERY DB
142824,15,2025-02-01T13:15:00+08:00,4248641,142711794,FALSE,Wh,SOLAR AND BATTERY DB
142824,15,2025-02-01T13:30:00+08:00,4248641,142715194,FALSE,Wh,SOLAR AND BATTERY DB
142824,15,2025-02-01T13:45:00+08:00,4248641,142718618,FALSE,Wh,SOLAR AND BATTERY DB
142824,15,2025-02-01T14:00:00+08:00,4248641,142722014,FALSE,Wh,SOLAR AND BATTERY DB
142824,15,2025-02-01T14:15:00+08:00,4248641,142722014,FALSE,Wh,SOLAR AND BATTERY DB
142824,15,2025-02-01T14:30:00+08:00,4248641,142722014,FALSE,Wh,SOLAR AND BATTERY DB
142824,15,2025-02-01T14:45:00+08:00,4248641,142722014,FALSE,Wh,SOLAR AND BATTERY DB
142824,15,2025-02-01T15:00:00+08:00,4248641,142722014,FALSE,Wh,SOLAR AND BATTERY DB
142824,15,2025-02-01T15:15:00+08:00,4248641,142722014,FALSE,Wh,SOLAR AND BATTERY DB
142824,15,2025-02-01T15:30:00+08:00,4248641,142722014,FALSE,Wh,SOLAR AND BATTERY DB
142824,15,2025-02-01T15:45:00+08:00,4248641,142722014,FALSE,Wh,SOLAR AND BATTERY DB
142824,15,2025-02-01T16:00:00+08:00,4248641,142722014,FALSE,Wh,SOLAR AND BATTERY DB
142824,15,2025-02-01T16:15:00+08:00,4248641,142722014,FALSE,Wh,SOLAR AND BATTERY DB
142824,15,2025-02-01T16:30:00+08:00,4248641,142722014,FALSE,Wh,SOLAR AND BATTERY DB
142824,15,2025-02-01T16:45:00+08:00,4248641,142722014,FALSE,Wh,SOLAR AND BATTERY DB
142824,15,2025-02-01T17:00:00+08:00,4248641,142722014,FALSE,Wh,SOLAR AND BATTERY DB
142824,15,2025-02-01T17:15:00+08:00,4248641,142722014,FALSE,Wh,SOLAR AND BATTERY DB
142824,15,2025-02-01T17:30:00+08:00,4248641,142722014,FALSE,Wh,SOLAR AND BATTERY DB
142824,15,2025-02-01T17:45:00+08:00,4248641,142722014,FALSE,Wh,SOLAR AND BATTERY DB
142824,15,2025-02-01T18:00:00+08:00,4248641,142722014,FALSE,Wh,SOLAR AND BATTERY DB
142824,15,2025-02-01T18:15:00+08:00,4248641,142722014,FALSE,Wh,SOLAR AND BATTERY DB
142824,15,2025-02-01T18:30:00+08:00,4248641,142722014,FALSE,Wh,SOLAR AND BATTERY DB
142824,15,2025-02-01T18:45:00+08:00,4248641,142722014,FALSE,Wh,SOLAR AND BATTERY DB
142824,15,2025-02-01T19:00:00+08:00,4248641,142722014,FALSE,Wh,SOLAR AND BATTERY DB
142824,15,2025-02-01T19:15:00+08:00,4248641,142722014,FALSE,Wh,SOLAR AND BATTERY DB
142824,15,2025-02-01T19:30:00+08:00,4248641,142722014,FALSE,Wh,SOLAR AND BATTERY DB
142824,15,2025-02-01T19:45:00+08:00,4248641,142722014,FALSE,Wh,SOLAR AND BATTERY DB
142824,15,2025-02-01T20:00:00+08:00,4248641,142722014,FALSE,Wh,SOLAR AND BATTERY DB
142824,15,2025-02-01T20:15:00+08:00,4248641,142722014,FALSE,Wh,SOLAR AND BATTERY DB
142824,15,2025-02-01T20:30:00+08:00,4248641,142722014,FALSE,Wh,SOLAR AND BATTERY DB
142824,15,2025-02-01T20:45:00+08:00,4248641,142722014,FALSE,Wh,SOLAR AND BATTERY DB
142824,15,2025-02-01T21:00:00+08:00,4248641,142722014,FALSE,Wh,SOLAR AND BATTERY DB
142824,15,2025-02-01T21:15:00+08:00,4248641,142722014,FALSE,Wh,SOLAR AND BATTERY DB
142824,15,2025-02-01T21:30:00+08:00,4248641,142722014,FALSE,Wh,SOLAR AND BATTERY DB
142824,15,2025-02-01T21:45:00+08:00,4248641,142722014,FALSE,Wh,SOLAR AND BATTERY DB
142824,15,2025-02-01T22:00:00+08:00,4248641,142722014,FALSE,Wh,SOLAR AND BATTERY DB
142824,15,2025-02-01T22:15:00+08:00,4248641,142722014,FALSE,Wh,SOLAR AND BATTERY DB
142824,15,2025-02-01T22:30:00+08:00,4248641,142722014,FALSE,Wh,SOLAR AND BATTERY DB
142824,15,2025-02-01T22:45:00+08:00,4248641,142722014,FALSE,Wh,SOLAR AND BATTERY DB
142824,15,2025-02-01T23:00:00+08:00,4248641,142722014,FALSE,Wh,SOLAR AND BATTERY DB
142824,15,2025-02-01T23:15:00+08:00,4248641,142722014,FALSE,Wh,SOLAR AND BATTERY DB
142824,15,2025-02-01T23:30:00+08:00,4248641,142722014,FALSE,Wh,SOLAR AND BATTERY DB
142824,15,2025-02-01T23:45:00+08:00,4248641,142722014,FALSE,Wh,SOLAR AND BATTERY DB
142824,15,2025-02-02T00:00:00+08:00,4248641,142722014,FALSE,Wh,SOLAR AND BATTERY DB
142824,15,2025-02-02T00:15:00+08:00,4248641,142722014,FALSE,Wh,SOLAR AND BATTERY DB
142824,15,2025-02-02T00:30:00+08:00,4248641,142722014,FALSE,Wh,SOLAR AND BATTERY DB
142824,15,2025-02-02T00:45:00+08:00,4248641,142722014,FALSE,Wh,SOLAR AND BATTERY DB
142824,15,2025-02-02T01:00:00+08:00,4248641,142722014,FALSE,Wh,SOLAR AND BATTERY DB
142824,15,2025-02-02T01:15:00+08:00,4248641,142722014,FALSE,Wh,SOLAR AND BATTERY DB
142824,15,2025-02-02T01:30:00+08:00,4248641,142722014,FALSE,Wh,SOLAR AND BATTERY DB
142824,15,2025-02-02T01:45:00+08:00,4248641,142722014,FALSE,Wh,SOLAR AND BATTERY DB
142824,15,2025-02-02T02:00:00+08:00,4248641,142722014,FALSE,Wh,SOLAR AND BATTERY DB
142824,15,2025-02-02T02:15:00+08:00,4248641,142722014,FALSE,Wh,SOLAR AND BATTERY DB
142824,15,2025-02-02T02:30:00+08:00,4248641,142722014,FALSE,Wh,SOLAR AND BATTERY DB
142824,15,2025-02-02T02:45:00+08:00,4248641,142722014,FALSE,Wh,SOLAR AND BATTERY DB
142824,15,2025-02-02T03:00:00+08:00,4248641,142722014,FALSE,Wh,SOLAR AND BATTERY DB
142824,15,2025-02-02T03:15:00+08:00,4248641,142722014,FALSE,Wh,SOLAR AND BATTERY DB
142824,15,2025-02-02T03:30:00+08:00,4248641,142722014,FALSE,Wh,SOLAR AND BATTERY DB
142824,15,2025-02-02T03:45:00+08:00,4248641,142722014,FALSE,Wh,SOLAR AND BATTERY DB
142824,15,2025-02-02T04:00:00+08:00,4248641,142722014,FALSE,Wh,SOLAR AND BATTERY DB
142824,15,2025-02-02T04:15:00+08:00,4248641,142722014,FALSE,Wh,SOLAR AND BATTERY DB
142824,15,2025-02-02T04:30:00+08:00,4248641,142722014,FALSE,Wh,SOLAR AND BATTERY DB
142824,15,2025-02-02T04:45:00+08:00,4248641,142722014,FALSE,Wh,SOLAR AND BATTERY DB
142824,15,2025-02-02T05:00:00+08:00,4248641,142722014,FALSE,Wh,SOLAR AND BATTERY DB
142824,15,2025-02-02T05:15:00+08:00,4248641,142722014,FALSE,Wh,SOLAR AND BATTERY DB
142824,15,2025-02-02T05:30:00+08:00,4248641,142722014,FALSE,Wh,SOLAR AND BATTERY DB
142824,15,2025-02-02T05:45:00+08:00,4248641,142722014,FALSE,Wh,SOLAR AND BATTERY DB
142824,15,2025-02-02T06:00:00+08:00,4248641,142722014,FALSE,Wh,SOLAR AND BATTERY DB
142824,15,2025-02-02T06:15:00+08:00,4248641,142722014,FALSE,Wh,SOLAR AND BATTERY DB
142824,15,2025-02-02T06:30:00+08:00,4248641,142722014,FALSE,Wh,SOLAR AND BATTERY DB
142824,15,2025-02-02T06:45:00+08:00,4248641,142722014,FALSE,Wh,SOLAR AND BATTERY DB
142824,15,2025-02-02T07:00:00+08:00,4248641,142722014,FALSE,Wh,SOLAR AND BATTERY DB
142824,15,2025-02-02T07:15:00+08:00,4248641,142722014,FALSE,Wh,SOLAR AND BATTERY DB
142824,15,2025-02-02T07:30:00+08:00,4248641,142722014,FALSE,Wh,SOLAR AND BATTERY DB
142824,15,2025-02-02T07:45:00+08:00,4248641,142722014,FALSE,Wh,SOLAR AND BATTERY DB
142824,15,2025-02-02T08:00:00+08:00,4248641,142722014,FALSE,Wh,SOLAR AND BATTERY DB
142824,15,2025-02-02T08:15:00+08:00,4248641,142722014,FALSE,Wh,SOLAR AND BATTERY DB
142824,15,2025-02-02T08:30:00+08:00,4248641,142722014,FALSE,Wh,SOLAR AND BATTERY DB
142824,15,2025-02-02T08:45:00+08:00,4248641,142722014,FALSE,Wh,SOLAR AND BATTERY DB
142824,15,2025-02-02T09:00:00+08:00,4248641,142722014,FALSE,Wh,SOLAR AND BATTERY DB
142824,15,2025-02-02T09:15:00+08:00,4248641,142722014,FALSE,Wh,SOLAR AND BATTERY DB
142824,15,2025-02-02T09:30:00+08:00,4248641,142722014,FALSE,Wh,SOLAR AND BATTERY DB
142824,15,2025-02-02T09:45:00+08:00,4248641,142722014,FALSE,Wh,SOLAR AND BATTERY DB
142824,15,2025-02-02T10:00:00+08:00,4248641,142722014,FALSE,Wh,SOLAR AND BATTERY DB
142824,15,2025-02-02T10:15:00+08:00,4248641,142722014,FALSE,Wh,SOLAR AND BATTERY DB
142824,15,2025-02-02T10:30:00+08:00,4248641,142722014,FALSE,Wh,SOLAR AND BATTERY DB
142824,15,2025-02-02T10:45:00+08:00,4248641,142722014,FALSE,Wh,SOLAR AND BATTERY DB
142824,15,2025-02-02T11:00:00+08:00,4248641,142722014,FALSE,Wh,SOLAR AND BATTERY DB
142824,15,2025-02-02T11:15:00+08:00,4248641,142722014,FALSE,Wh,SOLAR AND BATTERY DB
142824,15,2025-02-02T11:30:00+08:00,4248641,142722014,FALSE,Wh,SOLAR AND BATTERY DB
142824,15,2025-02-02T11:45:00+08:00,4248641,142722014,FALSE,Wh,SOLAR AND BATTERY DB
142824,15,2025-02-02T12:00:00+08:00,4248641,142722014,FALSE,Wh,SOLAR AND BATTERY DB
142824,15,2025-02-02T12:15:00+08:00,4248641,142722014,FALSE,Wh,SOLAR AND BATTERY DB
142824,15,2025-02-02T12:30:00+08:00,4248641,142722014,FALSE,Wh,SOLAR AND BATTERY DB
142824,15,2025-02-02T12:45:00+08:00,4248641,142722014,FALSE,Wh,SOLAR AND BATTERY DB
142824,15,2025-02-02T13:00:00+08:00,4248641,142722014,FALSE,Wh,SOLAR AND BATTERY DB
142824,15,2025-02-02T13:15:00+08:00,4248641,142722014,FALSE,Wh,SOLAR AND BATTERY DB
142824,15,2025-02-02T13:30:00+08:00,4248641,142722014,FALSE,Wh,SOLAR AND BATTERY DB
142824,15,2025-02-02T13:45:00+08:00,4248641,142722014,FALSE,Wh,SOLAR AND BATTERY DB
142824,15,2025-02-02T14:00:00+08:00,4248641,142722014,FALSE,Wh,SOLAR AND BATTERY DB
142824,15,2025-02-02T14:15:00+08:00,4248641,142722014,FALSE,Wh,SOLAR AND BATTERY DB
142824,15,2025-02-02T14:30:00+08:00,4248641,142722014,FALSE,Wh,SOLAR AND BATTERY DB
142824,15,2025-02-02T14:45:00+08:00,4248641,142722014,FALSE,Wh,SOLAR AND BATTERY DB
142824,15,2025-02-02T15:00:00+08:00,4248641,142722014,FALSE,Wh,SOLAR AND BATTERY DB
142824,15,2025-02-02T15:15:00+08:00,4248641,142722014,FALSE,Wh,SOLAR AND BATTERY DB
142824,15,2025-02-02T15:30:00+08:00,4248641,142722014,FALSE,Wh,SOLAR AND BATTERY DB
142824,15,2025-02-02T15:45:00+08:00,4248641,142722014,FALSE,Wh,SOLAR AND BATTERY DB
142824,15,2025-02-02T16:00:00+08:00,4248641,142722014,FALSE,Wh,SOLAR AND BATTERY DB
142824,15,2025-02-02T16:15:00+08:00,4248641,142722014,FALSE,Wh,SOLAR AND BATTERY DB
142824,15,2025-02-02T16:30:00+08:00,4248641,142722014,FALSE,Wh,SOLAR AND BATTERY DB
142824,15,2025-02-02T16:45:00+08:00,4248641,142722014,FALSE,Wh,SOLAR AND BATTERY DB
142824,15,2025-02-02T17:00:00+08:00,4248641,142722014,FALSE,Wh,SOLAR AND BATTERY DB
142824,15,2025-02-02T17:15:00+08:00,4248641,142722014,FALSE,Wh,SOLAR AND BATTERY DB
142824,15,2025-02-02T17:30:00+08:00,4248641,142722014,FALSE,Wh,SOLAR AND BATTERY DB
142824,15,2025-02-02T17:45:00+08:00,4248641,142722014,FALSE,Wh,SOLAR AND BATTERY DB
142824,15,2025-02-02T18:00:00+08:00,4248641,142722014,FALSE,Wh,SOLAR AND BATTERY DB
142824,15,2025-02-02T18:15:00+08:00,4248641,142722014,FALSE,Wh,SOLAR AND BATTERY DB
142824,15,2025-02-02T18:30:00+08:00,4248641,142722014,FALSE,Wh,SOLAR AND BATTERY DB
142824,15,2025-02-02T18:45:00+08:00,4248641,142722014,FALSE,Wh,SOLAR AND BATTERY DB
142824,15,2025-02-02T19:00:00+08:00,4248641,142722014,FALSE,Wh,SOLAR AND BATTERY DB
142824,15,2025-02-02T19:15:00+08:00,4248641,142722014,FALSE,Wh,SOLAR AND BATTERY DB
142824,15,2025-02-02T19:30:00+08:00,4248641,142722014,FALSE,Wh,SOLAR AND BATTERY DB
142824,15,2025-02-02T19:45:00+08:00,4248641,142722014,FALSE,Wh,SOLAR AND BATTERY DB
142824,15,2025-02-02T20:00:00+08:00,4248641,142722014,FALSE,Wh,SOLAR AND BATTERY DB
142824,15,2025-02-02T20:15:00+08:00,4248641,142722014,FALSE,Wh,SOLAR AND BATTERY DB
142824,15,2025-02-02T20:30:00+08:00,4248641,142722014,FALSE,Wh,SOLAR AND BATTERY DB
142824,15,2025-02-02T20:45:00+08:00,4248641,142722014,FALSE,Wh,SOLAR AND BATTERY DB
142824,15,2025-02-02T21:00:00+08:00,4248641,142722014,FALSE,Wh,SOLAR AND BATTERY DB
142824,15,2025-02-02T21:15:00+08:00,4248641,142722014,FALSE,Wh,SOLAR AND BATTERY DB
142824,15,2025-02-02T21:30:00+08:00,4248641,142722014,FALSE,Wh,SOLAR AND BATTERY DB
142824,15,2025-02-02T21:45:00+08:00,4248641,142722014,FALSE,Wh,SOLAR AND BATTERY DB
142824,15,2025-02-02T22:00:00+08:00,4248641,142722014,FALSE,Wh,SOLAR AND BATTERY DB
142824,15,2025-02-02T22:15:00+08:00,4248641,142722014,FALSE,Wh,SOLAR AND BATTERY DB
142824,15,2025-02-02T22:30:00+08:00,4248641,142722014,FALSE,Wh,SOLAR AND BATTERY DB
142824,15,2025-02-02T22:45:00+08:00,4248641,142722014,FALSE,Wh,SOLAR AND BATTERY DB
142824,15,2025-02-02T23:00:00+08:00,4248641,142722014,FALSE,Wh,SOLAR AND BATTERY DB
142824,15,2025-02-02T23:15:00+08:00,4248641,142722014,FALSE,Wh,SOLAR AND BATTERY DB
142824,15,2025-02-02T23:30:00+08:00,4248641,142722014,FALSE,Wh,SOLAR AND BATTERY DB
142824,15,2025-02-02T23:45:00+08:00,4248641,142722014,FALSE,Wh,SOLAR AND BATTERY DB
142824,15,2025-02-03T00:00:00+08:00,4248641,142722014,FALSE,Wh,SOLAR AND BATTERY DB
142824,15,2025-02-03T00:15:00+08:00,4248641,142722014,FALSE,Wh,SOLAR AND BATTERY DB
142824,15,2025-02-03T00:30:00+08:00,4248641,142722014,FALSE,Wh,SOLAR AND BATTERY DB
142824,15,2025-02-03T00:45:00+08:00,4248641,142722014,FALSE,Wh,SOLAR AND BATTERY DB
142824,15,2025-02-03T01:00:00+08:00,4248641,142722014,FALSE,Wh,SOLAR AND BATTERY DB
142824,15,2025-02-03T01:15:00+08:00,4248641,142722014,FALSE,Wh,SOLAR AND BATTERY DB
142824,15,2025-02-03T01:30:00+08:00,4248641,142722014,FALSE,Wh,SOLAR AND BATTERY DB
142824,15,2025-02-03T01:45:00+08:00,4248641,142722014,FALSE,Wh,SOLAR AND BATTERY DB
142824,15,2025-02-03T02:00:00+08:00,4248641,142722014,FALSE,Wh,SOLAR AND BATTERY DB
142824,15,2025-02-03T02:15:00+08:00,4248641,142722014,FALSE,Wh,SOLAR AND BATTERY DB
142824,15,2025-02-03T02:30:00+08:00,4248641,142722014,FALSE,Wh,SOLAR AND BATTERY DB
142824,15,2025-02-03T02:45:00+08:00,4248641,142722014,FALSE,Wh,SOLAR AND BATTERY DB
142824,15,2025-02-03T03:00:00+08:00,4248641,142722014,FALSE,Wh,SOLAR AND BATTERY DB
142824,15,2025-02-03T03:15:00+08:00,4248641,142722014,FALSE,Wh,SOLAR AND BATTERY DB
142824,15,2025-02-03T03:30:00+08:00,4248641,142722014,FALSE,Wh,SOLAR AND BATTERY DB
142824,15,2025-02-03T03:45:00+08:00,4248641,142722014,FALSE,Wh,SOLAR AND BATTERY DB
142824,15,2025-02-03T04:00:00+08:00,4248641,142722014,FALSE,Wh,SOLAR AND BATTERY DB
142824,15,2025-02-03T04:15:00+08:00,4248641,142722014,FALSE,Wh,SOLAR AND BATTERY DB
142824,15,2025-02-03T04:30:00+08:00,4248641,142722014,FALSE,Wh,SOLAR AND BATTERY DB
142824,15,2025-02-03T04:45:00+08:00,4248641,142722014,FALSE,Wh,SOLAR AND BATTERY DB
142824,15,2025-02-03T05:00:00+08:00,4248641,142722014,FALSE,Wh,SOLAR AND BATTERY DB
142824,15,2025-02-03T05:15:00+08:00,4248641,142722014,FALSE,Wh,SOLAR AND BATTERY DB
142824,15,2025-02-03T05:30:00+08:00,4248641,142722014,FALSE,Wh,SOLAR AND BATTERY DB
142824,15,2025-02-03T05:45:00+08:00,4248641,142722014,FALSE,Wh,SOLAR AND BATTERY DB
142824,15,2025-02-03T06:00:00+08:00,4248641,142722014,FALSE,Wh,SOLAR AND BATTERY DB
142824,15,2025-02-03T06:15:00+08:00,4248641,142722014,FALSE,Wh,SOLAR AND BATTERY DB
142824,15,2025-02-03T06:30:00+08:00,4248641,142722014,FALSE,Wh,SOLAR AND BATTERY DB
142824,15,2025-02-03T06:45:00+08:00,4248641,142722014,FALSE,Wh,SOLAR AND BATTERY DB
142824,15,2025-02-03T07:00:00+08:00,4248641,142722014,FALSE,Wh,SOLAR AND BATTERY DB
142824,15,2025-02-03T07:15:00+08:00,4248641,142722014,FALSE,Wh,SOLAR AND BATTERY DB
142824,15,2025-02-03T07:30:00+08:00,4248641,142722014,FALSE,Wh,SOLAR AND BATTERY DB
142824,15,2025-02-03T07:45:00+08:00,4248641,142722014,FALSE,Wh,SOLAR AND BATTERY DB
142824,15,2025-02-03T08:00:00+08:00,4248641,142722014,FALSE,Wh,SOLAR AND BATTERY DB
142824,15,2025-02-03T08:15:00+08:00,4248641,142722014,FALSE,Wh,SOLAR AND BATTERY DB
142824,15,2025-02-03T08:30:00+08:00,4248641,142722014,FALSE,Wh,SOLAR AND BATTERY DB
142824,15,2025-02-03T08:45:00+08:00,4248641,142722014,FALSE,Wh,SOLAR AND BATTERY DB
142824,15,2025-02-03T09:00:00+08:00,4248641,142722014,FALSE,Wh,SOLAR AND BATTERY DB
142824,15,2025-02-03T09:15:00+08:00,4248641,142722014,FALSE,Wh,SOLAR AND BATTERY DB
142824,15,2025-02-03T09:30:00+08:00,4248641,142722014,FALSE,Wh,SOLAR AND BATTERY DB
142824,15,2025-02-03T09:45:00+08:00,4248641,142722014,FALSE,Wh,SOLAR AND BATTERY DB
142824,15,2025-02-03T10:00:00+08:00,4248641,142722014,FALSE,Wh,SOLAR AND BATTERY DB
142824,15,2025-02-03T10:15:00+08:00,4248641,142722014,FALSE,Wh,SOLAR AND BATTERY DB
142824,15,2025-02-03T10:30:00+08:00,4248641,142722014,FALSE,Wh,SOLAR AND BATTERY DB
142824,15,2025-02-03T10:45:00+08:00,4248641,142722014,FALSE,Wh,SOLAR AND BATTERY DB
142824,15,2025-02-03T11:00:00+08:00,4248641,142722014,FALSE,Wh,SOLAR AND BATTERY DB
142824,15,2025-02-03T11:15:00+08:00,4248641,142722014,FALSE,Wh,SOLAR AND BATTERY DB
142824,15,2025-02-03T11:30:00+08:00,4248641,142722014,FALSE,Wh,SOLAR AND BATTERY DB
142824,15,2025-02-03T11:45:00+08:00,4248641,142722014,FALSE,Wh,SOLAR AND BATTERY DB
142824,15,2025-02-03T12:00:00+08:00,4248641,142722014,FALSE,Wh,SOLAR AND BATTERY DB
142824,15,2025-02-03T12:15:00+08:00,4248641,142722014,FALSE,Wh,SOLAR AND BATTERY DB
142824,15,2025-02-03T12:30:00+08:00,4248641,142722014,FALSE,Wh,SOLAR AND BATTERY DB
142824,15,2025-02-03T12:45:00+08:00,4248641,142722014,FALSE,Wh,SOLAR AND BATTERY DB
142824,15,2025-02-03T13:00:00+08:00,4248641,142722014,FALSE,Wh,SOLAR AND BATTERY DB
142824,15,2025-02-03T13:15:00+08:00,4248641,142722014,FALSE,Wh,SOLAR AND BATTERY DB
142824,15,2025-02-03T13:30:00+08:00,4248641,142722014,FALSE,Wh,SOLAR AND BATTERY DB
142824,15,2025-02-03T13:45:00+08:00,4248641,142722014,FALSE,Wh,SOLAR AND BATTERY DB
142824,15,2025-02-03T14:00:00+08:00,4248641,142722014,FALSE,Wh,SOLAR AND BATTERY DB
142824,15,2025-02-03T14:15:00+08:00,4248641,142722014,FALSE,Wh,SOLAR AND BATTERY DB
142824,15,2025-02-03T14:30:00+08:00,4248641,142722014,FALSE,Wh,SOLAR AND BATTERY DB
142824,15,2025-02-03T14:45:00+08:00,4248641,142722014,FALSE,Wh,SOLAR AND BATTERY DB
142824,15,2025-02-03T15:00:00+08:00,4248641,142722014,FALSE,Wh,SOLAR AND BATTERY DB
142824,15,2025-02-03T15:15:00+08:00,4248641,142722014,FALSE,Wh,SOLAR AND BATTERY DB
142824,15,2025-02-03T15:30:00+08:00,4248641,142722014,FALSE,Wh,SOLAR AND BATTERY DB
142824,15,2025-02-03T15:45:00+08:00,4248641,142722014,FALSE,Wh,SOLAR AND BATTERY DB
142824,15,2025-02-03T16:00:00+08:00,4248641,142722014,FALSE,Wh,SOLAR AND BATTERY DB
142824,15,2025-02-03T16:15:00+08:00,4248641,142722014,FALSE,Wh,SOLAR AND BATTERY DB
142824,15,2025-02-03T16:30:00+08:00,4248641,142722014,FALSE,Wh,SOLAR AND BATTERY DB
142824,15,2025-02-03T16:45:00+08:00,4248641,142722014,FALSE,Wh,SOLAR AND BATTERY DB
142824,15,2025-02-03T17:00:00+08:00,4248641,142722014,FALSE,Wh,SOLAR AND BATTERY DB
142824,15,2025-02-03T17:15:00+08:00,4248641,142722014,FALSE,Wh,SOLAR AND BATTERY DB
142824,15,2025-02-03T17:30:00+08:00,4248641,142722014,FALSE,Wh,SOLAR AND BATTERY DB
142824,15,2025-02-03T17:45:00+08:00,4248641,142722014,FALSE,Wh,SOLAR AND BATTERY DB
142824,15,2025-02-03T18:00:00+08:00,4248641,142722014,FALSE,Wh,SOLAR AND BATTERY DB
142824,15,2025-02-03T18:15:00+08:00,4248641,142722014,FALSE,Wh,SOLAR AND BATTERY DB
142824,15,2025-02-03T18:30:00+08:00,4248641,142722014,FALSE,Wh,SOLAR AND BATTERY DB
142824,15,2025-02-03T18:45:00+08:00,4248641,142722014,FALSE,Wh,SOLAR AND BATTERY DB
142824,15,2025-02-03T19:00:00+08:00,4248641,142722014,FALSE,Wh,SOLAR AND BATTERY DB
142824,15,2025-02-03T19:15:00+08:00,4248641,142722014,FALSE,Wh,SOLAR AND BATTERY DB
142824,15,2025-02-03T19:30:00+08:00,4248641,142722014,FALSE,Wh,SOLAR AND BATTERY DB
142824,15,2025-02-03T19:45:00+08:00,4248641,142722014,FALSE,Wh,SOLAR AND BATTERY DB
142824,15,2025-02-03T20:00:00+08:00,4248641,142722014,FALSE,Wh,SOLAR AND BATTERY DB
142824,15,2025-02-03T20:15:00+08:00,4248641,142722014,FALSE,Wh,SOLAR AND BATTERY DB
142824,15,2025-02-03T20:30:00+08:00,4248641,142722014,FALSE,Wh,SOLAR AND BATTERY DB
142824,15,2025-02-03T20:45:00+08:00,4248641,142722014,FALSE,Wh,SOLAR AND BATTERY DB
142824,15,2025-02-03T21:00:00+08:00,4248641,142722014,FALSE,Wh,SOLAR AND BATTERY DB
142824,15,2025-02-03T21:15:00+08:00,4248641,142722014,FALSE,Wh,SOLAR AND BATTERY DB
142824,15,2025-02-03T21:30:00+08:00,4248641,142722014,FALSE,Wh,SOLAR AND BATTERY DB
142824,15,2025-02-03T21:45:00+08:00,4248641,142722014,FALSE,Wh,SOLAR AND BATTERY DB
142824,15,2025-02-03T22:00:00+08:00,4248641,142722014,FALSE,Wh,SOLAR AND BATTERY DB
142824,15,2025-02-03T22:15:00+08:00,4248641,142722014,FALSE,Wh,SOLAR AND BATTERY DB
142824,15,2025-02-03T22:30:00+08:00,4248641,142722014,FALSE,Wh,SOLAR AND BATTERY DB
142824,15,2025-02-03T22:45:00+08:00,4248641,142722014,FALSE,Wh,SOLAR AND BATTERY DB
142824,15,2025-02-03T23:00:00+08:00,4248641,142722014,FALSE,Wh,SOLAR AND BATTERY DB
142824,15,2025-02-03T23:15:00+08:00,4248641,142722014,FALSE,Wh,SOLAR AND BATTERY DB
142824,15,2025-02-03T23:30:00+08:00,4248641,142722014,FALSE,Wh,SOLAR AND BATTERY DB
142824,15,2025-02-03T23:45:00+08:00,4248641,142722014,FALSE,Wh,SOLAR AND BATTERY DB
142824,15,2025-02-04T00:00:00+08:00,4248641,142722014,FALSE,Wh,SOLAR AND BATTERY DB
142824,15,2025-02-04T00:15:00+08:00,4248641,142722014,FALSE,Wh,SOLAR AND BATTERY DB
142824,15,2025-02-04T00:30:00+08:00,4248641,142722014,FALSE,Wh,SOLAR AND BATTERY DB
142824,15,2025-02-04T00:45:00+08:00,4248641,142722014,FALSE,Wh,SOLAR AND BATTERY DB
142824,15,2025-02-04T01:00:00+08:00,4248641,142722014,FALSE,Wh,SOLAR AND BATTERY DB
142824,15,2025-02-04T01:15:00+08:00,4248641,142722014,FALSE,Wh,SOLAR AND BATTERY DB
142824,15,2025-02-04T01:30:00+08:00,4248641,142722014,FALSE,Wh,SOLAR AND BATTERY DB
142824,15,2025-02-04T01:45:00+08:00,4248641,142722014,FALSE,Wh,SOLAR AND BATTERY DB
142824,15,2025-02-04T02:00:00+08:00,4248641,142722014,FALSE,Wh,SOLAR AND BATTERY DB
142824,15,2025-02-04T02:15:00+08:00,4248641,142722014,FALSE,Wh,SOLAR AND BATTERY DB
142824,15,2025-02-04T02:30:00+08:00,4248641,142722014,FALSE,Wh,SOLAR AND BATTERY DB
142824,15,2025-02-04T02:45:00+08:00,4248641,142722014,FALSE,Wh,SOLAR AND BATTERY DB
142824,15,2025-02-04T03:00:00+08:00,4248641,142722014,FALSE,Wh,SOLAR AND BATTERY DB
142824,15,2025-02-04T03:15:00+08:00,4248641,142722014,FALSE,Wh,SOLAR AND BATTERY DB
142824,15,2025-02-04T03:30:00+08:00,4248641,142722014,FALSE,Wh,SOLAR AND BATTERY DB
142824,15,2025-02-04T03:45:00+08:00,4248641,142722014,FALSE,Wh,SOLAR AND BATTERY DB
142824,15,2025-02-04T04:00:00+08:00,4248641,142722014,FALSE,Wh,SOLAR AND BATTERY DB
142824,15,2025-02-04T04:15:00+08:00,4248641,142722014,FALSE,Wh,SOLAR AND BATTERY DB
142824,15,2025-02-04T04:30:00+08:00,4248641,142722014,FALSE,Wh,SOLAR AND BATTERY DB
142824,15,2025-02-04T04:45:00+08:00,4248641,142722014,FALSE,Wh,SOLAR AND BATTERY DB
142824,15,2025-02-04T05:00:00+08:00,4248641,142722014,FALSE,Wh,SOLAR AND BATTERY DB
142824,15,2025-02-04T05:15:00+08:00,4248641,142722014,FALSE,Wh,SOLAR AND BATTERY DB
142824,15,2025-02-04T05:30:00+08:00,4248641,142722014,FALSE,Wh,SOLAR AND BATTERY DB
142824,15,2025-02-04T05:45:00+08:00,4248641,142722014,FALSE,Wh,SOLAR AND BATTERY DB
142824,15,2025-02-04T06:00:00+08:00,4248641,142722014,FALSE,Wh,SOLAR AND BATTERY DB
142824,15,2025-02-04T06:15:00+08:00,4248641,142722014,FALSE,Wh,SOLAR AND BATTERY DB
142824,15,2025-02-04T06:30:00+08:00,4248641,142722014,FALSE,Wh,SOLAR AND BATTERY DB
142824,15,2025-02-04T06:45:00+08:00,4248641,142722014,FALSE,Wh,SOLAR AND BATTERY DB
142824,15,2025-02-04T07:00:00+08:00,4248641,142722014,FALSE,Wh,SOLAR AND BATTERY DB
142824,15,2025-02-04T07:15:00+08:00,4248641,142722014,FALSE,Wh,SOLAR AND BATTERY DB
142824,15,2025-02-04T07:30:00+08:00,4248641,142722014,FALSE,Wh,SOLAR AND BATTERY DB
142824,15,2025-02-04T07:45:00+08:00,4248641,142722014,FALSE,Wh,SOLAR AND BATTERY DB
142824,15,2025-02-04T08:00:00+08:00,4248641,142722014,FALSE,Wh,SOLAR AND BATTERY DB
142824,15,2025-02-04T08:15:00+08:00,4248641,142722014,FALSE,Wh,SOLAR AND BATTERY DB
142824,15,2025-02-04T08:30:00+08:00,4248641,142722014,FALSE,Wh,SOLAR AND BATTERY DB
142824,15,2025-02-04T08:45:00+08:00,4248641,142722014,FALSE,Wh,SOLAR AND BATTERY DB
142824,15,2025-02-04T09:00:00+08:00,4248641,142722014,FALSE,Wh,SOLAR AND BATTERY DB
142824,15,2025-02-04T09:15:00+08:00,4248641,142722014,FALSE,Wh,SOLAR AND BATTERY DB
142824,15,2025-02-04T09:30:00+08:00,4248641,142722014,FALSE,Wh,SOLAR AND BATTERY DB
142824,15,2025-02-04T09:45:00+08:00,4248641,142722014,FALSE,Wh,SOLAR AND BATTERY DB
142824,15,2025-02-04T10:00:00+08:00,4248641,142722014,FALSE,Wh,SOLAR AND BATTERY DB
142824,15,2025-02-04T10:15:00+08:00,4248641,142722014,FALSE,Wh,SOLAR AND BATTERY DB
142824,15,2025-02-04T10:30:00+08:00,4248641,142722014,FALSE,Wh,SOLAR AND BATTERY DB
142824,15,2025-02-04T10:45:00+08:00,4248641,142722014,FALSE,Wh,SOLAR AND BATTERY DB
142824,15,2025-02-04T11:00:00+08:00,4248641,142722014,FALSE,Wh,SOLAR AND BATTERY DB
142824,15,2025-02-04T11:15:00+08:00,4248641,142722014,FALSE,Wh,SOLAR AND BATTERY DB
142824,15,2025-02-04T11:30:00+08:00,4248641,142722014,FALSE,Wh,SOLAR AND BATTERY DB
142824,15,2025-02-04T11:45:00+08:00,4248641,142722014,FALSE,Wh,SOLAR AND BATTERY DB
142824,15,2025-02-04T12:00:00+08:00,4248641,142722014,FALSE,Wh,SOLAR AND BATTERY DB
142824,15,2025-02-04T12:15:00+08:00,4248641,142722014,FALSE,Wh,SOLAR AND BATTERY DB
142824,15,2025-02-04T12:30:00+08:00,4248641,142722014,FALSE,Wh,SOLAR AND BATTERY DB
142824,15,2025-02-04T12:45:00+08:00,4248641,142722014,FALSE,Wh,SOLAR AND BATTERY DB
142824,15,2025-02-04T13:00:00+08:00,4248641,142722014,FALSE,Wh,SOLAR AND BATTERY DB
142824,15,2025-02-04T13:15:00+08:00,4248641,142722014,FALSE,Wh,SOLAR AND BATTERY DB
142824,15,2025-02-04T13:30:00+08:00,4248641,142722014,FALSE,Wh,SOLAR AND BATTERY DB
142824,15,2025-02-04T13:45:00+08:00,4248641,142722014,FALSE,Wh,SOLAR AND BATTERY DB
142824,15,2025-02-04T14:00:00+08:00,4248641,142722014,FALSE,Wh,SOLAR AND BATTERY DB
142824,15,2025-02-04T14:15:00+08:00,4248641,142722014,FALSE,Wh,SOLAR AND BATTERY DB
142824,15,2025-02-04T14:30:00+08:00,4248641,142722014,FALSE,Wh,SOLAR AND BATTERY DB
142824,15,2025-02-04T14:45:00+08:00,4248641,142722014,FALSE,Wh,SOLAR AND BATTERY DB
142824,15,2025-02-04T15:00:00+08:00,4248641,142722014,FALSE,Wh,SOLAR AND BATTERY DB
142824,15,2025-02-04T15:15:00+08:00,4248641,142722014,FALSE,Wh,SOLAR AND BATTERY DB
142824,15,2025-02-04T15:30:00+08:00,4248641,142722014,FALSE,Wh,SOLAR AND BATTERY DB
142824,15,2025-02-04T15:45:00+08:00,4248641,142722014,FALSE,Wh,SOLAR AND BATTERY DB
142824,15,2025-02-04T16:00:00+08:00,4248641,142722014,FALSE,Wh,SOLAR AND BATTERY DB
142824,15,2025-02-04T16:15:00+08:00,4248641,142722014,FALSE,Wh,SOLAR AND BATTERY DB
142824,15,2025-02-04T16:30:00+08:00,4248641,142722014,FALSE,Wh,SOLAR AND BATTERY DB
142824,15,2025-02-04T16:45:00+08:00,4248641,142722014,FALSE,Wh,SOLAR AND BATTERY DB
142824,15,2025-02-04T17:00:00+08:00,4248641,142722014,FALSE,Wh,SOLAR AND BATTERY DB
142824,15,2025-02-04T17:15:00+08:00,4248641,142722014,FALSE,Wh,SOLAR AND BATTERY DB
142824,15,2025-02-04T17:30:00+08:00,4248641,142722014,FALSE,Wh,SOLAR AND BATTERY DB
142824,15,2025-02-04T17:45:00+08:00,4248641,142722014,FALSE,Wh,SOLAR AND BATTERY DB
142824,15,2025-02-04T18:00:00+08:00,4248641,142722014,FALSE,Wh,SOLAR AND BATTERY DB
142824,15,2025-02-04T18:15:00+08:00,4248641,142722014,FALSE,Wh,SOLAR AND BATTERY DB
142824,15,2025-02-04T18:30:00+08:00,4248641,142722014,FALSE,Wh,SOLAR AND BATTERY DB
142824,15,2025-02-04T18:45:00+08:00,4248641,142722014,FALSE,Wh,SOLAR AND BATTERY DB
142824,15,2025-02-04T19:00:00+08:00,4248641,142722014,FALSE,Wh,SOLAR AND BATTERY DB
142824,15,2025-02-04T19:15:00+08:00,4248641,142722014,FALSE,Wh,SOLAR AND BATTERY DB
142824,15,2025-02-04T19:30:00+08:00,4248641,142722014,FALSE,Wh,SOLAR AND BATTERY DB
142824,15,2025-02-04T19:45:00+08:00,4248641,142722014,FALSE,Wh,SOLAR AND BATTERY DB
142824,15,2025-02-04T20:00:00+08:00,4248641,142722014,FALSE,Wh,SOLAR AND BATTERY DB
142824,15,2025-02-04T20:15:00+08:00,4248641,142722014,FALSE,Wh,SOLAR AND BATTERY DB
142824,15,2025-02-04T20:30:00+08:00,4248641,142722014,FALSE,Wh,SOLAR AND BATTERY DB
142824,15,2025-02-04T20:45:00+08:00,4248641,142722014,FALSE,Wh,SOLAR AND BATTERY DB
142824,15,2025-02-04T21:00:00+08:00,4248641,142722014,FALSE,Wh,SOLAR AND BATTERY DB
142824,15,2025-02-04T21:15:00+08:00,4248641,142722014,FALSE,Wh,SOLAR AND BATTERY DB
142824,15,2025-02-04T21:30:00+08:00,4248641,142722014,FALSE,Wh,SOLAR AND BATTERY DB
142824,15,2025-02-04T21:45:00+08:00,4248641,142722014,FALSE,Wh,SOLAR AND BATTERY DB
142824,15,2025-02-04T22:00:00+08:00,4248641,142722014,FALSE,Wh,SOLAR AND BATTERY DB
142824,15,2025-02-04T22:15:00+08:00,4248641,142722014,FALSE,Wh,SOLAR AND BATTERY DB
142824,15,2025-02-04T22:30:00+08:00,4248641,142722014,FALSE,Wh,SOLAR AND BATTERY DB
142824,15,2025-02-04T22:45:00+08:00,4248641,142722014,FALSE,Wh,SOLAR AND BATTERY DB
142824,15,2025-02-04T23:00:00+08:00,4248641,142722014,FALSE,Wh,SOLAR AND BATTERY DB
142824,15,2025-02-04T23:15:00+08:00,4248641,142722014,FALSE,Wh,SOLAR AND BATTERY DB
142824,15,2025-02-04T23:30:00+08:00,4248641,142722014,FALSE,Wh,SOLAR AND BATTERY DB
142824,15,2025-02-04T23:45:00+08:00,4248641,142722014,FALSE,Wh,SOLAR AND BATTERY DB
142824,15,2025-02-05T00:00:00+08:00,4248641,142722014,FALSE,Wh,SOLAR AND BATTERY DB
142825,15,2025-01-29T00:15:00+08:00,18814214,0,FALSE,Wh,202
142825,15,2025-01-29T00:30:00+08:00,18814240,0,FALSE,Wh,202
142825,15,2025-01-29T00:45:00+08:00,18814264,0,FALSE,Wh,202
142825,15,2025-01-29T01:00:00+08:00,18814295,0,FALSE,Wh,202
142825,15,2025-01-29T01:15:00+08:00,18814327,0,FALSE,Wh,202
142825,15,2025-01-29T01:30:00+08:00,18814358,0,FALSE,Wh,202
142825,15,2025-01-29T01:45:00+08:00,18814385,0,FALSE,Wh,202
142825,15,2025-01-29T02:00:00+08:00,18814406,0,FALSE,Wh,202
142825,15,2025-01-29T02:15:00+08:00,18814437,0,FALSE,Wh,202
142825,15,2025-01-29T02:30:00+08:00,18814477,0,FALSE,Wh,202
142825,15,2025-01-29T02:45:00+08:00,18814517,0,FALSE,Wh,202
142825,15,2025-01-29T03:00:00+08:00,18814554,0,FALSE,Wh,202
142825,15,2025-01-29T03:15:00+08:00,18814580,0,FALSE,Wh,202
142825,15,2025-01-29T03:30:00+08:00,18814615,0,FALSE,Wh,202
142825,15,2025-01-29T03:45:00+08:00,18814656,0,FALSE,Wh,202
142825,15,2025-01-29T04:00:00+08:00,18814700,0,FALSE,Wh,202
142825,15,2025-01-29T04:15:00+08:00,18814744,0,FALSE,Wh,202
142825,15,2025-01-29T04:30:00+08:00,18814777,0,FALSE,Wh,202
142825,15,2025-01-29T04:45:00+08:00,18814813,0,FALSE,Wh,202
142825,15,2025-01-29T05:00:00+08:00,18814856,0,FALSE,Wh,202
142825,15,2025-01-29T05:15:00+08:00,18814900,0,FALSE,Wh,202
142825,15,2025-01-29T05:30:00+08:00,18815364,0,FALSE,Wh,202
142825,15,2025-01-29T05:45:00+08:00,18815581,0,FALSE,Wh,202
142825,15,2025-01-29T06:00:00+08:00,18815619,0,FALSE,Wh,202
142825,15,2025-01-29T06:15:00+08:00,18815656,0,FALSE,Wh,202
142825,15,2025-01-29T06:30:00+08:00,18815691,0,FALSE,Wh,202
142825,15,2025-01-29T06:45:00+08:00,18815718,0,FALSE,Wh,202
142825,15,2025-01-29T07:00:00+08:00,18815754,0,FALSE,Wh,202
142825,15,2025-01-29T07:15:00+08:00,18815792,0,FALSE,Wh,202
142825,15,2025-01-29T07:30:00+08:00,18815956,0,FALSE,Wh,202
142825,15,2025-01-29T07:45:00+08:00,18816200,0,FALSE,Wh,202
142825,15,2025-01-29T08:00:00+08:00,18816225,0,FALSE,Wh,202
142825,15,2025-01-29T08:15:00+08:00,18816244,0,FALSE,Wh,202
142825,15,2025-01-29T08:30:00+08:00,18816273,0,FALSE,Wh,202
142825,15,2025-01-29T08:45:00+08:00,18816304,0,FALSE,Wh,202
142825,15,2025-01-29T09:00:00+08:00,18816334,0,FALSE,Wh,202
142825,15,2025-01-29T09:15:00+08:00,18816364,0,FALSE,Wh,202
142825,15,2025-01-29T09:30:00+08:00,18816382,0,FALSE,Wh,202
142825,15,2025-01-29T09:45:00+08:00,18816509,0,FALSE,Wh,202
142825,15,2025-01-29T10:00:00+08:00,18816534,0,FALSE,Wh,202
142825,15,2025-01-29T10:15:00+08:00,18816757,0,FALSE,Wh,202
142825,15,2025-01-29T10:30:00+08:00,18817069,0,FALSE,Wh,202
142825,15,2025-01-29T10:45:00+08:00,18817389,0,FALSE,Wh,202
142825,15,2025-01-29T11:00:00+08:00,18817708,0,FALSE,Wh,202
142825,15,2025-01-29T11:15:00+08:00,18818139,0,FALSE,Wh,202
142825,15,2025-01-29T11:30:00+08:00,18818473,0,FALSE,Wh,202
142825,15,2025-01-29T11:45:00+08:00,18818743,0,FALSE,Wh,202
142825,15,2025-01-29T12:00:00+08:00,18819194,0,FALSE,Wh,202
142825,15,2025-01-29T12:15:00+08:00,18819245,0,FALSE,Wh,202
142825,15,2025-01-29T12:30:00+08:00,18819446,0,FALSE,Wh,202
142825,15,2025-01-29T12:45:00+08:00,18819469,0,FALSE,Wh,202
142825,15,2025-01-29T13:00:00+08:00,18819483,0,FALSE,Wh,202
142825,15,2025-01-29T13:15:00+08:00,18819498,0,FALSE,Wh,202
142825,15,2025-01-29T13:30:00+08:00,18819521,0,FALSE,Wh,202
142825,15,2025-01-29T13:45:00+08:00,18819544,0,FALSE,Wh,202
142825,15,2025-01-29T14:00:00+08:00,18819564,0,FALSE,Wh,202
142825,15,2025-01-29T14:15:00+08:00,18819575,0,FALSE,Wh,202
142825,15,2025-01-29T14:30:00+08:00,18819595,0,FALSE,Wh,202
142825,15,2025-01-29T14:45:00+08:00,18819619,0,FALSE,Wh,202
142825,15,2025-01-29T15:00:00+08:00,18819642,0,FALSE,Wh,202
142825,15,2025-01-29T15:15:00+08:00,18819657,0,FALSE,Wh,202
142825,15,2025-01-29T15:30:00+08:00,18819672,0,FALSE,Wh,202
142825,15,2025-01-29T15:45:00+08:00,18819695,0,FALSE,Wh,202
142825,15,2025-01-29T16:00:00+08:00,18819719,0,FALSE,Wh,202
142825,15,2025-01-29T16:15:00+08:00,18819734,0,FALSE,Wh,202
142825,15,2025-01-29T16:30:00+08:00,18819751,0,FALSE,Wh,202
142825,15,2025-01-29T16:45:00+08:00,18819773,0,FALSE,Wh,202
142825,15,2025-01-29T17:00:00+08:00,18819797,0,FALSE,Wh,202
142825,15,2025-01-29T17:15:00+08:00,18819820,0,FALSE,Wh,202
142825,15,2025-01-29T17:30:00+08:00,18819837,0,FALSE,Wh,202
142825,15,2025-01-29T17:45:00+08:00,18819854,0,FALSE,Wh,202
142825,15,2025-01-29T18:00:00+08:00,18819878,0,FALSE,Wh,202
142825,15,2025-01-29T18:15:00+08:00,18819902,0,FALSE,Wh,202
142825,15,2025-01-29T18:30:00+08:00,18819924,0,FALSE,Wh,202
142825,15,2025-01-29T18:45:00+08:00,18819941,0,FALSE,Wh,202
142825,15,2025-01-29T19:00:00+08:00,18819964,0,FALSE,Wh,202
142825,15,2025-01-29T19:15:00+08:00,18819988,0,FALSE,Wh,202
142825,15,2025-01-29T19:30:00+08:00,18820012,0,FALSE,Wh,202
142825,15,2025-01-29T19:45:00+08:00,18820031,0,FALSE,Wh,202
142825,15,2025-01-29T20:00:00+08:00,18820049,0,FALSE,Wh,202
142825,15,2025-01-29T20:15:00+08:00,18820097,0,FALSE,Wh,202
142825,15,2025-01-29T20:30:00+08:00,18820509,0,FALSE,Wh,202
142825,15,2025-01-29T20:45:00+08:00,18820924,0,FALSE,Wh,202
142825,15,2025-01-29T21:00:00+08:00,18821260,0,FALSE,Wh,202
142825,15,2025-01-29T21:15:00+08:00,18821605,0,FALSE,Wh,202
142825,15,2025-01-29T21:30:00+08:00,18822098,0,FALSE,Wh,202
142825,15,2025-01-29T21:45:00+08:00,18822852,0,FALSE,Wh,202
142825,15,2025-01-29T22:00:00+08:00,18823108,0,FALSE,Wh,202
142825,15,2025-01-29T22:15:00+08:00,18823371,0,FALSE,Wh,202
142825,15,2025-01-29T22:30:00+08:00,18823491,0,FALSE,Wh,202
142825,15,2025-01-29T22:45:00+08:00,18823659,0,FALSE,Wh,202
142825,15,2025-01-29T23:00:00+08:00,18823704,0,FALSE,Wh,202
142825,15,2025-01-29T23:15:00+08:00,18823746,0,FALSE,Wh,202
142825,15,2025-01-29T23:30:00+08:00,18823786,0,FALSE,Wh,202
142825,15,2025-01-29T23:45:00+08:00,18823829,0,FALSE,Wh,202
142825,15,2025-01-30T00:00:00+08:00,18823875,0,FALSE,Wh,202
142825,15,2025-01-30T00:15:00+08:00,18823920,0,FALSE,Wh,202
142825,15,2025-01-30T00:30:00+08:00,18823960,0,FALSE,Wh,202
142825,15,2025-01-30T00:45:00+08:00,18824000,0,FALSE,Wh,202
142825,15,2025-01-30T01:00:00+08:00,18824039,0,FALSE,Wh,202
142825,15,2025-01-30T01:15:00+08:00,18824082,0,FALSE,Wh,202
142825,15,2025-01-30T01:30:00+08:00,18824127,0,FALSE,Wh,202
142825,15,2025-01-30T01:45:00+08:00,18824169,0,FALSE,Wh,202
142825,15,2025-01-30T02:00:00+08:00,18824209,0,FALSE,Wh,202
142825,15,2025-01-30T02:15:00+08:00,18824239,0,FALSE,Wh,202
142825,15,2025-01-30T02:30:00+08:00,18824285,0,FALSE,Wh,202
142825,15,2025-01-30T02:45:00+08:00,18824331,0,FALSE,Wh,202
142825,15,2025-01-30T03:00:00+08:00,18824370,0,FALSE,Wh,202
142825,15,2025-01-30T03:15:00+08:00,18824399,0,FALSE,Wh,202
142825,15,2025-01-30T03:30:00+08:00,18824438,0,FALSE,Wh,202
142825,15,2025-01-30T03:45:00+08:00,18824485,0,FALSE,Wh,202
142825,15,2025-01-30T04:00:00+08:00,18824527,0,FALSE,Wh,202
142825,15,2025-01-30T04:15:00+08:00,18824565,0,FALSE,Wh,202
142825,15,2025-01-30T04:30:00+08:00,18824595,0,FALSE,Wh,202
142825,15,2025-01-30T04:45:00+08:00,18824640,0,FALSE,Wh,202
142825,15,2025-01-30T05:00:00+08:00,18824686,0,FALSE,Wh,202
142825,15,2025-01-30T05:15:00+08:00,18824726,0,FALSE,Wh,202
142825,15,2025-01-30T05:30:00+08:00,18824757,0,FALSE,Wh,202
142825,15,2025-01-30T05:45:00+08:00,18824783,0,FALSE,Wh,202
142825,15,2025-01-30T06:00:00+08:00,18824829,0,FALSE,Wh,202
142825,15,2025-01-30T06:15:00+08:00,18825177,0,FALSE,Wh,202
142825,15,2025-01-30T06:30:00+08:00,18825569,0,FALSE,Wh,202
142825,15,2025-01-30T06:45:00+08:00,18825871,0,FALSE,Wh,202
142825,15,2025-01-30T07:00:00+08:00,18826177,0,FALSE,Wh,202
142825,15,2025-01-30T07:15:00+08:00,18826487,0,FALSE,Wh,202
142825,15,2025-01-30T07:30:00+08:00,18826536,0,FALSE,Wh,202
142825,15,2025-01-30T07:45:00+08:00,18826582,0,FALSE,Wh,202
142825,15,2025-01-30T08:00:00+08:00,18826611,0,FALSE,Wh,202
142825,15,2025-01-30T08:15:00+08:00,18826655,0,FALSE,Wh,202
142825,15,2025-01-30T08:30:00+08:00,18826696,0,FALSE,Wh,202
142825,15,2025-01-30T08:45:00+08:00,18826733,0,FALSE,Wh,202
142825,15,2025-01-30T09:00:00+08:00,18826770,0,FALSE,Wh,202
142825,15,2025-01-30T09:15:00+08:00,18826810,0,FALSE,Wh,202
142825,15,2025-01-30T09:30:00+08:00,18826852,0,FALSE,Wh,202
142825,15,2025-01-30T09:45:00+08:00,18826889,0,FALSE,Wh,202
142825,15,2025-01-30T10:00:00+08:00,18826924,0,FALSE,Wh,202
142825,15,2025-01-30T10:15:00+08:00,18826953,0,FALSE,Wh,202
142825,15,2025-01-30T10:30:00+08:00,18827529,0,FALSE,Wh,202
142825,15,2025-01-30T10:45:00+08:00,18827568,0,FALSE,Wh,202
142825,15,2025-01-30T11:00:00+08:00,18827600,0,FALSE,Wh,202
142825,15,2025-01-30T11:15:00+08:00,18827615,0,FALSE,Wh,202
142825,15,2025-01-30T11:30:00+08:00,18827642,0,FALSE,Wh,202
142825,15,2025-01-30T11:45:00+08:00,18827680,0,FALSE,Wh,202
142825,15,2025-01-30T12:00:00+08:00,18827725,0,FALSE,Wh,202
142825,15,2025-01-30T12:15:00+08:00,18827745,0,FALSE,Wh,202
142825,15,2025-01-30T12:30:00+08:00,18827762,0,FALSE,Wh,202
142825,15,2025-01-30T12:45:00+08:00,18827799,0,FALSE,Wh,202
142825,15,2025-01-30T13:00:00+08:00,18827836,0,FALSE,Wh,202
142825,15,2025-01-30T13:15:00+08:00,18827869,0,FALSE,Wh,202
142825,15,2025-01-30T13:30:00+08:00,18827900,0,FALSE,Wh,202
142825,15,2025-01-30T13:45:00+08:00,18827911,0,FALSE,Wh,202
142825,15,2025-01-30T14:00:00+08:00,18827945,0,FALSE,Wh,202
142825,15,2025-01-30T14:15:00+08:00,18827982,0,FALSE,Wh,202
142825,15,2025-01-30T14:30:00+08:00,18828020,0,FALSE,Wh,202
142825,15,2025-01-30T14:45:00+08:00,18828417,0,FALSE,Wh,202
142825,15,2025-01-30T15:00:00+08:00,18828895,0,FALSE,Wh,202
142825,15,2025-01-30T15:15:00+08:00,18829293,0,FALSE,Wh,202
142825,15,2025-01-30T15:30:00+08:00,18829602,0,FALSE,Wh,202
142825,15,2025-01-30T15:45:00+08:00,18829633,0,FALSE,Wh,202
142825,15,2025-01-30T16:00:00+08:00,18829830,0,FALSE,Wh,202
142825,15,2025-01-30T16:15:00+08:00,18830301,0,FALSE,Wh,202
142825,15,2025-01-30T16:30:00+08:00,18830700,0,FALSE,Wh,202
142825,15,2025-01-30T16:45:00+08:00,18830786,0,FALSE,Wh,202
142825,15,2025-01-30T17:00:00+08:00,18830812,0,FALSE,Wh,202
142825,15,2025-01-30T17:15:00+08:00,18830833,0,FALSE,Wh,202
142825,15,2025-01-30T17:30:00+08:00,18830881,0,FALSE,Wh,202
142825,15,2025-01-30T17:45:00+08:00,18831294,0,FALSE,Wh,202
142825,15,2025-01-30T18:00:00+08:00,18832251,0,FALSE,Wh,202
142825,15,2025-01-30T18:15:00+08:00,18832626,0,FALSE,Wh,202
142825,15,2025-01-30T18:30:00+08:00,18833007,0,FALSE,Wh,202
142825,15,2025-01-30T18:45:00+08:00,18833219,0,FALSE,Wh,202
142825,15,2025-01-30T19:00:00+08:00,18833280,0,FALSE,Wh,202
142825,15,2025-01-30T19:15:00+08:00,18833352,0,FALSE,Wh,202
142825,15,2025-01-30T19:30:00+08:00,18833837,0,FALSE,Wh,202
142825,15,2025-01-30T19:45:00+08:00,18834220,0,FALSE,Wh,202
142825,15,2025-01-30T20:00:00+08:00,18834591,0,FALSE,Wh,202
142825,15,2025-01-30T20:15:00+08:00,18834952,0,FALSE,Wh,202
142825,15,2025-01-30T20:30:00+08:00,18835321,0,FALSE,Wh,202
142825,15,2025-01-30T20:45:00+08:00,18835669,0,FALSE,Wh,202
142825,15,2025-01-30T21:00:00+08:00,18835792,0,FALSE,Wh,202
142825,15,2025-01-30T21:15:00+08:00,18836255,0,FALSE,Wh,202
142825,15,2025-01-30T21:30:00+08:00,18836292,0,FALSE,Wh,202
142825,15,2025-01-30T21:45:00+08:00,18836331,0,FALSE,Wh,202
142825,15,2025-01-30T22:00:00+08:00,18836384,0,FALSE,Wh,202
142825,15,2025-01-30T22:15:00+08:00,18836434,0,FALSE,Wh,202
142825,15,2025-01-30T22:30:00+08:00,18836479,0,FALSE,Wh,202
142825,15,2025-01-30T22:45:00+08:00,18836512,0,FALSE,Wh,202
142825,15,2025-01-30T23:00:00+08:00,18836562,0,FALSE,Wh,202
142825,15,2025-01-30T23:15:00+08:00,18836610,0,FALSE,Wh,202
142825,15,2025-01-30T23:30:00+08:00,18836654,0,FALSE,Wh,202
142825,15,2025-01-30T23:45:00+08:00,18836678,0,FALSE,Wh,202
142825,15,2025-01-31T00:00:00+08:00,18836717,0,FALSE,Wh,202
142825,15,2025-01-31T00:15:00+08:00,18836765,0,FALSE,Wh,202
142825,15,2025-01-31T00:30:00+08:00,18836810,0,FALSE,Wh,202
142825,15,2025-01-31T00:45:00+08:00,18836844,0,FALSE,Wh,202
142825,15,2025-01-31T01:00:00+08:00,18836869,0,FALSE,Wh,202
142825,15,2025-01-31T01:15:00+08:00,18836916,0,FALSE,Wh,202
142825,15,2025-01-31T01:30:00+08:00,18836963,0,FALSE,Wh,202
142825,15,2025-01-31T01:45:00+08:00,18837005,0,FALSE,Wh,202
142825,15,2025-01-31T02:00:00+08:00,18837026,0,FALSE,Wh,202
142825,15,2025-01-31T02:15:00+08:00,18837070,0,FALSE,Wh,202
142825,15,2025-01-31T02:30:00+08:00,18837119,0,FALSE,Wh,202
142825,15,2025-01-31T02:45:00+08:00,18837163,0,FALSE,Wh,202
142825,15,2025-01-31T03:00:00+08:00,18837193,0,FALSE,Wh,202
142825,15,2025-01-31T03:15:00+08:00,18837224,0,FALSE,Wh,202
142825,15,2025-01-31T03:30:00+08:00,18837274,0,FALSE,Wh,202
142825,15,2025-01-31T03:45:00+08:00,18837322,0,FALSE,Wh,202
142825,15,2025-01-31T04:00:00+08:00,18837360,0,FALSE,Wh,202
142825,15,2025-01-31T04:15:00+08:00,18837381,0,FALSE,Wh,202
142825,15,2025-01-31T04:30:00+08:00,18837425,0,FALSE,Wh,202
142825,15,2025-01-31T04:45:00+08:00,18837473,0,FALSE,Wh,202
142825,15,2025-01-31T05:00:00+08:00,18837516,0,FALSE,Wh,202
142825,15,2025-01-31T05:15:00+08:00,18837543,0,FALSE,Wh,202
142825,15,2025-01-31T05:30:00+08:00,18837575,0,FALSE,Wh,202
142825,15,2025-01-31T05:45:00+08:00,18838137,0,FALSE,Wh,202
142825,15,2025-01-31T06:00:00+08:00,18838394,0,FALSE,Wh,202
142825,15,2025-01-31T06:15:00+08:00,18838522,0,FALSE,Wh,202
142825,15,2025-01-31T06:30:00+08:00,18838868,0,FALSE,Wh,202
142825,15,2025-01-31T06:45:00+08:00,18839182,0,FALSE,Wh,202
142825,15,2025-01-31T07:00:00+08:00,18839457,0,FALSE,Wh,202
142825,15,2025-01-31T07:15:00+08:00,18839551,0,FALSE,Wh,202
142825,15,2025-01-31T07:30:00+08:00,18839739,0,FALSE,Wh,202
142825,15,2025-01-31T07:45:00+08:00,18839782,0,FALSE,Wh,202
142825,15,2025-01-31T08:00:00+08:00,18839809,0,FALSE,Wh,202
142825,15,2025-01-31T08:15:00+08:00,18839848,0,FALSE,Wh,202
142825,15,2025-01-31T08:30:00+08:00,18839889,0,FALSE,Wh,202
142825,15,2025-01-31T08:45:00+08:00,18839932,0,FALSE,Wh,202
142825,15,2025-01-31T09:00:00+08:00,18839967,0,FALSE,Wh,202
142825,15,2025-01-31T09:15:00+08:00,18840001,0,FALSE,Wh,202
142825,15,2025-01-31T09:30:00+08:00,18840034,0,FALSE,Wh,202
142825,15,2025-01-31T09:45:00+08:00,18840070,0,FALSE,Wh,202
142825,15,2025-01-31T10:00:00+08:00,18840106,0,FALSE,Wh,202
142825,15,2025-01-31T10:15:00+08:00,18840139,0,FALSE,Wh,202
142825,15,2025-01-31T10:30:00+08:00,18840170,0,FALSE,Wh,202
142825,15,2025-01-31T10:45:00+08:00,18840188,0,FALSE,Wh,202
142825,15,2025-01-31T11:00:00+08:00,18840226,0,FALSE,Wh,202
142825,15,2025-01-31T11:15:00+08:00,18840260,0,FALSE,Wh,202
142825,15,2025-01-31T11:30:00+08:00,18840284,0,FALSE,Wh,202
142825,15,2025-01-31T11:45:00+08:00,18840296,0,FALSE,Wh,202
142825,15,2025-01-31T12:00:00+08:00,18840331,0,FALSE,Wh,202
142825,15,2025-01-31T12:15:00+08:00,18840369,0,FALSE,Wh,202
142825,15,2025-01-31T12:30:00+08:00,18840401,0,FALSE,Wh,202
142825,15,2025-01-31T12:45:00+08:00,18840424,0,FALSE,Wh,202
142825,15,2025-01-31T13:00:00+08:00,18840451,0,FALSE,Wh,202
142825,15,2025-01-31T13:15:00+08:00,18840488,0,FALSE,Wh,202
142825,15,2025-01-31T13:30:00+08:00,18840522,0,FALSE,Wh,202
142825,15,2025-01-31T13:45:00+08:00,18840555,0,FALSE,Wh,202
142825,15,2025-01-31T14:00:00+08:00,18840688,0,FALSE,Wh,202
142825,15,2025-01-31T14:15:00+08:00,18841111,0,FALSE,Wh,202
142825,15,2025-01-31T14:30:00+08:00,18841520,0,FALSE,Wh,202
142825,15,2025-01-31T14:45:00+08:00,18841872,0,FALSE,Wh,202
142825,15,2025-01-31T15:00:00+08:00,18841901,0,FALSE,Wh,202
142825,15,2025-01-31T15:15:00+08:00,18841925,0,FALSE,Wh,202
142825,15,2025-01-31T15:30:00+08:00,18841963,0,FALSE,Wh,202
142825,15,2025-01-31T15:45:00+08:00,18842094,0,FALSE,Wh,202
142825,15,2025-01-31T16:00:00+08:00,18842528,0,FALSE,Wh,202
142825,15,2025-01-31T16:15:00+08:00,18842887,0,FALSE,Wh,202
142825,15,2025-01-31T16:30:00+08:00,18843222,0,FALSE,Wh,202
142825,15,2025-01-31T16:45:00+08:00,18843559,0,FALSE,Wh,202
142825,15,2025-01-31T17:00:00+08:00,18843892,0,FALSE,Wh,202
142825,15,2025-01-31T17:15:00+08:00,18844198,0,FALSE,Wh,202
142825,15,2025-01-31T17:30:00+08:00,18844523,0,FALSE,Wh,202
142825,15,2025-01-31T17:45:00+08:00,18844848,0,FALSE,Wh,202
142825,15,2025-01-31T18:00:00+08:00,18845172,0,FALSE,Wh,202
142825,15,2025-01-31T18:15:00+08:00,18845507,0,FALSE,Wh,202
142825,15,2025-01-31T18:30:00+08:00,18845829,0,FALSE,Wh,202
142825,15,2025-01-31T18:45:00+08:00,18846158,0,FALSE,Wh,202
142825,15,2025-01-31T19:00:00+08:00,18846485,0,FALSE,Wh,202
142825,15,2025-01-31T19:15:00+08:00,18846808,0,FALSE,Wh,202
142825,15,2025-01-31T19:30:00+08:00,18847063,0,FALSE,Wh,202
142825,15,2025-01-31T19:45:00+08:00,18847756,0,FALSE,Wh,202
142825,15,2025-01-31T20:00:00+08:00,18847906,0,FALSE,Wh,202
142825,15,2025-01-31T20:15:00+08:00,18848075,0,FALSE,Wh,202
142825,15,2025-01-31T20:30:00+08:00,18848345,0,FALSE,Wh,202
142825,15,2025-01-31T20:45:00+08:00,18848392,0,FALSE,Wh,202
142825,15,2025-01-31T21:00:00+08:00,18848522,0,FALSE,Wh,202
142825,15,2025-01-31T21:15:00+08:00,18848597,0,FALSE,Wh,202
142825,15,2025-01-31T21:30:00+08:00,18848667,0,FALSE,Wh,202
142825,15,2025-01-31T21:45:00+08:00,18848727,0,FALSE,Wh,202
142825,15,2025-01-31T22:00:00+08:00,18849122,0,FALSE,Wh,202
142825,15,2025-01-31T22:15:00+08:00,18849482,0,FALSE,Wh,202
142825,15,2025-01-31T22:30:00+08:00,18849827,0,FALSE,Wh,202
142825,15,2025-01-31T22:45:00+08:00,18850148,0,FALSE,Wh,202
142825,15,2025-01-31T23:00:00+08:00,18850313,0,FALSE,Wh,202
142825,15,2025-01-31T23:15:00+08:00,18850361,0,FALSE,Wh,202
142825,15,2025-01-31T23:30:00+08:00,18850835,0,FALSE,Wh,202
142825,15,2025-01-31T23:45:00+08:00,18850871,0,FALSE,Wh,202
142825,15,2025-02-01T00:00:00+08:00,18850902,0,FALSE,Wh,202
142825,15,2025-02-01T00:15:00+08:00,18850921,0,FALSE,Wh,202
142825,15,2025-02-01T00:30:00+08:00,18850964,0,FALSE,Wh,202
142825,15,2025-02-01T00:45:00+08:00,18851011,0,FALSE,Wh,202
142825,15,2025-02-01T01:00:00+08:00,18851056,0,FALSE,Wh,202
142825,15,2025-02-01T01:15:00+08:00,18851100,0,FALSE,Wh,202
142825,15,2025-02-01T01:30:00+08:00,18851135,0,FALSE,Wh,202
142825,15,2025-02-01T01:45:00+08:00,18851154,0,FALSE,Wh,202
142825,15,2025-02-01T02:00:00+08:00,18851197,0,FALSE,Wh,202
142825,15,2025-02-01T02:15:00+08:00,18851248,0,FALSE,Wh,202
142825,15,2025-02-01T02:30:00+08:00,18851294,0,FALSE,Wh,202
142825,15,2025-02-01T02:45:00+08:00,18851639,0,FALSE,Wh,202
142825,15,2025-02-01T03:00:00+08:00,18851693,0,FALSE,Wh,202
142825,15,2025-02-01T03:15:00+08:00,18851746,0,FALSE,Wh,202
142825,15,2025-02-01T03:30:00+08:00,18851789,0,FALSE,Wh,202
142825,15,2025-02-01T03:45:00+08:00,18851830,0,FALSE,Wh,202
142825,15,2025-02-01T04:00:00+08:00,18851871,0,FALSE,Wh,202
142825,15,2025-02-01T04:15:00+08:00,18851894,0,FALSE,Wh,202
142825,15,2025-02-01T04:30:00+08:00,18851921,0,FALSE,Wh,202
142825,15,2025-02-01T04:45:00+08:00,18851950,0,FALSE,Wh,202
142825,15,2025-02-01T05:00:00+08:00,18851980,0,FALSE,Wh,202
142825,15,2025-02-01T05:15:00+08:00,18852010,0,FALSE,Wh,202
142825,15,2025-02-01T05:30:00+08:00,18852037,0,FALSE,Wh,202
142825,15,2025-02-01T05:45:00+08:00,18852056,0,FALSE,Wh,202
142825,15,2025-02-01T06:00:00+08:00,18852077,0,FALSE,Wh,202
142825,15,2025-02-01T06:15:00+08:00,18852107,0,FALSE,Wh,202
142825,15,2025-02-01T06:30:00+08:00,18852138,0,FALSE,Wh,202
142825,15,2025-02-01T06:45:00+08:00,18852166,0,FALSE,Wh,202
142825,15,2025-02-01T07:00:00+08:00,18852184,0,FALSE,Wh,202
142825,15,2025-02-01T07:15:00+08:00,18852206,0,FALSE,Wh,202
142825,15,2025-02-01T07:30:00+08:00,18852236,0,FALSE,Wh,202
142825,15,2025-02-01T07:45:00+08:00,18852267,0,FALSE,Wh,202
142825,15,2025-02-01T08:00:00+08:00,18852293,0,FALSE,Wh,202
142825,15,2025-02-01T08:15:00+08:00,18852311,0,FALSE,Wh,202
142825,15,2025-02-01T08:30:00+08:00,18852336,0,FALSE,Wh,202
142825,15,2025-02-01T08:45:00+08:00,18852366,0,FALSE,Wh,202
142825,15,2025-02-01T09:00:00+08:00,18852397,0,FALSE,Wh,202
142825,15,2025-02-01T09:15:00+08:00,18852421,0,FALSE,Wh,202
142825,15,2025-02-01T09:30:00+08:00,18852439,0,FALSE,Wh,202
142825,15,2025-02-01T09:45:00+08:00,18852466,0,FALSE,Wh,202
142825,15,2025-02-01T10:00:00+08:00,18852519,0,FALSE,Wh,202
142825,15,2025-02-01T10:15:00+08:00,18852816,0,FALSE,Wh,202
142825,15,2025-02-01T10:30:00+08:00,18852876,0,FALSE,Wh,202
142825,15,2025-02-01T10:45:00+08:00,18852936,0,FALSE,Wh,202
142825,15,2025-02-01T11:00:00+08:00,18853375,0,FALSE,Wh,202
142825,15,2025-02-01T11:15:00+08:00,18853507,0,FALSE,Wh,202
142825,15,2025-02-01T11:30:00+08:00,18853774,0,FALSE,Wh,202
142825,15,2025-02-01T11:45:00+08:00,18853941,0,FALSE,Wh,202
142825,15,2025-02-01T12:00:00+08:00,18854093,0,FALSE,Wh,202
142825,15,2025-02-01T12:15:00+08:00,18854244,0,FALSE,Wh,202
142825,15,2025-02-01T12:30:00+08:00,18854365,0,FALSE,Wh,202
142825,15,2025-02-01T12:45:00+08:00,18854411,0,FALSE,Wh,202
142825,15,2025-02-01T13:00:00+08:00,18854435,0,FALSE,Wh,202
142825,15,2025-02-01T13:15:00+08:00,18854851,0,FALSE,Wh,202
142825,15,2025-02-01T13:30:00+08:00,18855581,0,FALSE,Wh,202
142825,15,2025-02-01T13:45:00+08:00,18856451,0,FALSE,Wh,202
142825,15,2025-02-01T14:00:00+08:00,18856999,0,FALSE,Wh,202
142825,15,2025-02-01T14:15:00+08:00,18856999,0,FALSE,Wh,202
142825,15,2025-02-01T14:30:00+08:00,18856999,0,FALSE,Wh,202
142825,15,2025-02-01T14:45:00+08:00,18856999,0,FALSE,Wh,202
142825,15,2025-02-01T15:00:00+08:00,18856999,0,FALSE,Wh,202
142825,15,2025-02-01T15:15:00+08:00,18856999,0,FALSE,Wh,202
142825,15,2025-02-01T15:30:00+08:00,18856999,0,FALSE,Wh,202
142825,15,2025-02-01T15:45:00+08:00,18856999,0,FALSE,Wh,202
142825,15,2025-02-01T16:00:00+08:00,18856999,0,FALSE,Wh,202
142825,15,2025-02-01T16:15:00+08:00,18856999,0,FALSE,Wh,202
142825,15,2025-02-01T16:30:00+08:00,18856999,0,FALSE,Wh,202
142825,15,2025-02-01T16:45:00+08:00,18856999,0,FALSE,Wh,202
142825,15,2025-02-01T17:00:00+08:00,18856999,0,FALSE,Wh,202
142825,15,2025-02-01T17:15:00+08:00,18856999,0,FALSE,Wh,202
142825,15,2025-02-01T17:30:00+08:00,18856999,0,FALSE,Wh,202
142825,15,2025-02-01T17:45:00+08:00,18856999,0,FALSE,Wh,202
142825,15,2025-02-01T18:00:00+08:00,18856999,0,FALSE,Wh,202
142825,15,2025-02-01T18:15:00+08:00,18856999,0,FALSE,Wh,202
142825,15,2025-02-01T18:30:00+08:00,18856999,0,FALSE,Wh,202
142825,15,2025-02-01T18:45:00+08:00,18856999,0,FALSE,Wh,202
142825,15,2025-02-01T19:00:00+08:00,18856999,0,FALSE,Wh,202
142825,15,2025-02-01T19:15:00+08:00,18856999,0,FALSE,Wh,202
142825,15,2025-02-01T19:30:00+08:00,18856999,0,FALSE,Wh,202
142825,15,2025-02-01T19:45:00+08:00,18856999,0,FALSE,Wh,202
142825,15,2025-02-01T20:00:00+08:00,18856999,0,FALSE,Wh,202
142825,15,2025-02-01T20:15:00+08:00,18856999,0,FALSE,Wh,202
142825,15,2025-02-01T20:30:00+08:00,18856999,0,FALSE,Wh,202
142825,15,2025-02-01T20:45:00+08:00,18856999,0,FALSE,Wh,202
142825,15,2025-02-01T21:00:00+08:00,18856999,0,FALSE,Wh,202
142825,15,2025-02-01T21:15:00+08:00,18856999,0,FALSE,Wh,202
142825,15,2025-02-01T21:30:00+08:00,18856999,0,FALSE,Wh,202
142825,15,2025-02-01T21:45:00+08:00,18856999,0,FALSE,Wh,202
142825,15,2025-02-01T22:00:00+08:00,18856999,0,FALSE,Wh,202
142825,15,2025-02-01T22:15:00+08:00,18856999,0,FALSE,Wh,202
142825,15,2025-02-01T22:30:00+08:00,18856999,0,FALSE,Wh,202
142825,15,2025-02-01T22:45:00+08:00,18856999,0,FALSE,Wh,202
142825,15,2025-02-01T23:00:00+08:00,18856999,0,FALSE,Wh,202
142825,15,2025-02-01T23:15:00+08:00,18856999,0,FALSE,Wh,202
142825,15,2025-02-01T23:30:00+08:00,18856999,0,FALSE,Wh,202
142825,15,2025-02-01T23:45:00+08:00,18856999,0,FALSE,Wh,202
142825,15,2025-02-02T00:00:00+08:00,18856999,0,FALSE,Wh,202
142825,15,2025-02-02T00:15:00+08:00,18856999,0,FALSE,Wh,202
142825,15,2025-02-02T00:30:00+08:00,18856999,0,FALSE,Wh,202
142825,15,2025-02-02T00:45:00+08:00,18856999,0,FALSE,Wh,202
142825,15,2025-02-02T01:00:00+08:00,18856999,0,FALSE,Wh,202
142825,15,2025-02-02T01:15:00+08:00,18856999,0,FALSE,Wh,202
142825,15,2025-02-02T01:30:00+08:00,18856999,0,FALSE,Wh,202
142825,15,2025-02-02T01:45:00+08:00,18856999,0,FALSE,Wh,202
142825,15,2025-02-02T02:00:00+08:00,18856999,0,FALSE,Wh,202
142825,15,2025-02-02T02:15:00+08:00,18856999,0,FALSE,Wh,202
142825,15,2025-02-02T02:30:00+08:00,18856999,0,FALSE,Wh,202
142825,15,2025-02-02T02:45:00+08:00,18856999,0,FALSE,Wh,202
142825,15,2025-02-02T03:00:00+08:00,18856999,0,FALSE,Wh,202
142825,15,2025-02-02T03:15:00+08:00,18856999,0,FALSE,Wh,202
142825,15,2025-02-02T03:30:00+08:00,18856999,0,FALSE,Wh,202
142825,15,2025-02-02T03:45:00+08:00,18856999,0,FALSE,Wh,202
142825,15,2025-02-02T04:00:00+08:00,18856999,0,FALSE,Wh,202
142825,15,2025-02-02T04:15:00+08:00,18856999,0,FALSE,Wh,202
142825,15,2025-02-02T04:30:00+08:00,18856999,0,FALSE,Wh,202
142825,15,2025-02-02T04:45:00+08:00,18856999,0,FALSE,Wh,202
142825,15,2025-02-02T05:00:00+08:00,18856999,0,FALSE,Wh,202
142825,15,2025-02-02T05:15:00+08:00,18856999,0,FALSE,Wh,202
142825,15,2025-02-02T05:30:00+08:00,18856999,0,FALSE,Wh,202
142825,15,2025-02-02T05:45:00+08:00,18856999,0,FALSE,Wh,202
142825,15,2025-02-02T06:00:00+08:00,18856999,0,FALSE,Wh,202
142825,15,2025-02-02T06:15:00+08:00,18856999,0,FALSE,Wh,202
142825,15,2025-02-02T06:30:00+08:00,18856999,0,FALSE,Wh,202
142825,15,2025-02-02T06:45:00+08:00,18856999,0,FALSE,Wh,202
142825,15,2025-02-02T07:00:00+08:00,18856999,0,FALSE,Wh,202
142825,15,2025-02-02T07:15:00+08:00,18856999,0,FALSE,Wh,202
142825,15,2025-02-02T07:30:00+08:00,18856999,0,FALSE,Wh,202
142825,15,2025-02-02T07:45:00+08:00,18856999,0,FALSE,Wh,202
142825,15,2025-02-02T08:00:00+08:00,18856999,0,FALSE,Wh,202
142825,15,2025-02-02T08:15:00+08:00,18856999,0,FALSE,Wh,202
142825,15,2025-02-02T08:30:00+08:00,18856999,0,FALSE,Wh,202
142825,15,2025-02-02T08:45:00+08:00,18856999,0,FALSE,Wh,202
142825,15,2025-02-02T09:00:00+08:00,18856999,0,FALSE,Wh,202
142825,15,2025-02-02T09:15:00+08:00,18856999,0,FALSE,Wh,202
142825,15,2025-02-02T09:30:00+08:00,18856999,0,FALSE,Wh,202
142825,15,2025-02-02T09:45:00+08:00,18856999,0,FALSE,Wh,202
142825,15,2025-02-02T10:00:00+08:00,18856999,0,FALSE,Wh,202
142825,15,2025-02-02T10:15:00+08:00,18856999,0,FALSE,Wh,202
142825,15,2025-02-02T10:30:00+08:00,18856999,0,FALSE,Wh,202
142825,15,2025-02-02T10:45:00+08:00,18856999,0,FALSE,Wh,202
142825,15,2025-02-02T11:00:00+08:00,18856999,0,FALSE,Wh,202
142825,15,2025-02-02T11:15:00+08:00,18856999,0,FALSE,Wh,202
142825,15,2025-02-02T11:30:00+08:00,18856999,0,FALSE,Wh,202
142825,15,2025-02-02T11:45:00+08:00,18856999,0,FALSE,Wh,202
142825,15,2025-02-02T12:00:00+08:00,18856999,0,FALSE,Wh,202
142825,15,2025-02-02T12:15:00+08:00,18856999,0,FALSE,Wh,202
142825,15,2025-02-02T12:30:00+08:00,18856999,0,FALSE,Wh,202
142825,15,2025-02-02T12:45:00+08:00,18856999,0,FALSE,Wh,202
142825,15,2025-02-02T13:00:00+08:00,18856999,0,FALSE,Wh,202
142825,15,2025-02-02T13:15:00+08:00,18856999,0,FALSE,Wh,202
142825,15,2025-02-02T13:30:00+08:00,18856999,0,FALSE,Wh,202
142825,15,2025-02-02T13:45:00+08:00,18856999,0,FALSE,Wh,202
142825,15,2025-02-02T14:00:00+08:00,18856999,0,FALSE,Wh,202
142825,15,2025-02-02T14:15:00+08:00,18856999,0,FALSE,Wh,202
142825,15,2025-02-02T14:30:00+08:00,18856999,0,FALSE,Wh,202
142825,15,2025-02-02T14:45:00+08:00,18856999,0,FALSE,Wh,202
142825,15,2025-02-02T15:00:00+08:00,18856999,0,FALSE,Wh,202
142825,15,2025-02-02T15:15:00+08:00,18856999,0,FALSE,Wh,202
142825,15,2025-02-02T15:30:00+08:00,18856999,0,FALSE,Wh,202
142825,15,2025-02-02T15:45:00+08:00,18856999,0,FALSE,Wh,202
142825,15,2025-02-02T16:00:00+08:00,18856999,0,FALSE,Wh,202
142825,15,2025-02-02T16:15:00+08:00,18856999,0,FALSE,Wh,202
142825,15,2025-02-02T16:30:00+08:00,18856999,0,FALSE,Wh,202
142825,15,2025-02-02T16:45:00+08:00,18856999,0,FALSE,Wh,202
142825,15,2025-02-02T17:00:00+08:00,18856999,0,FALSE,Wh,202
142825,15,2025-02-02T17:15:00+08:00,18856999,0,FALSE,Wh,202
142825,15,2025-02-02T17:30:00+08:00,18856999,0,FALSE,Wh,202
142825,15,2025-02-02T17:45:00+08:00,18856999,0,FALSE,Wh,202
142825,15,2025-02-02T18:00:00+08:00,18856999,0,FALSE,Wh,202
142825,15,2025-02-02T18:15:00+08:00,18856999,0,FALSE,Wh,202
142825,15,2025-02-02T18:30:00+08:00,18856999,0,FALSE,Wh,202
142825,15,2025-02-02T18:45:00+08:00,18856999,0,FALSE,Wh,202
142825,15,2025-02-02T19:00:00+08:00,18856999,0,FALSE,Wh,202
142825,15,2025-02-02T19:15:00+08:00,18856999,0,FALSE,Wh,202
142825,15,2025-02-02T19:30:00+08:00,18856999,0,FALSE,Wh,202
142825,15,2025-02-02T19:45:00+08:00,18856999,0,FALSE,Wh,202
142825,15,2025-02-02T20:00:00+08:00,18856999,0,FALSE,Wh,202
142825,15,2025-02-02T20:15:00+08:00,18856999,0,FALSE,Wh,202
142825,15,2025-02-02T20:30:00+08:00,18856999,0,FALSE,Wh,202
142825,15,2025-02-02T20:45:00+08:00,18856999,0,FALSE,Wh,202
142825,15,2025-02-02T21:00:00+08:00,18856999,0,FALSE,Wh,202
142825,15,2025-02-02T21:15:00+08:00,18856999,0,FALSE,Wh,202
142825,15,2025-02-02T21:30:00+08:00,18856999,0,FALSE,Wh,202
142825,15,2025-02-02T21:45:00+08:00,18856999,0,FALSE,Wh,202
142825,15,2025-02-02T22:00:00+08:00,18856999,0,FALSE,Wh,202
142825,15,2025-02-02T22:15:00+08:00,18856999,0,FALSE,Wh,202
142825,15,2025-02-02T22:30:00+08:00,18856999,0,FALSE,Wh,202
142825,15,2025-02-02T22:45:00+08:00,18856999,0,FALSE,Wh,202
142825,15,2025-02-02T23:00:00+08:00,18856999,0,FALSE,Wh,202
142825,15,2025-02-02T23:15:00+08:00,18856999,0,FALSE,Wh,202
142825,15,2025-02-02T23:30:00+08:00,18856999,0,FALSE,Wh,202
142825,15,2025-02-02T23:45:00+08:00,18856999,0,FALSE,Wh,202
142825,15,2025-02-03T00:00:00+08:00,18856999,0,FALSE,Wh,202
142825,15,2025-02-03T00:15:00+08:00,18856999,0,FALSE,Wh,202
142825,15,2025-02-03T00:30:00+08:00,18856999,0,FALSE,Wh,202
142825,15,2025-02-03T00:45:00+08:00,18856999,0,FALSE,Wh,202
142825,15,2025-02-03T01:00:00+08:00,18856999,0,FALSE,Wh,202
142825,15,2025-02-03T01:15:00+08:00,18856999,0,FALSE,Wh,202
142825,15,2025-02-03T01:30:00+08:00,18856999,0,FALSE,Wh,202
142825,15,2025-02-03T01:45:00+08:00,18856999,0,FALSE,Wh,202
142825,15,2025-02-03T02:00:00+08:00,18856999,0,FALSE,Wh,202
142825,15,2025-02-03T02:15:00+08:00,18856999,0,FALSE,Wh,202
142825,15,2025-02-03T02:30:00+08:00,18856999,0,FALSE,Wh,202
142825,15,2025-02-03T02:45:00+08:00,18856999,0,FALSE,Wh,202
142825,15,2025-02-03T03:00:00+08:00,18856999,0,FALSE,Wh,202
142825,15,2025-02-03T03:15:00+08:00,18856999,0,FALSE,Wh,202
142825,15,2025-02-03T03:30:00+08:00,18856999,0,FALSE,Wh,202
142825,15,2025-02-03T03:45:00+08:00,18856999,0,FALSE,Wh,202
142825,15,2025-02-03T04:00:00+08:00,18856999,0,FALSE,Wh,202
142825,15,2025-02-03T04:15:00+08:00,18856999,0,FALSE,Wh,202
142825,15,2025-02-03T04:30:00+08:00,18856999,0,FALSE,Wh,202
142825,15,2025-02-03T04:45:00+08:00,18856999,0,FALSE,Wh,202
142825,15,2025-02-03T05:00:00+08:00,18856999,0,FALSE,Wh,202
142825,15,2025-02-03T05:15:00+08:00,18856999,0,FALSE,Wh,202
142825,15,2025-02-03T05:30:00+08:00,18856999,0,FALSE,Wh,202
142825,15,2025-02-03T05:45:00+08:00,18856999,0,FALSE,Wh,202
142825,15,2025-02-03T06:00:00+08:00,18856999,0,FALSE,Wh,202
142825,15,2025-02-03T06:15:00+08:00,18856999,0,FALSE,Wh,202
142825,15,2025-02-03T06:30:00+08:00,18856999,0,FALSE,Wh,202
142825,15,2025-02-03T06:45:00+08:00,18856999,0,FALSE,Wh,202
142825,15,2025-02-03T07:00:00+08:00,18856999,0,FALSE,Wh,202
142825,15,2025-02-03T07:15:00+08:00,18856999,0,FALSE,Wh,202
142825,15,2025-02-03T07:30:00+08:00,18856999,0,FALSE,Wh,202
142825,15,2025-02-03T07:45:00+08:00,18856999,0,FALSE,Wh,202
142825,15,2025-02-03T08:00:00+08:00,18856999,0,FALSE,Wh,202
142825,15,2025-02-03T08:15:00+08:00,18856999,0,FALSE,Wh,202
142825,15,2025-02-03T08:30:00+08:00,18856999,0,FALSE,Wh,202
142825,15,2025-02-03T08:45:00+08:00,18856999,0,FALSE,Wh,202
142825,15,2025-02-03T09:00:00+08:00,18856999,0,FALSE,Wh,202
142825,15,2025-02-03T09:15:00+08:00,18856999,0,FALSE,Wh,202
142825,15,2025-02-03T09:30:00+08:00,18856999,0,FALSE,Wh,202
142825,15,2025-02-03T09:45:00+08:00,18856999,0,FALSE,Wh,202
142825,15,2025-02-03T10:00:00+08:00,18856999,0,FALSE,Wh,202
142825,15,2025-02-03T10:15:00+08:00,18856999,0,FALSE,Wh,202
142825,15,2025-02-03T10:30:00+08:00,18856999,0,FALSE,Wh,202
142825,15,2025-02-03T10:45:00+08:00,18856999,0,FALSE,Wh,202
142825,15,2025-02-03T11:00:00+08:00,18856999,0,FALSE,Wh,202
142825,15,2025-02-03T11:15:00+08:00,18856999,0,FALSE,Wh,202
142825,15,2025-02-03T11:30:00+08:00,18856999,0,FALSE,Wh,202
142825,15,2025-02-03T11:45:00+08:00,18856999,0,FALSE,Wh,202
142825,15,2025-02-03T12:00:00+08:00,18856999,0,FALSE,Wh,202
142825,15,2025-02-03T12:15:00+08:00,18856999,0,FALSE,Wh,202
142825,15,2025-02-03T12:30:00+08:00,18856999,0,FALSE,Wh,202
142825,15,2025-02-03T12:45:00+08:00,18856999,0,FALSE,Wh,202
142825,15,2025-02-03T13:00:00+08:00,18856999,0,FALSE,Wh,202
142825,15,2025-02-03T13:15:00+08:00,18856999,0,FALSE,Wh,202
142825,15,2025-02-03T13:30:00+08:00,18856999,0,FALSE,Wh,202
142825,15,2025-02-03T13:45:00+08:00,18856999,0,FALSE,Wh,202
142825,15,2025-02-03T14:00:00+08:00,18856999,0,FALSE,Wh,202
142825,15,2025-02-03T14:15:00+08:00,18856999,0,FALSE,Wh,202
142825,15,2025-02-03T14:30:00+08:00,18856999,0,FALSE,Wh,202
142825,15,2025-02-03T14:45:00+08:00,18856999,0,FALSE,Wh,202
142825,15,2025-02-03T15:00:00+08:00,18856999,0,FALSE,Wh,202
142825,15,2025-02-03T15:15:00+08:00,18856999,0,FALSE,Wh,202
142825,15,2025-02-03T15:30:00+08:00,18856999,0,FALSE,Wh,202
142825,15,2025-02-03T15:45:00+08:00,18856999,0,FALSE,Wh,202
142825,15,2025-02-03T16:00:00+08:00,18856999,0,FALSE,Wh,202
142825,15,2025-02-03T16:15:00+08:00,18856999,0,FALSE,Wh,202
142825,15,2025-02-03T16:30:00+08:00,18856999,0,FALSE,Wh,202
142825,15,2025-02-03T16:45:00+08:00,18856999,0,FALSE,Wh,202
142825,15,2025-02-03T17:00:00+08:00,18856999,0,FALSE,Wh,202
142825,15,2025-02-03T17:15:00+08:00,18856999,0,FALSE,Wh,202
142825,15,2025-02-03T17:30:00+08:00,18856999,0,FALSE,Wh,202
142825,15,2025-02-03T17:45:00+08:00,18856999,0,FALSE,Wh,202
142825,15,2025-02-03T18:00:00+08:00,18856999,0,FALSE,Wh,202
142825,15,2025-02-03T18:15:00+08:00,18856999,0,FALSE,Wh,202
142825,15,2025-02-03T18:30:00+08:00,18856999,0,FALSE,Wh,202
142825,15,2025-02-03T18:45:00+08:00,18856999,0,FALSE,Wh,202
142825,15,2025-02-03T19:00:00+08:00,18856999,0,FALSE,Wh,202
142825,15,2025-02-03T19:15:00+08:00,18856999,0,FALSE,Wh,202
142825,15,2025-02-03T19:30:00+08:00,18856999,0,FALSE,Wh,202
142825,15,2025-02-03T19:45:00+08:00,18856999,0,FALSE,Wh,202
142825,15,2025-02-03T20:00:00+08:00,18856999,0,FALSE,Wh,202
142825,15,2025-02-03T20:15:00+08:00,18856999,0,FALSE,Wh,202
142825,15,2025-02-03T20:30:00+08:00,18856999,0,FALSE,Wh,202
142825,15,2025-02-03T20:45:00+08:00,18856999,0,FALSE,Wh,202
142825,15,2025-02-03T21:00:00+08:00,18856999,0,FALSE,Wh,202
142825,15,2025-02-03T21:15:00+08:00,18856999,0,FALSE,Wh,202
142825,15,2025-02-03T21:30:00+08:00,18856999,0,FALSE,Wh,202
142825,15,2025-02-03T21:45:00+08:00,18856999,0,FALSE,Wh,202
142825,15,2025-02-03T22:00:00+08:00,18856999,0,FALSE,Wh,202
142825,15,2025-02-03T22:15:00+08:00,18856999,0,FALSE,Wh,202
142825,15,2025-02-03T22:30:00+08:00,18856999,0,FALSE,Wh,202
142825,15,2025-02-03T22:45:00+08:00,18856999,0,FALSE,Wh,202
142825,15,2025-02-03T23:00:00+08:00,18856999,0,FALSE,Wh,202
142825,15,2025-02-03T23:15:00+08:00,18856999,0,FALSE,Wh,202
142825,15,2025-02-03T23:30:00+08:00,18856999,0,FALSE,Wh,202
142825,15,2025-02-03T23:45:00+08:00,18856999,0,FALSE,Wh,202
142825,15,2025-02-04T00:00:00+08:00,18856999,0,FALSE,Wh,202
142825,15,2025-02-04T00:15:00+08:00,18856999,0,FALSE,Wh,202
142825,15,2025-02-04T00:30:00+08:00,18856999,0,FALSE,Wh,202
142825,15,2025-02-04T00:45:00+08:00,18856999,0,FALSE,Wh,202
142825,15,2025-02-04T01:00:00+08:00,18856999,0,FALSE,Wh,202
142825,15,2025-02-04T01:15:00+08:00,18856999,0,FALSE,Wh,202
142825,15,2025-02-04T01:30:00+08:00,18856999,0,FALSE,Wh,202
142825,15,2025-02-04T01:45:00+08:00,18856999,0,FALSE,Wh,202
142825,15,2025-02-04T02:00:00+08:00,18856999,0,FALSE,Wh,202
142825,15,2025-02-04T02:15:00+08:00,18856999,0,FALSE,Wh,202
142825,15,2025-02-04T02:30:00+08:00,18856999,0,FALSE,Wh,202
142825,15,2025-02-04T02:45:00+08:00,18856999,0,FALSE,Wh,202
142825,15,2025-02-04T03:00:00+08:00,18856999,0,FALSE,Wh,202
142825,15,2025-02-04T03:15:00+08:00,18856999,0,FALSE,Wh,202
142825,15,2025-02-04T03:30:00+08:00,18856999,0,FALSE,Wh,202
142825,15,2025-02-04T03:45:00+08:00,18856999,0,FALSE,Wh,202
142825,15,2025-02-04T04:00:00+08:00,18856999,0,FALSE,Wh,202
142825,15,2025-02-04T04:15:00+08:00,18856999,0,FALSE,Wh,202
142825,15,2025-02-04T04:30:00+08:00,18856999,0,FALSE,Wh,202
142825,15,2025-02-04T04:45:00+08:00,18856999,0,FALSE,Wh,202
142825,15,2025-02-04T05:00:00+08:00,18856999,0,FALSE,Wh,202
142825,15,2025-02-04T05:15:00+08:00,18856999,0,FALSE,Wh,202
142825,15,2025-02-04T05:30:00+08:00,18856999,0,FALSE,Wh,202
142825,15,2025-02-04T05:45:00+08:00,18856999,0,FALSE,Wh,202
142825,15,2025-02-04T06:00:00+08:00,18856999,0,FALSE,Wh,202
142825,15,2025-02-04T06:15:00+08:00,18856999,0,FALSE,Wh,202
142825,15,2025-02-04T06:30:00+08:00,18856999,0,FALSE,Wh,202
142825,15,2025-02-04T06:45:00+08:00,18856999,0,FALSE,Wh,202
142825,15,2025-02-04T07:00:00+08:00,18856999,0,FALSE,Wh,202
142825,15,2025-02-04T07:15:00+08:00,18856999,0,FALSE,Wh,202
142825,15,2025-02-04T07:30:00+08:00,18856999,0,FALSE,Wh,202
142825,15,2025-02-04T07:45:00+08:00,18856999,0,FALSE,Wh,202
142825,15,2025-02-04T08:00:00+08:00,18856999,0,FALSE,Wh,202
142825,15,2025-02-04T08:15:00+08:00,18856999,0,FALSE,Wh,202
142825,15,2025-02-04T08:30:00+08:00,18856999,0,FALSE,Wh,202
142825,15,2025-02-04T08:45:00+08:00,18856999,0,FALSE,Wh,202
142825,15,2025-02-04T09:00:00+08:00,18856999,0,FALSE,Wh,202
142825,15,2025-02-04T09:15:00+08:00,18856999,0,FALSE,Wh,202
142825,15,2025-02-04T09:30:00+08:00,18856999,0,FALSE,Wh,202
142825,15,2025-02-04T09:45:00+08:00,18856999,0,FALSE,Wh,202
142825,15,2025-02-04T10:00:00+08:00,18856999,0,FALSE,Wh,202
142825,15,2025-02-04T10:15:00+08:00,18856999,0,FALSE,Wh,202
142825,15,2025-02-04T10:30:00+08:00,18856999,0,FALSE,Wh,202
142825,15,2025-02-04T10:45:00+08:00,18856999,0,FALSE,Wh,202
142825,15,2025-02-04T11:00:00+08:00,18856999,0,FALSE,Wh,202
142825,15,2025-02-04T11:15:00+08:00,18856999,0,FALSE,Wh,202
142825,15,2025-02-04T11:30:00+08:00,18856999,0,FALSE,Wh,202
142825,15,2025-02-04T11:45:00+08:00,18856999,0,FALSE,Wh,202
142825,15,2025-02-04T12:00:00+08:00,18856999,0,FALSE,Wh,202
142825,15,2025-02-04T12:15:00+08:00,18856999,0,FALSE,Wh,202
142825,15,2025-02-04T12:30:00+08:00,18856999,0,FALSE,Wh,202
142825,15,2025-02-04T12:45:00+08:00,18856999,0,FALSE,Wh,202
142825,15,2025-02-04T13:00:00+08:00,18856999,0,FALSE,Wh,202
142825,15,2025-02-04T13:15:00+08:00,18856999,0,FALSE,Wh,202
142825,15,2025-02-04T13:30:00+08:00,18856999,0,FALSE,Wh,202
142825,15,2025-02-04T13:45:00+08:00,18856999,0,FALSE,Wh,202
142825,15,2025-02-04T14:00:00+08:00,18856999,0,FALSE,Wh,202
142825,15,2025-02-04T14:15:00+08:00,18856999,0,FALSE,Wh,202
142825,15,2025-02-04T14:30:00+08:00,18856999,0,FALSE,Wh,202
142825,15,2025-02-04T14:45:00+08:00,18856999,0,FALSE,Wh,202
142825,15,2025-02-04T15:00:00+08:00,18856999,0,FALSE,Wh,202
142825,15,2025-02-04T15:15:00+08:00,18856999,0,FALSE,Wh,202
142825,15,2025-02-04T15:30:00+08:00,18856999,0,FALSE,Wh,202
142825,15,2025-02-04T15:45:00+08:00,18856999,0,FALSE,Wh,202
142825,15,2025-02-04T16:00:00+08:00,18856999,0,FALSE,Wh,202
142825,15,2025-02-04T16:15:00+08:00,18856999,0,FALSE,Wh,202
142825,15,2025-02-04T16:30:00+08:00,18856999,0,FALSE,Wh,202
142825,15,2025-02-04T16:45:00+08:00,18856999,0,FALSE,Wh,202
142825,15,2025-02-04T17:00:00+08:00,18856999,0,FALSE,Wh,202
142825,15,2025-02-04T17:15:00+08:00,18856999,0,FALSE,Wh,202
142825,15,2025-02-04T17:30:00+08:00,18856999,0,FALSE,Wh,202
142825,15,2025-02-04T17:45:00+08:00,18856999,0,FALSE,Wh,202
142825,15,2025-02-04T18:00:00+08:00,18856999,0,FALSE,Wh,202
142825,15,2025-02-04T18:15:00+08:00,18856999,0,FALSE,Wh,202
142825,15,2025-02-04T18:30:00+08:00,18856999,0,FALSE,Wh,202
142825,15,2025-02-04T18:45:00+08:00,18856999,0,FALSE,Wh,202
142825,15,2025-02-04T19:00:00+08:00,18856999,0,FALSE,Wh,202
142825,15,2025-02-04T19:15:00+08:00,18856999,0,FALSE,Wh,202
142825,15,2025-02-04T19:30:00+08:00,18856999,0,FALSE,Wh,202
142825,15,2025-02-04T19:45:00+08:00,18856999,0,FALSE,Wh,202
142825,15,2025-02-04T20:00:00+08:00,18856999,0,FALSE,Wh,202
142825,15,2025-02-04T20:15:00+08:00,18856999,0,FALSE,Wh,202
142825,15,2025-02-04T20:30:00+08:00,18856999,0,FALSE,Wh,202
142825,15,2025-02-04T20:45:00+08:00,18856999,0,FALSE,Wh,202
142825,15,2025-02-04T21:00:00+08:00,18856999,0,FALSE,Wh,202
142825,15,2025-02-04T21:15:00+08:00,18856999,0,FALSE,Wh,202
142825,15,2025-02-04T21:30:00+08:00,18856999,0,FALSE,Wh,202
142825,15,2025-02-04T21:45:00+08:00,18856999,0,FALSE,Wh,202
142825,15,2025-02-04T22:00:00+08:00,18856999,0,FALSE,Wh,202
142825,15,2025-02-04T22:15:00+08:00,18856999,0,FALSE,Wh,202
142825,15,2025-02-04T22:30:00+08:00,18856999,0,FALSE,Wh,202
142825,15,2025-02-04T22:45:00+08:00,18856999,0,FALSE,Wh,202
142825,15,2025-02-04T23:00:00+08:00,18856999,0,FALSE,Wh,202
142825,15,2025-02-04T23:15:00+08:00,18856999,0,FALSE,Wh,202
142825,15,2025-02-04T23:30:00+08:00,18856999,0,FALSE,Wh,202
142825,15,2025-02-04T23:45:00+08:00,18856999,0,FALSE,Wh,202
142825,15,2025-02-05T00:00:00+08:00,18856999,0,FALSE,Wh,202
