timeStamp,meterUid,import,export,energyUnit,display_name,interval,isEstimate
2025-04-07T00:20:00+08:00,142812,135674061,35845690,Wh,Grid meter,20.0,False
2025-04-07T00:40:00+08:00,142812,135674884,35845690,Wh,Grid meter,20.0,False
2025-04-07T01:00:00+08:00,142812,135675676,35845690,Wh,Grid meter,20.0,False
2025-04-07T01:20:00+08:00,142812,135676461,35845690,Wh,Grid meter,20.0,False
2025-04-07T01:40:00+08:00,142812,135677487,35845690,Wh,Grid meter,20.0,False
2025-04-07T02:00:00+08:00,142812,135678317,35845690,Wh,Grid meter,20.0,False
2025-04-07T02:20:00+08:00,142812,135679310,35845690,Wh,Grid meter,20.0,False
2025-04-07T02:40:00+08:00,142812,135680231,35845690,Wh,Grid meter,20.0,False
2025-04-07T03:00:00+08:00,142812,135680891,35845690,Wh,Grid meter,20.0,False
2025-04-07T03:20:00+08:00,142812,135681503,35845690,Wh,Grid meter,20.0,False
2025-04-07T03:40:00+08:00,142812,135682245,35845690,Wh,Grid meter,20.0,False
2025-04-07T04:00:00+08:00,142812,135682917,35845690,Wh,Grid meter,20.0,False
2025-04-07T04:20:00+08:00,142812,135684464,35845690,Wh,Grid meter,20.0,False
2025-04-07T04:40:00+08:00,142812,135686673,35845690,Wh,Grid meter,20.0,False
2025-04-07T05:00:00+08:00,142812,135687784,35845690,Wh,Grid meter,20.0,False
2025-04-07T05:20:00+08:00,142812,135688421,35845690,Wh,Grid meter,20.0,False
2025-04-07T05:40:00+08:00,142812,135689194,35845690,Wh,Grid meter,20.0,False
2025-04-07T06:00:00+08:00,142812,135690433,35845690,Wh,Grid meter,20.0,False
2025-04-07T06:20:00+08:00,142812,135691891,35845690,Wh,Grid meter,20.0,False
2025-04-07T06:40:00+08:00,142812,135693498,35845690,Wh,Grid meter,20.0,False
2025-04-07T07:00:00+08:00,142812,135696189,35845690,Wh,Grid meter,20.0,False
2025-04-07T07:20:00+08:00,142812,135696765,35845690,Wh,Grid meter,20.0,False
2025-04-07T07:40:00+08:00,142812,135697151,35845690,Wh,Grid meter,20.0,False
2025-04-07T08:00:00+08:00,142812,135697262,35845699,Wh,Grid meter,20.0,False
2025-04-07T08:20:00+08:00,142812,135697789,35845706,Wh,Grid meter,20.0,False
2025-04-07T08:40:00+08:00,142812,135698382,35845743,Wh,Grid meter,20.0,False
2025-04-07T09:00:00+08:00,142812,135698456,35845848,Wh,Grid meter,20.0,False
2025-04-07T09:20:00+08:00,142812,135698486,35845895,Wh,Grid meter,20.0,False
2025-04-07T09:40:00+08:00,142812,135698521,35846107,Wh,Grid meter,20.0,False
2025-04-07T10:00:00+08:00,142812,135698575,35846710,Wh,Grid meter,20.0,False
2025-04-07T10:20:00+08:00,142812,135698731,35847223,Wh,Grid meter,20.0,False
2025-04-07T10:40:00+08:00,142812,135698901,35847865,Wh,Grid meter,20.0,False
2025-04-07T11:00:00+08:00,142812,135699041,35848721,Wh,Grid meter,20.0,False
2025-04-07T11:20:00+08:00,142812,135699101,35849456,Wh,Grid meter,20.0,False
2025-04-07T11:40:00+08:00,142812,135699159,35850649,Wh,Grid meter,20.0,False
2025-04-07T12:00:00+08:00,142812,135699160,35852218,Wh,Grid meter,20.0,False
2025-04-07T12:20:00+08:00,142812,135699170,35853193,Wh,Grid meter,20.0,False
2025-04-07T12:40:00+08:00,142812,135699354,35853603,Wh,Grid meter,20.0,False
2025-04-07T13:00:00+08:00,142812,135699513,35854226,Wh,Grid meter,20.0,False
2025-04-07T13:20:00+08:00,142812,135699552,35855400,Wh,Grid meter,20.0,False
2025-04-07T13:40:00+08:00,142812,135699658,35856205,Wh,Grid meter,20.0,False
2025-04-07T14:00:00+08:00,142812,135699667,35857670,Wh,Grid meter,20.0,False
2025-04-07T14:20:00+08:00,142812,135699692,35858501,Wh,Grid meter,20.0,False
2025-04-07T14:40:00+08:00,142812,135699698,35859475,Wh,Grid meter,20.0,False
2025-04-07T15:00:00+08:00,142812,135699699,35860225,Wh,Grid meter,20.0,False
2025-04-07T15:20:00+08:00,142812,135699802,35860624,Wh,Grid meter,20.0,False
2025-04-07T15:40:00+08:00,142812,135699856,35860806,Wh,Grid meter,20.0,False
2025-04-07T16:00:00+08:00,142812,135699933,35860930,Wh,Grid meter,20.0,False
2025-04-07T16:20:00+08:00,142812,135700124,35861035,Wh,Grid meter,20.0,False
2025-04-07T16:40:00+08:00,142812,135700251,35861077,Wh,Grid meter,20.0,False
2025-04-07T17:00:00+08:00,142812,135700286,35861116,Wh,Grid meter,20.0,False
2025-04-07T17:20:00+08:00,142812,135700457,35861120,Wh,Grid meter,20.0,False
2025-04-07T17:40:00+08:00,142812,135701735,35861120,Wh,Grid meter,20.0,False
2025-04-07T18:00:00+08:00,142812,135705141,35861120,Wh,Grid meter,20.0,False
2025-04-07T18:20:00+08:00,142812,135707912,35861120,Wh,Grid meter,20.0,False
2025-04-07T18:40:00+08:00,142812,135711336,35861120,Wh,Grid meter,20.0,False
2025-04-07T19:00:00+08:00,142812,135714735,35861120,Wh,Grid meter,20.0,False
2025-04-07T19:20:00+08:00,142812,135717454,35861120,Wh,Grid meter,20.0,False
2025-04-07T19:40:00+08:00,142812,135718163,35861120,Wh,Grid meter,20.0,False
2025-04-07T20:00:00+08:00,142812,135720595,35861120,Wh,Grid meter,20.0,False
2025-04-07T20:20:00+08:00,142812,135722476,35861120,Wh,Grid meter,20.0,False
2025-04-07T20:40:00+08:00,142812,135725175,35861120,Wh,Grid meter,20.0,False
2025-04-07T21:00:00+08:00,142812,135726662,35861120,Wh,Grid meter,20.0,False
2025-04-07T21:20:00+08:00,142812,135729102,35861120,Wh,Grid meter,20.0,False
2025-04-07T21:40:00+08:00,142812,135731543,35861120,Wh,Grid meter,20.0,False
2025-04-07T22:00:00+08:00,142812,135734489,35861120,Wh,Grid meter,20.0,False
2025-04-07T22:20:00+08:00,142812,135736592,35861120,Wh,Grid meter,20.0,False
2025-04-07T22:40:00+08:00,142812,135737812,35861120,Wh,Grid meter,20.0,False
2025-04-07T23:00:00+08:00,142812,135739038,35861120,Wh,Grid meter,20.0,False
2025-04-07T23:20:00+08:00,142812,135740250,35861120,Wh,Grid meter,20.0,False
2025-04-07T23:40:00+08:00,142812,135741657,35861120,Wh,Grid meter,20.0,False
2025-04-08T00:00:00+08:00,142812,135742630,35861120,Wh,Grid meter,20.0,False
2025-04-08T00:20:00+08:00,142812,135743504,35861120,Wh,Grid meter,20.0,False
2025-04-08T00:40:00+08:00,142812,135744408,35861120,Wh,Grid meter,20.0,False
2025-04-08T01:00:00+08:00,142812,135745279,35861120,Wh,Grid meter,20.0,False
2025-04-08T01:20:00+08:00,142812,135746137,35861120,Wh,Grid meter,20.0,False
2025-04-08T01:40:00+08:00,142812,135746940,35861120,Wh,Grid meter,20.0,False
2025-04-08T02:00:00+08:00,142812,135748237,35861120,Wh,Grid meter,20.0,False
2025-04-08T02:20:00+08:00,142812,135749365,35861120,Wh,Grid meter,20.0,False
2025-04-08T02:40:00+08:00,142812,135750091,35861120,Wh,Grid meter,20.0,False
2025-04-08T03:00:00+08:00,142812,135751337,35861120,Wh,Grid meter,20.0,False
2025-04-08T03:20:00+08:00,142812,135752053,35861120,Wh,Grid meter,20.0,False
2025-04-08T03:40:00+08:00,142812,135752749,35861120,Wh,Grid meter,20.0,False
2025-04-08T04:00:00+08:00,142812,135753892,35861120,Wh,Grid meter,20.0,False
2025-04-08T04:20:00+08:00,142812,135754518,35861120,Wh,Grid meter,20.0,False
2025-04-08T04:40:00+08:00,142812,135756192,35861120,Wh,Grid meter,20.0,False
2025-04-08T05:00:00+08:00,142812,135756890,35861120,Wh,Grid meter,20.0,False
2025-04-08T05:20:00+08:00,142812,135757627,35861120,Wh,Grid meter,20.0,False
2025-04-08T05:40:00+08:00,142812,135758364,35861120,Wh,Grid meter,20.0,False
2025-04-08T06:00:00+08:00,142812,135759283,35861120,Wh,Grid meter,20.0,False
2025-04-08T06:20:00+08:00,142812,135760196,35861120,Wh,Grid meter,20.0,False
2025-04-08T06:40:00+08:00,142812,135761739,35861120,Wh,Grid meter,20.0,False
2025-04-08T07:00:00+08:00,142812,135763340,35861120,Wh,Grid meter,20.0,False
2025-04-08T07:20:00+08:00,142812,135764111,35861120,Wh,Grid meter,20.0,False
2025-04-08T07:40:00+08:00,142812,135765212,35861120,Wh,Grid meter,20.0,False
2025-04-08T08:00:00+08:00,142812,135765464,35861143,Wh,Grid meter,20.0,False
2025-04-08T08:20:00+08:00,142812,135765616,35861202,Wh,Grid meter,20.0,False
2025-04-08T08:40:00+08:00,142812,135765627,35861223,Wh,Grid meter,20.0,False
2025-04-08T09:00:00+08:00,142812,135765648,35861309,Wh,Grid meter,20.0,False
2025-04-08T09:20:00+08:00,142812,135765693,35861419,Wh,Grid meter,20.0,False
2025-04-08T09:40:00+08:00,142812,135765795,35861757,Wh,Grid meter,20.0,False
2025-04-08T10:00:00+08:00,142812,135766032,35862289,Wh,Grid meter,20.0,False
2025-04-08T10:20:00+08:00,142812,135766249,35862849,Wh,Grid meter,20.0,False
2025-04-08T10:40:00+08:00,142812,135766440,35863416,Wh,Grid meter,20.0,False
2025-04-08T11:00:00+08:00,142812,135766722,35864163,Wh,Grid meter,20.0,False
2025-04-08T11:20:00+08:00,142812,135768492,35864163,Wh,Grid meter,20.0,False
2025-04-08T11:40:00+08:00,142812,135768953,35864468,Wh,Grid meter,20.0,False
2025-04-08T12:00:00+08:00,142812,135769422,35864802,Wh,Grid meter,20.0,False
2025-04-08T12:20:00+08:00,142812,135769993,35865391,Wh,Grid meter,20.0,False
2025-04-08T12:40:00+08:00,142812,135770077,35866450,Wh,Grid meter,20.0,False
2025-04-08T13:00:00+08:00,142812,135770137,35867340,Wh,Grid meter,20.0,False
2025-04-08T13:20:00+08:00,142812,135770137,35868630,Wh,Grid meter,20.0,False
2025-04-08T13:40:00+08:00,142812,135770241,35869681,Wh,Grid meter,20.0,False
2025-04-08T14:00:00+08:00,142812,135770960,35870118,Wh,Grid meter,20.0,False
2025-04-08T14:20:00+08:00,142812,135771047,35870559,Wh,Grid meter,20.0,False
2025-04-08T14:40:00+08:00,142812,135771253,35870733,Wh,Grid meter,20.0,False
2025-04-08T15:00:00+08:00,142812,135771289,35870787,Wh,Grid meter,20.0,False
2025-04-08T15:20:00+08:00,142812,135771332,35870840,Wh,Grid meter,20.0,False
2025-04-08T15:40:00+08:00,142812,135771405,35870967,Wh,Grid meter,20.0,False
2025-04-08T16:00:00+08:00,142812,135771487,35871041,Wh,Grid meter,20.0,False
2025-04-08T16:20:00+08:00,142812,135771585,35871092,Wh,Grid meter,20.0,False
2025-04-08T16:40:00+08:00,142812,135772558,35871112,Wh,Grid meter,20.0,False
2025-04-08T17:00:00+08:00,142812,135773212,35871113,Wh,Grid meter,20.0,False
2025-04-08T17:20:00+08:00,142812,135775038,35871113,Wh,Grid meter,20.0,False
2025-04-08T17:40:00+08:00,142812,135777825,35871113,Wh,Grid meter,20.0,False
2025-04-08T18:00:00+08:00,142812,135779603,35871113,Wh,Grid meter,20.0,False
2025-04-08T18:20:00+08:00,142812,135782391,35871113,Wh,Grid meter,20.0,False
2025-04-08T18:40:00+08:00,142812,135785887,35871113,Wh,Grid meter,20.0,False
2025-04-08T19:00:00+08:00,142812,135789184,35871113,Wh,Grid meter,20.0,False
2025-04-08T19:20:00+08:00,142812,135790563,35871113,Wh,Grid meter,20.0,False
2025-04-08T19:40:00+08:00,142812,135792466,35871113,Wh,Grid meter,20.0,False
2025-04-08T20:00:00+08:00,142812,135794578,35871113,Wh,Grid meter,20.0,False
2025-04-08T20:20:00+08:00,142812,135796958,35871113,Wh,Grid meter,20.0,False
2025-04-08T20:40:00+08:00,142812,135800406,35871113,Wh,Grid meter,20.0,False
2025-04-08T21:00:00+08:00,142812,135803933,35871113,Wh,Grid meter,20.0,False
2025-04-08T21:20:00+08:00,142812,135806131,35871113,Wh,Grid meter,20.0,False
2025-04-08T21:40:00+08:00,142812,135807432,35871113,Wh,Grid meter,20.0,False
2025-04-08T22:00:00+08:00,142812,135808537,35871113,Wh,Grid meter,20.0,False
2025-04-08T22:20:00+08:00,142812,135809826,35871113,Wh,Grid meter,20.0,False
2025-04-08T22:40:00+08:00,142812,135811012,35871113,Wh,Grid meter,20.0,False
2025-04-08T23:00:00+08:00,142812,135813217,35871113,Wh,Grid meter,20.0,False
2025-04-08T23:20:00+08:00,142812,135815635,35871113,Wh,Grid meter,20.0,False
2025-04-08T23:40:00+08:00,142812,135816620,35871113,Wh,Grid meter,20.0,False
2025-04-09T00:00:00+08:00,142812,135817565,35871113,Wh,Grid meter,20.0,False
2025-04-09T00:20:00+08:00,142812,135818449,35871113,Wh,Grid meter,20.0,False
2025-04-09T00:40:00+08:00,142812,135819928,35871113,Wh,Grid meter,20.0,False
2025-04-09T01:00:00+08:00,142812,135820833,35871113,Wh,Grid meter,20.0,False
2025-04-09T01:20:00+08:00,142812,135822305,35871113,Wh,Grid meter,20.0,False
2025-04-09T01:40:00+08:00,142812,135823090,35871113,Wh,Grid meter,20.0,False
2025-04-09T02:00:00+08:00,142812,135823823,35871113,Wh,Grid meter,20.0,False
2025-04-09T02:20:00+08:00,142812,135824560,35871113,Wh,Grid meter,20.0,False
2025-04-09T02:40:00+08:00,142812,135825292,35871113,Wh,Grid meter,20.0,False
2025-04-09T03:00:00+08:00,142812,135825938,35871113,Wh,Grid meter,20.0,False
2025-04-09T03:20:00+08:00,142812,135826592,35871113,Wh,Grid meter,20.0,False
2025-04-09T03:40:00+08:00,142812,135827302,35871113,Wh,Grid meter,20.0,False
2025-04-09T04:00:00+08:00,142812,135828181,35871113,Wh,Grid meter,20.0,False
2025-04-09T04:20:00+08:00,142812,135829407,35871113,Wh,Grid meter,20.0,False
2025-04-09T04:40:00+08:00,142812,135830025,35871113,Wh,Grid meter,20.0,False
2025-04-09T05:00:00+08:00,142812,135830652,35871113,Wh,Grid meter,20.0,False
2025-04-09T05:20:00+08:00,142812,135831411,35871113,Wh,Grid meter,20.0,False
2025-04-09T05:40:00+08:00,142812,135832114,35871113,Wh,Grid meter,20.0,False
2025-04-09T06:00:00+08:00,142812,135832884,35871113,Wh,Grid meter,20.0,False
2025-04-09T06:20:00+08:00,142812,135834932,35871113,Wh,Grid meter,20.0,False
2025-04-09T06:40:00+08:00,142812,135837820,35871113,Wh,Grid meter,20.0,False
2025-04-09T07:00:00+08:00,142812,135840407,35871113,Wh,Grid meter,20.0,False
2025-04-09T07:20:00+08:00,142812,135841695,35871113,Wh,Grid meter,20.0,False
2025-04-09T07:40:00+08:00,142812,135842767,35871113,Wh,Grid meter,20.0,False
2025-04-09T08:00:00+08:00,142812,135842957,35871118,Wh,Grid meter,20.0,False
2025-04-09T08:20:00+08:00,142812,135842992,35871171,Wh,Grid meter,20.0,False
2025-04-09T08:40:00+08:00,142812,135843052,35871262,Wh,Grid meter,20.0,False
2025-04-09T09:00:00+08:00,142812,135843199,35871305,Wh,Grid meter,20.0,False
2025-04-09T09:20:00+08:00,142812,135843284,35871480,Wh,Grid meter,20.0,False
2025-04-09T09:40:00+08:00,142812,135843331,35871547,Wh,Grid meter,20.0,False
2025-04-09T10:00:00+08:00,142812,135843379,35871664,Wh,Grid meter,20.0,False
2025-04-09T10:20:00+08:00,142812,135843452,35871792,Wh,Grid meter,20.0,False
2025-04-09T10:40:00+08:00,142812,135843483,35871896,Wh,Grid meter,20.0,False
2025-04-09T11:00:00+08:00,142812,135843484,35872668,Wh,Grid meter,20.0,False
2025-04-09T11:20:00+08:00,142812,135843916,35873287,Wh,Grid meter,20.0,False
2025-04-09T11:40:00+08:00,142812,135843967,35874097,Wh,Grid meter,20.0,False
2025-04-09T12:00:00+08:00,142812,135843992,35874262,Wh,Grid meter,20.0,False
2025-04-09T12:20:00+08:00,142812,135844481,35874998,Wh,Grid meter,20.0,False
2025-04-09T12:40:00+08:00,142812,135844501,35876196,Wh,Grid meter,20.0,False
2025-04-09T13:00:00+08:00,142812,135844501,35877571,Wh,Grid meter,20.0,False
2025-04-09T13:20:00+08:00,142812,135844522,35879008,Wh,Grid meter,20.0,False
2025-04-09T13:40:00+08:00,142812,135844632,35879495,Wh,Grid meter,20.0,False
2025-04-09T14:00:00+08:00,142812,135844894,35880350,Wh,Grid meter,20.0,False
2025-04-09T14:20:00+08:00,142812,135845162,35881009,Wh,Grid meter,20.0,False
2025-04-09T14:40:00+08:00,142812,135845441,35881081,Wh,Grid meter,20.0,False
2025-04-09T15:00:00+08:00,142812,135845757,35881102,Wh,Grid meter,20.0,False
2025-04-09T15:20:00+08:00,142812,135845963,35881171,Wh,Grid meter,20.0,False
2025-04-09T15:40:00+08:00,142812,135846009,35881232,Wh,Grid meter,20.0,False
2025-04-09T16:00:00+08:00,142812,135846191,35881306,Wh,Grid meter,20.0,False
2025-04-09T16:20:00+08:00,142812,135846302,35881349,Wh,Grid meter,20.0,False
2025-04-09T16:40:00+08:00,142812,135847262,35881356,Wh,Grid meter,20.0,False
2025-04-09T17:00:00+08:00,142812,135847517,35881365,Wh,Grid meter,20.0,False
2025-04-09T17:20:00+08:00,142812,135848826,35881365,Wh,Grid meter,20.0,False
2025-04-09T17:40:00+08:00,142812,135850707,35881365,Wh,Grid meter,20.0,False
2025-04-09T18:00:00+08:00,142812,135853700,35881365,Wh,Grid meter,20.0,False
2025-04-09T18:20:00+08:00,142812,135856988,35881365,Wh,Grid meter,20.0,False
2025-04-09T18:40:00+08:00,142812,135860996,35881365,Wh,Grid meter,20.0,False
2025-04-09T19:00:00+08:00,142812,135865928,35881365,Wh,Grid meter,20.0,False
2025-04-09T19:20:00+08:00,142812,135870670,35881365,Wh,Grid meter,20.0,False
2025-04-09T19:40:00+08:00,142812,135875234,35881365,Wh,Grid meter,20.0,False
2025-04-09T20:00:00+08:00,142812,135881111,35881365,Wh,Grid meter,20.0,False
2025-04-09T20:20:00+08:00,142812,135883140,35881365,Wh,Grid meter,20.0,False
2025-04-09T20:40:00+08:00,142812,135885499,35881365,Wh,Grid meter,20.0,False
2025-04-09T21:00:00+08:00,142812,135887674,35881365,Wh,Grid meter,20.0,False
2025-04-09T21:20:00+08:00,142812,135889853,35881365,Wh,Grid meter,20.0,False
2025-04-09T21:40:00+08:00,142812,135892859,35881365,Wh,Grid meter,20.0,False
2025-04-09T22:00:00+08:00,142812,135894134,35881365,Wh,Grid meter,20.0,False
2025-04-09T22:20:00+08:00,142812,135895287,35881365,Wh,Grid meter,20.0,False
2025-04-09T22:40:00+08:00,142812,135897001,35881365,Wh,Grid meter,20.0,False
2025-04-09T23:00:00+08:00,142812,135898729,35881365,Wh,Grid meter,20.0,False
2025-04-09T23:20:00+08:00,142812,135900070,35881365,Wh,Grid meter,20.0,False
2025-04-09T23:40:00+08:00,142812,135901040,35881365,Wh,Grid meter,20.0,False
2025-04-10T00:00:00+08:00,142812,135901972,35881365,Wh,Grid meter,20.0,False
2025-04-10T00:20:00+08:00,142812,135902898,35881365,Wh,Grid meter,20.0,False
2025-04-10T00:40:00+08:00,142812,135904257,35881365,Wh,Grid meter,20.0,False
2025-04-10T01:00:00+08:00,142812,135905051,35881365,Wh,Grid meter,20.0,False
2025-04-10T01:20:00+08:00,142812,135906248,35881365,Wh,Grid meter,20.0,False
2025-04-10T01:40:00+08:00,142812,135907319,35881365,Wh,Grid meter,20.0,False
2025-04-10T02:00:00+08:00,142812,135908025,35881365,Wh,Grid meter,20.0,False
2025-04-10T02:20:00+08:00,142812,135909168,35881365,Wh,Grid meter,20.0,False
2025-04-10T02:40:00+08:00,142812,135909857,35881365,Wh,Grid meter,20.0,False
2025-04-10T03:00:00+08:00,142812,135910541,35881365,Wh,Grid meter,20.0,False
2025-04-10T03:20:00+08:00,142812,135911263,35881365,Wh,Grid meter,20.0,False
2025-04-10T03:40:00+08:00,142812,135911940,35881365,Wh,Grid meter,20.0,False
2025-04-10T04:00:00+08:00,142812,135913003,35881365,Wh,Grid meter,20.0,False
2025-04-10T04:20:00+08:00,142812,135914731,35881365,Wh,Grid meter,20.0,False
2025-04-10T04:40:00+08:00,142812,135915563,35881365,Wh,Grid meter,20.0,False
2025-04-10T05:00:00+08:00,142812,135916293,35881365,Wh,Grid meter,20.0,False
2025-04-10T05:20:00+08:00,142812,135917462,35881365,Wh,Grid meter,20.0,False
2025-04-10T05:40:00+08:00,142812,135919419,35881365,Wh,Grid meter,20.0,False
2025-04-10T06:00:00+08:00,142812,135920198,35881365,Wh,Grid meter,20.0,False
2025-04-10T06:20:00+08:00,142812,135921682,35881365,Wh,Grid meter,20.0,False
2025-04-10T06:40:00+08:00,142812,135924400,35881365,Wh,Grid meter,20.0,False
2025-04-10T07:00:00+08:00,142812,135926078,35881365,Wh,Grid meter,20.0,False
2025-04-10T07:20:00+08:00,142812,135927289,35881365,Wh,Grid meter,20.0,False
2025-04-10T07:40:00+08:00,142812,135928017,35881365,Wh,Grid meter,20.0,False
2025-04-10T08:00:00+08:00,142812,135928141,35881392,Wh,Grid meter,20.0,False
2025-04-10T08:20:00+08:00,142812,135928155,35881431,Wh,Grid meter,20.0,False
2025-04-10T08:40:00+08:00,142812,135928183,35881476,Wh,Grid meter,20.0,False
2025-04-10T09:00:00+08:00,142812,135928308,35881527,Wh,Grid meter,20.0,False
2025-04-10T09:20:00+08:00,142812,135928356,35881633,Wh,Grid meter,20.0,False
2025-04-10T09:40:00+08:00,142812,135928394,35881722,Wh,Grid meter,20.0,False
2025-04-10T10:00:00+08:00,142812,135928433,35881851,Wh,Grid meter,20.0,False
2025-04-10T10:20:00+08:00,142812,135928519,35881966,Wh,Grid meter,20.0,False
2025-04-10T10:40:00+08:00,142812,135928591,35882089,Wh,Grid meter,20.0,False
2025-04-10T11:00:00+08:00,142812,135928608,35882237,Wh,Grid meter,20.0,False
2025-04-10T11:20:00+08:00,142812,135928608,35883089,Wh,Grid meter,20.0,False
2025-04-10T11:40:00+08:00,142812,135928619,35883707,Wh,Grid meter,20.0,False
2025-04-10T12:00:00+08:00,142812,135928651,35883816,Wh,Grid meter,20.0,False
2025-04-10T12:20:00+08:00,142812,135928680,35884086,Wh,Grid meter,20.0,False
2025-04-10T12:40:00+08:00,142812,135928681,35884914,Wh,Grid meter,20.0,False
2025-04-10T13:00:00+08:00,142812,135928685,35885387,Wh,Grid meter,20.0,False
2025-04-10T13:20:00+08:00,142812,135928686,35886318,Wh,Grid meter,20.0,False
2025-04-10T13:40:00+08:00,142812,135928693,35887158,Wh,Grid meter,20.0,False
2025-04-10T14:00:00+08:00,142812,135928728,35887191,Wh,Grid meter,20.0,False
2025-04-10T14:20:00+08:00,142812,135928803,35887318,Wh,Grid meter,20.0,False
2025-04-10T14:40:00+08:00,142812,135928821,35887396,Wh,Grid meter,20.0,False
2025-04-10T15:00:00+08:00,142812,135928829,35887650,Wh,Grid meter,20.0,False
2025-04-10T15:20:00+08:00,142812,135928870,35887856,Wh,Grid meter,20.0,False
2025-04-10T15:40:00+08:00,142812,135928883,35887973,Wh,Grid meter,20.0,False
2025-04-10T16:00:00+08:00,142812,135928903,35888056,Wh,Grid meter,20.0,False
2025-04-10T16:20:00+08:00,142812,135928961,35888111,Wh,Grid meter,20.0,False
2025-04-10T16:40:00+08:00,142812,135929228,35888124,Wh,Grid meter,20.0,False
2025-04-10T17:00:00+08:00,142812,135930060,35888124,Wh,Grid meter,20.0,False
2025-04-10T17:20:00+08:00,142812,135931739,35888124,Wh,Grid meter,20.0,False
2025-04-10T17:40:00+08:00,142812,135933548,35888124,Wh,Grid meter,20.0,False
2025-04-10T18:00:00+08:00,142812,135935762,35888124,Wh,Grid meter,20.0,False
2025-04-10T18:20:00+08:00,142812,135936798,35888124,Wh,Grid meter,20.0,False
2025-04-10T18:40:00+08:00,142812,135937395,35888124,Wh,Grid meter,20.0,False
2025-04-10T19:00:00+08:00,142812,135939324,35888124,Wh,Grid meter,20.0,False
2025-04-10T19:20:00+08:00,142812,135941797,35888124,Wh,Grid meter,20.0,False
2025-04-10T19:40:00+08:00,142812,135945464,35888124,Wh,Grid meter,20.0,False
2025-04-10T20:00:00+08:00,142812,135947558,35888124,Wh,Grid meter,20.0,False
2025-04-10T20:20:00+08:00,142812,135951034,35888124,Wh,Grid meter,20.0,False
2025-04-10T20:40:00+08:00,142812,135953012,35888124,Wh,Grid meter,20.0,False
2025-04-10T21:00:00+08:00,142812,135954482,35888124,Wh,Grid meter,20.0,False
2025-04-10T21:20:00+08:00,142812,135956484,35888124,Wh,Grid meter,20.0,False
2025-04-10T21:40:00+08:00,142812,135959095,35888124,Wh,Grid meter,20.0,False
2025-04-10T22:00:00+08:00,142812,135961587,35888124,Wh,Grid meter,20.0,False
2025-04-10T22:20:00+08:00,142812,135962833,35888124,Wh,Grid meter,20.0,False
2025-04-10T22:40:00+08:00,142812,135964473,35888124,Wh,Grid meter,20.0,False
2025-04-10T23:00:00+08:00,142812,135965815,35888124,Wh,Grid meter,20.0,False
2025-04-10T23:20:00+08:00,142812,135966765,35888124,Wh,Grid meter,20.0,False
2025-04-10T23:40:00+08:00,142812,135967702,35888124,Wh,Grid meter,20.0,False
2025-04-11T00:00:00+08:00,142812,135968746,35888124,Wh,Grid meter,20.0,False
2025-04-11T00:20:00+08:00,142812,135970087,35888124,Wh,Grid meter,20.0,False
2025-04-11T00:40:00+08:00,142812,135970969,35888124,Wh,Grid meter,20.0,False
2025-04-11T01:00:00+08:00,142812,135971873,35888124,Wh,Grid meter,20.0,False
2025-04-11T01:20:00+08:00,142812,135972755,35888124,Wh,Grid meter,20.0,False
2025-04-11T01:40:00+08:00,142812,135974124,35888124,Wh,Grid meter,20.0,False
2025-04-11T02:00:00+08:00,142812,135974967,35888124,Wh,Grid meter,20.0,False
2025-04-11T02:20:00+08:00,142812,135975735,35888124,Wh,Grid meter,20.0,False
2025-04-11T02:40:00+08:00,142812,135976532,35888124,Wh,Grid meter,20.0,False
2025-04-11T03:00:00+08:00,142812,135977299,35888124,Wh,Grid meter,20.0,False
2025-04-11T03:20:00+08:00,142812,135978011,35888124,Wh,Grid meter,20.0,False
2025-04-11T03:40:00+08:00,142812,135979696,35888124,Wh,Grid meter,20.0,False
2025-04-11T04:00:00+08:00,142812,135980740,35888124,Wh,Grid meter,20.0,False
2025-04-11T04:20:00+08:00,142812,135983091,35888124,Wh,Grid meter,20.0,False
2025-04-11T04:40:00+08:00,142812,135983909,35888124,Wh,Grid meter,20.0,False
2025-04-11T05:00:00+08:00,142812,135984801,35888124,Wh,Grid meter,20.0,False
2025-04-11T05:20:00+08:00,142812,135986855,35888124,Wh,Grid meter,20.0,False
2025-04-11T05:40:00+08:00,142812,135987784,35888124,Wh,Grid meter,20.0,False
2025-04-11T06:00:00+08:00,142812,135989459,35888124,Wh,Grid meter,20.0,False
2025-04-11T06:20:00+08:00,142812,135991311,35888124,Wh,Grid meter,20.0,False
2025-04-11T06:40:00+08:00,142812,135992751,35888124,Wh,Grid meter,20.0,False
2025-04-11T07:00:00+08:00,142812,135994437,35888124,Wh,Grid meter,20.0,False
2025-04-11T07:20:00+08:00,142812,135995472,35888124,Wh,Grid meter,20.0,False
2025-04-11T07:40:00+08:00,142812,135997082,35888124,Wh,Grid meter,20.0,False
2025-04-11T08:00:00+08:00,142812,135998391,35888125,Wh,Grid meter,20.0,False
2025-04-11T08:20:00+08:00,142812,135998420,35888174,Wh,Grid meter,20.0,False
2025-04-11T08:40:00+08:00,142812,135998444,35888212,Wh,Grid meter,20.0,False
2025-04-11T09:00:00+08:00,142812,135998531,35888263,Wh,Grid meter,20.0,False
2025-04-11T09:20:00+08:00,142812,135998730,35888383,Wh,Grid meter,20.0,False
2025-04-11T09:40:00+08:00,142812,135998805,35888476,Wh,Grid meter,20.0,False
2025-04-11T10:00:00+08:00,142812,135998852,35888543,Wh,Grid meter,20.0,False
2025-04-11T10:20:00+08:00,142812,135998864,35888568,Wh,Grid meter,20.0,False
2025-04-11T10:40:00+08:00,142812,135998900,35888619,Wh,Grid meter,20.0,False
2025-04-11T11:00:00+08:00,142812,135998967,35888682,Wh,Grid meter,20.0,False
2025-04-11T11:20:00+08:00,142812,135999006,35888890,Wh,Grid meter,20.0,False
2025-04-11T11:40:00+08:00,142812,135999042,35889095,Wh,Grid meter,20.0,False
2025-04-11T12:00:00+08:00,142812,135999118,35889290,Wh,Grid meter,20.0,False
2025-04-11T12:20:00+08:00,142812,135999617,35889378,Wh,Grid meter,20.0,False
2025-04-11T12:40:00+08:00,142812,135999657,35889564,Wh,Grid meter,20.0,False
2025-04-11T13:00:00+08:00,142812,136000237,35889665,Wh,Grid meter,20.0,False
2025-04-11T13:20:00+08:00,142812,136000770,35889716,Wh,Grid meter,20.0,False
2025-04-11T13:40:00+08:00,142812,136001390,35889748,Wh,Grid meter,20.0,False
2025-04-11T14:00:00+08:00,142812,136001828,35889792,Wh,Grid meter,20.0,False
2025-04-11T14:20:00+08:00,142812,136003865,35889795,Wh,Grid meter,20.0,False
2025-04-11T14:40:00+08:00,142812,136005561,35889795,Wh,Grid meter,20.0,False
2025-04-11T15:00:00+08:00,142812,136006067,35889796,Wh,Grid meter,20.0,False
2025-04-11T15:20:00+08:00,142812,136006096,35889831,Wh,Grid meter,20.0,False
2025-04-11T15:40:00+08:00,142812,136006184,35889864,Wh,Grid meter,20.0,False
2025-04-11T16:00:00+08:00,142812,136006212,35889894,Wh,Grid meter,20.0,False
2025-04-11T16:20:00+08:00,142812,136006526,35889915,Wh,Grid meter,20.0,False
2025-04-11T16:40:00+08:00,142812,136007808,35889915,Wh,Grid meter,20.0,False
2025-04-11T17:00:00+08:00,142812,136009289,35889915,Wh,Grid meter,20.0,False
2025-04-11T17:20:00+08:00,142812,136012353,35889915,Wh,Grid meter,20.0,False
2025-04-11T17:40:00+08:00,142812,136015784,35889915,Wh,Grid meter,20.0,False
2025-04-11T18:00:00+08:00,142812,136018371,35889915,Wh,Grid meter,20.0,False
2025-04-11T18:20:00+08:00,142812,136020796,35889915,Wh,Grid meter,20.0,False
2025-04-11T18:40:00+08:00,142812,136024062,35889915,Wh,Grid meter,20.0,False
2025-04-11T19:00:00+08:00,142812,136025932,35889915,Wh,Grid meter,20.0,False
2025-04-11T19:20:00+08:00,142812,136028256,35889915,Wh,Grid meter,20.0,False
2025-04-11T19:40:00+08:00,142812,136031340,35889915,Wh,Grid meter,20.0,False
2025-04-11T20:00:00+08:00,142812,136033408,35889915,Wh,Grid meter,20.0,False
2025-04-11T20:20:00+08:00,142812,136036024,35889915,Wh,Grid meter,20.0,False
2025-04-11T20:40:00+08:00,142812,136038734,35889915,Wh,Grid meter,20.0,False
2025-04-11T21:00:00+08:00,142812,136040841,35889915,Wh,Grid meter,20.0,False
2025-04-11T21:20:00+08:00,142812,136044109,35889915,Wh,Grid meter,20.0,False
2025-04-11T21:40:00+08:00,142812,136047227,35889915,Wh,Grid meter,20.0,False
2025-04-11T22:00:00+08:00,142812,136049469,35889915,Wh,Grid meter,20.0,False
2025-04-11T22:20:00+08:00,142812,136051486,35889915,Wh,Grid meter,20.0,False
2025-04-11T22:40:00+08:00,142812,136053608,35889915,Wh,Grid meter,20.0,False
2025-04-11T23:00:00+08:00,142812,136054976,35889915,Wh,Grid meter,20.0,False
2025-04-11T23:20:00+08:00,142812,136057462,35889915,Wh,Grid meter,20.0,False
2025-04-11T23:40:00+08:00,142812,136058670,35889915,Wh,Grid meter,20.0,False
2025-04-12T00:00:00+08:00,142812,136059927,35889915,Wh,Grid meter,20.0,False
2025-04-12T00:20:00+08:00,142812,136062316,35889915,Wh,Grid meter,20.0,False
2025-04-12T00:40:00+08:00,142812,136063705,35889915,Wh,Grid meter,20.0,False
2025-04-12T01:00:00+08:00,142812,136065553,35889915,Wh,Grid meter,20.0,False
2025-04-12T01:20:00+08:00,142812,136066547,35889915,Wh,Grid meter,20.0,False
2025-04-12T01:40:00+08:00,142812,136068133,35889915,Wh,Grid meter,20.0,False
2025-04-12T02:00:00+08:00,142812,136069373,35889915,Wh,Grid meter,20.0,False
2025-04-12T02:20:00+08:00,142812,136070210,35889915,Wh,Grid meter,20.0,False
2025-04-12T02:40:00+08:00,142812,136071017,35889915,Wh,Grid meter,20.0,False
2025-04-12T03:00:00+08:00,142812,136071824,35889915,Wh,Grid meter,20.0,False
2025-04-12T03:20:00+08:00,142812,136072620,35889915,Wh,Grid meter,20.0,False
2025-04-12T03:40:00+08:00,142812,136073843,35889915,Wh,Grid meter,20.0,False
2025-04-12T04:00:00+08:00,142812,136074613,35889915,Wh,Grid meter,20.0,False
2025-04-12T04:20:00+08:00,142812,136075357,35889915,Wh,Grid meter,20.0,False
2025-04-12T04:40:00+08:00,142812,136076123,35889915,Wh,Grid meter,20.0,False
2025-04-12T05:00:00+08:00,142812,136076912,35889915,Wh,Grid meter,20.0,False
2025-04-12T05:20:00+08:00,142812,136077613,35889915,Wh,Grid meter,20.0,False
2025-04-12T05:40:00+08:00,142812,136078662,35889915,Wh,Grid meter,20.0,False
2025-04-12T06:00:00+08:00,142812,136079852,35889915,Wh,Grid meter,20.0,False
2025-04-12T06:20:00+08:00,142812,136080657,35889915,Wh,Grid meter,20.0,False
2025-04-12T06:40:00+08:00,142812,136081455,35889915,Wh,Grid meter,20.0,False
2025-04-12T07:00:00+08:00,142812,136082483,35889915,Wh,Grid meter,20.0,False
2025-04-12T07:20:00+08:00,142812,136084154,35889915,Wh,Grid meter,20.0,False
2025-04-12T07:40:00+08:00,142812,136085519,35889915,Wh,Grid meter,20.0,False
2025-04-12T08:00:00+08:00,142812,136086338,35889915,Wh,Grid meter,20.0,False
2025-04-12T08:20:00+08:00,142812,136086764,35889924,Wh,Grid meter,20.0,False
2025-04-12T08:40:00+08:00,142812,136087941,35889927,Wh,Grid meter,20.0,False
2025-04-12T09:00:00+08:00,142812,136089492,35889974,Wh,Grid meter,20.0,False
2025-04-12T09:20:00+08:00,142812,136089660,35890131,Wh,Grid meter,20.0,False
2025-04-12T09:40:00+08:00,142812,136089750,35890451,Wh,Grid meter,20.0,False
2025-04-12T10:00:00+08:00,142812,136089902,35890553,Wh,Grid meter,20.0,False
2025-04-12T10:20:00+08:00,142812,136091829,35890553,Wh,Grid meter,20.0,False
2025-04-12T10:40:00+08:00,142812,136091964,35890739,Wh,Grid meter,20.0,False
2025-04-12T11:00:00+08:00,142812,136092025,35890866,Wh,Grid meter,20.0,False
2025-04-12T11:20:00+08:00,142812,136092073,35891134,Wh,Grid meter,20.0,False
2025-04-12T11:40:00+08:00,142812,136092242,35891387,Wh,Grid meter,20.0,False
2025-04-12T12:00:00+08:00,142812,136092303,35891632,Wh,Grid meter,20.0,False
2025-04-12T12:20:00+08:00,142812,136092889,35891711,Wh,Grid meter,20.0,False
2025-04-12T12:40:00+08:00,142812,136094235,35891873,Wh,Grid meter,20.0,False
2025-04-12T13:00:00+08:00,142812,136094434,35892383,Wh,Grid meter,20.0,False
2025-04-12T13:20:00+08:00,142812,136094539,35892996,Wh,Grid meter,20.0,False
2025-04-12T13:40:00+08:00,142812,136094602,35893726,Wh,Grid meter,20.0,False
2025-04-12T14:00:00+08:00,142812,136095005,35893935,Wh,Grid meter,20.0,False
2025-04-12T14:20:00+08:00,142812,136095998,35894009,Wh,Grid meter,20.0,False
2025-04-12T14:40:00+08:00,142812,136096527,35894104,Wh,Grid meter,20.0,False
2025-04-12T15:00:00+08:00,142812,136096816,35894242,Wh,Grid meter,20.0,False
2025-04-12T15:20:00+08:00,142812,136097126,35894291,Wh,Grid meter,20.0,False
2025-04-12T15:40:00+08:00,142812,136098659,35894299,Wh,Grid meter,20.0,False
2025-04-12T16:00:00+08:00,142812,136100620,35894299,Wh,Grid meter,20.0,False
2025-04-12T16:20:00+08:00,142812,136103008,35894299,Wh,Grid meter,20.0,False
2025-04-12T16:40:00+08:00,142812,136105431,35894299,Wh,Grid meter,20.0,False
2025-04-12T17:00:00+08:00,142812,136107991,35894299,Wh,Grid meter,20.0,False
2025-04-12T17:20:00+08:00,142812,136110711,35894299,Wh,Grid meter,20.0,False
2025-04-12T17:40:00+08:00,142812,136113955,35894299,Wh,Grid meter,20.0,False
2025-04-12T18:00:00+08:00,142812,136117423,35894299,Wh,Grid meter,20.0,False
2025-04-12T18:20:00+08:00,142812,136121389,35894299,Wh,Grid meter,20.0,False
2025-04-12T18:40:00+08:00,142812,136125742,35894299,Wh,Grid meter,20.0,False
2025-04-12T19:00:00+08:00,142812,136129719,35894299,Wh,Grid meter,20.0,False
2025-04-12T19:20:00+08:00,142812,136132912,35894299,Wh,Grid meter,20.0,False
2025-04-12T19:40:00+08:00,142812,136136309,35894299,Wh,Grid meter,20.0,False
2025-04-12T20:00:00+08:00,142812,136139693,35894299,Wh,Grid meter,20.0,False
2025-04-12T20:20:00+08:00,142812,136142420,35894299,Wh,Grid meter,20.0,False
2025-04-12T20:40:00+08:00,142812,136145043,35894299,Wh,Grid meter,20.0,False
2025-04-12T21:00:00+08:00,142812,136148053,35894299,Wh,Grid meter,20.0,False
2025-04-12T21:20:00+08:00,142812,136149726,35894299,Wh,Grid meter,20.0,False
2025-04-12T21:40:00+08:00,142812,136152396,35894299,Wh,Grid meter,20.0,False
2025-04-12T22:00:00+08:00,142812,136154952,35894299,Wh,Grid meter,20.0,False
2025-04-12T22:20:00+08:00,142812,136158392,35894299,Wh,Grid meter,20.0,False
2025-04-12T22:40:00+08:00,142812,136160460,35894299,Wh,Grid meter,20.0,False
2025-04-12T23:00:00+08:00,142812,136162491,35894299,Wh,Grid meter,20.0,False
2025-04-12T23:20:00+08:00,142812,136164875,35894299,Wh,Grid meter,20.0,False
2025-04-12T23:40:00+08:00,142812,136167267,35894299,Wh,Grid meter,20.0,False
2025-04-13T00:00:00+08:00,142812,136168924,35894299,Wh,Grid meter,20.0,False
2025-04-13T00:20:00+08:00,142812,136170595,35894299,Wh,Grid meter,20.0,False
2025-04-13T00:40:00+08:00,142812,136172127,35894299,Wh,Grid meter,20.0,False
2025-04-13T01:00:00+08:00,142812,136173751,35894299,Wh,Grid meter,20.0,False
2025-04-13T01:20:00+08:00,142812,136175341,35894299,Wh,Grid meter,20.0,False
2025-04-13T01:40:00+08:00,142812,136176366,35894299,Wh,Grid meter,20.0,False
2025-04-13T02:00:00+08:00,142812,136177471,35894299,Wh,Grid meter,20.0,False
2025-04-13T02:20:00+08:00,142812,136178242,35894299,Wh,Grid meter,20.0,False
2025-04-13T02:40:00+08:00,142812,136178990,35894299,Wh,Grid meter,20.0,False
2025-04-13T03:00:00+08:00,142812,136180003,35894299,Wh,Grid meter,20.0,False
2025-04-13T03:20:00+08:00,142812,136180800,35894299,Wh,Grid meter,20.0,False
2025-04-13T03:40:00+08:00,142812,136181962,35894299,Wh,Grid meter,20.0,False
2025-04-13T04:00:00+08:00,142812,136183017,35894299,Wh,Grid meter,20.0,False
2025-04-13T04:20:00+08:00,142812,136183866,35894299,Wh,Grid meter,20.0,False
2025-04-13T04:40:00+08:00,142812,136184620,35894299,Wh,Grid meter,20.0,False
2025-04-13T05:00:00+08:00,142812,136185331,35894299,Wh,Grid meter,20.0,False
2025-04-13T05:20:00+08:00,142812,136186641,35894299,Wh,Grid meter,20.0,False
2025-04-13T05:40:00+08:00,142812,136187778,35894299,Wh,Grid meter,20.0,False
2025-04-13T06:00:00+08:00,142812,136188488,35894299,Wh,Grid meter,20.0,False
2025-04-13T06:20:00+08:00,142812,136189165,35894299,Wh,Grid meter,20.0,False
2025-04-13T06:40:00+08:00,142812,136189898,35894299,Wh,Grid meter,20.0,False
2025-04-13T07:00:00+08:00,142812,136190751,35894299,Wh,Grid meter,20.0,False
2025-04-13T07:20:00+08:00,142812,136191821,35894299,Wh,Grid meter,20.0,False
2025-04-13T07:40:00+08:00,142812,136192580,35894299,Wh,Grid meter,20.0,False
2025-04-13T08:00:00+08:00,142812,136194063,35894299,Wh,Grid meter,20.0,False
2025-04-13T08:20:00+08:00,142812,136194620,35894374,Wh,Grid meter,20.0,False
2025-04-13T08:40:00+08:00,142812,136194941,35894395,Wh,Grid meter,20.0,False
2025-04-13T09:00:00+08:00,142812,136196139,35894513,Wh,Grid meter,20.0,False
2025-04-13T09:20:00+08:00,142812,136196253,35894624,Wh,Grid meter,20.0,False
2025-04-13T09:40:00+08:00,142812,136196400,35894862,Wh,Grid meter,20.0,False
2025-04-13T10:00:00+08:00,142812,136196548,35895287,Wh,Grid meter,20.0,False
2025-04-13T10:20:00+08:00,142812,136196600,35895471,Wh,Grid meter,20.0,False
2025-04-13T10:40:00+08:00,142812,136196673,35895619,Wh,Grid meter,20.0,False
2025-04-13T11:00:00+08:00,142812,136197319,35895644,Wh,Grid meter,20.0,False
2025-04-13T11:20:00+08:00,142812,136197729,35895799,Wh,Grid meter,20.0,False
2025-04-13T11:40:00+08:00,142812,136197770,35895986,Wh,Grid meter,20.0,False
2025-04-13T12:00:00+08:00,142812,136197827,35896198,Wh,Grid meter,20.0,False
2025-04-13T12:20:00+08:00,142812,136197907,35896557,Wh,Grid meter,20.0,False
2025-04-13T12:40:00+08:00,142812,136199506,35896565,Wh,Grid meter,20.0,False
2025-04-13T13:00:00+08:00,142812,136199769,35896721,Wh,Grid meter,20.0,False
2025-04-13T13:20:00+08:00,142812,136200951,35896780,Wh,Grid meter,20.0,False
2025-04-13T13:40:00+08:00,142812,136201960,35897057,Wh,Grid meter,20.0,False
2025-04-13T14:00:00+08:00,142812,136202632,35897369,Wh,Grid meter,20.0,False
2025-04-13T14:20:00+08:00,142812,136205107,35897369,Wh,Grid meter,20.0,False
2025-04-13T14:40:00+08:00,142812,136208094,35897369,Wh,Grid meter,20.0,False
2025-04-13T15:00:00+08:00,142812,136210588,35897371,Wh,Grid meter,20.0,False
2025-04-13T15:20:00+08:00,142812,136211579,35897392,Wh,Grid meter,20.0,False
2025-04-13T15:40:00+08:00,142812,136211905,35897392,Wh,Grid meter,20.0,False
2025-04-13T16:00:00+08:00,142812,136212129,35897412,Wh,Grid meter,20.0,False
2025-04-13T16:20:00+08:00,142812,136212987,35897434,Wh,Grid meter,20.0,False
2025-04-13T16:40:00+08:00,142812,136213334,35897443,Wh,Grid meter,20.0,False
2025-04-13T17:00:00+08:00,142812,136215129,35897443,Wh,Grid meter,20.0,False
2025-04-13T17:20:00+08:00,142812,136217792,35897443,Wh,Grid meter,20.0,False
2025-04-13T17:40:00+08:00,142812,136220258,35897443,Wh,Grid meter,20.0,False
2025-04-13T18:00:00+08:00,142812,136221651,35897443,Wh,Grid meter,20.0,False
2025-04-13T18:20:00+08:00,142812,136224858,35897443,Wh,Grid meter,20.0,False
2025-04-13T18:40:00+08:00,142812,136227579,35897443,Wh,Grid meter,20.0,False
2025-04-13T19:00:00+08:00,142812,136230007,35897443,Wh,Grid meter,20.0,False
2025-04-13T19:20:00+08:00,142812,136232125,35897443,Wh,Grid meter,20.0,False
2025-04-13T19:40:00+08:00,142812,136234056,35897443,Wh,Grid meter,20.0,False
2025-04-13T20:00:00+08:00,142812,136235650,35897443,Wh,Grid meter,20.0,False
2025-04-13T20:20:00+08:00,142812,136237344,35897443,Wh,Grid meter,20.0,False
2025-04-13T20:40:00+08:00,142812,136238813,35897443,Wh,Grid meter,20.0,False
2025-04-13T21:00:00+08:00,142812,136240475,35897443,Wh,Grid meter,20.0,False
2025-04-13T21:20:00+08:00,142812,136241867,35897443,Wh,Grid meter,20.0,False
2025-04-13T21:40:00+08:00,142812,136243010,35897443,Wh,Grid meter,20.0,False
2025-04-13T22:00:00+08:00,142812,136244829,35897443,Wh,Grid meter,20.0,False
2025-04-13T22:20:00+08:00,142812,136246154,35897443,Wh,Grid meter,20.0,False
2025-04-13T22:40:00+08:00,142812,136247658,35897443,Wh,Grid meter,20.0,False
2025-04-13T23:00:00+08:00,142812,136248684,35897443,Wh,Grid meter,20.0,False
2025-04-13T23:20:00+08:00,142812,136250152,35897443,Wh,Grid meter,20.0,False
2025-04-13T23:40:00+08:00,142812,136251092,35897443,Wh,Grid meter,20.0,False
2025-04-14T00:00:00+08:00,142812,136252266,35897443,Wh,Grid meter,20.0,False
2025-04-14T00:20:00+08:00,142812,136253493,35897443,Wh,Grid meter,20.0,False
2025-04-14T00:40:00+08:00,142812,136254252,35897443,Wh,Grid meter,20.0,False
2025-04-14T01:00:00+08:00,142812,136255369,35897443,Wh,Grid meter,20.0,False
2025-04-14T01:20:00+08:00,142812,136256155,35897443,Wh,Grid meter,20.0,False
2025-04-14T01:40:00+08:00,142812,136256816,35897443,Wh,Grid meter,20.0,False
2025-04-14T02:00:00+08:00,142812,136257466,35897443,Wh,Grid meter,20.0,False
2025-04-14T02:20:00+08:00,142812,136258072,35897443,Wh,Grid meter,20.0,False
2025-04-14T02:40:00+08:00,142812,136258655,35897443,Wh,Grid meter,20.0,False
2025-04-14T03:00:00+08:00,142812,136259329,35897443,Wh,Grid meter,20.0,False
2025-04-14T03:20:00+08:00,142812,136260621,35897443,Wh,Grid meter,20.0,False
2025-04-14T03:40:00+08:00,142812,136261228,35897443,Wh,Grid meter,20.0,False
2025-04-14T04:00:00+08:00,142812,136261942,35897443,Wh,Grid meter,20.0,False
2025-04-14T04:20:00+08:00,142812,136263943,35897443,Wh,Grid meter,20.0,False
2025-04-14T04:40:00+08:00,142812,136265558,35897443,Wh,Grid meter,20.0,False
2025-04-14T05:00:00+08:00,142812,136266130,35897443,Wh,Grid meter,20.0,False
2025-04-14T05:20:00+08:00,142812,136266821,35897443,Wh,Grid meter,20.0,False
2025-04-14T05:40:00+08:00,142812,136267441,35897443,Wh,Grid meter,20.0,False
2025-04-14T06:00:00+08:00,142812,136268585,35897443,Wh,Grid meter,20.0,False
2025-04-14T06:20:00+08:00,142812,136269198,35897443,Wh,Grid meter,20.0,False
2025-04-14T06:40:00+08:00,142812,136270078,35897443,Wh,Grid meter,20.0,False
2025-04-14T07:00:00+08:00,142812,136270779,35897443,Wh,Grid meter,20.0,False
2025-04-14T07:20:00+08:00,142812,136272266,35897443,Wh,Grid meter,20.0,False
2025-04-14T07:40:00+08:00,142812,136274201,35897443,Wh,Grid meter,20.0,False
2025-04-14T08:00:00+08:00,142812,136274347,35897457,Wh,Grid meter,20.0,False
2025-04-14T08:20:00+08:00,142812,136274452,35897488,Wh,Grid meter,20.0,False
2025-04-14T08:40:00+08:00,142812,136274536,35897596,Wh,Grid meter,20.0,False
2025-04-14T09:00:00+08:00,142812,136274554,35897625,Wh,Grid meter,20.0,False
2025-04-14T09:20:00+08:00,142812,136274593,35897699,Wh,Grid meter,20.0,False
2025-04-14T09:40:00+08:00,142812,136274634,35898063,Wh,Grid meter,20.0,False
2025-04-14T10:00:00+08:00,142812,136274677,35898498,Wh,Grid meter,20.0,False
2025-04-14T10:20:00+08:00,142812,136274951,35898875,Wh,Grid meter,20.0,False
2025-04-14T10:40:00+08:00,142812,136274988,35899919,Wh,Grid meter,20.0,False
2025-04-14T11:00:00+08:00,142812,136275115,35900267,Wh,Grid meter,20.0,False
2025-04-14T11:20:00+08:00,142812,136275138,35901477,Wh,Grid meter,20.0,False
2025-04-14T11:40:00+08:00,142812,136275153,35903022,Wh,Grid meter,20.0,False
2025-04-14T12:00:00+08:00,142812,136275189,35904713,Wh,Grid meter,20.0,False
2025-04-14T12:20:00+08:00,142812,136275242,35905730,Wh,Grid meter,20.0,False
2025-04-14T12:40:00+08:00,142812,136275400,35906524,Wh,Grid meter,20.0,False
2025-04-14T13:00:00+08:00,142812,136275446,35907125,Wh,Grid meter,20.0,False
2025-04-14T13:20:00+08:00,142812,136275461,35907557,Wh,Grid meter,20.0,False
2025-04-14T13:40:00+08:00,142812,136275470,35908249,Wh,Grid meter,20.0,False
2025-04-14T14:00:00+08:00,142812,136275493,35908888,Wh,Grid meter,20.0,False
2025-04-14T14:20:00+08:00,142812,136275670,35909139,Wh,Grid meter,20.0,False
2025-04-14T14:40:00+08:00,142812,136276045,35909165,Wh,Grid meter,20.0,False
2025-04-14T15:00:00+08:00,142812,136276525,35909262,Wh,Grid meter,20.0,False
2025-04-14T15:20:00+08:00,142812,136276670,35909380,Wh,Grid meter,20.0,False
2025-04-14T15:40:00+08:00,142812,136276721,35909443,Wh,Grid meter,20.0,False
2025-04-14T16:00:00+08:00,142812,136276880,35909511,Wh,Grid meter,20.0,False
2025-04-14T16:20:00+08:00,142812,136276956,35909596,Wh,Grid meter,20.0,False
2025-04-14T16:40:00+08:00,142812,136276995,35909673,Wh,Grid meter,20.0,False
2025-04-14T17:00:00+08:00,142812,136277265,35909718,Wh,Grid meter,20.0,False
2025-04-14T17:20:00+08:00,142812,136279000,35909718,Wh,Grid meter,20.0,False
2025-04-14T17:40:00+08:00,142812,136281861,35909718,Wh,Grid meter,20.0,False
2025-04-14T18:00:00+08:00,142812,136285099,35909718,Wh,Grid meter,20.0,False
2025-04-14T18:20:00+08:00,142812,136286838,35909718,Wh,Grid meter,20.0,False
2025-04-14T18:40:00+08:00,142812,136288551,35909718,Wh,Grid meter,20.0,False
2025-04-14T19:00:00+08:00,142812,136289454,35909722,Wh,Grid meter,20.0,False
2025-04-14T19:20:00+08:00,142812,136291088,35909725,Wh,Grid meter,20.0,False
2025-04-14T19:40:00+08:00,142812,136292537,35909726,Wh,Grid meter,20.0,False
2025-04-14T20:00:00+08:00,142812,136294978,35909726,Wh,Grid meter,20.0,False
2025-04-14T20:20:00+08:00,142812,136298585,35909726,Wh,Grid meter,20.0,False
2025-04-14T20:40:00+08:00,142812,136301285,35909726,Wh,Grid meter,20.0,False
2025-04-14T21:00:00+08:00,142812,136304045,35909726,Wh,Grid meter,20.0,False
2025-04-14T21:20:00+08:00,142812,136306554,35909726,Wh,Grid meter,20.0,False
2025-04-14T21:40:00+08:00,142812,136309586,35909726,Wh,Grid meter,20.0,False
2025-04-14T22:00:00+08:00,142812,136311261,35909726,Wh,Grid meter,20.0,False
2025-04-14T22:20:00+08:00,142812,136312559,35909726,Wh,Grid meter,20.0,False
2025-04-14T22:40:00+08:00,142812,136313556,35909726,Wh,Grid meter,20.0,False
2025-04-14T23:00:00+08:00,142812,136314400,35909726,Wh,Grid meter,20.0,False
2025-04-14T23:20:00+08:00,142812,136315297,35909726,Wh,Grid meter,20.0,False
2025-04-14T23:40:00+08:00,142812,136316040,35909726,Wh,Grid meter,20.0,False
2025-04-15T00:00:00+08:00,142812,136316935,35909726,Wh,Grid meter,20.0,False
2025-04-07T00:20:00+08:00,142813,22814222,0,Wh,101,20.0,False
2025-04-07T00:40:00+08:00,142813,22814239,0,Wh,101,20.0,False
2025-04-07T01:00:00+08:00,142813,22814266,0,Wh,101,20.0,False
2025-04-07T01:20:00+08:00,142813,22814287,0,Wh,101,20.0,False
2025-04-07T01:40:00+08:00,142813,22814310,0,Wh,101,20.0,False
2025-04-07T02:00:00+08:00,142813,22814336,0,Wh,101,20.0,False
2025-04-07T02:20:00+08:00,142813,22814355,0,Wh,101,20.0,False
2025-04-07T02:40:00+08:00,142813,22814430,0,Wh,101,20.0,False
2025-04-07T03:00:00+08:00,142813,22814452,0,Wh,101,20.0,False
2025-04-07T03:20:00+08:00,142813,22814482,0,Wh,101,20.0,False
2025-04-07T03:40:00+08:00,142813,22814511,0,Wh,101,20.0,False
2025-04-07T04:00:00+08:00,142813,22814539,0,Wh,101,20.0,False
2025-04-07T04:20:00+08:00,142813,22814566,0,Wh,101,20.0,False
2025-04-07T04:40:00+08:00,142813,22814593,0,Wh,101,20.0,False
2025-04-07T05:00:00+08:00,142813,22814620,0,Wh,101,20.0,False
2025-04-07T05:20:00+08:00,142813,22814641,0,Wh,101,20.0,False
2025-04-07T05:40:00+08:00,142813,22814672,0,Wh,101,20.0,False
2025-04-07T06:00:00+08:00,142813,22815042,0,Wh,101,20.0,False
2025-04-07T06:20:00+08:00,142813,22815067,0,Wh,101,20.0,False
2025-04-07T06:40:00+08:00,142813,22815088,0,Wh,101,20.0,False
2025-04-07T07:00:00+08:00,142813,22815112,0,Wh,101,20.0,False
2025-04-07T07:20:00+08:00,142813,22815138,0,Wh,101,20.0,False
2025-04-07T07:40:00+08:00,142813,22815156,0,Wh,101,20.0,False
2025-04-07T08:00:00+08:00,142813,22815223,0,Wh,101,20.0,False
2025-04-07T08:20:00+08:00,142813,22815374,0,Wh,101,20.0,False
2025-04-07T08:40:00+08:00,142813,22815632,0,Wh,101,20.0,False
2025-04-07T09:00:00+08:00,142813,22815860,0,Wh,101,20.0,False
2025-04-07T09:20:00+08:00,142813,22816030,0,Wh,101,20.0,False
2025-04-07T09:40:00+08:00,142813,22816202,0,Wh,101,20.0,False
2025-04-07T10:00:00+08:00,142813,22816364,0,Wh,101,20.0,False
2025-04-07T10:20:00+08:00,142813,22817021,0,Wh,101,20.0,False
2025-04-07T10:40:00+08:00,142813,22817804,0,Wh,101,20.0,False
2025-04-07T11:00:00+08:00,142813,22818656,0,Wh,101,20.0,False
2025-04-07T11:20:00+08:00,142813,22818781,0,Wh,101,20.0,False
2025-04-07T11:40:00+08:00,142813,22818954,0,Wh,101,20.0,False
2025-04-07T12:00:00+08:00,142813,22819132,0,Wh,101,20.0,False
2025-04-07T12:20:00+08:00,142813,22819294,0,Wh,101,20.0,False
2025-04-07T12:40:00+08:00,142813,22819471,0,Wh,101,20.0,False
2025-04-07T13:00:00+08:00,142813,22819659,0,Wh,101,20.0,False
2025-04-07T13:20:00+08:00,142813,22819798,0,Wh,101,20.0,False
2025-04-07T13:40:00+08:00,142813,22819909,0,Wh,101,20.0,False
2025-04-07T14:00:00+08:00,142813,22820022,0,Wh,101,20.0,False
2025-04-07T14:20:00+08:00,142813,22820199,0,Wh,101,20.0,False
2025-04-07T14:40:00+08:00,142813,22820368,0,Wh,101,20.0,False
2025-04-07T15:00:00+08:00,142813,22820545,0,Wh,101,20.0,False
2025-04-07T15:20:00+08:00,142813,22821072,0,Wh,101,20.0,False
2025-04-07T15:40:00+08:00,142813,22822043,0,Wh,101,20.0,False
2025-04-07T16:00:00+08:00,142813,22822717,0,Wh,101,20.0,False
2025-04-07T16:20:00+08:00,142813,22823533,0,Wh,101,20.0,False
2025-04-07T16:40:00+08:00,142813,22824062,0,Wh,101,20.0,False
2025-04-07T17:00:00+08:00,142813,22824608,0,Wh,101,20.0,False
2025-04-07T17:20:00+08:00,142813,22825130,0,Wh,101,20.0,False
2025-04-07T17:40:00+08:00,142813,22825650,0,Wh,101,20.0,False
2025-04-07T18:00:00+08:00,142813,22826157,0,Wh,101,20.0,False
2025-04-07T18:20:00+08:00,142813,22826609,0,Wh,101,20.0,False
2025-04-07T18:40:00+08:00,142813,22827048,0,Wh,101,20.0,False
2025-04-07T19:00:00+08:00,142813,22827476,0,Wh,101,20.0,False
2025-04-07T19:20:00+08:00,142813,22827884,0,Wh,101,20.0,False
2025-04-07T19:40:00+08:00,142813,22828010,0,Wh,101,20.0,False
2025-04-07T20:00:00+08:00,142813,22828151,0,Wh,101,20.0,False
2025-04-07T20:20:00+08:00,142813,22828270,0,Wh,101,20.0,False
2025-04-07T20:40:00+08:00,142813,22828401,0,Wh,101,20.0,False
2025-04-07T21:00:00+08:00,142813,22828523,0,Wh,101,20.0,False
2025-04-07T21:20:00+08:00,142813,22828773,0,Wh,101,20.0,False
2025-04-07T21:40:00+08:00,142813,22828934,0,Wh,101,20.0,False
2025-04-07T22:00:00+08:00,142813,22829106,0,Wh,101,20.0,False
2025-04-07T22:20:00+08:00,142813,22829290,0,Wh,101,20.0,False
2025-04-07T22:40:00+08:00,142813,22829529,0,Wh,101,20.0,False
2025-04-07T23:00:00+08:00,142813,22829705,0,Wh,101,20.0,False
2025-04-07T23:20:00+08:00,142813,22829883,0,Wh,101,20.0,False
2025-04-07T23:40:00+08:00,142813,22830453,0,Wh,101,20.0,False
2025-04-08T00:00:00+08:00,142813,22830595,0,Wh,101,20.0,False
2025-04-08T00:20:00+08:00,142813,22830703,0,Wh,101,20.0,False
2025-04-08T00:40:00+08:00,142813,22830803,0,Wh,101,20.0,False
2025-04-08T01:00:00+08:00,142813,22830830,0,Wh,101,20.0,False
2025-04-08T01:20:00+08:00,142813,22830853,0,Wh,101,20.0,False
2025-04-08T01:40:00+08:00,142813,22830882,0,Wh,101,20.0,False
2025-04-08T02:00:00+08:00,142813,22830911,0,Wh,101,20.0,False
2025-04-08T02:20:00+08:00,142813,22830938,0,Wh,101,20.0,False
2025-04-08T02:40:00+08:00,142813,22830958,0,Wh,101,20.0,False
2025-04-08T03:00:00+08:00,142813,22830987,0,Wh,101,20.0,False
2025-04-08T03:20:00+08:00,142813,22831006,0,Wh,101,20.0,False
2025-04-08T03:40:00+08:00,142813,22831034,0,Wh,101,20.0,False
2025-04-08T04:00:00+08:00,142813,22831063,0,Wh,101,20.0,False
2025-04-08T04:20:00+08:00,142813,22831081,0,Wh,101,20.0,False
2025-04-08T04:40:00+08:00,142813,22831110,0,Wh,101,20.0,False
2025-04-08T05:00:00+08:00,142813,22831134,0,Wh,101,20.0,False
2025-04-08T05:20:00+08:00,142813,22831157,0,Wh,101,20.0,False
2025-04-08T05:40:00+08:00,142813,22831186,0,Wh,101,20.0,False
2025-04-08T06:00:00+08:00,142813,22831205,0,Wh,101,20.0,False
2025-04-08T06:20:00+08:00,142813,22831234,0,Wh,101,20.0,False
2025-04-08T06:40:00+08:00,142813,22831258,0,Wh,101,20.0,False
2025-04-08T07:00:00+08:00,142813,22831281,0,Wh,101,20.0,False
2025-04-08T07:20:00+08:00,142813,22831505,0,Wh,101,20.0,False
2025-04-08T07:40:00+08:00,142813,22831739,0,Wh,101,20.0,False
2025-04-08T08:00:00+08:00,142813,22831768,0,Wh,101,20.0,False
2025-04-08T08:20:00+08:00,142813,22831835,0,Wh,101,20.0,False
2025-04-08T08:40:00+08:00,142813,22831995,0,Wh,101,20.0,False
2025-04-08T09:00:00+08:00,142813,22832161,0,Wh,101,20.0,False
2025-04-08T09:20:00+08:00,142813,22832381,0,Wh,101,20.0,False
2025-04-08T09:40:00+08:00,142813,22832556,0,Wh,101,20.0,False
2025-04-08T10:00:00+08:00,142813,22832715,0,Wh,101,20.0,False
2025-04-08T10:20:00+08:00,142813,22832993,0,Wh,101,20.0,False
2025-04-08T10:40:00+08:00,142813,22834013,0,Wh,101,20.0,False
2025-04-08T11:00:00+08:00,142813,22834188,0,Wh,101,20.0,False
2025-04-08T11:20:00+08:00,142813,22834347,0,Wh,101,20.0,False
2025-04-08T11:40:00+08:00,142813,22834498,0,Wh,101,20.0,False
2025-04-08T12:00:00+08:00,142813,22834659,0,Wh,101,20.0,False
2025-04-08T12:20:00+08:00,142813,22834816,0,Wh,101,20.0,False
2025-04-08T12:40:00+08:00,142813,22834983,0,Wh,101,20.0,False
2025-04-08T13:00:00+08:00,142813,22835170,0,Wh,101,20.0,False
2025-04-08T13:20:00+08:00,142813,22835361,0,Wh,101,20.0,False
2025-04-08T13:40:00+08:00,142813,22835472,0,Wh,101,20.0,False
2025-04-08T14:00:00+08:00,142813,22835580,0,Wh,101,20.0,False
2025-04-08T14:20:00+08:00,142813,22835721,0,Wh,101,20.0,False
2025-04-08T14:40:00+08:00,142813,22836000,0,Wh,101,20.0,False
2025-04-08T15:00:00+08:00,142813,22836175,0,Wh,101,20.0,False
2025-04-08T15:20:00+08:00,142813,22836335,0,Wh,101,20.0,False
2025-04-08T15:40:00+08:00,142813,22836527,0,Wh,101,20.0,False
2025-04-08T16:00:00+08:00,142813,22837110,0,Wh,101,20.0,False
2025-04-08T16:20:00+08:00,142813,22838001,0,Wh,101,20.0,False
2025-04-08T16:40:00+08:00,142813,22838511,0,Wh,101,20.0,False
2025-04-08T17:00:00+08:00,142813,22839029,0,Wh,101,20.0,False
2025-04-08T17:20:00+08:00,142813,22839490,0,Wh,101,20.0,False
2025-04-08T17:40:00+08:00,142813,22839959,0,Wh,101,20.0,False
2025-04-08T18:00:00+08:00,142813,22840402,0,Wh,101,20.0,False
2025-04-08T18:20:00+08:00,142813,22840842,0,Wh,101,20.0,False
2025-04-08T18:40:00+08:00,142813,22841277,0,Wh,101,20.0,False
2025-04-08T19:00:00+08:00,142813,22841726,0,Wh,101,20.0,False
2025-04-08T19:20:00+08:00,142813,22842187,0,Wh,101,20.0,False
2025-04-08T19:40:00+08:00,142813,22842626,0,Wh,101,20.0,False
2025-04-08T20:00:00+08:00,142813,22843056,0,Wh,101,20.0,False
2025-04-08T20:20:00+08:00,142813,22843405,0,Wh,101,20.0,False
2025-04-08T20:40:00+08:00,142813,22843624,0,Wh,101,20.0,False
2025-04-08T21:00:00+08:00,142813,22843855,0,Wh,101,20.0,False
2025-04-08T21:20:00+08:00,142813,22844075,0,Wh,101,20.0,False
2025-04-08T21:40:00+08:00,142813,22844395,0,Wh,101,20.0,False
2025-04-08T22:00:00+08:00,142813,22844617,0,Wh,101,20.0,False
2025-04-08T22:20:00+08:00,142813,22844810,0,Wh,101,20.0,False
2025-04-08T22:40:00+08:00,142813,22845053,0,Wh,101,20.0,False
2025-04-08T23:00:00+08:00,142813,22845286,0,Wh,101,20.0,False
2025-04-08T23:20:00+08:00,142813,22845906,0,Wh,101,20.0,False
2025-04-08T23:40:00+08:00,142813,22846188,0,Wh,101,20.0,False
2025-04-09T00:00:00+08:00,142813,22846377,0,Wh,101,20.0,False
2025-04-09T00:20:00+08:00,142813,22846555,0,Wh,101,20.0,False
2025-04-09T00:40:00+08:00,142813,22846641,0,Wh,101,20.0,False
2025-04-09T01:00:00+08:00,142813,22846669,0,Wh,101,20.0,False
2025-04-09T01:20:00+08:00,142813,22846698,0,Wh,101,20.0,False
2025-04-09T01:40:00+08:00,142813,22846727,0,Wh,101,20.0,False
2025-04-09T02:00:00+08:00,142813,22846756,0,Wh,101,20.0,False
2025-04-09T02:20:00+08:00,142813,22846784,0,Wh,101,20.0,False
2025-04-09T02:40:00+08:00,142813,22846813,0,Wh,101,20.0,False
2025-04-09T03:00:00+08:00,142813,22846831,0,Wh,101,20.0,False
2025-04-09T03:20:00+08:00,142813,22846860,0,Wh,101,20.0,False
2025-04-09T03:40:00+08:00,142813,22846886,0,Wh,101,20.0,False
2025-04-09T04:00:00+08:00,142813,22846906,0,Wh,101,20.0,False
2025-04-09T04:20:00+08:00,142813,22846933,0,Wh,101,20.0,False
2025-04-09T04:40:00+08:00,142813,22846950,0,Wh,101,20.0,False
2025-04-09T05:00:00+08:00,142813,22846977,0,Wh,101,20.0,False
2025-04-09T05:20:00+08:00,142813,22846995,0,Wh,101,20.0,False
2025-04-09T05:40:00+08:00,142813,22847020,0,Wh,101,20.0,False
2025-04-09T06:00:00+08:00,142813,22847046,0,Wh,101,20.0,False
2025-04-09T06:20:00+08:00,142813,22847064,0,Wh,101,20.0,False
2025-04-09T06:40:00+08:00,142813,22847091,0,Wh,101,20.0,False
2025-04-09T07:00:00+08:00,142813,22847108,0,Wh,101,20.0,False
2025-04-09T07:20:00+08:00,142813,22847135,0,Wh,101,20.0,False
2025-04-09T07:40:00+08:00,142813,22847550,0,Wh,101,20.0,False
2025-04-09T08:00:00+08:00,142813,22847571,0,Wh,101,20.0,False
2025-04-09T08:20:00+08:00,142813,22847597,0,Wh,101,20.0,False
2025-04-09T08:40:00+08:00,142813,22847615,0,Wh,101,20.0,False
2025-04-09T09:00:00+08:00,142813,22847642,0,Wh,101,20.0,False
2025-04-09T09:20:00+08:00,142813,22847660,0,Wh,101,20.0,False
2025-04-09T09:40:00+08:00,142813,22847735,0,Wh,101,20.0,False
2025-04-09T10:00:00+08:00,142813,22848000,0,Wh,101,20.0,False
2025-04-09T10:20:00+08:00,142813,22848153,0,Wh,101,20.0,False
2025-04-09T10:40:00+08:00,142813,22848324,0,Wh,101,20.0,False
2025-04-09T11:00:00+08:00,142813,22848539,0,Wh,101,20.0,False
2025-04-09T11:20:00+08:00,142813,22848698,0,Wh,101,20.0,False
2025-04-09T11:40:00+08:00,142813,22848855,0,Wh,101,20.0,False
2025-04-09T12:00:00+08:00,142813,22849015,0,Wh,101,20.0,False
2025-04-09T12:20:00+08:00,142813,22849931,0,Wh,101,20.0,False
2025-04-09T12:40:00+08:00,142813,22850144,0,Wh,101,20.0,False
2025-04-09T13:00:00+08:00,142813,22850279,0,Wh,101,20.0,False
2025-04-09T13:20:00+08:00,142813,22850397,0,Wh,101,20.0,False
2025-04-09T13:40:00+08:00,142813,22850501,0,Wh,101,20.0,False
2025-04-09T14:00:00+08:00,142813,22850615,0,Wh,101,20.0,False
2025-04-09T14:20:00+08:00,142813,22850780,0,Wh,101,20.0,False
2025-04-09T14:40:00+08:00,142813,22851350,0,Wh,101,20.0,False
2025-04-09T15:00:00+08:00,142813,22851939,0,Wh,101,20.0,False
2025-04-09T15:20:00+08:00,142813,22852493,0,Wh,101,20.0,False
2025-04-09T15:40:00+08:00,142813,22853041,0,Wh,101,20.0,False
2025-04-09T16:00:00+08:00,142813,22853593,0,Wh,101,20.0,False
2025-04-09T16:20:00+08:00,142813,22854167,0,Wh,101,20.0,False
2025-04-09T16:40:00+08:00,142813,22855355,0,Wh,101,20.0,False
2025-04-09T17:00:00+08:00,142813,22855949,0,Wh,101,20.0,False
2025-04-09T17:20:00+08:00,142813,22856478,0,Wh,101,20.0,False
2025-04-09T17:40:00+08:00,142813,22856987,0,Wh,101,20.0,False
2025-04-09T18:00:00+08:00,142813,22857488,0,Wh,101,20.0,False
2025-04-09T18:20:00+08:00,142813,22857995,0,Wh,101,20.0,False
2025-04-09T18:40:00+08:00,142813,22858851,0,Wh,101,20.0,False
2025-04-09T19:00:00+08:00,142813,22859458,0,Wh,101,20.0,False
2025-04-09T19:20:00+08:00,142813,22859768,0,Wh,101,20.0,False
2025-04-09T19:40:00+08:00,142813,22860352,0,Wh,101,20.0,False
2025-04-09T20:00:00+08:00,142813,22860855,0,Wh,101,20.0,False
2025-04-09T20:20:00+08:00,142813,22861102,0,Wh,101,20.0,False
2025-04-09T20:40:00+08:00,142813,22861439,0,Wh,101,20.0,False
2025-04-09T21:00:00+08:00,142813,22861668,0,Wh,101,20.0,False
2025-04-09T21:20:00+08:00,142813,22861903,0,Wh,101,20.0,False
2025-04-09T21:40:00+08:00,142813,22862148,0,Wh,101,20.0,False
2025-04-09T22:00:00+08:00,142813,22862376,0,Wh,101,20.0,False
2025-04-09T22:20:00+08:00,142813,22862598,0,Wh,101,20.0,False
2025-04-09T22:40:00+08:00,142813,22862823,0,Wh,101,20.0,False
2025-04-09T23:00:00+08:00,142813,22862993,0,Wh,101,20.0,False
2025-04-09T23:20:00+08:00,142813,22863193,0,Wh,101,20.0,False
2025-04-09T23:40:00+08:00,142813,22863409,0,Wh,101,20.0,False
2025-04-10T00:00:00+08:00,142813,22863603,0,Wh,101,20.0,False
2025-04-10T00:20:00+08:00,142813,22863767,0,Wh,101,20.0,False
2025-04-10T00:40:00+08:00,142813,22863941,0,Wh,101,20.0,False
2025-04-10T01:00:00+08:00,142813,22864041,0,Wh,101,20.0,False
2025-04-10T01:20:00+08:00,142813,22864096,0,Wh,101,20.0,False
2025-04-10T01:40:00+08:00,142813,22864468,0,Wh,101,20.0,False
2025-04-10T02:00:00+08:00,142813,22864502,0,Wh,101,20.0,False
2025-04-10T02:20:00+08:00,142813,22864546,0,Wh,101,20.0,False
2025-04-10T02:40:00+08:00,142813,22864619,0,Wh,101,20.0,False
2025-04-10T03:00:00+08:00,142813,22864655,0,Wh,101,20.0,False
2025-04-10T03:20:00+08:00,142813,22864694,0,Wh,101,20.0,False
2025-04-10T03:40:00+08:00,142813,22864725,0,Wh,101,20.0,False
2025-04-10T04:00:00+08:00,142813,22864770,0,Wh,101,20.0,False
2025-04-10T04:20:00+08:00,142813,22864799,0,Wh,101,20.0,False
2025-04-10T04:40:00+08:00,142813,22864835,0,Wh,101,20.0,False
2025-04-10T05:00:00+08:00,142813,22864878,0,Wh,101,20.0,False
2025-04-10T05:20:00+08:00,142813,22864906,0,Wh,101,20.0,False
2025-04-10T05:40:00+08:00,142813,22864933,0,Wh,101,20.0,False
2025-04-10T06:00:00+08:00,142813,22864961,0,Wh,101,20.0,False
2025-04-10T06:20:00+08:00,142813,22864992,0,Wh,101,20.0,False
2025-04-10T06:40:00+08:00,142813,22865022,0,Wh,101,20.0,False
2025-04-10T07:00:00+08:00,142813,22865057,0,Wh,101,20.0,False
2025-04-10T07:20:00+08:00,142813,22865076,0,Wh,101,20.0,False
2025-04-10T07:40:00+08:00,142813,22865466,0,Wh,101,20.0,False
2025-04-10T08:00:00+08:00,142813,22865494,0,Wh,101,20.0,False
2025-04-10T08:20:00+08:00,142813,22865522,0,Wh,101,20.0,False
2025-04-10T08:40:00+08:00,142813,22865556,0,Wh,101,20.0,False
2025-04-10T09:00:00+08:00,142813,22865596,0,Wh,101,20.0,False
2025-04-10T09:20:00+08:00,142813,22865805,0,Wh,101,20.0,False
2025-04-10T09:40:00+08:00,142813,22865999,0,Wh,101,20.0,False
2025-04-10T10:00:00+08:00,142813,22866219,0,Wh,101,20.0,False
2025-04-10T10:20:00+08:00,142813,22866538,0,Wh,101,20.0,False
2025-04-10T10:40:00+08:00,142813,22866771,0,Wh,101,20.0,False
2025-04-10T11:00:00+08:00,142813,22866986,0,Wh,101,20.0,False
2025-04-10T11:20:00+08:00,142813,22867229,0,Wh,101,20.0,False
2025-04-10T11:40:00+08:00,142813,22867474,0,Wh,101,20.0,False
2025-04-10T12:00:00+08:00,142813,22868281,0,Wh,101,20.0,False
2025-04-10T12:20:00+08:00,142813,22868987,0,Wh,101,20.0,False
2025-04-10T12:40:00+08:00,142813,22869159,0,Wh,101,20.0,False
2025-04-10T13:00:00+08:00,142813,22869441,0,Wh,101,20.0,False
2025-04-10T13:20:00+08:00,142813,22869685,0,Wh,101,20.0,False
2025-04-10T13:40:00+08:00,142813,22869941,0,Wh,101,20.0,False
2025-04-10T14:00:00+08:00,142813,22870246,0,Wh,101,20.0,False
2025-04-10T14:20:00+08:00,142813,22870559,0,Wh,101,20.0,False
2025-04-10T14:40:00+08:00,142813,22870934,0,Wh,101,20.0,False
2025-04-10T15:00:00+08:00,142813,22871367,0,Wh,101,20.0,False
2025-04-10T15:20:00+08:00,142813,22871940,0,Wh,101,20.0,False
2025-04-10T15:40:00+08:00,142813,22872503,0,Wh,101,20.0,False
2025-04-10T16:00:00+08:00,142813,22873069,0,Wh,101,20.0,False
2025-04-10T16:20:00+08:00,142813,22873554,0,Wh,101,20.0,False
2025-04-10T16:40:00+08:00,142813,22874353,0,Wh,101,20.0,False
2025-04-10T17:00:00+08:00,142813,22874797,0,Wh,101,20.0,False
2025-04-10T17:20:00+08:00,142813,22875517,0,Wh,101,20.0,False
2025-04-10T17:40:00+08:00,142813,22876071,0,Wh,101,20.0,False
2025-04-10T18:00:00+08:00,142813,22876635,0,Wh,101,20.0,False
2025-04-10T18:20:00+08:00,142813,22876921,0,Wh,101,20.0,False
2025-04-10T18:40:00+08:00,142813,22877227,0,Wh,101,20.0,False
2025-04-10T19:00:00+08:00,142813,22877594,0,Wh,101,20.0,False
2025-04-10T19:20:00+08:00,142813,22877793,0,Wh,101,20.0,False
2025-04-10T19:40:00+08:00,142813,22877975,0,Wh,101,20.0,False
2025-04-10T20:00:00+08:00,142813,22878165,0,Wh,101,20.0,False
2025-04-10T20:20:00+08:00,142813,22878393,0,Wh,101,20.0,False
2025-04-10T20:40:00+08:00,142813,22878535,0,Wh,101,20.0,False
2025-04-10T21:00:00+08:00,142813,22878709,0,Wh,101,20.0,False
2025-04-10T21:20:00+08:00,142813,22878954,0,Wh,101,20.0,False
2025-04-10T21:40:00+08:00,142813,22879125,0,Wh,101,20.0,False
2025-04-10T22:00:00+08:00,142813,22879302,0,Wh,101,20.0,False
2025-04-10T22:20:00+08:00,142813,22879480,0,Wh,101,20.0,False
2025-04-10T22:40:00+08:00,142813,22879696,0,Wh,101,20.0,False
2025-04-10T23:00:00+08:00,142813,22879957,0,Wh,101,20.0,False
2025-04-10T23:20:00+08:00,142813,22880069,0,Wh,101,20.0,False
2025-04-10T23:40:00+08:00,142813,22880184,0,Wh,101,20.0,False
2025-04-11T00:00:00+08:00,142813,22880396,0,Wh,101,20.0,False
2025-04-11T00:20:00+08:00,142813,22880928,0,Wh,101,20.0,False
2025-04-11T00:40:00+08:00,142813,22881026,0,Wh,101,20.0,False
2025-04-11T01:00:00+08:00,142813,22881129,0,Wh,101,20.0,False
2025-04-11T01:20:00+08:00,142813,22881199,0,Wh,101,20.0,False
2025-04-11T01:40:00+08:00,142813,22881231,0,Wh,101,20.0,False
2025-04-11T02:00:00+08:00,142813,22881258,0,Wh,101,20.0,False
2025-04-11T02:20:00+08:00,142813,22881280,0,Wh,101,20.0,False
2025-04-11T02:40:00+08:00,142813,22881308,0,Wh,101,20.0,False
2025-04-11T03:00:00+08:00,142813,22881326,0,Wh,101,20.0,False
2025-04-11T03:20:00+08:00,142813,22881354,0,Wh,101,20.0,False
2025-04-11T03:40:00+08:00,142813,22881377,0,Wh,101,20.0,False
2025-04-11T04:00:00+08:00,142813,22881398,0,Wh,101,20.0,False
2025-04-11T04:20:00+08:00,142813,22881424,0,Wh,101,20.0,False
2025-04-11T04:40:00+08:00,142813,22881441,0,Wh,101,20.0,False
2025-04-11T05:00:00+08:00,142813,22881469,0,Wh,101,20.0,False
2025-04-11T05:20:00+08:00,142813,22881491,0,Wh,101,20.0,False
2025-04-11T05:40:00+08:00,142813,22881513,0,Wh,101,20.0,False
2025-04-11T06:00:00+08:00,142813,22881539,0,Wh,101,20.0,False
2025-04-11T06:20:00+08:00,142813,22881556,0,Wh,101,20.0,False
2025-04-11T06:40:00+08:00,142813,22881584,0,Wh,101,20.0,False
2025-04-11T07:00:00+08:00,142813,22881603,0,Wh,101,20.0,False
2025-04-11T07:20:00+08:00,142813,22882010,0,Wh,101,20.0,False
2025-04-11T07:40:00+08:00,142813,22882035,0,Wh,101,20.0,False
2025-04-11T08:00:00+08:00,142813,22882053,0,Wh,101,20.0,False
2025-04-11T08:20:00+08:00,142813,22882080,0,Wh,101,20.0,False
2025-04-11T08:40:00+08:00,142813,22882097,0,Wh,101,20.0,False
2025-04-11T09:00:00+08:00,142813,22882124,0,Wh,101,20.0,False
2025-04-11T09:20:00+08:00,142813,22882145,0,Wh,101,20.0,False
2025-04-11T09:40:00+08:00,142813,22882168,0,Wh,101,20.0,False
2025-04-11T10:00:00+08:00,142813,22882243,0,Wh,101,20.0,False
2025-04-11T10:20:00+08:00,142813,22882327,0,Wh,101,20.0,False
2025-04-11T10:40:00+08:00,142813,22882421,0,Wh,101,20.0,False
2025-04-11T11:00:00+08:00,142813,22882645,0,Wh,101,20.0,False
2025-04-11T11:20:00+08:00,142813,22882807,0,Wh,101,20.0,False
2025-04-11T11:40:00+08:00,142813,22883011,0,Wh,101,20.0,False
2025-04-11T12:00:00+08:00,142813,22883187,0,Wh,101,20.0,False
2025-04-11T12:20:00+08:00,142813,22883316,0,Wh,101,20.0,False
2025-04-11T12:40:00+08:00,142813,22883415,0,Wh,101,20.0,False
2025-04-11T13:00:00+08:00,142813,22884403,0,Wh,101,20.0,False
2025-04-11T13:20:00+08:00,142813,22885099,0,Wh,101,20.0,False
2025-04-11T13:40:00+08:00,142813,22885640,0,Wh,101,20.0,False
2025-04-11T14:00:00+08:00,142813,22886143,0,Wh,101,20.0,False
2025-04-11T14:20:00+08:00,142813,22886723,0,Wh,101,20.0,False
2025-04-11T14:40:00+08:00,142813,22887330,0,Wh,101,20.0,False
2025-04-11T15:00:00+08:00,142813,22888011,0,Wh,101,20.0,False
2025-04-11T15:20:00+08:00,142813,22888612,0,Wh,101,20.0,False
2025-04-11T15:40:00+08:00,142813,22889224,0,Wh,101,20.0,False
2025-04-11T16:00:00+08:00,142813,22889794,0,Wh,101,20.0,False
2025-04-11T16:20:00+08:00,142813,22890658,0,Wh,101,20.0,False
2025-04-11T16:40:00+08:00,142813,22891289,0,Wh,101,20.0,False
2025-04-11T17:00:00+08:00,142813,22891855,0,Wh,101,20.0,False
2025-04-11T17:20:00+08:00,142813,22892675,0,Wh,101,20.0,False
2025-04-11T17:40:00+08:00,142813,22893485,0,Wh,101,20.0,False
2025-04-11T18:00:00+08:00,142813,22893926,0,Wh,101,20.0,False
2025-04-11T18:20:00+08:00,142813,22894431,0,Wh,101,20.0,False
2025-04-11T18:40:00+08:00,142813,22894915,0,Wh,101,20.0,False
2025-04-11T19:00:00+08:00,142813,22895258,0,Wh,101,20.0,False
2025-04-11T19:20:00+08:00,142813,22895719,0,Wh,101,20.0,False
2025-04-11T19:40:00+08:00,142813,22896345,0,Wh,101,20.0,False
2025-04-11T20:00:00+08:00,142813,22896579,0,Wh,101,20.0,False
2025-04-11T20:20:00+08:00,142813,22896808,0,Wh,101,20.0,False
2025-04-11T20:40:00+08:00,142813,22897010,0,Wh,101,20.0,False
2025-04-11T21:00:00+08:00,142813,22897331,0,Wh,101,20.0,False
2025-04-11T21:20:00+08:00,142813,22897546,0,Wh,101,20.0,False
2025-04-11T21:40:00+08:00,142813,22897758,0,Wh,101,20.0,False
2025-04-11T22:00:00+08:00,142813,22897990,0,Wh,101,20.0,False
2025-04-11T22:20:00+08:00,142813,22898230,0,Wh,101,20.0,False
2025-04-11T22:40:00+08:00,142813,22898468,0,Wh,101,20.0,False
2025-04-11T23:00:00+08:00,142813,22898661,0,Wh,101,20.0,False
2025-04-11T23:20:00+08:00,142813,22898844,0,Wh,101,20.0,False
2025-04-11T23:40:00+08:00,142813,22899024,0,Wh,101,20.0,False
2025-04-12T00:00:00+08:00,142813,22899204,0,Wh,101,20.0,False
2025-04-12T00:20:00+08:00,142813,22899382,0,Wh,101,20.0,False
2025-04-12T00:40:00+08:00,142813,22899532,0,Wh,101,20.0,False
2025-04-12T01:00:00+08:00,142813,22899671,0,Wh,101,20.0,False
2025-04-12T01:20:00+08:00,142813,22899706,0,Wh,101,20.0,False
2025-04-12T01:40:00+08:00,142813,22899739,0,Wh,101,20.0,False
2025-04-12T02:00:00+08:00,142813,22900105,0,Wh,101,20.0,False
2025-04-12T02:20:00+08:00,142813,22900133,0,Wh,101,20.0,False
2025-04-12T02:40:00+08:00,142813,22900162,0,Wh,101,20.0,False
2025-04-12T03:00:00+08:00,142813,22900180,0,Wh,101,20.0,False
2025-04-12T03:20:00+08:00,142813,22900207,0,Wh,101,20.0,False
2025-04-12T03:40:00+08:00,142813,22900227,0,Wh,101,20.0,False
2025-04-12T04:00:00+08:00,142813,22900251,0,Wh,101,20.0,False
2025-04-12T04:20:00+08:00,142813,22900277,0,Wh,101,20.0,False
2025-04-12T04:40:00+08:00,142813,22900295,0,Wh,101,20.0,False
2025-04-12T05:00:00+08:00,142813,22900322,0,Wh,101,20.0,False
2025-04-12T05:20:00+08:00,142813,22900343,0,Wh,101,20.0,False
2025-04-12T05:40:00+08:00,142813,22900366,0,Wh,101,20.0,False
2025-04-12T06:00:00+08:00,142813,22900393,0,Wh,101,20.0,False
2025-04-12T06:20:00+08:00,142813,22900410,0,Wh,101,20.0,False
2025-04-12T06:40:00+08:00,142813,22900437,0,Wh,101,20.0,False
2025-04-12T07:00:00+08:00,142813,22900460,0,Wh,101,20.0,False
2025-04-12T07:20:00+08:00,142813,22900481,0,Wh,101,20.0,False
2025-04-12T07:40:00+08:00,142813,22900508,0,Wh,101,20.0,False
2025-04-12T08:00:00+08:00,142813,22900525,0,Wh,101,20.0,False
2025-04-12T08:20:00+08:00,142813,22900552,0,Wh,101,20.0,False
2025-04-12T08:40:00+08:00,142813,22900574,0,Wh,101,20.0,False
2025-04-12T09:00:00+08:00,142813,22900595,0,Wh,101,20.0,False
2025-04-12T09:20:00+08:00,142813,22900622,0,Wh,101,20.0,False
2025-04-12T09:40:00+08:00,142813,22900639,0,Wh,101,20.0,False
2025-04-12T10:00:00+08:00,142813,22900666,0,Wh,101,20.0,False
2025-04-12T10:20:00+08:00,142813,22901080,0,Wh,101,20.0,False
2025-04-12T10:40:00+08:00,142813,22901101,0,Wh,101,20.0,False
2025-04-12T11:00:00+08:00,142813,22901127,0,Wh,101,20.0,False
2025-04-12T11:20:00+08:00,142813,22901172,0,Wh,101,20.0,False
2025-04-12T11:40:00+08:00,142813,22901269,0,Wh,101,20.0,False
2025-04-12T12:00:00+08:00,142813,22901497,0,Wh,101,20.0,False
2025-04-12T12:20:00+08:00,142813,22901593,0,Wh,101,20.0,False
2025-04-12T12:40:00+08:00,142813,22901696,0,Wh,101,20.0,False
2025-04-12T13:00:00+08:00,142813,22901847,0,Wh,101,20.0,False
2025-04-12T13:20:00+08:00,142813,22901950,0,Wh,101,20.0,False
2025-04-12T13:40:00+08:00,142813,22902072,0,Wh,101,20.0,False
2025-04-12T14:00:00+08:00,142813,22902614,0,Wh,101,20.0,False
2025-04-12T14:20:00+08:00,142813,22903167,0,Wh,101,20.0,False
2025-04-12T14:40:00+08:00,142813,22904521,0,Wh,101,20.0,False
2025-04-12T15:00:00+08:00,142813,22905130,0,Wh,101,20.0,False
2025-04-12T15:20:00+08:00,142813,22905658,0,Wh,101,20.0,False
2025-04-12T15:40:00+08:00,142813,22906178,0,Wh,101,20.0,False
2025-04-12T16:00:00+08:00,142813,22906701,0,Wh,101,20.0,False
2025-04-12T16:20:00+08:00,142813,22907200,0,Wh,101,20.0,False
2025-04-12T16:40:00+08:00,142813,22907783,0,Wh,101,20.0,False
2025-04-12T17:00:00+08:00,142813,22908272,0,Wh,101,20.0,False
2025-04-12T17:20:00+08:00,142813,22908753,0,Wh,101,20.0,False
2025-04-12T17:40:00+08:00,142813,22909219,0,Wh,101,20.0,False
2025-04-12T18:00:00+08:00,142813,22909675,0,Wh,101,20.0,False
2025-04-12T18:20:00+08:00,142813,22910117,0,Wh,101,20.0,False
2025-04-12T18:40:00+08:00,142813,22910475,0,Wh,101,20.0,False
2025-04-12T19:00:00+08:00,142813,22911568,0,Wh,101,20.0,False
2025-04-12T19:20:00+08:00,142813,22911757,0,Wh,101,20.0,False
2025-04-12T19:40:00+08:00,142813,22911953,0,Wh,101,20.0,False
2025-04-12T20:00:00+08:00,142813,22912134,0,Wh,101,20.0,False
2025-04-12T20:20:00+08:00,142813,22912411,0,Wh,101,20.0,False
2025-04-12T20:40:00+08:00,142813,22912749,0,Wh,101,20.0,False
2025-04-12T21:00:00+08:00,142813,22913108,0,Wh,101,20.0,False
2025-04-12T21:20:00+08:00,142813,22913283,0,Wh,101,20.0,False
2025-04-12T21:40:00+08:00,142813,22913529,0,Wh,101,20.0,False
2025-04-12T22:00:00+08:00,142813,22913737,0,Wh,101,20.0,False
2025-04-12T22:20:00+08:00,142813,22913942,0,Wh,101,20.0,False
2025-04-12T22:40:00+08:00,142813,22914147,0,Wh,101,20.0,False
2025-04-12T23:00:00+08:00,142813,22914342,0,Wh,101,20.0,False
2025-04-12T23:20:00+08:00,142813,22914538,0,Wh,101,20.0,False
2025-04-12T23:40:00+08:00,142813,22914754,0,Wh,101,20.0,False
2025-04-13T00:00:00+08:00,142813,22914930,0,Wh,101,20.0,False
2025-04-13T00:20:00+08:00,142813,22915092,0,Wh,101,20.0,False
2025-04-13T00:40:00+08:00,142813,22915211,0,Wh,101,20.0,False
2025-04-13T01:00:00+08:00,142813,22915390,0,Wh,101,20.0,False
2025-04-13T01:20:00+08:00,142813,22915555,0,Wh,101,20.0,False
2025-04-13T01:40:00+08:00,142813,22915583,0,Wh,101,20.0,False
2025-04-13T02:00:00+08:00,142813,22915609,0,Wh,101,20.0,False
2025-04-13T02:20:00+08:00,142813,22915627,0,Wh,101,20.0,False
2025-04-13T02:40:00+08:00,142813,22915654,0,Wh,101,20.0,False
2025-04-13T03:00:00+08:00,142813,22915963,0,Wh,101,20.0,False
2025-04-13T03:20:00+08:00,142813,22916036,0,Wh,101,20.0,False
2025-04-13T03:40:00+08:00,142813,22916063,0,Wh,101,20.0,False
2025-04-13T04:00:00+08:00,142813,22916081,0,Wh,101,20.0,False
2025-04-13T04:20:00+08:00,142813,22916108,0,Wh,101,20.0,False
2025-04-13T04:40:00+08:00,142813,22916131,0,Wh,101,20.0,False
2025-04-13T05:00:00+08:00,142813,22916153,0,Wh,101,20.0,False
2025-04-13T05:20:00+08:00,142813,22916179,0,Wh,101,20.0,False
2025-04-13T05:40:00+08:00,142813,22916197,0,Wh,101,20.0,False
2025-04-13T06:00:00+08:00,142813,22916224,0,Wh,101,20.0,False
2025-04-13T06:20:00+08:00,142813,22916246,0,Wh,101,20.0,False
2025-04-13T06:40:00+08:00,142813,22916268,0,Wh,101,20.0,False
2025-04-13T07:00:00+08:00,142813,22916295,0,Wh,101,20.0,False
2025-04-13T07:20:00+08:00,142813,22916312,0,Wh,101,20.0,False
2025-04-13T07:40:00+08:00,142813,22916339,0,Wh,101,20.0,False
2025-04-13T08:00:00+08:00,142813,22916358,0,Wh,101,20.0,False
2025-04-13T08:20:00+08:00,142813,22916384,0,Wh,101,20.0,False
2025-04-13T08:40:00+08:00,142813,22916409,0,Wh,101,20.0,False
2025-04-13T09:00:00+08:00,142813,22916428,0,Wh,101,20.0,False
2025-04-13T09:20:00+08:00,142813,22916455,0,Wh,101,20.0,False
2025-04-13T09:40:00+08:00,142813,22916941,0,Wh,101,20.0,False
2025-04-13T10:00:00+08:00,142813,22917112,0,Wh,101,20.0,False
2025-04-13T10:20:00+08:00,142813,22917214,0,Wh,101,20.0,False
2025-04-13T10:40:00+08:00,142813,22917309,0,Wh,101,20.0,False
2025-04-13T11:00:00+08:00,142813,22917469,0,Wh,101,20.0,False
2025-04-13T11:20:00+08:00,142813,22917575,0,Wh,101,20.0,False
2025-04-13T11:40:00+08:00,142813,22917673,0,Wh,101,20.0,False
2025-04-13T12:00:00+08:00,142813,22918072,0,Wh,101,20.0,False
2025-04-13T12:20:00+08:00,142813,22918622,0,Wh,101,20.0,False
2025-04-13T12:40:00+08:00,142813,22919738,0,Wh,101,20.0,False
2025-04-13T13:00:00+08:00,142813,22920521,0,Wh,101,20.0,False
2025-04-13T13:20:00+08:00,142813,22920643,0,Wh,101,20.0,False
2025-04-13T13:40:00+08:00,142813,22920772,0,Wh,101,20.0,False
2025-04-13T14:00:00+08:00,142813,22920957,0,Wh,101,20.0,False
2025-04-13T14:20:00+08:00,142813,22921074,0,Wh,101,20.0,False
2025-04-13T14:40:00+08:00,142813,22921201,0,Wh,101,20.0,False
2025-04-13T15:00:00+08:00,142813,22921322,0,Wh,101,20.0,False
2025-04-13T15:20:00+08:00,142813,22921777,0,Wh,101,20.0,False
2025-04-13T15:40:00+08:00,142813,22922309,0,Wh,101,20.0,False
2025-04-13T16:00:00+08:00,142813,22922796,0,Wh,101,20.0,False
2025-04-13T16:20:00+08:00,142813,22923662,0,Wh,101,20.0,False
2025-04-13T16:40:00+08:00,142813,22924113,0,Wh,101,20.0,False
2025-04-13T17:00:00+08:00,142813,22924592,0,Wh,101,20.0,False
2025-04-13T17:20:00+08:00,142813,22924995,0,Wh,101,20.0,False
2025-04-13T17:40:00+08:00,142813,22925275,0,Wh,101,20.0,False
2025-04-13T18:00:00+08:00,142813,22925469,0,Wh,101,20.0,False
2025-04-13T18:20:00+08:00,142813,22925911,0,Wh,101,20.0,False
2025-04-13T18:40:00+08:00,142813,22926940,0,Wh,101,20.0,False
2025-04-13T19:00:00+08:00,142813,22927168,0,Wh,101,20.0,False
2025-04-13T19:20:00+08:00,142813,22927344,0,Wh,101,20.0,False
2025-04-13T19:40:00+08:00,142813,22927536,0,Wh,101,20.0,False
2025-04-13T20:00:00+08:00,142813,22927707,0,Wh,101,20.0,False
2025-04-13T20:20:00+08:00,142813,22927988,0,Wh,101,20.0,False
2025-04-13T20:40:00+08:00,142813,22928171,0,Wh,101,20.0,False
2025-04-13T21:00:00+08:00,142813,22928340,0,Wh,101,20.0,False
2025-04-13T21:20:00+08:00,142813,22928522,0,Wh,101,20.0,False
2025-04-13T21:40:00+08:00,142813,22928696,0,Wh,101,20.0,False
2025-04-13T22:00:00+08:00,142813,22929225,0,Wh,101,20.0,False
2025-04-13T22:20:00+08:00,142813,22929399,0,Wh,101,20.0,False
2025-04-13T22:40:00+08:00,142813,22929517,0,Wh,101,20.0,False
2025-04-13T23:00:00+08:00,142813,22929658,0,Wh,101,20.0,False
2025-04-13T23:20:00+08:00,142813,22929679,0,Wh,101,20.0,False
2025-04-13T23:40:00+08:00,142813,22929703,0,Wh,101,20.0,False
2025-04-14T00:00:00+08:00,142813,22929730,0,Wh,101,20.0,False
2025-04-14T00:20:00+08:00,142813,22929790,0,Wh,101,20.0,False
2025-04-14T00:40:00+08:00,142813,22929828,0,Wh,101,20.0,False
2025-04-14T01:00:00+08:00,142813,22929860,0,Wh,101,20.0,False
2025-04-14T01:20:00+08:00,142813,22929891,0,Wh,101,20.0,False
2025-04-14T01:40:00+08:00,142813,22929922,0,Wh,101,20.0,False
2025-04-14T02:00:00+08:00,142813,22929951,0,Wh,101,20.0,False
2025-04-14T02:20:00+08:00,142813,22929981,0,Wh,101,20.0,False
2025-04-14T02:40:00+08:00,142813,22930009,0,Wh,101,20.0,False
2025-04-14T03:00:00+08:00,142813,22930048,0,Wh,101,20.0,False
2025-04-14T03:20:00+08:00,142813,22930070,0,Wh,101,20.0,False
2025-04-14T03:40:00+08:00,142813,22930108,0,Wh,101,20.0,False
2025-04-14T04:00:00+08:00,142813,22930127,0,Wh,101,20.0,False
2025-04-14T04:20:00+08:00,142813,22930156,0,Wh,101,20.0,False
2025-04-14T04:40:00+08:00,142813,22930174,0,Wh,101,20.0,False
2025-04-14T05:00:00+08:00,142813,22930198,0,Wh,101,20.0,False
2025-04-14T05:20:00+08:00,142813,22930224,0,Wh,101,20.0,False
2025-04-14T05:40:00+08:00,142813,22930241,0,Wh,101,20.0,False
2025-04-14T06:00:00+08:00,142813,22930644,0,Wh,101,20.0,False
2025-04-14T06:20:00+08:00,142813,22930664,0,Wh,101,20.0,False
2025-04-14T06:40:00+08:00,142813,22930688,0,Wh,101,20.0,False
2025-04-14T07:00:00+08:00,142813,22930714,0,Wh,101,20.0,False
2025-04-14T07:20:00+08:00,142813,22930731,0,Wh,101,20.0,False
2025-04-14T07:40:00+08:00,142813,22930758,0,Wh,101,20.0,False
2025-04-14T08:00:00+08:00,142813,22930776,0,Wh,101,20.0,False
2025-04-14T08:20:00+08:00,142813,22930803,0,Wh,101,20.0,False
2025-04-14T08:40:00+08:00,142813,22930827,0,Wh,101,20.0,False
2025-04-14T09:00:00+08:00,142813,22930846,0,Wh,101,20.0,False
2025-04-14T09:20:00+08:00,142813,22930873,0,Wh,101,20.0,False
2025-04-14T09:40:00+08:00,142813,22930889,0,Wh,101,20.0,False
2025-04-14T10:00:00+08:00,142813,22930916,0,Wh,101,20.0,False
2025-04-14T10:20:00+08:00,142813,22930939,0,Wh,101,20.0,False
2025-04-14T10:40:00+08:00,142813,22931022,0,Wh,101,20.0,False
2025-04-14T11:00:00+08:00,142813,22931247,0,Wh,101,20.0,False
2025-04-14T11:20:00+08:00,142813,22931348,0,Wh,101,20.0,False
2025-04-14T11:40:00+08:00,142813,22931449,0,Wh,101,20.0,False
2025-04-14T12:00:00+08:00,142813,22931552,0,Wh,101,20.0,False
2025-04-14T12:20:00+08:00,142813,22931751,0,Wh,101,20.0,False
2025-04-14T12:40:00+08:00,142813,22932793,0,Wh,101,20.0,False
2025-04-14T13:00:00+08:00,142813,22932898,0,Wh,101,20.0,False
2025-04-14T13:20:00+08:00,142813,22933005,0,Wh,101,20.0,False
2025-04-14T13:40:00+08:00,142813,22933109,0,Wh,101,20.0,False
2025-04-14T14:00:00+08:00,142813,22933212,0,Wh,101,20.0,False
2025-04-14T14:20:00+08:00,142813,22933330,0,Wh,101,20.0,False
2025-04-14T14:40:00+08:00,142813,22933427,0,Wh,101,20.0,False
2025-04-14T15:00:00+08:00,142813,22934304,0,Wh,101,20.0,False
2025-04-14T15:20:00+08:00,142813,22934716,0,Wh,101,20.0,False
2025-04-14T15:40:00+08:00,142813,22934827,0,Wh,101,20.0,False
2025-04-14T16:00:00+08:00,142813,22935102,0,Wh,101,20.0,False
2025-04-14T16:20:00+08:00,142813,22935138,0,Wh,101,20.0,False
2025-04-14T16:40:00+08:00,142813,22935188,0,Wh,101,20.0,False
2025-04-14T17:00:00+08:00,142813,22935991,0,Wh,101,20.0,False
2025-04-14T17:20:00+08:00,142813,22937441,0,Wh,101,20.0,False
2025-04-14T17:40:00+08:00,142813,22938348,0,Wh,101,20.0,False
2025-04-14T18:00:00+08:00,142813,22938795,0,Wh,101,20.0,False
2025-04-14T18:20:00+08:00,142813,22939352,0,Wh,101,20.0,False
2025-04-14T18:40:00+08:00,142813,22940099,0,Wh,101,20.0,False
2025-04-14T19:00:00+08:00,142813,22941082,0,Wh,101,20.0,False
2025-04-14T19:20:00+08:00,142813,22942062,0,Wh,101,20.0,False
2025-04-14T19:40:00+08:00,142813,22942864,0,Wh,101,20.0,False
2025-04-14T20:00:00+08:00,142813,22943055,0,Wh,101,20.0,False
2025-04-14T20:20:00+08:00,142813,22943978,0,Wh,101,20.0,False
2025-04-14T20:40:00+08:00,142813,22944249,0,Wh,101,20.0,False
2025-04-14T21:00:00+08:00,142813,22944418,0,Wh,101,20.0,False
2025-04-14T21:20:00+08:00,142813,22944595,0,Wh,101,20.0,False
2025-04-14T21:40:00+08:00,142813,22944761,0,Wh,101,20.0,False
2025-04-14T22:00:00+08:00,142813,22944963,0,Wh,101,20.0,False
2025-04-14T22:20:00+08:00,142813,22945435,0,Wh,101,20.0,False
2025-04-14T22:40:00+08:00,142813,22945613,0,Wh,101,20.0,False
2025-04-14T23:00:00+08:00,142813,22945762,0,Wh,101,20.0,False
2025-04-14T23:20:00+08:00,142813,22945878,0,Wh,101,20.0,False
2025-04-14T23:40:00+08:00,142813,22945986,0,Wh,101,20.0,False
2025-04-15T00:00:00+08:00,142813,22946148,0,Wh,101,20.0,False
2025-04-07T00:20:00+08:00,142814,23118017,0,Wh,102,20.0,False
2025-04-07T00:40:00+08:00,142814,23118058,0,Wh,102,20.0,False
2025-04-07T01:00:00+08:00,142814,23118138,0,Wh,102,20.0,False
2025-04-07T01:20:00+08:00,142814,23118198,0,Wh,102,20.0,False
2025-04-07T01:40:00+08:00,142814,23118253,0,Wh,102,20.0,False
2025-04-07T02:00:00+08:00,142814,23118321,0,Wh,102,20.0,False
2025-04-07T02:20:00+08:00,142814,23118379,0,Wh,102,20.0,False
2025-04-07T02:40:00+08:00,142814,23118427,0,Wh,102,20.0,False
2025-04-07T03:00:00+08:00,142814,23118473,0,Wh,102,20.0,False
2025-04-07T03:20:00+08:00,142814,23118519,0,Wh,102,20.0,False
2025-04-07T03:40:00+08:00,142814,23118563,0,Wh,102,20.0,False
2025-04-07T04:00:00+08:00,142814,23118615,0,Wh,102,20.0,False
2025-04-07T04:20:00+08:00,142814,23119042,0,Wh,102,20.0,False
2025-04-07T04:40:00+08:00,142814,23119090,0,Wh,102,20.0,False
2025-04-07T05:00:00+08:00,142814,23119137,0,Wh,102,20.0,False
2025-04-07T05:20:00+08:00,142814,23119179,0,Wh,102,20.0,False
2025-04-07T05:40:00+08:00,142814,23119219,0,Wh,102,20.0,False
2025-04-07T06:00:00+08:00,142814,23119268,0,Wh,102,20.0,False
2025-04-07T06:20:00+08:00,142814,23119305,0,Wh,102,20.0,False
2025-04-07T06:40:00+08:00,142814,23119343,0,Wh,102,20.0,False
2025-04-07T07:00:00+08:00,142814,23119364,0,Wh,102,20.0,False
2025-04-07T07:20:00+08:00,142814,23119385,0,Wh,102,20.0,False
2025-04-07T07:40:00+08:00,142814,23119405,0,Wh,102,20.0,False
2025-04-07T08:00:00+08:00,142814,23119425,0,Wh,102,20.0,False
2025-04-07T08:20:00+08:00,142814,23119446,0,Wh,102,20.0,False
2025-04-07T08:40:00+08:00,142814,23119844,0,Wh,102,20.0,False
2025-04-07T09:00:00+08:00,142814,23119873,0,Wh,102,20.0,False
2025-04-07T09:20:00+08:00,142814,23119892,0,Wh,102,20.0,False
2025-04-07T09:40:00+08:00,142814,23119910,0,Wh,102,20.0,False
2025-04-07T10:00:00+08:00,142814,23119924,0,Wh,102,20.0,False
2025-04-07T10:20:00+08:00,142814,23119982,0,Wh,102,20.0,False
2025-04-07T10:40:00+08:00,142814,23120020,0,Wh,102,20.0,False
2025-04-07T11:00:00+08:00,142814,23120063,0,Wh,102,20.0,False
2025-04-07T11:20:00+08:00,142814,23120090,0,Wh,102,20.0,False
2025-04-07T11:40:00+08:00,142814,23120110,0,Wh,102,20.0,False
2025-04-07T12:00:00+08:00,142814,23120130,0,Wh,102,20.0,False
2025-04-07T12:20:00+08:00,142814,23120149,0,Wh,102,20.0,False
2025-04-07T12:40:00+08:00,142814,23120168,0,Wh,102,20.0,False
2025-04-07T13:00:00+08:00,142814,23120200,0,Wh,102,20.0,False
2025-04-07T13:20:00+08:00,142814,23120235,0,Wh,102,20.0,False
2025-04-07T13:40:00+08:00,142814,23120253,0,Wh,102,20.0,False
2025-04-07T14:00:00+08:00,142814,23120271,0,Wh,102,20.0,False
2025-04-07T14:20:00+08:00,142814,23120288,0,Wh,102,20.0,False
2025-04-07T14:40:00+08:00,142814,23120305,0,Wh,102,20.0,False
2025-04-07T15:00:00+08:00,142814,23120324,0,Wh,102,20.0,False
2025-04-07T15:20:00+08:00,142814,23120360,0,Wh,102,20.0,False
2025-04-07T15:40:00+08:00,142814,23120387,0,Wh,102,20.0,False
2025-04-07T16:00:00+08:00,142814,23120404,0,Wh,102,20.0,False
2025-04-07T16:20:00+08:00,142814,23120421,0,Wh,102,20.0,False
2025-04-07T16:40:00+08:00,142814,23120438,0,Wh,102,20.0,False
2025-04-07T17:00:00+08:00,142814,23120455,0,Wh,102,20.0,False
2025-04-07T17:20:00+08:00,142814,23120483,0,Wh,102,20.0,False
2025-04-07T17:40:00+08:00,142814,23120708,0,Wh,102,20.0,False
2025-04-07T18:00:00+08:00,142814,23121772,0,Wh,102,20.0,False
2025-04-07T18:20:00+08:00,142814,23122023,0,Wh,102,20.0,False
2025-04-07T18:40:00+08:00,142814,23122244,0,Wh,102,20.0,False
2025-04-07T19:00:00+08:00,142814,23123301,0,Wh,102,20.0,False
2025-04-07T19:20:00+08:00,142814,23124605,0,Wh,102,20.0,False
2025-04-07T19:40:00+08:00,142814,23124842,0,Wh,102,20.0,False
2025-04-07T20:00:00+08:00,142814,23125081,0,Wh,102,20.0,False
2025-04-07T20:20:00+08:00,142814,23126155,0,Wh,102,20.0,False
2025-04-07T20:40:00+08:00,142814,23126872,0,Wh,102,20.0,False
2025-04-07T21:00:00+08:00,142814,23127049,0,Wh,102,20.0,False
2025-04-07T21:20:00+08:00,142814,23127209,0,Wh,102,20.0,False
2025-04-07T21:40:00+08:00,142814,23127381,0,Wh,102,20.0,False
2025-04-07T22:00:00+08:00,142814,23127868,0,Wh,102,20.0,False
2025-04-07T22:20:00+08:00,142814,23128264,0,Wh,102,20.0,False
2025-04-07T22:40:00+08:00,142814,23128415,0,Wh,102,20.0,False
2025-04-07T23:00:00+08:00,142814,23128557,0,Wh,102,20.0,False
2025-04-07T23:20:00+08:00,142814,23128703,0,Wh,102,20.0,False
2025-04-07T23:40:00+08:00,142814,23128841,0,Wh,102,20.0,False
2025-04-08T00:00:00+08:00,142814,23128986,0,Wh,102,20.0,False
2025-04-08T00:20:00+08:00,142814,23129136,0,Wh,102,20.0,False
2025-04-08T00:40:00+08:00,142814,23129263,0,Wh,102,20.0,False
2025-04-08T01:00:00+08:00,142814,23129372,0,Wh,102,20.0,False
2025-04-08T01:20:00+08:00,142814,23129499,0,Wh,102,20.0,False
2025-04-08T01:40:00+08:00,142814,23129605,0,Wh,102,20.0,False
2025-04-08T02:00:00+08:00,142814,23129716,0,Wh,102,20.0,False
2025-04-08T02:20:00+08:00,142814,23129840,0,Wh,102,20.0,False
2025-04-08T02:40:00+08:00,142814,23129964,0,Wh,102,20.0,False
2025-04-08T03:00:00+08:00,142814,23130073,0,Wh,102,20.0,False
2025-04-08T03:20:00+08:00,142814,23130183,0,Wh,102,20.0,False
2025-04-08T03:40:00+08:00,142814,23130293,0,Wh,102,20.0,False
2025-04-08T04:00:00+08:00,142814,23130398,0,Wh,102,20.0,False
2025-04-08T04:20:00+08:00,142814,23130501,0,Wh,102,20.0,False
2025-04-08T04:40:00+08:00,142814,23131020,0,Wh,102,20.0,False
2025-04-08T05:00:00+08:00,142814,23131124,0,Wh,102,20.0,False
2025-04-08T05:20:00+08:00,142814,23131193,0,Wh,102,20.0,False
2025-04-08T05:40:00+08:00,142814,23131241,0,Wh,102,20.0,False
2025-04-08T06:00:00+08:00,142814,23131273,0,Wh,102,20.0,False
2025-04-08T06:20:00+08:00,142814,23131292,0,Wh,102,20.0,False
2025-04-08T06:40:00+08:00,142814,23131311,0,Wh,102,20.0,False
2025-04-08T07:00:00+08:00,142814,23131346,0,Wh,102,20.0,False
2025-04-08T07:20:00+08:00,142814,23131374,0,Wh,102,20.0,False
2025-04-08T07:40:00+08:00,142814,23131391,0,Wh,102,20.0,False
2025-04-08T08:00:00+08:00,142814,23131407,0,Wh,102,20.0,False
2025-04-08T08:20:00+08:00,142814,23131423,0,Wh,102,20.0,False
2025-04-08T08:40:00+08:00,142814,23131440,0,Wh,102,20.0,False
2025-04-08T09:00:00+08:00,142814,23131458,0,Wh,102,20.0,False
2025-04-08T09:20:00+08:00,142814,23131494,0,Wh,102,20.0,False
2025-04-08T09:40:00+08:00,142814,23131522,0,Wh,102,20.0,False
2025-04-08T10:00:00+08:00,142814,23131539,0,Wh,102,20.0,False
2025-04-08T10:20:00+08:00,142814,23131557,0,Wh,102,20.0,False
2025-04-08T10:40:00+08:00,142814,23131575,0,Wh,102,20.0,False
2025-04-08T11:00:00+08:00,142814,23131593,0,Wh,102,20.0,False
2025-04-08T11:20:00+08:00,142814,23131652,0,Wh,102,20.0,False
2025-04-08T11:40:00+08:00,142814,23131704,0,Wh,102,20.0,False
2025-04-08T12:00:00+08:00,142814,23131905,0,Wh,102,20.0,False
2025-04-08T12:20:00+08:00,142814,23132154,0,Wh,102,20.0,False
2025-04-08T12:40:00+08:00,142814,23132173,0,Wh,102,20.0,False
2025-04-08T13:00:00+08:00,142814,23132191,0,Wh,102,20.0,False
2025-04-08T13:20:00+08:00,142814,23132209,0,Wh,102,20.0,False
2025-04-08T13:40:00+08:00,142814,23132232,0,Wh,102,20.0,False
2025-04-08T14:00:00+08:00,142814,23132267,0,Wh,102,20.0,False
2025-04-08T14:20:00+08:00,142814,23132291,0,Wh,102,20.0,False
2025-04-08T14:40:00+08:00,142814,23132307,0,Wh,102,20.0,False
2025-04-08T15:00:00+08:00,142814,23132324,0,Wh,102,20.0,False
2025-04-08T15:20:00+08:00,142814,23132341,0,Wh,102,20.0,False
2025-04-08T15:40:00+08:00,142814,23132359,0,Wh,102,20.0,False
2025-04-08T16:00:00+08:00,142814,23132387,0,Wh,102,20.0,False
2025-04-08T16:20:00+08:00,142814,23132423,0,Wh,102,20.0,False
2025-04-08T16:40:00+08:00,142814,23132445,0,Wh,102,20.0,False
2025-04-08T17:00:00+08:00,142814,23132464,0,Wh,102,20.0,False
2025-04-08T17:20:00+08:00,142814,23132490,0,Wh,102,20.0,False
2025-04-08T17:40:00+08:00,142814,23133186,0,Wh,102,20.0,False
2025-04-08T18:00:00+08:00,142814,23133543,0,Wh,102,20.0,False
2025-04-08T18:20:00+08:00,142814,23134521,0,Wh,102,20.0,False
2025-04-08T18:40:00+08:00,142814,23136344,0,Wh,102,20.0,False
2025-04-08T19:00:00+08:00,142814,23137432,0,Wh,102,20.0,False
2025-04-08T19:20:00+08:00,142814,23137665,0,Wh,102,20.0,False
2025-04-08T19:40:00+08:00,142814,23138052,0,Wh,102,20.0,False
2025-04-08T20:00:00+08:00,142814,23138283,0,Wh,102,20.0,False
2025-04-08T20:20:00+08:00,142814,23138886,0,Wh,102,20.0,False
2025-04-08T20:40:00+08:00,142814,23139287,0,Wh,102,20.0,False
2025-04-08T21:00:00+08:00,142814,23139452,0,Wh,102,20.0,False
2025-04-08T21:20:00+08:00,142814,23139513,0,Wh,102,20.0,False
2025-04-08T21:40:00+08:00,142814,23139558,0,Wh,102,20.0,False
2025-04-08T22:00:00+08:00,142814,23139608,0,Wh,102,20.0,False
2025-04-08T22:20:00+08:00,142814,23139677,0,Wh,102,20.0,False
2025-04-08T22:40:00+08:00,142814,23139738,0,Wh,102,20.0,False
2025-04-08T23:00:00+08:00,142814,23139789,0,Wh,102,20.0,False
2025-04-08T23:20:00+08:00,142814,23139836,0,Wh,102,20.0,False
2025-04-08T23:40:00+08:00,142814,23139883,0,Wh,102,20.0,False
2025-04-09T00:00:00+08:00,142814,23139929,0,Wh,102,20.0,False
2025-04-09T00:20:00+08:00,142814,23139988,0,Wh,102,20.0,False
2025-04-09T00:40:00+08:00,142814,23140049,0,Wh,102,20.0,False
2025-04-09T01:00:00+08:00,142814,23140092,0,Wh,102,20.0,False
2025-04-09T01:20:00+08:00,142814,23140522,0,Wh,102,20.0,False
2025-04-09T01:40:00+08:00,142814,23140564,0,Wh,102,20.0,False
2025-04-09T02:00:00+08:00,142814,23140610,0,Wh,102,20.0,False
2025-04-09T02:20:00+08:00,142814,23140660,0,Wh,102,20.0,False
2025-04-09T02:40:00+08:00,142814,23140722,0,Wh,102,20.0,False
2025-04-09T03:00:00+08:00,142814,23140772,0,Wh,102,20.0,False
2025-04-09T03:20:00+08:00,142814,23140815,0,Wh,102,20.0,False
2025-04-09T03:40:00+08:00,142814,23140858,0,Wh,102,20.0,False
2025-04-09T04:00:00+08:00,142814,23140896,0,Wh,102,20.0,False
2025-04-09T04:20:00+08:00,142814,23140981,0,Wh,102,20.0,False
2025-04-09T04:40:00+08:00,142814,23141056,0,Wh,102,20.0,False
2025-04-09T05:00:00+08:00,142814,23141124,0,Wh,102,20.0,False
2025-04-09T05:20:00+08:00,142814,23141180,0,Wh,102,20.0,False
2025-04-09T05:40:00+08:00,142814,23141228,0,Wh,102,20.0,False
2025-04-09T06:00:00+08:00,142814,23141285,0,Wh,102,20.0,False
2025-04-09T06:20:00+08:00,142814,23141311,0,Wh,102,20.0,False
2025-04-09T06:40:00+08:00,142814,23141342,0,Wh,102,20.0,False
2025-04-09T07:00:00+08:00,142814,23141383,0,Wh,102,20.0,False
2025-04-09T07:20:00+08:00,142814,23141411,0,Wh,102,20.0,False
2025-04-09T07:40:00+08:00,142814,23141433,0,Wh,102,20.0,False
2025-04-09T08:00:00+08:00,142814,23141454,0,Wh,102,20.0,False
2025-04-09T08:20:00+08:00,142814,23141475,0,Wh,102,20.0,False
2025-04-09T08:40:00+08:00,142814,23141495,0,Wh,102,20.0,False
2025-04-09T09:00:00+08:00,142814,23141531,0,Wh,102,20.0,False
2025-04-09T09:20:00+08:00,142814,23141567,0,Wh,102,20.0,False
2025-04-09T09:40:00+08:00,142814,23141586,0,Wh,102,20.0,False
2025-04-09T10:00:00+08:00,142814,23141606,0,Wh,102,20.0,False
2025-04-09T10:20:00+08:00,142814,23141625,0,Wh,102,20.0,False
2025-04-09T10:40:00+08:00,142814,23141644,0,Wh,102,20.0,False
2025-04-09T11:00:00+08:00,142814,23141668,0,Wh,102,20.0,False
2025-04-09T11:20:00+08:00,142814,23142143,0,Wh,102,20.0,False
2025-04-09T11:40:00+08:00,142814,23142169,0,Wh,102,20.0,False
2025-04-09T12:00:00+08:00,142814,23142188,0,Wh,102,20.0,False
2025-04-09T12:20:00+08:00,142814,23142207,0,Wh,102,20.0,False
2025-04-09T12:40:00+08:00,142814,23142225,0,Wh,102,20.0,False
2025-04-09T13:00:00+08:00,142814,23142244,0,Wh,102,20.0,False
2025-04-09T13:20:00+08:00,142814,23142276,0,Wh,102,20.0,False
2025-04-09T13:40:00+08:00,142814,23142313,0,Wh,102,20.0,False
2025-04-09T14:00:00+08:00,142814,23142332,0,Wh,102,20.0,False
2025-04-09T14:20:00+08:00,142814,23142351,0,Wh,102,20.0,False
2025-04-09T14:40:00+08:00,142814,23142370,0,Wh,102,20.0,False
2025-04-09T15:00:00+08:00,142814,23142389,0,Wh,102,20.0,False
2025-04-09T15:20:00+08:00,142814,23142410,0,Wh,102,20.0,False
2025-04-09T15:40:00+08:00,142814,23142448,0,Wh,102,20.0,False
2025-04-09T16:00:00+08:00,142814,23142600,0,Wh,102,20.0,False
2025-04-09T16:20:00+08:00,142814,23142951,0,Wh,102,20.0,False
2025-04-09T16:40:00+08:00,142814,23143248,0,Wh,102,20.0,False
2025-04-09T17:00:00+08:00,142814,23143513,0,Wh,102,20.0,False
2025-04-09T17:20:00+08:00,142814,23143754,0,Wh,102,20.0,False
2025-04-09T17:40:00+08:00,142814,23143994,0,Wh,102,20.0,False
2025-04-09T18:00:00+08:00,142814,23145313,0,Wh,102,20.0,False
2025-04-09T18:20:00+08:00,142814,23146029,0,Wh,102,20.0,False
2025-04-09T18:40:00+08:00,142814,23146478,0,Wh,102,20.0,False
2025-04-09T19:00:00+08:00,142814,23147277,0,Wh,102,20.0,False
2025-04-09T19:20:00+08:00,142814,23148076,0,Wh,102,20.0,False
2025-04-09T19:40:00+08:00,142814,23148880,0,Wh,102,20.0,False
2025-04-09T20:00:00+08:00,142814,23149605,0,Wh,102,20.0,False
2025-04-09T20:20:00+08:00,142814,23149973,0,Wh,102,20.0,False
2025-04-09T20:40:00+08:00,142814,23150202,0,Wh,102,20.0,False
2025-04-09T21:00:00+08:00,142814,23150416,0,Wh,102,20.0,False
2025-04-09T21:20:00+08:00,142814,23150841,0,Wh,102,20.0,False
2025-04-09T21:40:00+08:00,142814,23151255,0,Wh,102,20.0,False
2025-04-09T22:00:00+08:00,142814,23151447,0,Wh,102,20.0,False
2025-04-09T22:20:00+08:00,142814,23151624,0,Wh,102,20.0,False
2025-04-09T22:40:00+08:00,142814,23151779,0,Wh,102,20.0,False
2025-04-09T23:00:00+08:00,142814,23152367,0,Wh,102,20.0,False
2025-04-09T23:20:00+08:00,142814,23152495,0,Wh,102,20.0,False
2025-04-09T23:40:00+08:00,142814,23152631,0,Wh,102,20.0,False
2025-04-10T00:00:00+08:00,142814,23152740,0,Wh,102,20.0,False
2025-04-10T00:20:00+08:00,142814,23152861,0,Wh,102,20.0,False
2025-04-10T00:40:00+08:00,142814,23152988,0,Wh,102,20.0,False
2025-04-10T01:00:00+08:00,142814,23153096,0,Wh,102,20.0,False
2025-04-10T01:20:00+08:00,142814,23153204,0,Wh,102,20.0,False
2025-04-10T01:40:00+08:00,142814,23153309,0,Wh,102,20.0,False
2025-04-10T02:00:00+08:00,142814,23153415,0,Wh,102,20.0,False
2025-04-10T02:20:00+08:00,142814,23153517,0,Wh,102,20.0,False
2025-04-10T02:40:00+08:00,142814,23153626,0,Wh,102,20.0,False
2025-04-10T03:00:00+08:00,142814,23153734,0,Wh,102,20.0,False
2025-04-10T03:20:00+08:00,142814,23153829,0,Wh,102,20.0,False
2025-04-10T03:40:00+08:00,142814,23153932,0,Wh,102,20.0,False
2025-04-10T04:00:00+08:00,142814,23154034,0,Wh,102,20.0,False
2025-04-10T04:20:00+08:00,142814,23154129,0,Wh,102,20.0,False
2025-04-10T04:40:00+08:00,142814,23154223,0,Wh,102,20.0,False
2025-04-10T05:00:00+08:00,142814,23154335,0,Wh,102,20.0,False
2025-04-10T05:20:00+08:00,142814,23154819,0,Wh,102,20.0,False
2025-04-10T05:40:00+08:00,142814,23155696,0,Wh,102,20.0,False
2025-04-10T06:00:00+08:00,142814,23155741,0,Wh,102,20.0,False
2025-04-10T06:20:00+08:00,142814,23155760,0,Wh,102,20.0,False
2025-04-10T06:40:00+08:00,142814,23155779,0,Wh,102,20.0,False
2025-04-10T07:00:00+08:00,142814,23155798,0,Wh,102,20.0,False
2025-04-10T07:20:00+08:00,142814,23155832,0,Wh,102,20.0,False
2025-04-10T07:40:00+08:00,142814,23155864,0,Wh,102,20.0,False
2025-04-10T08:00:00+08:00,142814,23155871,0,Wh,102,20.0,False
2025-04-10T08:20:00+08:00,142814,23155884,0,Wh,102,20.0,False
2025-04-10T08:40:00+08:00,142814,23155904,0,Wh,102,20.0,False
2025-04-10T09:00:00+08:00,142814,23155922,0,Wh,102,20.0,False
2025-04-10T09:20:00+08:00,142814,23155939,0,Wh,102,20.0,False
2025-04-10T09:40:00+08:00,142814,23155970,0,Wh,102,20.0,False
2025-04-10T10:00:00+08:00,142814,23156000,0,Wh,102,20.0,False
2025-04-10T10:20:00+08:00,142814,23156017,0,Wh,102,20.0,False
2025-04-10T10:40:00+08:00,142814,23156453,0,Wh,102,20.0,False
2025-04-10T11:00:00+08:00,142814,23156470,0,Wh,102,20.0,False
2025-04-10T11:20:00+08:00,142814,23156488,0,Wh,102,20.0,False
2025-04-10T11:40:00+08:00,142814,23156505,0,Wh,102,20.0,False
2025-04-10T12:00:00+08:00,142814,23156538,0,Wh,102,20.0,False
2025-04-10T12:20:00+08:00,142814,23156559,0,Wh,102,20.0,False
2025-04-10T12:40:00+08:00,142814,23156572,0,Wh,102,20.0,False
2025-04-10T13:00:00+08:00,142814,23156591,0,Wh,102,20.0,False
2025-04-10T13:20:00+08:00,142814,23156609,0,Wh,102,20.0,False
2025-04-10T13:40:00+08:00,142814,23156627,0,Wh,102,20.0,False
2025-04-10T14:00:00+08:00,142814,23156643,0,Wh,102,20.0,False
2025-04-10T14:20:00+08:00,142814,23156676,0,Wh,102,20.0,False
2025-04-10T14:40:00+08:00,142814,23156706,0,Wh,102,20.0,False
2025-04-10T15:00:00+08:00,142814,23156723,0,Wh,102,20.0,False
2025-04-10T15:20:00+08:00,142814,23156811,0,Wh,102,20.0,False
2025-04-10T15:40:00+08:00,142814,23157153,0,Wh,102,20.0,False
2025-04-10T16:00:00+08:00,142814,23157422,0,Wh,102,20.0,False
2025-04-10T16:20:00+08:00,142814,23157675,0,Wh,102,20.0,False
2025-04-10T16:40:00+08:00,142814,23157963,0,Wh,102,20.0,False
2025-04-10T17:00:00+08:00,142814,23158228,0,Wh,102,20.0,False
2025-04-10T17:20:00+08:00,142814,23158666,0,Wh,102,20.0,False
2025-04-10T17:40:00+08:00,142814,23159573,0,Wh,102,20.0,False
2025-04-10T18:00:00+08:00,142814,23159760,0,Wh,102,20.0,False
2025-04-10T18:20:00+08:00,142814,23159928,0,Wh,102,20.0,False
2025-04-10T18:40:00+08:00,142814,23160076,0,Wh,102,20.0,False
2025-04-10T19:00:00+08:00,142814,23160232,0,Wh,102,20.0,False
2025-04-10T19:20:00+08:00,142814,23160378,0,Wh,102,20.0,False
2025-04-10T19:40:00+08:00,142814,23160507,0,Wh,102,20.0,False
2025-04-10T20:00:00+08:00,142814,23160634,0,Wh,102,20.0,False
2025-04-10T20:20:00+08:00,142814,23161305,0,Wh,102,20.0,False
2025-04-10T20:40:00+08:00,142814,23161444,0,Wh,102,20.0,False
2025-04-10T21:00:00+08:00,142814,23162018,0,Wh,102,20.0,False
2025-04-10T21:20:00+08:00,142814,23162435,0,Wh,102,20.0,False
2025-04-10T21:40:00+08:00,142814,23162560,0,Wh,102,20.0,False
2025-04-10T22:00:00+08:00,142814,23162672,0,Wh,102,20.0,False
2025-04-10T22:20:00+08:00,142814,23162778,0,Wh,102,20.0,False
2025-04-10T22:40:00+08:00,142814,23162883,0,Wh,102,20.0,False
2025-04-10T23:00:00+08:00,142814,23162988,0,Wh,102,20.0,False
2025-04-10T23:20:00+08:00,142814,23163092,0,Wh,102,20.0,False
2025-04-10T23:40:00+08:00,142814,23163257,0,Wh,102,20.0,False
2025-04-11T00:00:00+08:00,142814,23163389,0,Wh,102,20.0,False
2025-04-11T00:20:00+08:00,142814,23163503,0,Wh,102,20.0,False
2025-04-11T00:40:00+08:00,142814,23163613,0,Wh,102,20.0,False
2025-04-11T01:00:00+08:00,142814,23163722,0,Wh,102,20.0,False
2025-04-11T01:20:00+08:00,142814,23163848,0,Wh,102,20.0,False
2025-04-11T01:40:00+08:00,142814,23163963,0,Wh,102,20.0,False
2025-04-11T02:00:00+08:00,142814,23164084,0,Wh,102,20.0,False
2025-04-11T02:20:00+08:00,142814,23164205,0,Wh,102,20.0,False
2025-04-11T02:40:00+08:00,142814,23164310,0,Wh,102,20.0,False
2025-04-11T03:00:00+08:00,142814,23164416,0,Wh,102,20.0,False
2025-04-11T03:20:00+08:00,142814,23164521,0,Wh,102,20.0,False
2025-04-11T03:40:00+08:00,142814,23165022,0,Wh,102,20.0,False
2025-04-11T04:00:00+08:00,142814,23165126,0,Wh,102,20.0,False
2025-04-11T04:20:00+08:00,142814,23165240,0,Wh,102,20.0,False
2025-04-11T04:40:00+08:00,142814,23165361,0,Wh,102,20.0,False
2025-04-11T05:00:00+08:00,142814,23165468,0,Wh,102,20.0,False
2025-04-11T05:20:00+08:00,142814,23165575,0,Wh,102,20.0,False
2025-04-11T05:40:00+08:00,142814,23165660,0,Wh,102,20.0,False
2025-04-11T06:00:00+08:00,142814,23165755,0,Wh,102,20.0,False
2025-04-11T06:20:00+08:00,142814,23165830,0,Wh,102,20.0,False
2025-04-11T06:40:00+08:00,142814,23165907,0,Wh,102,20.0,False
2025-04-11T07:00:00+08:00,142814,23165996,0,Wh,102,20.0,False
2025-04-11T07:20:00+08:00,142814,23166072,0,Wh,102,20.0,False
2025-04-11T07:40:00+08:00,142814,23166142,0,Wh,102,20.0,False
2025-04-11T08:00:00+08:00,142814,23166215,0,Wh,102,20.0,False
2025-04-11T08:20:00+08:00,142814,23166290,0,Wh,102,20.0,False
2025-04-11T08:40:00+08:00,142814,23166367,0,Wh,102,20.0,False
2025-04-11T09:00:00+08:00,142814,23166446,0,Wh,102,20.0,False
2025-04-11T09:20:00+08:00,142814,23166542,0,Wh,102,20.0,False
2025-04-11T09:40:00+08:00,142814,23166643,0,Wh,102,20.0,False
2025-04-11T10:00:00+08:00,142814,23166726,0,Wh,102,20.0,False
2025-04-11T10:20:00+08:00,142814,23166815,0,Wh,102,20.0,False
2025-04-11T10:40:00+08:00,142814,23166905,0,Wh,102,20.0,False
2025-04-11T11:00:00+08:00,142814,23166994,0,Wh,102,20.0,False
2025-04-11T11:20:00+08:00,142814,23167085,0,Wh,102,20.0,False
2025-04-11T11:40:00+08:00,142814,23167185,0,Wh,102,20.0,False
2025-04-11T12:00:00+08:00,142814,23167296,0,Wh,102,20.0,False
2025-04-11T12:20:00+08:00,142814,23167825,0,Wh,102,20.0,False
2025-04-11T12:40:00+08:00,142814,23167922,0,Wh,102,20.0,False
2025-04-11T13:00:00+08:00,142814,23168032,0,Wh,102,20.0,False
2025-04-11T13:20:00+08:00,142814,23168159,0,Wh,102,20.0,False
2025-04-11T13:40:00+08:00,142814,23168297,0,Wh,102,20.0,False
2025-04-11T14:00:00+08:00,142814,23168476,0,Wh,102,20.0,False
2025-04-11T14:20:00+08:00,142814,23168702,0,Wh,102,20.0,False
2025-04-11T14:40:00+08:00,142814,23168943,0,Wh,102,20.0,False
2025-04-11T15:00:00+08:00,142814,23169189,0,Wh,102,20.0,False
2025-04-11T15:20:00+08:00,142814,23169437,0,Wh,102,20.0,False
2025-04-11T15:40:00+08:00,142814,23169701,0,Wh,102,20.0,False
2025-04-11T16:00:00+08:00,142814,23169975,0,Wh,102,20.0,False
2025-04-11T16:20:00+08:00,142814,23170245,0,Wh,102,20.0,False
2025-04-11T16:40:00+08:00,142814,23170538,0,Wh,102,20.0,False
2025-04-11T17:00:00+08:00,142814,23170821,0,Wh,102,20.0,False
2025-04-11T17:20:00+08:00,142814,23171781,0,Wh,102,20.0,False
2025-04-11T17:40:00+08:00,142814,23172642,0,Wh,102,20.0,False
2025-04-11T18:00:00+08:00,142814,23172837,0,Wh,102,20.0,False
2025-04-11T18:20:00+08:00,142814,23173005,0,Wh,102,20.0,False
2025-04-11T18:40:00+08:00,142814,23173171,0,Wh,102,20.0,False
2025-04-11T19:00:00+08:00,142814,23173341,0,Wh,102,20.0,False
2025-04-11T19:20:00+08:00,142814,23173515,0,Wh,102,20.0,False
2025-04-11T19:40:00+08:00,142814,23173659,0,Wh,102,20.0,False
2025-04-11T20:00:00+08:00,142814,23173781,0,Wh,102,20.0,False
2025-04-11T20:20:00+08:00,142814,23173904,0,Wh,102,20.0,False
2025-04-11T20:40:00+08:00,142814,23174030,0,Wh,102,20.0,False
2025-04-11T21:00:00+08:00,142814,23174142,0,Wh,102,20.0,False
2025-04-11T21:20:00+08:00,142814,23174891,0,Wh,102,20.0,False
2025-04-11T21:40:00+08:00,142814,23175148,0,Wh,102,20.0,False
2025-04-11T22:00:00+08:00,142814,23175275,0,Wh,102,20.0,False
2025-04-11T22:20:00+08:00,142814,23175371,0,Wh,102,20.0,False
2025-04-11T22:40:00+08:00,142814,23175492,0,Wh,102,20.0,False
2025-04-11T23:00:00+08:00,142814,23175604,0,Wh,102,20.0,False
2025-04-11T23:20:00+08:00,142814,23175720,0,Wh,102,20.0,False
2025-04-11T23:40:00+08:00,142814,23175837,0,Wh,102,20.0,False
2025-04-12T00:00:00+08:00,142814,23175957,0,Wh,102,20.0,False
2025-04-12T00:20:00+08:00,142814,23176065,0,Wh,102,20.0,False
2025-04-12T00:40:00+08:00,142814,23176172,0,Wh,102,20.0,False
2025-04-12T01:00:00+08:00,142814,23176278,0,Wh,102,20.0,False
2025-04-12T01:20:00+08:00,142814,23176381,0,Wh,102,20.0,False
2025-04-12T01:40:00+08:00,142814,23176483,0,Wh,102,20.0,False
2025-04-12T02:00:00+08:00,142814,23176589,0,Wh,102,20.0,False
2025-04-12T02:20:00+08:00,142814,23176724,0,Wh,102,20.0,False
2025-04-12T02:40:00+08:00,142814,23176873,0,Wh,102,20.0,False
2025-04-12T03:00:00+08:00,142814,23176995,0,Wh,102,20.0,False
2025-04-12T03:20:00+08:00,142814,23177102,0,Wh,102,20.0,False
2025-04-12T03:40:00+08:00,142814,23177647,0,Wh,102,20.0,False
2025-04-12T04:00:00+08:00,142814,23177751,0,Wh,102,20.0,False
2025-04-12T04:20:00+08:00,142814,23177853,0,Wh,102,20.0,False
2025-04-12T04:40:00+08:00,142814,23177962,0,Wh,102,20.0,False
2025-04-12T05:00:00+08:00,142814,23178082,0,Wh,102,20.0,False
2025-04-12T05:20:00+08:00,142814,23178185,0,Wh,102,20.0,False
2025-04-12T05:40:00+08:00,142814,23178285,0,Wh,102,20.0,False
2025-04-12T06:00:00+08:00,142814,23178387,0,Wh,102,20.0,False
2025-04-12T06:20:00+08:00,142814,23178491,0,Wh,102,20.0,False
2025-04-12T06:40:00+08:00,142814,23178583,0,Wh,102,20.0,False
2025-04-12T07:00:00+08:00,142814,23178692,0,Wh,102,20.0,False
2025-04-12T07:20:00+08:00,142814,23178882,0,Wh,102,20.0,False
2025-04-12T07:40:00+08:00,142814,23178984,0,Wh,102,20.0,False
2025-04-12T08:00:00+08:00,142814,23179303,0,Wh,102,20.0,False
2025-04-12T08:20:00+08:00,142814,23179968,0,Wh,102,20.0,False
2025-04-12T08:40:00+08:00,142814,23180565,0,Wh,102,20.0,False
2025-04-12T09:00:00+08:00,142814,23181161,0,Wh,102,20.0,False
2025-04-12T09:20:00+08:00,142814,23181755,0,Wh,102,20.0,False
2025-04-12T09:40:00+08:00,142814,23181928,0,Wh,102,20.0,False
2025-04-12T10:00:00+08:00,142814,23182088,0,Wh,102,20.0,False
2025-04-12T10:20:00+08:00,142814,23182258,0,Wh,102,20.0,False
2025-04-12T10:40:00+08:00,142814,23182397,0,Wh,102,20.0,False
2025-04-12T11:00:00+08:00,142814,23182529,0,Wh,102,20.0,False
2025-04-12T11:20:00+08:00,142814,23182681,0,Wh,102,20.0,False
2025-04-12T11:40:00+08:00,142814,23182837,0,Wh,102,20.0,False
2025-04-12T12:00:00+08:00,142814,23183407,0,Wh,102,20.0,False
2025-04-12T12:20:00+08:00,142814,23183516,0,Wh,102,20.0,False
2025-04-12T12:40:00+08:00,142814,23183625,0,Wh,102,20.0,False
2025-04-12T13:00:00+08:00,142814,23183733,0,Wh,102,20.0,False
2025-04-12T13:20:00+08:00,142814,23183851,0,Wh,102,20.0,False
2025-04-12T13:40:00+08:00,142814,23184028,0,Wh,102,20.0,False
2025-04-12T14:00:00+08:00,142814,23184231,0,Wh,102,20.0,False
2025-04-12T14:20:00+08:00,142814,23184664,0,Wh,102,20.0,False
2025-04-12T14:40:00+08:00,142814,23184885,0,Wh,102,20.0,False
2025-04-12T15:00:00+08:00,142814,23185122,0,Wh,102,20.0,False
2025-04-12T15:20:00+08:00,142814,23185364,0,Wh,102,20.0,False
2025-04-12T15:40:00+08:00,142814,23185612,0,Wh,102,20.0,False
2025-04-12T16:00:00+08:00,142814,23185899,0,Wh,102,20.0,False
2025-04-12T16:20:00+08:00,142814,23186254,0,Wh,102,20.0,False
2025-04-12T16:40:00+08:00,142814,23186571,0,Wh,102,20.0,False
2025-04-12T17:00:00+08:00,142814,23186841,0,Wh,102,20.0,False
2025-04-12T17:20:00+08:00,142814,23187101,0,Wh,102,20.0,False
2025-04-12T17:40:00+08:00,142814,23187343,0,Wh,102,20.0,False
2025-04-12T18:00:00+08:00,142814,23187666,0,Wh,102,20.0,False
2025-04-12T18:20:00+08:00,142814,23188688,0,Wh,102,20.0,False
2025-04-12T18:40:00+08:00,142814,23189623,0,Wh,102,20.0,False
2025-04-12T19:00:00+08:00,142814,23190363,0,Wh,102,20.0,False
2025-04-12T19:20:00+08:00,142814,23190741,0,Wh,102,20.0,False
2025-04-12T19:40:00+08:00,142814,23191148,0,Wh,102,20.0,False
2025-04-12T20:00:00+08:00,142814,23191499,0,Wh,102,20.0,False
2025-04-12T20:20:00+08:00,142814,23191868,0,Wh,102,20.0,False
2025-04-12T20:40:00+08:00,142814,23192105,0,Wh,102,20.0,False
2025-04-12T21:00:00+08:00,142814,23192281,0,Wh,102,20.0,False
2025-04-12T21:20:00+08:00,142814,23192435,0,Wh,102,20.0,False
2025-04-12T21:40:00+08:00,142814,23192580,0,Wh,102,20.0,False
2025-04-12T22:00:00+08:00,142814,23193111,0,Wh,102,20.0,False
2025-04-12T22:20:00+08:00,142814,23194909,0,Wh,102,20.0,False
2025-04-12T22:40:00+08:00,142814,23195658,0,Wh,102,20.0,False
2025-04-12T23:00:00+08:00,142814,23196400,0,Wh,102,20.0,False
2025-04-12T23:20:00+08:00,142814,23197095,0,Wh,102,20.0,False
2025-04-12T23:40:00+08:00,142814,23197484,0,Wh,102,20.0,False
2025-04-13T00:00:00+08:00,142814,23197688,0,Wh,102,20.0,False
2025-04-13T00:20:00+08:00,142814,23197888,0,Wh,102,20.0,False
2025-04-13T00:40:00+08:00,142814,23198051,0,Wh,102,20.0,False
2025-04-13T01:00:00+08:00,142814,23198196,0,Wh,102,20.0,False
2025-04-13T01:20:00+08:00,142814,23198352,0,Wh,102,20.0,False
2025-04-13T01:40:00+08:00,142814,23198522,0,Wh,102,20.0,False
2025-04-13T02:00:00+08:00,142814,23198672,0,Wh,102,20.0,False
2025-04-13T02:20:00+08:00,142814,23198807,0,Wh,102,20.0,False
2025-04-13T02:40:00+08:00,142814,23198941,0,Wh,102,20.0,False
2025-04-13T03:00:00+08:00,142814,23199073,0,Wh,102,20.0,False
2025-04-13T03:20:00+08:00,142814,23199203,0,Wh,102,20.0,False
2025-04-13T03:40:00+08:00,142814,23199768,0,Wh,102,20.0,False
2025-04-13T04:00:00+08:00,142814,23199928,0,Wh,102,20.0,False
2025-04-13T04:20:00+08:00,142814,23200066,0,Wh,102,20.0,False
2025-04-13T04:40:00+08:00,142814,23200196,0,Wh,102,20.0,False
2025-04-13T05:00:00+08:00,142814,23200325,0,Wh,102,20.0,False
2025-04-13T05:20:00+08:00,142814,23200453,0,Wh,102,20.0,False
2025-04-13T05:40:00+08:00,142814,23200581,0,Wh,102,20.0,False
2025-04-13T06:00:00+08:00,142814,23200696,0,Wh,102,20.0,False
2025-04-13T06:20:00+08:00,142814,23200816,0,Wh,102,20.0,False
2025-04-13T06:40:00+08:00,142814,23200930,0,Wh,102,20.0,False
2025-04-13T07:00:00+08:00,142814,23201032,0,Wh,102,20.0,False
2025-04-13T07:20:00+08:00,142814,23201133,0,Wh,102,20.0,False
2025-04-13T07:40:00+08:00,142814,23201666,0,Wh,102,20.0,False
2025-04-13T08:00:00+08:00,142814,23202966,0,Wh,102,20.0,False
2025-04-13T08:20:00+08:00,142814,23203113,0,Wh,102,20.0,False
2025-04-13T08:40:00+08:00,142814,23203701,0,Wh,102,20.0,False
2025-04-13T09:00:00+08:00,142814,23204341,0,Wh,102,20.0,False
2025-04-13T09:20:00+08:00,142814,23204970,0,Wh,102,20.0,False
2025-04-13T09:40:00+08:00,142814,23205493,0,Wh,102,20.0,False
2025-04-13T10:00:00+08:00,142814,23206018,0,Wh,102,20.0,False
2025-04-13T10:20:00+08:00,142814,23206174,0,Wh,102,20.0,False
2025-04-13T10:40:00+08:00,142814,23206321,0,Wh,102,20.0,False
2025-04-13T11:00:00+08:00,142814,23206473,0,Wh,102,20.0,False
2025-04-13T11:20:00+08:00,142814,23206615,0,Wh,102,20.0,False
2025-04-13T11:40:00+08:00,142814,23206758,0,Wh,102,20.0,False
2025-04-13T12:00:00+08:00,142814,23206910,0,Wh,102,20.0,False
2025-04-13T12:20:00+08:00,142814,23207067,0,Wh,102,20.0,False
2025-04-13T12:40:00+08:00,142814,23207234,0,Wh,102,20.0,False
2025-04-13T13:00:00+08:00,142814,23207392,0,Wh,102,20.0,False
2025-04-13T13:20:00+08:00,142814,23207979,0,Wh,102,20.0,False
2025-04-13T13:40:00+08:00,142814,23208205,0,Wh,102,20.0,False
2025-04-13T14:00:00+08:00,142814,23208396,0,Wh,102,20.0,False
2025-04-13T14:20:00+08:00,142814,23208594,0,Wh,102,20.0,False
2025-04-13T14:40:00+08:00,142814,23208746,0,Wh,102,20.0,False
2025-04-13T15:00:00+08:00,142814,23208970,0,Wh,102,20.0,False
2025-04-13T15:20:00+08:00,142814,23209173,0,Wh,102,20.0,False
2025-04-13T15:40:00+08:00,142814,23209398,0,Wh,102,20.0,False
2025-04-13T16:00:00+08:00,142814,23209578,0,Wh,102,20.0,False
2025-04-13T16:20:00+08:00,142814,23209734,0,Wh,102,20.0,False
2025-04-13T16:40:00+08:00,142814,23209872,0,Wh,102,20.0,False
2025-04-13T17:00:00+08:00,142814,23210008,0,Wh,102,20.0,False
2025-04-13T17:20:00+08:00,142814,23210166,0,Wh,102,20.0,False
2025-04-13T17:40:00+08:00,142814,23210334,0,Wh,102,20.0,False
2025-04-13T18:00:00+08:00,142814,23210477,0,Wh,102,20.0,False
2025-04-13T18:20:00+08:00,142814,23210660,0,Wh,102,20.0,False
2025-04-13T18:40:00+08:00,142814,23210854,0,Wh,102,20.0,False
2025-04-13T19:00:00+08:00,142814,23211213,0,Wh,102,20.0,False
2025-04-13T19:20:00+08:00,142814,23211648,0,Wh,102,20.0,False
2025-04-13T19:40:00+08:00,142814,23212041,0,Wh,102,20.0,False
2025-04-13T20:00:00+08:00,142814,23212373,0,Wh,102,20.0,False
2025-04-13T20:20:00+08:00,142814,23212809,0,Wh,102,20.0,False
2025-04-13T20:40:00+08:00,142814,23213156,0,Wh,102,20.0,False
2025-04-13T21:00:00+08:00,142814,23213417,0,Wh,102,20.0,False
2025-04-13T21:20:00+08:00,142814,23213840,0,Wh,102,20.0,False
2025-04-13T21:40:00+08:00,142814,23213952,0,Wh,102,20.0,False
2025-04-13T22:00:00+08:00,142814,23214061,0,Wh,102,20.0,False
2025-04-13T22:20:00+08:00,142814,23214163,0,Wh,102,20.0,False
2025-04-13T22:40:00+08:00,142814,23214266,0,Wh,102,20.0,False
2025-04-13T23:00:00+08:00,142814,23214378,0,Wh,102,20.0,False
2025-04-13T23:20:00+08:00,142814,23214497,0,Wh,102,20.0,False
2025-04-13T23:40:00+08:00,142814,23214610,0,Wh,102,20.0,False
2025-04-14T00:00:00+08:00,142814,23214708,0,Wh,102,20.0,False
2025-04-14T00:20:00+08:00,142814,23214804,0,Wh,102,20.0,False
2025-04-14T00:40:00+08:00,142814,23214901,0,Wh,102,20.0,False
2025-04-14T01:00:00+08:00,142814,23214998,0,Wh,102,20.0,False
2025-04-14T01:20:00+08:00,142814,23215097,0,Wh,102,20.0,False
2025-04-14T01:40:00+08:00,142814,23215210,0,Wh,102,20.0,False
2025-04-14T02:00:00+08:00,142814,23215309,0,Wh,102,20.0,False
2025-04-14T02:20:00+08:00,142814,23215400,0,Wh,102,20.0,False
2025-04-14T02:40:00+08:00,142814,23215497,0,Wh,102,20.0,False
2025-04-14T03:00:00+08:00,142814,23215575,0,Wh,102,20.0,False
2025-04-14T03:20:00+08:00,142814,23215672,0,Wh,102,20.0,False
2025-04-14T03:40:00+08:00,142814,23215773,0,Wh,102,20.0,False
2025-04-14T04:00:00+08:00,142814,23215876,0,Wh,102,20.0,False
2025-04-14T04:20:00+08:00,142814,23216255,0,Wh,102,20.0,False
2025-04-14T04:40:00+08:00,142814,23216446,0,Wh,102,20.0,False
2025-04-14T05:00:00+08:00,142814,23216536,0,Wh,102,20.0,False
2025-04-14T05:20:00+08:00,142814,23216616,0,Wh,102,20.0,False
2025-04-14T05:40:00+08:00,142814,23216692,0,Wh,102,20.0,False
2025-04-14T06:00:00+08:00,142814,23216761,0,Wh,102,20.0,False
2025-04-14T06:20:00+08:00,142814,23216840,0,Wh,102,20.0,False
2025-04-14T06:40:00+08:00,142814,23216908,0,Wh,102,20.0,False
2025-04-14T07:00:00+08:00,142814,23216969,0,Wh,102,20.0,False
2025-04-14T07:20:00+08:00,142814,23217029,0,Wh,102,20.0,False
2025-04-14T07:40:00+08:00,142814,23217093,0,Wh,102,20.0,False
2025-04-14T08:00:00+08:00,142814,23217153,0,Wh,102,20.0,False
2025-04-14T08:20:00+08:00,142814,23217210,0,Wh,102,20.0,False
2025-04-14T08:40:00+08:00,142814,23217278,0,Wh,102,20.0,False
2025-04-14T09:00:00+08:00,142814,23217363,0,Wh,102,20.0,False
2025-04-14T09:20:00+08:00,142814,23217429,0,Wh,102,20.0,False
2025-04-14T09:40:00+08:00,142814,23217500,0,Wh,102,20.0,False
2025-04-14T10:00:00+08:00,142814,23217573,0,Wh,102,20.0,False
2025-04-14T10:20:00+08:00,142814,23217643,0,Wh,102,20.0,False
2025-04-14T10:40:00+08:00,142814,23217717,0,Wh,102,20.0,False
2025-04-14T11:00:00+08:00,142814,23217786,0,Wh,102,20.0,False
2025-04-14T11:20:00+08:00,142814,23217872,0,Wh,102,20.0,False
2025-04-14T11:40:00+08:00,142814,23217965,0,Wh,102,20.0,False
2025-04-14T12:00:00+08:00,142814,23218043,0,Wh,102,20.0,False
2025-04-14T12:20:00+08:00,142814,23218535,0,Wh,102,20.0,False
2025-04-14T12:40:00+08:00,142814,23218615,0,Wh,102,20.0,False
2025-04-14T13:00:00+08:00,142814,23218697,0,Wh,102,20.0,False
2025-04-14T13:20:00+08:00,142814,23218778,0,Wh,102,20.0,False
2025-04-14T13:40:00+08:00,142814,23218862,0,Wh,102,20.0,False
2025-04-14T14:00:00+08:00,142814,23218961,0,Wh,102,20.0,False
2025-04-14T14:20:00+08:00,142814,23219051,0,Wh,102,20.0,False
2025-04-14T14:40:00+08:00,142814,23219156,0,Wh,102,20.0,False
2025-04-14T15:00:00+08:00,142814,23219255,0,Wh,102,20.0,False
2025-04-14T15:20:00+08:00,142814,23219419,0,Wh,102,20.0,False
2025-04-14T15:40:00+08:00,142814,23219584,0,Wh,102,20.0,False
2025-04-14T16:00:00+08:00,142814,23219748,0,Wh,102,20.0,False
2025-04-14T16:20:00+08:00,142814,23219932,0,Wh,102,20.0,False
2025-04-14T16:40:00+08:00,142814,23220134,0,Wh,102,20.0,False
2025-04-14T17:00:00+08:00,142814,23220309,0,Wh,102,20.0,False
2025-04-14T17:20:00+08:00,142814,23220470,0,Wh,102,20.0,False
2025-04-14T17:40:00+08:00,142814,23221326,0,Wh,102,20.0,False
2025-04-14T18:00:00+08:00,142814,23222520,0,Wh,102,20.0,False
2025-04-14T18:20:00+08:00,142814,23222989,0,Wh,102,20.0,False
2025-04-14T18:40:00+08:00,142814,23224035,0,Wh,102,20.0,False
2025-04-14T19:00:00+08:00,142814,23224363,0,Wh,102,20.0,False
2025-04-14T19:20:00+08:00,142814,23224520,0,Wh,102,20.0,False
2025-04-14T19:40:00+08:00,142814,23224631,0,Wh,102,20.0,False
2025-04-14T20:00:00+08:00,142814,23224779,0,Wh,102,20.0,False
2025-04-14T20:20:00+08:00,142814,23226001,0,Wh,102,20.0,False
2025-04-14T20:40:00+08:00,142814,23227263,0,Wh,102,20.0,False
2025-04-14T21:00:00+08:00,142814,23227779,0,Wh,102,20.0,False
2025-04-14T21:20:00+08:00,142814,23227909,0,Wh,102,20.0,False
2025-04-14T21:40:00+08:00,142814,23228009,0,Wh,102,20.0,False
2025-04-14T22:00:00+08:00,142814,23228108,0,Wh,102,20.0,False
2025-04-14T22:20:00+08:00,142814,23228206,0,Wh,102,20.0,False
2025-04-14T22:40:00+08:00,142814,23228303,0,Wh,102,20.0,False
2025-04-14T23:00:00+08:00,142814,23228398,0,Wh,102,20.0,False
2025-04-14T23:20:00+08:00,142814,23228505,0,Wh,102,20.0,False
2025-04-14T23:40:00+08:00,142814,23228626,0,Wh,102,20.0,False
2025-04-15T00:00:00+08:00,142814,23228722,0,Wh,102,20.0,False
2025-04-07T00:20:00+08:00,142815,20283317,0,Wh,103,20.0,False
2025-04-07T00:40:00+08:00,142815,20283402,0,Wh,103,20.0,False
2025-04-07T01:00:00+08:00,142815,20283465,0,Wh,103,20.0,False
2025-04-07T01:20:00+08:00,142815,20283546,0,Wh,103,20.0,False
2025-04-07T01:40:00+08:00,142815,20283941,0,Wh,103,20.0,False
2025-04-07T02:00:00+08:00,142815,20284099,0,Wh,103,20.0,False
2025-04-07T02:20:00+08:00,142815,20284164,0,Wh,103,20.0,False
2025-04-07T02:40:00+08:00,142815,20284235,0,Wh,103,20.0,False
2025-04-07T03:00:00+08:00,142815,20284294,0,Wh,103,20.0,False
2025-04-07T03:20:00+08:00,142815,20284357,0,Wh,103,20.0,False
2025-04-07T03:40:00+08:00,142815,20284418,0,Wh,103,20.0,False
2025-04-07T04:00:00+08:00,142815,20284476,0,Wh,103,20.0,False
2025-04-07T04:20:00+08:00,142815,20284531,0,Wh,103,20.0,False
2025-04-07T04:40:00+08:00,142815,20284583,0,Wh,103,20.0,False
2025-04-07T05:00:00+08:00,142815,20284643,0,Wh,103,20.0,False
2025-04-07T05:20:00+08:00,142815,20284693,0,Wh,103,20.0,False
2025-04-07T05:40:00+08:00,142815,20284745,0,Wh,103,20.0,False
2025-04-07T06:00:00+08:00,142815,20284790,0,Wh,103,20.0,False
2025-04-07T06:20:00+08:00,142815,20284845,0,Wh,103,20.0,False
2025-04-07T06:40:00+08:00,142815,20284898,0,Wh,103,20.0,False
2025-04-07T07:00:00+08:00,142815,20286021,0,Wh,103,20.0,False
2025-04-07T07:20:00+08:00,142815,20286092,0,Wh,103,20.0,False
2025-04-07T07:40:00+08:00,142815,20286107,0,Wh,103,20.0,False
2025-04-07T08:00:00+08:00,142815,20286129,0,Wh,103,20.0,False
2025-04-07T08:20:00+08:00,142815,20286144,0,Wh,103,20.0,False
2025-04-07T08:40:00+08:00,142815,20286166,0,Wh,103,20.0,False
2025-04-07T09:00:00+08:00,142815,20286182,0,Wh,103,20.0,False
2025-04-07T09:20:00+08:00,142815,20286203,0,Wh,103,20.0,False
2025-04-07T09:40:00+08:00,142815,20286219,0,Wh,103,20.0,False
2025-04-07T10:00:00+08:00,142815,20286240,0,Wh,103,20.0,False
2025-04-07T10:20:00+08:00,142815,20286257,0,Wh,103,20.0,False
2025-04-07T10:40:00+08:00,142815,20286277,0,Wh,103,20.0,False
2025-04-07T11:00:00+08:00,142815,20286296,0,Wh,103,20.0,False
2025-04-07T11:20:00+08:00,142815,20286312,0,Wh,103,20.0,False
2025-04-07T11:40:00+08:00,142815,20286332,0,Wh,103,20.0,False
2025-04-07T12:00:00+08:00,142815,20286348,0,Wh,103,20.0,False
2025-04-07T12:20:00+08:00,142815,20286369,0,Wh,103,20.0,False
2025-04-07T12:40:00+08:00,142815,20286383,0,Wh,103,20.0,False
2025-04-07T13:00:00+08:00,142815,20286393,0,Wh,103,20.0,False
2025-04-07T13:20:00+08:00,142815,20286403,0,Wh,103,20.0,False
2025-04-07T13:40:00+08:00,142815,20286413,0,Wh,103,20.0,False
2025-04-07T14:00:00+08:00,142815,20286423,0,Wh,103,20.0,False
2025-04-07T14:20:00+08:00,142815,20286922,0,Wh,103,20.0,False
2025-04-07T14:40:00+08:00,142815,20286932,0,Wh,103,20.0,False
2025-04-07T15:00:00+08:00,142815,20286942,0,Wh,103,20.0,False
2025-04-07T15:20:00+08:00,142815,20286954,0,Wh,103,20.0,False
2025-04-07T15:40:00+08:00,142815,20286968,0,Wh,103,20.0,False
2025-04-07T16:00:00+08:00,142815,20286984,0,Wh,103,20.0,False
2025-04-07T16:20:00+08:00,142815,20286995,0,Wh,103,20.0,False
2025-04-07T16:40:00+08:00,142815,20287008,0,Wh,103,20.0,False
2025-04-07T17:00:00+08:00,142815,20287027,0,Wh,103,20.0,False
2025-04-07T17:20:00+08:00,142815,20287043,0,Wh,103,20.0,False
2025-04-07T17:40:00+08:00,142815,20287358,0,Wh,103,20.0,False
2025-04-07T18:00:00+08:00,142815,20288347,0,Wh,103,20.0,False
2025-04-07T18:20:00+08:00,142815,20288730,0,Wh,103,20.0,False
2025-04-07T18:40:00+08:00,142815,20289084,0,Wh,103,20.0,False
2025-04-07T19:00:00+08:00,142815,20289407,0,Wh,103,20.0,False
2025-04-07T19:20:00+08:00,142815,20289647,0,Wh,103,20.0,False
2025-04-07T19:40:00+08:00,142815,20289878,0,Wh,103,20.0,False
2025-04-07T20:00:00+08:00,142815,20290109,0,Wh,103,20.0,False
2025-04-07T20:20:00+08:00,142815,20290335,0,Wh,103,20.0,False
2025-04-07T20:40:00+08:00,142815,20291883,0,Wh,103,20.0,False
2025-04-07T21:00:00+08:00,142815,20292886,0,Wh,103,20.0,False
2025-04-07T21:20:00+08:00,142815,20293113,0,Wh,103,20.0,False
2025-04-07T21:40:00+08:00,142815,20293272,0,Wh,103,20.0,False
2025-04-07T22:00:00+08:00,142815,20293413,0,Wh,103,20.0,False
2025-04-07T22:20:00+08:00,142815,20293549,0,Wh,103,20.0,False
2025-04-07T22:40:00+08:00,142815,20293676,0,Wh,103,20.0,False
2025-04-07T23:00:00+08:00,142815,20293777,0,Wh,103,20.0,False
2025-04-07T23:20:00+08:00,142815,20293914,0,Wh,103,20.0,False
2025-04-07T23:40:00+08:00,142815,20294019,0,Wh,103,20.0,False
2025-04-08T00:00:00+08:00,142815,20294114,0,Wh,103,20.0,False
2025-04-08T00:20:00+08:00,142815,20294179,0,Wh,103,20.0,False
2025-04-08T00:40:00+08:00,142815,20294267,0,Wh,103,20.0,False
2025-04-08T01:00:00+08:00,142815,20294357,0,Wh,103,20.0,False
2025-04-08T01:20:00+08:00,142815,20294424,0,Wh,103,20.0,False
2025-04-08T01:40:00+08:00,142815,20294503,0,Wh,103,20.0,False
2025-04-08T02:00:00+08:00,142815,20294558,0,Wh,103,20.0,False
2025-04-08T02:20:00+08:00,142815,20294626,0,Wh,103,20.0,False
2025-04-08T02:40:00+08:00,142815,20294682,0,Wh,103,20.0,False
2025-04-08T03:00:00+08:00,142815,20294747,0,Wh,103,20.0,False
2025-04-08T03:20:00+08:00,142815,20294803,0,Wh,103,20.0,False
2025-04-08T03:40:00+08:00,142815,20294863,0,Wh,103,20.0,False
2025-04-08T04:00:00+08:00,142815,20295328,0,Wh,103,20.0,False
2025-04-08T04:20:00+08:00,142815,20295381,0,Wh,103,20.0,False
2025-04-08T04:40:00+08:00,142815,20295442,0,Wh,103,20.0,False
2025-04-08T05:00:00+08:00,142815,20295493,0,Wh,103,20.0,False
2025-04-08T05:20:00+08:00,142815,20295556,0,Wh,103,20.0,False
2025-04-08T05:40:00+08:00,142815,20295579,0,Wh,103,20.0,False
2025-04-08T06:00:00+08:00,142815,20295610,0,Wh,103,20.0,False
2025-04-08T06:20:00+08:00,142815,20295636,0,Wh,103,20.0,False
2025-04-08T06:40:00+08:00,142815,20296454,0,Wh,103,20.0,False
2025-04-08T07:00:00+08:00,142815,20297259,0,Wh,103,20.0,False
2025-04-08T07:20:00+08:00,142815,20297292,0,Wh,103,20.0,False
2025-04-08T07:40:00+08:00,142815,20297318,0,Wh,103,20.0,False
2025-04-08T08:00:00+08:00,142815,20297345,0,Wh,103,20.0,False
2025-04-08T08:20:00+08:00,142815,20297375,0,Wh,103,20.0,False
2025-04-08T08:40:00+08:00,142815,20297398,0,Wh,103,20.0,False
2025-04-08T09:00:00+08:00,142815,20297431,0,Wh,103,20.0,False
2025-04-08T09:20:00+08:00,142815,20297450,0,Wh,103,20.0,False
2025-04-08T09:40:00+08:00,142815,20297486,0,Wh,103,20.0,False
2025-04-08T10:00:00+08:00,142815,20297504,0,Wh,103,20.0,False
2025-04-08T10:20:00+08:00,142815,20297540,0,Wh,103,20.0,False
2025-04-08T10:40:00+08:00,142815,20297768,0,Wh,103,20.0,False
2025-04-08T11:00:00+08:00,142815,20297821,0,Wh,103,20.0,False
2025-04-08T11:20:00+08:00,142815,20297875,0,Wh,103,20.0,False
2025-04-08T11:40:00+08:00,142815,20297928,0,Wh,103,20.0,False
2025-04-08T12:00:00+08:00,142815,20297955,0,Wh,103,20.0,False
2025-04-08T12:20:00+08:00,142815,20297965,0,Wh,103,20.0,False
2025-04-08T12:40:00+08:00,142815,20297976,0,Wh,103,20.0,False
2025-04-08T13:00:00+08:00,142815,20298455,0,Wh,103,20.0,False
2025-04-08T13:20:00+08:00,142815,20298469,0,Wh,103,20.0,False
2025-04-08T13:40:00+08:00,142815,20298479,0,Wh,103,20.0,False
2025-04-08T14:00:00+08:00,142815,20298493,0,Wh,103,20.0,False
2025-04-08T14:20:00+08:00,142815,20298569,0,Wh,103,20.0,False
2025-04-08T14:40:00+08:00,142815,20299475,0,Wh,103,20.0,False
2025-04-08T15:00:00+08:00,142815,20299896,0,Wh,103,20.0,False
2025-04-08T15:20:00+08:00,142815,20300294,0,Wh,103,20.0,False
2025-04-08T15:40:00+08:00,142815,20300794,0,Wh,103,20.0,False
2025-04-08T16:00:00+08:00,142815,20301436,0,Wh,103,20.0,False
2025-04-08T16:20:00+08:00,142815,20301605,0,Wh,103,20.0,False
2025-04-08T16:40:00+08:00,142815,20302205,0,Wh,103,20.0,False
2025-04-08T17:00:00+08:00,142815,20302230,0,Wh,103,20.0,False
2025-04-08T17:20:00+08:00,142815,20302246,0,Wh,103,20.0,False
2025-04-08T17:40:00+08:00,142815,20302268,0,Wh,103,20.0,False
2025-04-08T18:00:00+08:00,142815,20302278,0,Wh,103,20.0,False
2025-04-08T18:20:00+08:00,142815,20302309,0,Wh,103,20.0,False
2025-04-08T18:40:00+08:00,142815,20302327,0,Wh,103,20.0,False
2025-04-08T19:00:00+08:00,142815,20302355,0,Wh,103,20.0,False
2025-04-08T19:20:00+08:00,142815,20302370,0,Wh,103,20.0,False
2025-04-08T19:40:00+08:00,142815,20302397,0,Wh,103,20.0,False
2025-04-08T20:00:00+08:00,142815,20302415,0,Wh,103,20.0,False
2025-04-08T20:20:00+08:00,142815,20302439,0,Wh,103,20.0,False
2025-04-08T20:40:00+08:00,142815,20303071,0,Wh,103,20.0,False
2025-04-08T21:00:00+08:00,142815,20303943,0,Wh,103,20.0,False
2025-04-08T21:20:00+08:00,142815,20304254,0,Wh,103,20.0,False
2025-04-08T21:40:00+08:00,142815,20304488,0,Wh,103,20.0,False
2025-04-08T22:00:00+08:00,142815,20304712,0,Wh,103,20.0,False
2025-04-08T22:20:00+08:00,142815,20304927,0,Wh,103,20.0,False
2025-04-08T22:40:00+08:00,142815,20305138,0,Wh,103,20.0,False
2025-04-08T23:00:00+08:00,142815,20305331,0,Wh,103,20.0,False
2025-04-08T23:20:00+08:00,142815,20305452,0,Wh,103,20.0,False
2025-04-08T23:40:00+08:00,142815,20305563,0,Wh,103,20.0,False
2025-04-09T00:00:00+08:00,142815,20305648,0,Wh,103,20.0,False
2025-04-09T00:20:00+08:00,142815,20305727,0,Wh,103,20.0,False
2025-04-09T00:40:00+08:00,142815,20306378,0,Wh,103,20.0,False
2025-04-09T01:00:00+08:00,142815,20306618,0,Wh,103,20.0,False
2025-04-09T01:20:00+08:00,142815,20307083,0,Wh,103,20.0,False
2025-04-09T01:40:00+08:00,142815,20307264,0,Wh,103,20.0,False
2025-04-09T02:00:00+08:00,142815,20307400,0,Wh,103,20.0,False
2025-04-09T02:20:00+08:00,142815,20307509,0,Wh,103,20.0,False
2025-04-09T02:40:00+08:00,142815,20307592,0,Wh,103,20.0,False
2025-04-09T03:00:00+08:00,142815,20307665,0,Wh,103,20.0,False
2025-04-09T03:20:00+08:00,142815,20307735,0,Wh,103,20.0,False
2025-04-09T03:40:00+08:00,142815,20307813,0,Wh,103,20.0,False
2025-04-09T04:00:00+08:00,142815,20307864,0,Wh,103,20.0,False
2025-04-09T04:20:00+08:00,142815,20307934,0,Wh,103,20.0,False
2025-04-09T04:40:00+08:00,142815,20307981,0,Wh,103,20.0,False
2025-04-09T05:00:00+08:00,142815,20308035,0,Wh,103,20.0,False
2025-04-09T05:20:00+08:00,142815,20308080,0,Wh,103,20.0,False
2025-04-09T05:40:00+08:00,142815,20308138,0,Wh,103,20.0,False
2025-04-09T06:00:00+08:00,142815,20308178,0,Wh,103,20.0,False
2025-04-09T06:20:00+08:00,142815,20308230,0,Wh,103,20.0,False
2025-04-09T06:40:00+08:00,142815,20308726,0,Wh,103,20.0,False
2025-04-09T07:00:00+08:00,142815,20309923,0,Wh,103,20.0,False
2025-04-09T07:20:00+08:00,142815,20310284,0,Wh,103,20.0,False
2025-04-09T07:40:00+08:00,142815,20310323,0,Wh,103,20.0,False
2025-04-09T08:00:00+08:00,142815,20310353,0,Wh,103,20.0,False
2025-04-09T08:20:00+08:00,142815,20310390,0,Wh,103,20.0,False
2025-04-09T08:40:00+08:00,142815,20310426,0,Wh,103,20.0,False
2025-04-09T09:00:00+08:00,142815,20310463,0,Wh,103,20.0,False
2025-04-09T09:20:00+08:00,142815,20310513,0,Wh,103,20.0,False
2025-04-09T09:40:00+08:00,142815,20310585,0,Wh,103,20.0,False
2025-04-09T10:00:00+08:00,142815,20310689,0,Wh,103,20.0,False
2025-04-09T10:20:00+08:00,142815,20310768,0,Wh,103,20.0,False
2025-04-09T10:40:00+08:00,142815,20310821,0,Wh,103,20.0,False
2025-04-09T11:00:00+08:00,142815,20310875,0,Wh,103,20.0,False
2025-04-09T11:20:00+08:00,142815,20311073,0,Wh,103,20.0,False
2025-04-09T11:40:00+08:00,142815,20311126,0,Wh,103,20.0,False
2025-04-09T12:00:00+08:00,142815,20311179,0,Wh,103,20.0,False
2025-04-09T12:20:00+08:00,142815,20311708,0,Wh,103,20.0,False
2025-04-09T12:40:00+08:00,142815,20311761,0,Wh,103,20.0,False
2025-04-09T13:00:00+08:00,142815,20311814,0,Wh,103,20.0,False
2025-04-09T13:20:00+08:00,142815,20311867,0,Wh,103,20.0,False
2025-04-09T13:40:00+08:00,142815,20311919,0,Wh,103,20.0,False
2025-04-09T14:00:00+08:00,142815,20311972,0,Wh,103,20.0,False
2025-04-09T14:20:00+08:00,142815,20312033,0,Wh,103,20.0,False
2025-04-09T14:40:00+08:00,142815,20312469,0,Wh,103,20.0,False
2025-04-09T15:00:00+08:00,142815,20313234,0,Wh,103,20.0,False
2025-04-09T15:20:00+08:00,142815,20313595,0,Wh,103,20.0,False
2025-04-09T15:40:00+08:00,142815,20313857,0,Wh,103,20.0,False
2025-04-09T16:00:00+08:00,142815,20314139,0,Wh,103,20.0,False
2025-04-09T16:20:00+08:00,142815,20314262,0,Wh,103,20.0,False
2025-04-09T16:40:00+08:00,142815,20314274,0,Wh,103,20.0,False
2025-04-09T17:00:00+08:00,142815,20314297,0,Wh,103,20.0,False
2025-04-09T17:20:00+08:00,142815,20314307,0,Wh,103,20.0,False
2025-04-09T17:40:00+08:00,142815,20314319,0,Wh,103,20.0,False
2025-04-09T18:00:00+08:00,142815,20314341,0,Wh,103,20.0,False
2025-04-09T18:20:00+08:00,142815,20314351,0,Wh,103,20.0,False
2025-04-09T18:40:00+08:00,142815,20315015,0,Wh,103,20.0,False
2025-04-09T19:00:00+08:00,142815,20315940,0,Wh,103,20.0,False
2025-04-09T19:20:00+08:00,142815,20317488,0,Wh,103,20.0,False
2025-04-09T19:40:00+08:00,142815,20318683,0,Wh,103,20.0,False
2025-04-09T20:00:00+08:00,142815,20320119,0,Wh,103,20.0,False
2025-04-09T20:20:00+08:00,142815,20320216,0,Wh,103,20.0,False
2025-04-09T20:40:00+08:00,142815,20320359,0,Wh,103,20.0,False
2025-04-09T21:00:00+08:00,142815,20320428,0,Wh,103,20.0,False
2025-04-09T21:20:00+08:00,142815,20320468,0,Wh,103,20.0,False
2025-04-09T21:40:00+08:00,142815,20320708,0,Wh,103,20.0,False
2025-04-09T22:00:00+08:00,142815,20320864,0,Wh,103,20.0,False
2025-04-09T22:20:00+08:00,142815,20321031,0,Wh,103,20.0,False
2025-04-09T22:40:00+08:00,142815,20321177,0,Wh,103,20.0,False
2025-04-09T23:00:00+08:00,142815,20321301,0,Wh,103,20.0,False
2025-04-09T23:20:00+08:00,142815,20321396,0,Wh,103,20.0,False
2025-04-09T23:40:00+08:00,142815,20321490,0,Wh,103,20.0,False
2025-04-10T00:00:00+08:00,142815,20321585,0,Wh,103,20.0,False
2025-04-10T00:20:00+08:00,142815,20321704,0,Wh,103,20.0,False
2025-04-10T00:40:00+08:00,142815,20322250,0,Wh,103,20.0,False
2025-04-10T01:00:00+08:00,142815,20322355,0,Wh,103,20.0,False
2025-04-10T01:20:00+08:00,142815,20322447,0,Wh,103,20.0,False
2025-04-10T01:40:00+08:00,142815,20322513,0,Wh,103,20.0,False
2025-04-10T02:00:00+08:00,142815,20322562,0,Wh,103,20.0,False
2025-04-10T02:20:00+08:00,142815,20322619,0,Wh,103,20.0,False
2025-04-10T02:40:00+08:00,142815,20322657,0,Wh,103,20.0,False
2025-04-10T03:00:00+08:00,142815,20322710,0,Wh,103,20.0,False
2025-04-10T03:20:00+08:00,142815,20322756,0,Wh,103,20.0,False
2025-04-10T03:40:00+08:00,142815,20322795,0,Wh,103,20.0,False
2025-04-10T04:00:00+08:00,142815,20322842,0,Wh,103,20.0,False
2025-04-10T04:20:00+08:00,142815,20322879,0,Wh,103,20.0,False
2025-04-10T04:40:00+08:00,142815,20322929,0,Wh,103,20.0,False
2025-04-10T05:00:00+08:00,142815,20322952,0,Wh,103,20.0,False
2025-04-10T05:20:00+08:00,142815,20322996,0,Wh,103,20.0,False
2025-04-10T05:40:00+08:00,142815,20323021,0,Wh,103,20.0,False
2025-04-10T06:00:00+08:00,142815,20323062,0,Wh,103,20.0,False
2025-04-10T06:20:00+08:00,142815,20323088,0,Wh,103,20.0,False
2025-04-10T06:40:00+08:00,142815,20323659,0,Wh,103,20.0,False
2025-04-10T07:00:00+08:00,142815,20324668,0,Wh,103,20.0,False
2025-04-10T07:20:00+08:00,142815,20324698,0,Wh,103,20.0,False
2025-04-10T07:40:00+08:00,142815,20324732,0,Wh,103,20.0,False
2025-04-10T08:00:00+08:00,142815,20324751,0,Wh,103,20.0,False
2025-04-10T08:20:00+08:00,142815,20324786,0,Wh,103,20.0,False
2025-04-10T08:40:00+08:00,142815,20324804,0,Wh,103,20.0,False
2025-04-10T09:00:00+08:00,142815,20324838,0,Wh,103,20.0,False
2025-04-10T09:20:00+08:00,142815,20324856,0,Wh,103,20.0,False
2025-04-10T09:40:00+08:00,142815,20324890,0,Wh,103,20.0,False
2025-04-10T10:00:00+08:00,142815,20324908,0,Wh,103,20.0,False
2025-04-10T10:20:00+08:00,142815,20324941,0,Wh,103,20.0,False
2025-04-10T10:40:00+08:00,142815,20324959,0,Wh,103,20.0,False
2025-04-10T11:00:00+08:00,142815,20324992,0,Wh,103,20.0,False
2025-04-10T11:20:00+08:00,142815,20325020,0,Wh,103,20.0,False
2025-04-10T11:40:00+08:00,142815,20325069,0,Wh,103,20.0,False
2025-04-10T12:00:00+08:00,142815,20325102,0,Wh,103,20.0,False
2025-04-10T12:20:00+08:00,142815,20325151,0,Wh,103,20.0,False
2025-04-10T12:40:00+08:00,142815,20325162,0,Wh,103,20.0,False
2025-04-10T13:00:00+08:00,142815,20325505,0,Wh,103,20.0,False
2025-04-10T13:20:00+08:00,142815,20325684,0,Wh,103,20.0,False
2025-04-10T13:40:00+08:00,142815,20325709,0,Wh,103,20.0,False
2025-04-10T14:00:00+08:00,142815,20325719,0,Wh,103,20.0,False
2025-04-10T14:20:00+08:00,142815,20325743,0,Wh,103,20.0,False
2025-04-10T14:40:00+08:00,142815,20325753,0,Wh,103,20.0,False
2025-04-10T15:00:00+08:00,142815,20325778,0,Wh,103,20.0,False
2025-04-10T15:20:00+08:00,142815,20325788,0,Wh,103,20.0,False
2025-04-10T15:40:00+08:00,142815,20325813,0,Wh,103,20.0,False
2025-04-10T16:00:00+08:00,142815,20325826,0,Wh,103,20.0,False
2025-04-10T16:20:00+08:00,142815,20325913,0,Wh,103,20.0,False
2025-04-10T16:40:00+08:00,142815,20325945,0,Wh,103,20.0,False
2025-04-10T17:00:00+08:00,142815,20325972,0,Wh,103,20.0,False
2025-04-10T17:20:00+08:00,142815,20325982,0,Wh,103,20.0,False
2025-04-10T17:40:00+08:00,142815,20325994,0,Wh,103,20.0,False
2025-04-10T18:00:00+08:00,142815,20326010,0,Wh,103,20.0,False
2025-04-10T18:20:00+08:00,142815,20326027,0,Wh,103,20.0,False
2025-04-10T18:40:00+08:00,142815,20326038,0,Wh,103,20.0,False
2025-04-10T19:00:00+08:00,142815,20326052,0,Wh,103,20.0,False
2025-04-10T19:20:00+08:00,142815,20326071,0,Wh,103,20.0,False
2025-04-10T19:40:00+08:00,142815,20326909,0,Wh,103,20.0,False
2025-04-10T20:00:00+08:00,142815,20327821,0,Wh,103,20.0,False
2025-04-10T20:20:00+08:00,142815,20328517,0,Wh,103,20.0,False
2025-04-10T20:40:00+08:00,142815,20329270,0,Wh,103,20.0,False
2025-04-10T21:00:00+08:00,142815,20329506,0,Wh,103,20.0,False
2025-04-10T21:20:00+08:00,142815,20329722,0,Wh,103,20.0,False
2025-04-10T21:40:00+08:00,142815,20329899,0,Wh,103,20.0,False
2025-04-10T22:00:00+08:00,142815,20330023,0,Wh,103,20.0,False
2025-04-10T22:20:00+08:00,142815,20330129,0,Wh,103,20.0,False
2025-04-10T22:40:00+08:00,142815,20330241,0,Wh,103,20.0,False
2025-04-10T23:00:00+08:00,142815,20330374,0,Wh,103,20.0,False
2025-04-10T23:20:00+08:00,142815,20330497,0,Wh,103,20.0,False
2025-04-10T23:40:00+08:00,142815,20330631,0,Wh,103,20.0,False
2025-04-11T00:00:00+08:00,142815,20330754,0,Wh,103,20.0,False
2025-04-11T00:20:00+08:00,142815,20330873,0,Wh,103,20.0,False
2025-04-11T00:40:00+08:00,142815,20330972,0,Wh,103,20.0,False
2025-04-11T01:00:00+08:00,142815,20331064,0,Wh,103,20.0,False
2025-04-11T01:20:00+08:00,142815,20331156,0,Wh,103,20.0,False
2025-04-11T01:40:00+08:00,142815,20331252,0,Wh,103,20.0,False
2025-04-11T02:00:00+08:00,142815,20331373,0,Wh,103,20.0,False
2025-04-11T02:20:00+08:00,142815,20331511,0,Wh,103,20.0,False
2025-04-11T02:40:00+08:00,142815,20331598,0,Wh,103,20.0,False
2025-04-11T03:00:00+08:00,142815,20331690,0,Wh,103,20.0,False
2025-04-11T03:20:00+08:00,142815,20331764,0,Wh,103,20.0,False
2025-04-11T03:40:00+08:00,142815,20332055,0,Wh,103,20.0,False
2025-04-11T04:00:00+08:00,142815,20332362,0,Wh,103,20.0,False
2025-04-11T04:20:00+08:00,142815,20332428,0,Wh,103,20.0,False
2025-04-11T04:40:00+08:00,142815,20332499,0,Wh,103,20.0,False
2025-04-11T05:00:00+08:00,142815,20332551,0,Wh,103,20.0,False
2025-04-11T05:20:00+08:00,142815,20332610,0,Wh,103,20.0,False
2025-04-11T05:40:00+08:00,142815,20332683,0,Wh,103,20.0,False
2025-04-11T06:00:00+08:00,142815,20332704,0,Wh,103,20.0,False
2025-04-11T06:20:00+08:00,142815,20332735,0,Wh,103,20.0,False
2025-04-11T06:40:00+08:00,142815,20333426,0,Wh,103,20.0,False
2025-04-11T07:00:00+08:00,142815,20334317,0,Wh,103,20.0,False
2025-04-11T07:20:00+08:00,142815,20334356,0,Wh,103,20.0,False
2025-04-11T07:40:00+08:00,142815,20334375,0,Wh,103,20.0,False
2025-04-11T08:00:00+08:00,142815,20334411,0,Wh,103,20.0,False
2025-04-11T08:20:00+08:00,142815,20334431,0,Wh,103,20.0,False
2025-04-11T08:40:00+08:00,142815,20334465,0,Wh,103,20.0,False
2025-04-11T09:00:00+08:00,142815,20334485,0,Wh,103,20.0,False
2025-04-11T09:20:00+08:00,142815,20334519,0,Wh,103,20.0,False
2025-04-11T09:40:00+08:00,142815,20334539,0,Wh,103,20.0,False
2025-04-11T10:00:00+08:00,142815,20334696,0,Wh,103,20.0,False
2025-04-11T10:20:00+08:00,142815,20334730,0,Wh,103,20.0,False
2025-04-11T10:40:00+08:00,142815,20334769,0,Wh,103,20.0,False
2025-04-11T11:00:00+08:00,142815,20334805,0,Wh,103,20.0,False
2025-04-11T11:20:00+08:00,142815,20335260,0,Wh,103,20.0,False
2025-04-11T11:40:00+08:00,142815,20335292,0,Wh,103,20.0,False
2025-04-11T12:00:00+08:00,142815,20335307,0,Wh,103,20.0,False
2025-04-11T12:20:00+08:00,142815,20335330,0,Wh,103,20.0,False
2025-04-11T12:40:00+08:00,142815,20335344,0,Wh,103,20.0,False
2025-04-11T13:00:00+08:00,142815,20335393,0,Wh,103,20.0,False
2025-04-11T13:20:00+08:00,142815,20336082,0,Wh,103,20.0,False
2025-04-11T13:40:00+08:00,142815,20336907,0,Wh,103,20.0,False
2025-04-11T14:00:00+08:00,142815,20338208,0,Wh,103,20.0,False
2025-04-11T14:20:00+08:00,142815,20340373,0,Wh,103,20.0,False
2025-04-11T14:40:00+08:00,142815,20342655,0,Wh,103,20.0,False
2025-04-11T15:00:00+08:00,142815,20343348,0,Wh,103,20.0,False
2025-04-11T15:20:00+08:00,142815,20343816,0,Wh,103,20.0,False
2025-04-11T15:40:00+08:00,142815,20344424,0,Wh,103,20.0,False
2025-04-11T16:00:00+08:00,142815,20344487,0,Wh,103,20.0,False
2025-04-11T16:20:00+08:00,142815,20344555,0,Wh,103,20.0,False
2025-04-11T16:40:00+08:00,142815,20345059,0,Wh,103,20.0,False
2025-04-11T17:00:00+08:00,142815,20345105,0,Wh,103,20.0,False
2025-04-11T17:20:00+08:00,142815,20345129,0,Wh,103,20.0,False
2025-04-11T17:40:00+08:00,142815,20345149,0,Wh,103,20.0,False
2025-04-11T18:00:00+08:00,142815,20345173,0,Wh,103,20.0,False
2025-04-11T18:20:00+08:00,142815,20345197,0,Wh,103,20.0,False
2025-04-11T18:40:00+08:00,142815,20345221,0,Wh,103,20.0,False
2025-04-11T19:00:00+08:00,142815,20345245,0,Wh,103,20.0,False
2025-04-11T19:20:00+08:00,142815,20345268,0,Wh,103,20.0,False
2025-04-11T19:40:00+08:00,142815,20345354,0,Wh,103,20.0,False
2025-04-11T20:00:00+08:00,142815,20345745,0,Wh,103,20.0,False
2025-04-11T20:20:00+08:00,142815,20346399,0,Wh,103,20.0,False
2025-04-11T20:40:00+08:00,142815,20347038,0,Wh,103,20.0,False
2025-04-11T21:00:00+08:00,142815,20347281,0,Wh,103,20.0,False
2025-04-11T21:20:00+08:00,142815,20347514,0,Wh,103,20.0,False
2025-04-11T21:40:00+08:00,142815,20347676,0,Wh,103,20.0,False
2025-04-11T22:00:00+08:00,142815,20347847,0,Wh,103,20.0,False
2025-04-11T22:20:00+08:00,142815,20348036,0,Wh,103,20.0,False
2025-04-11T22:40:00+08:00,142815,20348231,0,Wh,103,20.0,False
2025-04-11T23:00:00+08:00,142815,20348402,0,Wh,103,20.0,False
2025-04-11T23:20:00+08:00,142815,20348890,0,Wh,103,20.0,False
2025-04-11T23:40:00+08:00,142815,20349002,0,Wh,103,20.0,False
2025-04-12T00:00:00+08:00,142815,20349101,0,Wh,103,20.0,False
2025-04-12T00:20:00+08:00,142815,20349203,0,Wh,103,20.0,False
2025-04-12T00:40:00+08:00,142815,20349311,0,Wh,103,20.0,False
2025-04-12T01:00:00+08:00,142815,20349412,0,Wh,103,20.0,False
2025-04-12T01:20:00+08:00,142815,20349509,0,Wh,103,20.0,False
2025-04-12T01:40:00+08:00,142815,20350247,0,Wh,103,20.0,False
2025-04-12T02:00:00+08:00,142815,20350360,0,Wh,103,20.0,False
2025-04-12T02:20:00+08:00,142815,20350454,0,Wh,103,20.0,False
2025-04-12T02:40:00+08:00,142815,20350553,0,Wh,103,20.0,False
2025-04-12T03:00:00+08:00,142815,20350650,0,Wh,103,20.0,False
2025-04-12T03:20:00+08:00,142815,20350736,0,Wh,103,20.0,False
2025-04-12T03:40:00+08:00,142815,20350840,0,Wh,103,20.0,False
2025-04-12T04:00:00+08:00,142815,20350919,0,Wh,103,20.0,False
2025-04-12T04:20:00+08:00,142815,20351004,0,Wh,103,20.0,False
2025-04-12T04:40:00+08:00,142815,20351078,0,Wh,103,20.0,False
2025-04-12T05:00:00+08:00,142815,20351160,0,Wh,103,20.0,False
2025-04-12T05:20:00+08:00,142815,20351197,0,Wh,103,20.0,False
2025-04-12T05:40:00+08:00,142815,20351233,0,Wh,103,20.0,False
2025-04-12T06:00:00+08:00,142815,20351252,0,Wh,103,20.0,False
2025-04-12T06:20:00+08:00,142815,20351290,0,Wh,103,20.0,False
2025-04-12T06:40:00+08:00,142815,20351356,0,Wh,103,20.0,False
2025-04-12T07:00:00+08:00,142815,20351710,0,Wh,103,20.0,False
2025-04-12T07:20:00+08:00,142815,20352400,0,Wh,103,20.0,False
2025-04-12T07:40:00+08:00,142815,20352481,0,Wh,103,20.0,False
2025-04-12T08:00:00+08:00,142815,20352606,0,Wh,103,20.0,False
2025-04-12T08:20:00+08:00,142815,20352648,0,Wh,103,20.0,False
2025-04-12T08:40:00+08:00,142815,20352693,0,Wh,103,20.0,False
2025-04-12T09:00:00+08:00,142815,20352739,0,Wh,103,20.0,False
2025-04-12T09:20:00+08:00,142815,20352773,0,Wh,103,20.0,False
2025-04-12T09:40:00+08:00,142815,20352800,0,Wh,103,20.0,False
2025-04-12T10:00:00+08:00,142815,20352869,0,Wh,103,20.0,False
2025-04-12T10:20:00+08:00,142815,20354108,0,Wh,103,20.0,False
2025-04-12T10:40:00+08:00,142815,20354765,0,Wh,103,20.0,False
2025-04-12T11:00:00+08:00,142815,20355393,0,Wh,103,20.0,False
2025-04-12T11:20:00+08:00,142815,20355570,0,Wh,103,20.0,False
2025-04-12T11:40:00+08:00,142815,20355601,0,Wh,103,20.0,False
2025-04-12T12:00:00+08:00,142815,20355629,0,Wh,103,20.0,False
2025-04-12T12:20:00+08:00,142815,20356984,0,Wh,103,20.0,False
2025-04-12T12:40:00+08:00,142815,20358098,0,Wh,103,20.0,False
2025-04-12T13:00:00+08:00,142815,20358402,0,Wh,103,20.0,False
2025-04-12T13:20:00+08:00,142815,20358609,0,Wh,103,20.0,False
2025-04-12T13:40:00+08:00,142815,20358628,0,Wh,103,20.0,False
2025-04-12T14:00:00+08:00,142815,20358651,0,Wh,103,20.0,False
2025-04-12T14:20:00+08:00,142815,20358675,0,Wh,103,20.0,False
2025-04-12T14:40:00+08:00,142815,20358699,0,Wh,103,20.0,False
2025-04-12T15:00:00+08:00,142815,20358722,0,Wh,103,20.0,False
2025-04-12T15:20:00+08:00,142815,20358746,0,Wh,103,20.0,False
2025-04-12T15:40:00+08:00,142815,20358787,0,Wh,103,20.0,False
2025-04-12T16:00:00+08:00,142815,20358840,0,Wh,103,20.0,False
2025-04-12T16:20:00+08:00,142815,20358861,0,Wh,103,20.0,False
2025-04-12T16:40:00+08:00,142815,20358880,0,Wh,103,20.0,False
2025-04-12T17:00:00+08:00,142815,20358890,0,Wh,103,20.0,False
2025-04-12T17:20:00+08:00,142815,20358901,0,Wh,103,20.0,False
2025-04-12T17:40:00+08:00,142815,20358920,0,Wh,103,20.0,False
2025-04-12T18:00:00+08:00,142815,20358934,0,Wh,103,20.0,False
2025-04-12T18:20:00+08:00,142815,20358944,0,Wh,103,20.0,False
2025-04-12T18:40:00+08:00,142815,20358959,0,Wh,103,20.0,False
2025-04-12T19:00:00+08:00,142815,20358977,0,Wh,103,20.0,False
2025-04-12T19:20:00+08:00,142815,20359447,0,Wh,103,20.0,False
2025-04-12T19:40:00+08:00,142815,20359463,0,Wh,103,20.0,False
2025-04-12T20:00:00+08:00,142815,20359481,0,Wh,103,20.0,False
2025-04-12T20:20:00+08:00,142815,20359491,0,Wh,103,20.0,False
2025-04-12T20:40:00+08:00,142815,20359510,0,Wh,103,20.0,False
2025-04-12T21:00:00+08:00,142815,20359525,0,Wh,103,20.0,False
2025-04-12T21:20:00+08:00,142815,20359535,0,Wh,103,20.0,False
2025-04-12T21:40:00+08:00,142815,20359572,0,Wh,103,20.0,False
2025-04-12T22:00:00+08:00,142815,20360068,0,Wh,103,20.0,False
2025-04-12T22:20:00+08:00,142815,20360133,0,Wh,103,20.0,False
2025-04-12T22:40:00+08:00,142815,20360197,0,Wh,103,20.0,False
2025-04-12T23:00:00+08:00,142815,20360255,0,Wh,103,20.0,False
2025-04-12T23:20:00+08:00,142815,20360324,0,Wh,103,20.0,False
2025-04-12T23:40:00+08:00,142815,20360378,0,Wh,103,20.0,False
2025-04-13T00:00:00+08:00,142815,20360432,0,Wh,103,20.0,False
2025-04-13T00:20:00+08:00,142815,20360486,0,Wh,103,20.0,False
2025-04-13T00:40:00+08:00,142815,20360531,0,Wh,103,20.0,False
2025-04-13T01:00:00+08:00,142815,20360589,0,Wh,103,20.0,False
2025-04-13T01:20:00+08:00,142815,20360638,0,Wh,103,20.0,False
2025-04-13T01:40:00+08:00,142815,20360690,0,Wh,103,20.0,False
2025-04-13T02:00:00+08:00,142815,20360746,0,Wh,103,20.0,False
2025-04-13T02:20:00+08:00,142815,20360777,0,Wh,103,20.0,False
2025-04-13T02:40:00+08:00,142815,20360814,0,Wh,103,20.0,False
2025-04-13T03:00:00+08:00,142815,20360839,0,Wh,103,20.0,False
2025-04-13T03:20:00+08:00,142815,20360868,0,Wh,103,20.0,False
2025-04-13T03:40:00+08:00,142815,20360898,0,Wh,103,20.0,False
2025-04-13T04:00:00+08:00,142815,20360921,0,Wh,103,20.0,False
2025-04-13T04:20:00+08:00,142815,20360957,0,Wh,103,20.0,False
2025-04-13T04:40:00+08:00,142815,20360979,0,Wh,103,20.0,False
2025-04-13T05:00:00+08:00,142815,20361011,0,Wh,103,20.0,False
2025-04-13T05:20:00+08:00,142815,20361040,0,Wh,103,20.0,False
2025-04-13T05:40:00+08:00,142815,20361497,0,Wh,103,20.0,False
2025-04-13T06:00:00+08:00,142815,20361531,0,Wh,103,20.0,False
2025-04-13T06:20:00+08:00,142815,20361553,0,Wh,103,20.0,False
2025-04-13T06:40:00+08:00,142815,20361586,0,Wh,103,20.0,False
2025-04-13T07:00:00+08:00,142815,20361611,0,Wh,103,20.0,False
2025-04-13T07:20:00+08:00,142815,20361638,0,Wh,103,20.0,False
2025-04-13T07:40:00+08:00,142815,20361668,0,Wh,103,20.0,False
2025-04-13T08:00:00+08:00,142815,20361691,0,Wh,103,20.0,False
2025-04-13T08:20:00+08:00,142815,20361726,0,Wh,103,20.0,False
2025-04-13T08:40:00+08:00,142815,20361747,0,Wh,103,20.0,False
2025-04-13T09:00:00+08:00,142815,20361772,0,Wh,103,20.0,False
2025-04-13T09:20:00+08:00,142815,20361787,0,Wh,103,20.0,False
2025-04-13T09:40:00+08:00,142815,20361801,0,Wh,103,20.0,False
2025-04-13T10:00:00+08:00,142815,20361821,0,Wh,103,20.0,False
2025-04-13T10:20:00+08:00,142815,20361831,0,Wh,103,20.0,False
2025-04-13T10:40:00+08:00,142815,20361854,0,Wh,103,20.0,False
2025-04-13T11:00:00+08:00,142815,20362808,0,Wh,103,20.0,False
2025-04-13T11:20:00+08:00,142815,20363641,0,Wh,103,20.0,False
2025-04-13T11:40:00+08:00,142815,20363903,0,Wh,103,20.0,False
2025-04-13T12:00:00+08:00,142815,20364142,0,Wh,103,20.0,False
2025-04-13T12:20:00+08:00,142815,20364378,0,Wh,103,20.0,False
2025-04-13T12:40:00+08:00,142815,20364579,0,Wh,103,20.0,False
2025-04-13T13:00:00+08:00,142815,20364600,0,Wh,103,20.0,False
2025-04-13T13:20:00+08:00,142815,20364613,0,Wh,103,20.0,False
2025-04-13T13:40:00+08:00,142815,20364625,0,Wh,103,20.0,False
2025-04-13T14:00:00+08:00,142815,20364645,0,Wh,103,20.0,False
2025-04-13T14:20:00+08:00,142815,20364656,0,Wh,103,20.0,False
2025-04-13T14:40:00+08:00,142815,20364675,0,Wh,103,20.0,False
2025-04-13T15:00:00+08:00,142815,20364688,0,Wh,103,20.0,False
2025-04-13T15:20:00+08:00,142815,20364703,0,Wh,103,20.0,False
2025-04-13T15:40:00+08:00,142815,20364721,0,Wh,103,20.0,False
2025-04-13T16:00:00+08:00,142815,20364731,0,Wh,103,20.0,False
2025-04-13T16:20:00+08:00,142815,20364754,0,Wh,103,20.0,False
2025-04-13T16:40:00+08:00,142815,20364764,0,Wh,103,20.0,False
2025-04-13T17:00:00+08:00,142815,20364784,0,Wh,103,20.0,False
2025-04-13T17:20:00+08:00,142815,20364797,0,Wh,103,20.0,False
2025-04-13T17:40:00+08:00,142815,20364813,0,Wh,103,20.0,False
2025-04-13T18:00:00+08:00,142815,20364831,0,Wh,103,20.0,False
2025-04-13T18:20:00+08:00,142815,20365629,0,Wh,103,20.0,False
2025-04-13T18:40:00+08:00,142815,20365658,0,Wh,103,20.0,False
2025-04-13T19:00:00+08:00,142815,20366216,0,Wh,103,20.0,False
2025-04-13T19:20:00+08:00,142815,20366272,0,Wh,103,20.0,False
2025-04-13T19:40:00+08:00,142815,20366327,0,Wh,103,20.0,False
2025-04-13T20:00:00+08:00,142815,20366383,0,Wh,103,20.0,False
2025-04-13T20:20:00+08:00,142815,20366437,0,Wh,103,20.0,False
2025-04-13T20:40:00+08:00,142815,20366494,0,Wh,103,20.0,False
2025-04-13T21:00:00+08:00,142815,20366546,0,Wh,103,20.0,False
2025-04-13T21:20:00+08:00,142815,20366605,0,Wh,103,20.0,False
2025-04-13T21:40:00+08:00,142815,20366657,0,Wh,103,20.0,False
2025-04-13T22:00:00+08:00,142815,20366716,0,Wh,103,20.0,False
2025-04-13T22:20:00+08:00,142815,20366767,0,Wh,103,20.0,False
2025-04-13T22:40:00+08:00,142815,20366827,0,Wh,103,20.0,False
2025-04-13T23:00:00+08:00,142815,20366876,0,Wh,103,20.0,False
2025-04-13T23:20:00+08:00,142815,20366937,0,Wh,103,20.0,False
2025-04-13T23:40:00+08:00,142815,20366988,0,Wh,103,20.0,False
2025-04-14T00:00:00+08:00,142815,20367050,0,Wh,103,20.0,False
2025-04-14T00:20:00+08:00,142815,20367102,0,Wh,103,20.0,False
2025-04-14T00:40:00+08:00,142815,20367163,0,Wh,103,20.0,False
2025-04-14T01:00:00+08:00,142815,20367199,0,Wh,103,20.0,False
2025-04-14T01:20:00+08:00,142815,20367235,0,Wh,103,20.0,False
2025-04-14T01:40:00+08:00,142815,20367269,0,Wh,103,20.0,False
2025-04-14T02:00:00+08:00,142815,20367300,0,Wh,103,20.0,False
2025-04-14T02:20:00+08:00,142815,20367334,0,Wh,103,20.0,False
2025-04-14T02:40:00+08:00,142815,20367363,0,Wh,103,20.0,False
2025-04-14T03:00:00+08:00,142815,20367400,0,Wh,103,20.0,False
2025-04-14T03:20:00+08:00,142815,20367880,0,Wh,103,20.0,False
2025-04-14T03:40:00+08:00,142815,20367919,0,Wh,103,20.0,False
2025-04-14T04:00:00+08:00,142815,20367946,0,Wh,103,20.0,False
2025-04-14T04:20:00+08:00,142815,20367984,0,Wh,103,20.0,False
2025-04-14T04:40:00+08:00,142815,20368014,0,Wh,103,20.0,False
2025-04-14T05:00:00+08:00,142815,20368047,0,Wh,103,20.0,False
2025-04-14T05:20:00+08:00,142815,20368080,0,Wh,103,20.0,False
2025-04-14T05:40:00+08:00,142815,20368110,0,Wh,103,20.0,False
2025-04-14T06:00:00+08:00,142815,20368145,0,Wh,103,20.0,False
2025-04-14T06:20:00+08:00,142815,20368172,0,Wh,103,20.0,False
2025-04-14T06:40:00+08:00,142815,20368210,0,Wh,103,20.0,False
2025-04-14T07:00:00+08:00,142815,20368236,0,Wh,103,20.0,False
2025-04-14T07:20:00+08:00,142815,20368273,0,Wh,103,20.0,False
2025-04-14T07:40:00+08:00,142815,20368286,0,Wh,103,20.0,False
2025-04-14T08:00:00+08:00,142815,20368308,0,Wh,103,20.0,False
2025-04-14T08:20:00+08:00,142815,20368318,0,Wh,103,20.0,False
2025-04-14T08:40:00+08:00,142815,20368339,0,Wh,103,20.0,False
2025-04-14T09:00:00+08:00,142815,20368350,0,Wh,103,20.0,False
2025-04-14T09:20:00+08:00,142815,20368370,0,Wh,103,20.0,False
2025-04-14T09:40:00+08:00,142815,20368382,0,Wh,103,20.0,False
2025-04-14T10:00:00+08:00,142815,20368400,0,Wh,103,20.0,False
2025-04-14T10:20:00+08:00,142815,20368413,0,Wh,103,20.0,False
2025-04-14T10:40:00+08:00,142815,20368431,0,Wh,103,20.0,False
2025-04-14T11:00:00+08:00,142815,20368444,0,Wh,103,20.0,False
2025-04-14T11:20:00+08:00,142815,20368461,0,Wh,103,20.0,False
2025-04-14T11:40:00+08:00,142815,20368476,0,Wh,103,20.0,False
2025-04-14T12:00:00+08:00,142815,20368492,0,Wh,103,20.0,False
2025-04-14T12:20:00+08:00,142815,20368507,0,Wh,103,20.0,False
2025-04-14T12:40:00+08:00,142815,20368523,0,Wh,103,20.0,False
2025-04-14T13:00:00+08:00,142815,20368539,0,Wh,103,20.0,False
2025-04-14T13:20:00+08:00,142815,20368554,0,Wh,103,20.0,False
2025-04-14T13:40:00+08:00,142815,20368570,0,Wh,103,20.0,False
2025-04-14T14:00:00+08:00,142815,20368585,0,Wh,103,20.0,False
2025-04-14T14:20:00+08:00,142815,20369093,0,Wh,103,20.0,False
2025-04-14T14:40:00+08:00,142815,20369109,0,Wh,103,20.0,False
2025-04-07T00:20:00+08:00,142816,27958236,0,Wh,201,20.0,False
2025-04-07T00:40:00+08:00,142816,27958282,0,Wh,201,20.0,False
2025-04-07T01:00:00+08:00,142816,27958340,0,Wh,201,20.0,False
2025-04-07T01:20:00+08:00,142816,27958400,0,Wh,201,20.0,False
2025-04-07T01:40:00+08:00,142816,27958452,0,Wh,201,20.0,False
2025-04-07T02:00:00+08:00,142816,27958512,0,Wh,201,20.0,False
2025-04-07T02:20:00+08:00,142816,27958559,0,Wh,201,20.0,False
2025-04-07T02:40:00+08:00,142816,27958618,0,Wh,201,20.0,False
2025-04-07T03:00:00+08:00,142816,27958666,0,Wh,201,20.0,False
2025-04-07T03:20:00+08:00,142816,27958714,0,Wh,201,20.0,False
2025-04-07T03:40:00+08:00,142816,27958839,0,Wh,201,20.0,False
2025-04-07T04:00:00+08:00,142816,27958909,0,Wh,201,20.0,False
2025-04-07T04:20:00+08:00,142816,27959503,0,Wh,201,20.0,False
2025-04-07T04:40:00+08:00,142816,27960663,0,Wh,201,20.0,False
2025-04-07T05:00:00+08:00,142816,27960729,0,Wh,201,20.0,False
2025-04-07T05:20:00+08:00,142816,27960788,0,Wh,201,20.0,False
2025-04-07T05:40:00+08:00,142816,27960849,0,Wh,201,20.0,False
2025-04-07T06:00:00+08:00,142816,27960921,0,Wh,201,20.0,False
2025-04-07T06:20:00+08:00,142816,27961411,0,Wh,201,20.0,False
2025-04-07T06:40:00+08:00,142816,27961475,0,Wh,201,20.0,False
2025-04-07T07:00:00+08:00,142816,27961538,0,Wh,201,20.0,False
2025-04-07T07:20:00+08:00,142816,27961595,0,Wh,201,20.0,False
2025-04-07T07:40:00+08:00,142816,27961655,0,Wh,201,20.0,False
2025-04-07T08:00:00+08:00,142816,27961709,0,Wh,201,20.0,False
2025-04-07T08:20:00+08:00,142816,27961770,0,Wh,201,20.0,False
2025-04-07T08:40:00+08:00,142816,27961819,0,Wh,201,20.0,False
2025-04-07T09:00:00+08:00,142816,27961882,0,Wh,201,20.0,False
2025-04-07T09:20:00+08:00,142816,27961913,0,Wh,201,20.0,False
2025-04-07T09:40:00+08:00,142816,27961942,0,Wh,201,20.0,False
2025-04-07T10:00:00+08:00,142816,27961983,0,Wh,201,20.0,False
2025-04-07T10:20:00+08:00,142816,27962027,0,Wh,201,20.0,False
2025-04-07T10:40:00+08:00,142816,27962060,0,Wh,201,20.0,False
2025-04-07T11:00:00+08:00,142816,27962101,0,Wh,201,20.0,False
2025-04-07T11:20:00+08:00,142816,27962146,0,Wh,201,20.0,False
2025-04-07T11:40:00+08:00,142816,27962510,0,Wh,201,20.0,False
2025-04-07T12:00:00+08:00,142816,27962562,0,Wh,201,20.0,False
2025-04-07T12:20:00+08:00,142816,27962606,0,Wh,201,20.0,False
2025-04-07T12:40:00+08:00,142816,27962645,0,Wh,201,20.0,False
2025-04-07T13:00:00+08:00,142816,27962691,0,Wh,201,20.0,False
2025-04-07T13:20:00+08:00,142816,27962727,0,Wh,201,20.0,False
2025-04-07T13:40:00+08:00,142816,27963791,0,Wh,201,20.0,False
2025-04-07T14:00:00+08:00,142816,27963837,0,Wh,201,20.0,False
2025-04-07T14:20:00+08:00,142816,27963883,0,Wh,201,20.0,False
2025-04-07T14:40:00+08:00,142816,27963942,0,Wh,201,20.0,False
2025-04-07T15:00:00+08:00,142816,27964006,0,Wh,201,20.0,False
2025-04-07T15:20:00+08:00,142816,27964076,0,Wh,201,20.0,False
2025-04-07T15:40:00+08:00,142816,27964152,0,Wh,201,20.0,False
2025-04-07T16:00:00+08:00,142816,27964228,0,Wh,201,20.0,False
2025-04-07T16:20:00+08:00,142816,27964303,0,Wh,201,20.0,False
2025-04-07T16:40:00+08:00,142816,27964366,0,Wh,201,20.0,False
2025-04-07T17:00:00+08:00,142816,27964438,0,Wh,201,20.0,False
2025-04-07T17:20:00+08:00,142816,27964517,0,Wh,201,20.0,False
2025-04-07T17:40:00+08:00,142816,27964926,0,Wh,201,20.0,False
2025-04-07T18:00:00+08:00,142816,27965400,0,Wh,201,20.0,False
2025-04-07T18:20:00+08:00,142816,27966215,0,Wh,201,20.0,False
2025-04-07T18:40:00+08:00,142816,27966676,0,Wh,201,20.0,False
2025-04-07T19:00:00+08:00,142816,27966817,0,Wh,201,20.0,False
2025-04-07T19:20:00+08:00,142816,27966956,0,Wh,201,20.0,False
2025-04-07T19:40:00+08:00,142816,27967094,0,Wh,201,20.0,False
2025-04-07T20:00:00+08:00,142816,27967369,0,Wh,201,20.0,False
2025-04-07T20:20:00+08:00,142816,27967515,0,Wh,201,20.0,False
2025-04-07T20:40:00+08:00,142816,27967627,0,Wh,201,20.0,False
2025-04-07T21:00:00+08:00,142816,27967715,0,Wh,201,20.0,False
2025-04-07T21:20:00+08:00,142816,27967932,0,Wh,201,20.0,False
2025-04-07T21:40:00+08:00,142816,27968307,0,Wh,201,20.0,False
2025-04-07T22:00:00+08:00,142816,27968700,0,Wh,201,20.0,False
2025-04-07T22:20:00+08:00,142816,27969048,0,Wh,201,20.0,False
2025-04-07T22:40:00+08:00,142816,27969079,0,Wh,201,20.0,False
2025-04-07T23:00:00+08:00,142816,27969276,0,Wh,201,20.0,False
2025-04-07T23:20:00+08:00,142816,27969458,0,Wh,201,20.0,False
2025-04-07T23:40:00+08:00,142816,27969500,0,Wh,201,20.0,False
2025-04-08T00:00:00+08:00,142816,27969544,0,Wh,201,20.0,False
2025-04-08T00:20:00+08:00,142816,27969589,0,Wh,201,20.0,False
2025-04-08T00:40:00+08:00,142816,27969635,0,Wh,201,20.0,False
2025-04-08T01:00:00+08:00,142816,27969677,0,Wh,201,20.0,False
2025-04-08T01:20:00+08:00,142816,27969713,0,Wh,201,20.0,False
2025-04-08T01:40:00+08:00,142816,27969762,0,Wh,201,20.0,False
2025-04-08T02:00:00+08:00,142816,27969800,0,Wh,201,20.0,False
2025-04-08T02:20:00+08:00,142816,27969844,0,Wh,201,20.0,False
2025-04-08T02:40:00+08:00,142816,27969887,0,Wh,201,20.0,False
2025-04-08T03:00:00+08:00,142816,27969921,0,Wh,201,20.0,False
2025-04-08T03:20:00+08:00,142816,27969939,0,Wh,201,20.0,False
2025-04-08T03:40:00+08:00,142816,27969962,0,Wh,201,20.0,False
2025-04-08T04:00:00+08:00,142816,27969995,0,Wh,201,20.0,False
2025-04-08T04:20:00+08:00,142816,27970015,0,Wh,201,20.0,False
2025-04-08T04:40:00+08:00,142816,27970045,0,Wh,201,20.0,False
2025-04-08T05:00:00+08:00,142816,27970067,0,Wh,201,20.0,False
2025-04-08T05:20:00+08:00,142816,27970095,0,Wh,201,20.0,False
2025-04-08T05:40:00+08:00,142816,27970120,0,Wh,201,20.0,False
2025-04-08T06:00:00+08:00,142816,27970340,0,Wh,201,20.0,False
2025-04-08T06:20:00+08:00,142816,27970527,0,Wh,201,20.0,False
2025-04-08T06:40:00+08:00,142816,27970559,0,Wh,201,20.0,False
2025-04-08T07:00:00+08:00,142816,27970638,0,Wh,201,20.0,False
2025-04-08T07:20:00+08:00,142816,27970722,0,Wh,201,20.0,False
2025-04-08T07:40:00+08:00,142816,27970769,0,Wh,201,20.0,False
2025-04-08T08:00:00+08:00,142816,27970811,0,Wh,201,20.0,False
2025-04-08T08:20:00+08:00,142816,27970841,0,Wh,201,20.0,False
2025-04-08T08:40:00+08:00,142816,27970898,0,Wh,201,20.0,False
2025-04-08T09:00:00+08:00,142816,27970962,0,Wh,201,20.0,False
2025-04-08T09:20:00+08:00,142816,27971017,0,Wh,201,20.0,False
2025-04-08T09:40:00+08:00,142816,27971085,0,Wh,201,20.0,False
2025-04-08T10:00:00+08:00,142816,27971156,0,Wh,201,20.0,False
2025-04-08T10:20:00+08:00,142816,27971251,0,Wh,201,20.0,False
2025-04-08T10:40:00+08:00,142816,27971354,0,Wh,201,20.0,False
2025-04-08T11:00:00+08:00,142816,27971717,0,Wh,201,20.0,False
2025-04-08T11:20:00+08:00,142816,27972973,0,Wh,201,20.0,False
2025-04-08T11:40:00+08:00,142816,27974247,0,Wh,201,20.0,False
2025-04-08T12:00:00+08:00,142816,27975580,0,Wh,201,20.0,False
2025-04-08T12:20:00+08:00,142816,27976389,0,Wh,201,20.0,False
2025-04-08T12:40:00+08:00,142816,27976821,0,Wh,201,20.0,False
2025-04-08T13:00:00+08:00,142816,27976959,0,Wh,201,20.0,False
2025-04-08T13:20:00+08:00,142816,27977006,0,Wh,201,20.0,False
2025-04-08T13:40:00+08:00,142816,27977065,0,Wh,201,20.0,False
2025-04-08T14:00:00+08:00,142816,27977122,0,Wh,201,20.0,False
2025-04-08T14:20:00+08:00,142816,27977234,0,Wh,201,20.0,False
2025-04-08T14:40:00+08:00,142816,27977681,0,Wh,201,20.0,False
2025-04-08T15:00:00+08:00,142816,27977746,0,Wh,201,20.0,False
2025-04-08T15:20:00+08:00,142816,27977814,0,Wh,201,20.0,False
2025-04-08T15:40:00+08:00,142816,27977888,0,Wh,201,20.0,False
2025-04-08T16:00:00+08:00,142816,27977949,0,Wh,201,20.0,False
2025-04-08T16:20:00+08:00,142816,27978023,0,Wh,201,20.0,False
2025-04-08T16:40:00+08:00,142816,27978097,0,Wh,201,20.0,False
2025-04-08T17:00:00+08:00,142816,27978170,0,Wh,201,20.0,False
2025-04-08T17:20:00+08:00,142816,27978243,0,Wh,201,20.0,False
2025-04-08T17:40:00+08:00,142816,27978315,0,Wh,201,20.0,False
2025-04-08T18:00:00+08:00,142816,27978377,0,Wh,201,20.0,False
2025-04-08T18:20:00+08:00,142816,27978430,0,Wh,201,20.0,False
2025-04-08T18:40:00+08:00,142816,27978502,0,Wh,201,20.0,False
2025-04-08T19:00:00+08:00,142816,27978575,0,Wh,201,20.0,False
2025-04-08T19:20:00+08:00,142816,27978641,0,Wh,201,20.0,False
2025-04-08T19:40:00+08:00,142816,27978684,0,Wh,201,20.0,False
2025-04-08T20:00:00+08:00,142816,27978750,0,Wh,201,20.0,False
2025-04-08T20:20:00+08:00,142816,27978796,0,Wh,201,20.0,False
2025-04-08T20:40:00+08:00,142816,27978839,0,Wh,201,20.0,False
2025-04-08T21:00:00+08:00,142816,27978877,0,Wh,201,20.0,False
2025-04-08T21:20:00+08:00,142816,27979285,0,Wh,201,20.0,False
2025-04-08T21:40:00+08:00,142816,27979330,0,Wh,201,20.0,False
2025-04-08T22:00:00+08:00,142816,27979369,0,Wh,201,20.0,False
2025-04-08T22:20:00+08:00,142816,27979408,0,Wh,201,20.0,False
2025-04-08T22:40:00+08:00,142816,27979453,0,Wh,201,20.0,False
2025-04-08T23:00:00+08:00,142816,27979471,0,Wh,201,20.0,False
2025-04-08T23:20:00+08:00,142816,27979489,0,Wh,201,20.0,False
2025-04-08T23:40:00+08:00,142816,27979522,0,Wh,201,20.0,False
2025-04-09T00:00:00+08:00,142816,27979540,0,Wh,201,20.0,False
2025-04-09T00:20:00+08:00,142816,27979569,0,Wh,201,20.0,False
2025-04-09T00:40:00+08:00,142816,27979592,0,Wh,201,20.0,False
2025-04-09T01:00:00+08:00,142816,27979621,0,Wh,201,20.0,False
2025-04-09T01:20:00+08:00,142816,27979646,0,Wh,201,20.0,False
2025-04-09T01:40:00+08:00,142816,27979674,0,Wh,201,20.0,False
2025-04-09T02:00:00+08:00,142816,27979699,0,Wh,201,20.0,False
2025-04-09T02:20:00+08:00,142816,27979730,0,Wh,201,20.0,False
2025-04-09T02:40:00+08:00,142816,27979754,0,Wh,201,20.0,False
2025-04-09T03:00:00+08:00,142816,27979787,0,Wh,201,20.0,False
2025-04-09T03:20:00+08:00,142816,27979808,0,Wh,201,20.0,False
2025-04-09T03:40:00+08:00,142816,27979842,0,Wh,201,20.0,False
2025-04-09T04:00:00+08:00,142816,27979866,0,Wh,201,20.0,False
2025-04-09T04:20:00+08:00,142816,27980287,0,Wh,201,20.0,False
2025-04-09T04:40:00+08:00,142816,27980318,0,Wh,201,20.0,False
2025-04-09T05:00:00+08:00,142816,27980342,0,Wh,201,20.0,False
2025-04-09T05:20:00+08:00,142816,27980376,0,Wh,201,20.0,False
2025-04-09T05:40:00+08:00,142816,27980399,0,Wh,201,20.0,False
2025-04-09T06:00:00+08:00,142816,27980431,0,Wh,201,20.0,False
2025-04-09T06:20:00+08:00,142816,27980464,0,Wh,201,20.0,False
2025-04-09T06:40:00+08:00,142816,27980488,0,Wh,201,20.0,False
2025-04-09T07:00:00+08:00,142816,27980522,0,Wh,201,20.0,False
2025-04-09T07:20:00+08:00,142816,27980548,0,Wh,201,20.0,False
2025-04-09T07:40:00+08:00,142816,27980580,0,Wh,201,20.0,False
2025-04-09T08:00:00+08:00,142816,27980614,0,Wh,201,20.0,False
2025-04-09T08:20:00+08:00,142816,27980637,0,Wh,201,20.0,False
2025-04-09T08:40:00+08:00,142816,27980671,0,Wh,201,20.0,False
2025-04-09T09:00:00+08:00,142816,27980699,0,Wh,201,20.0,False
2025-04-09T09:20:00+08:00,142816,27980728,0,Wh,201,20.0,False
2025-04-09T09:40:00+08:00,142816,27980763,0,Wh,201,20.0,False
2025-04-09T10:00:00+08:00,142816,27980786,0,Wh,201,20.0,False
2025-04-09T10:20:00+08:00,142816,27980820,0,Wh,201,20.0,False
2025-04-09T10:40:00+08:00,142816,27980854,0,Wh,201,20.0,False
2025-04-09T11:00:00+08:00,142816,27980877,0,Wh,201,20.0,False
2025-04-09T11:20:00+08:00,142816,27981002,0,Wh,201,20.0,False
2025-04-09T11:40:00+08:00,142816,27981317,0,Wh,201,20.0,False
2025-04-09T12:00:00+08:00,142816,27981341,0,Wh,201,20.0,False
2025-04-09T12:20:00+08:00,142816,27981388,0,Wh,201,20.0,False
2025-04-09T12:40:00+08:00,142816,27981436,0,Wh,201,20.0,False
2025-04-09T13:00:00+08:00,142816,27981509,0,Wh,201,20.0,False
2025-04-09T13:20:00+08:00,142816,27981692,0,Wh,201,20.0,False
2025-04-09T13:40:00+08:00,142816,27982333,0,Wh,201,20.0,False
2025-04-09T14:00:00+08:00,142816,27982903,0,Wh,201,20.0,False
2025-04-09T14:20:00+08:00,142816,27983203,0,Wh,201,20.0,False
2025-04-09T14:40:00+08:00,142816,27983700,0,Wh,201,20.0,False
2025-04-09T15:00:00+08:00,142816,27984164,0,Wh,201,20.0,False
2025-04-09T15:20:00+08:00,142816,27984614,0,Wh,201,20.0,False
2025-04-09T15:40:00+08:00,142816,27984741,0,Wh,201,20.0,False
2025-04-09T16:00:00+08:00,142816,27985043,0,Wh,201,20.0,False
2025-04-09T16:20:00+08:00,142816,27985510,0,Wh,201,20.0,False
2025-04-09T16:40:00+08:00,142816,27985960,0,Wh,201,20.0,False
2025-04-09T17:00:00+08:00,142816,27986421,0,Wh,201,20.0,False
2025-04-09T17:20:00+08:00,142816,27986879,0,Wh,201,20.0,False
2025-04-09T17:40:00+08:00,142816,27987312,0,Wh,201,20.0,False
2025-04-09T18:00:00+08:00,142816,27987719,0,Wh,201,20.0,False
2025-04-09T18:20:00+08:00,142816,27988725,0,Wh,201,20.0,False
2025-04-09T18:40:00+08:00,142816,27989844,0,Wh,201,20.0,False
2025-04-09T19:00:00+08:00,142816,27990622,0,Wh,201,20.0,False
2025-04-09T19:20:00+08:00,142816,27990797,0,Wh,201,20.0,False
2025-04-09T19:40:00+08:00,142816,27991035,0,Wh,201,20.0,False
2025-04-09T20:00:00+08:00,142816,27992407,0,Wh,201,20.0,False
2025-04-09T20:20:00+08:00,142816,27992652,0,Wh,201,20.0,False
2025-04-09T20:40:00+08:00,142816,27992816,0,Wh,201,20.0,False
2025-04-09T21:00:00+08:00,142816,27992953,0,Wh,201,20.0,False
2025-04-09T21:20:00+08:00,142816,27993646,0,Wh,201,20.0,False
2025-04-09T21:40:00+08:00,142816,27994466,0,Wh,201,20.0,False
2025-04-09T22:00:00+08:00,142816,27994644,0,Wh,201,20.0,False
2025-04-09T22:20:00+08:00,142816,27994728,0,Wh,201,20.0,False
2025-04-09T22:40:00+08:00,142816,27995444,0,Wh,201,20.0,False
2025-04-09T23:00:00+08:00,142816,27995501,0,Wh,201,20.0,False
2025-04-09T23:20:00+08:00,142816,27995548,0,Wh,201,20.0,False
2025-04-09T23:40:00+08:00,142816,27995602,0,Wh,201,20.0,False
2025-04-10T00:00:00+08:00,142816,27995645,0,Wh,201,20.0,False
2025-04-10T00:20:00+08:00,142816,27995686,0,Wh,201,20.0,False
2025-04-10T00:40:00+08:00,142816,27995739,0,Wh,201,20.0,False
2025-04-10T01:00:00+08:00,142816,27995775,0,Wh,201,20.0,False
2025-04-10T01:20:00+08:00,142816,27995830,0,Wh,201,20.0,False
2025-04-10T01:40:00+08:00,142816,27995872,0,Wh,201,20.0,False
2025-04-10T02:00:00+08:00,142816,27995918,0,Wh,201,20.0,False
2025-04-10T02:20:00+08:00,142816,27995972,0,Wh,201,20.0,False
2025-04-10T02:40:00+08:00,142816,27996013,0,Wh,201,20.0,False
2025-04-10T03:00:00+08:00,142816,27996057,0,Wh,201,20.0,False
2025-04-10T03:20:00+08:00,142816,27996107,0,Wh,201,20.0,False
2025-04-10T03:40:00+08:00,142816,27996154,0,Wh,201,20.0,False
2025-04-10T04:00:00+08:00,142816,27996545,0,Wh,201,20.0,False
2025-04-10T04:20:00+08:00,142816,27997630,0,Wh,201,20.0,False
2025-04-10T04:40:00+08:00,142816,27997789,0,Wh,201,20.0,False
2025-04-10T05:00:00+08:00,142816,27997850,0,Wh,201,20.0,False
2025-04-10T05:20:00+08:00,142816,27997909,0,Wh,201,20.0,False
2025-04-10T05:40:00+08:00,142816,27997965,0,Wh,201,20.0,False
2025-04-10T06:00:00+08:00,142816,27998082,0,Wh,201,20.0,False
2025-04-10T06:20:00+08:00,142816,27998469,0,Wh,201,20.0,False
2025-04-10T06:40:00+08:00,142816,27998820,0,Wh,201,20.0,False
2025-04-10T07:00:00+08:00,142816,27998885,0,Wh,201,20.0,False
2025-04-10T07:20:00+08:00,142816,27998946,0,Wh,201,20.0,False
2025-04-10T07:40:00+08:00,142816,27998994,0,Wh,201,20.0,False
2025-04-10T08:00:00+08:00,142816,27999049,0,Wh,201,20.0,False
2025-04-10T08:20:00+08:00,142816,27999110,0,Wh,201,20.0,False
2025-04-10T08:40:00+08:00,142816,27999159,0,Wh,201,20.0,False
2025-04-10T09:00:00+08:00,142816,27999207,0,Wh,201,20.0,False
2025-04-10T09:20:00+08:00,142816,27999266,0,Wh,201,20.0,False
2025-04-10T09:40:00+08:00,142816,27999294,0,Wh,201,20.0,False
2025-04-10T10:00:00+08:00,142816,27999322,0,Wh,201,20.0,False
2025-04-10T10:20:00+08:00,142816,27999359,0,Wh,201,20.0,False
2025-04-10T10:40:00+08:00,142816,27999402,0,Wh,201,20.0,False
2025-04-10T11:00:00+08:00,142816,27999432,0,Wh,201,20.0,False
2025-04-10T11:20:00+08:00,142816,27999470,0,Wh,201,20.0,False
2025-04-10T11:40:00+08:00,142816,27999550,0,Wh,201,20.0,False
2025-04-10T12:00:00+08:00,142816,28000102,0,Wh,201,20.0,False
2025-04-10T12:20:00+08:00,142816,28000142,0,Wh,201,20.0,False
2025-04-10T12:40:00+08:00,142816,28000175,0,Wh,201,20.0,False
2025-04-10T13:00:00+08:00,142816,28000216,0,Wh,201,20.0,False
2025-04-10T13:20:00+08:00,142816,28000245,0,Wh,201,20.0,False
2025-04-10T13:40:00+08:00,142816,28000396,0,Wh,201,20.0,False
2025-04-10T14:00:00+08:00,142816,28001608,0,Wh,201,20.0,False
2025-04-10T14:20:00+08:00,142816,28002682,0,Wh,201,20.0,False
2025-04-10T14:40:00+08:00,142816,28002721,0,Wh,201,20.0,False
2025-04-10T15:00:00+08:00,142816,28002752,0,Wh,201,20.0,False
2025-04-10T15:20:00+08:00,142816,28002794,0,Wh,201,20.0,False
2025-04-10T15:40:00+08:00,142816,28002828,0,Wh,201,20.0,False
2025-04-10T16:00:00+08:00,142816,28002865,0,Wh,201,20.0,False
2025-04-10T16:20:00+08:00,142816,28002907,0,Wh,201,20.0,False
2025-04-10T16:40:00+08:00,142816,28002936,0,Wh,201,20.0,False
2025-04-10T17:00:00+08:00,142816,28002978,0,Wh,201,20.0,False
2025-04-10T17:20:00+08:00,142816,28003441,0,Wh,201,20.0,False
2025-04-10T17:40:00+08:00,142816,28003693,0,Wh,201,20.0,False
2025-04-10T18:00:00+08:00,142816,28004197,0,Wh,201,20.0,False
2025-04-10T18:20:00+08:00,142816,28004692,0,Wh,201,20.0,False
2025-04-10T18:40:00+08:00,142816,28005108,0,Wh,201,20.0,False
2025-04-10T19:00:00+08:00,142816,28005519,0,Wh,201,20.0,False
2025-04-10T19:20:00+08:00,142816,28005911,0,Wh,201,20.0,False
2025-04-10T19:40:00+08:00,142816,28006305,0,Wh,201,20.0,False
2025-04-10T20:00:00+08:00,142816,28006611,0,Wh,201,20.0,False
2025-04-10T20:20:00+08:00,142816,28007119,0,Wh,201,20.0,False
2025-04-10T20:40:00+08:00,142816,28008085,0,Wh,201,20.0,False
2025-04-10T21:00:00+08:00,142816,28008287,0,Wh,201,20.0,False
2025-04-10T21:20:00+08:00,142816,28008481,0,Wh,201,20.0,False
2025-04-10T21:40:00+08:00,142816,28008620,0,Wh,201,20.0,False
2025-04-10T22:00:00+08:00,142816,28009243,0,Wh,201,20.0,False
2025-04-10T22:20:00+08:00,142816,28009313,0,Wh,201,20.0,False
2025-04-10T22:40:00+08:00,142816,28009368,0,Wh,201,20.0,False
2025-04-10T23:00:00+08:00,142816,28009416,0,Wh,201,20.0,False
2025-04-10T23:20:00+08:00,142816,28009474,0,Wh,201,20.0,False
2025-04-10T23:40:00+08:00,142816,28009521,0,Wh,201,20.0,False
2025-04-11T00:00:00+08:00,142816,28009573,0,Wh,201,20.0,False
2025-04-11T00:20:00+08:00,142816,28009618,0,Wh,201,20.0,False
2025-04-11T00:40:00+08:00,142816,28009676,0,Wh,201,20.0,False
2025-04-11T01:00:00+08:00,142816,28009722,0,Wh,201,20.0,False
2025-04-11T01:20:00+08:00,142816,28009769,0,Wh,201,20.0,False
2025-04-11T01:40:00+08:00,142816,28009825,0,Wh,201,20.0,False
2025-04-11T02:00:00+08:00,142816,28009864,0,Wh,201,20.0,False
2025-04-11T02:20:00+08:00,142816,28009893,0,Wh,201,20.0,False
2025-04-11T02:40:00+08:00,142816,28009920,0,Wh,201,20.0,False
2025-04-11T03:00:00+08:00,142816,28009962,0,Wh,201,20.0,False
2025-04-11T03:20:00+08:00,142816,28009993,0,Wh,201,20.0,False
2025-04-11T03:40:00+08:00,142816,28010372,0,Wh,201,20.0,False
2025-04-11T04:00:00+08:00,142816,28010475,0,Wh,201,20.0,False
2025-04-11T04:20:00+08:00,142816,28011723,0,Wh,201,20.0,False
2025-04-11T04:40:00+08:00,142816,28011799,0,Wh,201,20.0,False
2025-04-11T05:00:00+08:00,142816,28011842,0,Wh,201,20.0,False
2025-04-11T05:20:00+08:00,142816,28011894,0,Wh,201,20.0,False
2025-04-11T05:40:00+08:00,142816,28011965,0,Wh,201,20.0,False
2025-04-11T06:00:00+08:00,142816,28012033,0,Wh,201,20.0,False
2025-04-11T06:20:00+08:00,142816,28012098,0,Wh,201,20.0,False
2025-04-11T06:40:00+08:00,142816,28012166,0,Wh,201,20.0,False
2025-04-11T07:00:00+08:00,142816,28012302,0,Wh,201,20.0,False
2025-04-11T07:20:00+08:00,142816,28012376,0,Wh,201,20.0,False
2025-04-11T07:40:00+08:00,142816,28012678,0,Wh,201,20.0,False
2025-04-11T08:00:00+08:00,142816,28012861,0,Wh,201,20.0,False
2025-04-11T08:20:00+08:00,142816,28012930,0,Wh,201,20.0,False
2025-04-11T08:40:00+08:00,142816,28012985,0,Wh,201,20.0,False
2025-04-11T09:00:00+08:00,142816,28013034,0,Wh,201,20.0,False
2025-04-11T09:20:00+08:00,142816,28013091,0,Wh,201,20.0,False
2025-04-11T09:40:00+08:00,142816,28013207,0,Wh,201,20.0,False
2025-04-11T10:00:00+08:00,142816,28013368,0,Wh,201,20.0,False
2025-04-11T10:20:00+08:00,142816,28013520,0,Wh,201,20.0,False
2025-04-11T10:40:00+08:00,142816,28013680,0,Wh,201,20.0,False
2025-04-11T11:00:00+08:00,142816,28013833,0,Wh,201,20.0,False
2025-04-11T11:20:00+08:00,142816,28013985,0,Wh,201,20.0,False
2025-04-11T11:40:00+08:00,142816,28014150,0,Wh,201,20.0,False
2025-04-11T12:00:00+08:00,142816,28014296,0,Wh,201,20.0,False
2025-04-11T12:20:00+08:00,142816,28015501,0,Wh,201,20.0,False
2025-04-11T12:40:00+08:00,142816,28015842,0,Wh,201,20.0,False
2025-04-11T13:00:00+08:00,142816,28015961,0,Wh,201,20.0,False
2025-04-11T13:20:00+08:00,142816,28016011,0,Wh,201,20.0,False
2025-04-11T13:40:00+08:00,142816,28016051,0,Wh,201,20.0,False
2025-04-11T14:00:00+08:00,142816,28016099,0,Wh,201,20.0,False
2025-04-11T14:20:00+08:00,142816,28016148,0,Wh,201,20.0,False
2025-04-11T14:40:00+08:00,142816,28016188,0,Wh,201,20.0,False
2025-04-11T15:00:00+08:00,142816,28016239,0,Wh,201,20.0,False
2025-04-11T15:20:00+08:00,142816,28016281,0,Wh,201,20.0,False
2025-04-11T15:40:00+08:00,142816,28016333,0,Wh,201,20.0,False
2025-04-11T16:00:00+08:00,142816,28016380,0,Wh,201,20.0,False
2025-04-11T16:20:00+08:00,142816,28016430,0,Wh,201,20.0,False
2025-04-11T16:40:00+08:00,142816,28016478,0,Wh,201,20.0,False
2025-04-11T17:00:00+08:00,142816,28016526,0,Wh,201,20.0,False
2025-04-11T17:20:00+08:00,142816,28016577,0,Wh,201,20.0,False
2025-04-11T17:40:00+08:00,142816,28016622,0,Wh,201,20.0,False
2025-04-11T18:00:00+08:00,142816,28016678,0,Wh,201,20.0,False
2025-04-11T18:20:00+08:00,142816,28016719,0,Wh,201,20.0,False
2025-04-11T18:40:00+08:00,142816,28017097,0,Wh,201,20.0,False
2025-04-11T19:00:00+08:00,142816,28017136,0,Wh,201,20.0,False
2025-04-11T19:20:00+08:00,142816,28017193,0,Wh,201,20.0,False
2025-04-11T19:40:00+08:00,142816,28017232,0,Wh,201,20.0,False
2025-04-11T20:00:00+08:00,142816,28017289,0,Wh,201,20.0,False
2025-04-11T20:20:00+08:00,142816,28017329,0,Wh,201,20.0,False
2025-04-11T20:40:00+08:00,142816,28017386,0,Wh,201,20.0,False
2025-04-11T21:00:00+08:00,142816,28017459,0,Wh,201,20.0,False
2025-04-11T21:20:00+08:00,142816,28017896,0,Wh,201,20.0,False
2025-04-11T21:40:00+08:00,142816,28018311,0,Wh,201,20.0,False
2025-04-11T22:00:00+08:00,142816,28018715,0,Wh,201,20.0,False
2025-04-11T22:20:00+08:00,142816,28019135,0,Wh,201,20.0,False
2025-04-11T22:40:00+08:00,142816,28019814,0,Wh,201,20.0,False
2025-04-11T23:00:00+08:00,142816,28019872,0,Wh,201,20.0,False
2025-04-11T23:20:00+08:00,142816,28019939,0,Wh,201,20.0,False
2025-04-11T23:40:00+08:00,142816,28019990,0,Wh,201,20.0,False
2025-04-12T00:00:00+08:00,142816,28020024,0,Wh,201,20.0,False
2025-04-12T00:20:00+08:00,142816,28020068,0,Wh,201,20.0,False
2025-04-12T00:40:00+08:00,142816,28020101,0,Wh,201,20.0,False
2025-04-12T01:00:00+08:00,142816,28020139,0,Wh,201,20.0,False
2025-04-12T01:20:00+08:00,142816,28020177,0,Wh,201,20.0,False
2025-04-12T01:40:00+08:00,142816,28020209,0,Wh,201,20.0,False
2025-04-12T02:00:00+08:00,142816,28020250,0,Wh,201,20.0,False
2025-04-12T02:20:00+08:00,142816,28020282,0,Wh,201,20.0,False
2025-04-12T02:40:00+08:00,142816,28020322,0,Wh,201,20.0,False
2025-04-12T03:00:00+08:00,142816,28020363,0,Wh,201,20.0,False
2025-04-12T03:20:00+08:00,142816,28020394,0,Wh,201,20.0,False
2025-04-12T03:40:00+08:00,142816,28020436,0,Wh,201,20.0,False
2025-04-12T04:00:00+08:00,142816,28020469,0,Wh,201,20.0,False
2025-04-12T04:20:00+08:00,142816,28020510,0,Wh,201,20.0,False
2025-04-12T04:40:00+08:00,142816,28020553,0,Wh,201,20.0,False
2025-04-12T05:00:00+08:00,142816,28020586,0,Wh,201,20.0,False
2025-04-12T05:20:00+08:00,142816,28020629,0,Wh,201,20.0,False
2025-04-12T05:40:00+08:00,142816,28021033,0,Wh,201,20.0,False
2025-04-12T06:00:00+08:00,142816,28021071,0,Wh,201,20.0,False
2025-04-12T06:20:00+08:00,142816,28021113,0,Wh,201,20.0,False
2025-04-12T06:40:00+08:00,142816,28021144,0,Wh,201,20.0,False
2025-04-12T07:00:00+08:00,142816,28021186,0,Wh,201,20.0,False
2025-04-12T07:20:00+08:00,142816,28021223,0,Wh,201,20.0,False
2025-04-12T07:40:00+08:00,142816,28021259,0,Wh,201,20.0,False
2025-04-12T08:00:00+08:00,142816,28021301,0,Wh,201,20.0,False
2025-04-12T08:20:00+08:00,142816,28021335,0,Wh,201,20.0,False
2025-04-12T08:40:00+08:00,142816,28021389,0,Wh,201,20.0,False
2025-04-12T09:00:00+08:00,142816,28021518,0,Wh,201,20.0,False
2025-04-12T09:20:00+08:00,142816,28021569,0,Wh,201,20.0,False
2025-04-12T09:40:00+08:00,142816,28021633,0,Wh,201,20.0,False
2025-04-12T10:00:00+08:00,142816,28022018,0,Wh,201,20.0,False
2025-04-12T10:20:00+08:00,142816,28023477,0,Wh,201,20.0,False
2025-04-12T10:40:00+08:00,142816,28024070,0,Wh,201,20.0,False
2025-04-12T11:00:00+08:00,142816,28024122,0,Wh,201,20.0,False
2025-04-12T11:20:00+08:00,142816,28024195,0,Wh,201,20.0,False
2025-04-12T11:40:00+08:00,142816,28024257,0,Wh,201,20.0,False
2025-04-12T12:00:00+08:00,142816,28024308,0,Wh,201,20.0,False
2025-04-12T12:20:00+08:00,142816,28024385,0,Wh,201,20.0,False
2025-04-12T12:40:00+08:00,142816,28024425,0,Wh,201,20.0,False
2025-04-12T13:00:00+08:00,142816,28024462,0,Wh,201,20.0,False
2025-04-12T13:20:00+08:00,142816,28024507,0,Wh,201,20.0,False
2025-04-12T13:40:00+08:00,142816,28024547,0,Wh,201,20.0,False
2025-04-12T14:00:00+08:00,142816,28024584,0,Wh,201,20.0,False
2025-04-12T14:20:00+08:00,142816,28024883,0,Wh,201,20.0,False
2025-04-12T14:40:00+08:00,142816,28025072,0,Wh,201,20.0,False
2025-04-12T15:00:00+08:00,142816,28025107,0,Wh,201,20.0,False
2025-04-12T15:20:00+08:00,142816,28025913,0,Wh,201,20.0,False
2025-04-12T15:40:00+08:00,142816,28028057,0,Wh,201,20.0,False
2025-04-12T16:00:00+08:00,142816,28030316,0,Wh,201,20.0,False
2025-04-12T16:20:00+08:00,142816,28032579,0,Wh,201,20.0,False
2025-04-12T16:40:00+08:00,142816,28034502,0,Wh,201,20.0,False
2025-04-12T17:00:00+08:00,142816,28035010,0,Wh,201,20.0,False
2025-04-12T17:20:00+08:00,142816,28035500,0,Wh,201,20.0,False
2025-04-12T17:40:00+08:00,142816,28035971,0,Wh,201,20.0,False
2025-04-12T18:00:00+08:00,142816,28036395,0,Wh,201,20.0,False
2025-04-12T18:20:00+08:00,142816,28036917,0,Wh,201,20.0,False
2025-04-12T18:40:00+08:00,142816,28038871,0,Wh,201,20.0,False
2025-04-12T19:00:00+08:00,142816,28039947,0,Wh,201,20.0,False
2025-04-12T19:20:00+08:00,142816,28041106,0,Wh,201,20.0,False
2025-04-12T19:40:00+08:00,142816,28042870,0,Wh,201,20.0,False
2025-04-12T20:00:00+08:00,142816,28044256,0,Wh,201,20.0,False
2025-04-12T20:20:00+08:00,142816,28045519,0,Wh,201,20.0,False
2025-04-12T20:40:00+08:00,142816,28046626,0,Wh,201,20.0,False
2025-04-12T21:00:00+08:00,142816,28047661,0,Wh,201,20.0,False
2025-04-12T21:20:00+08:00,142816,28047971,0,Wh,201,20.0,False
2025-04-12T21:40:00+08:00,142816,28048255,0,Wh,201,20.0,False
2025-04-12T22:00:00+08:00,142816,28048527,0,Wh,201,20.0,False
2025-04-12T22:20:00+08:00,142816,28048764,0,Wh,201,20.0,False
2025-04-12T22:40:00+08:00,142816,28048998,0,Wh,201,20.0,False
2025-04-12T23:00:00+08:00,142816,28049222,0,Wh,201,20.0,False
2025-04-12T23:20:00+08:00,142816,28049762,0,Wh,201,20.0,False
2025-04-12T23:40:00+08:00,142816,28050442,0,Wh,201,20.0,False
2025-04-13T00:00:00+08:00,142816,28051121,0,Wh,201,20.0,False
2025-04-13T00:20:00+08:00,142816,28051806,0,Wh,201,20.0,False
2025-04-13T00:40:00+08:00,142816,28052485,0,Wh,201,20.0,False
2025-04-13T01:00:00+08:00,142816,28053164,0,Wh,201,20.0,False
2025-04-13T01:20:00+08:00,142816,28053844,0,Wh,201,20.0,False
2025-04-13T01:40:00+08:00,142816,28054078,0,Wh,201,20.0,False
2025-04-13T02:00:00+08:00,142816,28054489,0,Wh,201,20.0,False
2025-04-13T02:20:00+08:00,142816,28054558,0,Wh,201,20.0,False
2025-04-13T02:40:00+08:00,142816,28054626,0,Wh,201,20.0,False
2025-04-13T03:00:00+08:00,142816,28054681,0,Wh,201,20.0,False
2025-04-13T03:20:00+08:00,142816,28054749,0,Wh,201,20.0,False
2025-04-13T03:40:00+08:00,142816,28054817,0,Wh,201,20.0,False
2025-04-13T04:00:00+08:00,142816,28054875,0,Wh,201,20.0,False
2025-04-13T04:20:00+08:00,142816,28054940,0,Wh,201,20.0,False
2025-04-13T04:40:00+08:00,142816,28055011,0,Wh,201,20.0,False
2025-04-13T05:00:00+08:00,142816,28055081,0,Wh,201,20.0,False
2025-04-13T05:20:00+08:00,142816,28055143,0,Wh,201,20.0,False
2025-04-13T05:40:00+08:00,142816,28055207,0,Wh,201,20.0,False
2025-04-13T06:00:00+08:00,142816,28055276,0,Wh,201,20.0,False
2025-04-13T06:20:00+08:00,142816,28055337,0,Wh,201,20.0,False
2025-04-13T06:40:00+08:00,142816,28055401,0,Wh,201,20.0,False
2025-04-13T07:00:00+08:00,142816,28055469,0,Wh,201,20.0,False
2025-04-13T07:20:00+08:00,142816,28055527,0,Wh,201,20.0,False
2025-04-13T07:40:00+08:00,142816,28055595,0,Wh,201,20.0,False
2025-04-13T08:00:00+08:00,142816,28055649,0,Wh,201,20.0,False
2025-04-13T08:20:00+08:00,142816,28055689,0,Wh,201,20.0,False
2025-04-13T08:40:00+08:00,142816,28055772,0,Wh,201,20.0,False
2025-04-13T09:00:00+08:00,142816,28056205,0,Wh,201,20.0,False
2025-04-13T09:20:00+08:00,142816,28056285,0,Wh,201,20.0,False
2025-04-13T09:40:00+08:00,142816,28056376,0,Wh,201,20.0,False
2025-04-13T10:00:00+08:00,142816,28056459,0,Wh,201,20.0,False
2025-04-13T10:20:00+08:00,142816,28056518,0,Wh,201,20.0,False
2025-04-13T10:40:00+08:00,142816,28056578,0,Wh,201,20.0,False
2025-04-13T11:00:00+08:00,142816,28056704,0,Wh,201,20.0,False
2025-04-13T11:20:00+08:00,142816,28057162,0,Wh,201,20.0,False
2025-04-13T11:40:00+08:00,142816,28057462,0,Wh,201,20.0,False
2025-04-13T12:00:00+08:00,142816,28057942,0,Wh,201,20.0,False
2025-04-13T12:20:00+08:00,142816,28058442,0,Wh,201,20.0,False
2025-04-13T12:40:00+08:00,142816,28060003,0,Wh,201,20.0,False
2025-04-13T13:00:00+08:00,142816,28060477,0,Wh,201,20.0,False
2025-04-13T13:20:00+08:00,142816,28060933,0,Wh,201,20.0,False
2025-04-13T13:40:00+08:00,142816,28061341,0,Wh,201,20.0,False
2025-04-13T14:00:00+08:00,142816,28061747,0,Wh,201,20.0,False
2025-04-13T14:20:00+08:00,142816,28063376,0,Wh,201,20.0,False
2025-04-13T14:40:00+08:00,142816,28064313,0,Wh,201,20.0,False
2025-04-13T15:00:00+08:00,142816,28064731,0,Wh,201,20.0,False
2025-04-13T15:20:00+08:00,142816,28065309,0,Wh,201,20.0,False
2025-04-13T15:40:00+08:00,142816,28065465,0,Wh,201,20.0,False
2025-04-13T16:00:00+08:00,142816,28065615,0,Wh,201,20.0,False
2025-04-13T16:20:00+08:00,142816,28065761,0,Wh,201,20.0,False
2025-04-13T16:40:00+08:00,142816,28065971,0,Wh,201,20.0,False
2025-04-13T17:00:00+08:00,142816,28066946,0,Wh,201,20.0,False
2025-04-13T17:20:00+08:00,142816,28067467,0,Wh,201,20.0,False
2025-04-13T17:40:00+08:00,142816,28068549,0,Wh,201,20.0,False
2025-04-13T18:00:00+08:00,142816,28068728,0,Wh,201,20.0,False
2025-04-13T18:20:00+08:00,142816,28068761,0,Wh,201,20.0,False
2025-04-13T18:40:00+08:00,142816,28068797,0,Wh,201,20.0,False
2025-04-13T19:00:00+08:00,142816,28068837,0,Wh,201,20.0,False
2025-04-13T19:20:00+08:00,142816,28068867,0,Wh,201,20.0,False
2025-04-13T19:40:00+08:00,142816,28068907,0,Wh,201,20.0,False
2025-04-13T20:00:00+08:00,142816,28068947,0,Wh,201,20.0,False
2025-04-13T20:20:00+08:00,142816,28068977,0,Wh,201,20.0,False
2025-04-13T20:40:00+08:00,142816,28069018,0,Wh,201,20.0,False
2025-04-13T21:00:00+08:00,142816,28069058,0,Wh,201,20.0,False
2025-04-13T21:20:00+08:00,142816,28069087,0,Wh,201,20.0,False
2025-04-13T21:40:00+08:00,142816,28069127,0,Wh,201,20.0,False
2025-04-13T22:00:00+08:00,142816,28069162,0,Wh,201,20.0,False
2025-04-13T22:20:00+08:00,142816,28069473,0,Wh,201,20.0,False
2025-04-13T22:40:00+08:00,142816,28070146,0,Wh,201,20.0,False
2025-04-13T23:00:00+08:00,142816,28070300,0,Wh,201,20.0,False
2025-04-13T23:20:00+08:00,142816,28070452,0,Wh,201,20.0,False
2025-04-13T23:40:00+08:00,142816,28070600,0,Wh,201,20.0,False
2025-04-14T00:00:00+08:00,142816,28070752,0,Wh,201,20.0,False
2025-04-14T00:20:00+08:00,142816,28070796,0,Wh,201,20.0,False
2025-04-14T00:40:00+08:00,142816,28070840,0,Wh,201,20.0,False
2025-04-14T01:00:00+08:00,142816,28070879,0,Wh,201,20.0,False
2025-04-14T01:20:00+08:00,142816,28070905,0,Wh,201,20.0,False
2025-04-14T01:40:00+08:00,142816,28070942,0,Wh,201,20.0,False
2025-04-14T02:00:00+08:00,142816,28070978,0,Wh,201,20.0,False
2025-04-14T02:20:00+08:00,142816,28071004,0,Wh,201,20.0,False
2025-04-14T02:40:00+08:00,142816,28071041,0,Wh,201,20.0,False
2025-04-14T03:00:00+08:00,142816,28071150,0,Wh,201,20.0,False
2025-04-14T03:20:00+08:00,142816,28071485,0,Wh,201,20.0,False
2025-04-14T03:40:00+08:00,142816,28071521,0,Wh,201,20.0,False
2025-04-14T04:00:00+08:00,142816,28071697,0,Wh,201,20.0,False
2025-04-14T04:20:00+08:00,142816,28072858,0,Wh,201,20.0,False
2025-04-14T04:40:00+08:00,142816,28073373,0,Wh,201,20.0,False
2025-04-14T05:00:00+08:00,142816,28073426,0,Wh,201,20.0,False
2025-04-14T05:20:00+08:00,142816,28073509,0,Wh,201,20.0,False
2025-04-14T05:40:00+08:00,142816,28073587,0,Wh,201,20.0,False
2025-04-14T06:00:00+08:00,142816,28073650,0,Wh,201,20.0,False
2025-04-14T06:20:00+08:00,142816,28073720,0,Wh,201,20.0,False
2025-04-14T06:40:00+08:00,142816,28073790,0,Wh,201,20.0,False
2025-04-14T07:00:00+08:00,142816,28073859,0,Wh,201,20.0,False
2025-04-14T07:20:00+08:00,142816,28073932,0,Wh,201,20.0,False
2025-04-14T07:40:00+08:00,142816,28073987,0,Wh,201,20.0,False
2025-04-14T08:00:00+08:00,142816,28074039,0,Wh,201,20.0,False
2025-04-14T08:20:00+08:00,142816,28074092,0,Wh,201,20.0,False
2025-04-14T08:40:00+08:00,142816,28074145,0,Wh,201,20.0,False
2025-04-14T09:00:00+08:00,142816,28074195,0,Wh,201,20.0,False
2025-04-14T09:20:00+08:00,142816,28074242,0,Wh,201,20.0,False
2025-04-14T09:40:00+08:00,142816,28074297,0,Wh,201,20.0,False
2025-04-14T10:00:00+08:00,142816,28074343,0,Wh,201,20.0,False
2025-04-14T10:20:00+08:00,142816,28074717,0,Wh,201,20.0,False
2025-04-14T10:40:00+08:00,142816,28074763,0,Wh,201,20.0,False
2025-04-14T11:00:00+08:00,142816,28074813,0,Wh,201,20.0,False
2025-04-14T11:20:00+08:00,142816,28074860,0,Wh,201,20.0,False
2025-04-14T11:40:00+08:00,142816,28074915,0,Wh,201,20.0,False
2025-04-14T12:00:00+08:00,142816,28074986,0,Wh,201,20.0,False
2025-04-14T12:20:00+08:00,142816,28075037,0,Wh,201,20.0,False
2025-04-14T12:40:00+08:00,142816,28075137,0,Wh,201,20.0,False
2025-04-14T13:00:00+08:00,142816,28075209,0,Wh,201,20.0,False
2025-04-14T13:20:00+08:00,142816,28075273,0,Wh,201,20.0,False
2025-04-14T13:40:00+08:00,142816,28075324,0,Wh,201,20.0,False
2025-04-14T14:00:00+08:00,142816,28075385,0,Wh,201,20.0,False
2025-04-14T14:20:00+08:00,142816,28075552,0,Wh,201,20.0,False
2025-04-14T14:40:00+08:00,142816,28076783,0,Wh,201,20.0,False
2025-04-14T15:00:00+08:00,142816,28077206,0,Wh,201,20.0,False
2025-04-14T15:20:00+08:00,142816,28077262,0,Wh,201,20.0,False
2025-04-14T15:40:00+08:00,142816,28077322,0,Wh,201,20.0,False
2025-04-14T16:00:00+08:00,142816,28077743,0,Wh,201,20.0,False
2025-04-14T16:20:00+08:00,142816,28077796,0,Wh,201,20.0,False
2025-04-14T16:40:00+08:00,142816,28077860,0,Wh,201,20.0,False
2025-04-14T17:00:00+08:00,142816,28077919,0,Wh,201,20.0,False
2025-04-14T17:20:00+08:00,142816,28078005,0,Wh,201,20.0,False
2025-04-14T17:40:00+08:00,142816,28078446,0,Wh,201,20.0,False
2025-04-14T18:00:00+08:00,142816,28078897,0,Wh,201,20.0,False
2025-04-14T18:20:00+08:00,142816,28079385,0,Wh,201,20.0,False
2025-04-14T18:40:00+08:00,142816,28079863,0,Wh,201,20.0,False
2025-04-14T19:00:00+08:00,142816,28080242,0,Wh,201,20.0,False
2025-04-14T19:20:00+08:00,142816,28080643,0,Wh,201,20.0,False
2025-04-14T19:40:00+08:00,142816,28081347,0,Wh,201,20.0,False
2025-04-14T20:00:00+08:00,142816,28081621,0,Wh,201,20.0,False
2025-04-14T20:20:00+08:00,142816,28081915,0,Wh,201,20.0,False
2025-04-14T20:40:00+08:00,142816,28082086,0,Wh,201,20.0,False
2025-04-14T21:00:00+08:00,142816,28082594,0,Wh,201,20.0,False
2025-04-14T21:20:00+08:00,142816,28082744,0,Wh,201,20.0,False
2025-04-14T21:40:00+08:00,142816,28082848,0,Wh,201,20.0,False
2025-04-14T22:00:00+08:00,142816,28082951,0,Wh,201,20.0,False
2025-04-14T22:20:00+08:00,142816,28083121,0,Wh,201,20.0,False
2025-04-14T22:40:00+08:00,142816,28083330,0,Wh,201,20.0,False
2025-04-14T23:00:00+08:00,142816,28083477,0,Wh,201,20.0,False
2025-04-14T23:20:00+08:00,142816,28083618,0,Wh,201,20.0,False
2025-04-14T23:40:00+08:00,142816,28083696,0,Wh,201,20.0,False
2025-04-15T00:00:00+08:00,142816,28083823,0,Wh,201,20.0,False
2025-04-07T00:20:00+08:00,142817,28940989,0,Wh,203,20.0,False
2025-04-07T00:40:00+08:00,142817,28941159,0,Wh,203,20.0,False
2025-04-07T01:00:00+08:00,142817,28941340,0,Wh,203,20.0,False
2025-04-07T01:20:00+08:00,142817,28941505,0,Wh,203,20.0,False
2025-04-07T01:40:00+08:00,142817,28941634,0,Wh,203,20.0,False
2025-04-07T02:00:00+08:00,142817,28941760,0,Wh,203,20.0,False
2025-04-07T02:20:00+08:00,142817,28942188,0,Wh,203,20.0,False
2025-04-07T02:40:00+08:00,142817,28942427,0,Wh,203,20.0,False
2025-04-07T03:00:00+08:00,142817,28942526,0,Wh,203,20.0,False
2025-04-07T03:20:00+08:00,142817,28942610,0,Wh,203,20.0,False
2025-04-07T03:40:00+08:00,142817,28942711,0,Wh,203,20.0,False
2025-04-07T04:00:00+08:00,142817,28942803,0,Wh,203,20.0,False
2025-04-07T04:20:00+08:00,142817,28942889,0,Wh,203,20.0,False
2025-04-07T04:40:00+08:00,142817,28942990,0,Wh,203,20.0,False
2025-04-07T05:00:00+08:00,142817,28943081,0,Wh,203,20.0,False
2025-04-07T05:20:00+08:00,142817,28943164,0,Wh,203,20.0,False
2025-04-07T05:40:00+08:00,142817,28943267,0,Wh,203,20.0,False
2025-04-07T06:00:00+08:00,142817,28943349,0,Wh,203,20.0,False
2025-04-07T06:20:00+08:00,142817,28943434,0,Wh,203,20.0,False
2025-04-07T06:40:00+08:00,142817,28943518,0,Wh,203,20.0,False
2025-04-07T07:00:00+08:00,142817,28943614,0,Wh,203,20.0,False
2025-04-07T07:20:00+08:00,142817,28943704,0,Wh,203,20.0,False
2025-04-07T07:40:00+08:00,142817,28943891,0,Wh,203,20.0,False
2025-04-07T08:00:00+08:00,142817,28944083,0,Wh,203,20.0,False
2025-04-07T08:20:00+08:00,142817,28945088,0,Wh,203,20.0,False
2025-04-07T08:40:00+08:00,142817,28946122,0,Wh,203,20.0,False
2025-04-07T09:00:00+08:00,142817,28946324,0,Wh,203,20.0,False
2025-04-07T09:20:00+08:00,142817,28946489,0,Wh,203,20.0,False
2025-04-07T09:40:00+08:00,142817,28946653,0,Wh,203,20.0,False
2025-04-07T10:00:00+08:00,142817,28946802,0,Wh,203,20.0,False
2025-04-07T10:20:00+08:00,142817,28946972,0,Wh,203,20.0,False
2025-04-07T10:40:00+08:00,142817,28947123,0,Wh,203,20.0,False
2025-04-07T11:00:00+08:00,142817,28947281,0,Wh,203,20.0,False
2025-04-07T11:20:00+08:00,142817,28947430,0,Wh,203,20.0,False
2025-04-07T11:40:00+08:00,142817,28947576,0,Wh,203,20.0,False
2025-04-07T12:00:00+08:00,142817,28947720,0,Wh,203,20.0,False
2025-04-07T12:20:00+08:00,142817,28948279,0,Wh,203,20.0,False
2025-04-07T12:40:00+08:00,142817,28949579,0,Wh,203,20.0,False
2025-04-07T13:00:00+08:00,142817,28950286,0,Wh,203,20.0,False
2025-04-07T13:20:00+08:00,142817,28950557,0,Wh,203,20.0,False
2025-04-07T13:40:00+08:00,142817,28950768,0,Wh,203,20.0,False
2025-04-07T14:00:00+08:00,142817,28950965,0,Wh,203,20.0,False
2025-04-07T14:20:00+08:00,142817,28951200,0,Wh,203,20.0,False
2025-04-07T14:40:00+08:00,142817,28951427,0,Wh,203,20.0,False
2025-04-07T15:00:00+08:00,142817,28951646,0,Wh,203,20.0,False
2025-04-07T15:20:00+08:00,142817,28951844,0,Wh,203,20.0,False
2025-04-07T15:40:00+08:00,142817,28952040,0,Wh,203,20.0,False
2025-04-07T16:00:00+08:00,142817,28952261,0,Wh,203,20.0,False
2025-04-07T16:20:00+08:00,142817,28952457,0,Wh,203,20.0,False
2025-04-07T16:40:00+08:00,142817,28952678,0,Wh,203,20.0,False
2025-04-07T17:00:00+08:00,142817,28952917,0,Wh,203,20.0,False
2025-04-07T17:20:00+08:00,142817,28953162,0,Wh,203,20.0,False
2025-04-07T17:40:00+08:00,142817,28953413,0,Wh,203,20.0,False
2025-04-07T18:00:00+08:00,142817,28953901,0,Wh,203,20.0,False
2025-04-07T18:20:00+08:00,142817,28954683,0,Wh,203,20.0,False
2025-04-07T18:40:00+08:00,142817,28955072,0,Wh,203,20.0,False
2025-04-07T19:00:00+08:00,142817,28956137,0,Wh,203,20.0,False
2025-04-07T19:20:00+08:00,142817,28956838,0,Wh,203,20.0,False
2025-04-07T19:40:00+08:00,142817,28957444,0,Wh,203,20.0,False
2025-04-07T20:00:00+08:00,142817,28958827,0,Wh,203,20.0,False
2025-04-07T20:20:00+08:00,142817,28959370,0,Wh,203,20.0,False
2025-04-07T20:40:00+08:00,142817,28959565,0,Wh,203,20.0,False
2025-04-07T21:00:00+08:00,142817,28959705,0,Wh,203,20.0,False
2025-04-07T21:20:00+08:00,142817,28959820,0,Wh,203,20.0,False
2025-04-07T21:40:00+08:00,142817,28959924,0,Wh,203,20.0,False
2025-04-07T22:00:00+08:00,142817,28960034,0,Wh,203,20.0,False
2025-04-07T22:20:00+08:00,142817,28960142,0,Wh,203,20.0,False
2025-04-07T22:40:00+08:00,142817,28960247,0,Wh,203,20.0,False
2025-04-07T23:00:00+08:00,142817,28960341,0,Wh,203,20.0,False
2025-04-07T23:20:00+08:00,142817,28960451,0,Wh,203,20.0,False
2025-04-07T23:40:00+08:00,142817,28960553,0,Wh,203,20.0,False
2025-04-08T00:00:00+08:00,142817,28960656,0,Wh,203,20.0,False
2025-04-08T00:20:00+08:00,142817,28960750,0,Wh,203,20.0,False
2025-04-08T00:40:00+08:00,142817,28960857,0,Wh,203,20.0,False
2025-04-08T01:00:00+08:00,142817,28960960,0,Wh,203,20.0,False
2025-04-08T01:20:00+08:00,142817,28961055,0,Wh,203,20.0,False
2025-04-08T01:40:00+08:00,142817,28961193,0,Wh,203,20.0,False
2025-04-08T02:00:00+08:00,142817,28961308,0,Wh,203,20.0,False
2025-04-08T02:20:00+08:00,142817,28961415,0,Wh,203,20.0,False
2025-04-08T02:40:00+08:00,142817,28961514,0,Wh,203,20.0,False
2025-04-08T03:00:00+08:00,142817,28962127,0,Wh,203,20.0,False
2025-04-08T03:20:00+08:00,142817,28962230,0,Wh,203,20.0,False
2025-04-08T03:40:00+08:00,142817,28962323,0,Wh,203,20.0,False
2025-04-08T04:00:00+08:00,142817,28962424,0,Wh,203,20.0,False
2025-04-08T04:20:00+08:00,142817,28962510,0,Wh,203,20.0,False
2025-04-08T04:40:00+08:00,142817,28962602,0,Wh,203,20.0,False
2025-04-08T05:00:00+08:00,142817,28962710,0,Wh,203,20.0,False
2025-04-08T05:20:00+08:00,142817,28962804,0,Wh,203,20.0,False
2025-04-08T05:40:00+08:00,142817,28962890,0,Wh,203,20.0,False
2025-04-08T06:00:00+08:00,142817,28962977,0,Wh,203,20.0,False
2025-04-08T06:20:00+08:00,142817,28963083,0,Wh,203,20.0,False
2025-04-08T06:40:00+08:00,142817,28963177,0,Wh,203,20.0,False
2025-04-08T07:00:00+08:00,142817,28963260,0,Wh,203,20.0,False
2025-04-08T07:20:00+08:00,142817,28963392,0,Wh,203,20.0,False
2025-04-08T07:40:00+08:00,142817,28964209,0,Wh,203,20.0,False
2025-04-08T08:00:00+08:00,142817,28964703,0,Wh,203,20.0,False
2025-04-08T08:20:00+08:00,142817,28965051,0,Wh,203,20.0,False
2025-04-08T08:40:00+08:00,142817,28965235,0,Wh,203,20.0,False
2025-04-08T09:00:00+08:00,142817,28965370,0,Wh,203,20.0,False
2025-04-08T09:20:00+08:00,142817,28965542,0,Wh,203,20.0,False
2025-04-08T09:40:00+08:00,142817,28965702,0,Wh,203,20.0,False
2025-04-08T10:00:00+08:00,142817,28965876,0,Wh,203,20.0,False
2025-04-08T10:20:00+08:00,142817,28966028,0,Wh,203,20.0,False
2025-04-08T10:40:00+08:00,142817,28966204,0,Wh,203,20.0,False
2025-04-08T11:00:00+08:00,142817,28966374,0,Wh,203,20.0,False
2025-04-08T11:20:00+08:00,142817,28966524,0,Wh,203,20.0,False
2025-04-08T11:40:00+08:00,142817,28966678,0,Wh,203,20.0,False
2025-04-08T12:00:00+08:00,142817,28966840,0,Wh,203,20.0,False
2025-04-08T12:20:00+08:00,142817,28966985,0,Wh,203,20.0,False
2025-04-08T12:40:00+08:00,142817,28967149,0,Wh,203,20.0,False
2025-04-08T13:00:00+08:00,142817,28967305,0,Wh,203,20.0,False
2025-04-08T13:20:00+08:00,142817,28967515,0,Wh,203,20.0,False
2025-04-08T13:40:00+08:00,142817,28967665,0,Wh,203,20.0,False
2025-04-08T14:00:00+08:00,142817,28967824,0,Wh,203,20.0,False
2025-04-08T14:20:00+08:00,142817,28967987,0,Wh,203,20.0,False
2025-04-08T14:40:00+08:00,142817,28968141,0,Wh,203,20.0,False
2025-04-08T15:00:00+08:00,142817,28968322,0,Wh,203,20.0,False
2025-04-08T15:20:00+08:00,142817,28968524,0,Wh,203,20.0,False
2025-04-08T15:40:00+08:00,142817,28968726,0,Wh,203,20.0,False
2025-04-08T16:00:00+08:00,142817,28968945,0,Wh,203,20.0,False
2025-04-08T16:20:00+08:00,142817,28969155,0,Wh,203,20.0,False
2025-04-08T16:40:00+08:00,142817,28969850,0,Wh,203,20.0,False
2025-04-08T17:00:00+08:00,142817,28970072,0,Wh,203,20.0,False
2025-04-08T17:20:00+08:00,142817,28970280,0,Wh,203,20.0,False
2025-04-08T17:40:00+08:00,142817,28970957,0,Wh,203,20.0,False
2025-04-08T18:00:00+08:00,142817,28971813,0,Wh,203,20.0,False
2025-04-08T18:20:00+08:00,142817,28972660,0,Wh,203,20.0,False
2025-04-08T18:40:00+08:00,142817,28973441,0,Wh,203,20.0,False
2025-04-08T19:00:00+08:00,142817,28974575,0,Wh,203,20.0,False
2025-04-08T19:20:00+08:00,142817,28974806,0,Wh,203,20.0,False
2025-04-08T19:40:00+08:00,142817,28974992,0,Wh,203,20.0,False
2025-04-08T20:00:00+08:00,142817,28975224,0,Wh,203,20.0,False
2025-04-08T20:20:00+08:00,142817,28975628,0,Wh,203,20.0,False
2025-04-08T20:40:00+08:00,142817,28976486,0,Wh,203,20.0,False
2025-04-08T21:00:00+08:00,142817,28976666,0,Wh,203,20.0,False
2025-04-08T21:20:00+08:00,142817,28976848,0,Wh,203,20.0,False
2025-04-08T21:40:00+08:00,142817,28977023,0,Wh,203,20.0,False
2025-04-08T22:00:00+08:00,142817,28977189,0,Wh,203,20.0,False
2025-04-08T22:20:00+08:00,142817,28977349,0,Wh,203,20.0,False
2025-04-08T22:40:00+08:00,142817,28977491,0,Wh,203,20.0,False
2025-04-08T23:00:00+08:00,142817,28978522,0,Wh,203,20.0,False
2025-04-08T23:20:00+08:00,142817,28979220,0,Wh,203,20.0,False
2025-04-08T23:40:00+08:00,142817,28979330,0,Wh,203,20.0,False
2025-04-09T00:00:00+08:00,142817,28979438,0,Wh,203,20.0,False
2025-04-09T00:20:00+08:00,142817,28979535,0,Wh,203,20.0,False
2025-04-09T00:40:00+08:00,142817,28979659,0,Wh,203,20.0,False
2025-04-09T01:00:00+08:00,142817,28979791,0,Wh,203,20.0,False
2025-04-09T01:20:00+08:00,142817,28979893,0,Wh,203,20.0,False
2025-04-09T01:40:00+08:00,142817,28979993,0,Wh,203,20.0,False
2025-04-09T02:00:00+08:00,142817,28980101,0,Wh,203,20.0,False
2025-04-09T02:20:00+08:00,142817,28980194,0,Wh,203,20.0,False
2025-04-09T02:40:00+08:00,142817,28980295,0,Wh,203,20.0,False
2025-04-09T03:00:00+08:00,142817,28980385,0,Wh,203,20.0,False
2025-04-09T03:20:00+08:00,142817,28980474,0,Wh,203,20.0,False
2025-04-09T03:40:00+08:00,142817,28980569,0,Wh,203,20.0,False
2025-04-09T04:00:00+08:00,142817,28980670,0,Wh,203,20.0,False
2025-04-09T04:20:00+08:00,142817,28980756,0,Wh,203,20.0,False
2025-04-09T04:40:00+08:00,142817,28980839,0,Wh,203,20.0,False
2025-04-09T05:00:00+08:00,142817,28980941,0,Wh,203,20.0,False
2025-04-09T05:20:00+08:00,142817,28981033,0,Wh,203,20.0,False
2025-04-09T05:40:00+08:00,142817,28981119,0,Wh,203,20.0,False
2025-04-09T06:00:00+08:00,142817,28981242,0,Wh,203,20.0,False
2025-04-09T06:20:00+08:00,142817,28981842,0,Wh,203,20.0,False
2025-04-09T06:40:00+08:00,142817,28981947,0,Wh,203,20.0,False
2025-04-09T07:00:00+08:00,142817,28982021,0,Wh,203,20.0,False
2025-04-09T07:20:00+08:00,142817,28982127,0,Wh,203,20.0,False
2025-04-09T07:40:00+08:00,142817,28982315,0,Wh,203,20.0,False
2025-04-09T08:00:00+08:00,142817,28982533,0,Wh,203,20.0,False
2025-04-09T08:20:00+08:00,142817,28982706,0,Wh,203,20.0,False
2025-04-09T08:40:00+08:00,142817,28983046,0,Wh,203,20.0,False
2025-04-09T09:00:00+08:00,142817,28984224,0,Wh,203,20.0,False
2025-04-09T09:20:00+08:00,142817,28985364,0,Wh,203,20.0,False
2025-04-09T09:40:00+08:00,142817,28986462,0,Wh,203,20.0,False
2025-04-09T10:00:00+08:00,142817,28987379,0,Wh,203,20.0,False
2025-04-09T10:20:00+08:00,142817,28988044,0,Wh,203,20.0,False
2025-04-09T10:40:00+08:00,142817,28988704,0,Wh,203,20.0,False
2025-04-09T11:00:00+08:00,142817,28988887,0,Wh,203,20.0,False
2025-04-09T11:20:00+08:00,142817,28989018,0,Wh,203,20.0,False
2025-04-09T11:40:00+08:00,142817,28989153,0,Wh,203,20.0,False
2025-04-09T12:00:00+08:00,142817,28989293,0,Wh,203,20.0,False
2025-04-09T12:20:00+08:00,142817,28989483,0,Wh,203,20.0,False
2025-04-09T12:40:00+08:00,142817,28989635,0,Wh,203,20.0,False
2025-04-09T13:00:00+08:00,142817,28989786,0,Wh,203,20.0,False
2025-04-09T13:20:00+08:00,142817,28989957,0,Wh,203,20.0,False
2025-04-09T13:40:00+08:00,142817,28990111,0,Wh,203,20.0,False
2025-04-09T14:00:00+08:00,142817,28990274,0,Wh,203,20.0,False
2025-04-09T14:20:00+08:00,142817,28990442,0,Wh,203,20.0,False
2025-04-09T14:40:00+08:00,142817,28990589,0,Wh,203,20.0,False
2025-04-09T15:00:00+08:00,142817,28991193,0,Wh,203,20.0,False
2025-04-09T15:20:00+08:00,142817,28992477,0,Wh,203,20.0,False
2025-04-09T15:40:00+08:00,142817,28993160,0,Wh,203,20.0,False
2025-04-09T16:00:00+08:00,142817,28993896,0,Wh,203,20.0,False
2025-04-09T16:20:00+08:00,142817,28994631,0,Wh,203,20.0,False
2025-04-09T16:40:00+08:00,142817,28995177,0,Wh,203,20.0,False
2025-04-09T17:00:00+08:00,142817,28995510,0,Wh,203,20.0,False
2025-04-09T17:20:00+08:00,142817,28996306,0,Wh,203,20.0,False
2025-04-09T17:40:00+08:00,142817,28996868,0,Wh,203,20.0,False
2025-04-09T18:00:00+08:00,142817,28997139,0,Wh,203,20.0,False
2025-04-09T18:20:00+08:00,142817,28997339,0,Wh,203,20.0,False
2025-04-09T18:40:00+08:00,142817,28997538,0,Wh,203,20.0,False
2025-04-09T19:00:00+08:00,142817,28997857,0,Wh,203,20.0,False
2025-04-09T19:20:00+08:00,142817,28998771,0,Wh,203,20.0,False
2025-04-09T19:40:00+08:00,142817,28998988,0,Wh,203,20.0,False
2025-04-09T20:00:00+08:00,142817,28999795,0,Wh,203,20.0,False
2025-04-09T20:20:00+08:00,142817,28999990,0,Wh,203,20.0,False
2025-04-09T20:40:00+08:00,142817,29000184,0,Wh,203,20.0,False
2025-04-09T21:00:00+08:00,142817,29000384,0,Wh,203,20.0,False
2025-04-09T21:20:00+08:00,142817,29000547,0,Wh,203,20.0,False
2025-04-09T21:40:00+08:00,142817,29000667,0,Wh,203,20.0,False
2025-04-09T22:00:00+08:00,142817,29000780,0,Wh,203,20.0,False
2025-04-09T22:20:00+08:00,142817,29000905,0,Wh,203,20.0,False
2025-04-09T22:40:00+08:00,142817,29001017,0,Wh,203,20.0,False
2025-04-09T23:00:00+08:00,142817,29001121,0,Wh,203,20.0,False
2025-04-09T23:20:00+08:00,142817,29001232,0,Wh,203,20.0,False
2025-04-09T23:40:00+08:00,142817,29001334,0,Wh,203,20.0,False
2025-04-10T00:00:00+08:00,142817,29001431,0,Wh,203,20.0,False
2025-04-10T00:20:00+08:00,142817,29001545,0,Wh,203,20.0,False
2025-04-10T00:40:00+08:00,142817,29001642,0,Wh,203,20.0,False
2025-04-10T01:00:00+08:00,142817,29001745,0,Wh,203,20.0,False
2025-04-10T01:20:00+08:00,142817,29001837,0,Wh,203,20.0,False
2025-04-10T01:40:00+08:00,142817,29001942,0,Wh,203,20.0,False
2025-04-10T02:00:00+08:00,142817,29002059,0,Wh,203,20.0,False
2025-04-10T02:20:00+08:00,142817,29002599,0,Wh,203,20.0,False
2025-04-10T02:40:00+08:00,142817,29002680,0,Wh,203,20.0,False
2025-04-10T03:00:00+08:00,142817,29002782,0,Wh,203,20.0,False
2025-04-10T03:20:00+08:00,142817,29002868,0,Wh,203,20.0,False
2025-04-10T03:40:00+08:00,142817,29002953,0,Wh,203,20.0,False
2025-04-10T04:00:00+08:00,142817,29003053,0,Wh,203,20.0,False
2025-04-10T04:20:00+08:00,142817,29003120,0,Wh,203,20.0,False
2025-04-10T04:40:00+08:00,142817,29003220,0,Wh,203,20.0,False
2025-04-10T05:00:00+08:00,142817,29003309,0,Wh,203,20.0,False
2025-04-10T05:20:00+08:00,142817,29003383,0,Wh,203,20.0,False
2025-04-10T05:40:00+08:00,142817,29003480,0,Wh,203,20.0,False
2025-04-10T06:00:00+08:00,142817,29003563,0,Wh,203,20.0,False
2025-04-10T06:20:00+08:00,142817,29003644,0,Wh,203,20.0,False
2025-04-10T06:40:00+08:00,142817,29003741,0,Wh,203,20.0,False
2025-04-10T07:00:00+08:00,142817,29003822,0,Wh,203,20.0,False
2025-04-10T07:20:00+08:00,142817,29003918,0,Wh,203,20.0,False
2025-04-10T07:40:00+08:00,142817,29004029,0,Wh,203,20.0,False
2025-04-10T08:00:00+08:00,142817,29004263,0,Wh,203,20.0,False
2025-04-10T08:20:00+08:00,142817,29004545,0,Wh,203,20.0,False
2025-04-10T08:40:00+08:00,142817,29004729,0,Wh,203,20.0,False
2025-04-10T09:00:00+08:00,142817,29005309,0,Wh,203,20.0,False
2025-04-10T09:20:00+08:00,142817,29005848,0,Wh,203,20.0,False
2025-04-10T09:40:00+08:00,142817,29006312,0,Wh,203,20.0,False
2025-04-10T10:00:00+08:00,142817,29007413,0,Wh,203,20.0,False
2025-04-10T10:20:00+08:00,142817,29008134,0,Wh,203,20.0,False
2025-04-10T10:40:00+08:00,142817,29008834,0,Wh,203,20.0,False
2025-04-10T11:00:00+08:00,142817,29009538,0,Wh,203,20.0,False
2025-04-10T11:20:00+08:00,142817,29009735,0,Wh,203,20.0,False
2025-04-10T11:40:00+08:00,142817,29009913,0,Wh,203,20.0,False
2025-04-10T12:00:00+08:00,142817,29010074,0,Wh,203,20.0,False
2025-04-10T12:20:00+08:00,142817,29010264,0,Wh,203,20.0,False
2025-04-10T12:40:00+08:00,142817,29010443,0,Wh,203,20.0,False
2025-04-10T13:00:00+08:00,142817,29010633,0,Wh,203,20.0,False
2025-04-10T13:20:00+08:00,142817,29010835,0,Wh,203,20.0,False
2025-04-10T13:40:00+08:00,142817,29011084,0,Wh,203,20.0,False
2025-04-10T14:00:00+08:00,142817,29011309,0,Wh,203,20.0,False
2025-04-10T14:20:00+08:00,142817,29011564,0,Wh,203,20.0,False
2025-04-10T14:40:00+08:00,142817,29011859,0,Wh,203,20.0,False
2025-04-10T15:00:00+08:00,142817,29012084,0,Wh,203,20.0,False
2025-04-10T15:20:00+08:00,142817,29012305,0,Wh,203,20.0,False
2025-04-10T15:40:00+08:00,142817,29012581,0,Wh,203,20.0,False
2025-04-10T16:00:00+08:00,142817,29012850,0,Wh,203,20.0,False
2025-04-10T16:20:00+08:00,142817,29013096,0,Wh,203,20.0,False
2025-04-10T16:40:00+08:00,142817,29013391,0,Wh,203,20.0,False
2025-04-10T17:00:00+08:00,142817,29013711,0,Wh,203,20.0,False
2025-04-10T17:20:00+08:00,142817,29013977,0,Wh,203,20.0,False
2025-04-10T17:40:00+08:00,142817,29014240,0,Wh,203,20.0,False
2025-04-10T18:00:00+08:00,142817,29014923,0,Wh,203,20.0,False
2025-04-10T18:20:00+08:00,142817,29015244,0,Wh,203,20.0,False
2025-04-10T18:40:00+08:00,142817,29015476,0,Wh,203,20.0,False
2025-04-10T19:00:00+08:00,142817,29016352,0,Wh,203,20.0,False
2025-04-10T19:20:00+08:00,142817,29016677,0,Wh,203,20.0,False
2025-04-10T19:40:00+08:00,142817,29016885,0,Wh,203,20.0,False
2025-04-10T20:00:00+08:00,142817,29017096,0,Wh,203,20.0,False
2025-04-10T20:20:00+08:00,142817,29017527,0,Wh,203,20.0,False
2025-04-10T20:40:00+08:00,142817,29017873,0,Wh,203,20.0,False
2025-04-10T21:00:00+08:00,142817,29018056,0,Wh,203,20.0,False
2025-04-10T21:20:00+08:00,142817,29018216,0,Wh,203,20.0,False
2025-04-10T21:40:00+08:00,142817,29018472,0,Wh,203,20.0,False
2025-04-10T22:00:00+08:00,142817,29019285,0,Wh,203,20.0,False
2025-04-10T22:20:00+08:00,142817,29019448,0,Wh,203,20.0,False
2025-04-10T22:40:00+08:00,142817,29019981,0,Wh,203,20.0,False
2025-04-10T23:00:00+08:00,142817,29020196,0,Wh,203,20.0,False
2025-04-10T23:20:00+08:00,142817,29020317,0,Wh,203,20.0,False
2025-04-10T23:40:00+08:00,142817,29020439,0,Wh,203,20.0,False
2025-04-11T00:00:00+08:00,142817,29020542,0,Wh,203,20.0,False
2025-04-11T00:20:00+08:00,142817,29020663,0,Wh,203,20.0,False
2025-04-11T00:40:00+08:00,142817,29020783,0,Wh,203,20.0,False
2025-04-11T01:00:00+08:00,142817,29020896,0,Wh,203,20.0,False
2025-04-11T01:20:00+08:00,142817,29021046,0,Wh,203,20.0,False
2025-04-11T01:40:00+08:00,142817,29021178,0,Wh,203,20.0,False
2025-04-11T02:00:00+08:00,142817,29021302,0,Wh,203,20.0,False
2025-04-11T02:20:00+08:00,142817,29021422,0,Wh,203,20.0,False
2025-04-11T02:40:00+08:00,142817,29021544,0,Wh,203,20.0,False
2025-04-11T03:00:00+08:00,142817,29021664,0,Wh,203,20.0,False
2025-04-11T03:20:00+08:00,142817,29021785,0,Wh,203,20.0,False
2025-04-11T03:40:00+08:00,142817,29021906,0,Wh,203,20.0,False
2025-04-11T04:00:00+08:00,142817,29022026,0,Wh,203,20.0,False
2025-04-11T04:20:00+08:00,142817,29022127,0,Wh,203,20.0,False
2025-04-11T04:40:00+08:00,142817,29022240,0,Wh,203,20.0,False
2025-04-11T05:00:00+08:00,142817,29022365,0,Wh,203,20.0,False
2025-04-11T05:20:00+08:00,142817,29022472,0,Wh,203,20.0,False
2025-04-11T05:40:00+08:00,142817,29022577,0,Wh,203,20.0,False
2025-04-11T06:00:00+08:00,142817,29022686,0,Wh,203,20.0,False
2025-04-11T06:20:00+08:00,142817,29023294,0,Wh,203,20.0,False
2025-04-11T06:40:00+08:00,142817,29023394,0,Wh,203,20.0,False
2025-04-11T07:00:00+08:00,142817,29023495,0,Wh,203,20.0,False
2025-04-11T07:20:00+08:00,142817,29023635,0,Wh,203,20.0,False
2025-04-11T07:40:00+08:00,142817,29024087,0,Wh,203,20.0,False
2025-04-11T08:00:00+08:00,142817,29024859,0,Wh,203,20.0,False
2025-04-11T08:20:00+08:00,142817,29025115,0,Wh,203,20.0,False
2025-04-11T08:40:00+08:00,142817,29025696,0,Wh,203,20.0,False
2025-04-11T09:00:00+08:00,142817,29026607,0,Wh,203,20.0,False
2025-04-11T09:20:00+08:00,142817,29027673,0,Wh,203,20.0,False
2025-04-11T09:40:00+08:00,142817,29028219,0,Wh,203,20.0,False
2025-04-11T10:00:00+08:00,142817,29028491,0,Wh,203,20.0,False
2025-04-11T10:20:00+08:00,142817,29028714,0,Wh,203,20.0,False
2025-04-11T10:40:00+08:00,142817,29028938,0,Wh,203,20.0,False
2025-04-11T11:00:00+08:00,142817,29029172,0,Wh,203,20.0,False
2025-04-11T11:20:00+08:00,142817,29029398,0,Wh,203,20.0,False
2025-04-11T11:40:00+08:00,142817,29029633,0,Wh,203,20.0,False
2025-04-11T12:00:00+08:00,142817,29029862,0,Wh,203,20.0,False
2025-04-11T12:20:00+08:00,142817,29030113,0,Wh,203,20.0,False
2025-04-11T12:40:00+08:00,142817,29030393,0,Wh,203,20.0,False
2025-04-11T13:00:00+08:00,142817,29030671,0,Wh,203,20.0,False
2025-04-11T13:20:00+08:00,142817,29031164,0,Wh,203,20.0,False
2025-04-11T13:40:00+08:00,142817,29031908,0,Wh,203,20.0,False
2025-04-11T14:00:00+08:00,142817,29032402,0,Wh,203,20.0,False
2025-04-11T14:20:00+08:00,142817,29033401,0,Wh,203,20.0,False
2025-04-11T14:40:00+08:00,142817,29033714,0,Wh,203,20.0,False
2025-04-11T15:00:00+08:00,142817,29034070,0,Wh,203,20.0,False
2025-04-11T15:20:00+08:00,142817,29034394,0,Wh,203,20.0,False
2025-04-11T15:40:00+08:00,142817,29034697,0,Wh,203,20.0,False
2025-04-11T16:00:00+08:00,142817,29035016,0,Wh,203,20.0,False
2025-04-11T16:20:00+08:00,142817,29035341,0,Wh,203,20.0,False
2025-04-11T16:40:00+08:00,142817,29035637,0,Wh,203,20.0,False
2025-04-11T17:00:00+08:00,142817,29035956,0,Wh,203,20.0,False
2025-04-11T17:20:00+08:00,142817,29036288,0,Wh,203,20.0,False
2025-04-11T17:40:00+08:00,142817,29036596,0,Wh,203,20.0,False
2025-04-11T18:00:00+08:00,142817,29036898,0,Wh,203,20.0,False
2025-04-11T18:20:00+08:00,142817,29037345,0,Wh,203,20.0,False
2025-04-11T18:40:00+08:00,142817,29038388,0,Wh,203,20.0,False
2025-04-11T19:00:00+08:00,142817,29038673,0,Wh,203,20.0,False
2025-04-11T19:20:00+08:00,142817,29038943,0,Wh,203,20.0,False
2025-04-11T19:40:00+08:00,142817,29039893,0,Wh,203,20.0,False
2025-04-11T20:00:00+08:00,142817,29040225,0,Wh,203,20.0,False
2025-04-11T20:20:00+08:00,142817,29040635,0,Wh,203,20.0,False
2025-04-11T20:40:00+08:00,142817,29040948,0,Wh,203,20.0,False
2025-04-11T21:00:00+08:00,142817,29041260,0,Wh,203,20.0,False
2025-04-11T21:20:00+08:00,142817,29041570,0,Wh,203,20.0,False
2025-04-11T21:40:00+08:00,142817,29041871,0,Wh,203,20.0,False
2025-04-11T22:00:00+08:00,142817,29042113,0,Wh,203,20.0,False
2025-04-11T22:20:00+08:00,142817,29042303,0,Wh,203,20.0,False
2025-04-11T22:40:00+08:00,142817,29042455,0,Wh,203,20.0,False
2025-04-11T23:00:00+08:00,142817,29042593,0,Wh,203,20.0,False
2025-04-11T23:20:00+08:00,142817,29043102,0,Wh,203,20.0,False
2025-04-11T23:40:00+08:00,142817,29043232,0,Wh,203,20.0,False
2025-04-12T00:00:00+08:00,142817,29043350,0,Wh,203,20.0,False
2025-04-12T00:20:00+08:00,142817,29043474,0,Wh,203,20.0,False
2025-04-12T00:40:00+08:00,142817,29043588,0,Wh,203,20.0,False
2025-04-12T01:00:00+08:00,142817,29043696,0,Wh,203,20.0,False
2025-04-12T01:20:00+08:00,142817,29043819,0,Wh,203,20.0,False
2025-04-12T01:40:00+08:00,142817,29043944,0,Wh,203,20.0,False
2025-04-12T02:00:00+08:00,142817,29044114,0,Wh,203,20.0,False
2025-04-12T02:20:00+08:00,142817,29044240,0,Wh,203,20.0,False
2025-04-12T02:40:00+08:00,142817,29044357,0,Wh,203,20.0,False
2025-04-12T03:00:00+08:00,142817,29044480,0,Wh,203,20.0,False
2025-04-12T03:20:00+08:00,142817,29044606,0,Wh,203,20.0,False
2025-04-12T03:40:00+08:00,142817,29044714,0,Wh,203,20.0,False
2025-04-12T04:00:00+08:00,142817,29044828,0,Wh,203,20.0,False
2025-04-12T04:20:00+08:00,142817,29044951,0,Wh,203,20.0,False
2025-04-12T04:40:00+08:00,142817,29045055,0,Wh,203,20.0,False
2025-04-12T05:00:00+08:00,142817,29045175,0,Wh,203,20.0,False
2025-04-12T05:20:00+08:00,142817,29045281,0,Wh,203,20.0,False
2025-04-12T05:40:00+08:00,142817,29045386,0,Wh,203,20.0,False
2025-04-12T06:00:00+08:00,142817,29045498,0,Wh,203,20.0,False
2025-04-12T06:20:00+08:00,142817,29045602,0,Wh,203,20.0,False
2025-04-12T06:40:00+08:00,142817,29045708,0,Wh,203,20.0,False
2025-04-12T07:00:00+08:00,142817,29045818,0,Wh,203,20.0,False
2025-04-12T07:20:00+08:00,142817,29046250,0,Wh,203,20.0,False
2025-04-12T07:40:00+08:00,142817,29047054,0,Wh,203,20.0,False
2025-04-12T08:00:00+08:00,142817,29047321,0,Wh,203,20.0,False
2025-04-12T08:20:00+08:00,142817,29047564,0,Wh,203,20.0,False
2025-04-12T08:40:00+08:00,142817,29048431,0,Wh,203,20.0,False
2025-04-12T09:00:00+08:00,142817,29048651,0,Wh,203,20.0,False
2025-04-12T09:20:00+08:00,142817,29048879,0,Wh,203,20.0,False
2025-04-12T09:40:00+08:00,142817,29049073,0,Wh,203,20.0,False
2025-04-12T10:00:00+08:00,142817,29049274,0,Wh,203,20.0,False
2025-04-12T10:20:00+08:00,142817,29049488,0,Wh,203,20.0,False
2025-04-12T10:40:00+08:00,142817,29049689,0,Wh,203,20.0,False
2025-04-12T11:00:00+08:00,142817,29049902,0,Wh,203,20.0,False
2025-04-12T11:20:00+08:00,142817,29050114,0,Wh,203,20.0,False
2025-04-12T11:40:00+08:00,142817,29050328,0,Wh,203,20.0,False
2025-04-12T12:00:00+08:00,142817,29050533,0,Wh,203,20.0,False
2025-04-12T12:20:00+08:00,142817,29050850,0,Wh,203,20.0,False
2025-04-12T12:40:00+08:00,142817,29051592,0,Wh,203,20.0,False
2025-04-12T13:00:00+08:00,142817,29051850,0,Wh,203,20.0,False
2025-04-12T13:20:00+08:00,142817,29052540,0,Wh,203,20.0,False
2025-04-12T13:40:00+08:00,142817,29052843,0,Wh,203,20.0,False
2025-04-12T14:00:00+08:00,142817,29053507,0,Wh,203,20.0,False
2025-04-12T14:20:00+08:00,142817,29054752,0,Wh,203,20.0,False
2025-04-12T14:40:00+08:00,142817,29055541,0,Wh,203,20.0,False
2025-04-12T15:00:00+08:00,142817,29055875,0,Wh,203,20.0,False
2025-04-12T15:20:00+08:00,142817,29056152,0,Wh,203,20.0,False
2025-04-12T15:40:00+08:00,142817,29056429,0,Wh,203,20.0,False
2025-04-12T16:00:00+08:00,142817,29056699,0,Wh,203,20.0,False
2025-04-12T16:20:00+08:00,142817,29056964,0,Wh,203,20.0,False
2025-04-12T16:40:00+08:00,142817,29057221,0,Wh,203,20.0,False
2025-04-12T17:00:00+08:00,142817,29057493,0,Wh,203,20.0,False
2025-04-12T17:20:00+08:00,142817,29057765,0,Wh,203,20.0,False
2025-04-12T17:40:00+08:00,142817,29058015,0,Wh,203,20.0,False
2025-04-12T18:00:00+08:00,142817,29058283,0,Wh,203,20.0,False
2025-04-12T18:20:00+08:00,142817,29058549,0,Wh,203,20.0,False
2025-04-12T18:40:00+08:00,142817,29058792,0,Wh,203,20.0,False
2025-04-12T19:00:00+08:00,142817,29059022,0,Wh,203,20.0,False
2025-04-12T19:20:00+08:00,142817,29059236,0,Wh,203,20.0,False
2025-04-12T19:40:00+08:00,142817,29059433,0,Wh,203,20.0,False
2025-04-12T20:00:00+08:00,142817,29059638,0,Wh,203,20.0,False
2025-04-12T20:20:00+08:00,142817,29059821,0,Wh,203,20.0,False
2025-04-12T20:40:00+08:00,142817,29060000,0,Wh,203,20.0,False
2025-04-12T21:00:00+08:00,142817,29060191,0,Wh,203,20.0,False
2025-04-12T21:20:00+08:00,142817,29060387,0,Wh,203,20.0,False
2025-04-12T21:40:00+08:00,142817,29060554,0,Wh,203,20.0,False
2025-04-12T22:00:00+08:00,142817,29060660,0,Wh,203,20.0,False
2025-04-12T22:20:00+08:00,142817,29060764,0,Wh,203,20.0,False
2025-04-12T22:40:00+08:00,142817,29060855,0,Wh,203,20.0,False
2025-04-12T23:00:00+08:00,142817,29060967,0,Wh,203,20.0,False
2025-04-12T23:20:00+08:00,142817,29061075,0,Wh,203,20.0,False
2025-04-12T23:40:00+08:00,142817,29061643,0,Wh,203,20.0,False
2025-04-13T00:00:00+08:00,142817,29061741,0,Wh,203,20.0,False
2025-04-13T00:20:00+08:00,142817,29061858,0,Wh,203,20.0,False
2025-04-13T00:40:00+08:00,142817,29061948,0,Wh,203,20.0,False
2025-04-13T01:00:00+08:00,142817,29062090,0,Wh,203,20.0,False
2025-04-13T01:20:00+08:00,142817,29062202,0,Wh,203,20.0,False
2025-04-13T01:40:00+08:00,142817,29062313,0,Wh,203,20.0,False
2025-04-13T02:00:00+08:00,142817,29062421,0,Wh,203,20.0,False
2025-04-13T02:20:00+08:00,142817,29062532,0,Wh,203,20.0,False
2025-04-13T02:40:00+08:00,142817,29062637,0,Wh,203,20.0,False
2025-04-13T03:00:00+08:00,142817,29062738,0,Wh,203,20.0,False
2025-04-13T03:20:00+08:00,142817,29062851,0,Wh,203,20.0,False
2025-04-13T03:40:00+08:00,142817,29062949,0,Wh,203,20.0,False
2025-04-13T04:00:00+08:00,142817,29063044,0,Wh,203,20.0,False
2025-04-13T04:20:00+08:00,142817,29063134,0,Wh,203,20.0,False
2025-04-13T04:40:00+08:00,142817,29063232,0,Wh,203,20.0,False
2025-04-13T05:00:00+08:00,142817,29063337,0,Wh,203,20.0,False
2025-04-13T05:20:00+08:00,142817,29063420,0,Wh,203,20.0,False
2025-04-13T05:40:00+08:00,142817,29063525,0,Wh,203,20.0,False
2025-04-13T06:00:00+08:00,142817,29063621,0,Wh,203,20.0,False
2025-04-13T06:20:00+08:00,142817,29063709,0,Wh,203,20.0,False
2025-04-13T06:40:00+08:00,142817,29063808,0,Wh,203,20.0,False
2025-04-13T07:00:00+08:00,142817,29063911,0,Wh,203,20.0,False
2025-04-13T07:20:00+08:00,142817,29064003,0,Wh,203,20.0,False
2025-04-13T07:40:00+08:00,142817,29064111,0,Wh,203,20.0,False
2025-04-13T08:00:00+08:00,142817,29064354,0,Wh,203,20.0,False
2025-04-13T08:20:00+08:00,142817,29065142,0,Wh,203,20.0,False
2025-04-13T08:40:00+08:00,142817,29065354,0,Wh,203,20.0,False
2025-04-13T09:00:00+08:00,142817,29065968,0,Wh,203,20.0,False
2025-04-13T09:20:00+08:00,142817,29066399,0,Wh,203,20.0,False
2025-04-13T09:40:00+08:00,142817,29066611,0,Wh,203,20.0,False
2025-04-13T10:00:00+08:00,142817,29066755,0,Wh,203,20.0,False
2025-04-13T10:20:00+08:00,142817,29067208,0,Wh,203,20.0,False
2025-04-13T10:40:00+08:00,142817,29067342,0,Wh,203,20.0,False
2025-04-13T11:00:00+08:00,142817,29067468,0,Wh,203,20.0,False
2025-04-13T11:20:00+08:00,142817,29067601,0,Wh,203,20.0,False
2025-04-13T11:40:00+08:00,142817,29067726,0,Wh,203,20.0,False
2025-04-13T12:00:00+08:00,142817,29067857,0,Wh,203,20.0,False
2025-04-13T12:20:00+08:00,142817,29067970,0,Wh,203,20.0,False
2025-04-13T12:40:00+08:00,142817,29068116,0,Wh,203,20.0,False
2025-04-13T13:00:00+08:00,142817,29068256,0,Wh,203,20.0,False
2025-04-13T13:20:00+08:00,142817,29068504,0,Wh,203,20.0,False
2025-04-13T13:40:00+08:00,142817,29068933,0,Wh,203,20.0,False
2025-04-13T14:00:00+08:00,142817,29069062,0,Wh,203,20.0,False
2025-04-13T14:20:00+08:00,142817,29069185,0,Wh,203,20.0,False
2025-04-13T14:40:00+08:00,142817,29069312,0,Wh,203,20.0,False
2025-04-13T15:00:00+08:00,142817,29069441,0,Wh,203,20.0,False
2025-04-13T15:20:00+08:00,142817,29069569,0,Wh,203,20.0,False
2025-04-13T15:40:00+08:00,142817,29069692,0,Wh,203,20.0,False
2025-04-13T16:00:00+08:00,142817,29069820,0,Wh,203,20.0,False
2025-04-13T16:20:00+08:00,142817,29069947,0,Wh,203,20.0,False
2025-04-13T16:40:00+08:00,142817,29070063,0,Wh,203,20.0,False
2025-04-13T17:00:00+08:00,142817,29070219,0,Wh,203,20.0,False
2025-04-13T17:20:00+08:00,142817,29070382,0,Wh,203,20.0,False
2025-04-13T17:40:00+08:00,142817,29070535,0,Wh,203,20.0,False
2025-04-13T18:00:00+08:00,142817,29070662,0,Wh,203,20.0,False
2025-04-13T18:20:00+08:00,142817,29070782,0,Wh,203,20.0,False
2025-04-13T18:40:00+08:00,142817,29070896,0,Wh,203,20.0,False
2025-04-13T19:00:00+08:00,142817,29071019,0,Wh,203,20.0,False
2025-04-13T19:20:00+08:00,142817,29071139,0,Wh,203,20.0,False
2025-04-13T19:40:00+08:00,142817,29071221,0,Wh,203,20.0,False
2025-04-13T20:00:00+08:00,142817,29071321,0,Wh,203,20.0,False
2025-04-13T20:20:00+08:00,142817,29071413,0,Wh,203,20.0,False
2025-04-13T20:40:00+08:00,142817,29071503,0,Wh,203,20.0,False
2025-04-13T21:00:00+08:00,142817,29072059,0,Wh,203,20.0,False
2025-04-13T21:20:00+08:00,142817,29072148,0,Wh,203,20.0,False
2025-04-13T21:40:00+08:00,142817,29072227,0,Wh,203,20.0,False
2025-04-13T22:00:00+08:00,142817,29072315,0,Wh,203,20.0,False
2025-04-13T22:20:00+08:00,142817,29072393,0,Wh,203,20.0,False
2025-04-13T22:40:00+08:00,142817,29072497,0,Wh,203,20.0,False
2025-04-13T23:00:00+08:00,142817,29072590,0,Wh,203,20.0,False
2025-04-13T23:20:00+08:00,142817,29072690,0,Wh,203,20.0,False
2025-04-13T23:40:00+08:00,142817,29072782,0,Wh,203,20.0,False
2025-04-14T00:00:00+08:00,142817,29072838,0,Wh,203,20.0,False
2025-04-14T00:20:00+08:00,142817,29072894,0,Wh,203,20.0,False
2025-04-14T00:40:00+08:00,142817,29072950,0,Wh,203,20.0,False
2025-04-14T01:00:00+08:00,142817,29072983,0,Wh,203,20.0,False
2025-04-14T01:20:00+08:00,142817,29073000,0,Wh,203,20.0,False
2025-04-14T01:40:00+08:00,142817,29073016,0,Wh,203,20.0,False
2025-04-14T02:00:00+08:00,142817,29073033,0,Wh,203,20.0,False
2025-04-14T02:20:00+08:00,142817,29073050,0,Wh,203,20.0,False
2025-04-14T02:40:00+08:00,142817,29073067,0,Wh,203,20.0,False
2025-04-14T03:00:00+08:00,142817,29073084,0,Wh,203,20.0,False
2025-04-14T03:20:00+08:00,142817,29073100,0,Wh,203,20.0,False
2025-04-14T03:40:00+08:00,142817,29073117,0,Wh,203,20.0,False
2025-04-14T04:00:00+08:00,142817,29073134,0,Wh,203,20.0,False
2025-04-14T04:20:00+08:00,142817,29073150,0,Wh,203,20.0,False
2025-04-14T04:40:00+08:00,142817,29073636,0,Wh,203,20.0,False
2025-04-14T05:00:00+08:00,142817,29073652,0,Wh,203,20.0,False
2025-04-14T05:20:00+08:00,142817,29073669,0,Wh,203,20.0,False
2025-04-14T05:40:00+08:00,142817,29073685,0,Wh,203,20.0,False
2025-04-14T06:00:00+08:00,142817,29073702,0,Wh,203,20.0,False
2025-04-14T06:20:00+08:00,142817,29073719,0,Wh,203,20.0,False
2025-04-14T06:40:00+08:00,142817,29073735,0,Wh,203,20.0,False
2025-04-14T07:00:00+08:00,142817,29073752,0,Wh,203,20.0,False
2025-04-14T07:20:00+08:00,142817,29073768,0,Wh,203,20.0,False
2025-04-14T07:40:00+08:00,142817,29073785,0,Wh,203,20.0,False
2025-04-14T08:00:00+08:00,142817,29073801,0,Wh,203,20.0,False
2025-04-14T08:20:00+08:00,142817,29073818,0,Wh,203,20.0,False
2025-04-14T08:40:00+08:00,142817,29073834,0,Wh,203,20.0,False
2025-04-14T09:00:00+08:00,142817,29073851,0,Wh,203,20.0,False
2025-04-14T09:20:00+08:00,142817,29073868,0,Wh,203,20.0,False
2025-04-14T09:40:00+08:00,142817,29073884,0,Wh,203,20.0,False
2025-04-14T10:00:00+08:00,142817,29073901,0,Wh,203,20.0,False
2025-04-14T10:20:00+08:00,142817,29073917,0,Wh,203,20.0,False
2025-04-14T10:40:00+08:00,142817,29073934,0,Wh,203,20.0,False
2025-04-14T11:00:00+08:00,142817,29073950,0,Wh,203,20.0,False
2025-04-14T11:20:00+08:00,142817,29073967,0,Wh,203,20.0,False
2025-04-14T11:40:00+08:00,142817,29073983,0,Wh,203,20.0,False
2025-04-14T12:00:00+08:00,142817,29074000,0,Wh,203,20.0,False
2025-04-14T12:20:00+08:00,142817,29074530,0,Wh,203,20.0,False
2025-04-14T12:40:00+08:00,142817,29074907,0,Wh,203,20.0,False
2025-04-14T13:00:00+08:00,142817,29076374,0,Wh,203,20.0,False
2025-04-14T13:20:00+08:00,142817,29077564,0,Wh,203,20.0,False
2025-04-14T13:40:00+08:00,142817,29078384,0,Wh,203,20.0,False
2025-04-14T14:00:00+08:00,142817,29078986,0,Wh,203,20.0,False
2025-04-14T14:20:00+08:00,142817,29080271,0,Wh,203,20.0,False
2025-04-14T14:40:00+08:00,142817,29081083,0,Wh,203,20.0,False
2025-04-14T15:00:00+08:00,142817,29082525,0,Wh,203,20.0,False
2025-04-14T15:20:00+08:00,142817,29083389,0,Wh,203,20.0,False
2025-04-14T15:40:00+08:00,142817,29084193,0,Wh,203,20.0,False
2025-04-14T16:00:00+08:00,142817,29085003,0,Wh,203,20.0,False
2025-04-14T16:20:00+08:00,142817,29085738,0,Wh,203,20.0,False
2025-04-14T16:40:00+08:00,142817,29085974,0,Wh,203,20.0,False
2025-04-14T17:00:00+08:00,142817,29085993,0,Wh,203,20.0,False
2025-04-14T17:20:00+08:00,142817,29086392,0,Wh,203,20.0,False
2025-04-14T17:40:00+08:00,142817,29086411,0,Wh,203,20.0,False
2025-04-14T18:00:00+08:00,142817,29086430,0,Wh,203,20.0,False
2025-04-14T18:20:00+08:00,142817,29086449,0,Wh,203,20.0,False
2025-04-14T18:40:00+08:00,142817,29086468,0,Wh,203,20.0,False
2025-04-14T19:00:00+08:00,142817,29086487,0,Wh,203,20.0,False
2025-04-14T19:20:00+08:00,142817,29086505,0,Wh,203,20.0,False
2025-04-14T19:40:00+08:00,142817,29086524,0,Wh,203,20.0,False
2025-04-14T20:00:00+08:00,142817,29086543,0,Wh,203,20.0,False
2025-04-14T20:20:00+08:00,142817,29086562,0,Wh,203,20.0,False
2025-04-14T20:40:00+08:00,142817,29086580,0,Wh,203,20.0,False
2025-04-14T21:00:00+08:00,142817,29086599,0,Wh,203,20.0,False
2025-04-14T21:20:00+08:00,142817,29086618,0,Wh,203,20.0,False
2025-04-14T21:40:00+08:00,142817,29086637,0,Wh,203,20.0,False
2025-04-14T22:00:00+08:00,142817,29086655,0,Wh,203,20.0,False
2025-04-14T22:20:00+08:00,142817,29086674,0,Wh,203,20.0,False
2025-04-14T22:40:00+08:00,142817,29086693,0,Wh,203,20.0,False
2025-04-14T23:00:00+08:00,142817,29086712,0,Wh,203,20.0,False
2025-04-14T23:20:00+08:00,142817,29086731,0,Wh,203,20.0,False
2025-04-14T23:40:00+08:00,142817,29086750,0,Wh,203,20.0,False
2025-04-15T00:00:00+08:00,142817,29086769,0,Wh,203,20.0,False
2025-04-07T00:20:00+08:00,142818,26200457,0,Wh,301,20.0,False
2025-04-07T00:40:00+08:00,142818,26200534,0,Wh,301,20.0,False
2025-04-07T01:00:00+08:00,142818,26200579,0,Wh,301,20.0,False
2025-04-07T01:20:00+08:00,142818,26200622,0,Wh,301,20.0,False
2025-04-07T01:40:00+08:00,142818,26200652,0,Wh,301,20.0,False
2025-04-07T02:00:00+08:00,142818,26200699,0,Wh,301,20.0,False
2025-04-07T02:20:00+08:00,142818,26200744,0,Wh,301,20.0,False
2025-04-07T02:40:00+08:00,142818,26200789,0,Wh,301,20.0,False
2025-04-07T03:00:00+08:00,142818,26200833,0,Wh,301,20.0,False
2025-04-07T03:20:00+08:00,142818,26200863,0,Wh,301,20.0,False
2025-04-07T03:40:00+08:00,142818,26200910,0,Wh,301,20.0,False
2025-04-07T04:00:00+08:00,142818,26200954,0,Wh,301,20.0,False
2025-04-07T04:20:00+08:00,142818,26200999,0,Wh,301,20.0,False
2025-04-07T04:40:00+08:00,142818,26201043,0,Wh,301,20.0,False
2025-04-07T05:00:00+08:00,142818,26201480,0,Wh,301,20.0,False
2025-04-07T05:20:00+08:00,142818,26201527,0,Wh,301,20.0,False
2025-04-07T05:40:00+08:00,142818,26201572,0,Wh,301,20.0,False
2025-04-07T06:00:00+08:00,142818,26201627,0,Wh,301,20.0,False
2025-04-07T06:20:00+08:00,142818,26201695,0,Wh,301,20.0,False
2025-04-07T06:40:00+08:00,142818,26201753,0,Wh,301,20.0,False
2025-04-07T07:00:00+08:00,142818,26201898,0,Wh,301,20.0,False
2025-04-07T07:20:00+08:00,142818,26202040,0,Wh,301,20.0,False
2025-04-07T07:40:00+08:00,142818,26202132,0,Wh,301,20.0,False
2025-04-07T08:00:00+08:00,142818,26202217,0,Wh,301,20.0,False
2025-04-07T08:20:00+08:00,142818,26202279,0,Wh,301,20.0,False
2025-04-07T08:40:00+08:00,142818,26202348,0,Wh,301,20.0,False
2025-04-07T09:00:00+08:00,142818,26202410,0,Wh,301,20.0,False
2025-04-07T09:20:00+08:00,142818,26202485,0,Wh,301,20.0,False
2025-04-07T09:40:00+08:00,142818,26202574,0,Wh,301,20.0,False
2025-04-07T10:00:00+08:00,142818,26202669,0,Wh,301,20.0,False
2025-04-07T10:20:00+08:00,142818,26202779,0,Wh,301,20.0,False
2025-04-07T10:40:00+08:00,142818,26202893,0,Wh,301,20.0,False
2025-04-07T11:00:00+08:00,142818,26203024,0,Wh,301,20.0,False
2025-04-07T11:20:00+08:00,142818,26203147,0,Wh,301,20.0,False
2025-04-07T11:40:00+08:00,142818,26203265,0,Wh,301,20.0,False
2025-04-07T12:00:00+08:00,142818,26203391,0,Wh,301,20.0,False
2025-04-07T12:20:00+08:00,142818,26203516,0,Wh,301,20.0,False
2025-04-07T12:40:00+08:00,142818,26203642,0,Wh,301,20.0,False
2025-04-07T13:00:00+08:00,142818,26203762,0,Wh,301,20.0,False
2025-04-07T13:20:00+08:00,142818,26203877,0,Wh,301,20.0,False
2025-04-07T13:40:00+08:00,142818,26204005,0,Wh,301,20.0,False
2025-04-07T14:00:00+08:00,142818,26204131,0,Wh,301,20.0,False
2025-04-07T14:20:00+08:00,142818,26204374,0,Wh,301,20.0,False
2025-04-07T14:40:00+08:00,142818,26204659,0,Wh,301,20.0,False
2025-04-07T15:00:00+08:00,142818,26204972,0,Wh,301,20.0,False
2025-04-07T15:20:00+08:00,142818,26205851,0,Wh,301,20.0,False
2025-04-07T15:40:00+08:00,142818,26206383,0,Wh,301,20.0,False
2025-04-07T16:00:00+08:00,142818,26206861,0,Wh,301,20.0,False
2025-04-07T16:20:00+08:00,142818,26207338,0,Wh,301,20.0,False
2025-04-07T16:40:00+08:00,142818,26207806,0,Wh,301,20.0,False
2025-04-07T17:00:00+08:00,142818,26208260,0,Wh,301,20.0,False
2025-04-07T17:20:00+08:00,142818,26208698,0,Wh,301,20.0,False
2025-04-07T17:40:00+08:00,142818,26209055,0,Wh,301,20.0,False
2025-04-07T18:00:00+08:00,142818,26209351,0,Wh,301,20.0,False
2025-04-07T18:20:00+08:00,142818,26209621,0,Wh,301,20.0,False
2025-04-07T18:40:00+08:00,142818,26209873,0,Wh,301,20.0,False
2025-04-07T19:00:00+08:00,142818,26210538,0,Wh,301,20.0,False
2025-04-07T19:20:00+08:00,142818,26211461,0,Wh,301,20.0,False
2025-04-07T19:40:00+08:00,142818,26211720,0,Wh,301,20.0,False
2025-04-07T20:00:00+08:00,142818,26211975,0,Wh,301,20.0,False
2025-04-07T20:20:00+08:00,142818,26212236,0,Wh,301,20.0,False
2025-04-07T20:40:00+08:00,142818,26212493,0,Wh,301,20.0,False
2025-04-07T21:00:00+08:00,142818,26212757,0,Wh,301,20.0,False
2025-04-07T21:20:00+08:00,142818,26213018,0,Wh,301,20.0,False
2025-04-07T21:40:00+08:00,142818,26213806,0,Wh,301,20.0,False
2025-04-07T22:00:00+08:00,142818,26215144,0,Wh,301,20.0,False
2025-04-07T22:20:00+08:00,142818,26215515,0,Wh,301,20.0,False
2025-04-07T22:40:00+08:00,142818,26215603,0,Wh,301,20.0,False
2025-04-07T23:00:00+08:00,142818,26215693,0,Wh,301,20.0,False
2025-04-07T23:20:00+08:00,142818,26215766,0,Wh,301,20.0,False
2025-04-07T23:40:00+08:00,142818,26215814,0,Wh,301,20.0,False
2025-04-08T00:00:00+08:00,142818,26215892,0,Wh,301,20.0,False
2025-04-08T00:20:00+08:00,142818,26215949,0,Wh,301,20.0,False
2025-04-08T00:40:00+08:00,142818,26216010,0,Wh,301,20.0,False
2025-04-08T01:00:00+08:00,142818,26216079,0,Wh,301,20.0,False
2025-04-08T01:20:00+08:00,142818,26216134,0,Wh,301,20.0,False
2025-04-08T01:40:00+08:00,142818,26216192,0,Wh,301,20.0,False
2025-04-08T02:00:00+08:00,142818,26216334,0,Wh,301,20.0,False
2025-04-08T02:20:00+08:00,142818,26216747,0,Wh,301,20.0,False
2025-04-08T02:40:00+08:00,142818,26216808,0,Wh,301,20.0,False
2025-04-08T03:00:00+08:00,142818,26216867,0,Wh,301,20.0,False
2025-04-08T03:20:00+08:00,142818,26216926,0,Wh,301,20.0,False
2025-04-08T03:40:00+08:00,142818,26216975,0,Wh,301,20.0,False
2025-04-08T04:00:00+08:00,142818,26217032,0,Wh,301,20.0,False
2025-04-08T04:20:00+08:00,142818,26217090,0,Wh,301,20.0,False
2025-04-08T04:40:00+08:00,142818,26217137,0,Wh,301,20.0,False
2025-04-08T05:00:00+08:00,142818,26217197,0,Wh,301,20.0,False
2025-04-08T05:20:00+08:00,142818,26217340,0,Wh,301,20.0,False
2025-04-08T05:40:00+08:00,142818,26217474,0,Wh,301,20.0,False
2025-04-08T06:00:00+08:00,142818,26217537,0,Wh,301,20.0,False
2025-04-08T06:20:00+08:00,142818,26217600,0,Wh,301,20.0,False
2025-04-08T06:40:00+08:00,142818,26217659,0,Wh,301,20.0,False
2025-04-08T07:00:00+08:00,142818,26217718,0,Wh,301,20.0,False
2025-04-08T07:20:00+08:00,142818,26217769,0,Wh,301,20.0,False
2025-04-08T07:40:00+08:00,142818,26217822,0,Wh,301,20.0,False
2025-04-08T08:00:00+08:00,142818,26217882,0,Wh,301,20.0,False
2025-04-08T08:20:00+08:00,142818,26217938,0,Wh,301,20.0,False
2025-04-08T08:40:00+08:00,142818,26217985,0,Wh,301,20.0,False
2025-04-08T09:00:00+08:00,142818,26218045,0,Wh,301,20.0,False
2025-04-08T09:20:00+08:00,142818,26218103,0,Wh,301,20.0,False
2025-04-08T09:40:00+08:00,142818,26218333,0,Wh,301,20.0,False
2025-04-08T10:00:00+08:00,142818,26218676,0,Wh,301,20.0,False
2025-04-08T10:20:00+08:00,142818,26218788,0,Wh,301,20.0,False
2025-04-08T10:40:00+08:00,142818,26218899,0,Wh,301,20.0,False
2025-04-08T11:00:00+08:00,142818,26218998,0,Wh,301,20.0,False
2025-04-08T11:20:00+08:00,142818,26219109,0,Wh,301,20.0,False
2025-04-08T11:40:00+08:00,142818,26219234,0,Wh,301,20.0,False
2025-04-08T12:00:00+08:00,142818,26219344,0,Wh,301,20.0,False
2025-04-08T12:20:00+08:00,142818,26219459,0,Wh,301,20.0,False
2025-04-08T12:40:00+08:00,142818,26219579,0,Wh,301,20.0,False
2025-04-08T13:00:00+08:00,142818,26219695,0,Wh,301,20.0,False
2025-04-08T13:20:00+08:00,142818,26219805,0,Wh,301,20.0,False
2025-04-08T13:40:00+08:00,142818,26219927,0,Wh,301,20.0,False
2025-04-08T14:00:00+08:00,142818,26220045,0,Wh,301,20.0,False
2025-04-08T14:20:00+08:00,142818,26220161,0,Wh,301,20.0,False
2025-04-08T14:40:00+08:00,142818,26220296,0,Wh,301,20.0,False
2025-04-08T15:00:00+08:00,142818,26220419,0,Wh,301,20.0,False
2025-04-08T15:20:00+08:00,142818,26220560,0,Wh,301,20.0,False
2025-04-08T15:40:00+08:00,142818,26220711,0,Wh,301,20.0,False
2025-04-08T16:00:00+08:00,142818,26220870,0,Wh,301,20.0,False
2025-04-08T16:20:00+08:00,142818,26221022,0,Wh,301,20.0,False
2025-04-08T16:40:00+08:00,142818,26221167,0,Wh,301,20.0,False
2025-04-08T17:00:00+08:00,142818,26221332,0,Wh,301,20.0,False
2025-04-08T17:20:00+08:00,142818,26222581,0,Wh,301,20.0,False
2025-04-08T17:40:00+08:00,142818,26223694,0,Wh,301,20.0,False
2025-04-08T18:00:00+08:00,142818,26223989,0,Wh,301,20.0,False
2025-04-08T18:20:00+08:00,142818,26224264,0,Wh,301,20.0,False
2025-04-08T18:40:00+08:00,142818,26224532,0,Wh,301,20.0,False
2025-04-08T19:00:00+08:00,142818,26224790,0,Wh,301,20.0,False
2025-04-08T19:20:00+08:00,142818,26225501,0,Wh,301,20.0,False
2025-04-08T19:40:00+08:00,142818,26225806,0,Wh,301,20.0,False
2025-04-08T20:00:00+08:00,142818,26226078,0,Wh,301,20.0,False
2025-04-08T20:20:00+08:00,142818,26226301,0,Wh,301,20.0,False
2025-04-08T20:40:00+08:00,142818,26226650,0,Wh,301,20.0,False
2025-04-08T21:00:00+08:00,142818,26227983,0,Wh,301,20.0,False
2025-04-08T21:20:00+08:00,142818,26228088,0,Wh,301,20.0,False
2025-04-08T21:40:00+08:00,142818,26228204,0,Wh,301,20.0,False
2025-04-08T22:00:00+08:00,142818,26228294,0,Wh,301,20.0,False
2025-04-08T22:20:00+08:00,142818,26228411,0,Wh,301,20.0,False
2025-04-08T22:40:00+08:00,142818,26228496,0,Wh,301,20.0,False
2025-04-08T23:00:00+08:00,142818,26228574,0,Wh,301,20.0,False
2025-04-08T23:20:00+08:00,142818,26228652,0,Wh,301,20.0,False
2025-04-08T23:40:00+08:00,142818,26228698,0,Wh,301,20.0,False
2025-04-09T00:00:00+08:00,142818,26228776,0,Wh,301,20.0,False
2025-04-09T00:20:00+08:00,142818,26228833,0,Wh,301,20.0,False
2025-04-09T00:40:00+08:00,142818,26228892,0,Wh,301,20.0,False
2025-04-09T01:00:00+08:00,142818,26228946,0,Wh,301,20.0,False
2025-04-09T01:20:00+08:00,142818,26228993,0,Wh,301,20.0,False
2025-04-09T01:40:00+08:00,142818,26229053,0,Wh,301,20.0,False
2025-04-09T02:00:00+08:00,142818,26229111,0,Wh,301,20.0,False
2025-04-09T02:20:00+08:00,142818,26229169,0,Wh,301,20.0,False
2025-04-09T02:40:00+08:00,142818,26229221,0,Wh,301,20.0,False
2025-04-09T03:00:00+08:00,142818,26229271,0,Wh,301,20.0,False
2025-04-09T03:20:00+08:00,142818,26229330,0,Wh,301,20.0,False
2025-04-09T03:40:00+08:00,142818,26229386,0,Wh,301,20.0,False
2025-04-09T04:00:00+08:00,142818,26229715,0,Wh,301,20.0,False
2025-04-09T04:20:00+08:00,142818,26229927,0,Wh,301,20.0,False
2025-04-09T04:40:00+08:00,142818,26229985,0,Wh,301,20.0,False
2025-04-09T05:00:00+08:00,142818,26230043,0,Wh,301,20.0,False
2025-04-09T05:20:00+08:00,142818,26230162,0,Wh,301,20.0,False
2025-04-09T05:40:00+08:00,142818,26230221,0,Wh,301,20.0,False
2025-04-09T06:00:00+08:00,142818,26230266,0,Wh,301,20.0,False
2025-04-09T06:20:00+08:00,142818,26230310,0,Wh,301,20.0,False
2025-04-09T06:40:00+08:00,142818,26230342,0,Wh,301,20.0,False
2025-04-09T07:00:00+08:00,142818,26230388,0,Wh,301,20.0,False
2025-04-09T07:20:00+08:00,142818,26230433,0,Wh,301,20.0,False
2025-04-09T07:40:00+08:00,142818,26230466,0,Wh,301,20.0,False
2025-04-09T08:00:00+08:00,142818,26230508,0,Wh,301,20.0,False
2025-04-09T08:20:00+08:00,142818,26230552,0,Wh,301,20.0,False
2025-04-09T08:40:00+08:00,142818,26230597,0,Wh,301,20.0,False
2025-04-09T09:00:00+08:00,142818,26230641,0,Wh,301,20.0,False
2025-04-09T09:20:00+08:00,142818,26230675,0,Wh,301,20.0,False
2025-04-09T09:40:00+08:00,142818,26230724,0,Wh,301,20.0,False
2025-04-09T10:00:00+08:00,142818,26230793,0,Wh,301,20.0,False
2025-04-09T10:20:00+08:00,142818,26230846,0,Wh,301,20.0,False
2025-04-09T10:40:00+08:00,142818,26230927,0,Wh,301,20.0,False
2025-04-09T11:00:00+08:00,142818,26231024,0,Wh,301,20.0,False
2025-04-09T11:20:00+08:00,142818,26231099,0,Wh,301,20.0,False
2025-04-09T11:40:00+08:00,142818,26231187,0,Wh,301,20.0,False
2025-04-09T12:00:00+08:00,142818,26231285,0,Wh,301,20.0,False
2025-04-09T12:20:00+08:00,142818,26231374,0,Wh,301,20.0,False
2025-04-09T12:40:00+08:00,142818,26231464,0,Wh,301,20.0,False
2025-04-09T13:00:00+08:00,142818,26231575,0,Wh,301,20.0,False
2025-04-09T13:20:00+08:00,142818,26231677,0,Wh,301,20.0,False
2025-04-09T13:40:00+08:00,142818,26231764,0,Wh,301,20.0,False
2025-04-09T14:00:00+08:00,142818,26231883,0,Wh,301,20.0,False
2025-04-09T14:20:00+08:00,142818,26231993,0,Wh,301,20.0,False
2025-04-09T14:40:00+08:00,142818,26232166,0,Wh,301,20.0,False
2025-04-09T15:00:00+08:00,142818,26232390,0,Wh,301,20.0,False
2025-04-09T15:20:00+08:00,142818,26232880,0,Wh,301,20.0,False
2025-04-09T15:40:00+08:00,142818,26233034,0,Wh,301,20.0,False
2025-04-09T16:00:00+08:00,142818,26233183,0,Wh,301,20.0,False
2025-04-09T16:20:00+08:00,142818,26233306,0,Wh,301,20.0,False
2025-04-09T16:40:00+08:00,142818,26233435,0,Wh,301,20.0,False
2025-04-09T17:00:00+08:00,142818,26233569,0,Wh,301,20.0,False
2025-04-09T17:20:00+08:00,142818,26234008,0,Wh,301,20.0,False
2025-04-09T17:40:00+08:00,142818,26235202,0,Wh,301,20.0,False
2025-04-09T18:00:00+08:00,142818,26236139,0,Wh,301,20.0,False
2025-04-09T18:20:00+08:00,142818,26236912,0,Wh,301,20.0,False
2025-04-09T18:40:00+08:00,142818,26238296,0,Wh,301,20.0,False
2025-04-09T19:00:00+08:00,142818,26240014,0,Wh,301,20.0,False
2025-04-09T19:20:00+08:00,142818,26240664,0,Wh,301,20.0,False
2025-04-09T19:40:00+08:00,142818,26240975,0,Wh,301,20.0,False
2025-04-09T20:00:00+08:00,142818,26241294,0,Wh,301,20.0,False
2025-04-09T20:20:00+08:00,142818,26241589,0,Wh,301,20.0,False
2025-04-09T20:40:00+08:00,142818,26241808,0,Wh,301,20.0,False
2025-04-09T21:00:00+08:00,142818,26242250,0,Wh,301,20.0,False
2025-04-09T21:20:00+08:00,142818,26242343,0,Wh,301,20.0,False
2025-04-09T21:40:00+08:00,142818,26242419,0,Wh,301,20.0,False
2025-04-09T22:00:00+08:00,142818,26242478,0,Wh,301,20.0,False
2025-04-09T22:20:00+08:00,142818,26242537,0,Wh,301,20.0,False
2025-04-09T22:40:00+08:00,142818,26242596,0,Wh,301,20.0,False
2025-04-09T23:00:00+08:00,142818,26242654,0,Wh,301,20.0,False
2025-04-09T23:20:00+08:00,142818,26242713,0,Wh,301,20.0,False
2025-04-09T23:40:00+08:00,142818,26242771,0,Wh,301,20.0,False
2025-04-10T00:00:00+08:00,142818,26242830,0,Wh,301,20.0,False
2025-04-10T00:20:00+08:00,142818,26242889,0,Wh,301,20.0,False
2025-04-10T00:40:00+08:00,142818,26242947,0,Wh,301,20.0,False
2025-04-10T01:00:00+08:00,142818,26242993,0,Wh,301,20.0,False
2025-04-10T01:20:00+08:00,142818,26243051,0,Wh,301,20.0,False
2025-04-10T01:40:00+08:00,142818,26243109,0,Wh,301,20.0,False
2025-04-10T02:00:00+08:00,142818,26243167,0,Wh,301,20.0,False
2025-04-10T02:20:00+08:00,142818,26243225,0,Wh,301,20.0,False
2025-04-10T02:40:00+08:00,142818,26243269,0,Wh,301,20.0,False
2025-04-10T03:00:00+08:00,142818,26243328,0,Wh,301,20.0,False
2025-04-10T03:20:00+08:00,142818,26243386,0,Wh,301,20.0,False
2025-04-10T03:40:00+08:00,142818,26243445,0,Wh,301,20.0,False
2025-04-10T04:00:00+08:00,142818,26243502,0,Wh,301,20.0,False
2025-04-10T04:20:00+08:00,142818,26243546,0,Wh,301,20.0,False
2025-04-10T04:40:00+08:00,142818,26243606,0,Wh,301,20.0,False
2025-04-10T05:00:00+08:00,142818,26243665,0,Wh,301,20.0,False
2025-04-10T05:20:00+08:00,142818,26243783,0,Wh,301,20.0,False
2025-04-10T05:40:00+08:00,142818,26244301,0,Wh,301,20.0,False
2025-04-10T06:00:00+08:00,142818,26244332,0,Wh,301,20.0,False
2025-04-10T06:20:00+08:00,142818,26244378,0,Wh,301,20.0,False
2025-04-10T06:40:00+08:00,142818,26244423,0,Wh,301,20.0,False
2025-04-10T07:00:00+08:00,142818,26244468,0,Wh,301,20.0,False
2025-04-10T07:20:00+08:00,142818,26244507,0,Wh,301,20.0,False
2025-04-10T07:40:00+08:00,142818,26244541,0,Wh,301,20.0,False
2025-04-10T08:00:00+08:00,142818,26244587,0,Wh,301,20.0,False
2025-04-10T08:20:00+08:00,142818,26244631,0,Wh,301,20.0,False
2025-04-10T08:40:00+08:00,142818,26244661,0,Wh,301,20.0,False
2025-04-10T09:00:00+08:00,142818,26244706,0,Wh,301,20.0,False
2025-04-10T09:20:00+08:00,142818,26244750,0,Wh,301,20.0,False
2025-04-10T09:40:00+08:00,142818,26244785,0,Wh,301,20.0,False
2025-04-10T10:00:00+08:00,142818,26244824,0,Wh,301,20.0,False
2025-04-10T10:20:00+08:00,142818,26244868,0,Wh,301,20.0,False
2025-04-10T10:40:00+08:00,142818,26244910,0,Wh,301,20.0,False
2025-04-10T11:00:00+08:00,142818,26244940,0,Wh,301,20.0,False
2025-04-10T11:20:00+08:00,142818,26244986,0,Wh,301,20.0,False
2025-04-10T11:40:00+08:00,142818,26245033,0,Wh,301,20.0,False
2025-04-10T12:00:00+08:00,142818,26245107,0,Wh,301,20.0,False
2025-04-10T12:20:00+08:00,142818,26245212,0,Wh,301,20.0,False
2025-04-10T12:40:00+08:00,142818,26245319,0,Wh,301,20.0,False
2025-04-10T13:00:00+08:00,142818,26245426,0,Wh,301,20.0,False
2025-04-10T13:20:00+08:00,142818,26245521,0,Wh,301,20.0,False
2025-04-10T13:40:00+08:00,142818,26245632,0,Wh,301,20.0,False
2025-04-10T14:00:00+08:00,142818,26245744,0,Wh,301,20.0,False
2025-04-10T14:20:00+08:00,142818,26245847,0,Wh,301,20.0,False
2025-04-10T14:40:00+08:00,142818,26245972,0,Wh,301,20.0,False
2025-04-10T15:00:00+08:00,142818,26246117,0,Wh,301,20.0,False
2025-04-10T15:20:00+08:00,142818,26246349,0,Wh,301,20.0,False
2025-04-10T15:40:00+08:00,142818,26246821,0,Wh,301,20.0,False
2025-04-10T16:00:00+08:00,142818,26246967,0,Wh,301,20.0,False
2025-04-10T16:20:00+08:00,142818,26247123,0,Wh,301,20.0,False
2025-04-10T16:40:00+08:00,142818,26247271,0,Wh,301,20.0,False
2025-04-10T17:00:00+08:00,142818,26247426,0,Wh,301,20.0,False
2025-04-10T17:20:00+08:00,142818,26247586,0,Wh,301,20.0,False
2025-04-10T17:40:00+08:00,142818,26247737,0,Wh,301,20.0,False
2025-04-10T18:00:00+08:00,142818,26247836,0,Wh,301,20.0,False
2025-04-10T18:20:00+08:00,142818,26247936,0,Wh,301,20.0,False
2025-04-10T18:40:00+08:00,142818,26248032,0,Wh,301,20.0,False
2025-04-10T19:00:00+08:00,142818,26248168,0,Wh,301,20.0,False
2025-04-10T19:20:00+08:00,142818,26248936,0,Wh,301,20.0,False
2025-04-10T19:40:00+08:00,142818,26250146,0,Wh,301,20.0,False
2025-04-10T20:00:00+08:00,142818,26250419,0,Wh,301,20.0,False
2025-04-10T20:20:00+08:00,142818,26250694,0,Wh,301,20.0,False
2025-04-10T20:40:00+08:00,142818,26250950,0,Wh,301,20.0,False
2025-04-10T21:00:00+08:00,142818,26251204,0,Wh,301,20.0,False
2025-04-10T21:20:00+08:00,142818,26251465,0,Wh,301,20.0,False
2025-04-10T21:40:00+08:00,142818,26252130,0,Wh,301,20.0,False
2025-04-10T22:00:00+08:00,142818,26252378,0,Wh,301,20.0,False
2025-04-10T22:20:00+08:00,142818,26252645,0,Wh,301,20.0,False
2025-04-10T22:40:00+08:00,142818,26252909,0,Wh,301,20.0,False
2025-04-10T23:00:00+08:00,142818,26253167,0,Wh,301,20.0,False
2025-04-10T23:20:00+08:00,142818,26253232,0,Wh,301,20.0,False
2025-04-10T23:40:00+08:00,142818,26253279,0,Wh,301,20.0,False
2025-04-11T00:00:00+08:00,142818,26253341,0,Wh,301,20.0,False
2025-04-11T00:20:00+08:00,142818,26253398,0,Wh,301,20.0,False
2025-04-11T00:40:00+08:00,142818,26253442,0,Wh,301,20.0,False
2025-04-11T01:00:00+08:00,142818,26253498,0,Wh,301,20.0,False
2025-04-11T01:20:00+08:00,142818,26253556,0,Wh,301,20.0,False
2025-04-11T01:40:00+08:00,142818,26253613,0,Wh,301,20.0,False
2025-04-11T02:00:00+08:00,142818,26253661,0,Wh,301,20.0,False
2025-04-11T02:20:00+08:00,142818,26253719,0,Wh,301,20.0,False
2025-04-11T02:40:00+08:00,142818,26253777,0,Wh,301,20.0,False
2025-04-11T03:00:00+08:00,142818,26253827,0,Wh,301,20.0,False
2025-04-11T03:20:00+08:00,142818,26253877,0,Wh,301,20.0,False
2025-04-11T03:40:00+08:00,142818,26253935,0,Wh,301,20.0,False
2025-04-11T04:00:00+08:00,142818,26253989,0,Wh,301,20.0,False
2025-04-11T04:20:00+08:00,142818,26254034,0,Wh,301,20.0,False
2025-04-11T04:40:00+08:00,142818,26254097,0,Wh,301,20.0,False
2025-04-11T05:00:00+08:00,142818,26254155,0,Wh,301,20.0,False
2025-04-11T05:20:00+08:00,142818,26254204,0,Wh,301,20.0,False
2025-04-11T05:40:00+08:00,142818,26254256,0,Wh,301,20.0,False
2025-04-11T06:00:00+08:00,142818,26254313,0,Wh,301,20.0,False
2025-04-11T06:20:00+08:00,142818,26254368,0,Wh,301,20.0,False
2025-04-11T06:40:00+08:00,142818,26254412,0,Wh,301,20.0,False
2025-04-11T07:00:00+08:00,142818,26254471,0,Wh,301,20.0,False
2025-04-11T07:20:00+08:00,142818,26254528,0,Wh,301,20.0,False
2025-04-11T07:40:00+08:00,142818,26254574,0,Wh,301,20.0,False
2025-04-11T08:00:00+08:00,142818,26255070,0,Wh,301,20.0,False
2025-04-11T08:20:00+08:00,142818,26255127,0,Wh,301,20.0,False
2025-04-11T08:40:00+08:00,142818,26255177,0,Wh,301,20.0,False
2025-04-11T09:00:00+08:00,142818,26255342,0,Wh,301,20.0,False
2025-04-11T09:20:00+08:00,142818,26255555,0,Wh,301,20.0,False
2025-04-11T09:40:00+08:00,142818,26255826,0,Wh,301,20.0,False
2025-04-11T10:00:00+08:00,142818,26256116,0,Wh,301,20.0,False
2025-04-11T10:20:00+08:00,142818,26256374,0,Wh,301,20.0,False
2025-04-11T10:40:00+08:00,142818,26257461,0,Wh,301,20.0,False
2025-04-11T11:00:00+08:00,142818,26258976,0,Wh,301,20.0,False
2025-04-11T11:20:00+08:00,142818,26259862,0,Wh,301,20.0,False
2025-04-11T11:40:00+08:00,142818,26260245,0,Wh,301,20.0,False
2025-04-11T12:00:00+08:00,142818,26261753,0,Wh,301,20.0,False
2025-04-11T12:20:00+08:00,142818,26262917,0,Wh,301,20.0,False
2025-04-11T12:40:00+08:00,142818,26263286,0,Wh,301,20.0,False
2025-04-11T13:00:00+08:00,142818,26264655,0,Wh,301,20.0,False
2025-04-11T13:20:00+08:00,142818,26265663,0,Wh,301,20.0,False
2025-04-11T13:40:00+08:00,142818,26266608,0,Wh,301,20.0,False
2025-04-11T14:00:00+08:00,142818,26267119,0,Wh,301,20.0,False
2025-04-11T14:20:00+08:00,142818,26267625,0,Wh,301,20.0,False
2025-04-11T14:40:00+08:00,142818,26268165,0,Wh,301,20.0,False
2025-04-11T15:00:00+08:00,142818,26268711,0,Wh,301,20.0,False
2025-04-11T15:20:00+08:00,142818,26269256,0,Wh,301,20.0,False
2025-04-11T15:40:00+08:00,142818,26269796,0,Wh,301,20.0,False
2025-04-11T16:00:00+08:00,142818,26270350,0,Wh,301,20.0,False
2025-04-11T16:20:00+08:00,142818,26271316,0,Wh,301,20.0,False
2025-04-11T16:40:00+08:00,142818,26272566,0,Wh,301,20.0,False
2025-04-11T17:00:00+08:00,142818,26273334,0,Wh,301,20.0,False
2025-04-11T17:20:00+08:00,142818,26274208,0,Wh,301,20.0,False
2025-04-11T17:40:00+08:00,142818,26275614,0,Wh,301,20.0,False
2025-04-11T18:00:00+08:00,142818,26276645,0,Wh,301,20.0,False
2025-04-11T18:20:00+08:00,142818,26277094,0,Wh,301,20.0,False
2025-04-11T18:40:00+08:00,142818,26277518,0,Wh,301,20.0,False
2025-04-11T19:00:00+08:00,142818,26277944,0,Wh,301,20.0,False
2025-04-11T19:20:00+08:00,142818,26278364,0,Wh,301,20.0,False
2025-04-11T19:40:00+08:00,142818,26278787,0,Wh,301,20.0,False
2025-04-11T20:00:00+08:00,142818,26279165,0,Wh,301,20.0,False
2025-04-11T20:20:00+08:00,142818,26279822,0,Wh,301,20.0,False
2025-04-11T20:40:00+08:00,142818,26280690,0,Wh,301,20.0,False
2025-04-11T21:00:00+08:00,142818,26280952,0,Wh,301,20.0,False
2025-04-11T21:20:00+08:00,142818,26281306,0,Wh,301,20.0,False
2025-04-11T21:40:00+08:00,142818,26281998,0,Wh,301,20.0,False
2025-04-11T22:00:00+08:00,142818,26282273,0,Wh,301,20.0,False
2025-04-11T22:20:00+08:00,142818,26282527,0,Wh,301,20.0,False
2025-04-11T22:40:00+08:00,142818,26282778,0,Wh,301,20.0,False
2025-04-11T23:00:00+08:00,142818,26283028,0,Wh,301,20.0,False
2025-04-11T23:20:00+08:00,142818,26283277,0,Wh,301,20.0,False
2025-04-11T23:40:00+08:00,142818,26283524,0,Wh,301,20.0,False
2025-04-12T00:00:00+08:00,142818,26283773,0,Wh,301,20.0,False
2025-04-12T00:20:00+08:00,142818,26284019,0,Wh,301,20.0,False
2025-04-12T00:40:00+08:00,142818,26284274,0,Wh,301,20.0,False
2025-04-12T01:00:00+08:00,142818,26284502,0,Wh,301,20.0,False
2025-04-12T01:20:00+08:00,142818,26284606,0,Wh,301,20.0,False
2025-04-12T01:40:00+08:00,142818,26284702,0,Wh,301,20.0,False
2025-04-12T02:00:00+08:00,142818,26284808,0,Wh,301,20.0,False
2025-04-12T02:20:00+08:00,142818,26284888,0,Wh,301,20.0,False
2025-04-12T02:40:00+08:00,142818,26284935,0,Wh,301,20.0,False
2025-04-12T03:00:00+08:00,142818,26285011,0,Wh,301,20.0,False
2025-04-12T03:20:00+08:00,142818,26285084,0,Wh,301,20.0,False
2025-04-12T03:40:00+08:00,142818,26285148,0,Wh,301,20.0,False
2025-04-12T04:00:00+08:00,142818,26285211,0,Wh,301,20.0,False
2025-04-12T04:20:00+08:00,142818,26285257,0,Wh,301,20.0,False
2025-04-12T04:40:00+08:00,142818,26285323,0,Wh,301,20.0,False
2025-04-12T05:00:00+08:00,142818,26285381,0,Wh,301,20.0,False
2025-04-12T05:20:00+08:00,142818,26285439,0,Wh,301,20.0,False
2025-04-12T05:40:00+08:00,142818,26285499,0,Wh,301,20.0,False
2025-04-12T06:00:00+08:00,142818,26285937,0,Wh,301,20.0,False
2025-04-12T06:20:00+08:00,142818,26285997,0,Wh,301,20.0,False
2025-04-12T06:40:00+08:00,142818,26286069,0,Wh,301,20.0,False
2025-04-12T07:00:00+08:00,142818,26286130,0,Wh,301,20.0,False
2025-04-12T07:20:00+08:00,142818,26286184,0,Wh,301,20.0,False
2025-04-12T07:40:00+08:00,142818,26286231,0,Wh,301,20.0,False
2025-04-12T08:00:00+08:00,142818,26286290,0,Wh,301,20.0,False
2025-04-12T08:20:00+08:00,142818,26286348,0,Wh,301,20.0,False
2025-04-12T08:40:00+08:00,142818,26286405,0,Wh,301,20.0,False
2025-04-12T09:00:00+08:00,142818,26286456,0,Wh,301,20.0,False
2025-04-12T09:20:00+08:00,142818,26286602,0,Wh,301,20.0,False
2025-04-12T09:40:00+08:00,142818,26286856,0,Wh,301,20.0,False
2025-04-12T10:00:00+08:00,142818,26287713,0,Wh,301,20.0,False
2025-04-12T10:20:00+08:00,142818,26288353,0,Wh,301,20.0,False
2025-04-12T10:40:00+08:00,142818,26288678,0,Wh,301,20.0,False
2025-04-12T11:00:00+08:00,142818,26288992,0,Wh,301,20.0,False
2025-04-12T11:20:00+08:00,142818,26289292,0,Wh,301,20.0,False
2025-04-12T11:40:00+08:00,142818,26289609,0,Wh,301,20.0,False
2025-04-12T12:00:00+08:00,142818,26290304,0,Wh,301,20.0,False
2025-04-12T12:20:00+08:00,142818,26290836,0,Wh,301,20.0,False
2025-04-12T12:40:00+08:00,142818,26292263,0,Wh,301,20.0,False
2025-04-12T13:00:00+08:00,142818,26292583,0,Wh,301,20.0,False
2025-04-12T13:20:00+08:00,142818,26292898,0,Wh,301,20.0,False
2025-04-12T13:40:00+08:00,142818,26293240,0,Wh,301,20.0,False
2025-04-12T14:00:00+08:00,142818,26294338,0,Wh,301,20.0,False
2025-04-12T14:20:00+08:00,142818,26295672,0,Wh,301,20.0,False
2025-04-12T14:40:00+08:00,142818,26296250,0,Wh,301,20.0,False
2025-04-12T15:00:00+08:00,142818,26297567,0,Wh,301,20.0,False
2025-04-12T15:20:00+08:00,142818,26298614,0,Wh,301,20.0,False
2025-04-12T15:40:00+08:00,142818,26299924,0,Wh,301,20.0,False
2025-04-12T16:00:00+08:00,142818,26300731,0,Wh,301,20.0,False
2025-04-12T16:20:00+08:00,142818,26301547,0,Wh,301,20.0,False
2025-04-12T16:40:00+08:00,142818,26302366,0,Wh,301,20.0,False
2025-04-12T17:00:00+08:00,142818,26303259,0,Wh,301,20.0,False
2025-04-12T17:20:00+08:00,142818,26304149,0,Wh,301,20.0,False
2025-04-12T17:40:00+08:00,142818,26304647,0,Wh,301,20.0,False
2025-04-12T18:00:00+08:00,142818,26305131,0,Wh,301,20.0,False
2025-04-12T18:20:00+08:00,142818,26305546,0,Wh,301,20.0,False
2025-04-12T18:40:00+08:00,142818,26305860,0,Wh,301,20.0,False
2025-04-12T19:00:00+08:00,142818,26306109,0,Wh,301,20.0,False
2025-04-12T19:20:00+08:00,142818,26306349,0,Wh,301,20.0,False
2025-04-12T19:40:00+08:00,142818,26306593,0,Wh,301,20.0,False
2025-04-12T20:00:00+08:00,142818,26306843,0,Wh,301,20.0,False
2025-04-12T20:20:00+08:00,142818,26307088,0,Wh,301,20.0,False
2025-04-12T20:40:00+08:00,142818,26307342,0,Wh,301,20.0,False
2025-04-12T21:00:00+08:00,142818,26307956,0,Wh,301,20.0,False
2025-04-12T21:20:00+08:00,142818,26308218,0,Wh,301,20.0,False
2025-04-12T21:40:00+08:00,142818,26308479,0,Wh,301,20.0,False
2025-04-12T22:00:00+08:00,142818,26308749,0,Wh,301,20.0,False
2025-04-12T22:20:00+08:00,142818,26309392,0,Wh,301,20.0,False
2025-04-12T22:40:00+08:00,142818,26309761,0,Wh,301,20.0,False
2025-04-12T23:00:00+08:00,142818,26310127,0,Wh,301,20.0,False
2025-04-12T23:20:00+08:00,142818,26310461,0,Wh,301,20.0,False
2025-04-12T23:40:00+08:00,142818,26310576,0,Wh,301,20.0,False
2025-04-13T00:00:00+08:00,142818,26310677,0,Wh,301,20.0,False
2025-04-13T00:20:00+08:00,142818,26310779,0,Wh,301,20.0,False
2025-04-13T00:40:00+08:00,142818,26310874,0,Wh,301,20.0,False
2025-04-13T01:00:00+08:00,142818,26310970,0,Wh,301,20.0,False
2025-04-13T01:20:00+08:00,142818,26311075,0,Wh,301,20.0,False
2025-04-13T01:40:00+08:00,142818,26311162,0,Wh,301,20.0,False
2025-04-13T02:00:00+08:00,142818,26311222,0,Wh,301,20.0,False
2025-04-13T02:20:00+08:00,142818,26311288,0,Wh,301,20.0,False
2025-04-13T02:40:00+08:00,142818,26311347,0,Wh,301,20.0,False
2025-04-13T03:00:00+08:00,142818,26311405,0,Wh,301,20.0,False
2025-04-13T03:20:00+08:00,142818,26311483,0,Wh,301,20.0,False
2025-04-13T03:40:00+08:00,142818,26311530,0,Wh,301,20.0,False
2025-04-13T04:00:00+08:00,142818,26311591,0,Wh,301,20.0,False
2025-04-13T04:20:00+08:00,142818,26311651,0,Wh,301,20.0,False
2025-04-13T04:40:00+08:00,142818,26311711,0,Wh,301,20.0,False
2025-04-13T05:00:00+08:00,142818,26311764,0,Wh,301,20.0,False
2025-04-13T05:20:00+08:00,142818,26311820,0,Wh,301,20.0,False
2025-04-13T05:40:00+08:00,142818,26311880,0,Wh,301,20.0,False
2025-04-13T06:00:00+08:00,142818,26311944,0,Wh,301,20.0,False
2025-04-13T06:20:00+08:00,142818,26312005,0,Wh,301,20.0,False
2025-04-13T06:40:00+08:00,142818,26312051,0,Wh,301,20.0,False
2025-04-13T07:00:00+08:00,142818,26312155,0,Wh,301,20.0,False
2025-04-13T07:20:00+08:00,142818,26312775,0,Wh,301,20.0,False
2025-04-13T07:40:00+08:00,142818,26312978,0,Wh,301,20.0,False
2025-04-13T08:00:00+08:00,142818,26313289,0,Wh,301,20.0,False
2025-04-13T08:20:00+08:00,142818,26313637,0,Wh,301,20.0,False
2025-04-13T08:40:00+08:00,142818,26313996,0,Wh,301,20.0,False
2025-04-13T09:00:00+08:00,142818,26314343,0,Wh,301,20.0,False
2025-04-13T09:20:00+08:00,142818,26314693,0,Wh,301,20.0,False
2025-04-13T09:40:00+08:00,142818,26314988,0,Wh,301,20.0,False
2025-04-13T10:00:00+08:00,142818,26315208,0,Wh,301,20.0,False
2025-04-13T10:20:00+08:00,142818,26315429,0,Wh,301,20.0,False
2025-04-13T10:40:00+08:00,142818,26315652,0,Wh,301,20.0,False
2025-04-13T11:00:00+08:00,142818,26316692,0,Wh,301,20.0,False
2025-04-13T11:20:00+08:00,142818,26317482,0,Wh,301,20.0,False
2025-04-13T11:40:00+08:00,142818,26317909,0,Wh,301,20.0,False
2025-04-13T12:00:00+08:00,142818,26318238,0,Wh,301,20.0,False
2025-04-13T12:20:00+08:00,142818,26318547,0,Wh,301,20.0,False
2025-04-13T12:40:00+08:00,142818,26319974,0,Wh,301,20.0,False
2025-04-13T13:00:00+08:00,142818,26321746,0,Wh,301,20.0,False
2025-04-13T13:20:00+08:00,142818,26324011,0,Wh,301,20.0,False
2025-04-13T13:40:00+08:00,142818,26325586,0,Wh,301,20.0,False
2025-04-13T14:00:00+08:00,142818,26326172,0,Wh,301,20.0,False
2025-04-13T14:20:00+08:00,142818,26326759,0,Wh,301,20.0,False
2025-04-13T14:40:00+08:00,142818,26328660,0,Wh,301,20.0,False
2025-04-13T15:00:00+08:00,142818,26330018,0,Wh,301,20.0,False
2025-04-13T15:20:00+08:00,142818,26330814,0,Wh,301,20.0,False
2025-04-13T15:40:00+08:00,142818,26331571,0,Wh,301,20.0,False
2025-04-13T16:00:00+08:00,142818,26332339,0,Wh,301,20.0,False
2025-04-13T16:20:00+08:00,142818,26333320,0,Wh,301,20.0,False
2025-04-13T16:40:00+08:00,142818,26333728,0,Wh,301,20.0,False
2025-04-13T17:00:00+08:00,142818,26334002,0,Wh,301,20.0,False
2025-04-13T17:20:00+08:00,142818,26334275,0,Wh,301,20.0,False
2025-04-13T17:40:00+08:00,142818,26334549,0,Wh,301,20.0,False
2025-04-13T18:00:00+08:00,142818,26334819,0,Wh,301,20.0,False
2025-04-13T18:20:00+08:00,142818,26335480,0,Wh,301,20.0,False
2025-04-13T18:40:00+08:00,142818,26335804,0,Wh,301,20.0,False
2025-04-13T19:00:00+08:00,142818,26336088,0,Wh,301,20.0,False
2025-04-13T19:20:00+08:00,142818,26336370,0,Wh,301,20.0,False
2025-04-13T19:40:00+08:00,142818,26336636,0,Wh,301,20.0,False
2025-04-13T20:00:00+08:00,142818,26336901,0,Wh,301,20.0,False
2025-04-13T20:20:00+08:00,142818,26337167,0,Wh,301,20.0,False
2025-04-13T20:40:00+08:00,142818,26337415,0,Wh,301,20.0,False
2025-04-13T21:00:00+08:00,142818,26337661,0,Wh,301,20.0,False
2025-04-13T21:20:00+08:00,142818,26337796,0,Wh,301,20.0,False
2025-04-13T21:40:00+08:00,142818,26337904,0,Wh,301,20.0,False
2025-04-13T22:00:00+08:00,142818,26338003,0,Wh,301,20.0,False
2025-04-13T22:20:00+08:00,142818,26338092,0,Wh,301,20.0,False
2025-04-13T22:40:00+08:00,142818,26338175,0,Wh,301,20.0,False
2025-04-13T23:00:00+08:00,142818,26338258,0,Wh,301,20.0,False
2025-04-13T23:20:00+08:00,142818,26338333,0,Wh,301,20.0,False
2025-04-13T23:40:00+08:00,142818,26338411,0,Wh,301,20.0,False
2025-04-14T00:00:00+08:00,142818,26338470,0,Wh,301,20.0,False
2025-04-14T00:20:00+08:00,142818,26338531,0,Wh,301,20.0,False
2025-04-14T00:40:00+08:00,142818,26338604,0,Wh,301,20.0,False
2025-04-14T01:00:00+08:00,142818,26339025,0,Wh,301,20.0,False
2025-04-14T01:20:00+08:00,142818,26339137,0,Wh,301,20.0,False
2025-04-14T01:40:00+08:00,142818,26339230,0,Wh,301,20.0,False
2025-04-14T02:00:00+08:00,142818,26339318,0,Wh,301,20.0,False
2025-04-14T02:20:00+08:00,142818,26339409,0,Wh,301,20.0,False
2025-04-14T02:40:00+08:00,142818,26339483,0,Wh,301,20.0,False
2025-04-14T03:00:00+08:00,142818,26339551,0,Wh,301,20.0,False
2025-04-14T03:20:00+08:00,142818,26339588,0,Wh,301,20.0,False
2025-04-14T03:40:00+08:00,142818,26339635,0,Wh,301,20.0,False
2025-04-14T04:00:00+08:00,142818,26339681,0,Wh,301,20.0,False
2025-04-14T04:20:00+08:00,142818,26339728,0,Wh,301,20.0,False
2025-04-14T04:40:00+08:00,142818,26339774,0,Wh,301,20.0,False
2025-04-14T05:00:00+08:00,142818,26339820,0,Wh,301,20.0,False
2025-04-14T05:20:00+08:00,142818,26339930,0,Wh,301,20.0,False
2025-04-14T05:40:00+08:00,142818,26340068,0,Wh,301,20.0,False
2025-04-14T06:00:00+08:00,142818,26340130,0,Wh,301,20.0,False
2025-04-14T06:20:00+08:00,142818,26340189,0,Wh,301,20.0,False
2025-04-14T06:40:00+08:00,142818,26340248,0,Wh,301,20.0,False
2025-04-14T07:00:00+08:00,142818,26340306,0,Wh,301,20.0,False
2025-04-14T07:20:00+08:00,142818,26340353,0,Wh,301,20.0,False
2025-04-14T07:40:00+08:00,142818,26340781,0,Wh,301,20.0,False
2025-04-14T08:00:00+08:00,142818,26340839,0,Wh,301,20.0,False
2025-04-14T08:20:00+08:00,142818,26340898,0,Wh,301,20.0,False
2025-04-14T08:40:00+08:00,142818,26340948,0,Wh,301,20.0,False
2025-04-14T09:00:00+08:00,142818,26341004,0,Wh,301,20.0,False
2025-04-14T09:20:00+08:00,142818,26341063,0,Wh,301,20.0,False
2025-04-14T09:40:00+08:00,142818,26341122,0,Wh,301,20.0,False
2025-04-14T10:00:00+08:00,142818,26341178,0,Wh,301,20.0,False
2025-04-14T10:20:00+08:00,142818,26341247,0,Wh,301,20.0,False
2025-04-14T10:40:00+08:00,142818,26341334,0,Wh,301,20.0,False
2025-04-14T11:00:00+08:00,142818,26341424,0,Wh,301,20.0,False
2025-04-14T11:20:00+08:00,142818,26341511,0,Wh,301,20.0,False
2025-04-14T11:40:00+08:00,142818,26341613,0,Wh,301,20.0,False
2025-04-14T12:00:00+08:00,142818,26341717,0,Wh,301,20.0,False
2025-04-14T12:20:00+08:00,142818,26341827,0,Wh,301,20.0,False
2025-04-14T12:40:00+08:00,142818,26341930,0,Wh,301,20.0,False
2025-04-14T13:00:00+08:00,142818,26342043,0,Wh,301,20.0,False
2025-04-14T13:20:00+08:00,142818,26342163,0,Wh,301,20.0,False
2025-04-14T13:40:00+08:00,142818,26342269,0,Wh,301,20.0,False
2025-04-14T14:00:00+08:00,142818,26342393,0,Wh,301,20.0,False
2025-04-14T14:20:00+08:00,142818,26342519,0,Wh,301,20.0,False
2025-04-14T14:40:00+08:00,142818,26342628,0,Wh,301,20.0,False
2025-04-14T15:00:00+08:00,142818,26342749,0,Wh,301,20.0,False
2025-04-14T15:20:00+08:00,142818,26342868,0,Wh,301,20.0,False
2025-04-14T15:40:00+08:00,142818,26342975,0,Wh,301,20.0,False
2025-04-14T16:00:00+08:00,142818,26343116,0,Wh,301,20.0,False
2025-04-14T16:20:00+08:00,142818,26343256,0,Wh,301,20.0,False
2025-04-14T16:40:00+08:00,142818,26343385,0,Wh,301,20.0,False
2025-04-14T17:00:00+08:00,142818,26343535,0,Wh,301,20.0,False
2025-04-14T17:20:00+08:00,142818,26343764,0,Wh,301,20.0,False
2025-04-14T17:40:00+08:00,142818,26344881,0,Wh,301,20.0,False
2025-04-14T18:00:00+08:00,142818,26346124,0,Wh,301,20.0,False
2025-04-14T18:20:00+08:00,142818,26346372,0,Wh,301,20.0,False
2025-04-14T18:40:00+08:00,142818,26346627,0,Wh,301,20.0,False
2025-04-14T19:00:00+08:00,142818,26346882,0,Wh,301,20.0,False
2025-04-14T19:20:00+08:00,142818,26347142,0,Wh,301,20.0,False
2025-04-14T19:40:00+08:00,142818,26347421,0,Wh,301,20.0,False
2025-04-14T20:00:00+08:00,142818,26347675,0,Wh,301,20.0,False
2025-04-14T20:20:00+08:00,142818,26347950,0,Wh,301,20.0,False
2025-04-14T20:40:00+08:00,142818,26348191,0,Wh,301,20.0,False
2025-04-14T21:00:00+08:00,142818,26348670,0,Wh,301,20.0,False
2025-04-14T21:20:00+08:00,142818,26350017,0,Wh,301,20.0,False
2025-04-14T21:40:00+08:00,142818,26350637,0,Wh,301,20.0,False
2025-04-14T22:00:00+08:00,142818,26350703,0,Wh,301,20.0,False
2025-04-14T22:20:00+08:00,142818,26350764,0,Wh,301,20.0,False
2025-04-14T22:40:00+08:00,142818,26350824,0,Wh,301,20.0,False
2025-04-14T23:00:00+08:00,142818,26350877,0,Wh,301,20.0,False
2025-04-14T23:20:00+08:00,142818,26350930,0,Wh,301,20.0,False
2025-04-14T23:40:00+08:00,142818,26350990,0,Wh,301,20.0,False
2025-04-15T00:00:00+08:00,142818,26351049,0,Wh,301,20.0,False
2025-04-07T00:20:00+08:00,142819,21064612,0,Wh,302,20.0,False
2025-04-07T00:40:00+08:00,142819,21064713,0,Wh,302,20.0,False
2025-04-07T01:00:00+08:00,142819,21064806,0,Wh,302,20.0,False
2025-04-07T01:20:00+08:00,142819,21064911,0,Wh,302,20.0,False
2025-04-07T01:40:00+08:00,142819,21064997,0,Wh,302,20.0,False
2025-04-07T02:00:00+08:00,142819,21065097,0,Wh,302,20.0,False
2025-04-07T02:20:00+08:00,142819,21065183,0,Wh,302,20.0,False
2025-04-07T02:40:00+08:00,142819,21065286,0,Wh,302,20.0,False
2025-04-07T03:00:00+08:00,142819,21065353,0,Wh,302,20.0,False
2025-04-07T03:20:00+08:00,142819,21065419,0,Wh,302,20.0,False
2025-04-07T03:40:00+08:00,142819,21065487,0,Wh,302,20.0,False
2025-04-07T04:00:00+08:00,142819,21065552,0,Wh,302,20.0,False
2025-04-07T04:20:00+08:00,142819,21065626,0,Wh,302,20.0,False
2025-04-07T04:40:00+08:00,142819,21065673,0,Wh,302,20.0,False
2025-04-07T05:00:00+08:00,142819,21065740,0,Wh,302,20.0,False
2025-04-07T05:20:00+08:00,142819,21065786,0,Wh,302,20.0,False
2025-04-07T05:40:00+08:00,142819,21065864,0,Wh,302,20.0,False
2025-04-07T06:00:00+08:00,142819,21065931,0,Wh,302,20.0,False
2025-04-07T06:20:00+08:00,142819,21066131,0,Wh,302,20.0,False
2025-04-07T06:40:00+08:00,142819,21066982,0,Wh,302,20.0,False
2025-04-07T07:00:00+08:00,142819,21067418,0,Wh,302,20.0,False
2025-04-07T07:20:00+08:00,142819,21067452,0,Wh,302,20.0,False
2025-04-07T07:40:00+08:00,142819,21067500,0,Wh,302,20.0,False
2025-04-07T08:00:00+08:00,142819,21067524,0,Wh,302,20.0,False
2025-04-07T08:20:00+08:00,142819,21067569,0,Wh,302,20.0,False
2025-04-07T08:40:00+08:00,142819,21067593,0,Wh,302,20.0,False
2025-04-07T09:00:00+08:00,142819,21067638,0,Wh,302,20.0,False
2025-04-07T09:20:00+08:00,142819,21067662,0,Wh,302,20.0,False
2025-04-07T09:40:00+08:00,142819,21067707,0,Wh,302,20.0,False
2025-04-07T10:00:00+08:00,142819,21067731,0,Wh,302,20.0,False
2025-04-07T10:20:00+08:00,142819,21067778,0,Wh,302,20.0,False
2025-04-07T10:40:00+08:00,142819,21067800,0,Wh,302,20.0,False
2025-04-07T11:00:00+08:00,142819,21067847,0,Wh,302,20.0,False
2025-04-07T11:20:00+08:00,142819,21067868,0,Wh,302,20.0,False
2025-04-07T11:40:00+08:00,142819,21067913,0,Wh,302,20.0,False
2025-04-07T12:00:00+08:00,142819,21067936,0,Wh,302,20.0,False
2025-04-07T12:20:00+08:00,142819,21067982,0,Wh,302,20.0,False
2025-04-07T12:40:00+08:00,142819,21068266,0,Wh,302,20.0,False
2025-04-07T13:00:00+08:00,142819,21068627,0,Wh,302,20.0,False
2025-04-07T13:20:00+08:00,142819,21068650,0,Wh,302,20.0,False
2025-04-07T13:40:00+08:00,142819,21068695,0,Wh,302,20.0,False
2025-04-07T14:00:00+08:00,142819,21068720,0,Wh,302,20.0,False
2025-04-07T14:20:00+08:00,142819,21068763,0,Wh,302,20.0,False
2025-04-07T14:40:00+08:00,142819,21068788,0,Wh,302,20.0,False
2025-04-07T15:00:00+08:00,142819,21068834,0,Wh,302,20.0,False
2025-04-07T15:20:00+08:00,142819,21068856,0,Wh,302,20.0,False
2025-04-07T15:40:00+08:00,142819,21068902,0,Wh,302,20.0,False
2025-04-07T16:00:00+08:00,142819,21068925,0,Wh,302,20.0,False
2025-04-07T16:20:00+08:00,142819,21068970,0,Wh,302,20.0,False
2025-04-07T16:40:00+08:00,142819,21068995,0,Wh,302,20.0,False
2025-04-07T17:00:00+08:00,142819,21069044,0,Wh,302,20.0,False
2025-04-07T17:20:00+08:00,142819,21069093,0,Wh,302,20.0,False
2025-04-07T17:40:00+08:00,142819,21069135,0,Wh,302,20.0,False
2025-04-07T18:00:00+08:00,142819,21069509,0,Wh,302,20.0,False
2025-04-07T18:20:00+08:00,142819,21070340,0,Wh,302,20.0,False
2025-04-07T18:40:00+08:00,142819,21071837,0,Wh,302,20.0,False
2025-04-07T19:00:00+08:00,142819,21072268,0,Wh,302,20.0,False
2025-04-07T19:20:00+08:00,142819,21072418,0,Wh,302,20.0,False
2025-04-07T19:40:00+08:00,142819,21072566,0,Wh,302,20.0,False
2025-04-07T20:00:00+08:00,142819,21073296,0,Wh,302,20.0,False
2025-04-07T20:20:00+08:00,142819,21073380,0,Wh,302,20.0,False
2025-04-07T20:40:00+08:00,142819,21073441,0,Wh,302,20.0,False
2025-04-07T21:00:00+08:00,142819,21073522,0,Wh,302,20.0,False
2025-04-07T21:20:00+08:00,142819,21074793,0,Wh,302,20.0,False
2025-04-07T21:40:00+08:00,142819,21075261,0,Wh,302,20.0,False
2025-04-07T22:00:00+08:00,142819,21075327,0,Wh,302,20.0,False
2025-04-07T22:20:00+08:00,142819,21075526,0,Wh,302,20.0,False
2025-04-07T22:40:00+08:00,142819,21075717,0,Wh,302,20.0,False
2025-04-07T23:00:00+08:00,142819,21075873,0,Wh,302,20.0,False
2025-04-07T23:20:00+08:00,142819,21076001,0,Wh,302,20.0,False
2025-04-07T23:40:00+08:00,142819,21076157,0,Wh,302,20.0,False
2025-04-08T00:00:00+08:00,142819,21076278,0,Wh,302,20.0,False
2025-04-08T00:20:00+08:00,142819,21076381,0,Wh,302,20.0,False
2025-04-08T00:40:00+08:00,142819,21076496,0,Wh,302,20.0,False
2025-04-08T01:00:00+08:00,142819,21076617,0,Wh,302,20.0,False
2025-04-08T01:20:00+08:00,142819,21076730,0,Wh,302,20.0,False
2025-04-08T01:40:00+08:00,142819,21076840,0,Wh,302,20.0,False
2025-04-08T02:00:00+08:00,142819,21076927,0,Wh,302,20.0,False
2025-04-08T02:20:00+08:00,142819,21077030,0,Wh,302,20.0,False
2025-04-08T02:40:00+08:00,142819,21077118,0,Wh,302,20.0,False
2025-04-08T03:00:00+08:00,142819,21077187,0,Wh,302,20.0,False
2025-04-08T03:20:00+08:00,142819,21077281,0,Wh,302,20.0,False
2025-04-08T03:40:00+08:00,142819,21077355,0,Wh,302,20.0,False
2025-04-08T04:00:00+08:00,142819,21077443,0,Wh,302,20.0,False
2025-04-08T04:20:00+08:00,142819,21077492,0,Wh,302,20.0,False
2025-04-08T04:40:00+08:00,142819,21078130,0,Wh,302,20.0,False
2025-04-08T05:00:00+08:00,142819,21078198,0,Wh,302,20.0,False
2025-04-08T05:20:00+08:00,142819,21078243,0,Wh,302,20.0,False
2025-04-08T05:40:00+08:00,142819,21078339,0,Wh,302,20.0,False
2025-04-08T06:00:00+08:00,142819,21078375,0,Wh,302,20.0,False
2025-04-08T06:20:00+08:00,142819,21078460,0,Wh,302,20.0,False
2025-04-08T06:40:00+08:00,142819,21078517,0,Wh,302,20.0,False
2025-04-08T07:00:00+08:00,142819,21078740,0,Wh,302,20.0,False
2025-04-08T07:20:00+08:00,142819,21078820,0,Wh,302,20.0,False
2025-04-08T07:40:00+08:00,142819,21078897,0,Wh,302,20.0,False
2025-04-08T08:00:00+08:00,142819,21078981,0,Wh,302,20.0,False
2025-04-08T08:20:00+08:00,142819,21079087,0,Wh,302,20.0,False
2025-04-08T08:40:00+08:00,142819,21079156,0,Wh,302,20.0,False
2025-04-08T09:00:00+08:00,142819,21079204,0,Wh,302,20.0,False
2025-04-08T09:20:00+08:00,142819,21079228,0,Wh,302,20.0,False
2025-04-08T09:40:00+08:00,142819,21079274,0,Wh,302,20.0,False
2025-04-08T10:00:00+08:00,142819,21079796,0,Wh,302,20.0,False
2025-04-08T10:20:00+08:00,142819,21080004,0,Wh,302,20.0,False
2025-04-08T10:40:00+08:00,142819,21080028,0,Wh,302,20.0,False
2025-04-08T11:00:00+08:00,142819,21080073,0,Wh,302,20.0,False
2025-04-08T11:20:00+08:00,142819,21080098,0,Wh,302,20.0,False
2025-04-08T11:40:00+08:00,142819,21080143,0,Wh,302,20.0,False
2025-04-08T12:00:00+08:00,142819,21080166,0,Wh,302,20.0,False
2025-04-08T12:20:00+08:00,142819,21080211,0,Wh,302,20.0,False
2025-04-08T12:40:00+08:00,142819,21080236,0,Wh,302,20.0,False
2025-04-08T13:00:00+08:00,142819,21080281,0,Wh,302,20.0,False
2025-04-08T13:20:00+08:00,142819,21080305,0,Wh,302,20.0,False
2025-04-08T13:40:00+08:00,142819,21080349,0,Wh,302,20.0,False
2025-04-08T14:00:00+08:00,142819,21080374,0,Wh,302,20.0,False
2025-04-08T14:20:00+08:00,142819,21080416,0,Wh,302,20.0,False
2025-04-08T14:40:00+08:00,142819,21080441,0,Wh,302,20.0,False
2025-04-08T15:00:00+08:00,142819,21080484,0,Wh,302,20.0,False
2025-04-08T15:20:00+08:00,142819,21080510,0,Wh,302,20.0,False
2025-04-08T15:40:00+08:00,142819,21080552,0,Wh,302,20.0,False
2025-04-08T16:00:00+08:00,142819,21080616,0,Wh,302,20.0,False
2025-04-08T16:20:00+08:00,142819,21080896,0,Wh,302,20.0,False
2025-04-08T16:40:00+08:00,142819,21081521,0,Wh,302,20.0,False
2025-04-08T17:00:00+08:00,142819,21082030,0,Wh,302,20.0,False
2025-04-08T17:20:00+08:00,142819,21082528,0,Wh,302,20.0,False
2025-04-08T17:40:00+08:00,142819,21082803,0,Wh,302,20.0,False
2025-04-08T18:00:00+08:00,142819,21083206,0,Wh,302,20.0,False
2025-04-08T18:20:00+08:00,142819,21083453,0,Wh,302,20.0,False
2025-04-08T18:40:00+08:00,142819,21083504,0,Wh,302,20.0,False
2025-04-08T19:00:00+08:00,142819,21083538,0,Wh,302,20.0,False
2025-04-08T19:20:00+08:00,142819,21083587,0,Wh,302,20.0,False
2025-04-08T19:40:00+08:00,142819,21083622,0,Wh,302,20.0,False
2025-04-08T20:00:00+08:00,142819,21083670,0,Wh,302,20.0,False
2025-04-08T20:20:00+08:00,142819,21083706,0,Wh,302,20.0,False
2025-04-08T20:40:00+08:00,142819,21083756,0,Wh,302,20.0,False
2025-04-08T21:00:00+08:00,142819,21083828,0,Wh,302,20.0,False
2025-04-08T21:20:00+08:00,142819,21083901,0,Wh,302,20.0,False
2025-04-08T21:40:00+08:00,142819,21083975,0,Wh,302,20.0,False
2025-04-08T22:00:00+08:00,142819,21084016,0,Wh,302,20.0,False
2025-04-08T22:20:00+08:00,142819,21084148,0,Wh,302,20.0,False
2025-04-08T22:40:00+08:00,142819,21084269,0,Wh,302,20.0,False
2025-04-08T23:00:00+08:00,142819,21084575,0,Wh,302,20.0,False
2025-04-08T23:20:00+08:00,142819,21085135,0,Wh,302,20.0,False
2025-04-08T23:40:00+08:00,142819,21085235,0,Wh,302,20.0,False
2025-04-09T00:00:00+08:00,142819,21085327,0,Wh,302,20.0,False
2025-04-09T00:20:00+08:00,142819,21085427,0,Wh,302,20.0,False
2025-04-09T00:40:00+08:00,142819,21085526,0,Wh,302,20.0,False
2025-04-09T01:00:00+08:00,142819,21085624,0,Wh,302,20.0,False
2025-04-09T01:20:00+08:00,142819,21085716,0,Wh,302,20.0,False
2025-04-09T01:40:00+08:00,142819,21085800,0,Wh,302,20.0,False
2025-04-09T02:00:00+08:00,142819,21085881,0,Wh,302,20.0,False
2025-04-09T02:20:00+08:00,142819,21085976,0,Wh,302,20.0,False
2025-04-09T02:40:00+08:00,142819,21086036,0,Wh,302,20.0,False
2025-04-09T03:00:00+08:00,142819,21086116,0,Wh,302,20.0,False
2025-04-09T03:20:00+08:00,142819,21086189,0,Wh,302,20.0,False
2025-04-09T03:40:00+08:00,142819,21086302,0,Wh,302,20.0,False
2025-04-09T04:00:00+08:00,142819,21086344,0,Wh,302,20.0,False
2025-04-09T04:20:00+08:00,142819,21086401,0,Wh,302,20.0,False
2025-04-09T04:40:00+08:00,142819,21086452,0,Wh,302,20.0,False
2025-04-09T05:00:00+08:00,142819,21086507,0,Wh,302,20.0,False
2025-04-09T05:20:00+08:00,142819,21086611,0,Wh,302,20.0,False
2025-04-09T05:40:00+08:00,142819,21086667,0,Wh,302,20.0,False
2025-04-09T06:00:00+08:00,142819,21086747,0,Wh,302,20.0,False
2025-04-09T06:20:00+08:00,142819,21087481,0,Wh,302,20.0,False
2025-04-09T06:40:00+08:00,142819,21088798,0,Wh,302,20.0,False
2025-04-09T07:00:00+08:00,142819,21089180,0,Wh,302,20.0,False
2025-04-09T07:20:00+08:00,142819,21089759,0,Wh,302,20.0,False
2025-04-09T07:40:00+08:00,142819,21090121,0,Wh,302,20.0,False
2025-04-09T08:00:00+08:00,142819,21090215,0,Wh,302,20.0,False
2025-04-09T08:20:00+08:00,142819,21090294,0,Wh,302,20.0,False
2025-04-09T08:40:00+08:00,142819,21090328,0,Wh,302,20.0,False
2025-04-09T09:00:00+08:00,142819,21090366,0,Wh,302,20.0,False
2025-04-09T09:20:00+08:00,142819,21090445,0,Wh,302,20.0,False
2025-04-09T09:40:00+08:00,142819,21090538,0,Wh,302,20.0,False
2025-04-09T10:00:00+08:00,142819,21090623,0,Wh,302,20.0,False
2025-04-09T10:20:00+08:00,142819,21090719,0,Wh,302,20.0,False
2025-04-09T10:40:00+08:00,142819,21090805,0,Wh,302,20.0,False
2025-04-09T11:00:00+08:00,142819,21090902,0,Wh,302,20.0,False
2025-04-09T11:20:00+08:00,142819,21090992,0,Wh,302,20.0,False
2025-04-09T11:40:00+08:00,142819,21091090,0,Wh,302,20.0,False
2025-04-09T12:00:00+08:00,142819,21091177,0,Wh,302,20.0,False
2025-04-09T12:20:00+08:00,142819,21091278,0,Wh,302,20.0,False
2025-04-09T12:40:00+08:00,142819,21091370,0,Wh,302,20.0,False
2025-04-09T13:00:00+08:00,142819,21091474,0,Wh,302,20.0,False
2025-04-09T13:20:00+08:00,142819,21091567,0,Wh,302,20.0,False
2025-04-09T13:40:00+08:00,142819,21092118,0,Wh,302,20.0,False
2025-04-09T14:00:00+08:00,142819,21092445,0,Wh,302,20.0,False
2025-04-09T14:20:00+08:00,142819,21092615,0,Wh,302,20.0,False
2025-04-09T14:40:00+08:00,142819,21092772,0,Wh,302,20.0,False
2025-04-09T15:00:00+08:00,142819,21092942,0,Wh,302,20.0,False
2025-04-09T15:20:00+08:00,142819,21093099,0,Wh,302,20.0,False
2025-04-09T15:40:00+08:00,142819,21093276,0,Wh,302,20.0,False
2025-04-09T16:00:00+08:00,142819,21093421,0,Wh,302,20.0,False
2025-04-09T16:20:00+08:00,142819,21093608,0,Wh,302,20.0,False
2025-04-09T16:40:00+08:00,142819,21093763,0,Wh,302,20.0,False
2025-04-09T17:00:00+08:00,142819,21093934,0,Wh,302,20.0,False
2025-04-09T17:20:00+08:00,142819,21094104,0,Wh,302,20.0,False
2025-04-09T17:40:00+08:00,142819,21094287,0,Wh,302,20.0,False
2025-04-09T18:00:00+08:00,142819,21094438,0,Wh,302,20.0,False
2025-04-09T18:20:00+08:00,142819,21094769,0,Wh,302,20.0,False
2025-04-09T18:40:00+08:00,142819,21095085,0,Wh,302,20.0,False
2025-04-09T19:00:00+08:00,142819,21095390,0,Wh,302,20.0,False
2025-04-09T19:20:00+08:00,142819,21095465,0,Wh,302,20.0,False
2025-04-09T19:40:00+08:00,142819,21096293,0,Wh,302,20.0,False
2025-04-09T20:00:00+08:00,142819,21096491,0,Wh,302,20.0,False
2025-04-09T20:20:00+08:00,142819,21096561,0,Wh,302,20.0,False
2025-04-09T20:40:00+08:00,142819,21097160,0,Wh,302,20.0,False
2025-04-09T21:00:00+08:00,142819,21097562,0,Wh,302,20.0,False
2025-04-09T21:20:00+08:00,142819,21097611,0,Wh,302,20.0,False
2025-04-09T21:40:00+08:00,142819,21097734,0,Wh,302,20.0,False
2025-04-09T22:00:00+08:00,142819,21097825,0,Wh,302,20.0,False
2025-04-09T22:20:00+08:00,142819,21097888,0,Wh,302,20.0,False
2025-04-09T22:40:00+08:00,142819,21097944,0,Wh,302,20.0,False
2025-04-09T23:00:00+08:00,142819,21098311,0,Wh,302,20.0,False
2025-04-09T23:20:00+08:00,142819,21098738,0,Wh,302,20.0,False
2025-04-09T23:40:00+08:00,142819,21098781,0,Wh,302,20.0,False
2025-04-10T00:00:00+08:00,142819,21098871,0,Wh,302,20.0,False
2025-04-10T00:20:00+08:00,142819,21098933,0,Wh,302,20.0,False
2025-04-10T00:40:00+08:00,142819,21098995,0,Wh,302,20.0,False
2025-04-10T01:00:00+08:00,142819,21099063,0,Wh,302,20.0,False
2025-04-10T01:20:00+08:00,142819,21099106,0,Wh,302,20.0,False
2025-04-10T01:40:00+08:00,142819,21099171,0,Wh,302,20.0,False
2025-04-10T02:00:00+08:00,142819,21099217,0,Wh,302,20.0,False
2025-04-10T02:20:00+08:00,142819,21099260,0,Wh,302,20.0,False
2025-04-10T02:40:00+08:00,142819,21099323,0,Wh,302,20.0,False
2025-04-10T03:00:00+08:00,142819,21099368,0,Wh,302,20.0,False
2025-04-10T03:20:00+08:00,142819,21099404,0,Wh,302,20.0,False
2025-04-10T03:40:00+08:00,142819,21099467,0,Wh,302,20.0,False
2025-04-10T04:00:00+08:00,142819,21099511,0,Wh,302,20.0,False
2025-04-10T04:20:00+08:00,142819,21099554,0,Wh,302,20.0,False
2025-04-10T04:40:00+08:00,142819,21099615,0,Wh,302,20.0,False
2025-04-10T05:00:00+08:00,142819,21099690,0,Wh,302,20.0,False
2025-04-10T05:20:00+08:00,142819,21099774,0,Wh,302,20.0,False
2025-04-10T05:40:00+08:00,142819,21099820,0,Wh,302,20.0,False
2025-04-10T06:00:00+08:00,142819,21099857,0,Wh,302,20.0,False
2025-04-10T06:20:00+08:00,142819,21100277,0,Wh,302,20.0,False
2025-04-10T06:40:00+08:00,142819,21101474,0,Wh,302,20.0,False
2025-04-10T07:00:00+08:00,142819,21101561,0,Wh,302,20.0,False
2025-04-10T07:20:00+08:00,142819,21101603,0,Wh,302,20.0,False
2025-04-10T07:40:00+08:00,142819,21101683,0,Wh,302,20.0,False
2025-04-10T08:00:00+08:00,142819,21101716,0,Wh,302,20.0,False
2025-04-10T08:20:00+08:00,142819,21101764,0,Wh,302,20.0,False
2025-04-10T08:40:00+08:00,142819,21101788,0,Wh,302,20.0,False
2025-04-10T09:00:00+08:00,142819,21102014,0,Wh,302,20.0,False
2025-04-10T09:20:00+08:00,142819,21103291,0,Wh,302,20.0,False
2025-04-10T09:40:00+08:00,142819,21103598,0,Wh,302,20.0,False
2025-04-10T10:00:00+08:00,142819,21103624,0,Wh,302,20.0,False
2025-04-10T10:20:00+08:00,142819,21103669,0,Wh,302,20.0,False
2025-04-10T10:40:00+08:00,142819,21103694,0,Wh,302,20.0,False
2025-04-10T11:00:00+08:00,142819,21103734,0,Wh,302,20.0,False
2025-04-10T11:20:00+08:00,142819,21103759,0,Wh,302,20.0,False
2025-04-10T11:40:00+08:00,142819,21103799,0,Wh,302,20.0,False
2025-04-10T12:00:00+08:00,142819,21103824,0,Wh,302,20.0,False
2025-04-10T12:20:00+08:00,142819,21103864,0,Wh,302,20.0,False
2025-04-10T12:40:00+08:00,142819,21103888,0,Wh,302,20.0,False
2025-04-10T13:00:00+08:00,142819,21103929,0,Wh,302,20.0,False
2025-04-10T13:20:00+08:00,142819,21103954,0,Wh,302,20.0,False
2025-04-10T13:40:00+08:00,142819,21103993,0,Wh,302,20.0,False
2025-04-10T14:00:00+08:00,142819,21104018,0,Wh,302,20.0,False
2025-04-10T14:20:00+08:00,142819,21104058,0,Wh,302,20.0,False
2025-04-10T14:40:00+08:00,142819,21104083,0,Wh,302,20.0,False
2025-04-10T15:00:00+08:00,142819,21104124,0,Wh,302,20.0,False
2025-04-10T15:20:00+08:00,142819,21104148,0,Wh,302,20.0,False
2025-04-10T15:40:00+08:00,142819,21104189,0,Wh,302,20.0,False
2025-04-10T16:00:00+08:00,142819,21104213,0,Wh,302,20.0,False
2025-04-10T16:20:00+08:00,142819,21104708,0,Wh,302,20.0,False
2025-04-10T16:40:00+08:00,142819,21105409,0,Wh,302,20.0,False
2025-04-10T17:00:00+08:00,142819,21106396,0,Wh,302,20.0,False
2025-04-10T17:20:00+08:00,142819,21106813,0,Wh,302,20.0,False
2025-04-10T17:40:00+08:00,142819,21107191,0,Wh,302,20.0,False
2025-04-10T18:00:00+08:00,142819,21107469,0,Wh,302,20.0,False
2025-04-10T18:20:00+08:00,142819,21107608,0,Wh,302,20.0,False
2025-04-10T18:40:00+08:00,142819,21107699,0,Wh,302,20.0,False
2025-04-10T19:00:00+08:00,142819,21108366,0,Wh,302,20.0,False
2025-04-10T19:20:00+08:00,142819,21109243,0,Wh,302,20.0,False
2025-04-10T19:40:00+08:00,142819,21110601,0,Wh,302,20.0,False
2025-04-10T20:00:00+08:00,142819,21110984,0,Wh,302,20.0,False
2025-04-10T20:20:00+08:00,142819,21112262,0,Wh,302,20.0,False
2025-04-10T20:40:00+08:00,142819,21112363,0,Wh,302,20.0,False
2025-04-10T21:00:00+08:00,142819,21112451,0,Wh,302,20.0,False
2025-04-10T21:20:00+08:00,142819,21112604,0,Wh,302,20.0,False
2025-04-10T21:40:00+08:00,142819,21112745,0,Wh,302,20.0,False
2025-04-10T22:00:00+08:00,142819,21112847,0,Wh,302,20.0,False
2025-04-10T22:20:00+08:00,142819,21112938,0,Wh,302,20.0,False
2025-04-10T22:40:00+08:00,142819,21113033,0,Wh,302,20.0,False
2025-04-10T23:00:00+08:00,142819,21113108,0,Wh,302,20.0,False
2025-04-10T23:20:00+08:00,142819,21113206,0,Wh,302,20.0,False
2025-04-10T23:40:00+08:00,142819,21113258,0,Wh,302,20.0,False
2025-04-11T00:00:00+08:00,142819,21113359,0,Wh,302,20.0,False
2025-04-11T00:20:00+08:00,142819,21113439,0,Wh,302,20.0,False
2025-04-11T00:40:00+08:00,142819,21113517,0,Wh,302,20.0,False
2025-04-11T01:00:00+08:00,142819,21113577,0,Wh,302,20.0,False
2025-04-11T01:20:00+08:00,142819,21113670,0,Wh,302,20.0,False
2025-04-11T01:40:00+08:00,142819,21114287,0,Wh,302,20.0,False
2025-04-11T02:00:00+08:00,142819,21114396,0,Wh,302,20.0,False
2025-04-11T02:20:00+08:00,142819,21114428,0,Wh,302,20.0,False
2025-04-11T02:40:00+08:00,142819,21114525,0,Wh,302,20.0,False
2025-04-11T03:00:00+08:00,142819,21114600,0,Wh,302,20.0,False
2025-04-11T03:20:00+08:00,142819,21114657,0,Wh,302,20.0,False
2025-04-11T03:40:00+08:00,142819,21114718,0,Wh,302,20.0,False
2025-04-11T04:00:00+08:00,142819,21114803,0,Wh,302,20.0,False
2025-04-11T04:20:00+08:00,142819,21114833,0,Wh,302,20.0,False
2025-04-11T04:40:00+08:00,142819,21114918,0,Wh,302,20.0,False
2025-04-11T05:00:00+08:00,142819,21115122,0,Wh,302,20.0,False
2025-04-11T05:20:00+08:00,142819,21116418,0,Wh,302,20.0,False
2025-04-11T05:40:00+08:00,142819,21116594,0,Wh,302,20.0,False
2025-04-11T06:00:00+08:00,142819,21117489,0,Wh,302,20.0,False
2025-04-11T06:20:00+08:00,142819,21117899,0,Wh,302,20.0,False
2025-04-11T06:40:00+08:00,142819,21117947,0,Wh,302,20.0,False
2025-04-11T07:00:00+08:00,142819,21118006,0,Wh,302,20.0,False
2025-04-11T07:20:00+08:00,142819,21118032,0,Wh,302,20.0,False
2025-04-11T07:40:00+08:00,142819,21118076,0,Wh,302,20.0,False
2025-04-11T08:00:00+08:00,142819,21118101,0,Wh,302,20.0,False
2025-04-11T08:20:00+08:00,142819,21118145,0,Wh,302,20.0,False
2025-04-11T08:40:00+08:00,142819,21118169,0,Wh,302,20.0,False
2025-04-11T09:00:00+08:00,142819,21118212,0,Wh,302,20.0,False
2025-04-11T09:20:00+08:00,142819,21118807,0,Wh,302,20.0,False
2025-04-11T09:40:00+08:00,142819,21118849,0,Wh,302,20.0,False
2025-04-11T10:00:00+08:00,142819,21118874,0,Wh,302,20.0,False
2025-04-11T10:20:00+08:00,142819,21118918,0,Wh,302,20.0,False
2025-04-11T10:40:00+08:00,142819,21118943,0,Wh,302,20.0,False
2025-04-11T11:00:00+08:00,142819,21118984,0,Wh,302,20.0,False
2025-04-11T11:20:00+08:00,142819,21119011,0,Wh,302,20.0,False
2025-04-11T11:40:00+08:00,142819,21119050,0,Wh,302,20.0,False
2025-04-11T12:00:00+08:00,142819,21119078,0,Wh,302,20.0,False
2025-04-11T12:20:00+08:00,142819,21119116,0,Wh,302,20.0,False
2025-04-11T12:40:00+08:00,142819,21119146,0,Wh,302,20.0,False
2025-04-11T13:00:00+08:00,142819,21119182,0,Wh,302,20.0,False
2025-04-11T13:20:00+08:00,142819,21119213,0,Wh,302,20.0,False
2025-04-11T13:40:00+08:00,142819,21119249,0,Wh,302,20.0,False
2025-04-11T14:00:00+08:00,142819,21119280,0,Wh,302,20.0,False
2025-04-11T14:20:00+08:00,142819,21119315,0,Wh,302,20.0,False
2025-04-11T14:40:00+08:00,142819,21119348,0,Wh,302,20.0,False
2025-04-11T15:00:00+08:00,142819,21119382,0,Wh,302,20.0,False
2025-04-11T15:20:00+08:00,142819,21119416,0,Wh,302,20.0,False
2025-04-11T15:40:00+08:00,142819,21119450,0,Wh,302,20.0,False
2025-04-11T16:00:00+08:00,142819,21119485,0,Wh,302,20.0,False
2025-04-11T16:20:00+08:00,142819,21119519,0,Wh,302,20.0,False
2025-04-11T16:40:00+08:00,142819,21119595,0,Wh,302,20.0,False
2025-04-11T17:00:00+08:00,142819,21120361,0,Wh,302,20.0,False
2025-04-11T17:20:00+08:00,142819,21121639,0,Wh,302,20.0,False
2025-04-11T17:40:00+08:00,142819,21122096,0,Wh,302,20.0,False
2025-04-11T18:00:00+08:00,142819,21122545,0,Wh,302,20.0,False
2025-04-11T18:20:00+08:00,142819,21122930,0,Wh,302,20.0,False
2025-04-11T18:40:00+08:00,142819,21123296,0,Wh,302,20.0,False
2025-04-11T19:00:00+08:00,142819,21123493,0,Wh,302,20.0,False
2025-04-11T19:20:00+08:00,142819,21123634,0,Wh,302,20.0,False
2025-04-11T19:40:00+08:00,142819,21123747,0,Wh,302,20.0,False
2025-04-11T20:00:00+08:00,142819,21123862,0,Wh,302,20.0,False
2025-04-11T20:20:00+08:00,142819,21123972,0,Wh,302,20.0,False
2025-04-11T20:40:00+08:00,142819,21124102,0,Wh,302,20.0,False
2025-04-11T21:00:00+08:00,142819,21124239,0,Wh,302,20.0,False
2025-04-11T21:20:00+08:00,142819,21124375,0,Wh,302,20.0,False
2025-04-11T21:40:00+08:00,142819,21124492,0,Wh,302,20.0,False
2025-04-11T22:00:00+08:00,142819,21124679,0,Wh,302,20.0,False
2025-04-11T22:20:00+08:00,142819,21124826,0,Wh,302,20.0,False
2025-04-11T22:40:00+08:00,142819,21124962,0,Wh,302,20.0,False
2025-04-11T23:00:00+08:00,142819,21125075,0,Wh,302,20.0,False
2025-04-11T23:20:00+08:00,142819,21125207,0,Wh,302,20.0,False
2025-04-11T23:40:00+08:00,142819,21125304,0,Wh,302,20.0,False
2025-04-12T00:00:00+08:00,142819,21125420,0,Wh,302,20.0,False
2025-04-12T00:20:00+08:00,142819,21125507,0,Wh,302,20.0,False
2025-04-12T00:40:00+08:00,142819,21125617,0,Wh,302,20.0,False
2025-04-12T01:00:00+08:00,142819,21126319,0,Wh,302,20.0,False
2025-04-12T01:20:00+08:00,142819,21126434,0,Wh,302,20.0,False
2025-04-12T01:40:00+08:00,142819,21126547,0,Wh,302,20.0,False
2025-04-12T02:00:00+08:00,142819,21126650,0,Wh,302,20.0,False
2025-04-12T02:20:00+08:00,142819,21126746,0,Wh,302,20.0,False
2025-04-12T02:40:00+08:00,142819,21126840,0,Wh,302,20.0,False
2025-04-12T03:00:00+08:00,142819,21126938,0,Wh,302,20.0,False
2025-04-12T03:20:00+08:00,142819,21127034,0,Wh,302,20.0,False
2025-04-12T03:40:00+08:00,142819,21127119,0,Wh,302,20.0,False
2025-04-12T04:00:00+08:00,142819,21127208,0,Wh,302,20.0,False
2025-04-12T04:20:00+08:00,142819,21127283,0,Wh,302,20.0,False
2025-04-12T04:40:00+08:00,142819,21127361,0,Wh,302,20.0,False
2025-04-12T05:00:00+08:00,142819,21127431,0,Wh,302,20.0,False
2025-04-12T05:20:00+08:00,142819,21127524,0,Wh,302,20.0,False
2025-04-12T05:40:00+08:00,142819,21127587,0,Wh,302,20.0,False
2025-04-12T06:00:00+08:00,142819,21127667,0,Wh,302,20.0,False
2025-04-12T06:20:00+08:00,142819,21127762,0,Wh,302,20.0,False
2025-04-12T06:40:00+08:00,142819,21127820,0,Wh,302,20.0,False
2025-04-12T07:00:00+08:00,142819,21127862,0,Wh,302,20.0,False
2025-04-12T07:20:00+08:00,142819,21127902,0,Wh,302,20.0,False
2025-04-12T07:40:00+08:00,142819,21127962,0,Wh,302,20.0,False
2025-04-12T08:00:00+08:00,142819,21128019,0,Wh,302,20.0,False
2025-04-12T08:20:00+08:00,142819,21128067,0,Wh,302,20.0,False
2025-04-12T08:40:00+08:00,142819,21128209,0,Wh,302,20.0,False
2025-04-12T09:00:00+08:00,142819,21129230,0,Wh,302,20.0,False
2025-04-12T09:20:00+08:00,142819,21129269,0,Wh,302,20.0,False
2025-04-12T09:40:00+08:00,142819,21129300,0,Wh,302,20.0,False
2025-04-12T10:00:00+08:00,142819,21129340,0,Wh,302,20.0,False
2025-04-12T10:20:00+08:00,142819,21129378,0,Wh,302,20.0,False
2025-04-12T10:40:00+08:00,142819,21129449,0,Wh,302,20.0,False
2025-04-12T11:00:00+08:00,142819,21129481,0,Wh,302,20.0,False
2025-04-12T11:20:00+08:00,142819,21129520,0,Wh,302,20.0,False
2025-04-12T11:40:00+08:00,142819,21129547,0,Wh,302,20.0,False
2025-04-12T12:00:00+08:00,142819,21129595,0,Wh,302,20.0,False
2025-04-12T12:20:00+08:00,142819,21130071,0,Wh,302,20.0,False
2025-04-12T12:40:00+08:00,142819,21130548,0,Wh,302,20.0,False
2025-04-12T13:00:00+08:00,142819,21130616,0,Wh,302,20.0,False
2025-04-12T13:20:00+08:00,142819,21130679,0,Wh,302,20.0,False
2025-04-12T13:40:00+08:00,142819,21130746,0,Wh,302,20.0,False
2025-04-12T14:00:00+08:00,142819,21130803,0,Wh,302,20.0,False
2025-04-12T14:20:00+08:00,142819,21130863,0,Wh,302,20.0,False
2025-04-12T14:40:00+08:00,142819,21130921,0,Wh,302,20.0,False
2025-04-12T15:00:00+08:00,142819,21130959,0,Wh,302,20.0,False
2025-04-12T15:20:00+08:00,142819,21130993,0,Wh,302,20.0,False
2025-04-12T15:40:00+08:00,142819,21131337,0,Wh,302,20.0,False
2025-04-12T16:00:00+08:00,142819,21131894,0,Wh,302,20.0,False
2025-04-12T16:20:00+08:00,142819,21132387,0,Wh,302,20.0,False
2025-04-12T16:40:00+08:00,142819,21132842,0,Wh,302,20.0,False
2025-04-12T17:00:00+08:00,142819,21133977,0,Wh,302,20.0,False
2025-04-12T17:20:00+08:00,142819,21134305,0,Wh,302,20.0,False
2025-04-12T17:40:00+08:00,142819,21134553,0,Wh,302,20.0,False
2025-04-12T18:00:00+08:00,142819,21134728,0,Wh,302,20.0,False
2025-04-12T18:20:00+08:00,142819,21134823,0,Wh,302,20.0,False
2025-04-12T18:40:00+08:00,142819,21134918,0,Wh,302,20.0,False
2025-04-12T19:00:00+08:00,142819,21135016,0,Wh,302,20.0,False
2025-04-12T19:20:00+08:00,142819,21135106,0,Wh,302,20.0,False
2025-04-12T19:40:00+08:00,142819,21135177,0,Wh,302,20.0,False
2025-04-12T20:00:00+08:00,142819,21135261,0,Wh,302,20.0,False
2025-04-12T20:20:00+08:00,142819,21135335,0,Wh,302,20.0,False
2025-04-12T20:40:00+08:00,142819,21135414,0,Wh,302,20.0,False
2025-04-12T21:00:00+08:00,142819,21135486,0,Wh,302,20.0,False
2025-04-12T21:20:00+08:00,142819,21135561,0,Wh,302,20.0,False
2025-04-12T21:40:00+08:00,142819,21136616,0,Wh,302,20.0,False
2025-04-12T22:00:00+08:00,142819,21136883,0,Wh,302,20.0,False
2025-04-12T22:20:00+08:00,142819,21136972,0,Wh,302,20.0,False
2025-04-12T22:40:00+08:00,142819,21137065,0,Wh,302,20.0,False
2025-04-12T23:00:00+08:00,142819,21137151,0,Wh,302,20.0,False
2025-04-12T23:20:00+08:00,142819,21137253,0,Wh,302,20.0,False
2025-04-12T23:40:00+08:00,142819,21137343,0,Wh,302,20.0,False
2025-04-13T00:00:00+08:00,142819,21137440,0,Wh,302,20.0,False
2025-04-13T00:20:00+08:00,142819,21137529,0,Wh,302,20.0,False
2025-04-13T00:40:00+08:00,142819,21137624,0,Wh,302,20.0,False
2025-04-13T01:00:00+08:00,142819,21137717,0,Wh,302,20.0,False
2025-04-13T01:20:00+08:00,142819,21137790,0,Wh,302,20.0,False
2025-04-13T01:40:00+08:00,142819,21137886,0,Wh,302,20.0,False
2025-04-13T02:00:00+08:00,142819,21137958,0,Wh,302,20.0,False
2025-04-13T02:20:00+08:00,142819,21138052,0,Wh,302,20.0,False
2025-04-13T02:40:00+08:00,142819,21138116,0,Wh,302,20.0,False
2025-04-13T03:00:00+08:00,142819,21138199,0,Wh,302,20.0,False
2025-04-13T03:20:00+08:00,142819,21138272,0,Wh,302,20.0,False
2025-04-13T03:40:00+08:00,142819,21138350,0,Wh,302,20.0,False
2025-04-13T04:00:00+08:00,142819,21138449,0,Wh,302,20.0,False
2025-04-13T04:20:00+08:00,142819,21138506,0,Wh,302,20.0,False
2025-04-13T04:40:00+08:00,142819,21138616,0,Wh,302,20.0,False
2025-04-13T05:00:00+08:00,142819,21138657,0,Wh,302,20.0,False
2025-04-13T05:20:00+08:00,142819,21139336,0,Wh,302,20.0,False
2025-04-13T05:40:00+08:00,142819,21139382,0,Wh,302,20.0,False
2025-04-13T06:00:00+08:00,142819,21139448,0,Wh,302,20.0,False
2025-04-13T06:20:00+08:00,142819,21139511,0,Wh,302,20.0,False
2025-04-13T06:40:00+08:00,142819,21139580,0,Wh,302,20.0,False
2025-04-13T07:00:00+08:00,142819,21139701,0,Wh,302,20.0,False
2025-04-13T07:20:00+08:00,142819,21139791,0,Wh,302,20.0,False
2025-04-13T07:40:00+08:00,142819,21139884,0,Wh,302,20.0,False
2025-04-13T08:00:00+08:00,142819,21139945,0,Wh,302,20.0,False
2025-04-13T08:20:00+08:00,142819,21140044,0,Wh,302,20.0,False
2025-04-13T08:40:00+08:00,142819,21140529,0,Wh,302,20.0,False
2025-04-13T09:00:00+08:00,142819,21141389,0,Wh,302,20.0,False
2025-04-13T09:20:00+08:00,142819,21141463,0,Wh,302,20.0,False
2025-04-13T09:40:00+08:00,142819,21141558,0,Wh,302,20.0,False
2025-04-13T10:00:00+08:00,142819,21141650,0,Wh,302,20.0,False
2025-04-13T10:20:00+08:00,142819,21141941,0,Wh,302,20.0,False
2025-04-13T10:40:00+08:00,142819,21143125,0,Wh,302,20.0,False
2025-04-13T11:00:00+08:00,142819,21143607,0,Wh,302,20.0,False
2025-04-13T11:20:00+08:00,142819,21143890,0,Wh,302,20.0,False
2025-04-13T11:40:00+08:00,142819,21143939,0,Wh,302,20.0,False
2025-04-13T12:00:00+08:00,142819,21144009,0,Wh,302,20.0,False
2025-04-13T12:20:00+08:00,142819,21144043,0,Wh,302,20.0,False
2025-04-13T12:40:00+08:00,142819,21144067,0,Wh,302,20.0,False
2025-04-13T13:00:00+08:00,142819,21144102,0,Wh,302,20.0,False
2025-04-13T13:20:00+08:00,142819,21144126,0,Wh,302,20.0,False
2025-04-13T13:40:00+08:00,142819,21144161,0,Wh,302,20.0,False
2025-04-13T14:00:00+08:00,142819,21144185,0,Wh,302,20.0,False
2025-04-13T14:20:00+08:00,142819,21144224,0,Wh,302,20.0,False
2025-04-13T14:40:00+08:00,142819,21144296,0,Wh,302,20.0,False
2025-04-13T15:00:00+08:00,142819,21144943,0,Wh,302,20.0,False
2025-04-13T15:20:00+08:00,142819,21145406,0,Wh,302,20.0,False
2025-04-13T15:40:00+08:00,142819,21145442,0,Wh,302,20.0,False
2025-04-13T16:00:00+08:00,142819,21145494,0,Wh,302,20.0,False
2025-04-13T16:20:00+08:00,142819,21145529,0,Wh,302,20.0,False
2025-04-13T16:40:00+08:00,142819,21145582,0,Wh,302,20.0,False
2025-04-13T17:00:00+08:00,142819,21145616,0,Wh,302,20.0,False
2025-04-13T17:20:00+08:00,142819,21145669,0,Wh,302,20.0,False
2025-04-13T17:40:00+08:00,142819,21145702,0,Wh,302,20.0,False
2025-04-13T18:00:00+08:00,142819,21145755,0,Wh,302,20.0,False
2025-04-13T18:20:00+08:00,142819,21145791,0,Wh,302,20.0,False
2025-04-13T18:40:00+08:00,142819,21145883,0,Wh,302,20.0,False
2025-04-13T19:00:00+08:00,142819,21146142,0,Wh,302,20.0,False
2025-04-13T19:20:00+08:00,142819,21146746,0,Wh,302,20.0,False
2025-04-13T19:40:00+08:00,142819,21146838,0,Wh,302,20.0,False
2025-04-13T20:00:00+08:00,142819,21146952,0,Wh,302,20.0,False
2025-04-13T20:20:00+08:00,142819,21147062,0,Wh,302,20.0,False
2025-04-13T20:40:00+08:00,142819,21147153,0,Wh,302,20.0,False
2025-04-13T21:00:00+08:00,142819,21147221,0,Wh,302,20.0,False
2025-04-13T21:20:00+08:00,142819,21147294,0,Wh,302,20.0,False
2025-04-13T21:40:00+08:00,142819,21147509,0,Wh,302,20.0,False
2025-04-13T22:00:00+08:00,142819,21147808,0,Wh,302,20.0,False
2025-04-13T22:20:00+08:00,142819,21147934,0,Wh,302,20.0,False
2025-04-13T22:40:00+08:00,142819,21147989,0,Wh,302,20.0,False
2025-04-13T23:00:00+08:00,142819,21148072,0,Wh,302,20.0,False
2025-04-13T23:20:00+08:00,142819,21148233,0,Wh,302,20.0,False
2025-04-13T23:40:00+08:00,142819,21148345,0,Wh,302,20.0,False
2025-04-14T00:00:00+08:00,142819,21148773,0,Wh,302,20.0,False
2025-04-14T00:20:00+08:00,142819,21149298,0,Wh,302,20.0,False
2025-04-14T00:40:00+08:00,142819,21149407,0,Wh,302,20.0,False
2025-04-14T01:00:00+08:00,142819,21149489,0,Wh,302,20.0,False
2025-04-14T01:20:00+08:00,142819,21149600,0,Wh,302,20.0,False
2025-04-14T01:40:00+08:00,142819,21149685,0,Wh,302,20.0,False
2025-04-14T02:00:00+08:00,142819,21149770,0,Wh,302,20.0,False
2025-04-14T02:20:00+08:00,142819,21149851,0,Wh,302,20.0,False
2025-04-14T02:40:00+08:00,142819,21149924,0,Wh,302,20.0,False
2025-04-14T03:00:00+08:00,142819,21150000,0,Wh,302,20.0,False
2025-04-14T03:20:00+08:00,142819,21150056,0,Wh,302,20.0,False
2025-04-14T03:40:00+08:00,142819,21150145,0,Wh,302,20.0,False
2025-04-14T04:00:00+08:00,142819,21150191,0,Wh,302,20.0,False
2025-04-14T04:20:00+08:00,142819,21150254,0,Wh,302,20.0,False
2025-04-14T04:40:00+08:00,142819,21150331,0,Wh,302,20.0,False
2025-04-14T05:00:00+08:00,142819,21150362,0,Wh,302,20.0,False
2025-04-14T05:20:00+08:00,142819,21150445,0,Wh,302,20.0,False
2025-04-14T05:40:00+08:00,142819,21150476,0,Wh,302,20.0,False
2025-04-14T06:00:00+08:00,142819,21150551,0,Wh,302,20.0,False
2025-04-14T06:20:00+08:00,142819,21150585,0,Wh,302,20.0,False
2025-04-14T06:40:00+08:00,142819,21150663,0,Wh,302,20.0,False
2025-04-14T07:00:00+08:00,142819,21150728,0,Wh,302,20.0,False
2025-04-14T07:20:00+08:00,142819,21151061,0,Wh,302,20.0,False
2025-04-14T07:40:00+08:00,142819,21152241,0,Wh,302,20.0,False
2025-04-14T08:00:00+08:00,142819,21152342,0,Wh,302,20.0,False
2025-04-14T08:20:00+08:00,142819,21152434,0,Wh,302,20.0,False
2025-04-14T08:40:00+08:00,142819,21152534,0,Wh,302,20.0,False
2025-04-14T09:00:00+08:00,142819,21152627,0,Wh,302,20.0,False
2025-04-14T09:20:00+08:00,142819,21152718,0,Wh,302,20.0,False
2025-04-14T09:40:00+08:00,142819,21152808,0,Wh,302,20.0,False
2025-04-14T10:00:00+08:00,142819,21153070,0,Wh,302,20.0,False
2025-04-14T10:20:00+08:00,142819,21153749,0,Wh,302,20.0,False
2025-04-14T10:40:00+08:00,142819,21153842,0,Wh,302,20.0,False
2025-04-14T11:00:00+08:00,142819,21153950,0,Wh,302,20.0,False
2025-04-14T11:20:00+08:00,142819,21154022,0,Wh,302,20.0,False
2025-04-14T11:40:00+08:00,142819,21154099,0,Wh,302,20.0,False
2025-04-14T12:00:00+08:00,142819,21154144,0,Wh,302,20.0,False
2025-04-14T12:20:00+08:00,142819,21154200,0,Wh,302,20.0,False
2025-04-08T00:00:00+08:00,142820,17394197,0,Wh,303,20.0,False
2025-04-08T00:20:00+08:00,142820,17394209,0,Wh,303,20.0,False
2025-04-08T00:40:00+08:00,142820,17394223,0,Wh,303,20.0,False
2025-04-08T01:00:00+08:00,142820,17394241,0,Wh,303,20.0,False
2025-04-08T01:20:00+08:00,142820,17394253,0,Wh,303,20.0,False
2025-04-08T01:40:00+08:00,142820,17394265,0,Wh,303,20.0,False
2025-04-08T02:00:00+08:00,142820,17394740,0,Wh,303,20.0,False
2025-04-08T02:20:00+08:00,142820,17394753,0,Wh,303,20.0,False
2025-04-08T02:40:00+08:00,142820,17394764,0,Wh,303,20.0,False
2025-04-08T03:00:00+08:00,142820,17394781,0,Wh,303,20.0,False
2025-04-08T03:20:00+08:00,142820,17394795,0,Wh,303,20.0,False
2025-04-08T03:40:00+08:00,142820,17394807,0,Wh,303,20.0,False
2025-04-08T04:00:00+08:00,142820,17394823,0,Wh,303,20.0,False
2025-04-08T04:20:00+08:00,142820,17394838,0,Wh,303,20.0,False
2025-04-08T04:40:00+08:00,142820,17394849,0,Wh,303,20.0,False
2025-04-08T05:00:00+08:00,142820,17394864,0,Wh,303,20.0,False
2025-04-08T05:20:00+08:00,142820,17394880,0,Wh,303,20.0,False
2025-04-08T05:40:00+08:00,142820,17394891,0,Wh,303,20.0,False
2025-04-08T06:00:00+08:00,142820,17394906,0,Wh,303,20.0,False
2025-04-08T06:20:00+08:00,142820,17394922,0,Wh,303,20.0,False
2025-04-08T06:40:00+08:00,142820,17394933,0,Wh,303,20.0,False
2025-04-08T07:00:00+08:00,142820,17394946,0,Wh,303,20.0,False
2025-04-08T07:20:00+08:00,142820,17394964,0,Wh,303,20.0,False
2025-04-08T07:40:00+08:00,142820,17394975,0,Wh,303,20.0,False
2025-04-08T08:00:00+08:00,142820,17394987,0,Wh,303,20.0,False
2025-04-08T08:20:00+08:00,142820,17395005,0,Wh,303,20.0,False
2025-04-08T08:40:00+08:00,142820,17395017,0,Wh,303,20.0,False
2025-04-08T09:00:00+08:00,142820,17395029,0,Wh,303,20.0,False
2025-04-08T09:20:00+08:00,142820,17395046,0,Wh,303,20.0,False
2025-04-08T09:40:00+08:00,142820,17395059,0,Wh,303,20.0,False
2025-04-08T10:00:00+08:00,142820,17395070,0,Wh,303,20.0,False
2025-04-08T10:20:00+08:00,142820,17395087,0,Wh,303,20.0,False
2025-04-08T10:40:00+08:00,142820,17395101,0,Wh,303,20.0,False
2025-04-08T11:00:00+08:00,142820,17395112,0,Wh,303,20.0,False
2025-04-08T11:20:00+08:00,142820,17395583,0,Wh,303,20.0,False
2025-04-08T11:40:00+08:00,142820,17395598,0,Wh,303,20.0,False
2025-04-08T12:00:00+08:00,142820,17395609,0,Wh,303,20.0,False
2025-04-08T12:20:00+08:00,142820,17395625,0,Wh,303,20.0,False
2025-04-08T12:40:00+08:00,142820,17395641,0,Wh,303,20.0,False
2025-04-08T13:00:00+08:00,142820,17395652,0,Wh,303,20.0,False
2025-04-08T13:20:00+08:00,142820,17395666,0,Wh,303,20.0,False
2025-04-08T13:40:00+08:00,142820,17395683,0,Wh,303,20.0,False
2025-04-08T14:00:00+08:00,142820,17395695,0,Wh,303,20.0,False
2025-04-08T14:20:00+08:00,142820,17395708,0,Wh,303,20.0,False
2025-04-08T14:40:00+08:00,142820,17395726,0,Wh,303,20.0,False
2025-04-08T15:00:00+08:00,142820,17395738,0,Wh,303,20.0,False
2025-04-08T15:20:00+08:00,142820,17395750,0,Wh,303,20.0,False
2025-04-08T15:40:00+08:00,142820,17395769,0,Wh,303,20.0,False
2025-04-08T16:00:00+08:00,142820,17395781,0,Wh,303,20.0,False
2025-04-08T16:20:00+08:00,142820,17395793,0,Wh,303,20.0,False
2025-04-08T16:40:00+08:00,142820,17395811,0,Wh,303,20.0,False
2025-04-08T17:00:00+08:00,142820,17395825,0,Wh,303,20.0,False
2025-04-08T17:20:00+08:00,142820,17395837,0,Wh,303,20.0,False
2025-04-08T17:40:00+08:00,142820,17395854,0,Wh,303,20.0,False
2025-04-08T18:00:00+08:00,142820,17395868,0,Wh,303,20.0,False
2025-04-08T18:20:00+08:00,142820,17395881,0,Wh,303,20.0,False
2025-04-08T18:40:00+08:00,142820,17395897,0,Wh,303,20.0,False
2025-04-08T19:00:00+08:00,142820,17395913,0,Wh,303,20.0,False
2025-04-08T19:20:00+08:00,142820,17395925,0,Wh,303,20.0,False
2025-04-08T19:40:00+08:00,142820,17395941,0,Wh,303,20.0,False
2025-04-08T20:00:00+08:00,142820,17395957,0,Wh,303,20.0,False
2025-04-08T20:20:00+08:00,142820,17395969,0,Wh,303,20.0,False
2025-04-08T20:40:00+08:00,142820,17395983,0,Wh,303,20.0,False
2025-04-08T21:00:00+08:00,142820,17396177,0,Wh,303,20.0,False
2025-04-08T21:20:00+08:00,142820,17396460,0,Wh,303,20.0,False
2025-04-08T21:40:00+08:00,142820,17396473,0,Wh,303,20.0,False
2025-04-08T22:00:00+08:00,142820,17396491,0,Wh,303,20.0,False
2025-04-08T22:20:00+08:00,142820,17396504,0,Wh,303,20.0,False
2025-04-08T22:40:00+08:00,142820,17396516,0,Wh,303,20.0,False
2025-04-08T23:00:00+08:00,142820,17396534,0,Wh,303,20.0,False
2025-04-08T23:20:00+08:00,142820,17396547,0,Wh,303,20.0,False
2025-04-08T23:40:00+08:00,142820,17396559,0,Wh,303,20.0,False
2025-04-09T00:00:00+08:00,142820,17396576,0,Wh,303,20.0,False
2025-04-09T00:20:00+08:00,142820,17396591,0,Wh,303,20.0,False
2025-04-09T00:40:00+08:00,142820,17396602,0,Wh,303,20.0,False
2025-04-09T01:00:00+08:00,142820,17396618,0,Wh,303,20.0,False
2025-04-09T01:20:00+08:00,142820,17396634,0,Wh,303,20.0,False
2025-04-09T01:40:00+08:00,142820,17396645,0,Wh,303,20.0,False
2025-04-09T02:00:00+08:00,142820,17396660,0,Wh,303,20.0,False
2025-04-09T02:20:00+08:00,142820,17396676,0,Wh,303,20.0,False
2025-04-09T02:40:00+08:00,142820,17396688,0,Wh,303,20.0,False
2025-04-09T03:00:00+08:00,142820,17396701,0,Wh,303,20.0,False
2025-04-09T03:20:00+08:00,142820,17396719,0,Wh,303,20.0,False
2025-04-09T03:40:00+08:00,142820,17396730,0,Wh,303,20.0,False
2025-04-09T04:00:00+08:00,142820,17396743,0,Wh,303,20.0,False
2025-04-09T04:20:00+08:00,142820,17396761,0,Wh,303,20.0,False
2025-04-09T04:40:00+08:00,142820,17396772,0,Wh,303,20.0,False
2025-04-09T05:00:00+08:00,142820,17396784,0,Wh,303,20.0,False
2025-04-09T05:20:00+08:00,142820,17396802,0,Wh,303,20.0,False
2025-04-09T05:40:00+08:00,142820,17396814,0,Wh,303,20.0,False
2025-04-09T06:00:00+08:00,142820,17396826,0,Wh,303,20.0,False
2025-04-09T06:20:00+08:00,142820,17396842,0,Wh,303,20.0,False
2025-04-09T06:40:00+08:00,142820,17397312,0,Wh,303,20.0,False
2025-04-09T07:00:00+08:00,142820,17397323,0,Wh,303,20.0,False
2025-04-09T07:20:00+08:00,142820,17397339,0,Wh,303,20.0,False
2025-04-09T07:40:00+08:00,142820,17397354,0,Wh,303,20.0,False
2025-04-09T08:00:00+08:00,142820,17397365,0,Wh,303,20.0,False
2025-04-09T08:20:00+08:00,142820,17397380,0,Wh,303,20.0,False
2025-04-09T08:40:00+08:00,142820,17397395,0,Wh,303,20.0,False
2025-04-09T09:00:00+08:00,142820,17397406,0,Wh,303,20.0,False
2025-04-09T09:20:00+08:00,142820,17397421,0,Wh,303,20.0,False
2025-04-09T09:40:00+08:00,142820,17397437,0,Wh,303,20.0,False
2025-04-09T10:00:00+08:00,142820,17397448,0,Wh,303,20.0,False
2025-04-09T10:20:00+08:00,142820,17397461,0,Wh,303,20.0,False
2025-04-09T10:40:00+08:00,142820,17397479,0,Wh,303,20.0,False
2025-04-09T11:00:00+08:00,142820,17397489,0,Wh,303,20.0,False
2025-04-09T11:20:00+08:00,142820,17397502,0,Wh,303,20.0,False
2025-04-09T11:40:00+08:00,142820,17397520,0,Wh,303,20.0,False
2025-04-09T12:00:00+08:00,142820,17397531,0,Wh,303,20.0,False
2025-04-09T12:20:00+08:00,142820,17397544,0,Wh,303,20.0,False
2025-04-09T12:40:00+08:00,142820,17397561,0,Wh,303,20.0,False
2025-04-09T13:00:00+08:00,142820,17397573,0,Wh,303,20.0,False
2025-04-09T13:20:00+08:00,142820,17397585,0,Wh,303,20.0,False
2025-04-09T13:40:00+08:00,142820,17397603,0,Wh,303,20.0,False
2025-04-09T14:00:00+08:00,142820,17397616,0,Wh,303,20.0,False
2025-04-09T14:20:00+08:00,142820,17397627,0,Wh,303,20.0,False
2025-04-09T14:40:00+08:00,142820,17397644,0,Wh,303,20.0,False
2025-04-09T15:00:00+08:00,142820,17397658,0,Wh,303,20.0,False
2025-04-09T15:20:00+08:00,142820,17397669,0,Wh,303,20.0,False
2025-04-09T15:40:00+08:00,142820,17397686,0,Wh,303,20.0,False
2025-04-09T16:00:00+08:00,142820,17398154,0,Wh,303,20.0,False
2025-04-09T16:20:00+08:00,142820,17398166,0,Wh,303,20.0,False
2025-04-09T16:40:00+08:00,142820,17398182,0,Wh,303,20.0,False
2025-04-09T17:00:00+08:00,142820,17398197,0,Wh,303,20.0,False
2025-04-09T17:20:00+08:00,142820,17398209,0,Wh,303,20.0,False
2025-04-09T17:40:00+08:00,142820,17398224,0,Wh,303,20.0,False
2025-04-09T18:00:00+08:00,142820,17398240,0,Wh,303,20.0,False
2025-04-09T18:20:00+08:00,142820,17398252,0,Wh,303,20.0,False
2025-04-09T18:40:00+08:00,142820,17398266,0,Wh,303,20.0,False
2025-04-09T19:00:00+08:00,142820,17398284,0,Wh,303,20.0,False
2025-04-09T19:20:00+08:00,142820,17398295,0,Wh,303,20.0,False
2025-04-09T19:40:00+08:00,142820,17398308,0,Wh,303,20.0,False
2025-04-09T20:00:00+08:00,142820,17398326,0,Wh,303,20.0,False
2025-04-09T20:20:00+08:00,142820,17398338,0,Wh,303,20.0,False
2025-04-09T20:40:00+08:00,142820,17398350,0,Wh,303,20.0,False
2025-04-09T21:00:00+08:00,142820,17398368,0,Wh,303,20.0,False
2025-04-09T21:20:00+08:00,142820,17398381,0,Wh,303,20.0,False
2025-04-09T21:40:00+08:00,142820,17398392,0,Wh,303,20.0,False
2025-04-09T22:00:00+08:00,142820,17398409,0,Wh,303,20.0,False
2025-04-09T22:20:00+08:00,142820,17398423,0,Wh,303,20.0,False
2025-04-09T22:40:00+08:00,142820,17398434,0,Wh,303,20.0,False
2025-04-09T23:00:00+08:00,142820,17398450,0,Wh,303,20.0,False
2025-04-09T23:20:00+08:00,142820,17398464,0,Wh,303,20.0,False
2025-04-09T23:40:00+08:00,142820,17398475,0,Wh,303,20.0,False
2025-04-10T00:00:00+08:00,142820,17398491,0,Wh,303,20.0,False
2025-04-10T00:20:00+08:00,142820,17398506,0,Wh,303,20.0,False
2025-04-10T00:40:00+08:00,142820,17398517,0,Wh,303,20.0,False
2025-04-10T01:00:00+08:00,142820,17398532,0,Wh,303,20.0,False
2025-04-10T01:20:00+08:00,142820,17399000,0,Wh,303,20.0,False
2025-04-10T01:40:00+08:00,142820,17399011,0,Wh,303,20.0,False
2025-04-10T02:00:00+08:00,142820,17399025,0,Wh,303,20.0,False
2025-04-10T02:20:00+08:00,142820,17399042,0,Wh,303,20.0,False
2025-04-10T02:40:00+08:00,142820,17399052,0,Wh,303,20.0,False
2025-04-10T03:00:00+08:00,142820,17399065,0,Wh,303,20.0,False
2025-04-10T03:20:00+08:00,142820,17399082,0,Wh,303,20.0,False
2025-04-10T03:40:00+08:00,142820,17399093,0,Wh,303,20.0,False
2025-04-10T04:00:00+08:00,142820,17399105,0,Wh,303,20.0,False
2025-04-10T04:20:00+08:00,142820,17399122,0,Wh,303,20.0,False
2025-04-10T04:40:00+08:00,142820,17399133,0,Wh,303,20.0,False
2025-04-10T05:00:00+08:00,142820,17399145,0,Wh,303,20.0,False
2025-04-10T05:20:00+08:00,142820,17399162,0,Wh,303,20.0,False
2025-04-10T05:40:00+08:00,142820,17399173,0,Wh,303,20.0,False
2025-04-10T06:00:00+08:00,142820,17399184,0,Wh,303,20.0,False
2025-04-10T06:20:00+08:00,142820,17399201,0,Wh,303,20.0,False
2025-04-10T06:40:00+08:00,142820,17399213,0,Wh,303,20.0,False
2025-04-10T07:00:00+08:00,142820,17399224,0,Wh,303,20.0,False
2025-04-10T07:20:00+08:00,142820,17399240,0,Wh,303,20.0,False
2025-04-10T07:40:00+08:00,142820,17399252,0,Wh,303,20.0,False
2025-04-10T08:00:00+08:00,142820,17399263,0,Wh,303,20.0,False
2025-04-10T08:20:00+08:00,142820,17399279,0,Wh,303,20.0,False
2025-04-10T08:40:00+08:00,142820,17399291,0,Wh,303,20.0,False
2025-04-10T09:00:00+08:00,142820,17399301,0,Wh,303,20.0,False
2025-04-10T09:20:00+08:00,142820,17399318,0,Wh,303,20.0,False
2025-04-10T09:40:00+08:00,142820,17399330,0,Wh,303,20.0,False
2025-04-10T10:00:00+08:00,142820,17399342,0,Wh,303,20.0,False
2025-04-10T10:20:00+08:00,142820,17399798,0,Wh,303,20.0,False
2025-04-10T10:40:00+08:00,142820,17399810,0,Wh,303,20.0,False
2025-04-10T11:00:00+08:00,142820,17399820,0,Wh,303,20.0,False
2025-04-10T11:20:00+08:00,142820,17399837,0,Wh,303,20.0,False
2025-04-10T11:40:00+08:00,142820,17399849,0,Wh,303,20.0,False
2025-04-10T12:00:00+08:00,142820,17399860,0,Wh,303,20.0,False
2025-04-10T12:20:00+08:00,142820,17399876,0,Wh,303,20.0,False
2025-04-10T12:40:00+08:00,142820,17399888,0,Wh,303,20.0,False
2025-04-10T13:00:00+08:00,142820,17399899,0,Wh,303,20.0,False
2025-04-10T13:20:00+08:00,142820,17399916,0,Wh,303,20.0,False
2025-04-10T13:40:00+08:00,142820,17399928,0,Wh,303,20.0,False
2025-04-10T14:00:00+08:00,142820,17399939,0,Wh,303,20.0,False
2025-04-10T14:20:00+08:00,142820,17399956,0,Wh,303,20.0,False
2025-04-10T14:40:00+08:00,142820,17399968,0,Wh,303,20.0,False
2025-04-10T15:00:00+08:00,142820,17399979,0,Wh,303,20.0,False
2025-04-10T15:20:00+08:00,142820,17399996,0,Wh,303,20.0,False
2025-04-10T15:40:00+08:00,142820,17400009,0,Wh,303,20.0,False
2025-04-10T16:00:00+08:00,142820,17400023,0,Wh,303,20.0,False
2025-04-10T16:20:00+08:00,142820,17400042,0,Wh,303,20.0,False
2025-04-10T16:40:00+08:00,142820,17400092,0,Wh,303,20.0,False
2025-04-10T17:00:00+08:00,142820,17400132,0,Wh,303,20.0,False
2025-04-10T17:20:00+08:00,142820,17400162,0,Wh,303,20.0,False
2025-04-10T17:40:00+08:00,142820,17400178,0,Wh,303,20.0,False
2025-04-10T18:00:00+08:00,142820,17400197,0,Wh,303,20.0,False
2025-04-10T18:20:00+08:00,142820,17400210,0,Wh,303,20.0,False
2025-04-10T18:40:00+08:00,142820,17400222,0,Wh,303,20.0,False
2025-04-10T19:00:00+08:00,142820,17400240,0,Wh,303,20.0,False
2025-04-10T19:20:00+08:00,142820,17400700,0,Wh,303,20.0,False
2025-04-10T19:40:00+08:00,142820,17400712,0,Wh,303,20.0,False
2025-04-10T20:00:00+08:00,142820,17400728,0,Wh,303,20.0,False
2025-04-10T20:20:00+08:00,142820,17400743,0,Wh,303,20.0,False
2025-04-10T20:40:00+08:00,142820,17400754,0,Wh,303,20.0,False
2025-04-10T21:00:00+08:00,142820,17400769,0,Wh,303,20.0,False
2025-04-10T21:20:00+08:00,142820,17400785,0,Wh,303,20.0,False
2025-04-10T21:40:00+08:00,142820,17400796,0,Wh,303,20.0,False
2025-04-10T22:00:00+08:00,142820,17400809,0,Wh,303,20.0,False
2025-04-10T22:20:00+08:00,142820,17400827,0,Wh,303,20.0,False
2025-04-10T22:40:00+08:00,142820,17400838,0,Wh,303,20.0,False
2025-04-10T23:00:00+08:00,142820,17400850,0,Wh,303,20.0,False
2025-04-10T23:20:00+08:00,142820,17400868,0,Wh,303,20.0,False
2025-04-10T23:40:00+08:00,142820,17400880,0,Wh,303,20.0,False
2025-04-11T00:00:00+08:00,142820,17400892,0,Wh,303,20.0,False
2025-04-11T00:20:00+08:00,142820,17400908,0,Wh,303,20.0,False
2025-04-11T00:40:00+08:00,142820,17400922,0,Wh,303,20.0,False
2025-04-11T01:00:00+08:00,142820,17400933,0,Wh,303,20.0,False
2025-04-11T01:20:00+08:00,142820,17400949,0,Wh,303,20.0,False
2025-04-11T01:40:00+08:00,142820,17400963,0,Wh,303,20.0,False
2025-04-11T02:00:00+08:00,142820,17400974,0,Wh,303,20.0,False
2025-04-11T02:20:00+08:00,142820,17400989,0,Wh,303,20.0,False
2025-04-11T02:40:00+08:00,142820,17401005,0,Wh,303,20.0,False
2025-04-11T03:00:00+08:00,142820,17401015,0,Wh,303,20.0,False
2025-04-11T03:20:00+08:00,142820,17401029,0,Wh,303,20.0,False
2025-04-11T03:40:00+08:00,142820,17401046,0,Wh,303,20.0,False
2025-04-11T04:00:00+08:00,142820,17401056,0,Wh,303,20.0,False
2025-04-11T04:20:00+08:00,142820,17401525,0,Wh,303,20.0,False
2025-04-11T04:40:00+08:00,142820,17401542,0,Wh,303,20.0,False
2025-04-11T05:00:00+08:00,142820,17401552,0,Wh,303,20.0,False
2025-04-11T05:20:00+08:00,142820,17401565,0,Wh,303,20.0,False
2025-04-11T05:40:00+08:00,142820,17401582,0,Wh,303,20.0,False
2025-04-11T06:00:00+08:00,142820,17401593,0,Wh,303,20.0,False
2025-04-11T06:20:00+08:00,142820,17401605,0,Wh,303,20.0,False
2025-04-11T06:40:00+08:00,142820,17401622,0,Wh,303,20.0,False
2025-04-11T07:00:00+08:00,142820,17401634,0,Wh,303,20.0,False
2025-04-11T07:20:00+08:00,142820,17401645,0,Wh,303,20.0,False
2025-04-11T07:40:00+08:00,142820,17401662,0,Wh,303,20.0,False
2025-04-11T08:00:00+08:00,142820,17401674,0,Wh,303,20.0,False
2025-04-11T08:20:00+08:00,142820,17401685,0,Wh,303,20.0,False
2025-04-11T08:40:00+08:00,142820,17401702,0,Wh,303,20.0,False
2025-04-11T09:00:00+08:00,142820,17401715,0,Wh,303,20.0,False
2025-04-11T09:20:00+08:00,142820,17401725,0,Wh,303,20.0,False
2025-04-11T09:40:00+08:00,142820,17401742,0,Wh,303,20.0,False
2025-04-11T10:00:00+08:00,142820,17401755,0,Wh,303,20.0,False
2025-04-11T10:20:00+08:00,142820,17401766,0,Wh,303,20.0,False
2025-04-11T10:40:00+08:00,142820,17401782,0,Wh,303,20.0,False
2025-04-11T11:00:00+08:00,142820,17401796,0,Wh,303,20.0,False
2025-04-11T11:20:00+08:00,142820,17401806,0,Wh,303,20.0,False
2025-04-11T11:40:00+08:00,142820,17401822,0,Wh,303,20.0,False
2025-04-11T12:00:00+08:00,142820,17401837,0,Wh,303,20.0,False
2025-04-11T12:20:00+08:00,142820,17401848,0,Wh,303,20.0,False
2025-04-11T12:40:00+08:00,142820,17401863,0,Wh,303,20.0,False
2025-04-11T13:00:00+08:00,142820,17401878,0,Wh,303,20.0,False
2025-04-11T13:20:00+08:00,142820,17402196,0,Wh,303,20.0,False
2025-04-11T13:40:00+08:00,142820,17402353,0,Wh,303,20.0,False
2025-04-11T14:00:00+08:00,142820,17402369,0,Wh,303,20.0,False
2025-04-11T14:20:00+08:00,142820,17402380,0,Wh,303,20.0,False
2025-04-11T14:40:00+08:00,142820,17402395,0,Wh,303,20.0,False
2025-04-11T15:00:00+08:00,142820,17402411,0,Wh,303,20.0,False
2025-04-11T15:20:00+08:00,142820,17402422,0,Wh,303,20.0,False
2025-04-11T15:40:00+08:00,142820,17402436,0,Wh,303,20.0,False
2025-04-11T16:00:00+08:00,142820,17402454,0,Wh,303,20.0,False
2025-04-11T16:20:00+08:00,142820,17402465,0,Wh,303,20.0,False
2025-04-11T16:40:00+08:00,142820,17402479,0,Wh,303,20.0,False
2025-04-11T17:00:00+08:00,142820,17402497,0,Wh,303,20.0,False
2025-04-11T17:20:00+08:00,142820,17402509,0,Wh,303,20.0,False
2025-04-11T17:40:00+08:00,142820,17402522,0,Wh,303,20.0,False
2025-04-11T18:00:00+08:00,142820,17402541,0,Wh,303,20.0,False
2025-04-11T18:20:00+08:00,142820,17402553,0,Wh,303,20.0,False
2025-04-11T18:40:00+08:00,142820,17402566,0,Wh,303,20.0,False
2025-04-11T19:00:00+08:00,142820,17402585,0,Wh,303,20.0,False
2025-04-11T19:20:00+08:00,142820,17402597,0,Wh,303,20.0,False
2025-04-11T19:40:00+08:00,142820,17402610,0,Wh,303,20.0,False
2025-04-11T20:00:00+08:00,142820,17402628,0,Wh,303,20.0,False
2025-04-11T20:20:00+08:00,142820,17402642,0,Wh,303,20.0,False
2025-04-11T20:40:00+08:00,142820,17402654,0,Wh,303,20.0,False
2025-04-11T21:00:00+08:00,142820,17402671,0,Wh,303,20.0,False
2025-04-11T21:20:00+08:00,142820,17402686,0,Wh,303,20.0,False
2025-04-11T21:40:00+08:00,142820,17402698,0,Wh,303,20.0,False
2025-04-11T22:00:00+08:00,142820,17402714,0,Wh,303,20.0,False
2025-04-11T22:20:00+08:00,142820,17402730,0,Wh,303,20.0,False
2025-04-11T22:40:00+08:00,142820,17402742,0,Wh,303,20.0,False
2025-04-11T23:00:00+08:00,142820,17402757,0,Wh,303,20.0,False
2025-04-11T23:20:00+08:00,142820,17403220,0,Wh,303,20.0,False
2025-04-11T23:40:00+08:00,142820,17403232,0,Wh,303,20.0,False
2025-04-12T00:00:00+08:00,142820,17403245,0,Wh,303,20.0,False
2025-04-12T00:20:00+08:00,142820,17403264,0,Wh,303,20.0,False
2025-04-12T00:40:00+08:00,142820,17403276,0,Wh,303,20.0,False
2025-04-12T01:00:00+08:00,142820,17403289,0,Wh,303,20.0,False
2025-04-12T01:20:00+08:00,142820,17403307,0,Wh,303,20.0,False
2025-04-12T01:40:00+08:00,142820,17403319,0,Wh,303,20.0,False
2025-04-12T02:00:00+08:00,142820,17403332,0,Wh,303,20.0,False
2025-04-12T02:20:00+08:00,142820,17403349,0,Wh,303,20.0,False
2025-04-12T02:40:00+08:00,142820,17403363,0,Wh,303,20.0,False
2025-04-12T03:00:00+08:00,142820,17403374,0,Wh,303,20.0,False
2025-04-12T03:20:00+08:00,142820,17403391,0,Wh,303,20.0,False
2025-04-12T03:40:00+08:00,142820,17403406,0,Wh,303,20.0,False
2025-04-12T04:00:00+08:00,142820,17403418,0,Wh,303,20.0,False
2025-04-12T04:20:00+08:00,142820,17403434,0,Wh,303,20.0,False
2025-04-12T04:40:00+08:00,142820,17403449,0,Wh,303,20.0,False
2025-04-12T05:00:00+08:00,142820,17403461,0,Wh,303,20.0,False
2025-04-12T05:20:00+08:00,142820,17403475,0,Wh,303,20.0,False
2025-04-12T05:40:00+08:00,142820,17403492,0,Wh,303,20.0,False
2025-04-12T06:00:00+08:00,142820,17403503,0,Wh,303,20.0,False
2025-04-12T06:20:00+08:00,142820,17403517,0,Wh,303,20.0,False
2025-04-12T06:40:00+08:00,142820,17403535,0,Wh,303,20.0,False
2025-04-12T07:00:00+08:00,142820,17403546,0,Wh,303,20.0,False
2025-04-12T07:20:00+08:00,142820,17403559,0,Wh,303,20.0,False
2025-04-12T07:40:00+08:00,142820,17403577,0,Wh,303,20.0,False
2025-04-12T08:00:00+08:00,142820,17403588,0,Wh,303,20.0,False
2025-04-12T08:20:00+08:00,142820,17403600,0,Wh,303,20.0,False
2025-04-12T08:40:00+08:00,142820,17404077,0,Wh,303,20.0,False
2025-04-12T09:00:00+08:00,142820,17404089,0,Wh,303,20.0,False
2025-04-12T09:20:00+08:00,142820,17404101,0,Wh,303,20.0,False
2025-04-12T09:40:00+08:00,142820,17404119,0,Wh,303,20.0,False
2025-04-12T10:00:00+08:00,142820,17404132,0,Wh,303,20.0,False
2025-04-12T10:20:00+08:00,142820,17404143,0,Wh,303,20.0,False
2025-04-12T10:40:00+08:00,142820,17404160,0,Wh,303,20.0,False
2025-04-12T11:00:00+08:00,142820,17404174,0,Wh,303,20.0,False
2025-04-12T11:20:00+08:00,142820,17404186,0,Wh,303,20.0,False
2025-04-12T11:40:00+08:00,142820,17404202,0,Wh,303,20.0,False
2025-04-12T12:00:00+08:00,142820,17404217,0,Wh,303,20.0,False
2025-04-12T12:20:00+08:00,142820,17404229,0,Wh,303,20.0,False
2025-04-12T12:40:00+08:00,142820,17404244,0,Wh,303,20.0,False
2025-04-12T13:00:00+08:00,142820,17404260,0,Wh,303,20.0,False
2025-04-12T13:20:00+08:00,142820,17404272,0,Wh,303,20.0,False
2025-04-12T13:40:00+08:00,142820,17404286,0,Wh,303,20.0,False
2025-04-12T14:00:00+08:00,142820,17404303,0,Wh,303,20.0,False
2025-04-12T14:20:00+08:00,142820,17404315,0,Wh,303,20.0,False
2025-04-12T14:40:00+08:00,142820,17404328,0,Wh,303,20.0,False
2025-04-12T15:00:00+08:00,142820,17404347,0,Wh,303,20.0,False
2025-04-12T15:20:00+08:00,142820,17404358,0,Wh,303,20.0,False
2025-04-12T15:40:00+08:00,142820,17404371,0,Wh,303,20.0,False
2025-04-12T16:00:00+08:00,142820,17404389,0,Wh,303,20.0,False
2025-04-12T16:20:00+08:00,142820,17404402,0,Wh,303,20.0,False
2025-04-12T16:40:00+08:00,142820,17404414,0,Wh,303,20.0,False
2025-04-12T17:00:00+08:00,142820,17404432,0,Wh,303,20.0,False
2025-04-12T17:20:00+08:00,142820,17404446,0,Wh,303,20.0,False
2025-04-12T17:40:00+08:00,142820,17404459,0,Wh,303,20.0,False
2025-04-12T18:00:00+08:00,142820,17404476,0,Wh,303,20.0,False
2025-04-12T18:20:00+08:00,142820,17404947,0,Wh,303,20.0,False
2025-04-12T18:40:00+08:00,142820,17404959,0,Wh,303,20.0,False
2025-04-12T19:00:00+08:00,142820,17404975,0,Wh,303,20.0,False
2025-04-12T19:20:00+08:00,142820,17404991,0,Wh,303,20.0,False
2025-04-12T19:40:00+08:00,142820,17405003,0,Wh,303,20.0,False
2025-04-12T20:00:00+08:00,142820,17405019,0,Wh,303,20.0,False
2025-04-12T20:20:00+08:00,142820,17405036,0,Wh,303,20.0,False
2025-04-12T20:40:00+08:00,142820,17405048,0,Wh,303,20.0,False
2025-04-12T21:00:00+08:00,142820,17405062,0,Wh,303,20.0,False
2025-04-12T21:20:00+08:00,142820,17405080,0,Wh,303,20.0,False
2025-04-12T21:40:00+08:00,142820,17405092,0,Wh,303,20.0,False
2025-04-12T22:00:00+08:00,142820,17405105,0,Wh,303,20.0,False
2025-04-12T22:20:00+08:00,142820,17405124,0,Wh,303,20.0,False
2025-04-12T22:40:00+08:00,142820,17405136,0,Wh,303,20.0,False
2025-04-12T23:00:00+08:00,142820,17405149,0,Wh,303,20.0,False
2025-04-12T23:20:00+08:00,142820,17405167,0,Wh,303,20.0,False
2025-04-12T23:40:00+08:00,142820,17405180,0,Wh,303,20.0,False
2025-04-13T00:00:00+08:00,142820,17405192,0,Wh,303,20.0,False
2025-04-13T00:20:00+08:00,142820,17405210,0,Wh,303,20.0,False
2025-04-13T00:40:00+08:00,142820,17405224,0,Wh,303,20.0,False
2025-04-13T01:00:00+08:00,142820,17405236,0,Wh,303,20.0,False
2025-04-13T01:20:00+08:00,142820,17405252,0,Wh,303,20.0,False
2025-04-13T01:40:00+08:00,142820,17405268,0,Wh,303,20.0,False
2025-04-13T02:00:00+08:00,142820,17405279,0,Wh,303,20.0,False
2025-04-13T02:20:00+08:00,142820,17405295,0,Wh,303,20.0,False
2025-04-13T02:40:00+08:00,142820,17405311,0,Wh,303,20.0,False
2025-04-13T03:00:00+08:00,142820,17405323,0,Wh,303,20.0,False
2025-04-13T03:20:00+08:00,142820,17405337,0,Wh,303,20.0,False
2025-04-13T03:40:00+08:00,142820,17405354,0,Wh,303,20.0,False
2025-04-13T04:00:00+08:00,142820,17405667,0,Wh,303,20.0,False
2025-04-13T04:20:00+08:00,142820,17405832,0,Wh,303,20.0,False
2025-04-13T04:40:00+08:00,142820,17405850,0,Wh,303,20.0,False
2025-04-13T05:00:00+08:00,142820,17405862,0,Wh,303,20.0,False
2025-04-13T05:20:00+08:00,142820,17405874,0,Wh,303,20.0,False
2025-04-13T05:40:00+08:00,142820,17405892,0,Wh,303,20.0,False
2025-04-13T06:00:00+08:00,142820,17405904,0,Wh,303,20.0,False
2025-04-13T06:20:00+08:00,142820,17405916,0,Wh,303,20.0,False
2025-04-13T06:40:00+08:00,142820,17405934,0,Wh,303,20.0,False
2025-04-13T07:00:00+08:00,142820,17405946,0,Wh,303,20.0,False
2025-04-13T07:20:00+08:00,142820,17405958,0,Wh,303,20.0,False
2025-04-13T07:40:00+08:00,142820,17405975,0,Wh,303,20.0,False
2025-04-13T08:00:00+08:00,142820,17405989,0,Wh,303,20.0,False
2025-04-13T08:20:00+08:00,142820,17406000,0,Wh,303,20.0,False
2025-04-13T08:40:00+08:00,142820,17406016,0,Wh,303,20.0,False
2025-04-13T09:00:00+08:00,142820,17406031,0,Wh,303,20.0,False
2025-04-13T09:20:00+08:00,142820,17406042,0,Wh,303,20.0,False
2025-04-13T09:40:00+08:00,142820,17406058,0,Wh,303,20.0,False
2025-04-13T10:00:00+08:00,142820,17406073,0,Wh,303,20.0,False
2025-04-13T10:20:00+08:00,142820,17406084,0,Wh,303,20.0,False
2025-04-13T10:40:00+08:00,142820,17406099,0,Wh,303,20.0,False
2025-04-13T11:00:00+08:00,142820,17406115,0,Wh,303,20.0,False
2025-04-13T11:20:00+08:00,142820,17406127,0,Wh,303,20.0,False
2025-04-13T11:40:00+08:00,142820,17406141,0,Wh,303,20.0,False
2025-04-13T12:00:00+08:00,142820,17406158,0,Wh,303,20.0,False
2025-04-13T12:20:00+08:00,142820,17406169,0,Wh,303,20.0,False
2025-04-13T12:40:00+08:00,142820,17406183,0,Wh,303,20.0,False
2025-04-13T13:00:00+08:00,142820,17406201,0,Wh,303,20.0,False
2025-04-13T13:20:00+08:00,142820,17406290,0,Wh,303,20.0,False
2025-04-13T13:40:00+08:00,142820,17406677,0,Wh,303,20.0,False
2025-04-13T14:00:00+08:00,142820,17406696,0,Wh,303,20.0,False
2025-04-13T14:20:00+08:00,142820,17406708,0,Wh,303,20.0,False
2025-04-13T14:40:00+08:00,142820,17406720,0,Wh,303,20.0,False
2025-04-13T15:00:00+08:00,142820,17406739,0,Wh,303,20.0,False
2025-04-13T15:20:00+08:00,142820,17406751,0,Wh,303,20.0,False
2025-04-13T15:40:00+08:00,142820,17406763,0,Wh,303,20.0,False
2025-04-13T16:00:00+08:00,142820,17406781,0,Wh,303,20.0,False
2025-04-13T16:20:00+08:00,142820,17406795,0,Wh,303,20.0,False
2025-04-13T16:40:00+08:00,142820,17406807,0,Wh,303,20.0,False
2025-04-13T17:00:00+08:00,142820,17406824,0,Wh,303,20.0,False
2025-04-13T17:20:00+08:00,142820,17406838,0,Wh,303,20.0,False
2025-04-13T17:40:00+08:00,142820,17406850,0,Wh,303,20.0,False
2025-04-13T18:00:00+08:00,142820,17406867,0,Wh,303,20.0,False
2025-04-13T18:20:00+08:00,142820,17406882,0,Wh,303,20.0,False
2025-04-13T18:40:00+08:00,142820,17406897,0,Wh,303,20.0,False
2025-04-13T19:00:00+08:00,142820,17406916,0,Wh,303,20.0,False
2025-04-13T19:20:00+08:00,142820,17406972,0,Wh,303,20.0,False
2025-04-13T19:40:00+08:00,142820,17407008,0,Wh,303,20.0,False
2025-04-13T20:00:00+08:00,142820,17407037,0,Wh,303,20.0,False
2025-04-13T20:20:00+08:00,142820,17407051,0,Wh,303,20.0,False
2025-04-13T20:40:00+08:00,142820,17407071,0,Wh,303,20.0,False
2025-04-13T21:00:00+08:00,142820,17407085,0,Wh,303,20.0,False
2025-04-13T21:20:00+08:00,142820,17407098,0,Wh,303,20.0,False
2025-04-13T21:40:00+08:00,142820,17407114,0,Wh,303,20.0,False
2025-04-13T22:00:00+08:00,142820,17407130,0,Wh,303,20.0,False
2025-04-13T22:20:00+08:00,142820,17407142,0,Wh,303,20.0,False
2025-04-13T22:40:00+08:00,142820,17407156,0,Wh,303,20.0,False
2025-04-13T23:00:00+08:00,142820,17407174,0,Wh,303,20.0,False
2025-04-13T23:20:00+08:00,142820,17407649,0,Wh,303,20.0,False
2025-04-13T23:40:00+08:00,142820,17407661,0,Wh,303,20.0,False
2025-04-14T00:00:00+08:00,142820,17407679,0,Wh,303,20.0,False
2025-04-14T00:20:00+08:00,142820,17407692,0,Wh,303,20.0,False
2025-04-14T00:40:00+08:00,142820,17407704,0,Wh,303,20.0,False
2025-04-14T01:00:00+08:00,142820,17407721,0,Wh,303,20.0,False
2025-04-14T01:20:00+08:00,142820,17407735,0,Wh,303,20.0,False
2025-04-14T01:40:00+08:00,142820,17407747,0,Wh,303,20.0,False
2025-04-14T02:00:00+08:00,142820,17407762,0,Wh,303,20.0,False
2025-04-14T02:20:00+08:00,142820,17407778,0,Wh,303,20.0,False
2025-04-14T02:40:00+08:00,142820,17407789,0,Wh,303,20.0,False
2025-04-14T03:00:00+08:00,142820,17407803,0,Wh,303,20.0,False
2025-04-14T03:20:00+08:00,142820,17407821,0,Wh,303,20.0,False
2025-04-14T03:40:00+08:00,142820,17407832,0,Wh,303,20.0,False
2025-04-14T04:00:00+08:00,142820,17407845,0,Wh,303,20.0,False
2025-04-14T04:20:00+08:00,142820,17407863,0,Wh,303,20.0,False
2025-04-14T04:40:00+08:00,142820,17407874,0,Wh,303,20.0,False
2025-04-14T05:00:00+08:00,142820,17407886,0,Wh,303,20.0,False
2025-04-14T05:20:00+08:00,142820,17407904,0,Wh,303,20.0,False
2025-04-14T05:40:00+08:00,142820,17407916,0,Wh,303,20.0,False
2025-04-14T06:00:00+08:00,142820,17407927,0,Wh,303,20.0,False
2025-04-14T06:20:00+08:00,142820,17407944,0,Wh,303,20.0,False
2025-04-14T06:40:00+08:00,142820,17407957,0,Wh,303,20.0,False
2025-04-14T07:00:00+08:00,142820,17407969,0,Wh,303,20.0,False
2025-04-14T07:20:00+08:00,142820,17407985,0,Wh,303,20.0,False
2025-04-14T07:40:00+08:00,142820,17407999,0,Wh,303,20.0,False
2025-04-14T08:00:00+08:00,142820,17408010,0,Wh,303,20.0,False
2025-04-14T08:20:00+08:00,142820,17408025,0,Wh,303,20.0,False
2025-04-14T08:40:00+08:00,142820,17408497,0,Wh,303,20.0,False
2025-04-14T09:00:00+08:00,142820,17408508,0,Wh,303,20.0,False
2025-04-14T09:20:00+08:00,142820,17408523,0,Wh,303,20.0,False
2025-04-14T09:40:00+08:00,142820,17408539,0,Wh,303,20.0,False
2025-04-14T10:00:00+08:00,142820,17408550,0,Wh,303,20.0,False
2025-04-14T10:20:00+08:00,142820,17408563,0,Wh,303,20.0,False
2025-04-14T10:40:00+08:00,142820,17408580,0,Wh,303,20.0,False
2025-04-14T11:00:00+08:00,142820,17408591,0,Wh,303,20.0,False
2025-04-14T11:20:00+08:00,142820,17408604,0,Wh,303,20.0,False
2025-04-14T11:40:00+08:00,142820,17408622,0,Wh,303,20.0,False
2025-04-14T12:00:00+08:00,142820,17408632,0,Wh,303,20.0,False
2025-04-14T12:20:00+08:00,142820,17408645,0,Wh,303,20.0,False
2025-04-14T12:40:00+08:00,142820,17408663,0,Wh,303,20.0,False
2025-04-14T13:00:00+08:00,142820,17408674,0,Wh,303,20.0,False
2025-04-14T13:20:00+08:00,142820,17408686,0,Wh,303,20.0,False
2025-04-14T13:40:00+08:00,142820,17408703,0,Wh,303,20.0,False
2025-04-14T14:00:00+08:00,142820,17408716,0,Wh,303,20.0,False
2025-04-14T14:20:00+08:00,142820,17408727,0,Wh,303,20.0,False
2025-04-14T14:40:00+08:00,142820,17408744,0,Wh,303,20.0,False
2025-04-14T15:00:00+08:00,142820,17408758,0,Wh,303,20.0,False
2025-04-14T15:20:00+08:00,142820,17408769,0,Wh,303,20.0,False
2025-04-14T15:40:00+08:00,142820,17408786,0,Wh,303,20.0,False
2025-04-14T16:00:00+08:00,142820,17408800,0,Wh,303,20.0,False
2025-04-14T16:20:00+08:00,142820,17408811,0,Wh,303,20.0,False
2025-04-14T16:40:00+08:00,142820,17408828,0,Wh,303,20.0,False
2025-04-14T17:00:00+08:00,142820,17408843,0,Wh,303,20.0,False
2025-04-14T17:20:00+08:00,142820,17408854,0,Wh,303,20.0,False
2025-04-14T17:40:00+08:00,142820,17408869,0,Wh,303,20.0,False
2025-04-14T18:00:00+08:00,142820,17409339,0,Wh,303,20.0,False
2025-04-14T18:20:00+08:00,142820,17409350,0,Wh,303,20.0,False
2025-04-14T18:40:00+08:00,142820,17409365,0,Wh,303,20.0,False
2025-04-14T19:00:00+08:00,142820,17409382,0,Wh,303,20.0,False
2025-04-14T19:20:00+08:00,142820,17409393,0,Wh,303,20.0,False
2025-04-14T19:40:00+08:00,142820,17409407,0,Wh,303,20.0,False
2025-04-14T20:00:00+08:00,142820,17409425,0,Wh,303,20.0,False
2025-04-14T20:20:00+08:00,142820,17409436,0,Wh,303,20.0,False
2025-04-14T20:40:00+08:00,142820,17409449,0,Wh,303,20.0,False
2025-04-14T21:00:00+08:00,142820,17409467,0,Wh,303,20.0,False
2025-04-14T21:20:00+08:00,142820,17409479,0,Wh,303,20.0,False
2025-04-14T21:40:00+08:00,142820,17409491,0,Wh,303,20.0,False
2025-04-14T22:00:00+08:00,142820,17409508,0,Wh,303,20.0,False
2025-04-14T22:20:00+08:00,142820,17409522,0,Wh,303,20.0,False
2025-04-14T22:40:00+08:00,142820,17409533,0,Wh,303,20.0,False
2025-04-14T23:00:00+08:00,142820,17409550,0,Wh,303,20.0,False
2025-04-14T23:20:00+08:00,142820,17409564,0,Wh,303,20.0,False
2025-04-14T23:40:00+08:00,142820,17409575,0,Wh,303,20.0,False
2025-04-15T00:00:00+08:00,142820,17409591,0,Wh,303,20.0,False
2025-04-07T00:20:00+08:00,142821,8876756,0,Wh,Commercial,20.0,False
2025-04-07T00:40:00+08:00,142821,8876807,0,Wh,Commercial,20.0,False
2025-04-07T01:00:00+08:00,142821,8876840,0,Wh,Commercial,20.0,False
2025-04-07T01:20:00+08:00,142821,8876873,0,Wh,Commercial,20.0,False
2025-04-07T01:40:00+08:00,142821,8876905,0,Wh,Commercial,20.0,False
2025-04-07T02:00:00+08:00,142821,8876937,0,Wh,Commercial,20.0,False
2025-04-07T02:20:00+08:00,142821,8876972,0,Wh,Commercial,20.0,False
2025-04-07T02:40:00+08:00,142821,8877024,0,Wh,Commercial,20.0,False
2025-04-07T03:00:00+08:00,142821,8877075,0,Wh,Commercial,20.0,False
2025-04-07T03:20:00+08:00,142821,8877114,0,Wh,Commercial,20.0,False
2025-04-07T03:40:00+08:00,142821,8877146,0,Wh,Commercial,20.0,False
2025-04-07T04:00:00+08:00,142821,8877178,0,Wh,Commercial,20.0,False
2025-04-07T04:20:00+08:00,142821,8877210,0,Wh,Commercial,20.0,False
2025-04-07T04:40:00+08:00,142821,8877242,0,Wh,Commercial,20.0,False
2025-04-07T05:00:00+08:00,142821,8877290,0,Wh,Commercial,20.0,False
2025-04-07T05:20:00+08:00,142821,8877341,0,Wh,Commercial,20.0,False
2025-04-07T05:40:00+08:00,142821,8877386,0,Wh,Commercial,20.0,False
2025-04-07T06:00:00+08:00,142821,8877418,0,Wh,Commercial,20.0,False
2025-04-07T06:20:00+08:00,142821,8877450,0,Wh,Commercial,20.0,False
2025-04-07T06:40:00+08:00,142821,8877482,0,Wh,Commercial,20.0,False
2025-04-07T07:00:00+08:00,142821,8877514,0,Wh,Commercial,20.0,False
2025-04-07T07:20:00+08:00,142821,8877554,0,Wh,Commercial,20.0,False
2025-04-07T07:40:00+08:00,142821,8877606,0,Wh,Commercial,20.0,False
2025-04-07T08:00:00+08:00,142821,8877656,0,Wh,Commercial,20.0,False
2025-04-07T08:20:00+08:00,142821,8877689,0,Wh,Commercial,20.0,False
2025-04-07T08:40:00+08:00,142821,8877721,0,Wh,Commercial,20.0,False
2025-04-07T09:00:00+08:00,142821,8877753,0,Wh,Commercial,20.0,False
2025-04-07T09:20:00+08:00,142821,8877786,0,Wh,Commercial,20.0,False
2025-04-07T09:40:00+08:00,142821,8877821,0,Wh,Commercial,20.0,False
2025-04-07T10:00:00+08:00,142821,8877874,0,Wh,Commercial,20.0,False
2025-04-07T10:20:00+08:00,142821,8877927,0,Wh,Commercial,20.0,False
2025-04-07T10:40:00+08:00,142821,8877971,0,Wh,Commercial,20.0,False
2025-04-07T11:00:00+08:00,142821,8878005,0,Wh,Commercial,20.0,False
2025-04-07T11:20:00+08:00,142821,8878039,0,Wh,Commercial,20.0,False
2025-04-07T11:40:00+08:00,142821,8878073,0,Wh,Commercial,20.0,False
2025-04-07T12:00:00+08:00,142821,8878106,0,Wh,Commercial,20.0,False
2025-04-07T12:20:00+08:00,142821,8878151,0,Wh,Commercial,20.0,False
2025-04-07T12:40:00+08:00,142821,8878197,0,Wh,Commercial,20.0,False
2025-04-07T13:00:00+08:00,142821,8878242,0,Wh,Commercial,20.0,False
2025-04-07T13:20:00+08:00,142821,8878270,0,Wh,Commercial,20.0,False
2025-04-07T13:40:00+08:00,142821,8878296,0,Wh,Commercial,20.0,False
2025-04-07T14:00:00+08:00,142821,8878323,0,Wh,Commercial,20.0,False
2025-04-07T14:20:00+08:00,142821,8878350,0,Wh,Commercial,20.0,False
2025-04-07T14:40:00+08:00,142821,8878384,0,Wh,Commercial,20.0,False
2025-04-07T15:00:00+08:00,142821,8878430,0,Wh,Commercial,20.0,False
2025-04-07T15:20:00+08:00,142821,8878475,0,Wh,Commercial,20.0,False
2025-04-07T15:40:00+08:00,142821,8878508,0,Wh,Commercial,20.0,False
2025-04-07T16:00:00+08:00,142821,8878532,0,Wh,Commercial,20.0,False
2025-04-07T16:20:00+08:00,142821,8878557,0,Wh,Commercial,20.0,False
2025-04-07T16:40:00+08:00,142821,8878582,0,Wh,Commercial,20.0,False
2025-04-07T17:00:00+08:00,142821,8878609,0,Wh,Commercial,20.0,False
2025-04-07T17:20:00+08:00,142821,8878654,0,Wh,Commercial,20.0,False
2025-04-07T17:40:00+08:00,142821,8878698,0,Wh,Commercial,20.0,False
2025-04-07T18:00:00+08:00,142821,8878742,0,Wh,Commercial,20.0,False
2025-04-07T18:20:00+08:00,142821,8878767,0,Wh,Commercial,20.0,False
2025-04-07T18:40:00+08:00,142821,8878792,0,Wh,Commercial,20.0,False
2025-04-07T19:00:00+08:00,142821,8878816,0,Wh,Commercial,20.0,False
2025-04-07T19:20:00+08:00,142821,8878841,0,Wh,Commercial,20.0,False
2025-04-07T19:40:00+08:00,142821,8878877,0,Wh,Commercial,20.0,False
2025-04-07T20:00:00+08:00,142821,8878921,0,Wh,Commercial,20.0,False
2025-04-07T20:20:00+08:00,142821,8878965,0,Wh,Commercial,20.0,False
2025-04-07T20:40:00+08:00,142821,8878996,0,Wh,Commercial,20.0,False
2025-04-07T21:00:00+08:00,142821,8879021,0,Wh,Commercial,20.0,False
2025-04-07T21:20:00+08:00,142821,8879046,0,Wh,Commercial,20.0,False
2025-04-07T21:40:00+08:00,142821,8879073,0,Wh,Commercial,20.0,False
2025-04-07T22:00:00+08:00,142821,8879106,0,Wh,Commercial,20.0,False
2025-04-07T22:20:00+08:00,142821,8879158,0,Wh,Commercial,20.0,False
2025-04-07T22:40:00+08:00,142821,8879209,0,Wh,Commercial,20.0,False
2025-04-07T23:00:00+08:00,142821,8879253,0,Wh,Commercial,20.0,False
2025-04-07T23:20:00+08:00,142821,8879285,0,Wh,Commercial,20.0,False
2025-04-07T23:40:00+08:00,142821,8879317,0,Wh,Commercial,20.0,False
2025-04-08T00:00:00+08:00,142821,8879349,0,Wh,Commercial,20.0,False
2025-04-08T00:20:00+08:00,142821,8879381,0,Wh,Commercial,20.0,False
2025-04-08T00:40:00+08:00,142821,8879425,0,Wh,Commercial,20.0,False
2025-04-08T01:00:00+08:00,142821,8879476,0,Wh,Commercial,20.0,False
2025-04-08T01:20:00+08:00,142821,8879526,0,Wh,Commercial,20.0,False
2025-04-08T01:40:00+08:00,142821,8879558,0,Wh,Commercial,20.0,False
2025-04-08T02:00:00+08:00,142821,8879590,0,Wh,Commercial,20.0,False
2025-04-08T02:20:00+08:00,142821,8879622,0,Wh,Commercial,20.0,False
2025-04-08T02:40:00+08:00,142821,8879653,0,Wh,Commercial,20.0,False
2025-04-08T03:00:00+08:00,142821,8879691,0,Wh,Commercial,20.0,False
2025-04-08T03:20:00+08:00,142821,8879743,0,Wh,Commercial,20.0,False
2025-04-08T03:40:00+08:00,142821,8879794,0,Wh,Commercial,20.0,False
2025-04-08T04:00:00+08:00,142821,8879832,0,Wh,Commercial,20.0,False
2025-04-08T04:20:00+08:00,142821,8879864,0,Wh,Commercial,20.0,False
2025-04-08T04:40:00+08:00,142821,8879896,0,Wh,Commercial,20.0,False
2025-04-08T05:00:00+08:00,142821,8879928,0,Wh,Commercial,20.0,False
2025-04-08T05:20:00+08:00,142821,8879959,0,Wh,Commercial,20.0,False
2025-04-08T05:40:00+08:00,142821,8880008,0,Wh,Commercial,20.0,False
2025-04-08T06:00:00+08:00,142821,8880060,0,Wh,Commercial,20.0,False
2025-04-08T06:20:00+08:00,142821,8880106,0,Wh,Commercial,20.0,False
2025-04-08T06:40:00+08:00,142821,8880138,0,Wh,Commercial,20.0,False
2025-04-08T07:00:00+08:00,142821,8880170,0,Wh,Commercial,20.0,False
2025-04-08T07:20:00+08:00,142821,8880202,0,Wh,Commercial,20.0,False
2025-04-08T07:40:00+08:00,142821,8880234,0,Wh,Commercial,20.0,False
2025-04-08T08:00:00+08:00,142821,8880274,0,Wh,Commercial,20.0,False
2025-04-08T08:20:00+08:00,142821,8880326,0,Wh,Commercial,20.0,False
2025-04-08T08:40:00+08:00,142821,8880377,0,Wh,Commercial,20.0,False
2025-04-08T09:00:00+08:00,142821,8880558,0,Wh,Commercial,20.0,False
2025-04-08T09:20:00+08:00,142821,8880953,0,Wh,Commercial,20.0,False
2025-04-08T09:40:00+08:00,142821,8881315,0,Wh,Commercial,20.0,False
2025-04-08T10:00:00+08:00,142821,8881694,0,Wh,Commercial,20.0,False
2025-04-08T10:20:00+08:00,142821,8882097,0,Wh,Commercial,20.0,False
2025-04-08T10:40:00+08:00,142821,8882399,0,Wh,Commercial,20.0,False
2025-04-08T11:00:00+08:00,142821,8882790,0,Wh,Commercial,20.0,False
2025-04-08T11:20:00+08:00,142821,8883130,0,Wh,Commercial,20.0,False
2025-04-08T11:40:00+08:00,142821,8883489,0,Wh,Commercial,20.0,False
2025-04-08T12:00:00+08:00,142821,8883848,0,Wh,Commercial,20.0,False
2025-04-08T12:20:00+08:00,142821,8884206,0,Wh,Commercial,20.0,False
2025-04-08T12:40:00+08:00,142821,8884588,0,Wh,Commercial,20.0,False
2025-04-08T13:00:00+08:00,142821,8884983,0,Wh,Commercial,20.0,False
2025-04-08T13:20:00+08:00,142821,8885373,0,Wh,Commercial,20.0,False
2025-04-08T13:40:00+08:00,142821,8885740,0,Wh,Commercial,20.0,False
2025-04-08T14:00:00+08:00,142821,8886106,0,Wh,Commercial,20.0,False
2025-04-08T14:20:00+08:00,142821,8886514,0,Wh,Commercial,20.0,False
2025-04-08T14:40:00+08:00,142821,8887111,0,Wh,Commercial,20.0,False
2025-04-08T15:00:00+08:00,142821,8887433,0,Wh,Commercial,20.0,False
2025-04-08T15:20:00+08:00,142821,8887772,0,Wh,Commercial,20.0,False
2025-04-08T15:40:00+08:00,142821,8888142,0,Wh,Commercial,20.0,False
2025-04-08T16:00:00+08:00,142821,8888451,0,Wh,Commercial,20.0,False
2025-04-08T16:20:00+08:00,142821,8888755,0,Wh,Commercial,20.0,False
2025-04-08T16:40:00+08:00,142821,8889058,0,Wh,Commercial,20.0,False
2025-04-08T17:00:00+08:00,142821,8889371,0,Wh,Commercial,20.0,False
2025-04-08T17:20:00+08:00,142821,8889493,0,Wh,Commercial,20.0,False
2025-04-08T17:40:00+08:00,142821,8889563,0,Wh,Commercial,20.0,False
2025-04-08T18:00:00+08:00,142821,8889632,0,Wh,Commercial,20.0,False
2025-04-08T18:20:00+08:00,142821,8889693,0,Wh,Commercial,20.0,False
2025-04-08T18:40:00+08:00,142821,8889738,0,Wh,Commercial,20.0,False
2025-04-08T19:00:00+08:00,142821,8889782,0,Wh,Commercial,20.0,False
2025-04-08T19:20:00+08:00,142821,8889824,0,Wh,Commercial,20.0,False
2025-04-08T19:40:00+08:00,142821,8889867,0,Wh,Commercial,20.0,False
2025-04-08T20:00:00+08:00,142821,8889923,0,Wh,Commercial,20.0,False
2025-04-08T20:20:00+08:00,142821,8889992,0,Wh,Commercial,20.0,False
2025-04-08T20:40:00+08:00,142821,8890060,0,Wh,Commercial,20.0,False
2025-04-08T21:00:00+08:00,142821,8890110,0,Wh,Commercial,20.0,False
2025-04-08T21:20:00+08:00,142821,8890160,0,Wh,Commercial,20.0,False
2025-04-08T21:40:00+08:00,142821,8890210,0,Wh,Commercial,20.0,False
2025-04-08T22:00:00+08:00,142821,8890259,0,Wh,Commercial,20.0,False
2025-04-08T22:20:00+08:00,142821,8890315,0,Wh,Commercial,20.0,False
2025-04-08T22:40:00+08:00,142821,8890384,0,Wh,Commercial,20.0,False
2025-04-08T23:00:00+08:00,142821,8890453,0,Wh,Commercial,20.0,False
2025-04-08T23:20:00+08:00,142821,8890509,0,Wh,Commercial,20.0,False
2025-04-08T23:40:00+08:00,142821,8890559,0,Wh,Commercial,20.0,False
2025-04-09T00:00:00+08:00,142821,8890608,0,Wh,Commercial,20.0,False
2025-04-09T00:20:00+08:00,142821,8890658,0,Wh,Commercial,20.0,False
2025-04-09T00:40:00+08:00,142821,8890708,0,Wh,Commercial,20.0,False
2025-04-09T01:00:00+08:00,142821,8890776,0,Wh,Commercial,20.0,False
2025-04-09T01:20:00+08:00,142821,8890845,0,Wh,Commercial,20.0,False
2025-04-09T01:40:00+08:00,142821,8890908,0,Wh,Commercial,20.0,False
2025-04-09T02:00:00+08:00,142821,8890957,0,Wh,Commercial,20.0,False
2025-04-09T02:20:00+08:00,142821,8891007,0,Wh,Commercial,20.0,False
2025-04-09T02:40:00+08:00,142821,8891056,0,Wh,Commercial,20.0,False
2025-04-09T03:00:00+08:00,142821,8891106,0,Wh,Commercial,20.0,False
2025-04-09T03:20:00+08:00,142821,8891166,0,Wh,Commercial,20.0,False
2025-04-09T03:40:00+08:00,142821,8891236,0,Wh,Commercial,20.0,False
2025-04-09T04:00:00+08:00,142821,8891304,0,Wh,Commercial,20.0,False
2025-04-09T04:20:00+08:00,142821,8891356,0,Wh,Commercial,20.0,False
2025-04-09T04:40:00+08:00,142821,8891406,0,Wh,Commercial,20.0,False
2025-04-09T05:00:00+08:00,142821,8891455,0,Wh,Commercial,20.0,False
2025-04-09T05:20:00+08:00,142821,8891505,0,Wh,Commercial,20.0,False
2025-04-09T05:40:00+08:00,142821,8891555,0,Wh,Commercial,20.0,False
2025-04-09T06:00:00+08:00,142821,8891625,0,Wh,Commercial,20.0,False
2025-04-09T06:20:00+08:00,142821,8891695,0,Wh,Commercial,20.0,False
2025-04-09T06:40:00+08:00,142821,8891755,0,Wh,Commercial,20.0,False
2025-04-09T07:00:00+08:00,142821,8891804,0,Wh,Commercial,20.0,False
2025-04-09T07:20:00+08:00,142821,8891854,0,Wh,Commercial,20.0,False
2025-04-09T07:40:00+08:00,142821,8891904,0,Wh,Commercial,20.0,False
2025-04-09T08:00:00+08:00,142821,8891954,0,Wh,Commercial,20.0,False
2025-04-09T08:20:00+08:00,142821,8892014,0,Wh,Commercial,20.0,False
2025-04-09T08:40:00+08:00,142821,8892083,0,Wh,Commercial,20.0,False
2025-04-09T09:00:00+08:00,142821,8892256,0,Wh,Commercial,20.0,False
2025-04-09T09:20:00+08:00,142821,8892532,0,Wh,Commercial,20.0,False
2025-04-09T09:40:00+08:00,142821,8892844,0,Wh,Commercial,20.0,False
2025-04-09T10:00:00+08:00,142821,8893155,0,Wh,Commercial,20.0,False
2025-04-09T10:20:00+08:00,142821,8893481,0,Wh,Commercial,20.0,False
2025-04-09T10:40:00+08:00,142821,8893814,0,Wh,Commercial,20.0,False
2025-04-09T11:00:00+08:00,142821,8894140,0,Wh,Commercial,20.0,False
2025-04-09T11:20:00+08:00,142821,8894464,0,Wh,Commercial,20.0,False
2025-04-09T11:40:00+08:00,142821,8894875,0,Wh,Commercial,20.0,False
2025-04-09T12:00:00+08:00,142821,8895311,0,Wh,Commercial,20.0,False
2025-04-09T12:20:00+08:00,142821,8895673,0,Wh,Commercial,20.0,False
2025-04-09T12:40:00+08:00,142821,8895952,0,Wh,Commercial,20.0,False
2025-04-09T13:00:00+08:00,142821,8896320,0,Wh,Commercial,20.0,False
2025-04-09T13:20:00+08:00,142821,8896745,0,Wh,Commercial,20.0,False
2025-04-09T13:40:00+08:00,142821,8897142,0,Wh,Commercial,20.0,False
2025-04-09T14:00:00+08:00,142821,8897510,0,Wh,Commercial,20.0,False
2025-04-09T14:20:00+08:00,142821,8897845,0,Wh,Commercial,20.0,False
2025-04-09T14:40:00+08:00,142821,8898186,0,Wh,Commercial,20.0,False
2025-04-09T15:00:00+08:00,142821,8898526,0,Wh,Commercial,20.0,False
2025-04-09T15:20:00+08:00,142821,8898867,0,Wh,Commercial,20.0,False
2025-04-09T15:40:00+08:00,142821,8899258,0,Wh,Commercial,20.0,False
2025-04-09T16:00:00+08:00,142821,8899772,0,Wh,Commercial,20.0,False
2025-04-09T16:20:00+08:00,142821,8900206,0,Wh,Commercial,20.0,False
2025-04-09T16:40:00+08:00,142821,8900604,0,Wh,Commercial,20.0,False
2025-04-09T17:00:00+08:00,142821,8900968,0,Wh,Commercial,20.0,False
2025-04-09T17:20:00+08:00,142821,8901372,0,Wh,Commercial,20.0,False
2025-04-09T17:40:00+08:00,142821,8901404,0,Wh,Commercial,20.0,False
2025-04-09T18:00:00+08:00,142821,8901433,0,Wh,Commercial,20.0,False
2025-04-09T18:20:00+08:00,142821,8901479,0,Wh,Commercial,20.0,False
2025-04-09T18:40:00+08:00,142821,8901531,0,Wh,Commercial,20.0,False
2025-04-09T19:00:00+08:00,142821,8901575,0,Wh,Commercial,20.0,False
2025-04-09T19:20:00+08:00,142821,8901607,0,Wh,Commercial,20.0,False
2025-04-09T19:40:00+08:00,142821,8901639,0,Wh,Commercial,20.0,False
2025-04-09T20:00:00+08:00,142821,8901671,0,Wh,Commercial,20.0,False
2025-04-09T20:20:00+08:00,142821,8901703,0,Wh,Commercial,20.0,False
2025-04-09T20:40:00+08:00,142821,8901744,0,Wh,Commercial,20.0,False
2025-04-09T21:00:00+08:00,142821,8901796,0,Wh,Commercial,20.0,False
2025-04-09T21:20:00+08:00,142821,8901847,0,Wh,Commercial,20.0,False
2025-04-09T21:40:00+08:00,142821,8901879,0,Wh,Commercial,20.0,False
2025-04-09T22:00:00+08:00,142821,8901911,0,Wh,Commercial,20.0,False
2025-04-09T22:20:00+08:00,142821,8901943,0,Wh,Commercial,20.0,False
2025-04-09T22:40:00+08:00,142821,8901975,0,Wh,Commercial,20.0,False
2025-04-09T23:00:00+08:00,142821,8902010,0,Wh,Commercial,20.0,False
2025-04-09T23:20:00+08:00,142821,8902062,0,Wh,Commercial,20.0,False
2025-04-09T23:40:00+08:00,142821,8902113,0,Wh,Commercial,20.0,False
2025-04-10T00:00:00+08:00,142821,8902151,0,Wh,Commercial,20.0,False
2025-04-10T00:20:00+08:00,142821,8902184,0,Wh,Commercial,20.0,False
2025-04-10T00:40:00+08:00,142821,8902216,0,Wh,Commercial,20.0,False
2025-04-10T01:00:00+08:00,142821,8902248,0,Wh,Commercial,20.0,False
2025-04-10T01:20:00+08:00,142821,8902281,0,Wh,Commercial,20.0,False
2025-04-10T01:40:00+08:00,142821,8902329,0,Wh,Commercial,20.0,False
2025-04-10T02:00:00+08:00,142821,8902380,0,Wh,Commercial,20.0,False
2025-04-10T02:20:00+08:00,142821,8902423,0,Wh,Commercial,20.0,False
2025-04-10T02:40:00+08:00,142821,8902456,0,Wh,Commercial,20.0,False
2025-04-10T03:00:00+08:00,142821,8902488,0,Wh,Commercial,20.0,False
2025-04-10T03:20:00+08:00,142821,8902520,0,Wh,Commercial,20.0,False
2025-04-10T03:40:00+08:00,142821,8902552,0,Wh,Commercial,20.0,False
2025-04-10T04:00:00+08:00,142821,8902594,0,Wh,Commercial,20.0,False
2025-04-10T04:20:00+08:00,142821,8902646,0,Wh,Commercial,20.0,False
2025-04-10T04:40:00+08:00,142821,8902695,0,Wh,Commercial,20.0,False
2025-04-10T05:00:00+08:00,142821,8902727,0,Wh,Commercial,20.0,False
2025-04-10T05:20:00+08:00,142821,8902759,0,Wh,Commercial,20.0,False
2025-04-10T05:40:00+08:00,142821,8902791,0,Wh,Commercial,20.0,False
2025-04-10T06:00:00+08:00,142821,8902824,0,Wh,Commercial,20.0,False
2025-04-10T06:20:00+08:00,142821,8902858,0,Wh,Commercial,20.0,False
2025-04-10T06:40:00+08:00,142821,8902910,0,Wh,Commercial,20.0,False
2025-04-10T07:00:00+08:00,142821,8902961,0,Wh,Commercial,20.0,False
2025-04-10T07:20:00+08:00,142821,8902998,0,Wh,Commercial,20.0,False
2025-04-10T07:40:00+08:00,142821,8903030,0,Wh,Commercial,20.0,False
2025-04-10T08:00:00+08:00,142821,8903062,0,Wh,Commercial,20.0,False
2025-04-10T08:20:00+08:00,142821,8903094,0,Wh,Commercial,20.0,False
2025-04-10T08:40:00+08:00,142821,8903126,0,Wh,Commercial,20.0,False
2025-04-10T09:00:00+08:00,142821,8903188,0,Wh,Commercial,20.0,False
2025-04-10T09:20:00+08:00,142821,8903273,0,Wh,Commercial,20.0,False
2025-04-10T09:40:00+08:00,142821,8903440,0,Wh,Commercial,20.0,False
2025-04-10T10:00:00+08:00,142821,8903554,0,Wh,Commercial,20.0,False
2025-04-10T10:20:00+08:00,142821,8903792,0,Wh,Commercial,20.0,False
2025-04-10T10:40:00+08:00,142821,8904062,0,Wh,Commercial,20.0,False
2025-04-10T11:00:00+08:00,142821,8904336,0,Wh,Commercial,20.0,False
2025-04-10T11:20:00+08:00,142821,8904643,0,Wh,Commercial,20.0,False
2025-04-10T11:40:00+08:00,142821,8905035,0,Wh,Commercial,20.0,False
2025-04-10T12:00:00+08:00,142821,8905419,0,Wh,Commercial,20.0,False
2025-04-10T12:20:00+08:00,142821,8905856,0,Wh,Commercial,20.0,False
2025-04-10T12:40:00+08:00,142821,8906286,0,Wh,Commercial,20.0,False
2025-04-10T13:00:00+08:00,142821,8906723,0,Wh,Commercial,20.0,False
2025-04-10T13:20:00+08:00,142821,8907010,0,Wh,Commercial,20.0,False
2025-04-10T13:40:00+08:00,142821,8907280,0,Wh,Commercial,20.0,False
2025-04-10T14:00:00+08:00,142821,8907649,0,Wh,Commercial,20.0,False
2025-04-10T14:20:00+08:00,142821,8908043,0,Wh,Commercial,20.0,False
2025-04-10T14:40:00+08:00,142821,8908389,0,Wh,Commercial,20.0,False
2025-04-10T15:00:00+08:00,142821,8908738,0,Wh,Commercial,20.0,False
2025-04-10T15:20:00+08:00,142821,8909110,0,Wh,Commercial,20.0,False
2025-04-10T15:40:00+08:00,142821,8909432,0,Wh,Commercial,20.0,False
2025-04-10T16:00:00+08:00,142821,8909809,0,Wh,Commercial,20.0,False
2025-04-10T16:20:00+08:00,142821,8910196,0,Wh,Commercial,20.0,False
2025-04-10T16:40:00+08:00,142821,8910543,0,Wh,Commercial,20.0,False
2025-04-10T17:00:00+08:00,142821,8910885,0,Wh,Commercial,20.0,False
2025-04-10T17:20:00+08:00,142821,8911209,0,Wh,Commercial,20.0,False
2025-04-10T17:40:00+08:00,142821,8911527,0,Wh,Commercial,20.0,False
2025-04-10T18:00:00+08:00,142821,8911886,0,Wh,Commercial,20.0,False
2025-04-10T18:20:00+08:00,142821,8912238,0,Wh,Commercial,20.0,False
2025-04-10T18:40:00+08:00,142821,8912603,0,Wh,Commercial,20.0,False
2025-04-10T19:00:00+08:00,142821,8912973,0,Wh,Commercial,20.0,False
2025-04-10T19:20:00+08:00,142821,8913354,0,Wh,Commercial,20.0,False
2025-04-10T19:40:00+08:00,142821,8913742,0,Wh,Commercial,20.0,False
2025-04-10T20:00:00+08:00,142821,8913930,0,Wh,Commercial,20.0,False
2025-04-10T20:20:00+08:00,142821,8913979,0,Wh,Commercial,20.0,False
2025-04-10T20:40:00+08:00,142821,8914025,0,Wh,Commercial,20.0,False
2025-04-10T21:00:00+08:00,142821,8914069,0,Wh,Commercial,20.0,False
2025-04-10T21:20:00+08:00,142821,8914117,0,Wh,Commercial,20.0,False
2025-04-10T21:40:00+08:00,142821,8914179,0,Wh,Commercial,20.0,False
2025-04-10T22:00:00+08:00,142821,8914245,0,Wh,Commercial,20.0,False
2025-04-10T22:20:00+08:00,142821,8914297,0,Wh,Commercial,20.0,False
2025-04-10T22:40:00+08:00,142821,8914346,0,Wh,Commercial,20.0,False
2025-04-10T23:00:00+08:00,142821,8914395,0,Wh,Commercial,20.0,False
2025-04-10T23:20:00+08:00,142821,8914444,0,Wh,Commercial,20.0,False
2025-04-10T23:40:00+08:00,142821,8914494,0,Wh,Commercial,20.0,False
2025-04-11T00:00:00+08:00,142821,8914562,0,Wh,Commercial,20.0,False
2025-04-11T00:20:00+08:00,142821,8914629,0,Wh,Commercial,20.0,False
2025-04-11T00:40:00+08:00,142821,8914687,0,Wh,Commercial,20.0,False
2025-04-11T01:00:00+08:00,142821,8914737,0,Wh,Commercial,20.0,False
2025-04-11T01:20:00+08:00,142821,8914785,0,Wh,Commercial,20.0,False
2025-04-11T01:40:00+08:00,142821,8914834,0,Wh,Commercial,20.0,False
2025-04-11T02:00:00+08:00,142821,8914883,0,Wh,Commercial,20.0,False
2025-04-11T02:20:00+08:00,142821,8914943,0,Wh,Commercial,20.0,False
2025-04-11T02:40:00+08:00,142821,8915011,0,Wh,Commercial,20.0,False
2025-04-11T03:00:00+08:00,142821,8915077,0,Wh,Commercial,20.0,False
2025-04-11T03:20:00+08:00,142821,8915126,0,Wh,Commercial,20.0,False
2025-04-11T03:40:00+08:00,142821,8915174,0,Wh,Commercial,20.0,False
2025-04-11T04:00:00+08:00,142821,8915223,0,Wh,Commercial,20.0,False
2025-04-11T04:20:00+08:00,142821,8915272,0,Wh,Commercial,20.0,False
2025-04-11T04:40:00+08:00,142821,8915323,0,Wh,Commercial,20.0,False
2025-04-11T05:00:00+08:00,142821,8915391,0,Wh,Commercial,20.0,False
2025-04-11T05:20:00+08:00,142821,8915459,0,Wh,Commercial,20.0,False
2025-04-11T05:40:00+08:00,142821,8915514,0,Wh,Commercial,20.0,False
2025-04-11T06:00:00+08:00,142821,8915563,0,Wh,Commercial,20.0,False
2025-04-11T06:20:00+08:00,142821,8915612,0,Wh,Commercial,20.0,False
2025-04-11T06:40:00+08:00,142821,8915661,0,Wh,Commercial,20.0,False
2025-04-11T07:00:00+08:00,142821,8915710,0,Wh,Commercial,20.0,False
2025-04-11T07:20:00+08:00,142821,8915771,0,Wh,Commercial,20.0,False
2025-04-11T07:40:00+08:00,142821,8915839,0,Wh,Commercial,20.0,False
2025-04-11T08:00:00+08:00,142821,8915903,0,Wh,Commercial,20.0,False
2025-04-11T08:20:00+08:00,142821,8915952,0,Wh,Commercial,20.0,False
2025-04-11T08:40:00+08:00,142821,8916003,0,Wh,Commercial,20.0,False
2025-04-11T09:00:00+08:00,142821,8916309,0,Wh,Commercial,20.0,False
2025-04-11T09:20:00+08:00,142821,8916606,0,Wh,Commercial,20.0,False
2025-04-11T09:40:00+08:00,142821,8916948,0,Wh,Commercial,20.0,False
2025-04-11T10:00:00+08:00,142821,8917343,0,Wh,Commercial,20.0,False
2025-04-11T10:20:00+08:00,142821,8917753,0,Wh,Commercial,20.0,False
2025-04-11T10:40:00+08:00,142821,8918165,0,Wh,Commercial,20.0,False
2025-04-11T11:00:00+08:00,142821,8918599,0,Wh,Commercial,20.0,False
2025-04-11T11:20:00+08:00,142821,8919042,0,Wh,Commercial,20.0,False
2025-04-11T11:40:00+08:00,142821,8919460,0,Wh,Commercial,20.0,False
2025-04-11T12:00:00+08:00,142821,8920030,0,Wh,Commercial,20.0,False
2025-04-11T12:20:00+08:00,142821,8920501,0,Wh,Commercial,20.0,False
2025-04-11T12:40:00+08:00,142821,8920964,0,Wh,Commercial,20.0,False
2025-04-11T13:00:00+08:00,142821,8921439,0,Wh,Commercial,20.0,False
2025-04-11T13:20:00+08:00,142821,8921830,0,Wh,Commercial,20.0,False
2025-04-11T13:40:00+08:00,142821,8922265,0,Wh,Commercial,20.0,False
2025-04-11T14:00:00+08:00,142821,8922693,0,Wh,Commercial,20.0,False
2025-04-11T14:20:00+08:00,142821,8923149,0,Wh,Commercial,20.0,False
2025-04-11T14:40:00+08:00,142821,8923595,0,Wh,Commercial,20.0,False
2025-04-11T15:00:00+08:00,142821,8924110,0,Wh,Commercial,20.0,False
2025-04-11T15:20:00+08:00,142821,8924556,0,Wh,Commercial,20.0,False
2025-04-11T15:40:00+08:00,142821,8924993,0,Wh,Commercial,20.0,False
2025-04-11T16:00:00+08:00,142821,8925455,0,Wh,Commercial,20.0,False
2025-04-11T16:20:00+08:00,142821,8925904,0,Wh,Commercial,20.0,False
2025-04-11T16:40:00+08:00,142821,8926351,0,Wh,Commercial,20.0,False
2025-04-11T17:00:00+08:00,142821,8926571,0,Wh,Commercial,20.0,False
2025-04-11T17:20:00+08:00,142821,8926614,0,Wh,Commercial,20.0,False
2025-04-11T17:40:00+08:00,142821,8926662,0,Wh,Commercial,20.0,False
2025-04-11T18:00:00+08:00,142821,8926707,0,Wh,Commercial,20.0,False
2025-04-11T18:20:00+08:00,142821,8926733,0,Wh,Commercial,20.0,False
2025-04-11T18:40:00+08:00,142821,8926758,0,Wh,Commercial,20.0,False
2025-04-11T19:00:00+08:00,142821,8926782,0,Wh,Commercial,20.0,False
2025-04-11T19:20:00+08:00,142821,8926807,0,Wh,Commercial,20.0,False
2025-04-11T19:40:00+08:00,142821,8926835,0,Wh,Commercial,20.0,False
2025-04-11T20:00:00+08:00,142821,8926879,0,Wh,Commercial,20.0,False
2025-04-11T20:20:00+08:00,142821,8926923,0,Wh,Commercial,20.0,False
2025-04-11T20:40:00+08:00,142821,8926961,0,Wh,Commercial,20.0,False
2025-04-11T21:00:00+08:00,142821,8926986,0,Wh,Commercial,20.0,False
2025-04-11T21:20:00+08:00,142821,8927011,0,Wh,Commercial,20.0,False
2025-04-11T21:40:00+08:00,142821,8927035,0,Wh,Commercial,20.0,False
2025-04-11T22:00:00+08:00,142821,8927060,0,Wh,Commercial,20.0,False
2025-04-11T22:20:00+08:00,142821,8927093,0,Wh,Commercial,20.0,False
2025-04-11T22:40:00+08:00,142821,8927138,0,Wh,Commercial,20.0,False
2025-04-11T23:00:00+08:00,142821,8927181,0,Wh,Commercial,20.0,False
2025-04-11T23:20:00+08:00,142821,8927211,0,Wh,Commercial,20.0,False
2025-04-11T23:40:00+08:00,142821,8927240,0,Wh,Commercial,20.0,False
2025-04-12T00:00:00+08:00,142821,8927272,0,Wh,Commercial,20.0,False
2025-04-12T00:20:00+08:00,142821,8927303,0,Wh,Commercial,20.0,False
2025-04-12T00:40:00+08:00,142821,8927336,0,Wh,Commercial,20.0,False
2025-04-12T01:00:00+08:00,142821,8927386,0,Wh,Commercial,20.0,False
2025-04-12T01:20:00+08:00,142821,8927437,0,Wh,Commercial,20.0,False
2025-04-12T01:40:00+08:00,142821,8927482,0,Wh,Commercial,20.0,False
2025-04-12T02:00:00+08:00,142821,8927514,0,Wh,Commercial,20.0,False
2025-04-12T02:20:00+08:00,142821,8927546,0,Wh,Commercial,20.0,False
2025-04-12T02:40:00+08:00,142821,8927577,0,Wh,Commercial,20.0,False
2025-04-12T03:00:00+08:00,142821,8927609,0,Wh,Commercial,20.0,False
2025-04-12T03:20:00+08:00,142821,8927651,0,Wh,Commercial,20.0,False
2025-04-12T03:40:00+08:00,142821,8927703,0,Wh,Commercial,20.0,False
2025-04-12T04:00:00+08:00,142821,8927754,0,Wh,Commercial,20.0,False
2025-04-12T04:20:00+08:00,142821,8927788,0,Wh,Commercial,20.0,False
2025-04-12T04:40:00+08:00,142821,8927820,0,Wh,Commercial,20.0,False
2025-04-12T05:00:00+08:00,142821,8927851,0,Wh,Commercial,20.0,False
2025-04-12T05:20:00+08:00,142821,8927883,0,Wh,Commercial,20.0,False
2025-04-12T05:40:00+08:00,142821,8927915,0,Wh,Commercial,20.0,False
2025-04-12T06:00:00+08:00,142821,8927967,0,Wh,Commercial,20.0,False
2025-04-12T06:20:00+08:00,142821,8928018,0,Wh,Commercial,20.0,False
2025-04-12T06:40:00+08:00,142821,8928060,0,Wh,Commercial,20.0,False
2025-04-12T07:00:00+08:00,142821,8928092,0,Wh,Commercial,20.0,False
2025-04-12T07:20:00+08:00,142821,8928124,0,Wh,Commercial,20.0,False
2025-04-12T07:40:00+08:00,142821,8928156,0,Wh,Commercial,20.0,False
2025-04-12T08:00:00+08:00,142821,8928187,0,Wh,Commercial,20.0,False
2025-04-12T08:20:00+08:00,142821,8928230,0,Wh,Commercial,20.0,False
2025-04-12T08:40:00+08:00,142821,8928303,0,Wh,Commercial,20.0,False
2025-04-12T09:00:00+08:00,142821,8928644,0,Wh,Commercial,20.0,False
2025-04-12T09:20:00+08:00,142821,8928940,0,Wh,Commercial,20.0,False
2025-04-12T09:40:00+08:00,142821,8929196,0,Wh,Commercial,20.0,False
2025-04-12T10:00:00+08:00,142821,8929484,0,Wh,Commercial,20.0,False
2025-04-12T10:20:00+08:00,142821,8929746,0,Wh,Commercial,20.0,False
2025-04-12T10:40:00+08:00,142821,8930027,0,Wh,Commercial,20.0,False
2025-04-12T11:00:00+08:00,142821,8930412,0,Wh,Commercial,20.0,False
2025-04-12T11:20:00+08:00,142821,8930813,0,Wh,Commercial,20.0,False
2025-04-12T11:40:00+08:00,142821,8931265,0,Wh,Commercial,20.0,False
2025-04-12T12:00:00+08:00,142821,8931690,0,Wh,Commercial,20.0,False
2025-04-12T12:20:00+08:00,142821,8932117,0,Wh,Commercial,20.0,False
2025-04-12T12:40:00+08:00,142821,8932532,0,Wh,Commercial,20.0,False
2025-04-12T13:00:00+08:00,142821,8932947,0,Wh,Commercial,20.0,False
2025-04-12T13:20:00+08:00,142821,8933352,0,Wh,Commercial,20.0,False
2025-04-12T13:40:00+08:00,142821,8933787,0,Wh,Commercial,20.0,False
2025-04-12T14:00:00+08:00,142821,8934026,0,Wh,Commercial,20.0,False
2025-04-12T14:20:00+08:00,142821,8934062,0,Wh,Commercial,20.0,False
2025-04-12T14:40:00+08:00,142821,8934089,0,Wh,Commercial,20.0,False
2025-04-12T15:00:00+08:00,142821,8934113,0,Wh,Commercial,20.0,False
2025-04-12T15:20:00+08:00,142821,8934136,0,Wh,Commercial,20.0,False
2025-04-12T15:40:00+08:00,142821,8934158,0,Wh,Commercial,20.0,False
2025-04-12T16:00:00+08:00,142821,8934193,0,Wh,Commercial,20.0,False
2025-04-12T16:20:00+08:00,142821,8934234,0,Wh,Commercial,20.0,False
2025-04-12T16:40:00+08:00,142821,8934274,0,Wh,Commercial,20.0,False
2025-04-12T17:00:00+08:00,142821,8934299,0,Wh,Commercial,20.0,False
2025-04-12T17:20:00+08:00,142821,8934321,0,Wh,Commercial,20.0,False
2025-04-12T17:40:00+08:00,142821,8934343,0,Wh,Commercial,20.0,False
2025-04-12T18:00:00+08:00,142821,8934365,0,Wh,Commercial,20.0,False
2025-04-12T18:20:00+08:00,142821,8934387,0,Wh,Commercial,20.0,False
2025-04-12T18:40:00+08:00,142821,8934429,0,Wh,Commercial,20.0,False
2025-04-12T19:00:00+08:00,142821,8934470,0,Wh,Commercial,20.0,False
2025-04-12T19:20:00+08:00,142821,8934510,0,Wh,Commercial,20.0,False
2025-04-12T19:40:00+08:00,142821,8934532,0,Wh,Commercial,20.0,False
2025-04-12T20:00:00+08:00,142821,8934554,0,Wh,Commercial,20.0,False
2025-04-12T20:20:00+08:00,142821,8934576,0,Wh,Commercial,20.0,False
2025-04-12T20:40:00+08:00,142821,8934598,0,Wh,Commercial,20.0,False
2025-04-12T21:00:00+08:00,142821,8934622,0,Wh,Commercial,20.0,False
2025-04-12T21:20:00+08:00,142821,8934664,0,Wh,Commercial,20.0,False
2025-04-12T21:40:00+08:00,142821,8934707,0,Wh,Commercial,20.0,False
2025-04-12T22:00:00+08:00,142821,8934748,0,Wh,Commercial,20.0,False
2025-04-12T22:20:00+08:00,142821,8934777,0,Wh,Commercial,20.0,False
2025-04-12T22:40:00+08:00,142821,8934805,0,Wh,Commercial,20.0,False
2025-04-12T23:00:00+08:00,142821,8934834,0,Wh,Commercial,20.0,False
2025-04-12T23:20:00+08:00,142821,8934863,0,Wh,Commercial,20.0,False
2025-04-12T23:40:00+08:00,142821,8934901,0,Wh,Commercial,20.0,False
2025-04-13T00:00:00+08:00,142821,8934949,0,Wh,Commercial,20.0,False
2025-04-13T00:20:00+08:00,142821,8934997,0,Wh,Commercial,20.0,False
2025-04-13T00:40:00+08:00,142821,8935032,0,Wh,Commercial,20.0,False
2025-04-13T01:00:00+08:00,142821,8935060,0,Wh,Commercial,20.0,False
2025-04-13T01:20:00+08:00,142821,8935089,0,Wh,Commercial,20.0,False
2025-04-13T01:40:00+08:00,142821,8935118,0,Wh,Commercial,20.0,False
2025-04-13T02:00:00+08:00,142821,8935147,0,Wh,Commercial,20.0,False
2025-04-13T02:20:00+08:00,142821,8935191,0,Wh,Commercial,20.0,False
2025-04-13T02:40:00+08:00,142821,8935239,0,Wh,Commercial,20.0,False
2025-04-13T03:00:00+08:00,142821,8935286,0,Wh,Commercial,20.0,False
2025-04-13T03:20:00+08:00,142821,8935314,0,Wh,Commercial,20.0,False
2025-04-13T03:40:00+08:00,142821,8935343,0,Wh,Commercial,20.0,False
2025-04-13T04:00:00+08:00,142821,8935372,0,Wh,Commercial,20.0,False
2025-04-13T04:20:00+08:00,142821,8935400,0,Wh,Commercial,20.0,False
2025-04-13T04:40:00+08:00,142821,8935433,0,Wh,Commercial,20.0,False
2025-04-13T05:00:00+08:00,142821,8935482,0,Wh,Commercial,20.0,False
2025-04-13T05:20:00+08:00,142821,8935530,0,Wh,Commercial,20.0,False
2025-04-13T05:40:00+08:00,142821,8935567,0,Wh,Commercial,20.0,False
2025-04-13T06:00:00+08:00,142821,8935596,0,Wh,Commercial,20.0,False
2025-04-13T06:20:00+08:00,142821,8935625,0,Wh,Commercial,20.0,False
2025-04-13T06:40:00+08:00,142821,8935653,0,Wh,Commercial,20.0,False
2025-04-13T07:00:00+08:00,142821,8935682,0,Wh,Commercial,20.0,False
2025-04-13T07:20:00+08:00,142821,8935722,0,Wh,Commercial,20.0,False
2025-04-13T07:40:00+08:00,142821,8935770,0,Wh,Commercial,20.0,False
2025-04-13T08:00:00+08:00,142821,8935817,0,Wh,Commercial,20.0,False
2025-04-13T08:20:00+08:00,142821,8935847,0,Wh,Commercial,20.0,False
2025-04-13T08:40:00+08:00,142821,8935876,0,Wh,Commercial,20.0,False
2025-04-13T09:00:00+08:00,142821,8935906,0,Wh,Commercial,20.0,False
2025-04-13T09:20:00+08:00,142821,8936169,0,Wh,Commercial,20.0,False
2025-04-13T09:40:00+08:00,142821,8936441,0,Wh,Commercial,20.0,False
2025-04-13T10:00:00+08:00,142821,8936749,0,Wh,Commercial,20.0,False
2025-04-13T10:20:00+08:00,142821,8937103,0,Wh,Commercial,20.0,False
2025-04-13T10:40:00+08:00,142821,8937312,0,Wh,Commercial,20.0,False
2025-04-13T11:00:00+08:00,142821,8937692,0,Wh,Commercial,20.0,False
2025-04-13T11:20:00+08:00,142821,8937968,0,Wh,Commercial,20.0,False
2025-04-13T11:40:00+08:00,142821,8938308,0,Wh,Commercial,20.0,False
2025-04-13T12:00:00+08:00,142821,8938664,0,Wh,Commercial,20.0,False
2025-04-13T12:20:00+08:00,142821,8938967,0,Wh,Commercial,20.0,False
2025-04-13T12:40:00+08:00,142821,8939260,0,Wh,Commercial,20.0,False
2025-04-13T13:00:00+08:00,142821,8939594,0,Wh,Commercial,20.0,False
2025-04-13T13:20:00+08:00,142821,8939996,0,Wh,Commercial,20.0,False
2025-04-13T13:40:00+08:00,142821,8940280,0,Wh,Commercial,20.0,False
2025-04-13T14:00:00+08:00,142821,8940858,0,Wh,Commercial,20.0,False
2025-04-13T14:20:00+08:00,142821,8941221,0,Wh,Commercial,20.0,False
2025-04-13T14:40:00+08:00,142821,8941632,0,Wh,Commercial,20.0,False
2025-04-13T15:00:00+08:00,142821,8942037,0,Wh,Commercial,20.0,False
2025-04-13T15:20:00+08:00,142821,8942389,0,Wh,Commercial,20.0,False
2025-04-13T15:40:00+08:00,142821,8942761,0,Wh,Commercial,20.0,False
2025-04-13T16:00:00+08:00,142821,8943040,0,Wh,Commercial,20.0,False
2025-04-13T16:20:00+08:00,142821,8943133,0,Wh,Commercial,20.0,False
2025-04-13T16:40:00+08:00,142821,8943158,0,Wh,Commercial,20.0,False
2025-04-13T17:00:00+08:00,142821,8943181,0,Wh,Commercial,20.0,False
2025-04-13T17:20:00+08:00,142821,8943203,0,Wh,Commercial,20.0,False
2025-04-13T17:40:00+08:00,142821,8943241,0,Wh,Commercial,20.0,False
2025-04-13T18:00:00+08:00,142821,8943282,0,Wh,Commercial,20.0,False
2025-04-13T18:20:00+08:00,142821,8943320,0,Wh,Commercial,20.0,False
2025-04-13T18:40:00+08:00,142821,8943342,0,Wh,Commercial,20.0,False
2025-04-13T19:00:00+08:00,142821,8943364,0,Wh,Commercial,20.0,False
2025-04-13T19:20:00+08:00,142821,8943385,0,Wh,Commercial,20.0,False
2025-04-13T19:40:00+08:00,142821,8943407,0,Wh,Commercial,20.0,False
2025-04-13T20:00:00+08:00,142821,8943431,0,Wh,Commercial,20.0,False
2025-04-13T20:20:00+08:00,142821,8943473,0,Wh,Commercial,20.0,False
2025-04-13T20:40:00+08:00,142821,8943514,0,Wh,Commercial,20.0,False
2025-04-13T21:00:00+08:00,142821,8943546,0,Wh,Commercial,20.0,False
2025-04-13T21:20:00+08:00,142821,8943572,0,Wh,Commercial,20.0,False
2025-04-13T21:40:00+08:00,142821,8943601,0,Wh,Commercial,20.0,False
2025-04-13T22:00:00+08:00,142821,8943629,0,Wh,Commercial,20.0,False
2025-04-13T22:20:00+08:00,142821,8943658,0,Wh,Commercial,20.0,False
2025-04-13T22:40:00+08:00,142821,8943696,0,Wh,Commercial,20.0,False
2025-04-13T23:00:00+08:00,142821,8943744,0,Wh,Commercial,20.0,False
2025-04-13T23:20:00+08:00,142821,8943792,0,Wh,Commercial,20.0,False
2025-04-13T23:40:00+08:00,142821,8943822,0,Wh,Commercial,20.0,False
2025-04-14T00:00:00+08:00,142821,8943851,0,Wh,Commercial,20.0,False
2025-04-14T00:20:00+08:00,142821,8943880,0,Wh,Commercial,20.0,False
2025-04-14T00:40:00+08:00,142821,8943909,0,Wh,Commercial,20.0,False
2025-04-14T01:00:00+08:00,142821,8943938,0,Wh,Commercial,20.0,False
2025-04-14T01:20:00+08:00,142821,8943987,0,Wh,Commercial,20.0,False
2025-04-14T01:40:00+08:00,142821,8944035,0,Wh,Commercial,20.0,False
2025-04-14T02:00:00+08:00,142821,8944075,0,Wh,Commercial,20.0,False
2025-04-14T02:20:00+08:00,142821,8944103,0,Wh,Commercial,20.0,False
2025-04-14T02:40:00+08:00,142821,8944132,0,Wh,Commercial,20.0,False
2025-04-14T03:00:00+08:00,142821,8944161,0,Wh,Commercial,20.0,False
2025-04-14T03:20:00+08:00,142821,8944190,0,Wh,Commercial,20.0,False
2025-04-14T03:40:00+08:00,142821,8944228,0,Wh,Commercial,20.0,False
2025-04-14T04:00:00+08:00,142821,8944276,0,Wh,Commercial,20.0,False
2025-04-14T04:20:00+08:00,142821,8944324,0,Wh,Commercial,20.0,False
2025-04-14T04:40:00+08:00,142821,8944356,0,Wh,Commercial,20.0,False
2025-04-14T05:00:00+08:00,142821,8944384,0,Wh,Commercial,20.0,False
2025-04-14T05:20:00+08:00,142821,8944413,0,Wh,Commercial,20.0,False
2025-04-14T05:40:00+08:00,142821,8944442,0,Wh,Commercial,20.0,False
2025-04-14T06:00:00+08:00,142821,8944470,0,Wh,Commercial,20.0,False
2025-04-14T06:20:00+08:00,142821,8944515,0,Wh,Commercial,20.0,False
2025-04-14T06:40:00+08:00,142821,8944563,0,Wh,Commercial,20.0,False
2025-04-14T07:00:00+08:00,142821,8944607,0,Wh,Commercial,20.0,False
2025-04-14T07:20:00+08:00,142821,8944636,0,Wh,Commercial,20.0,False
2025-04-14T07:40:00+08:00,142821,8944665,0,Wh,Commercial,20.0,False
2025-04-14T08:00:00+08:00,142821,8944693,0,Wh,Commercial,20.0,False
2025-04-14T08:20:00+08:00,142821,8944722,0,Wh,Commercial,20.0,False
2025-04-14T08:40:00+08:00,142821,8944753,0,Wh,Commercial,20.0,False
2025-04-14T09:00:00+08:00,142821,8944801,0,Wh,Commercial,20.0,False
2025-04-14T09:20:00+08:00,142821,8944849,0,Wh,Commercial,20.0,False
2025-04-14T09:40:00+08:00,142821,8944888,0,Wh,Commercial,20.0,False
2025-04-14T10:00:00+08:00,142821,8944919,0,Wh,Commercial,20.0,False
2025-04-14T10:20:00+08:00,142821,8944950,0,Wh,Commercial,20.0,False
2025-04-14T10:40:00+08:00,142821,8944980,0,Wh,Commercial,20.0,False
2025-04-14T11:00:00+08:00,142821,8945011,0,Wh,Commercial,20.0,False
2025-04-14T11:20:00+08:00,142821,8945049,0,Wh,Commercial,20.0,False
2025-04-14T11:40:00+08:00,142821,8945099,0,Wh,Commercial,20.0,False
2025-04-14T12:00:00+08:00,142821,8945148,0,Wh,Commercial,20.0,False
2025-04-14T12:20:00+08:00,142821,8945182,0,Wh,Commercial,20.0,False
2025-04-14T12:40:00+08:00,142821,8945212,0,Wh,Commercial,20.0,False
2025-04-14T13:00:00+08:00,142821,8945243,0,Wh,Commercial,20.0,False
2025-04-14T13:20:00+08:00,142821,8945273,0,Wh,Commercial,20.0,False
2025-04-14T13:40:00+08:00,142821,8945304,0,Wh,Commercial,20.0,False
2025-04-14T14:00:00+08:00,142821,8945351,0,Wh,Commercial,20.0,False
2025-04-14T14:20:00+08:00,142821,8945401,0,Wh,Commercial,20.0,False
2025-04-14T14:40:00+08:00,142821,8945448,0,Wh,Commercial,20.0,False
2025-04-14T15:00:00+08:00,142821,8945478,0,Wh,Commercial,20.0,False
2025-04-14T15:20:00+08:00,142821,8945509,0,Wh,Commercial,20.0,False
2025-04-14T15:40:00+08:00,142821,8945540,0,Wh,Commercial,20.0,False
2025-04-14T16:00:00+08:00,142821,8945568,0,Wh,Commercial,20.0,False
2025-04-14T16:20:00+08:00,142821,8945600,0,Wh,Commercial,20.0,False
2025-04-14T16:40:00+08:00,142821,8945649,0,Wh,Commercial,20.0,False
2025-04-14T17:00:00+08:00,142821,8945697,0,Wh,Commercial,20.0,False
2025-04-14T17:20:00+08:00,142821,8945739,0,Wh,Commercial,20.0,False
2025-04-14T17:40:00+08:00,142821,8945768,0,Wh,Commercial,20.0,False
2025-04-14T18:00:00+08:00,142821,8945796,0,Wh,Commercial,20.0,False
2025-04-14T18:20:00+08:00,142821,8945825,0,Wh,Commercial,20.0,False
2025-04-14T18:40:00+08:00,142821,8945854,0,Wh,Commercial,20.0,False
2025-04-14T19:00:00+08:00,142821,8945890,0,Wh,Commercial,20.0,False
2025-04-14T19:20:00+08:00,142821,8945939,0,Wh,Commercial,20.0,False
2025-04-14T19:40:00+08:00,142821,8945986,0,Wh,Commercial,20.0,False
2025-04-14T20:00:00+08:00,142821,8946023,0,Wh,Commercial,20.0,False
2025-04-14T20:20:00+08:00,142821,8946052,0,Wh,Commercial,20.0,False
2025-04-14T20:40:00+08:00,142821,8946080,0,Wh,Commercial,20.0,False
2025-04-14T21:00:00+08:00,142821,8946109,0,Wh,Commercial,20.0,False
2025-04-14T21:20:00+08:00,142821,8946138,0,Wh,Commercial,20.0,False
2025-04-14T21:40:00+08:00,142821,8946180,0,Wh,Commercial,20.0,False
2025-04-14T22:00:00+08:00,142821,8946229,0,Wh,Commercial,20.0,False
2025-04-14T22:20:00+08:00,142821,8946276,0,Wh,Commercial,20.0,False
2025-04-14T22:40:00+08:00,142821,8946306,0,Wh,Commercial,20.0,False
2025-04-14T23:00:00+08:00,142821,8946335,0,Wh,Commercial,20.0,False
2025-04-14T23:20:00+08:00,142821,8946364,0,Wh,Commercial,20.0,False
2025-04-14T23:40:00+08:00,142821,8946393,0,Wh,Commercial,20.0,False
2025-04-15T00:00:00+08:00,142821,8946423,0,Wh,Commercial,20.0,False
2025-04-07T00:20:00+08:00,142822,14014026,0,Wh,Common Area Lights,20.0,False
2025-04-07T00:40:00+08:00,142822,14014076,0,Wh,Common Area Lights,20.0,False
2025-04-07T01:00:00+08:00,142822,14014115,0,Wh,Common Area Lights,20.0,False
2025-04-07T01:20:00+08:00,142822,14014153,0,Wh,Common Area Lights,20.0,False
2025-04-07T01:40:00+08:00,142822,14014192,0,Wh,Common Area Lights,20.0,False
2025-04-07T02:00:00+08:00,142822,14014231,0,Wh,Common Area Lights,20.0,False
2025-04-07T02:20:00+08:00,142822,14014270,0,Wh,Common Area Lights,20.0,False
2025-04-07T02:40:00+08:00,142822,14014310,0,Wh,Common Area Lights,20.0,False
2025-04-07T03:00:00+08:00,142822,14014349,0,Wh,Common Area Lights,20.0,False
2025-04-07T03:20:00+08:00,142822,14014389,0,Wh,Common Area Lights,20.0,False
2025-04-07T03:40:00+08:00,142822,14014433,0,Wh,Common Area Lights,20.0,False
2025-04-07T04:00:00+08:00,142822,14014483,0,Wh,Common Area Lights,20.0,False
2025-04-07T04:20:00+08:00,142822,14014523,0,Wh,Common Area Lights,20.0,False
2025-04-07T04:40:00+08:00,142822,14014578,0,Wh,Common Area Lights,20.0,False
2025-04-07T05:00:00+08:00,142822,14014644,0,Wh,Common Area Lights,20.0,False
2025-04-07T05:20:00+08:00,142822,14014717,0,Wh,Common Area Lights,20.0,False
2025-04-07T05:40:00+08:00,142822,14014794,0,Wh,Common Area Lights,20.0,False
2025-04-07T06:00:00+08:00,142822,14014953,0,Wh,Common Area Lights,20.0,False
2025-04-07T06:20:00+08:00,142822,14015131,0,Wh,Common Area Lights,20.0,False
2025-04-07T06:40:00+08:00,142822,14015320,0,Wh,Common Area Lights,20.0,False
2025-04-07T07:00:00+08:00,142822,14015494,0,Wh,Common Area Lights,20.0,False
2025-04-07T07:20:00+08:00,142822,14015700,0,Wh,Common Area Lights,20.0,False
2025-04-07T07:40:00+08:00,142822,14015916,0,Wh,Common Area Lights,20.0,False
2025-04-07T08:00:00+08:00,142822,14016070,0,Wh,Common Area Lights,20.0,False
2025-04-07T08:20:00+08:00,142822,14016213,0,Wh,Common Area Lights,20.0,False
2025-04-07T08:40:00+08:00,142822,14016356,0,Wh,Common Area Lights,20.0,False
2025-04-07T09:00:00+08:00,142822,14016499,0,Wh,Common Area Lights,20.0,False
2025-04-07T09:20:00+08:00,142822,14016657,0,Wh,Common Area Lights,20.0,False
2025-04-07T09:40:00+08:00,142822,14016803,0,Wh,Common Area Lights,20.0,False
2025-04-07T10:00:00+08:00,142822,14016945,0,Wh,Common Area Lights,20.0,False
2025-04-07T10:20:00+08:00,142822,14017088,0,Wh,Common Area Lights,20.0,False
2025-04-07T10:40:00+08:00,142822,14017239,0,Wh,Common Area Lights,20.0,False
2025-04-07T11:00:00+08:00,142822,14017396,0,Wh,Common Area Lights,20.0,False
2025-04-07T11:20:00+08:00,142822,14017554,0,Wh,Common Area Lights,20.0,False
2025-04-07T11:40:00+08:00,142822,14017719,0,Wh,Common Area Lights,20.0,False
2025-04-07T12:00:00+08:00,142822,14017896,0,Wh,Common Area Lights,20.0,False
2025-04-07T12:20:00+08:00,142822,14018074,0,Wh,Common Area Lights,20.0,False
2025-04-07T12:40:00+08:00,142822,14018249,0,Wh,Common Area Lights,20.0,False
2025-04-07T13:00:00+08:00,142822,14018416,0,Wh,Common Area Lights,20.0,False
2025-04-07T13:20:00+08:00,142822,14018580,0,Wh,Common Area Lights,20.0,False
2025-04-07T13:40:00+08:00,142822,14018744,0,Wh,Common Area Lights,20.0,False
2025-04-07T14:00:00+08:00,142822,14018906,0,Wh,Common Area Lights,20.0,False
2025-04-07T14:20:00+08:00,142822,14019077,0,Wh,Common Area Lights,20.0,False
2025-04-07T14:40:00+08:00,142822,14019240,0,Wh,Common Area Lights,20.0,False
2025-04-07T15:00:00+08:00,142822,14019401,0,Wh,Common Area Lights,20.0,False
2025-04-07T15:20:00+08:00,142822,14019552,0,Wh,Common Area Lights,20.0,False
2025-04-07T15:40:00+08:00,142822,14019711,0,Wh,Common Area Lights,20.0,False
2025-04-07T16:00:00+08:00,142822,14019855,0,Wh,Common Area Lights,20.0,False
2025-04-07T16:20:00+08:00,142822,14019999,0,Wh,Common Area Lights,20.0,False
2025-04-07T16:40:00+08:00,142822,14020177,0,Wh,Common Area Lights,20.0,False
2025-04-07T17:00:00+08:00,142822,14020362,0,Wh,Common Area Lights,20.0,False
2025-04-07T17:20:00+08:00,142822,14020532,0,Wh,Common Area Lights,20.0,False
2025-04-07T17:40:00+08:00,142822,14020717,0,Wh,Common Area Lights,20.0,False
2025-04-07T18:00:00+08:00,142822,14020912,0,Wh,Common Area Lights,20.0,False
2025-04-07T18:20:00+08:00,142822,14021089,0,Wh,Common Area Lights,20.0,False
2025-04-07T18:40:00+08:00,142822,14021290,0,Wh,Common Area Lights,20.0,False
2025-04-07T19:00:00+08:00,142822,14021424,0,Wh,Common Area Lights,20.0,False
2025-04-07T19:20:00+08:00,142822,14021515,0,Wh,Common Area Lights,20.0,False
2025-04-07T19:40:00+08:00,142822,14021670,0,Wh,Common Area Lights,20.0,False
2025-04-07T20:00:00+08:00,142822,14021819,0,Wh,Common Area Lights,20.0,False
2025-04-07T20:20:00+08:00,142822,14022009,0,Wh,Common Area Lights,20.0,False
2025-04-07T20:40:00+08:00,142822,14022222,0,Wh,Common Area Lights,20.0,False
2025-04-07T21:00:00+08:00,142822,14022376,0,Wh,Common Area Lights,20.0,False
2025-04-07T21:20:00+08:00,142822,14022511,0,Wh,Common Area Lights,20.0,False
2025-04-07T21:40:00+08:00,142822,14022601,0,Wh,Common Area Lights,20.0,False
2025-04-07T22:00:00+08:00,142822,14022649,0,Wh,Common Area Lights,20.0,False
2025-04-07T22:20:00+08:00,142822,14022778,0,Wh,Common Area Lights,20.0,False
2025-04-07T22:40:00+08:00,142822,14022826,0,Wh,Common Area Lights,20.0,False
2025-04-07T23:00:00+08:00,142822,14022873,0,Wh,Common Area Lights,20.0,False
2025-04-07T23:20:00+08:00,142822,14022913,0,Wh,Common Area Lights,20.0,False
2025-04-07T23:40:00+08:00,142822,14022953,0,Wh,Common Area Lights,20.0,False
2025-04-08T00:00:00+08:00,142822,14022993,0,Wh,Common Area Lights,20.0,False
2025-04-08T00:20:00+08:00,142822,14023033,0,Wh,Common Area Lights,20.0,False
2025-04-08T00:40:00+08:00,142822,14023073,0,Wh,Common Area Lights,20.0,False
2025-04-08T01:00:00+08:00,142822,14023150,0,Wh,Common Area Lights,20.0,False
2025-04-08T01:20:00+08:00,142822,14023277,0,Wh,Common Area Lights,20.0,False
2025-04-08T01:40:00+08:00,142822,14023318,0,Wh,Common Area Lights,20.0,False
2025-04-08T02:00:00+08:00,142822,14023358,0,Wh,Common Area Lights,20.0,False
2025-04-08T02:20:00+08:00,142822,14023398,0,Wh,Common Area Lights,20.0,False
2025-04-08T02:40:00+08:00,142822,14023438,0,Wh,Common Area Lights,20.0,False
2025-04-08T03:00:00+08:00,142822,14023478,0,Wh,Common Area Lights,20.0,False
2025-04-08T03:20:00+08:00,142822,14023518,0,Wh,Common Area Lights,20.0,False
2025-04-08T03:40:00+08:00,142822,14023558,0,Wh,Common Area Lights,20.0,False
2025-04-08T04:00:00+08:00,142822,14023598,0,Wh,Common Area Lights,20.0,False
2025-04-08T04:20:00+08:00,142822,14023639,0,Wh,Common Area Lights,20.0,False
2025-04-08T04:40:00+08:00,142822,14023689,0,Wh,Common Area Lights,20.0,False
2025-04-08T05:00:00+08:00,142822,14023737,0,Wh,Common Area Lights,20.0,False
2025-04-08T05:20:00+08:00,142822,14023806,0,Wh,Common Area Lights,20.0,False
2025-04-08T05:40:00+08:00,142822,14023875,0,Wh,Common Area Lights,20.0,False
2025-04-08T06:00:00+08:00,142822,14024063,0,Wh,Common Area Lights,20.0,False
2025-04-08T06:20:00+08:00,142822,14024151,0,Wh,Common Area Lights,20.0,False
2025-04-08T06:40:00+08:00,142822,14024301,0,Wh,Common Area Lights,20.0,False
2025-04-08T07:00:00+08:00,142822,14024445,0,Wh,Common Area Lights,20.0,False
2025-04-08T07:20:00+08:00,142822,14024582,0,Wh,Common Area Lights,20.0,False
2025-04-08T07:40:00+08:00,142822,14024684,0,Wh,Common Area Lights,20.0,False
2025-04-08T08:00:00+08:00,142822,14024726,0,Wh,Common Area Lights,20.0,False
2025-04-08T08:20:00+08:00,142822,14024783,0,Wh,Common Area Lights,20.0,False
2025-04-08T08:40:00+08:00,142822,14024864,0,Wh,Common Area Lights,20.0,False
2025-04-08T09:00:00+08:00,142822,14024927,0,Wh,Common Area Lights,20.0,False
2025-04-08T09:20:00+08:00,142822,14024982,0,Wh,Common Area Lights,20.0,False
2025-04-08T09:40:00+08:00,142822,14025027,0,Wh,Common Area Lights,20.0,False
2025-04-08T10:00:00+08:00,142822,14025072,0,Wh,Common Area Lights,20.0,False
2025-04-08T10:20:00+08:00,142822,14025120,0,Wh,Common Area Lights,20.0,False
2025-04-08T10:40:00+08:00,142822,14025167,0,Wh,Common Area Lights,20.0,False
2025-04-08T11:00:00+08:00,142822,14025215,0,Wh,Common Area Lights,20.0,False
2025-04-08T11:20:00+08:00,142822,14025266,0,Wh,Common Area Lights,20.0,False
2025-04-08T11:40:00+08:00,142822,14025307,0,Wh,Common Area Lights,20.0,False
2025-04-08T12:00:00+08:00,142822,14025360,0,Wh,Common Area Lights,20.0,False
2025-04-08T12:20:00+08:00,142822,14025462,0,Wh,Common Area Lights,20.0,False
2025-04-08T12:40:00+08:00,142822,14025508,0,Wh,Common Area Lights,20.0,False
2025-04-08T13:00:00+08:00,142822,14025556,0,Wh,Common Area Lights,20.0,False
2025-04-08T13:20:00+08:00,142822,14025601,0,Wh,Common Area Lights,20.0,False
2025-04-08T13:40:00+08:00,142822,14025639,0,Wh,Common Area Lights,20.0,False
2025-04-08T14:00:00+08:00,142822,14025676,0,Wh,Common Area Lights,20.0,False
2025-04-08T14:20:00+08:00,142822,14025719,0,Wh,Common Area Lights,20.0,False
2025-04-08T14:40:00+08:00,142822,14025777,0,Wh,Common Area Lights,20.0,False
2025-04-08T15:00:00+08:00,142822,14025827,0,Wh,Common Area Lights,20.0,False
2025-04-08T15:20:00+08:00,142822,14025913,0,Wh,Common Area Lights,20.0,False
2025-04-08T15:40:00+08:00,142822,14025958,0,Wh,Common Area Lights,20.0,False
2025-04-08T16:00:00+08:00,142822,14026009,0,Wh,Common Area Lights,20.0,False
2025-04-08T16:20:00+08:00,142822,14026067,0,Wh,Common Area Lights,20.0,False
2025-04-08T16:40:00+08:00,142822,14026123,0,Wh,Common Area Lights,20.0,False
2025-04-08T17:00:00+08:00,142822,14026215,0,Wh,Common Area Lights,20.0,False
2025-04-08T17:20:00+08:00,142822,14026285,0,Wh,Common Area Lights,20.0,False
2025-04-08T17:40:00+08:00,142822,14026376,0,Wh,Common Area Lights,20.0,False
2025-04-08T18:00:00+08:00,142822,14026510,0,Wh,Common Area Lights,20.0,False
2025-04-08T18:20:00+08:00,142822,14026713,0,Wh,Common Area Lights,20.0,False
2025-04-08T18:40:00+08:00,142822,14026899,0,Wh,Common Area Lights,20.0,False
2025-04-08T19:00:00+08:00,142822,14027073,0,Wh,Common Area Lights,20.0,False
2025-04-08T19:20:00+08:00,142822,14027241,0,Wh,Common Area Lights,20.0,False
2025-04-08T19:40:00+08:00,142822,14027405,0,Wh,Common Area Lights,20.0,False
2025-04-08T20:00:00+08:00,142822,14027543,0,Wh,Common Area Lights,20.0,False
2025-04-08T20:20:00+08:00,142822,14027674,0,Wh,Common Area Lights,20.0,False
2025-04-08T20:40:00+08:00,142822,14027874,0,Wh,Common Area Lights,20.0,False
2025-04-08T21:00:00+08:00,142822,14028035,0,Wh,Common Area Lights,20.0,False
2025-04-08T21:20:00+08:00,142822,14028104,0,Wh,Common Area Lights,20.0,False
2025-04-08T21:40:00+08:00,142822,14028145,0,Wh,Common Area Lights,20.0,False
2025-04-08T22:00:00+08:00,142822,14028190,0,Wh,Common Area Lights,20.0,False
2025-04-08T22:20:00+08:00,142822,14028325,0,Wh,Common Area Lights,20.0,False
2025-04-08T22:40:00+08:00,142822,14028369,0,Wh,Common Area Lights,20.0,False
2025-04-08T23:00:00+08:00,142822,14028415,0,Wh,Common Area Lights,20.0,False
2025-04-08T23:20:00+08:00,142822,14028456,0,Wh,Common Area Lights,20.0,False
2025-04-08T23:40:00+08:00,142822,14028504,0,Wh,Common Area Lights,20.0,False
2025-04-09T00:00:00+08:00,142822,14028612,0,Wh,Common Area Lights,20.0,False
2025-04-09T00:20:00+08:00,142822,14028677,0,Wh,Common Area Lights,20.0,False
2025-04-09T00:40:00+08:00,142822,14028834,0,Wh,Common Area Lights,20.0,False
2025-04-09T01:00:00+08:00,142822,14028882,0,Wh,Common Area Lights,20.0,False
2025-04-09T01:20:00+08:00,142822,14028925,0,Wh,Common Area Lights,20.0,False
2025-04-09T01:40:00+08:00,142822,14028972,0,Wh,Common Area Lights,20.0,False
2025-04-09T02:00:00+08:00,142822,14029010,0,Wh,Common Area Lights,20.0,False
2025-04-09T02:20:00+08:00,142822,14029064,0,Wh,Common Area Lights,20.0,False
2025-04-09T02:40:00+08:00,142822,14029180,0,Wh,Common Area Lights,20.0,False
2025-04-09T03:00:00+08:00,142822,14029220,0,Wh,Common Area Lights,20.0,False
2025-04-09T03:20:00+08:00,142822,14029258,0,Wh,Common Area Lights,20.0,False
2025-04-09T03:40:00+08:00,142822,14029296,0,Wh,Common Area Lights,20.0,False
2025-04-09T04:00:00+08:00,142822,14029344,0,Wh,Common Area Lights,20.0,False
2025-04-09T04:20:00+08:00,142822,14029388,0,Wh,Common Area Lights,20.0,False
2025-04-09T04:40:00+08:00,142822,14029437,0,Wh,Common Area Lights,20.0,False
2025-04-09T05:00:00+08:00,142822,14029477,0,Wh,Common Area Lights,20.0,False
2025-04-09T05:20:00+08:00,142822,14029543,0,Wh,Common Area Lights,20.0,False
2025-04-09T05:40:00+08:00,142822,14029663,0,Wh,Common Area Lights,20.0,False
2025-04-09T06:00:00+08:00,142822,14029803,0,Wh,Common Area Lights,20.0,False
2025-04-09T06:20:00+08:00,142822,14029893,0,Wh,Common Area Lights,20.0,False
2025-04-09T06:40:00+08:00,142822,14030024,0,Wh,Common Area Lights,20.0,False
2025-04-09T07:00:00+08:00,142822,14030092,0,Wh,Common Area Lights,20.0,False
2025-04-09T07:20:00+08:00,142822,14030161,0,Wh,Common Area Lights,20.0,False
2025-04-09T07:40:00+08:00,142822,14030257,0,Wh,Common Area Lights,20.0,False
2025-04-09T08:00:00+08:00,142822,14030323,0,Wh,Common Area Lights,20.0,False
2025-04-09T08:20:00+08:00,142822,14030361,0,Wh,Common Area Lights,20.0,False
2025-04-09T08:40:00+08:00,142822,14030403,0,Wh,Common Area Lights,20.0,False
2025-04-09T09:00:00+08:00,142822,14030487,0,Wh,Common Area Lights,20.0,False
2025-04-09T09:20:00+08:00,142822,14030561,0,Wh,Common Area Lights,20.0,False
2025-04-09T09:40:00+08:00,142822,14030620,0,Wh,Common Area Lights,20.0,False
2025-04-09T10:00:00+08:00,142822,14030657,0,Wh,Common Area Lights,20.0,False
2025-04-09T10:20:00+08:00,142822,14030695,0,Wh,Common Area Lights,20.0,False
2025-04-09T10:40:00+08:00,142822,14030733,0,Wh,Common Area Lights,20.0,False
2025-04-09T11:00:00+08:00,142822,14030770,0,Wh,Common Area Lights,20.0,False
2025-04-09T11:20:00+08:00,142822,14030808,0,Wh,Common Area Lights,20.0,False
2025-04-09T11:40:00+08:00,142822,14030846,0,Wh,Common Area Lights,20.0,False
2025-04-09T12:00:00+08:00,142822,14030893,0,Wh,Common Area Lights,20.0,False
2025-04-09T12:20:00+08:00,142822,14030965,0,Wh,Common Area Lights,20.0,False
2025-04-09T12:40:00+08:00,142822,14031013,0,Wh,Common Area Lights,20.0,False
2025-04-09T13:00:00+08:00,142822,14031062,0,Wh,Common Area Lights,20.0,False
2025-04-09T13:20:00+08:00,142822,14031100,0,Wh,Common Area Lights,20.0,False
2025-04-09T13:40:00+08:00,142822,14031148,0,Wh,Common Area Lights,20.0,False
2025-04-09T14:00:00+08:00,142822,14031204,0,Wh,Common Area Lights,20.0,False
2025-04-09T14:20:00+08:00,142822,14031256,0,Wh,Common Area Lights,20.0,False
2025-04-09T14:40:00+08:00,142822,14031318,0,Wh,Common Area Lights,20.0,False
2025-04-09T15:00:00+08:00,142822,14031398,0,Wh,Common Area Lights,20.0,False
2025-04-09T15:20:00+08:00,142822,14031437,0,Wh,Common Area Lights,20.0,False
2025-04-09T15:40:00+08:00,142822,14031491,0,Wh,Common Area Lights,20.0,False
2025-04-09T16:00:00+08:00,142822,14031549,0,Wh,Common Area Lights,20.0,False
2025-04-09T16:20:00+08:00,142822,14031609,0,Wh,Common Area Lights,20.0,False
2025-04-09T16:40:00+08:00,142822,14031700,0,Wh,Common Area Lights,20.0,False
2025-04-09T17:00:00+08:00,142822,14031769,0,Wh,Common Area Lights,20.0,False
2025-04-09T17:20:00+08:00,142822,14031860,0,Wh,Common Area Lights,20.0,False
2025-04-09T17:40:00+08:00,142822,14031926,0,Wh,Common Area Lights,20.0,False
2025-04-09T18:00:00+08:00,142822,14032010,0,Wh,Common Area Lights,20.0,False
2025-04-09T18:20:00+08:00,142822,14032196,0,Wh,Common Area Lights,20.0,False
2025-04-09T18:40:00+08:00,142822,14032384,0,Wh,Common Area Lights,20.0,False
2025-04-09T19:00:00+08:00,142822,14032572,0,Wh,Common Area Lights,20.0,False
2025-04-09T19:20:00+08:00,142822,14032769,0,Wh,Common Area Lights,20.0,False
2025-04-09T19:40:00+08:00,142822,14032925,0,Wh,Common Area Lights,20.0,False
2025-04-09T20:00:00+08:00,142822,14033033,0,Wh,Common Area Lights,20.0,False
2025-04-09T20:20:00+08:00,142822,14033148,0,Wh,Common Area Lights,20.0,False
2025-04-09T20:40:00+08:00,142822,14033313,0,Wh,Common Area Lights,20.0,False
2025-04-09T21:00:00+08:00,142822,14033469,0,Wh,Common Area Lights,20.0,False
2025-04-09T21:20:00+08:00,142822,14033636,0,Wh,Common Area Lights,20.0,False
2025-04-09T21:40:00+08:00,142822,14033692,0,Wh,Common Area Lights,20.0,False
2025-04-09T22:00:00+08:00,142822,14033741,0,Wh,Common Area Lights,20.0,False
2025-04-09T22:20:00+08:00,142822,14033788,0,Wh,Common Area Lights,20.0,False
2025-04-09T22:40:00+08:00,142822,14033834,0,Wh,Common Area Lights,20.0,False
2025-04-09T23:00:00+08:00,142822,14033883,0,Wh,Common Area Lights,20.0,False
2025-04-09T23:20:00+08:00,142822,14033923,0,Wh,Common Area Lights,20.0,False
2025-04-09T23:40:00+08:00,142822,14033968,0,Wh,Common Area Lights,20.0,False
2025-04-10T00:00:00+08:00,142822,14034014,0,Wh,Common Area Lights,20.0,False
2025-04-10T00:20:00+08:00,142822,14034053,0,Wh,Common Area Lights,20.0,False
2025-04-10T00:40:00+08:00,142822,14034091,0,Wh,Common Area Lights,20.0,False
2025-04-10T01:00:00+08:00,142822,14034129,0,Wh,Common Area Lights,20.0,False
2025-04-10T01:20:00+08:00,142822,14034168,0,Wh,Common Area Lights,20.0,False
2025-04-10T01:40:00+08:00,142822,14034206,0,Wh,Common Area Lights,20.0,False
2025-04-10T02:00:00+08:00,142822,14034244,0,Wh,Common Area Lights,20.0,False
2025-04-10T02:20:00+08:00,142822,14034282,0,Wh,Common Area Lights,20.0,False
2025-04-10T02:40:00+08:00,142822,14034320,0,Wh,Common Area Lights,20.0,False
2025-04-10T03:00:00+08:00,142822,14034359,0,Wh,Common Area Lights,20.0,False
2025-04-10T03:20:00+08:00,142822,14034479,0,Wh,Common Area Lights,20.0,False
2025-04-10T03:40:00+08:00,142822,14034532,0,Wh,Common Area Lights,20.0,False
2025-04-10T04:00:00+08:00,142822,14034593,0,Wh,Common Area Lights,20.0,False
2025-04-10T04:20:00+08:00,142822,14034704,0,Wh,Common Area Lights,20.0,False
2025-04-10T04:40:00+08:00,142822,14034759,0,Wh,Common Area Lights,20.0,False
2025-04-10T05:00:00+08:00,142822,14034821,0,Wh,Common Area Lights,20.0,False
2025-04-10T05:20:00+08:00,142822,14034892,0,Wh,Common Area Lights,20.0,False
2025-04-10T05:40:00+08:00,142822,14035003,0,Wh,Common Area Lights,20.0,False
2025-04-10T06:00:00+08:00,142822,14035190,0,Wh,Common Area Lights,20.0,False
2025-04-10T06:20:00+08:00,142822,14035360,0,Wh,Common Area Lights,20.0,False
2025-04-10T06:40:00+08:00,142822,14035442,0,Wh,Common Area Lights,20.0,False
2025-04-10T07:00:00+08:00,142822,14035605,0,Wh,Common Area Lights,20.0,False
2025-04-10T07:20:00+08:00,142822,14035781,0,Wh,Common Area Lights,20.0,False
2025-04-10T07:40:00+08:00,142822,14035983,0,Wh,Common Area Lights,20.0,False
2025-04-10T08:00:00+08:00,142822,14036128,0,Wh,Common Area Lights,20.0,False
2025-04-10T08:20:00+08:00,142822,14036273,0,Wh,Common Area Lights,20.0,False
2025-04-10T08:40:00+08:00,142822,14036418,0,Wh,Common Area Lights,20.0,False
2025-04-10T09:00:00+08:00,142822,14036566,0,Wh,Common Area Lights,20.0,False
2025-04-10T09:20:00+08:00,142822,14036725,0,Wh,Common Area Lights,20.0,False
2025-04-10T09:40:00+08:00,142822,14036870,0,Wh,Common Area Lights,20.0,False
2025-04-10T10:00:00+08:00,142822,14037029,0,Wh,Common Area Lights,20.0,False
2025-04-10T10:20:00+08:00,142822,14037197,0,Wh,Common Area Lights,20.0,False
2025-04-10T10:40:00+08:00,142822,14037341,0,Wh,Common Area Lights,20.0,False
2025-04-10T11:00:00+08:00,142822,14037484,0,Wh,Common Area Lights,20.0,False
2025-04-10T11:20:00+08:00,142822,14037626,0,Wh,Common Area Lights,20.0,False
2025-04-10T11:40:00+08:00,142822,14037771,0,Wh,Common Area Lights,20.0,False
2025-04-10T12:00:00+08:00,142822,14037930,0,Wh,Common Area Lights,20.0,False
2025-04-10T12:20:00+08:00,142822,14038102,0,Wh,Common Area Lights,20.0,False
2025-04-10T12:40:00+08:00,142822,14038304,0,Wh,Common Area Lights,20.0,False
2025-04-10T13:00:00+08:00,142822,14038461,0,Wh,Common Area Lights,20.0,False
2025-04-10T13:20:00+08:00,142822,14038604,0,Wh,Common Area Lights,20.0,False
2025-04-10T13:40:00+08:00,142822,14038747,0,Wh,Common Area Lights,20.0,False
2025-04-10T14:00:00+08:00,142822,14038889,0,Wh,Common Area Lights,20.0,False
2025-04-10T14:20:00+08:00,142822,14039044,0,Wh,Common Area Lights,20.0,False
2025-04-10T14:40:00+08:00,142822,14039204,0,Wh,Common Area Lights,20.0,False
2025-04-10T15:00:00+08:00,142822,14039360,0,Wh,Common Area Lights,20.0,False
2025-04-10T15:20:00+08:00,142822,14039512,0,Wh,Common Area Lights,20.0,False
2025-04-10T15:40:00+08:00,142822,14039682,0,Wh,Common Area Lights,20.0,False
2025-04-10T16:00:00+08:00,142822,14039856,0,Wh,Common Area Lights,20.0,False
2025-04-10T16:20:00+08:00,142822,14040049,0,Wh,Common Area Lights,20.0,False
2025-04-10T16:40:00+08:00,142822,14040229,0,Wh,Common Area Lights,20.0,False
2025-04-10T17:00:00+08:00,142822,14040378,0,Wh,Common Area Lights,20.0,False
2025-04-10T17:20:00+08:00,142822,14040564,0,Wh,Common Area Lights,20.0,False
2025-04-10T17:40:00+08:00,142822,14040756,0,Wh,Common Area Lights,20.0,False
2025-04-10T18:00:00+08:00,142822,14040964,0,Wh,Common Area Lights,20.0,False
2025-04-10T18:20:00+08:00,142822,14041108,0,Wh,Common Area Lights,20.0,False
2025-04-10T18:40:00+08:00,142822,14041271,0,Wh,Common Area Lights,20.0,False
2025-04-10T19:00:00+08:00,142822,14041468,0,Wh,Common Area Lights,20.0,False
2025-04-10T19:20:00+08:00,142822,14041660,0,Wh,Common Area Lights,20.0,False
2025-04-10T19:40:00+08:00,142822,14041828,0,Wh,Common Area Lights,20.0,False
2025-04-10T20:00:00+08:00,142822,14042012,0,Wh,Common Area Lights,20.0,False
2025-04-10T20:20:00+08:00,142822,14042226,0,Wh,Common Area Lights,20.0,False
2025-04-10T20:40:00+08:00,142822,14042395,0,Wh,Common Area Lights,20.0,False
2025-04-10T21:00:00+08:00,142822,14042548,0,Wh,Common Area Lights,20.0,False
2025-04-10T21:20:00+08:00,142822,14042683,0,Wh,Common Area Lights,20.0,False
2025-04-10T21:40:00+08:00,142822,14042843,0,Wh,Common Area Lights,20.0,False
2025-04-10T22:00:00+08:00,142822,14042967,0,Wh,Common Area Lights,20.0,False
2025-04-10T22:20:00+08:00,142822,14043016,0,Wh,Common Area Lights,20.0,False
2025-04-10T22:40:00+08:00,142822,14043057,0,Wh,Common Area Lights,20.0,False
2025-04-10T23:00:00+08:00,142822,14043101,0,Wh,Common Area Lights,20.0,False
2025-04-10T23:20:00+08:00,142822,14043147,0,Wh,Common Area Lights,20.0,False
2025-04-10T23:40:00+08:00,142822,14043185,0,Wh,Common Area Lights,20.0,False
2025-04-11T00:00:00+08:00,142822,14043224,0,Wh,Common Area Lights,20.0,False
2025-04-11T00:20:00+08:00,142822,14043262,0,Wh,Common Area Lights,20.0,False
2025-04-11T00:40:00+08:00,142822,14043310,0,Wh,Common Area Lights,20.0,False
2025-04-11T01:00:00+08:00,142822,14043431,0,Wh,Common Area Lights,20.0,False
2025-04-11T01:20:00+08:00,142822,14043471,0,Wh,Common Area Lights,20.0,False
2025-04-11T01:40:00+08:00,142822,14043517,0,Wh,Common Area Lights,20.0,False
2025-04-11T02:00:00+08:00,142822,14043561,0,Wh,Common Area Lights,20.0,False
2025-04-11T02:20:00+08:00,142822,14043599,0,Wh,Common Area Lights,20.0,False
2025-04-11T02:40:00+08:00,142822,14043636,0,Wh,Common Area Lights,20.0,False
2025-04-11T03:00:00+08:00,142822,14043674,0,Wh,Common Area Lights,20.0,False
2025-04-11T03:20:00+08:00,142822,14043713,0,Wh,Common Area Lights,20.0,False
2025-04-11T03:40:00+08:00,142822,14043751,0,Wh,Common Area Lights,20.0,False
2025-04-11T04:00:00+08:00,142822,14043789,0,Wh,Common Area Lights,20.0,False
2025-04-11T04:20:00+08:00,142822,14043829,0,Wh,Common Area Lights,20.0,False
2025-04-11T04:40:00+08:00,142822,14043887,0,Wh,Common Area Lights,20.0,False
2025-04-11T05:00:00+08:00,142822,14043934,0,Wh,Common Area Lights,20.0,False
2025-04-11T05:20:00+08:00,142822,14044047,0,Wh,Common Area Lights,20.0,False
2025-04-11T05:40:00+08:00,142822,14044166,0,Wh,Common Area Lights,20.0,False
2025-04-11T06:00:00+08:00,142822,14044347,0,Wh,Common Area Lights,20.0,False
2025-04-11T06:20:00+08:00,142822,14044540,0,Wh,Common Area Lights,20.0,False
2025-04-11T06:40:00+08:00,142822,14044699,0,Wh,Common Area Lights,20.0,False
2025-04-11T07:00:00+08:00,142822,14044862,0,Wh,Common Area Lights,20.0,False
2025-04-11T07:20:00+08:00,142822,14045029,0,Wh,Common Area Lights,20.0,False
2025-04-11T07:40:00+08:00,142822,14045229,0,Wh,Common Area Lights,20.0,False
2025-04-11T08:00:00+08:00,142822,14045396,0,Wh,Common Area Lights,20.0,False
2025-04-11T08:20:00+08:00,142822,14045551,0,Wh,Common Area Lights,20.0,False
2025-04-11T08:40:00+08:00,142822,14045710,0,Wh,Common Area Lights,20.0,False
2025-04-11T09:00:00+08:00,142822,14045870,0,Wh,Common Area Lights,20.0,False
2025-04-11T09:20:00+08:00,142822,14046030,0,Wh,Common Area Lights,20.0,False
2025-04-11T09:40:00+08:00,142822,14046186,0,Wh,Common Area Lights,20.0,False
2025-04-11T10:00:00+08:00,142822,14046340,0,Wh,Common Area Lights,20.0,False
2025-04-11T10:20:00+08:00,142822,14046515,0,Wh,Common Area Lights,20.0,False
2025-04-11T10:40:00+08:00,142822,14046658,0,Wh,Common Area Lights,20.0,False
2025-04-11T11:00:00+08:00,142822,14046800,0,Wh,Common Area Lights,20.0,False
2025-04-11T11:20:00+08:00,142822,14046961,0,Wh,Common Area Lights,20.0,False
2025-04-11T11:40:00+08:00,142822,14047124,0,Wh,Common Area Lights,20.0,False
2025-04-11T12:00:00+08:00,142822,14047323,0,Wh,Common Area Lights,20.0,False
2025-04-11T12:20:00+08:00,142822,14047495,0,Wh,Common Area Lights,20.0,False
2025-04-11T12:40:00+08:00,142822,14047676,0,Wh,Common Area Lights,20.0,False
2025-04-11T13:00:00+08:00,142822,14047838,0,Wh,Common Area Lights,20.0,False
2025-04-11T13:20:00+08:00,142822,14048011,0,Wh,Common Area Lights,20.0,False
2025-04-11T13:40:00+08:00,142822,14048155,0,Wh,Common Area Lights,20.0,False
2025-04-11T14:00:00+08:00,142822,14048329,0,Wh,Common Area Lights,20.0,False
2025-04-11T14:20:00+08:00,142822,14048506,0,Wh,Common Area Lights,20.0,False
2025-04-11T14:40:00+08:00,142822,14048673,0,Wh,Common Area Lights,20.0,False
2025-04-11T15:00:00+08:00,142822,14048816,0,Wh,Common Area Lights,20.0,False
2025-04-11T15:20:00+08:00,142822,14048976,0,Wh,Common Area Lights,20.0,False
2025-04-11T15:40:00+08:00,142822,14049119,0,Wh,Common Area Lights,20.0,False
2025-04-11T16:00:00+08:00,142822,14049287,0,Wh,Common Area Lights,20.0,False
2025-04-11T16:20:00+08:00,142822,14049459,0,Wh,Common Area Lights,20.0,False
2025-04-11T16:40:00+08:00,142822,14049616,0,Wh,Common Area Lights,20.0,False
2025-04-11T17:00:00+08:00,142822,14049792,0,Wh,Common Area Lights,20.0,False
2025-04-11T17:20:00+08:00,142822,14049980,0,Wh,Common Area Lights,20.0,False
2025-04-11T17:40:00+08:00,142822,14050190,0,Wh,Common Area Lights,20.0,False
2025-04-11T18:00:00+08:00,142822,14050378,0,Wh,Common Area Lights,20.0,False
2025-04-11T18:20:00+08:00,142822,14050566,0,Wh,Common Area Lights,20.0,False
2025-04-11T18:40:00+08:00,142822,14050720,0,Wh,Common Area Lights,20.0,False
2025-04-11T19:00:00+08:00,142822,14050874,0,Wh,Common Area Lights,20.0,False
2025-04-11T19:20:00+08:00,142822,14051062,0,Wh,Common Area Lights,20.0,False
2025-04-11T19:40:00+08:00,142822,14051247,0,Wh,Common Area Lights,20.0,False
2025-04-11T20:00:00+08:00,142822,14051426,0,Wh,Common Area Lights,20.0,False
2025-04-11T20:20:00+08:00,142822,14051566,0,Wh,Common Area Lights,20.0,False
2025-04-11T20:40:00+08:00,142822,14051688,0,Wh,Common Area Lights,20.0,False
2025-04-11T21:00:00+08:00,142822,14051863,0,Wh,Common Area Lights,20.0,False
2025-04-11T21:20:00+08:00,142822,14052044,0,Wh,Common Area Lights,20.0,False
2025-04-11T21:40:00+08:00,142822,14052217,0,Wh,Common Area Lights,20.0,False
2025-04-11T22:00:00+08:00,142822,14052358,0,Wh,Common Area Lights,20.0,False
2025-04-11T22:20:00+08:00,142822,14052523,0,Wh,Common Area Lights,20.0,False
2025-04-11T22:40:00+08:00,142822,14052572,0,Wh,Common Area Lights,20.0,False
2025-04-11T23:00:00+08:00,142822,14052621,0,Wh,Common Area Lights,20.0,False
2025-04-11T23:20:00+08:00,142822,14052669,0,Wh,Common Area Lights,20.0,False
2025-04-11T23:40:00+08:00,142822,14052713,0,Wh,Common Area Lights,20.0,False
2025-04-12T00:00:00+08:00,142822,14052762,0,Wh,Common Area Lights,20.0,False
2025-04-12T00:20:00+08:00,142822,14052802,0,Wh,Common Area Lights,20.0,False
2025-04-12T00:40:00+08:00,142822,14052847,0,Wh,Common Area Lights,20.0,False
2025-04-12T01:00:00+08:00,142822,14052892,0,Wh,Common Area Lights,20.0,False
2025-04-12T01:20:00+08:00,142822,14053037,0,Wh,Common Area Lights,20.0,False
2025-04-12T01:40:00+08:00,142822,14053165,0,Wh,Common Area Lights,20.0,False
2025-04-12T02:00:00+08:00,142822,14053203,0,Wh,Common Area Lights,20.0,False
2025-04-12T02:20:00+08:00,142822,14053241,0,Wh,Common Area Lights,20.0,False
2025-04-12T02:40:00+08:00,142822,14053279,0,Wh,Common Area Lights,20.0,False
2025-04-12T03:00:00+08:00,142822,14053318,0,Wh,Common Area Lights,20.0,False
2025-04-12T03:20:00+08:00,142822,14053356,0,Wh,Common Area Lights,20.0,False
2025-04-12T03:40:00+08:00,142822,14053394,0,Wh,Common Area Lights,20.0,False
2025-04-12T04:00:00+08:00,142822,14053433,0,Wh,Common Area Lights,20.0,False
2025-04-12T04:20:00+08:00,142822,14053471,0,Wh,Common Area Lights,20.0,False
2025-04-12T04:40:00+08:00,142822,14053560,0,Wh,Common Area Lights,20.0,False
2025-04-12T05:00:00+08:00,142822,14053643,0,Wh,Common Area Lights,20.0,False
2025-04-12T05:20:00+08:00,142822,14053682,0,Wh,Common Area Lights,20.0,False
2025-04-12T05:40:00+08:00,142822,14053742,0,Wh,Common Area Lights,20.0,False
2025-04-12T06:00:00+08:00,142822,14053896,0,Wh,Common Area Lights,20.0,False
2025-04-12T06:20:00+08:00,142822,14054007,0,Wh,Common Area Lights,20.0,False
2025-04-12T06:40:00+08:00,142822,14054149,0,Wh,Common Area Lights,20.0,False
2025-04-12T07:00:00+08:00,142822,14054292,0,Wh,Common Area Lights,20.0,False
2025-04-12T07:20:00+08:00,142822,14054436,0,Wh,Common Area Lights,20.0,False
2025-04-12T07:40:00+08:00,142822,14054606,0,Wh,Common Area Lights,20.0,False
2025-04-12T08:00:00+08:00,142822,14054787,0,Wh,Common Area Lights,20.0,False
2025-04-12T08:20:00+08:00,142822,14054955,0,Wh,Common Area Lights,20.0,False
2025-04-12T08:40:00+08:00,142822,14055136,0,Wh,Common Area Lights,20.0,False
2025-04-12T09:00:00+08:00,142822,14055353,0,Wh,Common Area Lights,20.0,False
2025-04-12T09:20:00+08:00,142822,14055554,0,Wh,Common Area Lights,20.0,False
2025-04-12T09:40:00+08:00,142822,14055709,0,Wh,Common Area Lights,20.0,False
2025-04-12T10:00:00+08:00,142822,14055874,0,Wh,Common Area Lights,20.0,False
2025-04-12T10:20:00+08:00,142822,14056042,0,Wh,Common Area Lights,20.0,False
2025-04-12T10:40:00+08:00,142822,14056246,0,Wh,Common Area Lights,20.0,False
2025-04-12T11:00:00+08:00,142822,14056428,0,Wh,Common Area Lights,20.0,False
2025-04-12T11:20:00+08:00,142822,14056588,0,Wh,Common Area Lights,20.0,False
2025-04-12T11:40:00+08:00,142822,14056794,0,Wh,Common Area Lights,20.0,False
2025-04-12T12:00:00+08:00,142822,14056965,0,Wh,Common Area Lights,20.0,False
2025-04-12T12:20:00+08:00,142822,14057145,0,Wh,Common Area Lights,20.0,False
2025-04-12T12:40:00+08:00,142822,14057331,0,Wh,Common Area Lights,20.0,False
2025-04-12T13:00:00+08:00,142822,14057520,0,Wh,Common Area Lights,20.0,False
2025-04-12T13:20:00+08:00,142822,14057676,0,Wh,Common Area Lights,20.0,False
2025-04-12T13:40:00+08:00,142822,14057882,0,Wh,Common Area Lights,20.0,False
2025-04-12T14:00:00+08:00,142822,14058044,0,Wh,Common Area Lights,20.0,False
2025-04-12T14:20:00+08:00,142822,14058220,0,Wh,Common Area Lights,20.0,False
2025-04-12T14:40:00+08:00,142822,14058400,0,Wh,Common Area Lights,20.0,False
2025-04-12T15:00:00+08:00,142822,14058557,0,Wh,Common Area Lights,20.0,False
2025-04-12T15:20:00+08:00,142822,14058725,0,Wh,Common Area Lights,20.0,False
2025-04-12T15:40:00+08:00,142822,14058883,0,Wh,Common Area Lights,20.0,False
2025-04-12T16:00:00+08:00,142822,14059027,0,Wh,Common Area Lights,20.0,False
2025-04-12T16:20:00+08:00,142822,14059182,0,Wh,Common Area Lights,20.0,False
2025-04-12T16:40:00+08:00,142822,14059344,0,Wh,Common Area Lights,20.0,False
2025-04-12T17:00:00+08:00,142822,14059490,0,Wh,Common Area Lights,20.0,False
2025-04-12T17:20:00+08:00,142822,14059672,0,Wh,Common Area Lights,20.0,False
2025-04-12T17:40:00+08:00,142822,14059828,0,Wh,Common Area Lights,20.0,False
2025-04-12T18:00:00+08:00,142822,14059999,0,Wh,Common Area Lights,20.0,False
2025-04-12T18:20:00+08:00,142822,14060174,0,Wh,Common Area Lights,20.0,False
2025-04-12T18:40:00+08:00,142822,14060347,0,Wh,Common Area Lights,20.0,False
2025-04-12T19:00:00+08:00,142822,14060524,0,Wh,Common Area Lights,20.0,False
2025-04-12T19:20:00+08:00,142822,14060706,0,Wh,Common Area Lights,20.0,False
2025-04-12T19:40:00+08:00,142822,14060888,0,Wh,Common Area Lights,20.0,False
2025-04-12T20:00:00+08:00,142822,14061052,0,Wh,Common Area Lights,20.0,False
2025-04-12T20:20:00+08:00,142822,14061099,0,Wh,Common Area Lights,20.0,False
2025-04-12T20:40:00+08:00,142822,14061240,0,Wh,Common Area Lights,20.0,False
2025-04-12T21:00:00+08:00,142822,14061419,0,Wh,Common Area Lights,20.0,False
2025-04-12T21:20:00+08:00,142822,14061558,0,Wh,Common Area Lights,20.0,False
2025-04-12T21:40:00+08:00,142822,14061718,0,Wh,Common Area Lights,20.0,False
2025-04-12T22:00:00+08:00,142822,14061876,0,Wh,Common Area Lights,20.0,False
2025-04-12T22:20:00+08:00,142822,14061927,0,Wh,Common Area Lights,20.0,False
2025-04-12T22:40:00+08:00,142822,14061966,0,Wh,Common Area Lights,20.0,False
2025-04-12T23:00:00+08:00,142822,14062004,0,Wh,Common Area Lights,20.0,False
2025-04-12T23:20:00+08:00,142822,14062129,0,Wh,Common Area Lights,20.0,False
2025-04-12T23:40:00+08:00,142822,14062196,0,Wh,Common Area Lights,20.0,False
2025-04-13T00:00:00+08:00,142822,14062234,0,Wh,Common Area Lights,20.0,False
2025-04-13T00:20:00+08:00,142822,14062272,0,Wh,Common Area Lights,20.0,False
2025-04-13T00:40:00+08:00,142822,14062312,0,Wh,Common Area Lights,20.0,False
2025-04-13T01:00:00+08:00,142822,14062360,0,Wh,Common Area Lights,20.0,False
2025-04-13T01:20:00+08:00,142822,14062407,0,Wh,Common Area Lights,20.0,False
2025-04-13T01:40:00+08:00,142822,14062455,0,Wh,Common Area Lights,20.0,False
2025-04-13T02:00:00+08:00,142822,14062494,0,Wh,Common Area Lights,20.0,False
2025-04-13T02:20:00+08:00,142822,14062532,0,Wh,Common Area Lights,20.0,False
2025-04-13T02:40:00+08:00,142822,14062570,0,Wh,Common Area Lights,20.0,False
2025-04-13T03:00:00+08:00,142822,14062617,0,Wh,Common Area Lights,20.0,False
2025-04-13T03:20:00+08:00,142822,14062663,0,Wh,Common Area Lights,20.0,False
2025-04-13T03:40:00+08:00,142822,14062710,0,Wh,Common Area Lights,20.0,False
2025-04-13T04:00:00+08:00,142822,14062758,0,Wh,Common Area Lights,20.0,False
2025-04-13T04:20:00+08:00,142822,14062801,0,Wh,Common Area Lights,20.0,False
2025-04-13T04:40:00+08:00,142822,14062839,0,Wh,Common Area Lights,20.0,False
2025-04-13T05:00:00+08:00,142822,14062887,0,Wh,Common Area Lights,20.0,False
2025-04-13T05:20:00+08:00,142822,14062932,0,Wh,Common Area Lights,20.0,False
2025-04-13T05:40:00+08:00,142822,14062980,0,Wh,Common Area Lights,20.0,False
2025-04-13T06:00:00+08:00,142822,14063027,0,Wh,Common Area Lights,20.0,False
2025-04-13T06:20:00+08:00,142822,14063076,0,Wh,Common Area Lights,20.0,False
2025-04-13T06:40:00+08:00,142822,14063170,0,Wh,Common Area Lights,20.0,False
2025-04-13T07:00:00+08:00,142822,14063315,0,Wh,Common Area Lights,20.0,False
2025-04-13T07:20:00+08:00,142822,14063422,0,Wh,Common Area Lights,20.0,False
2025-04-13T07:40:00+08:00,142822,14063458,0,Wh,Common Area Lights,20.0,False
2025-04-13T08:00:00+08:00,142822,14063517,0,Wh,Common Area Lights,20.0,False
2025-04-13T08:20:00+08:00,142822,14063612,0,Wh,Common Area Lights,20.0,False
2025-04-13T08:40:00+08:00,142822,14063682,0,Wh,Common Area Lights,20.0,False
2025-04-13T09:00:00+08:00,142822,14063756,0,Wh,Common Area Lights,20.0,False
2025-04-13T09:20:00+08:00,142822,14063837,0,Wh,Common Area Lights,20.0,False
2025-04-13T09:40:00+08:00,142822,14063874,0,Wh,Common Area Lights,20.0,False
2025-04-13T10:00:00+08:00,142822,14063912,0,Wh,Common Area Lights,20.0,False
2025-04-13T10:20:00+08:00,142822,14063969,0,Wh,Common Area Lights,20.0,False
2025-04-13T10:40:00+08:00,142822,14064058,0,Wh,Common Area Lights,20.0,False
2025-04-13T11:00:00+08:00,142822,14064134,0,Wh,Common Area Lights,20.0,False
2025-04-13T11:20:00+08:00,142822,14064199,0,Wh,Common Area Lights,20.0,False
2025-04-13T11:40:00+08:00,142822,14064258,0,Wh,Common Area Lights,20.0,False
2025-04-13T12:00:00+08:00,142822,14064308,0,Wh,Common Area Lights,20.0,False
2025-04-13T12:20:00+08:00,142822,14064369,0,Wh,Common Area Lights,20.0,False
2025-04-13T12:40:00+08:00,142822,14064424,0,Wh,Common Area Lights,20.0,False
2025-04-13T13:00:00+08:00,142822,14064502,0,Wh,Common Area Lights,20.0,False
2025-04-13T13:20:00+08:00,142822,14064585,0,Wh,Common Area Lights,20.0,False
2025-04-13T13:40:00+08:00,142822,14064633,0,Wh,Common Area Lights,20.0,False
2025-04-13T14:00:00+08:00,142822,14064690,0,Wh,Common Area Lights,20.0,False
2025-04-13T14:20:00+08:00,142822,14064763,0,Wh,Common Area Lights,20.0,False
2025-04-13T14:40:00+08:00,142822,14064819,0,Wh,Common Area Lights,20.0,False
2025-04-13T15:00:00+08:00,142822,14064864,0,Wh,Common Area Lights,20.0,False
2025-04-13T15:20:00+08:00,142822,14064911,0,Wh,Common Area Lights,20.0,False
2025-04-13T15:40:00+08:00,142822,14064988,0,Wh,Common Area Lights,20.0,False
2025-04-13T16:00:00+08:00,142822,14065025,0,Wh,Common Area Lights,20.0,False
2025-04-13T16:20:00+08:00,142822,14065067,0,Wh,Common Area Lights,20.0,False
2025-04-13T16:40:00+08:00,142822,14065140,0,Wh,Common Area Lights,20.0,False
2025-04-13T17:00:00+08:00,142822,14065180,0,Wh,Common Area Lights,20.0,False
2025-04-13T17:20:00+08:00,142822,14065218,0,Wh,Common Area Lights,20.0,False
2025-04-13T17:40:00+08:00,142822,14065269,0,Wh,Common Area Lights,20.0,False
2025-04-13T18:00:00+08:00,142822,14065426,0,Wh,Common Area Lights,20.0,False
2025-04-13T18:20:00+08:00,142822,14065626,0,Wh,Common Area Lights,20.0,False
2025-04-13T18:40:00+08:00,142822,14065783,0,Wh,Common Area Lights,20.0,False
2025-04-13T19:00:00+08:00,142822,14065979,0,Wh,Common Area Lights,20.0,False
2025-04-13T19:20:00+08:00,142822,14066136,0,Wh,Common Area Lights,20.0,False
2025-04-13T19:40:00+08:00,142822,14066318,0,Wh,Common Area Lights,20.0,False
2025-04-13T20:00:00+08:00,142822,14066497,0,Wh,Common Area Lights,20.0,False
2025-04-13T20:20:00+08:00,142822,14066656,0,Wh,Common Area Lights,20.0,False
2025-04-13T20:40:00+08:00,142822,14066825,0,Wh,Common Area Lights,20.0,False
2025-04-13T21:00:00+08:00,142822,14066874,0,Wh,Common Area Lights,20.0,False
2025-04-13T21:20:00+08:00,142822,14067044,0,Wh,Common Area Lights,20.0,False
2025-04-13T21:40:00+08:00,142822,14067130,0,Wh,Common Area Lights,20.0,False
2025-04-13T22:00:00+08:00,142822,14067279,0,Wh,Common Area Lights,20.0,False
2025-04-13T22:20:00+08:00,142822,14067399,0,Wh,Common Area Lights,20.0,False
2025-04-13T22:40:00+08:00,142822,14067449,0,Wh,Common Area Lights,20.0,False
2025-04-13T23:00:00+08:00,142822,14067501,0,Wh,Common Area Lights,20.0,False
2025-04-13T23:20:00+08:00,142822,14067568,0,Wh,Common Area Lights,20.0,False
2025-04-13T23:40:00+08:00,142822,14067634,0,Wh,Common Area Lights,20.0,False
2025-04-14T00:00:00+08:00,142822,14067701,0,Wh,Common Area Lights,20.0,False
2025-04-14T00:20:00+08:00,142822,14067767,0,Wh,Common Area Lights,20.0,False
2025-04-14T00:40:00+08:00,142822,14067833,0,Wh,Common Area Lights,20.0,False
2025-04-14T01:00:00+08:00,142822,14067974,0,Wh,Common Area Lights,20.0,False
2025-04-14T01:20:00+08:00,142822,14068111,0,Wh,Common Area Lights,20.0,False
2025-04-14T01:40:00+08:00,142822,14068152,0,Wh,Common Area Lights,20.0,False
2025-04-14T02:00:00+08:00,142822,14068191,0,Wh,Common Area Lights,20.0,False
2025-04-14T02:20:00+08:00,142822,14068229,0,Wh,Common Area Lights,20.0,False
2025-04-14T02:40:00+08:00,142822,14068268,0,Wh,Common Area Lights,20.0,False
2025-04-14T03:00:00+08:00,142822,14068306,0,Wh,Common Area Lights,20.0,False
2025-04-14T03:20:00+08:00,142822,14068344,0,Wh,Common Area Lights,20.0,False
2025-04-14T03:40:00+08:00,142822,14068386,0,Wh,Common Area Lights,20.0,False
2025-04-14T04:00:00+08:00,142822,14068434,0,Wh,Common Area Lights,20.0,False
2025-04-14T04:20:00+08:00,142822,14068472,0,Wh,Common Area Lights,20.0,False
2025-04-14T04:40:00+08:00,142822,14068520,0,Wh,Common Area Lights,20.0,False
2025-04-14T05:00:00+08:00,142822,14068580,0,Wh,Common Area Lights,20.0,False
2025-04-14T05:20:00+08:00,142822,14068643,0,Wh,Common Area Lights,20.0,False
2025-04-14T05:40:00+08:00,142822,14068681,0,Wh,Common Area Lights,20.0,False
2025-04-14T06:00:00+08:00,142822,14068872,0,Wh,Common Area Lights,20.0,False
2025-04-14T06:20:00+08:00,142822,14068973,0,Wh,Common Area Lights,20.0,False
2025-04-14T06:40:00+08:00,142822,14069125,0,Wh,Common Area Lights,20.0,False
2025-04-14T07:00:00+08:00,142822,14069269,0,Wh,Common Area Lights,20.0,False
2025-04-14T07:20:00+08:00,142822,14069413,0,Wh,Common Area Lights,20.0,False
2025-04-14T07:40:00+08:00,142822,14069613,0,Wh,Common Area Lights,20.0,False
2025-04-14T08:00:00+08:00,142822,14069774,0,Wh,Common Area Lights,20.0,False
2025-04-14T08:20:00+08:00,142822,14069918,0,Wh,Common Area Lights,20.0,False
2025-04-14T08:40:00+08:00,142822,14070062,0,Wh,Common Area Lights,20.0,False
2025-04-14T09:00:00+08:00,142822,14070205,0,Wh,Common Area Lights,20.0,False
2025-04-14T09:20:00+08:00,142822,14070371,0,Wh,Common Area Lights,20.0,False
2025-04-14T09:40:00+08:00,142822,14070515,0,Wh,Common Area Lights,20.0,False
2025-04-14T10:00:00+08:00,142822,14070658,0,Wh,Common Area Lights,20.0,False
2025-04-14T10:20:00+08:00,142822,14070802,0,Wh,Common Area Lights,20.0,False
2025-04-14T10:40:00+08:00,142822,14070947,0,Wh,Common Area Lights,20.0,False
2025-04-14T11:00:00+08:00,142822,14071111,0,Wh,Common Area Lights,20.0,False
2025-04-14T11:20:00+08:00,142822,14071257,0,Wh,Common Area Lights,20.0,False
2025-04-14T11:40:00+08:00,142822,14071420,0,Wh,Common Area Lights,20.0,False
2025-04-14T12:00:00+08:00,142822,14071580,0,Wh,Common Area Lights,20.0,False
2025-04-14T12:20:00+08:00,142822,14071764,0,Wh,Common Area Lights,20.0,False
2025-04-14T12:40:00+08:00,142822,14071928,0,Wh,Common Area Lights,20.0,False
2025-04-14T13:00:00+08:00,142822,14072078,0,Wh,Common Area Lights,20.0,False
2025-04-14T13:20:00+08:00,142822,14072222,0,Wh,Common Area Lights,20.0,False
2025-04-14T13:40:00+08:00,142822,14072383,0,Wh,Common Area Lights,20.0,False
2025-04-14T14:00:00+08:00,142822,14072528,0,Wh,Common Area Lights,20.0,False
2025-04-14T14:20:00+08:00,142822,14072675,0,Wh,Common Area Lights,20.0,False
2025-04-14T14:40:00+08:00,142822,14072839,0,Wh,Common Area Lights,20.0,False
2025-04-14T15:00:00+08:00,142822,14072989,0,Wh,Common Area Lights,20.0,False
2025-04-14T15:20:00+08:00,142822,14073147,0,Wh,Common Area Lights,20.0,False
2025-04-14T15:40:00+08:00,142822,14073320,0,Wh,Common Area Lights,20.0,False
2025-04-14T16:00:00+08:00,142822,14073488,0,Wh,Common Area Lights,20.0,False
2025-04-14T16:20:00+08:00,142822,14073694,0,Wh,Common Area Lights,20.0,False
2025-04-14T16:40:00+08:00,142822,14073900,0,Wh,Common Area Lights,20.0,False
2025-04-14T17:00:00+08:00,142822,14074086,0,Wh,Common Area Lights,20.0,False
2025-04-14T17:20:00+08:00,142822,14074295,0,Wh,Common Area Lights,20.0,False
2025-04-14T17:40:00+08:00,142822,14074496,0,Wh,Common Area Lights,20.0,False
2025-04-14T18:00:00+08:00,142822,14074658,0,Wh,Common Area Lights,20.0,False
2025-04-14T18:20:00+08:00,142822,14074827,0,Wh,Common Area Lights,20.0,False
2025-04-14T18:40:00+08:00,142822,14074988,0,Wh,Common Area Lights,20.0,False
2025-04-14T19:00:00+08:00,142822,14075136,0,Wh,Common Area Lights,20.0,False
2025-04-14T19:20:00+08:00,142822,14075212,0,Wh,Common Area Lights,20.0,False
2025-04-14T19:40:00+08:00,142822,14075380,0,Wh,Common Area Lights,20.0,False
2025-04-14T20:00:00+08:00,142822,14075493,0,Wh,Common Area Lights,20.0,False
2025-04-14T20:20:00+08:00,142822,14075583,0,Wh,Common Area Lights,20.0,False
2025-04-14T20:40:00+08:00,142822,14075757,0,Wh,Common Area Lights,20.0,False
2025-04-14T21:00:00+08:00,142822,14075941,0,Wh,Common Area Lights,20.0,False
2025-04-14T21:20:00+08:00,142822,14075989,0,Wh,Common Area Lights,20.0,False
2025-04-14T21:40:00+08:00,142822,14076038,0,Wh,Common Area Lights,20.0,False
2025-04-14T22:00:00+08:00,142822,14076078,0,Wh,Common Area Lights,20.0,False
2025-04-14T22:20:00+08:00,142822,14076126,0,Wh,Common Area Lights,20.0,False
2025-04-14T22:40:00+08:00,142822,14076166,0,Wh,Common Area Lights,20.0,False
2025-04-14T23:00:00+08:00,142822,14076205,0,Wh,Common Area Lights,20.0,False
2025-04-14T23:20:00+08:00,142822,14076333,0,Wh,Common Area Lights,20.0,False
2025-04-14T23:40:00+08:00,142822,14076377,0,Wh,Common Area Lights,20.0,False
2025-04-15T00:00:00+08:00,142822,14076493,0,Wh,Common Area Lights,20.0,False
2025-04-07T00:20:00+08:00,142823,12290232,0,Wh,Common Area,20.0,False
2025-04-07T00:40:00+08:00,142823,12290327,0,Wh,Common Area,20.0,False
2025-04-07T01:00:00+08:00,142823,12290422,0,Wh,Common Area,20.0,False
2025-04-07T01:20:00+08:00,142823,12290516,0,Wh,Common Area,20.0,False
2025-04-07T01:40:00+08:00,142823,12290611,0,Wh,Common Area,20.0,False
2025-04-07T02:00:00+08:00,142823,12290706,0,Wh,Common Area,20.0,False
2025-04-07T02:20:00+08:00,142823,12290801,0,Wh,Common Area,20.0,False
2025-04-07T02:40:00+08:00,142823,12290896,0,Wh,Common Area,20.0,False
2025-04-07T03:00:00+08:00,142823,12290991,0,Wh,Common Area,20.0,False
2025-04-07T03:20:00+08:00,142823,12291086,0,Wh,Common Area,20.0,False
2025-04-07T03:40:00+08:00,142823,12291181,0,Wh,Common Area,20.0,False
2025-04-07T04:00:00+08:00,142823,12291276,0,Wh,Common Area,20.0,False
2025-04-07T04:20:00+08:00,142823,12291371,0,Wh,Common Area,20.0,False
2025-04-07T04:40:00+08:00,142823,12291474,0,Wh,Common Area,20.0,False
2025-04-07T05:00:00+08:00,142823,12291585,0,Wh,Common Area,20.0,False
2025-04-07T05:20:00+08:00,142823,12291681,0,Wh,Common Area,20.0,False
2025-04-07T05:40:00+08:00,142823,12291776,0,Wh,Common Area,20.0,False
2025-04-07T06:00:00+08:00,142823,12291871,0,Wh,Common Area,20.0,False
2025-04-07T06:20:00+08:00,142823,12291983,0,Wh,Common Area,20.0,False
2025-04-07T06:40:00+08:00,142823,12292098,0,Wh,Common Area,20.0,False
2025-04-07T07:00:00+08:00,142823,12292205,0,Wh,Common Area,20.0,False
2025-04-07T07:20:00+08:00,142823,12292299,0,Wh,Common Area,20.0,False
2025-04-07T07:40:00+08:00,142823,12292403,0,Wh,Common Area,20.0,False
2025-04-07T08:00:00+08:00,142823,12292495,0,Wh,Common Area,20.0,False
2025-04-07T08:20:00+08:00,142823,12292588,0,Wh,Common Area,20.0,False
2025-04-07T08:40:00+08:00,142823,12292681,0,Wh,Common Area,20.0,False
2025-04-07T09:00:00+08:00,142823,12292774,0,Wh,Common Area,20.0,False
2025-04-07T09:20:00+08:00,142823,12292874,0,Wh,Common Area,20.0,False
2025-04-07T09:40:00+08:00,142823,12292967,0,Wh,Common Area,20.0,False
2025-04-07T10:00:00+08:00,142823,12293060,0,Wh,Common Area,20.0,False
2025-04-07T10:20:00+08:00,142823,12293153,0,Wh,Common Area,20.0,False
2025-04-07T10:40:00+08:00,142823,12293247,0,Wh,Common Area,20.0,False
2025-04-07T11:00:00+08:00,142823,12293341,0,Wh,Common Area,20.0,False
2025-04-07T11:20:00+08:00,142823,12293434,0,Wh,Common Area,20.0,False
2025-04-07T11:40:00+08:00,142823,12293527,0,Wh,Common Area,20.0,False
2025-04-07T12:00:00+08:00,142823,12293622,0,Wh,Common Area,20.0,False
2025-04-07T12:20:00+08:00,142823,12293734,0,Wh,Common Area,20.0,False
2025-04-07T12:40:00+08:00,142823,12293827,0,Wh,Common Area,20.0,False
2025-04-07T13:00:00+08:00,142823,12293920,0,Wh,Common Area,20.0,False
2025-04-07T13:20:00+08:00,142823,12294013,0,Wh,Common Area,20.0,False
2025-04-07T13:40:00+08:00,142823,12294106,0,Wh,Common Area,20.0,False
2025-04-07T14:00:00+08:00,142823,12294209,0,Wh,Common Area,20.0,False
2025-04-07T14:20:00+08:00,142823,12294317,0,Wh,Common Area,20.0,False
2025-04-07T14:40:00+08:00,142823,12294421,0,Wh,Common Area,20.0,False
2025-04-07T15:00:00+08:00,142823,12294521,0,Wh,Common Area,20.0,False
2025-04-07T15:20:00+08:00,142823,12294624,0,Wh,Common Area,20.0,False
2025-04-07T15:40:00+08:00,142823,12294714,0,Wh,Common Area,20.0,False
2025-04-07T16:00:00+08:00,142823,12294802,0,Wh,Common Area,20.0,False
2025-04-07T16:20:00+08:00,142823,12294891,0,Wh,Common Area,20.0,False
2025-04-07T16:40:00+08:00,142823,12295001,0,Wh,Common Area,20.0,False
2025-04-07T17:00:00+08:00,142823,12295101,0,Wh,Common Area,20.0,False
2025-04-07T17:20:00+08:00,142823,12295206,0,Wh,Common Area,20.0,False
2025-04-07T17:40:00+08:00,142823,12295374,0,Wh,Common Area,20.0,False
2025-04-07T18:00:00+08:00,142823,12295461,0,Wh,Common Area,20.0,False
2025-04-07T18:20:00+08:00,142823,12295557,0,Wh,Common Area,20.0,False
2025-04-07T18:40:00+08:00,142823,12295657,0,Wh,Common Area,20.0,False
2025-04-07T19:00:00+08:00,142823,12295747,0,Wh,Common Area,20.0,False
2025-04-07T19:20:00+08:00,142823,12295847,0,Wh,Common Area,20.0,False
2025-04-07T19:40:00+08:00,142823,12295937,0,Wh,Common Area,20.0,False
2025-04-07T20:00:00+08:00,142823,12296038,0,Wh,Common Area,20.0,False
2025-04-07T20:20:00+08:00,142823,12296152,0,Wh,Common Area,20.0,False
2025-04-07T20:40:00+08:00,142823,12296241,0,Wh,Common Area,20.0,False
2025-04-07T21:00:00+08:00,142823,12296331,0,Wh,Common Area,20.0,False
2025-04-07T21:20:00+08:00,142823,12296420,0,Wh,Common Area,20.0,False
2025-04-07T21:40:00+08:00,142823,12296510,0,Wh,Common Area,20.0,False
2025-04-07T22:00:00+08:00,142823,12296600,0,Wh,Common Area,20.0,False
2025-04-07T22:20:00+08:00,142823,12296690,0,Wh,Common Area,20.0,False
2025-04-07T22:40:00+08:00,142823,12296780,0,Wh,Common Area,20.0,False
2025-04-07T23:00:00+08:00,142823,12296870,0,Wh,Common Area,20.0,False
2025-04-07T23:20:00+08:00,142823,12296960,0,Wh,Common Area,20.0,False
2025-04-07T23:40:00+08:00,142823,12297051,0,Wh,Common Area,20.0,False
2025-04-08T00:00:00+08:00,142823,12297141,0,Wh,Common Area,20.0,False
2025-04-08T00:20:00+08:00,142823,12297230,0,Wh,Common Area,20.0,False
2025-04-08T00:40:00+08:00,142823,12297320,0,Wh,Common Area,20.0,False
2025-04-08T01:00:00+08:00,142823,12297409,0,Wh,Common Area,20.0,False
2025-04-08T01:20:00+08:00,142823,12297499,0,Wh,Common Area,20.0,False
2025-04-08T01:40:00+08:00,142823,12297589,0,Wh,Common Area,20.0,False
2025-04-08T02:00:00+08:00,142823,12297679,0,Wh,Common Area,20.0,False
2025-04-08T02:20:00+08:00,142823,12297770,0,Wh,Common Area,20.0,False
2025-04-08T02:40:00+08:00,142823,12297860,0,Wh,Common Area,20.0,False
2025-04-08T03:00:00+08:00,142823,12297950,0,Wh,Common Area,20.0,False
2025-04-08T03:20:00+08:00,142823,12298041,0,Wh,Common Area,20.0,False
2025-04-08T03:40:00+08:00,142823,12298131,0,Wh,Common Area,20.0,False
2025-04-08T04:00:00+08:00,142823,12298221,0,Wh,Common Area,20.0,False
2025-04-08T04:20:00+08:00,142823,12298312,0,Wh,Common Area,20.0,False
2025-04-08T04:40:00+08:00,142823,12298402,0,Wh,Common Area,20.0,False
2025-04-08T05:00:00+08:00,142823,12298492,0,Wh,Common Area,20.0,False
2025-04-08T05:20:00+08:00,142823,12298589,0,Wh,Common Area,20.0,False
2025-04-08T05:40:00+08:00,142823,12298691,0,Wh,Common Area,20.0,False
2025-04-08T06:00:00+08:00,142823,12298791,0,Wh,Common Area,20.0,False
2025-04-08T06:20:00+08:00,142823,12298881,0,Wh,Common Area,20.0,False
2025-04-08T06:40:00+08:00,142823,12298969,0,Wh,Common Area,20.0,False
2025-04-08T07:00:00+08:00,142823,12299057,0,Wh,Common Area,20.0,False
2025-04-08T07:20:00+08:00,142823,12299145,0,Wh,Common Area,20.0,False
2025-04-08T07:40:00+08:00,142823,12299244,0,Wh,Common Area,20.0,False
2025-04-08T08:00:00+08:00,142823,12299333,0,Wh,Common Area,20.0,False
2025-04-08T08:20:00+08:00,142823,12299442,0,Wh,Common Area,20.0,False
2025-04-08T08:40:00+08:00,142823,12299531,0,Wh,Common Area,20.0,False
2025-04-08T09:00:00+08:00,142823,12299629,0,Wh,Common Area,20.0,False
2025-04-08T09:20:00+08:00,142823,12299727,0,Wh,Common Area,20.0,False
2025-04-08T09:40:00+08:00,142823,12299813,0,Wh,Common Area,20.0,False
2025-04-08T10:00:00+08:00,142823,12299913,0,Wh,Common Area,20.0,False
2025-04-08T10:20:00+08:00,142823,12300001,0,Wh,Common Area,20.0,False
2025-04-08T10:40:00+08:00,142823,12300088,0,Wh,Common Area,20.0,False
2025-04-08T11:00:00+08:00,142823,12300184,0,Wh,Common Area,20.0,False
2025-04-08T11:20:00+08:00,142823,12300272,0,Wh,Common Area,20.0,False
2025-04-08T11:40:00+08:00,142823,12300360,0,Wh,Common Area,20.0,False
2025-04-08T12:00:00+08:00,142823,12300449,0,Wh,Common Area,20.0,False
2025-04-08T12:20:00+08:00,142823,12300545,0,Wh,Common Area,20.0,False
2025-04-08T12:40:00+08:00,142823,12300632,0,Wh,Common Area,20.0,False
2025-04-08T13:00:00+08:00,142823,12300727,0,Wh,Common Area,20.0,False
2025-04-08T13:20:00+08:00,142823,12300814,0,Wh,Common Area,20.0,False
2025-04-08T13:40:00+08:00,142823,12300902,0,Wh,Common Area,20.0,False
2025-04-08T14:00:00+08:00,142823,12300989,0,Wh,Common Area,20.0,False
2025-04-08T14:20:00+08:00,142823,12301078,0,Wh,Common Area,20.0,False
2025-04-08T14:40:00+08:00,142823,12301164,0,Wh,Common Area,20.0,False
2025-04-08T15:00:00+08:00,142823,12301250,0,Wh,Common Area,20.0,False
2025-04-08T15:20:00+08:00,142823,12301347,0,Wh,Common Area,20.0,False
2025-04-08T15:40:00+08:00,142823,12301435,0,Wh,Common Area,20.0,False
2025-04-08T16:00:00+08:00,142823,12301527,0,Wh,Common Area,20.0,False
2025-04-08T16:20:00+08:00,142823,12301641,0,Wh,Common Area,20.0,False
2025-04-08T16:40:00+08:00,142823,12301740,0,Wh,Common Area,20.0,False
2025-04-08T17:00:00+08:00,142823,12301836,0,Wh,Common Area,20.0,False
2025-04-08T17:20:00+08:00,142823,12301939,0,Wh,Common Area,20.0,False
2025-04-08T17:40:00+08:00,142823,12302115,0,Wh,Common Area,20.0,False
2025-04-08T18:00:00+08:00,142823,12302212,0,Wh,Common Area,20.0,False
2025-04-08T18:20:00+08:00,142823,12302303,0,Wh,Common Area,20.0,False
2025-04-08T18:40:00+08:00,142823,12302403,0,Wh,Common Area,20.0,False
2025-04-08T19:00:00+08:00,142823,12302501,0,Wh,Common Area,20.0,False
2025-04-08T19:20:00+08:00,142823,12302589,0,Wh,Common Area,20.0,False
2025-04-08T19:40:00+08:00,142823,12302689,0,Wh,Common Area,20.0,False
2025-04-08T20:00:00+08:00,142823,12302790,0,Wh,Common Area,20.0,False
2025-04-08T20:20:00+08:00,142823,12302896,0,Wh,Common Area,20.0,False
2025-04-08T20:40:00+08:00,142823,12302994,0,Wh,Common Area,20.0,False
2025-04-08T21:00:00+08:00,142823,12303083,0,Wh,Common Area,20.0,False
2025-04-08T21:20:00+08:00,142823,12303173,0,Wh,Common Area,20.0,False
2025-04-08T21:40:00+08:00,142823,12303263,0,Wh,Common Area,20.0,False
2025-04-08T22:00:00+08:00,142823,12303353,0,Wh,Common Area,20.0,False
2025-04-08T22:20:00+08:00,142823,12303442,0,Wh,Common Area,20.0,False
2025-04-08T22:40:00+08:00,142823,12303532,0,Wh,Common Area,20.0,False
2025-04-08T23:00:00+08:00,142823,12303622,0,Wh,Common Area,20.0,False
2025-04-08T23:20:00+08:00,142823,12303712,0,Wh,Common Area,20.0,False
2025-04-08T23:40:00+08:00,142823,12303801,0,Wh,Common Area,20.0,False
2025-04-09T00:00:00+08:00,142823,12303890,0,Wh,Common Area,20.0,False
2025-04-09T00:20:00+08:00,142823,12303980,0,Wh,Common Area,20.0,False
2025-04-09T00:40:00+08:00,142823,12304084,0,Wh,Common Area,20.0,False
2025-04-09T01:00:00+08:00,142823,12304172,0,Wh,Common Area,20.0,False
2025-04-09T01:20:00+08:00,142823,12304261,0,Wh,Common Area,20.0,False
2025-04-09T01:40:00+08:00,142823,12304349,0,Wh,Common Area,20.0,False
2025-04-09T02:00:00+08:00,142823,12304438,0,Wh,Common Area,20.0,False
2025-04-09T02:20:00+08:00,142823,12304527,0,Wh,Common Area,20.0,False
2025-04-09T02:40:00+08:00,142823,12304615,0,Wh,Common Area,20.0,False
2025-04-09T03:00:00+08:00,142823,12304704,0,Wh,Common Area,20.0,False
2025-04-09T03:20:00+08:00,142823,12304793,0,Wh,Common Area,20.0,False
2025-04-09T03:40:00+08:00,142823,12304882,0,Wh,Common Area,20.0,False
2025-04-09T04:00:00+08:00,142823,12304971,0,Wh,Common Area,20.0,False
2025-04-09T04:20:00+08:00,142823,12305059,0,Wh,Common Area,20.0,False
2025-04-09T04:40:00+08:00,142823,12305148,0,Wh,Common Area,20.0,False
2025-04-09T05:00:00+08:00,142823,12305237,0,Wh,Common Area,20.0,False
2025-04-09T05:20:00+08:00,142823,12305333,0,Wh,Common Area,20.0,False
2025-04-09T05:40:00+08:00,142823,12305435,0,Wh,Common Area,20.0,False
2025-04-09T06:00:00+08:00,142823,12305531,0,Wh,Common Area,20.0,False
2025-04-09T06:20:00+08:00,142823,12305640,0,Wh,Common Area,20.0,False
2025-04-09T06:40:00+08:00,142823,12305728,0,Wh,Common Area,20.0,False
2025-04-09T07:00:00+08:00,142823,12305854,0,Wh,Common Area,20.0,False
2025-04-09T07:20:00+08:00,142823,12305947,0,Wh,Common Area,20.0,False
2025-04-09T07:40:00+08:00,142823,12306037,0,Wh,Common Area,20.0,False
2025-04-09T08:00:00+08:00,142823,12306134,0,Wh,Common Area,20.0,False
2025-04-09T08:20:00+08:00,142823,12306223,0,Wh,Common Area,20.0,False
2025-04-09T08:40:00+08:00,142823,12306314,0,Wh,Common Area,20.0,False
2025-04-09T09:00:00+08:00,142823,12306401,0,Wh,Common Area,20.0,False
2025-04-09T09:20:00+08:00,142823,12306508,0,Wh,Common Area,20.0,False
2025-04-09T09:40:00+08:00,142823,12306596,0,Wh,Common Area,20.0,False
2025-04-09T10:00:00+08:00,142823,12306684,0,Wh,Common Area,20.0,False
2025-04-09T10:20:00+08:00,142823,12306772,0,Wh,Common Area,20.0,False
2025-04-09T10:40:00+08:00,142823,12306860,0,Wh,Common Area,20.0,False
2025-04-09T11:00:00+08:00,142823,12306947,0,Wh,Common Area,20.0,False
2025-04-09T11:20:00+08:00,142823,12307035,0,Wh,Common Area,20.0,False
2025-04-09T11:40:00+08:00,142823,12307123,0,Wh,Common Area,20.0,False
2025-04-09T12:00:00+08:00,142823,12307222,0,Wh,Common Area,20.0,False
2025-04-09T12:20:00+08:00,142823,12307321,0,Wh,Common Area,20.0,False
2025-04-09T12:40:00+08:00,142823,12307419,0,Wh,Common Area,20.0,False
2025-04-09T13:00:00+08:00,142823,12307506,0,Wh,Common Area,20.0,False
2025-04-09T13:20:00+08:00,142823,12307593,0,Wh,Common Area,20.0,False
2025-04-09T13:40:00+08:00,142823,12307699,0,Wh,Common Area,20.0,False
2025-04-09T14:00:00+08:00,142823,12307797,0,Wh,Common Area,20.0,False
2025-04-09T14:20:00+08:00,142823,12307884,0,Wh,Common Area,20.0,False
2025-04-09T14:40:00+08:00,142823,12307982,0,Wh,Common Area,20.0,False
2025-04-09T15:00:00+08:00,142823,12308069,0,Wh,Common Area,20.0,False
2025-04-09T15:20:00+08:00,142823,12308162,0,Wh,Common Area,20.0,False
2025-04-09T15:40:00+08:00,142823,12308250,0,Wh,Common Area,20.0,False
2025-04-09T16:00:00+08:00,142823,12308378,0,Wh,Common Area,20.0,False
2025-04-09T16:20:00+08:00,142823,12308466,0,Wh,Common Area,20.0,False
2025-04-09T16:40:00+08:00,142823,12308580,0,Wh,Common Area,20.0,False
2025-04-09T17:00:00+08:00,142823,12308690,0,Wh,Common Area,20.0,False
2025-04-09T17:20:00+08:00,142823,12308799,0,Wh,Common Area,20.0,False
2025-04-09T17:40:00+08:00,142823,12308910,0,Wh,Common Area,20.0,False
2025-04-09T18:00:00+08:00,142823,12309019,0,Wh,Common Area,20.0,False
2025-04-09T18:20:00+08:00,142823,12309123,0,Wh,Common Area,20.0,False
2025-04-09T18:40:00+08:00,142823,12309232,0,Wh,Common Area,20.0,False
2025-04-09T19:00:00+08:00,142823,12309332,0,Wh,Common Area,20.0,False
2025-04-09T19:20:00+08:00,142823,12309435,0,Wh,Common Area,20.0,False
2025-04-09T19:40:00+08:00,142823,12309530,0,Wh,Common Area,20.0,False
2025-04-09T20:00:00+08:00,142823,12309632,0,Wh,Common Area,20.0,False
2025-04-09T20:20:00+08:00,142823,12309728,0,Wh,Common Area,20.0,False
2025-04-09T20:40:00+08:00,142823,12309823,0,Wh,Common Area,20.0,False
2025-04-09T21:00:00+08:00,142823,12309918,0,Wh,Common Area,20.0,False
2025-04-09T21:20:00+08:00,142823,12310024,0,Wh,Common Area,20.0,False
2025-04-09T21:40:00+08:00,142823,12310119,0,Wh,Common Area,20.0,False
2025-04-09T22:00:00+08:00,142823,12310214,0,Wh,Common Area,20.0,False
2025-04-09T22:20:00+08:00,142823,12310310,0,Wh,Common Area,20.0,False
2025-04-09T22:40:00+08:00,142823,12310405,0,Wh,Common Area,20.0,False
2025-04-09T23:00:00+08:00,142823,12310501,0,Wh,Common Area,20.0,False
2025-04-09T23:20:00+08:00,142823,12310597,0,Wh,Common Area,20.0,False
2025-04-09T23:40:00+08:00,142823,12310692,0,Wh,Common Area,20.0,False
2025-04-10T00:00:00+08:00,142823,12310788,0,Wh,Common Area,20.0,False
2025-04-10T00:20:00+08:00,142823,12310883,0,Wh,Common Area,20.0,False
2025-04-10T00:40:00+08:00,142823,12310978,0,Wh,Common Area,20.0,False
2025-04-10T01:00:00+08:00,142823,12311074,0,Wh,Common Area,20.0,False
2025-04-10T01:20:00+08:00,142823,12311169,0,Wh,Common Area,20.0,False
2025-04-10T01:40:00+08:00,142823,12311264,0,Wh,Common Area,20.0,False
2025-04-10T02:00:00+08:00,142823,12311359,0,Wh,Common Area,20.0,False
2025-04-10T02:20:00+08:00,142823,12311454,0,Wh,Common Area,20.0,False
2025-04-10T02:40:00+08:00,142823,12311550,0,Wh,Common Area,20.0,False
2025-04-10T03:00:00+08:00,142823,12311645,0,Wh,Common Area,20.0,False
2025-04-10T03:20:00+08:00,142823,12311740,0,Wh,Common Area,20.0,False
2025-04-10T03:40:00+08:00,142823,12311835,0,Wh,Common Area,20.0,False
2025-04-10T04:00:00+08:00,142823,12311931,0,Wh,Common Area,20.0,False
2025-04-10T04:20:00+08:00,142823,12312026,0,Wh,Common Area,20.0,False
2025-04-10T04:40:00+08:00,142823,12312130,0,Wh,Common Area,20.0,False
2025-04-10T05:00:00+08:00,142823,12312231,0,Wh,Common Area,20.0,False
2025-04-10T05:20:00+08:00,142823,12312328,0,Wh,Common Area,20.0,False
2025-04-10T05:40:00+08:00,142823,12312434,0,Wh,Common Area,20.0,False
2025-04-10T06:00:00+08:00,142823,12312538,0,Wh,Common Area,20.0,False
2025-04-10T06:20:00+08:00,142823,12312633,0,Wh,Common Area,20.0,False
2025-04-10T06:40:00+08:00,142823,12312735,0,Wh,Common Area,20.0,False
2025-04-10T07:00:00+08:00,142823,12312842,0,Wh,Common Area,20.0,False
2025-04-10T07:20:00+08:00,142823,12312945,0,Wh,Common Area,20.0,False
2025-04-10T07:40:00+08:00,142823,12313041,0,Wh,Common Area,20.0,False
2025-04-10T08:00:00+08:00,142823,12313135,0,Wh,Common Area,20.0,False
2025-04-10T08:20:00+08:00,142823,12313229,0,Wh,Common Area,20.0,False
2025-04-10T08:40:00+08:00,142823,12313323,0,Wh,Common Area,20.0,False
2025-04-10T09:00:00+08:00,142823,12313420,0,Wh,Common Area,20.0,False
2025-04-10T09:20:00+08:00,142823,12313513,0,Wh,Common Area,20.0,False
2025-04-10T09:40:00+08:00,142823,12313606,0,Wh,Common Area,20.0,False
2025-04-10T10:00:00+08:00,142823,12313705,0,Wh,Common Area,20.0,False
2025-04-10T10:20:00+08:00,142823,12313807,0,Wh,Common Area,20.0,False
2025-04-10T10:40:00+08:00,142823,12313895,0,Wh,Common Area,20.0,False
2025-04-10T11:00:00+08:00,142823,12313983,0,Wh,Common Area,20.0,False
2025-04-10T11:20:00+08:00,142823,12314071,0,Wh,Common Area,20.0,False
2025-04-10T11:40:00+08:00,142823,12314160,0,Wh,Common Area,20.0,False
2025-04-10T12:00:00+08:00,142823,12314247,0,Wh,Common Area,20.0,False
2025-04-10T12:20:00+08:00,142823,12314354,0,Wh,Common Area,20.0,False
2025-04-10T12:40:00+08:00,142823,12314452,0,Wh,Common Area,20.0,False
2025-04-10T13:00:00+08:00,142823,12314540,0,Wh,Common Area,20.0,False
2025-04-10T13:20:00+08:00,142823,12314628,0,Wh,Common Area,20.0,False
2025-04-10T13:40:00+08:00,142823,12314715,0,Wh,Common Area,20.0,False
2025-04-10T14:00:00+08:00,142823,12314803,0,Wh,Common Area,20.0,False
2025-04-10T14:20:00+08:00,142823,12314902,0,Wh,Common Area,20.0,False
2025-04-10T14:40:00+08:00,142823,12314996,0,Wh,Common Area,20.0,False
2025-04-10T15:00:00+08:00,142823,12315084,0,Wh,Common Area,20.0,False
2025-04-10T15:20:00+08:00,142823,12315178,0,Wh,Common Area,20.0,False
2025-04-10T15:40:00+08:00,142823,12315268,0,Wh,Common Area,20.0,False
2025-04-10T16:00:00+08:00,142823,12315374,0,Wh,Common Area,20.0,False
2025-04-10T16:20:00+08:00,142823,12315475,0,Wh,Common Area,20.0,False
2025-04-10T16:40:00+08:00,142823,12315563,0,Wh,Common Area,20.0,False
2025-04-10T17:00:00+08:00,142823,12315651,0,Wh,Common Area,20.0,False
2025-04-10T17:20:00+08:00,142823,12315740,0,Wh,Common Area,20.0,False
2025-04-10T17:40:00+08:00,142823,12315847,0,Wh,Common Area,20.0,False
2025-04-10T18:00:00+08:00,142823,12315947,0,Wh,Common Area,20.0,False
2025-04-10T18:20:00+08:00,142823,12316036,0,Wh,Common Area,20.0,False
2025-04-10T18:40:00+08:00,142823,12316176,0,Wh,Common Area,20.0,False
2025-04-10T19:00:00+08:00,142823,12316290,0,Wh,Common Area,20.0,False
2025-04-10T19:20:00+08:00,142823,12316380,0,Wh,Common Area,20.0,False
2025-04-10T19:40:00+08:00,142823,12316470,0,Wh,Common Area,20.0,False
2025-04-10T20:00:00+08:00,142823,12316583,0,Wh,Common Area,20.0,False
2025-04-10T20:20:00+08:00,142823,12316692,0,Wh,Common Area,20.0,False
2025-04-10T20:40:00+08:00,142823,12316781,0,Wh,Common Area,20.0,False
2025-04-10T21:00:00+08:00,142823,12316871,0,Wh,Common Area,20.0,False
2025-04-10T21:20:00+08:00,142823,12316960,0,Wh,Common Area,20.0,False
2025-04-10T21:40:00+08:00,142823,12317061,0,Wh,Common Area,20.0,False
2025-04-10T22:00:00+08:00,142823,12317151,0,Wh,Common Area,20.0,False
2025-04-10T22:20:00+08:00,142823,12317240,0,Wh,Common Area,20.0,False
2025-04-10T22:40:00+08:00,142823,12317330,0,Wh,Common Area,20.0,False
2025-04-10T23:00:00+08:00,142823,12317420,0,Wh,Common Area,20.0,False
2025-04-10T23:20:00+08:00,142823,12317510,0,Wh,Common Area,20.0,False
2025-04-10T23:40:00+08:00,142823,12317600,0,Wh,Common Area,20.0,False
2025-04-11T00:00:00+08:00,142823,12317690,0,Wh,Common Area,20.0,False
2025-04-11T00:20:00+08:00,142823,12317779,0,Wh,Common Area,20.0,False
2025-04-11T00:40:00+08:00,142823,12317868,0,Wh,Common Area,20.0,False
2025-04-11T01:00:00+08:00,142823,12317957,0,Wh,Common Area,20.0,False
2025-04-11T01:20:00+08:00,142823,12318046,0,Wh,Common Area,20.0,False
2025-04-11T01:40:00+08:00,142823,12318136,0,Wh,Common Area,20.0,False
2025-04-11T02:00:00+08:00,142823,12318225,0,Wh,Common Area,20.0,False
2025-04-11T02:20:00+08:00,142823,12318315,0,Wh,Common Area,20.0,False
2025-04-11T02:40:00+08:00,142823,12318404,0,Wh,Common Area,20.0,False
2025-04-11T03:00:00+08:00,142823,12318494,0,Wh,Common Area,20.0,False
2025-04-11T03:20:00+08:00,142823,12318583,0,Wh,Common Area,20.0,False
2025-04-11T03:40:00+08:00,142823,12318672,0,Wh,Common Area,20.0,False
2025-04-11T04:00:00+08:00,142823,12318762,0,Wh,Common Area,20.0,False
2025-04-11T04:20:00+08:00,142823,12318852,0,Wh,Common Area,20.0,False
2025-04-11T04:40:00+08:00,142823,12318951,0,Wh,Common Area,20.0,False
2025-04-11T05:00:00+08:00,142823,12319041,0,Wh,Common Area,20.0,False
2025-04-11T05:20:00+08:00,142823,12319138,0,Wh,Common Area,20.0,False
2025-04-11T05:40:00+08:00,142823,12319239,0,Wh,Common Area,20.0,False
2025-04-11T06:00:00+08:00,142823,12319348,0,Wh,Common Area,20.0,False
2025-04-11T06:20:00+08:00,142823,12319476,0,Wh,Common Area,20.0,False
2025-04-11T06:40:00+08:00,142823,12319564,0,Wh,Common Area,20.0,False
2025-04-11T07:00:00+08:00,142823,12319663,0,Wh,Common Area,20.0,False
2025-04-11T07:20:00+08:00,142823,12319752,0,Wh,Common Area,20.0,False
2025-04-11T07:40:00+08:00,142823,12319840,0,Wh,Common Area,20.0,False
2025-04-11T08:00:00+08:00,142823,12319927,0,Wh,Common Area,20.0,False
2025-04-11T08:20:00+08:00,142823,12320033,0,Wh,Common Area,20.0,False
2025-04-11T08:40:00+08:00,142823,12320122,0,Wh,Common Area,20.0,False
2025-04-11T09:00:00+08:00,142823,12320219,0,Wh,Common Area,20.0,False
2025-04-11T09:20:00+08:00,142823,12320315,0,Wh,Common Area,20.0,False
2025-04-11T09:40:00+08:00,142823,12320403,0,Wh,Common Area,20.0,False
2025-04-11T10:00:00+08:00,142823,12320491,0,Wh,Common Area,20.0,False
2025-04-11T10:20:00+08:00,142823,12320578,0,Wh,Common Area,20.0,False
2025-04-11T10:40:00+08:00,142823,12320665,0,Wh,Common Area,20.0,False
2025-04-11T11:00:00+08:00,142823,12320754,0,Wh,Common Area,20.0,False
2025-04-11T11:20:00+08:00,142823,12320851,0,Wh,Common Area,20.0,False
2025-04-11T11:40:00+08:00,142823,12320971,0,Wh,Common Area,20.0,False
2025-04-11T12:00:00+08:00,142823,12321073,0,Wh,Common Area,20.0,False
2025-04-11T12:20:00+08:00,142823,12321175,0,Wh,Common Area,20.0,False
2025-04-11T12:40:00+08:00,142823,12321294,0,Wh,Common Area,20.0,False
2025-04-11T13:00:00+08:00,142823,12321383,0,Wh,Common Area,20.0,False
2025-04-11T13:20:00+08:00,142823,12321479,0,Wh,Common Area,20.0,False
2025-04-11T13:40:00+08:00,142823,12321567,0,Wh,Common Area,20.0,False
2025-04-11T14:00:00+08:00,142823,12321666,0,Wh,Common Area,20.0,False
2025-04-11T14:20:00+08:00,142823,12321753,0,Wh,Common Area,20.0,False
2025-04-11T14:40:00+08:00,142823,12321840,0,Wh,Common Area,20.0,False
2025-04-11T15:00:00+08:00,142823,12321928,0,Wh,Common Area,20.0,False
2025-04-11T15:20:00+08:00,142823,12322022,0,Wh,Common Area,20.0,False
2025-04-11T15:40:00+08:00,142823,12322111,0,Wh,Common Area,20.0,False
2025-04-11T16:00:00+08:00,142823,12322222,0,Wh,Common Area,20.0,False
2025-04-11T16:20:00+08:00,142823,12322311,0,Wh,Common Area,20.0,False
2025-04-11T16:40:00+08:00,142823,12322402,0,Wh,Common Area,20.0,False
2025-04-11T17:00:00+08:00,142823,12322490,0,Wh,Common Area,20.0,False
2025-04-11T17:20:00+08:00,142823,12322636,0,Wh,Common Area,20.0,False
2025-04-11T17:40:00+08:00,142823,12322765,0,Wh,Common Area,20.0,False
2025-04-11T18:00:00+08:00,142823,12322863,0,Wh,Common Area,20.0,False
2025-04-11T18:20:00+08:00,142823,12322951,0,Wh,Common Area,20.0,False
2025-04-11T18:40:00+08:00,142823,12323041,0,Wh,Common Area,20.0,False
2025-04-11T19:00:00+08:00,142823,12323132,0,Wh,Common Area,20.0,False
2025-04-11T19:20:00+08:00,142823,12323259,0,Wh,Common Area,20.0,False
2025-04-11T19:40:00+08:00,142823,12323351,0,Wh,Common Area,20.0,False
2025-04-11T20:00:00+08:00,142823,12323450,0,Wh,Common Area,20.0,False
2025-04-11T20:20:00+08:00,142823,12323539,0,Wh,Common Area,20.0,False
2025-04-11T20:40:00+08:00,142823,12323642,0,Wh,Common Area,20.0,False
2025-04-11T21:00:00+08:00,142823,12323758,0,Wh,Common Area,20.0,False
2025-04-11T21:20:00+08:00,142823,12323846,0,Wh,Common Area,20.0,False
2025-04-11T21:40:00+08:00,142823,12323945,0,Wh,Common Area,20.0,False
2025-04-11T22:00:00+08:00,142823,12324045,0,Wh,Common Area,20.0,False
2025-04-11T22:20:00+08:00,142823,12324136,0,Wh,Common Area,20.0,False
2025-04-11T22:40:00+08:00,142823,12324226,0,Wh,Common Area,20.0,False
2025-04-11T23:00:00+08:00,142823,12324315,0,Wh,Common Area,20.0,False
2025-04-11T23:20:00+08:00,142823,12324405,0,Wh,Common Area,20.0,False
2025-04-11T23:40:00+08:00,142823,12324494,0,Wh,Common Area,20.0,False
2025-04-12T00:00:00+08:00,142823,12324584,0,Wh,Common Area,20.0,False
2025-04-12T00:20:00+08:00,142823,12324674,0,Wh,Common Area,20.0,False
2025-04-12T00:40:00+08:00,142823,12324764,0,Wh,Common Area,20.0,False
2025-04-12T01:00:00+08:00,142823,12324854,0,Wh,Common Area,20.0,False
2025-04-12T01:20:00+08:00,142823,12324944,0,Wh,Common Area,20.0,False
2025-04-12T01:40:00+08:00,142823,12325033,0,Wh,Common Area,20.0,False
2025-04-12T02:00:00+08:00,142823,12325123,0,Wh,Common Area,20.0,False
2025-04-12T02:20:00+08:00,142823,12325213,0,Wh,Common Area,20.0,False
2025-04-12T02:40:00+08:00,142823,12325303,0,Wh,Common Area,20.0,False
2025-04-12T03:00:00+08:00,142823,12325394,0,Wh,Common Area,20.0,False
2025-04-12T03:20:00+08:00,142823,12325484,0,Wh,Common Area,20.0,False
2025-04-12T03:40:00+08:00,142823,12325574,0,Wh,Common Area,20.0,False
2025-04-12T04:00:00+08:00,142823,12325664,0,Wh,Common Area,20.0,False
2025-04-12T04:20:00+08:00,142823,12325754,0,Wh,Common Area,20.0,False
2025-04-12T04:40:00+08:00,142823,12325844,0,Wh,Common Area,20.0,False
2025-04-12T05:00:00+08:00,142823,12325934,0,Wh,Common Area,20.0,False
2025-04-12T05:20:00+08:00,142823,12326024,0,Wh,Common Area,20.0,False
2025-04-12T05:40:00+08:00,142823,12326113,0,Wh,Common Area,20.0,False
2025-04-12T06:00:00+08:00,142823,12326203,0,Wh,Common Area,20.0,False
2025-04-12T06:20:00+08:00,142823,12326307,0,Wh,Common Area,20.0,False
2025-04-12T06:40:00+08:00,142823,12326396,0,Wh,Common Area,20.0,False
2025-04-12T07:00:00+08:00,142823,12326485,0,Wh,Common Area,20.0,False
2025-04-12T07:20:00+08:00,142823,12326574,0,Wh,Common Area,20.0,False
2025-04-12T07:40:00+08:00,142823,12326686,0,Wh,Common Area,20.0,False
2025-04-12T08:00:00+08:00,142823,12326789,0,Wh,Common Area,20.0,False
2025-04-12T08:20:00+08:00,142823,12326877,0,Wh,Common Area,20.0,False
2025-04-12T08:40:00+08:00,142823,12326992,0,Wh,Common Area,20.0,False
2025-04-12T09:00:00+08:00,142823,12327132,0,Wh,Common Area,20.0,False
2025-04-12T09:20:00+08:00,142823,12327248,0,Wh,Common Area,20.0,False
2025-04-12T09:40:00+08:00,142823,12327381,0,Wh,Common Area,20.0,False
2025-04-12T10:00:00+08:00,142823,12327476,0,Wh,Common Area,20.0,False
2025-04-12T10:20:00+08:00,142823,12327583,0,Wh,Common Area,20.0,False
2025-04-12T10:40:00+08:00,142823,12327717,0,Wh,Common Area,20.0,False
2025-04-12T11:00:00+08:00,142823,12327805,0,Wh,Common Area,20.0,False
2025-04-12T11:20:00+08:00,142823,12327892,0,Wh,Common Area,20.0,False
2025-04-12T11:40:00+08:00,142823,12327980,0,Wh,Common Area,20.0,False
2025-04-12T12:00:00+08:00,142823,12328082,0,Wh,Common Area,20.0,False
2025-04-12T12:20:00+08:00,142823,12328192,0,Wh,Common Area,20.0,False
2025-04-12T12:40:00+08:00,142823,12328297,0,Wh,Common Area,20.0,False
2025-04-12T13:00:00+08:00,142823,12328397,0,Wh,Common Area,20.0,False
2025-04-12T13:20:00+08:00,142823,12328485,0,Wh,Common Area,20.0,False
2025-04-12T13:40:00+08:00,142823,12328574,0,Wh,Common Area,20.0,False
2025-04-12T14:00:00+08:00,142823,12328677,0,Wh,Common Area,20.0,False
2025-04-12T14:20:00+08:00,142823,12328794,0,Wh,Common Area,20.0,False
2025-04-12T14:40:00+08:00,142823,12328885,0,Wh,Common Area,20.0,False
2025-04-12T15:00:00+08:00,142823,12328973,0,Wh,Common Area,20.0,False
2025-04-12T15:20:00+08:00,142823,12329121,0,Wh,Common Area,20.0,False
2025-04-12T15:40:00+08:00,142823,12329209,0,Wh,Common Area,20.0,False
2025-04-12T16:00:00+08:00,142823,12329296,0,Wh,Common Area,20.0,False
2025-04-12T16:20:00+08:00,142823,12329426,0,Wh,Common Area,20.0,False
2025-04-12T16:40:00+08:00,142823,12329528,0,Wh,Common Area,20.0,False
2025-04-12T17:00:00+08:00,142823,12329621,0,Wh,Common Area,20.0,False
2025-04-12T17:20:00+08:00,142823,12329733,0,Wh,Common Area,20.0,False
2025-04-12T17:40:00+08:00,142823,12329841,0,Wh,Common Area,20.0,False
2025-04-12T18:00:00+08:00,142823,12329953,0,Wh,Common Area,20.0,False
2025-04-12T18:20:00+08:00,142823,12330064,0,Wh,Common Area,20.0,False
2025-04-12T18:40:00+08:00,142823,12330155,0,Wh,Common Area,20.0,False
2025-04-12T19:00:00+08:00,142823,12330254,0,Wh,Common Area,20.0,False
2025-04-12T19:20:00+08:00,142823,12330354,0,Wh,Common Area,20.0,False
2025-04-12T19:40:00+08:00,142823,12330467,0,Wh,Common Area,20.0,False
2025-04-12T20:00:00+08:00,142823,12330560,0,Wh,Common Area,20.0,False
2025-04-12T20:20:00+08:00,142823,12330654,0,Wh,Common Area,20.0,False
2025-04-12T20:40:00+08:00,142823,12330755,0,Wh,Common Area,20.0,False
2025-04-12T21:00:00+08:00,142823,12330874,0,Wh,Common Area,20.0,False
2025-04-12T21:20:00+08:00,142823,12330968,0,Wh,Common Area,20.0,False
2025-04-12T21:40:00+08:00,142823,12331083,0,Wh,Common Area,20.0,False
2025-04-12T22:00:00+08:00,142823,12331182,0,Wh,Common Area,20.0,False
2025-04-12T22:20:00+08:00,142823,12331272,0,Wh,Common Area,20.0,False
2025-04-12T22:40:00+08:00,142823,12331362,0,Wh,Common Area,20.0,False
2025-04-12T23:00:00+08:00,142823,12331452,0,Wh,Common Area,20.0,False
2025-04-12T23:20:00+08:00,142823,12331541,0,Wh,Common Area,20.0,False
2025-04-12T23:40:00+08:00,142823,12331631,0,Wh,Common Area,20.0,False
2025-04-13T00:00:00+08:00,142823,12331721,0,Wh,Common Area,20.0,False
2025-04-13T00:20:00+08:00,142823,12331810,0,Wh,Common Area,20.0,False
2025-04-13T00:40:00+08:00,142823,12331900,0,Wh,Common Area,20.0,False
2025-04-13T01:00:00+08:00,142823,12331990,0,Wh,Common Area,20.0,False
2025-04-13T01:20:00+08:00,142823,12332079,0,Wh,Common Area,20.0,False
2025-04-13T01:40:00+08:00,142823,12332169,0,Wh,Common Area,20.0,False
2025-04-13T02:00:00+08:00,142823,12332259,0,Wh,Common Area,20.0,False
2025-04-13T02:20:00+08:00,142823,12332348,0,Wh,Common Area,20.0,False
2025-04-13T02:40:00+08:00,142823,12332438,0,Wh,Common Area,20.0,False
2025-04-13T03:00:00+08:00,142823,12332527,0,Wh,Common Area,20.0,False
2025-04-13T03:20:00+08:00,142823,12332617,0,Wh,Common Area,20.0,False
2025-04-13T03:40:00+08:00,142823,12332707,0,Wh,Common Area,20.0,False
2025-04-13T04:00:00+08:00,142823,12332796,0,Wh,Common Area,20.0,False
2025-04-13T04:20:00+08:00,142823,12332886,0,Wh,Common Area,20.0,False
2025-04-13T04:40:00+08:00,142823,12332976,0,Wh,Common Area,20.0,False
2025-04-13T05:00:00+08:00,142823,12333065,0,Wh,Common Area,20.0,False
2025-04-13T05:20:00+08:00,142823,12333155,0,Wh,Common Area,20.0,False
2025-04-13T05:40:00+08:00,142823,12333245,0,Wh,Common Area,20.0,False
2025-04-13T06:00:00+08:00,142823,12333334,0,Wh,Common Area,20.0,False
2025-04-13T06:20:00+08:00,142823,12333434,0,Wh,Common Area,20.0,False
2025-04-13T06:40:00+08:00,142823,12333523,0,Wh,Common Area,20.0,False
2025-04-13T07:00:00+08:00,142823,12333610,0,Wh,Common Area,20.0,False
2025-04-13T07:20:00+08:00,142823,12333697,0,Wh,Common Area,20.0,False
2025-04-13T07:40:00+08:00,142823,12333785,0,Wh,Common Area,20.0,False
2025-04-13T08:00:00+08:00,142823,12333890,0,Wh,Common Area,20.0,False
2025-04-13T08:20:00+08:00,142823,12333980,0,Wh,Common Area,20.0,False
2025-04-13T08:40:00+08:00,142823,12334089,0,Wh,Common Area,20.0,False
2025-04-13T09:00:00+08:00,142823,12334184,0,Wh,Common Area,20.0,False
2025-04-13T09:20:00+08:00,142823,12334272,0,Wh,Common Area,20.0,False
2025-04-13T09:40:00+08:00,142823,12334360,0,Wh,Common Area,20.0,False
2025-04-13T10:00:00+08:00,142823,12334448,0,Wh,Common Area,20.0,False
2025-04-13T10:20:00+08:00,142823,12334537,0,Wh,Common Area,20.0,False
2025-04-13T10:40:00+08:00,142823,12334646,0,Wh,Common Area,20.0,False
2025-04-13T11:00:00+08:00,142823,12334740,0,Wh,Common Area,20.0,False
2025-04-13T11:20:00+08:00,142823,12334841,0,Wh,Common Area,20.0,False
2025-04-13T11:40:00+08:00,142823,12334941,0,Wh,Common Area,20.0,False
2025-04-13T12:00:00+08:00,142823,12335029,0,Wh,Common Area,20.0,False
2025-04-13T12:20:00+08:00,142823,12335141,0,Wh,Common Area,20.0,False
2025-04-13T12:40:00+08:00,142823,12335229,0,Wh,Common Area,20.0,False
2025-04-13T13:00:00+08:00,142823,12335317,0,Wh,Common Area,20.0,False
2025-04-13T13:20:00+08:00,142823,12335419,0,Wh,Common Area,20.0,False
2025-04-13T13:40:00+08:00,142823,12335507,0,Wh,Common Area,20.0,False
2025-04-13T14:00:00+08:00,142823,12335609,0,Wh,Common Area,20.0,False
2025-04-13T14:20:00+08:00,142823,12335723,0,Wh,Common Area,20.0,False
2025-04-13T14:40:00+08:00,142823,12335819,0,Wh,Common Area,20.0,False
2025-04-13T15:00:00+08:00,142823,12335907,0,Wh,Common Area,20.0,False
2025-04-13T15:20:00+08:00,142823,12336032,0,Wh,Common Area,20.0,False
2025-04-13T15:40:00+08:00,142823,12336132,0,Wh,Common Area,20.0,False
2025-04-13T16:00:00+08:00,142823,12336221,0,Wh,Common Area,20.0,False
2025-04-13T16:20:00+08:00,142823,12336319,0,Wh,Common Area,20.0,False
2025-04-13T16:40:00+08:00,142823,12336432,0,Wh,Common Area,20.0,False
2025-04-13T17:00:00+08:00,142823,12336520,0,Wh,Common Area,20.0,False
2025-04-13T17:20:00+08:00,142823,12336608,0,Wh,Common Area,20.0,False
2025-04-13T17:40:00+08:00,142823,12336704,0,Wh,Common Area,20.0,False
2025-04-13T18:00:00+08:00,142823,12336817,0,Wh,Common Area,20.0,False
2025-04-13T18:20:00+08:00,142823,12336914,0,Wh,Common Area,20.0,False
2025-04-13T18:40:00+08:00,142823,12337017,0,Wh,Common Area,20.0,False
2025-04-13T19:00:00+08:00,142823,12337118,0,Wh,Common Area,20.0,False
2025-04-13T19:20:00+08:00,142823,12337207,0,Wh,Common Area,20.0,False
2025-04-13T19:40:00+08:00,142823,12337313,0,Wh,Common Area,20.0,False
2025-04-13T20:00:00+08:00,142823,12337403,0,Wh,Common Area,20.0,False
2025-04-13T20:20:00+08:00,142823,12337519,0,Wh,Common Area,20.0,False
2025-04-13T20:40:00+08:00,142823,12337624,0,Wh,Common Area,20.0,False
2025-04-13T21:00:00+08:00,142823,12337713,0,Wh,Common Area,20.0,False
2025-04-13T21:20:00+08:00,142823,12337824,0,Wh,Common Area,20.0,False
2025-04-13T21:40:00+08:00,142823,12337937,0,Wh,Common Area,20.0,False
2025-04-13T22:00:00+08:00,142823,12338045,0,Wh,Common Area,20.0,False
2025-04-13T22:20:00+08:00,142823,12338146,0,Wh,Common Area,20.0,False
2025-04-13T22:40:00+08:00,142823,12338236,0,Wh,Common Area,20.0,False
2025-04-13T23:00:00+08:00,142823,12338332,0,Wh,Common Area,20.0,False
2025-04-13T23:20:00+08:00,142823,12338447,0,Wh,Common Area,20.0,False
2025-04-13T23:40:00+08:00,142823,12338588,0,Wh,Common Area,20.0,False
2025-04-14T00:00:00+08:00,142823,12338680,0,Wh,Common Area,20.0,False
2025-04-14T00:20:00+08:00,142823,12338834,0,Wh,Common Area,20.0,False
2025-04-14T00:40:00+08:00,142823,12338943,0,Wh,Common Area,20.0,False
2025-04-14T01:00:00+08:00,142823,12339050,0,Wh,Common Area,20.0,False
2025-04-14T01:20:00+08:00,142823,12339140,0,Wh,Common Area,20.0,False
2025-04-14T01:40:00+08:00,142823,12339230,0,Wh,Common Area,20.0,False
2025-04-14T02:00:00+08:00,142823,12339321,0,Wh,Common Area,20.0,False
2025-04-14T02:20:00+08:00,142823,12339411,0,Wh,Common Area,20.0,False
2025-04-14T02:40:00+08:00,142823,12339502,0,Wh,Common Area,20.0,False
2025-04-14T03:00:00+08:00,142823,12339592,0,Wh,Common Area,20.0,False
2025-04-14T03:20:00+08:00,142823,12339683,0,Wh,Common Area,20.0,False
2025-04-14T03:40:00+08:00,142823,12339773,0,Wh,Common Area,20.0,False
2025-04-14T04:00:00+08:00,142823,12339864,0,Wh,Common Area,20.0,False
2025-04-14T04:20:00+08:00,142823,12339954,0,Wh,Common Area,20.0,False
2025-04-14T04:40:00+08:00,142823,12340055,0,Wh,Common Area,20.0,False
2025-04-14T05:00:00+08:00,142823,12340151,0,Wh,Common Area,20.0,False
2025-04-14T05:20:00+08:00,142823,12340243,0,Wh,Common Area,20.0,False
2025-04-14T05:40:00+08:00,142823,12340333,0,Wh,Common Area,20.0,False
2025-04-14T06:00:00+08:00,142823,12340444,0,Wh,Common Area,20.0,False
2025-04-14T06:20:00+08:00,142823,12340534,0,Wh,Common Area,20.0,False
2025-04-14T06:40:00+08:00,142823,12340622,0,Wh,Common Area,20.0,False
2025-04-14T07:00:00+08:00,142823,12340712,0,Wh,Common Area,20.0,False
2025-04-14T07:20:00+08:00,142823,12340802,0,Wh,Common Area,20.0,False
2025-04-14T07:40:00+08:00,142823,12340911,0,Wh,Common Area,20.0,False
2025-04-14T08:00:00+08:00,142823,12340999,0,Wh,Common Area,20.0,False
2025-04-14T08:20:00+08:00,142823,12341088,0,Wh,Common Area,20.0,False
2025-04-14T08:40:00+08:00,142823,12341176,0,Wh,Common Area,20.0,False
2025-04-14T09:00:00+08:00,142823,12341264,0,Wh,Common Area,20.0,False
2025-04-14T09:20:00+08:00,142823,12341361,0,Wh,Common Area,20.0,False
2025-04-14T09:40:00+08:00,142823,12341449,0,Wh,Common Area,20.0,False
2025-04-14T10:00:00+08:00,142823,12341537,0,Wh,Common Area,20.0,False
2025-04-14T10:20:00+08:00,142823,12341625,0,Wh,Common Area,20.0,False
2025-04-14T10:40:00+08:00,142823,12341715,0,Wh,Common Area,20.0,False
2025-04-14T11:00:00+08:00,142823,12341803,0,Wh,Common Area,20.0,False
2025-04-14T11:20:00+08:00,142823,12341891,0,Wh,Common Area,20.0,False
2025-04-14T11:40:00+08:00,142823,12341978,0,Wh,Common Area,20.0,False
2025-04-14T12:00:00+08:00,142823,12342093,0,Wh,Common Area,20.0,False
2025-04-14T12:20:00+08:00,142823,12342192,0,Wh,Common Area,20.0,False
2025-04-14T12:40:00+08:00,142823,12342281,0,Wh,Common Area,20.0,False
2025-04-14T13:00:00+08:00,142823,12342369,0,Wh,Common Area,20.0,False
2025-04-14T13:20:00+08:00,142823,12342456,0,Wh,Common Area,20.0,False
2025-04-14T13:40:00+08:00,142823,12342601,0,Wh,Common Area,20.0,False
2025-04-14T14:00:00+08:00,142823,12342688,0,Wh,Common Area,20.0,False
2025-04-14T14:20:00+08:00,142823,12342787,0,Wh,Common Area,20.0,False
2025-04-14T14:40:00+08:00,142823,12342879,0,Wh,Common Area,20.0,False
2025-04-14T15:00:00+08:00,142823,12342977,0,Wh,Common Area,20.0,False
2025-04-14T15:20:00+08:00,142823,12343066,0,Wh,Common Area,20.0,False
2025-04-14T15:40:00+08:00,142823,12343170,0,Wh,Common Area,20.0,False
2025-04-14T16:00:00+08:00,142823,12343259,0,Wh,Common Area,20.0,False
2025-04-14T16:20:00+08:00,142823,12343401,0,Wh,Common Area,20.0,False
2025-04-14T16:40:00+08:00,142823,12343505,0,Wh,Common Area,20.0,False
2025-04-14T17:00:00+08:00,142823,12343594,0,Wh,Common Area,20.0,False
2025-04-14T17:20:00+08:00,142823,12343715,0,Wh,Common Area,20.0,False
2025-04-14T17:40:00+08:00,142823,12343810,0,Wh,Common Area,20.0,False
2025-04-14T18:00:00+08:00,142823,12343903,0,Wh,Common Area,20.0,False
2025-04-14T18:20:00+08:00,142823,12343992,0,Wh,Common Area,20.0,False
2025-04-14T18:40:00+08:00,142823,12344080,0,Wh,Common Area,20.0,False
2025-04-14T19:00:00+08:00,142823,12344169,0,Wh,Common Area,20.0,False
2025-04-14T19:20:00+08:00,142823,12344266,0,Wh,Common Area,20.0,False
2025-04-14T19:40:00+08:00,142823,12344366,0,Wh,Common Area,20.0,False
2025-04-14T20:00:00+08:00,142823,12344469,0,Wh,Common Area,20.0,False
2025-04-14T20:20:00+08:00,142823,12344558,0,Wh,Common Area,20.0,False
2025-04-14T20:40:00+08:00,142823,12344665,0,Wh,Common Area,20.0,False
2025-04-14T21:00:00+08:00,142823,12344802,0,Wh,Common Area,20.0,False
2025-04-14T21:20:00+08:00,142823,12344892,0,Wh,Common Area,20.0,False
2025-04-14T21:40:00+08:00,142823,12344981,0,Wh,Common Area,20.0,False
2025-04-14T22:00:00+08:00,142823,12345071,0,Wh,Common Area,20.0,False
2025-04-14T22:20:00+08:00,142823,12345161,0,Wh,Common Area,20.0,False
2025-04-14T22:40:00+08:00,142823,12345250,0,Wh,Common Area,20.0,False
2025-04-14T23:00:00+08:00,142823,12345340,0,Wh,Common Area,20.0,False
2025-04-14T23:20:00+08:00,142823,12345429,0,Wh,Common Area,20.0,False
2025-04-14T23:40:00+08:00,142823,12345519,0,Wh,Common Area,20.0,False
2025-04-15T00:00:00+08:00,142823,12345608,0,Wh,Common Area,20.0,False
2025-04-07T00:20:00+08:00,142824,4290257,148347910,Wh,SOLAR AND BATTERY DB,20.0,False
2025-04-07T00:40:00+08:00,142824,4290283,148347910,Wh,SOLAR AND BATTERY DB,20.0,False
2025-04-07T01:00:00+08:00,142824,4290308,148347910,Wh,SOLAR AND BATTERY DB,20.0,False
2025-04-07T01:20:00+08:00,142824,4290334,148347910,Wh,SOLAR AND BATTERY DB,20.0,False
2025-04-07T01:40:00+08:00,142824,4290360,148347910,Wh,SOLAR AND BATTERY DB,20.0,False
2025-04-07T02:00:00+08:00,142824,4290386,148347910,Wh,SOLAR AND BATTERY DB,20.0,False
2025-04-07T02:20:00+08:00,142824,4290411,148347910,Wh,SOLAR AND BATTERY DB,20.0,False
2025-04-07T02:40:00+08:00,142824,4290437,148347910,Wh,SOLAR AND BATTERY DB,20.0,False
2025-04-07T03:00:00+08:00,142824,4290463,148347910,Wh,SOLAR AND BATTERY DB,20.0,False
2025-04-07T03:20:00+08:00,142824,4290488,148347910,Wh,SOLAR AND BATTERY DB,20.0,False
2025-04-07T03:40:00+08:00,142824,4290514,148347910,Wh,SOLAR AND BATTERY DB,20.0,False
2025-04-07T04:00:00+08:00,142824,4290540,148347910,Wh,SOLAR AND BATTERY DB,20.0,False
2025-04-07T04:20:00+08:00,142824,4290566,148347910,Wh,SOLAR AND BATTERY DB,20.0,False
2025-04-07T04:40:00+08:00,142824,4290591,148347910,Wh,SOLAR AND BATTERY DB,20.0,False
2025-04-07T05:00:00+08:00,142824,4290617,148347910,Wh,SOLAR AND BATTERY DB,20.0,False
2025-04-07T05:20:00+08:00,142824,4290643,148347910,Wh,SOLAR AND BATTERY DB,20.0,False
2025-04-07T05:40:00+08:00,142824,4290669,148347910,Wh,SOLAR AND BATTERY DB,20.0,False
2025-04-07T06:00:00+08:00,142824,4290694,148347910,Wh,SOLAR AND BATTERY DB,20.0,False
2025-04-07T06:20:00+08:00,142824,4290722,148347910,Wh,SOLAR AND BATTERY DB,20.0,False
2025-04-07T06:40:00+08:00,142824,4290749,148347910,Wh,SOLAR AND BATTERY DB,20.0,False
2025-04-07T07:00:00+08:00,142824,4290750,148347966,Wh,SOLAR AND BATTERY DB,20.0,False
2025-04-07T07:20:00+08:00,142824,4290750,148348232,Wh,SOLAR AND BATTERY DB,20.0,False
2025-04-07T07:40:00+08:00,142824,4290750,148348729,Wh,SOLAR AND BATTERY DB,20.0,False
2025-04-07T08:00:00+08:00,142824,4290750,148349436,Wh,SOLAR AND BATTERY DB,20.0,False
2025-04-07T08:20:00+08:00,142824,4290750,148350608,Wh,SOLAR AND BATTERY DB,20.0,False
2025-04-07T08:40:00+08:00,142824,4290750,148352269,Wh,SOLAR AND BATTERY DB,20.0,False
2025-04-07T09:00:00+08:00,142824,4290750,148353283,Wh,SOLAR AND BATTERY DB,20.0,False
2025-04-07T09:20:00+08:00,142824,4290750,148354162,Wh,SOLAR AND BATTERY DB,20.0,False
2025-04-07T09:40:00+08:00,142824,4290750,148355218,Wh,SOLAR AND BATTERY DB,20.0,False
2025-04-07T10:00:00+08:00,142824,4290754,148356609,Wh,SOLAR AND BATTERY DB,20.0,False
2025-04-07T10:20:00+08:00,142824,4290754,148358439,Wh,SOLAR AND BATTERY DB,20.0,False
2025-04-07T10:40:00+08:00,142824,4290755,148360451,Wh,SOLAR AND BATTERY DB,20.0,False
2025-04-07T11:00:00+08:00,142824,4290757,148362807,Wh,SOLAR AND BATTERY DB,20.0,False
2025-04-07T11:20:00+08:00,142824,4290757,148364343,Wh,SOLAR AND BATTERY DB,20.0,False
2025-04-07T11:40:00+08:00,142824,4290757,148366734,Wh,SOLAR AND BATTERY DB,20.0,False
2025-04-07T12:00:00+08:00,142824,4290757,148369226,Wh,SOLAR AND BATTERY DB,20.0,False
2025-04-07T12:20:00+08:00,142824,4290757,148371571,Wh,SOLAR AND BATTERY DB,20.0,False
2025-04-07T12:40:00+08:00,142824,4290757,148374154,Wh,SOLAR AND BATTERY DB,20.0,False
2025-04-07T13:00:00+08:00,142824,4290757,148376467,Wh,SOLAR AND BATTERY DB,20.0,False
2025-04-07T13:20:00+08:00,142824,4290757,148378583,Wh,SOLAR AND BATTERY DB,20.0,False
2025-04-07T13:40:00+08:00,142824,4290757,148381271,Wh,SOLAR AND BATTERY DB,20.0,False
2025-04-07T14:00:00+08:00,142824,4290757,148383648,Wh,SOLAR AND BATTERY DB,20.0,False
2025-04-07T14:20:00+08:00,142824,4290757,148386114,Wh,SOLAR AND BATTERY DB,20.0,False
2025-04-07T14:40:00+08:00,142824,4290757,148388302,Wh,SOLAR AND BATTERY DB,20.0,False
2025-04-07T15:00:00+08:00,142824,4290757,148390716,Wh,SOLAR AND BATTERY DB,20.0,False
2025-04-07T15:20:00+08:00,142824,4290757,148393168,Wh,SOLAR AND BATTERY DB,20.0,False
2025-04-07T15:40:00+08:00,142824,4290757,148395590,Wh,SOLAR AND BATTERY DB,20.0,False
2025-04-07T16:00:00+08:00,142824,4290757,148397850,Wh,SOLAR AND BATTERY DB,20.0,False
2025-04-07T16:20:00+08:00,142824,4290757,148400200,Wh,SOLAR AND BATTERY DB,20.0,False
2025-04-07T16:40:00+08:00,142824,4290757,148402146,Wh,SOLAR AND BATTERY DB,20.0,False
2025-04-07T17:00:00+08:00,142824,4290757,148404571,Wh,SOLAR AND BATTERY DB,20.0,False
2025-04-07T17:20:00+08:00,142824,4290757,148406557,Wh,SOLAR AND BATTERY DB,20.0,False
2025-04-07T17:40:00+08:00,142824,4290757,148408212,Wh,SOLAR AND BATTERY DB,20.0,False
2025-04-07T18:00:00+08:00,142824,4290757,148409723,Wh,SOLAR AND BATTERY DB,20.0,False
2025-04-07T18:20:00+08:00,142824,4290757,148411201,Wh,SOLAR AND BATTERY DB,20.0,False
2025-04-07T18:40:00+08:00,142824,4290757,148412689,Wh,SOLAR AND BATTERY DB,20.0,False
2025-04-07T19:00:00+08:00,142824,4290757,148414177,Wh,SOLAR AND BATTERY DB,20.0,False
2025-04-07T19:20:00+08:00,142824,4290757,148415677,Wh,SOLAR AND BATTERY DB,20.0,False
2025-04-07T19:40:00+08:00,142824,4290757,148417185,Wh,SOLAR AND BATTERY DB,20.0,False
2025-04-07T20:00:00+08:00,142824,4290757,148418521,Wh,SOLAR AND BATTERY DB,20.0,False
2025-04-07T20:20:00+08:00,142824,4290757,148419665,Wh,SOLAR AND BATTERY DB,20.0,False
2025-04-07T20:40:00+08:00,142824,4290757,148420783,Wh,SOLAR AND BATTERY DB,20.0,False
2025-04-07T21:00:00+08:00,142824,4290757,148421790,Wh,SOLAR AND BATTERY DB,20.0,False
2025-04-07T21:20:00+08:00,142824,4290757,148422204,Wh,SOLAR AND BATTERY DB,20.0,False
2025-04-07T21:40:00+08:00,142824,4290760,148422303,Wh,SOLAR AND BATTERY DB,20.0,False
2025-04-07T22:00:00+08:00,142824,4290779,148422313,Wh,SOLAR AND BATTERY DB,20.0,False
2025-04-07T22:20:00+08:00,142824,4290804,148422315,Wh,SOLAR AND BATTERY DB,20.0,False
2025-04-07T22:40:00+08:00,142824,4290830,148422315,Wh,SOLAR AND BATTERY DB,20.0,False
2025-04-07T23:00:00+08:00,142824,4290856,148422315,Wh,SOLAR AND BATTERY DB,20.0,False
2025-04-07T23:20:00+08:00,142824,4290882,148422315,Wh,SOLAR AND BATTERY DB,20.0,False
2025-04-07T23:40:00+08:00,142824,4290907,148422315,Wh,SOLAR AND BATTERY DB,20.0,False
2025-04-08T00:00:00+08:00,142824,4290933,148422315,Wh,SOLAR AND BATTERY DB,20.0,False
2025-04-08T00:20:00+08:00,142824,4290959,148422315,Wh,SOLAR AND BATTERY DB,20.0,False
2025-04-08T00:40:00+08:00,142824,4290985,148422315,Wh,SOLAR AND BATTERY DB,20.0,False
2025-04-08T01:00:00+08:00,142824,4291010,148422315,Wh,SOLAR AND BATTERY DB,20.0,False
2025-04-08T01:20:00+08:00,142824,4291036,148422315,Wh,SOLAR AND BATTERY DB,20.0,False
2025-04-08T01:40:00+08:00,142824,4291062,148422315,Wh,SOLAR AND BATTERY DB,20.0,False
2025-04-08T02:00:00+08:00,142824,4291087,148422315,Wh,SOLAR AND BATTERY DB,20.0,False
2025-04-08T02:20:00+08:00,142824,4291113,148422315,Wh,SOLAR AND BATTERY DB,20.0,False
2025-04-08T02:40:00+08:00,142824,4291139,148422315,Wh,SOLAR AND BATTERY DB,20.0,False
2025-04-08T03:00:00+08:00,142824,4291164,148422315,Wh,SOLAR AND BATTERY DB,20.0,False
2025-04-08T03:20:00+08:00,142824,4291190,148422315,Wh,SOLAR AND BATTERY DB,20.0,False
2025-04-08T03:40:00+08:00,142824,4291216,148422315,Wh,SOLAR AND BATTERY DB,20.0,False
2025-04-08T04:00:00+08:00,142824,4291242,148422315,Wh,SOLAR AND BATTERY DB,20.0,False
2025-04-08T04:20:00+08:00,142824,4291267,148422315,Wh,SOLAR AND BATTERY DB,20.0,False
2025-04-08T04:40:00+08:00,142824,4291293,148422315,Wh,SOLAR AND BATTERY DB,20.0,False
2025-04-08T05:00:00+08:00,142824,4291319,148422315,Wh,SOLAR AND BATTERY DB,20.0,False
2025-04-08T05:20:00+08:00,142824,4291345,148422315,Wh,SOLAR AND BATTERY DB,20.0,False
2025-04-08T05:40:00+08:00,142824,4291370,148422315,Wh,SOLAR AND BATTERY DB,20.0,False
2025-04-08T06:00:00+08:00,142824,4291396,148422315,Wh,SOLAR AND BATTERY DB,20.0,False
2025-04-08T06:20:00+08:00,142824,4291424,148422315,Wh,SOLAR AND BATTERY DB,20.0,False
2025-04-08T06:40:00+08:00,142824,4291450,148422315,Wh,SOLAR AND BATTERY DB,20.0,False
2025-04-08T07:00:00+08:00,142824,4291451,148422358,Wh,SOLAR AND BATTERY DB,20.0,False
2025-04-08T07:20:00+08:00,142824,4291451,148422541,Wh,SOLAR AND BATTERY DB,20.0,False
2025-04-08T07:40:00+08:00,142824,4291451,148422988,Wh,SOLAR AND BATTERY DB,20.0,False
2025-04-08T08:00:00+08:00,142824,4291451,148423730,Wh,SOLAR AND BATTERY DB,20.0,False
2025-04-08T08:20:00+08:00,142824,4291451,148424551,Wh,SOLAR AND BATTERY DB,20.0,False
2025-04-08T08:40:00+08:00,142824,4291451,148425413,Wh,SOLAR AND BATTERY DB,20.0,False
2025-04-08T09:00:00+08:00,142824,4291451,148426423,Wh,SOLAR AND BATTERY DB,20.0,False
2025-04-08T09:20:00+08:00,142824,4291451,148427982,Wh,SOLAR AND BATTERY DB,20.0,False
2025-04-08T09:40:00+08:00,142824,4291451,148429793,Wh,SOLAR AND BATTERY DB,20.0,False
2025-04-08T10:00:00+08:00,142824,4291451,148432018,Wh,SOLAR AND BATTERY DB,20.0,False
2025-04-08T10:20:00+08:00,142824,4291451,148433905,Wh,SOLAR AND BATTERY DB,20.0,False
2025-04-08T10:40:00+08:00,142824,4291451,148436507,Wh,SOLAR AND BATTERY DB,20.0,False
2025-04-08T11:00:00+08:00,142824,4291452,148438527,Wh,SOLAR AND BATTERY DB,20.0,False
2025-04-08T11:20:00+08:00,142824,4291452,148439596,Wh,SOLAR AND BATTERY DB,20.0,False
2025-04-08T11:40:00+08:00,142824,4291452,148441890,Wh,SOLAR AND BATTERY DB,20.0,False
2025-04-08T12:00:00+08:00,142824,4291452,148444381,Wh,SOLAR AND BATTERY DB,20.0,False
2025-04-08T12:20:00+08:00,142824,4291452,148446576,Wh,SOLAR AND BATTERY DB,20.0,False
2025-04-08T12:40:00+08:00,142824,4291453,148449124,Wh,SOLAR AND BATTERY DB,20.0,False
2025-04-08T13:00:00+08:00,142824,4291454,148451748,Wh,SOLAR AND BATTERY DB,20.0,False
2025-04-08T13:20:00+08:00,142824,4291454,148454273,Wh,SOLAR AND BATTERY DB,20.0,False
2025-04-08T13:40:00+08:00,142824,4291458,148456336,Wh,SOLAR AND BATTERY DB,20.0,False
2025-04-08T14:00:00+08:00,142824,4291458,148458000,Wh,SOLAR AND BATTERY DB,20.0,False
2025-04-08T14:20:00+08:00,142824,4291458,148460135,Wh,SOLAR AND BATTERY DB,20.0,False
2025-04-08T14:40:00+08:00,142824,4291458,148463027,Wh,SOLAR AND BATTERY DB,20.0,False
2025-04-08T15:00:00+08:00,142824,4291458,148464667,Wh,SOLAR AND BATTERY DB,20.0,False
2025-04-08T15:20:00+08:00,142824,4291458,148466735,Wh,SOLAR AND BATTERY DB,20.0,False
2025-04-08T15:40:00+08:00,142824,4291458,148468641,Wh,SOLAR AND BATTERY DB,20.0,False
2025-04-08T16:00:00+08:00,142824,4291458,148471128,Wh,SOLAR AND BATTERY DB,20.0,False
2025-04-08T16:20:00+08:00,142824,4291458,148473447,Wh,SOLAR AND BATTERY DB,20.0,False
2025-04-08T16:40:00+08:00,142824,4291458,148476344,Wh,SOLAR AND BATTERY DB,20.0,False
2025-04-08T17:00:00+08:00,142824,4291458,148478838,Wh,SOLAR AND BATTERY DB,20.0,False
2025-04-08T17:20:00+08:00,142824,4291458,148480854,Wh,SOLAR AND BATTERY DB,20.0,False
2025-04-08T17:40:00+08:00,142824,4291458,148482532,Wh,SOLAR AND BATTERY DB,20.0,False
2025-04-08T18:00:00+08:00,142824,4291458,148484097,Wh,SOLAR AND BATTERY DB,20.0,False
2025-04-08T18:20:00+08:00,142824,4291458,148485622,Wh,SOLAR AND BATTERY DB,20.0,False
2025-04-08T18:40:00+08:00,142824,4291458,148487153,Wh,SOLAR AND BATTERY DB,20.0,False
2025-04-08T19:00:00+08:00,142824,4291458,148488277,Wh,SOLAR AND BATTERY DB,20.0,False
2025-04-08T19:20:00+08:00,142824,4291458,148489212,Wh,SOLAR AND BATTERY DB,20.0,False
2025-04-08T19:40:00+08:00,142824,4291471,148489509,Wh,SOLAR AND BATTERY DB,20.0,False
2025-04-08T20:00:00+08:00,142824,4291497,148489509,Wh,SOLAR AND BATTERY DB,20.0,False
2025-04-08T20:20:00+08:00,142824,4291523,148489509,Wh,SOLAR AND BATTERY DB,20.0,False
2025-04-08T20:40:00+08:00,142824,4291549,148489509,Wh,SOLAR AND BATTERY DB,20.0,False
2025-04-08T21:00:00+08:00,142824,4291575,148489509,Wh,SOLAR AND BATTERY DB,20.0,False
2025-04-08T21:20:00+08:00,142824,4291601,148489509,Wh,SOLAR AND BATTERY DB,20.0,False
2025-04-08T21:40:00+08:00,142824,4291627,148489509,Wh,SOLAR AND BATTERY DB,20.0,False
2025-04-08T22:00:00+08:00,142824,4291653,148489509,Wh,SOLAR AND BATTERY DB,20.0,False
2025-04-08T22:20:00+08:00,142824,4291679,148489509,Wh,SOLAR AND BATTERY DB,20.0,False
2025-04-08T22:40:00+08:00,142824,4291705,148489509,Wh,SOLAR AND BATTERY DB,20.0,False
2025-04-08T23:00:00+08:00,142824,4291731,148489509,Wh,SOLAR AND BATTERY DB,20.0,False
2025-04-08T23:20:00+08:00,142824,4291757,148489509,Wh,SOLAR AND BATTERY DB,20.0,False
2025-04-08T23:40:00+08:00,142824,4291782,148489509,Wh,SOLAR AND BATTERY DB,20.0,False
2025-04-09T00:00:00+08:00,142824,4291808,148489509,Wh,SOLAR AND BATTERY DB,20.0,False
2025-04-09T00:20:00+08:00,142824,4291834,148489509,Wh,SOLAR AND BATTERY DB,20.0,False
2025-04-09T00:40:00+08:00,142824,4291859,148489509,Wh,SOLAR AND BATTERY DB,20.0,False
2025-04-09T01:00:00+08:00,142824,4291885,148489509,Wh,SOLAR AND BATTERY DB,20.0,False
2025-04-09T01:20:00+08:00,142824,4291911,148489509,Wh,SOLAR AND BATTERY DB,20.0,False
2025-04-09T01:40:00+08:00,142824,4291937,148489509,Wh,SOLAR AND BATTERY DB,20.0,False
2025-04-09T02:00:00+08:00,142824,4291962,148489509,Wh,SOLAR AND BATTERY DB,20.0,False
2025-04-09T02:20:00+08:00,142824,4291988,148489509,Wh,SOLAR AND BATTERY DB,20.0,False
2025-04-09T02:40:00+08:00,142824,4292014,148489509,Wh,SOLAR AND BATTERY DB,20.0,False
2025-04-09T03:00:00+08:00,142824,4292040,148489509,Wh,SOLAR AND BATTERY DB,20.0,False
2025-04-09T03:20:00+08:00,142824,4292065,148489509,Wh,SOLAR AND BATTERY DB,20.0,False
2025-04-09T03:40:00+08:00,142824,4292091,148489509,Wh,SOLAR AND BATTERY DB,20.0,False
2025-04-09T04:00:00+08:00,142824,4292117,148489509,Wh,SOLAR AND BATTERY DB,20.0,False
2025-04-09T04:20:00+08:00,142824,4292143,148489509,Wh,SOLAR AND BATTERY DB,20.0,False
2025-04-09T04:40:00+08:00,142824,4292169,148489509,Wh,SOLAR AND BATTERY DB,20.0,False
2025-04-09T05:00:00+08:00,142824,4292194,148489509,Wh,SOLAR AND BATTERY DB,20.0,False
2025-04-09T05:20:00+08:00,142824,4292220,148489509,Wh,SOLAR AND BATTERY DB,20.0,False
2025-04-09T05:40:00+08:00,142824,4292246,148489509,Wh,SOLAR AND BATTERY DB,20.0,False
2025-04-09T06:00:00+08:00,142824,4292272,148489509,Wh,SOLAR AND BATTERY DB,20.0,False
2025-04-09T06:20:00+08:00,142824,4292300,148489509,Wh,SOLAR AND BATTERY DB,20.0,False
2025-04-09T06:40:00+08:00,142824,4292328,148489509,Wh,SOLAR AND BATTERY DB,20.0,False
2025-04-09T07:00:00+08:00,142824,4292336,148489525,Wh,SOLAR AND BATTERY DB,20.0,False
2025-04-09T07:20:00+08:00,142824,4292336,148489677,Wh,SOLAR AND BATTERY DB,20.0,False
2025-04-09T07:40:00+08:00,142824,4292336,148489990,Wh,SOLAR AND BATTERY DB,20.0,False
2025-04-09T08:00:00+08:00,142824,4292336,148490531,Wh,SOLAR AND BATTERY DB,20.0,False
2025-04-09T08:20:00+08:00,142824,4292336,148491185,Wh,SOLAR AND BATTERY DB,20.0,False
2025-04-09T08:40:00+08:00,142824,4292336,148492010,Wh,SOLAR AND BATTERY DB,20.0,False
2025-04-09T09:00:00+08:00,142824,4292336,148493715,Wh,SOLAR AND BATTERY DB,20.0,False
2025-04-09T09:20:00+08:00,142824,4292336,148495718,Wh,SOLAR AND BATTERY DB,20.0,False
2025-04-09T09:40:00+08:00,142824,4292336,148497848,Wh,SOLAR AND BATTERY DB,20.0,False
2025-04-09T10:00:00+08:00,142824,4292336,148499909,Wh,SOLAR AND BATTERY DB,20.0,False
2025-04-09T10:20:00+08:00,142824,4292336,148501573,Wh,SOLAR AND BATTERY DB,20.0,False
2025-04-09T10:40:00+08:00,142824,4292336,148503273,Wh,SOLAR AND BATTERY DB,20.0,False
2025-04-09T11:00:00+08:00,142824,4292336,148505297,Wh,SOLAR AND BATTERY DB,20.0,False
2025-04-09T11:20:00+08:00,142824,4292337,148507254,Wh,SOLAR AND BATTERY DB,20.0,False
2025-04-09T11:40:00+08:00,142824,4292337,148509508,Wh,SOLAR AND BATTERY DB,20.0,False
2025-04-09T12:00:00+08:00,142824,4292337,148510874,Wh,SOLAR AND BATTERY DB,20.0,False
2025-04-09T12:20:00+08:00,142824,4292337,148513613,Wh,SOLAR AND BATTERY DB,20.0,False
2025-04-09T12:40:00+08:00,142824,4292337,148515961,Wh,SOLAR AND BATTERY DB,20.0,False
2025-04-09T13:00:00+08:00,142824,4292337,148518570,Wh,SOLAR AND BATTERY DB,20.0,False
2025-04-09T13:20:00+08:00,142824,4292337,148521369,Wh,SOLAR AND BATTERY DB,20.0,False
2025-04-09T13:40:00+08:00,142824,4292337,148524003,Wh,SOLAR AND BATTERY DB,20.0,False
2025-04-09T14:00:00+08:00,142824,4292337,148526567,Wh,SOLAR AND BATTERY DB,20.0,False
2025-04-09T14:20:00+08:00,142824,4292337,148528493,Wh,SOLAR AND BATTERY DB,20.0,False
2025-04-09T14:40:00+08:00,142824,4292337,148530857,Wh,SOLAR AND BATTERY DB,20.0,False
2025-04-09T15:00:00+08:00,142824,4292337,148533999,Wh,SOLAR AND BATTERY DB,20.0,False
2025-04-09T15:20:00+08:00,142824,4292337,148537751,Wh,SOLAR AND BATTERY DB,20.0,False
2025-04-09T15:40:00+08:00,142824,4292337,148540361,Wh,SOLAR AND BATTERY DB,20.0,False
2025-04-09T16:00:00+08:00,142824,4292337,148543823,Wh,SOLAR AND BATTERY DB,20.0,False
2025-04-09T16:20:00+08:00,142824,4292337,148546983,Wh,SOLAR AND BATTERY DB,20.0,False
2025-04-09T16:40:00+08:00,142824,4292337,148549484,Wh,SOLAR AND BATTERY DB,20.0,False
2025-04-09T17:00:00+08:00,142824,4292337,148551839,Wh,SOLAR AND BATTERY DB,20.0,False
2025-04-09T17:20:00+08:00,142824,4292337,148553853,Wh,SOLAR AND BATTERY DB,20.0,False
2025-04-09T17:40:00+08:00,142824,4292337,148555532,Wh,SOLAR AND BATTERY DB,20.0,False
2025-04-09T18:00:00+08:00,142824,4292337,148557107,Wh,SOLAR AND BATTERY DB,20.0,False
2025-04-09T18:20:00+08:00,142824,4292337,148558656,Wh,SOLAR AND BATTERY DB,20.0,False
2025-04-09T18:40:00+08:00,142824,4292337,148560074,Wh,SOLAR AND BATTERY DB,20.0,False
2025-04-09T19:00:00+08:00,142824,4292337,148561034,Wh,SOLAR AND BATTERY DB,20.0,False
2025-04-09T19:20:00+08:00,142824,4292358,148561189,Wh,SOLAR AND BATTERY DB,20.0,False
2025-04-09T19:40:00+08:00,142824,4292384,148561189,Wh,SOLAR AND BATTERY DB,20.0,False
2025-04-09T20:00:00+08:00,142824,4292410,148561189,Wh,SOLAR AND BATTERY DB,20.0,False
2025-04-09T20:20:00+08:00,142824,4292436,148561189,Wh,SOLAR AND BATTERY DB,20.0,False
2025-04-09T20:40:00+08:00,142824,4292462,148561189,Wh,SOLAR AND BATTERY DB,20.0,False
2025-04-09T21:00:00+08:00,142824,4292488,148561189,Wh,SOLAR AND BATTERY DB,20.0,False
2025-04-09T21:20:00+08:00,142824,4292514,148561189,Wh,SOLAR AND BATTERY DB,20.0,False
2025-04-09T21:40:00+08:00,142824,4292541,148561189,Wh,SOLAR AND BATTERY DB,20.0,False
2025-04-09T22:00:00+08:00,142824,4292567,148561189,Wh,SOLAR AND BATTERY DB,20.0,False
2025-04-09T22:20:00+08:00,142824,4292593,148561189,Wh,SOLAR AND BATTERY DB,20.0,False
2025-04-09T22:40:00+08:00,142824,4292619,148561189,Wh,SOLAR AND BATTERY DB,20.0,False
2025-04-09T23:00:00+08:00,142824,4292645,148561189,Wh,SOLAR AND BATTERY DB,20.0,False
2025-04-09T23:20:00+08:00,142824,4292671,148561189,Wh,SOLAR AND BATTERY DB,20.0,False
2025-04-09T23:40:00+08:00,142824,4292697,148561189,Wh,SOLAR AND BATTERY DB,20.0,False
2025-04-10T00:00:00+08:00,142824,4292723,148561189,Wh,SOLAR AND BATTERY DB,20.0,False
2025-04-10T00:20:00+08:00,142824,4292749,148561189,Wh,SOLAR AND BATTERY DB,20.0,False
2025-04-10T00:40:00+08:00,142824,4292775,148561189,Wh,SOLAR AND BATTERY DB,20.0,False
2025-04-10T01:00:00+08:00,142824,4292801,148561189,Wh,SOLAR AND BATTERY DB,20.0,False
2025-04-10T01:20:00+08:00,142824,4292827,148561189,Wh,SOLAR AND BATTERY DB,20.0,False
2025-04-10T01:40:00+08:00,142824,4292853,148561189,Wh,SOLAR AND BATTERY DB,20.0,False
2025-04-10T02:00:00+08:00,142824,4292879,148561189,Wh,SOLAR AND BATTERY DB,20.0,False
2025-04-10T02:20:00+08:00,142824,4292905,148561189,Wh,SOLAR AND BATTERY DB,20.0,False
2025-04-10T02:40:00+08:00,142824,4292931,148561189,Wh,SOLAR AND BATTERY DB,20.0,False
2025-04-10T03:00:00+08:00,142824,4292957,148561189,Wh,SOLAR AND BATTERY DB,20.0,False
2025-04-10T03:20:00+08:00,142824,4292982,148561189,Wh,SOLAR AND BATTERY DB,20.0,False
2025-04-10T03:40:00+08:00,142824,4293009,148561189,Wh,SOLAR AND BATTERY DB,20.0,False
2025-04-10T04:00:00+08:00,142824,4293035,148561189,Wh,SOLAR AND BATTERY DB,20.0,False
2025-04-10T04:20:00+08:00,142824,4293061,148561189,Wh,SOLAR AND BATTERY DB,20.0,False
2025-04-10T04:40:00+08:00,142824,4293086,148561189,Wh,SOLAR AND BATTERY DB,20.0,False
2025-04-10T05:00:00+08:00,142824,4293112,148561189,Wh,SOLAR AND BATTERY DB,20.0,False
2025-04-10T05:20:00+08:00,142824,4293138,148561189,Wh,SOLAR AND BATTERY DB,20.0,False
2025-04-10T05:40:00+08:00,142824,4293164,148561189,Wh,SOLAR AND BATTERY DB,20.0,False
2025-04-10T06:00:00+08:00,142824,4293190,148561189,Wh,SOLAR AND BATTERY DB,20.0,False
2025-04-10T06:20:00+08:00,142824,4293218,148561189,Wh,SOLAR AND BATTERY DB,20.0,False
2025-04-10T06:40:00+08:00,142824,4293245,148561189,Wh,SOLAR AND BATTERY DB,20.0,False
2025-04-10T07:00:00+08:00,142824,4293247,148561227,Wh,SOLAR AND BATTERY DB,20.0,False
2025-04-10T07:20:00+08:00,142824,4293247,148561401,Wh,SOLAR AND BATTERY DB,20.0,False
2025-04-10T07:40:00+08:00,142824,4293247,148561789,Wh,SOLAR AND BATTERY DB,20.0,False
2025-04-10T08:00:00+08:00,142824,4293247,148562468,Wh,SOLAR AND BATTERY DB,20.0,False
2025-04-10T08:20:00+08:00,142824,4293247,148563349,Wh,SOLAR AND BATTERY DB,20.0,False
2025-04-10T08:40:00+08:00,142824,4293247,148564184,Wh,SOLAR AND BATTERY DB,20.0,False
2025-04-10T09:00:00+08:00,142824,4293247,148565491,Wh,SOLAR AND BATTERY DB,20.0,False
2025-04-10T09:20:00+08:00,142824,4293247,148568135,Wh,SOLAR AND BATTERY DB,20.0,False
2025-04-10T09:40:00+08:00,142824,4293247,148569755,Wh,SOLAR AND BATTERY DB,20.0,False
2025-04-10T10:00:00+08:00,142824,4293247,148571839,Wh,SOLAR AND BATTERY DB,20.0,False
2025-04-10T10:20:00+08:00,142824,4293247,148574133,Wh,SOLAR AND BATTERY DB,20.0,False
2025-04-10T10:40:00+08:00,142824,4293247,148576257,Wh,SOLAR AND BATTERY DB,20.0,False
2025-04-10T11:00:00+08:00,142824,4293247,148578038,Wh,SOLAR AND BATTERY DB,20.0,False
2025-04-10T11:20:00+08:00,142824,4293247,148580132,Wh,SOLAR AND BATTERY DB,20.0,False
2025-04-10T11:40:00+08:00,142824,4293247,148582341,Wh,SOLAR AND BATTERY DB,20.0,False
2025-04-10T12:00:00+08:00,142824,4293247,148584830,Wh,SOLAR AND BATTERY DB,20.0,False
2025-04-10T12:20:00+08:00,142824,4293247,148587496,Wh,SOLAR AND BATTERY DB,20.0,False
2025-04-10T12:40:00+08:00,142824,4293247,148589751,Wh,SOLAR AND BATTERY DB,20.0,False
2025-04-10T13:00:00+08:00,142824,4293247,148592152,Wh,SOLAR AND BATTERY DB,20.0,False
2025-04-10T13:20:00+08:00,142824,4293247,148594467,Wh,SOLAR AND BATTERY DB,20.0,False
2025-04-10T13:40:00+08:00,142824,4293247,148596709,Wh,SOLAR AND BATTERY DB,20.0,False
2025-04-10T14:00:00+08:00,142824,4293247,148599291,Wh,SOLAR AND BATTERY DB,20.0,False
2025-04-10T14:20:00+08:00,142824,4293247,148601920,Wh,SOLAR AND BATTERY DB,20.0,False
2025-04-10T14:40:00+08:00,142824,4293247,148603528,Wh,SOLAR AND BATTERY DB,20.0,False
2025-04-10T15:00:00+08:00,142824,4293247,148605342,Wh,SOLAR AND BATTERY DB,20.0,False
2025-04-10T15:20:00+08:00,142824,4293247,148607385,Wh,SOLAR AND BATTERY DB,20.0,False
2025-04-10T15:40:00+08:00,142824,4293247,148609897,Wh,SOLAR AND BATTERY DB,20.0,False
2025-04-10T16:00:00+08:00,142824,4293247,148612003,Wh,SOLAR AND BATTERY DB,20.0,False
2025-04-10T16:20:00+08:00,142824,4293247,148614531,Wh,SOLAR AND BATTERY DB,20.0,False
2025-04-10T16:40:00+08:00,142824,4293247,148617304,Wh,SOLAR AND BATTERY DB,20.0,False
2025-04-10T17:00:00+08:00,142824,4293247,148619378,Wh,SOLAR AND BATTERY DB,20.0,False
2025-04-10T17:20:00+08:00,142824,4293247,148621257,Wh,SOLAR AND BATTERY DB,20.0,False
2025-04-10T17:40:00+08:00,142824,4293247,148622841,Wh,SOLAR AND BATTERY DB,20.0,False
2025-04-10T18:00:00+08:00,142824,4293247,148624332,Wh,SOLAR AND BATTERY DB,20.0,False
2025-04-10T18:20:00+08:00,142824,4293247,148625796,Wh,SOLAR AND BATTERY DB,20.0,False
2025-04-10T18:40:00+08:00,142824,4293247,148627271,Wh,SOLAR AND BATTERY DB,20.0,False
2025-04-10T19:00:00+08:00,142824,4293247,148628749,Wh,SOLAR AND BATTERY DB,20.0,False
2025-04-10T19:20:00+08:00,142824,4293247,148630233,Wh,SOLAR AND BATTERY DB,20.0,False
2025-04-10T19:40:00+08:00,142824,4293247,148631658,Wh,SOLAR AND BATTERY DB,20.0,False
2025-04-10T20:00:00+08:00,142824,4293247,148632829,Wh,SOLAR AND BATTERY DB,20.0,False
2025-04-10T20:20:00+08:00,142824,4293247,148633975,Wh,SOLAR AND BATTERY DB,20.0,False
2025-04-10T20:40:00+08:00,142824,4293247,148635106,Wh,SOLAR AND BATTERY DB,20.0,False
2025-04-10T21:00:00+08:00,142824,4293247,148636136,Wh,SOLAR AND BATTERY DB,20.0,False
2025-04-10T21:20:00+08:00,142824,4293247,148636511,Wh,SOLAR AND BATTERY DB,20.0,False
2025-04-10T21:40:00+08:00,142824,4293247,148636636,Wh,SOLAR AND BATTERY DB,20.0,False
2025-04-10T22:00:00+08:00,142824,4293258,148636686,Wh,SOLAR AND BATTERY DB,20.0,False
2025-04-10T22:20:00+08:00,142824,4293281,148636692,Wh,SOLAR AND BATTERY DB,20.0,False
2025-04-10T22:40:00+08:00,142824,4293307,148636692,Wh,SOLAR AND BATTERY DB,20.0,False
2025-04-10T23:00:00+08:00,142824,4293332,148636692,Wh,SOLAR AND BATTERY DB,20.0,False
2025-04-10T23:20:00+08:00,142824,4293358,148636692,Wh,SOLAR AND BATTERY DB,20.0,False
2025-04-10T23:40:00+08:00,142824,4293384,148636692,Wh,SOLAR AND BATTERY DB,20.0,False
2025-04-11T00:00:00+08:00,142824,4293410,148636692,Wh,SOLAR AND BATTERY DB,20.0,False
2025-04-11T00:20:00+08:00,142824,4293435,148636692,Wh,SOLAR AND BATTERY DB,20.0,False
2025-04-11T00:40:00+08:00,142824,4293461,148636692,Wh,SOLAR AND BATTERY DB,20.0,False
2025-04-11T01:00:00+08:00,142824,4293486,148636692,Wh,SOLAR AND BATTERY DB,20.0,False
2025-04-11T01:20:00+08:00,142824,4293512,148636692,Wh,SOLAR AND BATTERY DB,20.0,False
2025-04-11T01:40:00+08:00,142824,4293538,148636692,Wh,SOLAR AND BATTERY DB,20.0,False
2025-04-11T02:00:00+08:00,142824,4293563,148636692,Wh,SOLAR AND BATTERY DB,20.0,False
2025-04-11T02:20:00+08:00,142824,4293589,148636692,Wh,SOLAR AND BATTERY DB,20.0,False
2025-04-11T02:40:00+08:00,142824,4293614,148636692,Wh,SOLAR AND BATTERY DB,20.0,False
2025-04-11T03:00:00+08:00,142824,4293640,148636692,Wh,SOLAR AND BATTERY DB,20.0,False
2025-04-11T03:20:00+08:00,142824,4293666,148636692,Wh,SOLAR AND BATTERY DB,20.0,False
2025-04-11T03:40:00+08:00,142824,4293691,148636692,Wh,SOLAR AND BATTERY DB,20.0,False
2025-04-11T04:00:00+08:00,142824,4293717,148636692,Wh,SOLAR AND BATTERY DB,20.0,False
2025-04-11T04:20:00+08:00,142824,4293743,148636692,Wh,SOLAR AND BATTERY DB,20.0,False
2025-04-11T04:40:00+08:00,142824,4293769,148636692,Wh,SOLAR AND BATTERY DB,20.0,False
2025-04-11T05:00:00+08:00,142824,4293794,148636692,Wh,SOLAR AND BATTERY DB,20.0,False
2025-04-11T05:20:00+08:00,142824,4293820,148636692,Wh,SOLAR AND BATTERY DB,20.0,False
2025-04-11T05:40:00+08:00,142824,4293845,148636692,Wh,SOLAR AND BATTERY DB,20.0,False
2025-04-11T06:00:00+08:00,142824,4293871,148636692,Wh,SOLAR AND BATTERY DB,20.0,False
2025-04-11T06:20:00+08:00,142824,4293899,148636692,Wh,SOLAR AND BATTERY DB,20.0,False
2025-04-11T06:40:00+08:00,142824,4293926,148636692,Wh,SOLAR AND BATTERY DB,20.0,False
2025-04-11T07:00:00+08:00,142824,4293929,148636720,Wh,SOLAR AND BATTERY DB,20.0,False
2025-04-11T07:20:00+08:00,142824,4293929,148636873,Wh,SOLAR AND BATTERY DB,20.0,False
2025-04-11T07:40:00+08:00,142824,4293929,148637245,Wh,SOLAR AND BATTERY DB,20.0,False
2025-04-11T08:00:00+08:00,142824,4293929,148637964,Wh,SOLAR AND BATTERY DB,20.0,False
2025-04-11T08:20:00+08:00,142824,4293929,148638927,Wh,SOLAR AND BATTERY DB,20.0,False
2025-04-11T08:40:00+08:00,142824,4293929,148640163,Wh,SOLAR AND BATTERY DB,20.0,False
2025-04-11T09:00:00+08:00,142824,4293929,148642058,Wh,SOLAR AND BATTERY DB,20.0,False
2025-04-11T09:20:00+08:00,142824,4293929,148644690,Wh,SOLAR AND BATTERY DB,20.0,False
2025-04-11T09:40:00+08:00,142824,4293929,148646485,Wh,SOLAR AND BATTERY DB,20.0,False
2025-04-11T10:00:00+08:00,142824,4293929,148648271,Wh,SOLAR AND BATTERY DB,20.0,False
2025-04-11T10:20:00+08:00,142824,4293929,148649891,Wh,SOLAR AND BATTERY DB,20.0,False
2025-04-11T10:40:00+08:00,142824,4293929,148652354,Wh,SOLAR AND BATTERY DB,20.0,False
2025-04-11T11:00:00+08:00,142824,4293929,148655403,Wh,SOLAR AND BATTERY DB,20.0,False
2025-04-11T11:20:00+08:00,142824,4293929,148658346,Wh,SOLAR AND BATTERY DB,20.0,False
2025-04-11T11:40:00+08:00,142824,4293929,148660444,Wh,SOLAR AND BATTERY DB,20.0,False
2025-04-11T12:00:00+08:00,142824,4293929,148663745,Wh,SOLAR AND BATTERY DB,20.0,False
2025-04-11T12:20:00+08:00,142824,4293929,148667517,Wh,SOLAR AND BATTERY DB,20.0,False
2025-04-11T12:40:00+08:00,142824,4293929,148669714,Wh,SOLAR AND BATTERY DB,20.0,False
2025-04-11T13:00:00+08:00,142824,4293929,148673009,Wh,SOLAR AND BATTERY DB,20.0,False
2025-04-11T13:20:00+08:00,142824,4293929,148676687,Wh,SOLAR AND BATTERY DB,20.0,False
2025-04-11T13:40:00+08:00,142824,4293929,148680267,Wh,SOLAR AND BATTERY DB,20.0,False
2025-04-11T14:00:00+08:00,142824,4293929,148683724,Wh,SOLAR AND BATTERY DB,20.0,False
2025-04-11T14:20:00+08:00,142824,4293929,148687066,Wh,SOLAR AND BATTERY DB,20.0,False
2025-04-11T14:40:00+08:00,142824,4293929,148690222,Wh,SOLAR AND BATTERY DB,20.0,False
2025-04-11T15:00:00+08:00,142824,4293929,148693140,Wh,SOLAR AND BATTERY DB,20.0,False
2025-04-11T15:20:00+08:00,142824,4293929,148696185,Wh,SOLAR AND BATTERY DB,20.0,False
2025-04-11T15:40:00+08:00,142824,4293929,148699301,Wh,SOLAR AND BATTERY DB,20.0,False
2025-04-11T16:00:00+08:00,142824,4293929,148701984,Wh,SOLAR AND BATTERY DB,20.0,False
2025-04-11T16:20:00+08:00,142824,4293929,148705052,Wh,SOLAR AND BATTERY DB,20.0,False
2025-04-11T16:40:00+08:00,142824,4293929,148707649,Wh,SOLAR AND BATTERY DB,20.0,False
2025-04-11T17:00:00+08:00,142824,4293929,148709525,Wh,SOLAR AND BATTERY DB,20.0,False
2025-04-11T17:20:00+08:00,142824,4293929,148711242,Wh,SOLAR AND BATTERY DB,20.0,False
2025-04-11T17:40:00+08:00,142824,4293929,148712189,Wh,SOLAR AND BATTERY DB,20.0,False
2025-04-11T18:00:00+08:00,142824,4293944,148712536,Wh,SOLAR AND BATTERY DB,20.0,False
2025-04-11T18:20:00+08:00,142824,4293973,148712536,Wh,SOLAR AND BATTERY DB,20.0,False
2025-04-11T18:40:00+08:00,142824,4294001,148712536,Wh,SOLAR AND BATTERY DB,20.0,False
2025-04-11T19:00:00+08:00,142824,4294027,148712536,Wh,SOLAR AND BATTERY DB,20.0,False
2025-04-11T19:20:00+08:00,142824,4294054,148712536,Wh,SOLAR AND BATTERY DB,20.0,False
2025-04-11T19:40:00+08:00,142824,4294080,148712536,Wh,SOLAR AND BATTERY DB,20.0,False
2025-04-11T20:00:00+08:00,142824,4294107,148712536,Wh,SOLAR AND BATTERY DB,20.0,False
2025-04-11T20:20:00+08:00,142824,4294133,148712536,Wh,SOLAR AND BATTERY DB,20.0,False
2025-04-11T20:40:00+08:00,142824,4294159,148712536,Wh,SOLAR AND BATTERY DB,20.0,False
2025-04-11T21:00:00+08:00,142824,4294186,148712536,Wh,SOLAR AND BATTERY DB,20.0,False
2025-04-11T21:20:00+08:00,142824,4294212,148712536,Wh,SOLAR AND BATTERY DB,20.0,False
2025-04-11T21:40:00+08:00,142824,4294238,148712536,Wh,SOLAR AND BATTERY DB,20.0,False
2025-04-11T22:00:00+08:00,142824,4294264,148712536,Wh,SOLAR AND BATTERY DB,20.0,False
2025-04-11T22:20:00+08:00,142824,4294290,148712536,Wh,SOLAR AND BATTERY DB,20.0,False
2025-04-11T22:40:00+08:00,142824,4294316,148712536,Wh,SOLAR AND BATTERY DB,20.0,False
2025-04-11T23:00:00+08:00,142824,4294342,148712536,Wh,SOLAR AND BATTERY DB,20.0,False
2025-04-11T23:20:00+08:00,142824,4294368,148712536,Wh,SOLAR AND BATTERY DB,20.0,False
2025-04-11T23:40:00+08:00,142824,4294394,148712536,Wh,SOLAR AND BATTERY DB,20.0,False
2025-04-12T00:00:00+08:00,142824,4294420,148712536,Wh,SOLAR AND BATTERY DB,20.0,False
2025-04-12T00:20:00+08:00,142824,4294446,148712536,Wh,SOLAR AND BATTERY DB,20.0,False
2025-04-12T00:40:00+08:00,142824,4294472,148712536,Wh,SOLAR AND BATTERY DB,20.0,False
2025-04-12T01:00:00+08:00,142824,4294498,148712536,Wh,SOLAR AND BATTERY DB,20.0,False
2025-04-12T01:20:00+08:00,142824,4294524,148712536,Wh,SOLAR AND BATTERY DB,20.0,False
2025-04-12T01:40:00+08:00,142824,4294550,148712536,Wh,SOLAR AND BATTERY DB,20.0,False
2025-04-12T02:00:00+08:00,142824,4294576,148712536,Wh,SOLAR AND BATTERY DB,20.0,False
2025-04-12T02:20:00+08:00,142824,4294602,148712536,Wh,SOLAR AND BATTERY DB,20.0,False
2025-04-12T02:40:00+08:00,142824,4294628,148712536,Wh,SOLAR AND BATTERY DB,20.0,False
2025-04-12T03:00:00+08:00,142824,4294654,148712536,Wh,SOLAR AND BATTERY DB,20.0,False
2025-04-12T03:20:00+08:00,142824,4294680,148712536,Wh,SOLAR AND BATTERY DB,20.0,False
2025-04-12T03:40:00+08:00,142824,4294706,148712536,Wh,SOLAR AND BATTERY DB,20.0,False
2025-04-12T04:00:00+08:00,142824,4294732,148712536,Wh,SOLAR AND BATTERY DB,20.0,False
2025-04-12T04:20:00+08:00,142824,4294758,148712536,Wh,SOLAR AND BATTERY DB,20.0,False
2025-04-12T04:40:00+08:00,142824,4294784,148712536,Wh,SOLAR AND BATTERY DB,20.0,False
2025-04-12T05:00:00+08:00,142824,4294810,148712536,Wh,SOLAR AND BATTERY DB,20.0,False
2025-04-12T05:20:00+08:00,142824,4294836,148712536,Wh,SOLAR AND BATTERY DB,20.0,False
2025-04-12T05:40:00+08:00,142824,4294862,148712536,Wh,SOLAR AND BATTERY DB,20.0,False
2025-04-12T06:00:00+08:00,142824,4294888,148712536,Wh,SOLAR AND BATTERY DB,20.0,False
2025-04-12T06:20:00+08:00,142824,4294915,148712536,Wh,SOLAR AND BATTERY DB,20.0,False
2025-04-12T06:40:00+08:00,142824,4294944,148712536,Wh,SOLAR AND BATTERY DB,20.0,False
2025-04-12T07:00:00+08:00,142824,4294952,148712555,Wh,SOLAR AND BATTERY DB,20.0,False
2025-04-12T07:20:00+08:00,142824,4294952,148712666,Wh,SOLAR AND BATTERY DB,20.0,False
2025-04-12T07:40:00+08:00,142824,4294952,148712833,Wh,SOLAR AND BATTERY DB,20.0,False
2025-04-12T08:00:00+08:00,142824,4294952,148713259,Wh,SOLAR AND BATTERY DB,20.0,False
2025-04-12T08:20:00+08:00,142824,4294952,148714410,Wh,SOLAR AND BATTERY DB,20.0,False
2025-04-12T08:40:00+08:00,142824,4294952,148715934,Wh,SOLAR AND BATTERY DB,20.0,False
2025-04-12T09:00:00+08:00,142824,4294952,148717288,Wh,SOLAR AND BATTERY DB,20.0,False
2025-04-12T09:20:00+08:00,142824,4294952,148719080,Wh,SOLAR AND BATTERY DB,20.0,False
2025-04-12T09:40:00+08:00,142824,4294952,148721168,Wh,SOLAR AND BATTERY DB,20.0,False
2025-04-12T10:00:00+08:00,142824,4294952,148723625,Wh,SOLAR AND BATTERY DB,20.0,False
2025-04-12T10:20:00+08:00,142824,4294952,148726744,Wh,SOLAR AND BATTERY DB,20.0,False
2025-04-12T10:40:00+08:00,142824,4294952,148729580,Wh,SOLAR AND BATTERY DB,20.0,False
2025-04-12T11:00:00+08:00,142824,4294952,148731764,Wh,SOLAR AND BATTERY DB,20.0,False
2025-04-12T11:20:00+08:00,142824,4294955,148734018,Wh,SOLAR AND BATTERY DB,20.0,False
2025-04-12T11:40:00+08:00,142824,4294955,148736577,Wh,SOLAR AND BATTERY DB,20.0,False
2025-04-12T12:00:00+08:00,142824,4294955,148739393,Wh,SOLAR AND BATTERY DB,20.0,False
2025-04-12T12:20:00+08:00,142824,4294955,148742679,Wh,SOLAR AND BATTERY DB,20.0,False
2025-04-12T12:40:00+08:00,142824,4294955,148746348,Wh,SOLAR AND BATTERY DB,20.0,False
2025-04-12T13:00:00+08:00,142824,4294955,148748800,Wh,SOLAR AND BATTERY DB,20.0,False
2025-04-12T13:20:00+08:00,142824,4294955,148751636,Wh,SOLAR AND BATTERY DB,20.0,False
2025-04-12T13:40:00+08:00,142824,4294955,148754617,Wh,SOLAR AND BATTERY DB,20.0,False
2025-04-12T14:00:00+08:00,142824,4294955,148757668,Wh,SOLAR AND BATTERY DB,20.0,False
2025-04-12T14:20:00+08:00,142824,4294955,148761112,Wh,SOLAR AND BATTERY DB,20.0,False
2025-04-12T14:40:00+08:00,142824,4294955,148764279,Wh,SOLAR AND BATTERY DB,20.0,False
2025-04-12T15:00:00+08:00,142824,4294955,148767086,Wh,SOLAR AND BATTERY DB,20.0,False
2025-04-12T15:20:00+08:00,142824,4294955,148770359,Wh,SOLAR AND BATTERY DB,20.0,False
2025-04-12T15:40:00+08:00,142824,4294955,148774582,Wh,SOLAR AND BATTERY DB,20.0,False
2025-04-12T16:00:00+08:00,142824,4294955,148778159,Wh,SOLAR AND BATTERY DB,20.0,False
2025-04-12T16:20:00+08:00,142824,4294955,148781300,Wh,SOLAR AND BATTERY DB,20.0,False
2025-04-12T16:40:00+08:00,142824,4294955,148783738,Wh,SOLAR AND BATTERY DB,20.0,False
2025-04-12T17:00:00+08:00,142824,4294955,148785153,Wh,SOLAR AND BATTERY DB,20.0,False
2025-04-12T17:20:00+08:00,142824,4294955,148785562,Wh,SOLAR AND BATTERY DB,20.0,False
2025-04-12T17:40:00+08:00,142824,4294955,148785663,Wh,SOLAR AND BATTERY DB,20.0,False
2025-04-12T18:00:00+08:00,142824,4294966,148785672,Wh,SOLAR AND BATTERY DB,20.0,False
2025-04-12T18:20:00+08:00,142824,4294996,148785672,Wh,SOLAR AND BATTERY DB,20.0,False
2025-04-12T18:40:00+08:00,142824,4295024,148785672,Wh,SOLAR AND BATTERY DB,20.0,False
2025-04-12T19:00:00+08:00,142824,4295050,148785672,Wh,SOLAR AND BATTERY DB,20.0,False
2025-04-12T19:20:00+08:00,142824,4295076,148785672,Wh,SOLAR AND BATTERY DB,20.0,False
2025-04-12T19:40:00+08:00,142824,4295103,148785672,Wh,SOLAR AND BATTERY DB,20.0,False
2025-04-12T20:00:00+08:00,142824,4295129,148785672,Wh,SOLAR AND BATTERY DB,20.0,False
2025-04-12T20:20:00+08:00,142824,4295155,148785672,Wh,SOLAR AND BATTERY DB,20.0,False
2025-04-12T20:40:00+08:00,142824,4295182,148785672,Wh,SOLAR AND BATTERY DB,20.0,False
2025-04-12T21:00:00+08:00,142824,4295208,148785672,Wh,SOLAR AND BATTERY DB,20.0,False
2025-04-12T21:20:00+08:00,142824,4295234,148785672,Wh,SOLAR AND BATTERY DB,20.0,False
2025-04-12T21:40:00+08:00,142824,4295260,148785672,Wh,SOLAR AND BATTERY DB,20.0,False
2025-04-12T22:00:00+08:00,142824,4295286,148785672,Wh,SOLAR AND BATTERY DB,20.0,False
2025-04-12T22:20:00+08:00,142824,4295312,148785672,Wh,SOLAR AND BATTERY DB,20.0,False
2025-04-12T22:40:00+08:00,142824,4295338,148785672,Wh,SOLAR AND BATTERY DB,20.0,False
2025-04-12T23:00:00+08:00,142824,4295364,148785672,Wh,SOLAR AND BATTERY DB,20.0,False
2025-04-12T23:20:00+08:00,142824,4295390,148785672,Wh,SOLAR AND BATTERY DB,20.0,False
2025-04-12T23:40:00+08:00,142824,4295416,148785672,Wh,SOLAR AND BATTERY DB,20.0,False
2025-04-13T00:00:00+08:00,142824,4295442,148785672,Wh,SOLAR AND BATTERY DB,20.0,False
2025-04-13T00:20:00+08:00,142824,4295468,148785672,Wh,SOLAR AND BATTERY DB,20.0,False
2025-04-13T00:40:00+08:00,142824,4295494,148785672,Wh,SOLAR AND BATTERY DB,20.0,False
2025-04-13T01:00:00+08:00,142824,4295520,148785672,Wh,SOLAR AND BATTERY DB,20.0,False
2025-04-13T01:20:00+08:00,142824,4295546,148785672,Wh,SOLAR AND BATTERY DB,20.0,False
2025-04-13T01:40:00+08:00,142824,4295572,148785672,Wh,SOLAR AND BATTERY DB,20.0,False
2025-04-13T02:00:00+08:00,142824,4295597,148785672,Wh,SOLAR AND BATTERY DB,20.0,False
2025-04-13T02:20:00+08:00,142824,4295623,148785672,Wh,SOLAR AND BATTERY DB,20.0,False
2025-04-13T02:40:00+08:00,142824,4295649,148785672,Wh,SOLAR AND BATTERY DB,20.0,False
2025-04-13T03:00:00+08:00,142824,4295674,148785672,Wh,SOLAR AND BATTERY DB,20.0,False
2025-04-13T03:20:00+08:00,142824,4295700,148785672,Wh,SOLAR AND BATTERY DB,20.0,False
2025-04-13T03:40:00+08:00,142824,4295726,148785672,Wh,SOLAR AND BATTERY DB,20.0,False
2025-04-13T04:00:00+08:00,142824,4295752,148785672,Wh,SOLAR AND BATTERY DB,20.0,False
2025-04-13T04:20:00+08:00,142824,4295777,148785672,Wh,SOLAR AND BATTERY DB,20.0,False
2025-04-13T04:40:00+08:00,142824,4295803,148785672,Wh,SOLAR AND BATTERY DB,20.0,False
2025-04-13T05:00:00+08:00,142824,4295829,148785672,Wh,SOLAR AND BATTERY DB,20.0,False
2025-04-13T05:20:00+08:00,142824,4295855,148785672,Wh,SOLAR AND BATTERY DB,20.0,False
2025-04-13T05:40:00+08:00,142824,4295881,148785672,Wh,SOLAR AND BATTERY DB,20.0,False
2025-04-13T06:00:00+08:00,142824,4295906,148785672,Wh,SOLAR AND BATTERY DB,20.0,False
2025-04-13T06:20:00+08:00,142824,4295934,148785672,Wh,SOLAR AND BATTERY DB,20.0,False
2025-04-13T06:40:00+08:00,142824,4295962,148785672,Wh,SOLAR AND BATTERY DB,20.0,False
2025-04-13T07:00:00+08:00,142824,4295972,148785688,Wh,SOLAR AND BATTERY DB,20.0,False
2025-04-13T07:20:00+08:00,142824,4295972,148785903,Wh,SOLAR AND BATTERY DB,20.0,False
2025-04-13T07:40:00+08:00,142824,4295972,148786429,Wh,SOLAR AND BATTERY DB,20.0,False
2025-04-13T08:00:00+08:00,142824,4295972,148787235,Wh,SOLAR AND BATTERY DB,20.0,False
2025-04-13T08:20:00+08:00,142824,4295972,148788645,Wh,SOLAR AND BATTERY DB,20.0,False
2025-04-13T08:40:00+08:00,142824,4295972,148790398,Wh,SOLAR AND BATTERY DB,20.0,False
2025-04-13T09:00:00+08:00,142824,4295972,148792549,Wh,SOLAR AND BATTERY DB,20.0,False
2025-04-13T09:20:00+08:00,142824,4295972,148794666,Wh,SOLAR AND BATTERY DB,20.0,False
2025-04-13T09:40:00+08:00,142824,4295972,148797222,Wh,SOLAR AND BATTERY DB,20.0,False
2025-04-13T10:00:00+08:00,142824,4295972,148799622,Wh,SOLAR AND BATTERY DB,20.0,False
2025-04-13T10:20:00+08:00,142824,4295972,148801627,Wh,SOLAR AND BATTERY DB,20.0,False
2025-04-13T10:40:00+08:00,142824,4295972,148804540,Wh,SOLAR AND BATTERY DB,20.0,False
2025-04-13T11:00:00+08:00,142824,4295972,148807742,Wh,SOLAR AND BATTERY DB,20.0,False
2025-04-13T11:20:00+08:00,142824,4295972,148811062,Wh,SOLAR AND BATTERY DB,20.0,False
2025-04-13T11:40:00+08:00,142824,4295972,148813199,Wh,SOLAR AND BATTERY DB,20.0,False
2025-04-13T12:00:00+08:00,142824,4295972,148815756,Wh,SOLAR AND BATTERY DB,20.0,False
2025-04-13T12:20:00+08:00,142824,4295972,148818519,Wh,SOLAR AND BATTERY DB,20.0,False
2025-04-13T12:40:00+08:00,142824,4295972,148822126,Wh,SOLAR AND BATTERY DB,20.0,False
2025-04-13T13:00:00+08:00,142824,4295972,148826038,Wh,SOLAR AND BATTERY DB,20.0,False
2025-04-13T13:20:00+08:00,142824,4295972,148829649,Wh,SOLAR AND BATTERY DB,20.0,False
2025-04-13T13:40:00+08:00,142824,4295972,148832718,Wh,SOLAR AND BATTERY DB,20.0,False
2025-04-13T14:00:00+08:00,142824,4295972,148835155,Wh,SOLAR AND BATTERY DB,20.0,False
2025-04-13T14:20:00+08:00,142824,4295972,148836412,Wh,SOLAR AND BATTERY DB,20.0,False
2025-04-13T14:40:00+08:00,142824,4295972,148838953,Wh,SOLAR AND BATTERY DB,20.0,False
2025-04-13T15:00:00+08:00,142824,4295972,148841323,Wh,SOLAR AND BATTERY DB,20.0,False
2025-04-13T15:20:00+08:00,142824,4295972,148843900,Wh,SOLAR AND BATTERY DB,20.0,False
2025-04-13T15:40:00+08:00,142824,4295972,148846095,Wh,SOLAR AND BATTERY DB,20.0,False
2025-04-13T16:00:00+08:00,142824,4295972,148848187,Wh,SOLAR AND BATTERY DB,20.0,False
2025-04-13T16:20:00+08:00,142824,4295972,148850044,Wh,SOLAR AND BATTERY DB,20.0,False
2025-04-13T16:40:00+08:00,142824,4295972,148851420,Wh,SOLAR AND BATTERY DB,20.0,False
2025-04-13T17:00:00+08:00,142824,4295972,148851957,Wh,SOLAR AND BATTERY DB,20.0,False
2025-04-13T17:20:00+08:00,142824,4295972,148852070,Wh,SOLAR AND BATTERY DB,20.0,False
2025-04-13T17:40:00+08:00,142824,4295972,148852157,Wh,SOLAR AND BATTERY DB,20.0,False
2025-04-13T18:00:00+08:00,142824,4295991,148852159,Wh,SOLAR AND BATTERY DB,20.0,False
2025-04-13T18:20:00+08:00,142824,4296019,148852159,Wh,SOLAR AND BATTERY DB,20.0,False
2025-04-13T18:40:00+08:00,142824,4296046,148852159,Wh,SOLAR AND BATTERY DB,20.0,False
2025-04-13T19:00:00+08:00,142824,4296072,148852159,Wh,SOLAR AND BATTERY DB,20.0,False
2025-04-13T19:20:00+08:00,142824,4296098,148852159,Wh,SOLAR AND BATTERY DB,20.0,False
2025-04-13T19:40:00+08:00,142824,4296123,148852159,Wh,SOLAR AND BATTERY DB,20.0,False
2025-04-13T20:00:00+08:00,142824,4296149,148852159,Wh,SOLAR AND BATTERY DB,20.0,False
2025-04-13T20:20:00+08:00,142824,4296175,148852159,Wh,SOLAR AND BATTERY DB,20.0,False
2025-04-13T20:40:00+08:00,142824,4296201,148852159,Wh,SOLAR AND BATTERY DB,20.0,False
2025-04-13T21:00:00+08:00,142824,4296227,148852159,Wh,SOLAR AND BATTERY DB,20.0,False
2025-04-13T21:20:00+08:00,142824,4296253,148852159,Wh,SOLAR AND BATTERY DB,20.0,False
2025-04-13T21:40:00+08:00,142824,4296279,148852159,Wh,SOLAR AND BATTERY DB,20.0,False
2025-04-13T22:00:00+08:00,142824,4296305,148852159,Wh,SOLAR AND BATTERY DB,20.0,False
2025-04-13T22:20:00+08:00,142824,4296331,148852159,Wh,SOLAR AND BATTERY DB,20.0,False
2025-04-13T22:40:00+08:00,142824,4296357,148852159,Wh,SOLAR AND BATTERY DB,20.0,False
2025-04-13T23:00:00+08:00,142824,4296382,148852159,Wh,SOLAR AND BATTERY DB,20.0,False
2025-04-13T23:20:00+08:00,142824,4296408,148852159,Wh,SOLAR AND BATTERY DB,20.0,False
2025-04-13T23:40:00+08:00,142824,4296434,148852159,Wh,SOLAR AND BATTERY DB,20.0,False
2025-04-14T00:00:00+08:00,142824,4296460,148852159,Wh,SOLAR AND BATTERY DB,20.0,False
2025-04-14T00:20:00+08:00,142824,4296486,148852159,Wh,SOLAR AND BATTERY DB,20.0,False
2025-04-14T00:40:00+08:00,142824,4296512,148852159,Wh,SOLAR AND BATTERY DB,20.0,False
2025-04-14T01:00:00+08:00,142824,4296537,148852159,Wh,SOLAR AND BATTERY DB,20.0,False
2025-04-14T01:20:00+08:00,142824,4296563,148852159,Wh,SOLAR AND BATTERY DB,20.0,False
2025-04-14T01:40:00+08:00,142824,4296589,148852159,Wh,SOLAR AND BATTERY DB,20.0,False
2025-04-14T02:00:00+08:00,142824,4296615,148852159,Wh,SOLAR AND BATTERY DB,20.0,False
2025-04-14T02:20:00+08:00,142824,4296641,148852159,Wh,SOLAR AND BATTERY DB,20.0,False
2025-04-14T02:40:00+08:00,142824,4296667,148852159,Wh,SOLAR AND BATTERY DB,20.0,False
2025-04-14T03:00:00+08:00,142824,4296693,148852159,Wh,SOLAR AND BATTERY DB,20.0,False
2025-04-14T03:20:00+08:00,142824,4296718,148852159,Wh,SOLAR AND BATTERY DB,20.0,False
2025-04-14T03:40:00+08:00,142824,4296745,148852159,Wh,SOLAR AND BATTERY DB,20.0,False
2025-04-14T04:00:00+08:00,142824,4296770,148852159,Wh,SOLAR AND BATTERY DB,20.0,False
2025-04-14T04:20:00+08:00,142824,4296796,148852159,Wh,SOLAR AND BATTERY DB,20.0,False
2025-04-14T04:40:00+08:00,142824,4296822,148852159,Wh,SOLAR AND BATTERY DB,20.0,False
2025-04-14T05:00:00+08:00,142824,4296848,148852159,Wh,SOLAR AND BATTERY DB,20.0,False
2025-04-14T05:20:00+08:00,142824,4296874,148852159,Wh,SOLAR AND BATTERY DB,20.0,False
2025-04-14T05:40:00+08:00,142824,4296899,148852159,Wh,SOLAR AND BATTERY DB,20.0,False
2025-04-14T06:00:00+08:00,142824,4296925,148852159,Wh,SOLAR AND BATTERY DB,20.0,False
2025-04-14T06:20:00+08:00,142824,4296953,148852159,Wh,SOLAR AND BATTERY DB,20.0,False
2025-04-14T06:40:00+08:00,142824,4296981,148852159,Wh,SOLAR AND BATTERY DB,20.0,False
2025-04-14T07:00:00+08:00,142824,4296991,148852189,Wh,SOLAR AND BATTERY DB,20.0,False
2025-04-14T07:20:00+08:00,142824,4296991,148852259,Wh,SOLAR AND BATTERY DB,20.0,False
2025-04-14T07:40:00+08:00,142824,4296991,148852561,Wh,SOLAR AND BATTERY DB,20.0,False
2025-04-14T08:00:00+08:00,142824,4296991,148853195,Wh,SOLAR AND BATTERY DB,20.0,False
2025-04-14T08:20:00+08:00,142824,4296991,148853780,Wh,SOLAR AND BATTERY DB,20.0,False
2025-04-14T08:40:00+08:00,142824,4296991,148855342,Wh,SOLAR AND BATTERY DB,20.0,False
2025-04-14T09:00:00+08:00,142824,4296991,148856050,Wh,SOLAR AND BATTERY DB,20.0,False
2025-04-14T09:20:00+08:00,142824,4296991,148857117,Wh,SOLAR AND BATTERY DB,20.0,False
2025-04-14T09:40:00+08:00,142824,4296991,148858116,Wh,SOLAR AND BATTERY DB,20.0,False
2025-04-14T10:00:00+08:00,142824,4296991,148859351,Wh,SOLAR AND BATTERY DB,20.0,False
2025-04-14T10:20:00+08:00,142824,4297001,148861043,Wh,SOLAR AND BATTERY DB,20.0,False
2025-04-14T10:40:00+08:00,142824,4297002,148862835,Wh,SOLAR AND BATTERY DB,20.0,False
2025-04-14T11:00:00+08:00,142824,4297002,148863982,Wh,SOLAR AND BATTERY DB,20.0,False
2025-04-14T11:20:00+08:00,142824,4297005,148865984,Wh,SOLAR AND BATTERY DB,20.0,False
2025-04-14T11:40:00+08:00,142824,4297007,148868442,Wh,SOLAR AND BATTERY DB,20.0,False
2025-04-14T12:00:00+08:00,142824,4297008,148870980,Wh,SOLAR AND BATTERY DB,20.0,False
2025-04-14T12:20:00+08:00,142824,4297008,148873807,Wh,SOLAR AND BATTERY DB,20.0,False
2025-04-14T12:40:00+08:00,142824,4297008,148876643,Wh,SOLAR AND BATTERY DB,20.0,False
2025-04-14T13:00:00+08:00,142824,4297008,148879514,Wh,SOLAR AND BATTERY DB,20.0,False
2025-04-14T13:20:00+08:00,142824,4297008,148881935,Wh,SOLAR AND BATTERY DB,20.0,False
2025-04-14T13:40:00+08:00,142824,4297008,148884337,Wh,SOLAR AND BATTERY DB,20.0,False
2025-04-14T14:00:00+08:00,142824,4297008,148886678,Wh,SOLAR AND BATTERY DB,20.0,False
2025-04-14T14:20:00+08:00,142824,4297008,148889756,Wh,SOLAR AND BATTERY DB,20.0,False
2025-04-14T14:40:00+08:00,142824,4297008,148892850,Wh,SOLAR AND BATTERY DB,20.0,False
2025-04-14T15:00:00+08:00,142824,4297008,148895954,Wh,SOLAR AND BATTERY DB,20.0,False
2025-04-14T15:20:00+08:00,142824,4297008,148898009,Wh,SOLAR AND BATTERY DB,20.0,False
2025-04-14T15:40:00+08:00,142824,4297008,148900812,Wh,SOLAR AND BATTERY DB,20.0,False
2025-04-14T16:00:00+08:00,142824,4297008,148903370,Wh,SOLAR AND BATTERY DB,20.0,False
2025-04-14T16:20:00+08:00,142824,4297008,148905405,Wh,SOLAR AND BATTERY DB,20.0,False
2025-04-14T16:40:00+08:00,142824,4297008,148907061,Wh,SOLAR AND BATTERY DB,20.0,False
2025-04-14T17:00:00+08:00,142824,4297008,148909570,Wh,SOLAR AND BATTERY DB,20.0,False
2025-04-14T17:20:00+08:00,142824,4297008,148911564,Wh,SOLAR AND BATTERY DB,20.0,False
2025-04-14T17:40:00+08:00,142824,4297008,148913222,Wh,SOLAR AND BATTERY DB,20.0,False
2025-04-14T18:00:00+08:00,142824,4297008,148914783,Wh,SOLAR AND BATTERY DB,20.0,False
2025-04-14T18:20:00+08:00,142824,4297008,148916335,Wh,SOLAR AND BATTERY DB,20.0,False
2025-04-14T18:40:00+08:00,142824,4297008,148917901,Wh,SOLAR AND BATTERY DB,20.0,False
2025-04-14T19:00:00+08:00,142824,4297008,148919471,Wh,SOLAR AND BATTERY DB,20.0,False
2025-04-14T19:20:00+08:00,142824,4297008,148921043,Wh,SOLAR AND BATTERY DB,20.0,False
2025-04-14T19:40:00+08:00,142824,4297008,148922458,Wh,SOLAR AND BATTERY DB,20.0,False
2025-04-14T20:00:00+08:00,142824,4297016,148923009,Wh,SOLAR AND BATTERY DB,20.0,False
2025-04-14T20:20:00+08:00,142824,4297042,148923009,Wh,SOLAR AND BATTERY DB,20.0,False
2025-04-14T20:40:00+08:00,142824,4297068,148923009,Wh,SOLAR AND BATTERY DB,20.0,False
2025-04-14T21:00:00+08:00,142824,4297094,148923009,Wh,SOLAR AND BATTERY DB,20.0,False
2025-04-14T21:20:00+08:00,142824,4297120,148923009,Wh,SOLAR AND BATTERY DB,20.0,False
2025-04-14T21:40:00+08:00,142824,4297145,148923009,Wh,SOLAR AND BATTERY DB,20.0,False
2025-04-14T22:00:00+08:00,142824,4297171,148923009,Wh,SOLAR AND BATTERY DB,20.0,False
2025-04-14T22:20:00+08:00,142824,4297197,148923009,Wh,SOLAR AND BATTERY DB,20.0,False
2025-04-14T22:40:00+08:00,142824,4297222,148923009,Wh,SOLAR AND BATTERY DB,20.0,False
2025-04-14T23:00:00+08:00,142824,4297249,148923009,Wh,SOLAR AND BATTERY DB,20.0,False
2025-04-14T23:20:00+08:00,142824,4297274,148923009,Wh,SOLAR AND BATTERY DB,20.0,False
2025-04-14T23:40:00+08:00,142824,4297300,148923009,Wh,SOLAR AND BATTERY DB,20.0,False
2025-04-15T00:00:00+08:00,142824,4297326,148923009,Wh,SOLAR AND BATTERY DB,20.0,False
2025-04-07T00:20:00+08:00,142825,19528627,0,Wh,202,20.0,False
2025-04-07T00:40:00+08:00,142825,19528685,0,Wh,202,20.0,False
2025-04-07T01:00:00+08:00,142825,19528729,0,Wh,202,20.0,False
2025-04-07T01:20:00+08:00,142825,19528774,0,Wh,202,20.0,False
2025-04-07T01:40:00+08:00,142825,19528833,0,Wh,202,20.0,False
2025-04-07T02:00:00+08:00,142825,19528878,0,Wh,202,20.0,False
2025-04-07T02:20:00+08:00,142825,19528915,0,Wh,202,20.0,False
2025-04-07T02:40:00+08:00,142825,19528975,0,Wh,202,20.0,False
2025-04-07T03:00:00+08:00,142825,19529033,0,Wh,202,20.0,False
2025-04-07T03:20:00+08:00,142825,19529065,0,Wh,202,20.0,False
2025-04-07T03:40:00+08:00,142825,19529127,0,Wh,202,20.0,False
2025-04-07T04:00:00+08:00,142825,19529182,0,Wh,202,20.0,False
2025-04-07T04:20:00+08:00,142825,19529212,0,Wh,202,20.0,False
2025-04-07T04:40:00+08:00,142825,19529711,0,Wh,202,20.0,False
2025-04-07T05:00:00+08:00,142825,19529766,0,Wh,202,20.0,False
2025-04-07T05:20:00+08:00,142825,19529798,0,Wh,202,20.0,False
2025-04-07T05:40:00+08:00,142825,19529909,0,Wh,202,20.0,False
2025-04-07T06:00:00+08:00,142825,19530090,0,Wh,202,20.0,False
2025-04-07T06:20:00+08:00,142825,19530225,0,Wh,202,20.0,False
2025-04-07T06:40:00+08:00,142825,19530284,0,Wh,202,20.0,False
2025-04-07T07:00:00+08:00,142825,19530339,0,Wh,202,20.0,False
2025-04-07T07:20:00+08:00,142825,19530388,0,Wh,202,20.0,False
2025-04-07T07:40:00+08:00,142825,19530441,0,Wh,202,20.0,False
2025-04-07T08:00:00+08:00,142825,19530473,0,Wh,202,20.0,False
2025-04-07T08:20:00+08:00,142825,19530509,0,Wh,202,20.0,False
2025-04-07T08:40:00+08:00,142825,19530564,0,Wh,202,20.0,False
2025-04-07T09:00:00+08:00,142825,19530613,0,Wh,202,20.0,False
2025-04-07T09:20:00+08:00,142825,19530658,0,Wh,202,20.0,False
2025-04-07T09:40:00+08:00,142825,19530703,0,Wh,202,20.0,False
2025-04-07T10:00:00+08:00,142825,19530717,0,Wh,202,20.0,False
2025-04-07T10:20:00+08:00,142825,19530763,0,Wh,202,20.0,False
2025-04-07T10:40:00+08:00,142825,19530806,0,Wh,202,20.0,False
2025-04-07T11:00:00+08:00,142825,19530827,0,Wh,202,20.0,False
2025-04-07T11:20:00+08:00,142825,19530866,0,Wh,202,20.0,False
2025-04-07T11:40:00+08:00,142825,19530894,0,Wh,202,20.0,False
2025-04-07T12:00:00+08:00,142825,19530909,0,Wh,202,20.0,False
2025-04-07T12:20:00+08:00,142825,19530934,0,Wh,202,20.0,False
2025-04-07T12:40:00+08:00,142825,19530962,0,Wh,202,20.0,False
2025-04-07T13:00:00+08:00,142825,19530992,0,Wh,202,20.0,False
2025-04-07T13:20:00+08:00,142825,19531008,0,Wh,202,20.0,False
2025-04-07T13:40:00+08:00,142825,19531026,0,Wh,202,20.0,False
2025-04-07T14:00:00+08:00,142825,19531057,0,Wh,202,20.0,False
2025-04-07T14:20:00+08:00,142825,19531086,0,Wh,202,20.0,False
2025-04-07T14:40:00+08:00,142825,19531179,0,Wh,202,20.0,False
2025-04-07T15:00:00+08:00,142825,19531645,0,Wh,202,20.0,False
2025-04-07T15:20:00+08:00,142825,19531708,0,Wh,202,20.0,False
2025-04-07T15:40:00+08:00,142825,19531814,0,Wh,202,20.0,False
2025-04-07T16:00:00+08:00,142825,19532221,0,Wh,202,20.0,False
2025-04-07T16:20:00+08:00,142825,19532252,0,Wh,202,20.0,False
2025-04-07T16:40:00+08:00,142825,19532596,0,Wh,202,20.0,False
2025-04-07T17:00:00+08:00,142825,19533266,0,Wh,202,20.0,False
2025-04-07T17:20:00+08:00,142825,19533680,0,Wh,202,20.0,False
2025-04-07T17:40:00+08:00,142825,19534056,0,Wh,202,20.0,False
2025-04-07T18:00:00+08:00,142825,19534412,0,Wh,202,20.0,False
2025-04-07T18:20:00+08:00,142825,19534542,0,Wh,202,20.0,False
2025-04-07T18:40:00+08:00,142825,19535471,0,Wh,202,20.0,False
2025-04-07T19:00:00+08:00,142825,19535960,0,Wh,202,20.0,False
2025-04-07T19:20:00+08:00,142825,19536058,0,Wh,202,20.0,False
2025-04-07T19:40:00+08:00,142825,19536215,0,Wh,202,20.0,False
2025-04-07T20:00:00+08:00,142825,19536399,0,Wh,202,20.0,False
2025-04-07T20:20:00+08:00,142825,19536594,0,Wh,202,20.0,False
2025-04-07T20:40:00+08:00,142825,19537014,0,Wh,202,20.0,False
2025-04-07T21:00:00+08:00,142825,19537335,0,Wh,202,20.0,False
2025-04-07T21:20:00+08:00,142825,19537417,0,Wh,202,20.0,False
2025-04-07T21:40:00+08:00,142825,19537494,0,Wh,202,20.0,False
2025-04-07T22:00:00+08:00,142825,19537528,0,Wh,202,20.0,False
2025-04-07T22:20:00+08:00,142825,19537580,0,Wh,202,20.0,False
2025-04-07T22:40:00+08:00,142825,19537640,0,Wh,202,20.0,False
2025-04-07T23:00:00+08:00,142825,19537688,0,Wh,202,20.0,False
2025-04-07T23:20:00+08:00,142825,19537749,0,Wh,202,20.0,False
2025-04-07T23:40:00+08:00,142825,19537795,0,Wh,202,20.0,False
2025-04-08T00:00:00+08:00,142825,19537838,0,Wh,202,20.0,False
2025-04-08T00:20:00+08:00,142825,19537896,0,Wh,202,20.0,False
2025-04-08T00:40:00+08:00,142825,19537947,0,Wh,202,20.0,False
2025-04-08T01:00:00+08:00,142825,19538001,0,Wh,202,20.0,False
2025-04-08T01:20:00+08:00,142825,19538043,0,Wh,202,20.0,False
2025-04-08T01:40:00+08:00,142825,19538081,0,Wh,202,20.0,False
2025-04-08T02:00:00+08:00,142825,19538139,0,Wh,202,20.0,False
2025-04-08T02:20:00+08:00,142825,19538180,0,Wh,202,20.0,False
2025-04-08T02:40:00+08:00,142825,19538222,0,Wh,202,20.0,False
2025-04-08T03:00:00+08:00,142825,19538282,0,Wh,202,20.0,False
2025-04-08T03:20:00+08:00,142825,19538323,0,Wh,202,20.0,False
2025-04-08T03:40:00+08:00,142825,19538369,0,Wh,202,20.0,False
2025-04-08T04:00:00+08:00,142825,19538427,0,Wh,202,20.0,False
2025-04-08T04:20:00+08:00,142825,19538466,0,Wh,202,20.0,False
2025-04-08T04:40:00+08:00,142825,19538512,0,Wh,202,20.0,False
2025-04-08T05:00:00+08:00,142825,19538570,0,Wh,202,20.0,False
2025-04-08T05:20:00+08:00,142825,19538606,0,Wh,202,20.0,False
2025-04-08T05:40:00+08:00,142825,19538652,0,Wh,202,20.0,False
2025-04-08T06:00:00+08:00,142825,19538709,0,Wh,202,20.0,False
2025-04-08T06:20:00+08:00,142825,19538841,0,Wh,202,20.0,False
2025-04-08T06:40:00+08:00,142825,19538974,0,Wh,202,20.0,False
2025-04-08T07:00:00+08:00,142825,19539034,0,Wh,202,20.0,False
2025-04-08T07:20:00+08:00,142825,19539081,0,Wh,202,20.0,False
2025-04-08T07:40:00+08:00,142825,19539107,0,Wh,202,20.0,False
2025-04-08T08:00:00+08:00,142825,19539138,0,Wh,202,20.0,False
2025-04-08T08:20:00+08:00,142825,19539156,0,Wh,202,20.0,False
2025-04-08T08:40:00+08:00,142825,19539209,0,Wh,202,20.0,False
2025-04-08T09:00:00+08:00,142825,19539265,0,Wh,202,20.0,False
2025-04-08T09:20:00+08:00,142825,19539588,0,Wh,202,20.0,False
2025-04-08T09:40:00+08:00,142825,19539889,0,Wh,202,20.0,False
2025-04-08T10:00:00+08:00,142825,19539942,0,Wh,202,20.0,False
2025-04-08T10:20:00+08:00,142825,19540000,0,Wh,202,20.0,False
2025-04-08T10:40:00+08:00,142825,19540061,0,Wh,202,20.0,False
2025-04-08T11:00:00+08:00,142825,19540120,0,Wh,202,20.0,False
2025-04-08T11:20:00+08:00,142825,19540172,0,Wh,202,20.0,False
2025-04-08T11:40:00+08:00,142825,19540232,0,Wh,202,20.0,False
2025-04-08T12:00:00+08:00,142825,19540287,0,Wh,202,20.0,False
2025-04-08T12:20:00+08:00,142825,19540331,0,Wh,202,20.0,False
2025-04-08T12:40:00+08:00,142825,19540399,0,Wh,202,20.0,False
2025-04-08T13:00:00+08:00,142825,19540465,0,Wh,202,20.0,False
2025-04-08T13:20:00+08:00,142825,19540510,0,Wh,202,20.0,False
2025-04-08T13:40:00+08:00,142825,19540563,0,Wh,202,20.0,False
2025-04-08T14:00:00+08:00,142825,19541468,0,Wh,202,20.0,False
2025-04-08T14:20:00+08:00,142825,19541990,0,Wh,202,20.0,False
2025-04-08T14:40:00+08:00,142825,19542149,0,Wh,202,20.0,False
2025-04-08T15:00:00+08:00,142825,19542255,0,Wh,202,20.0,False
2025-04-08T15:20:00+08:00,142825,19542736,0,Wh,202,20.0,False
2025-04-08T15:40:00+08:00,142825,19542858,0,Wh,202,20.0,False
2025-04-08T16:00:00+08:00,142825,19543095,0,Wh,202,20.0,False
2025-04-08T16:20:00+08:00,142825,19543127,0,Wh,202,20.0,False
2025-04-08T16:40:00+08:00,142825,19543786,0,Wh,202,20.0,False
2025-04-08T17:00:00+08:00,142825,19544854,0,Wh,202,20.0,False
2025-04-08T17:20:00+08:00,142825,19545819,0,Wh,202,20.0,False
2025-04-08T17:40:00+08:00,142825,19546574,0,Wh,202,20.0,False
2025-04-08T18:00:00+08:00,142825,19547154,0,Wh,202,20.0,False
2025-04-08T18:20:00+08:00,142825,19548204,0,Wh,202,20.0,False
2025-04-08T18:40:00+08:00,142825,19549404,0,Wh,202,20.0,False
2025-04-08T19:00:00+08:00,142825,19550406,0,Wh,202,20.0,False
2025-04-08T19:20:00+08:00,142825,19550626,0,Wh,202,20.0,False
2025-04-08T19:40:00+08:00,142825,19551062,0,Wh,202,20.0,False
2025-04-08T20:00:00+08:00,142825,19551540,0,Wh,202,20.0,False
2025-04-08T20:20:00+08:00,142825,19551889,0,Wh,202,20.0,False
2025-04-08T20:40:00+08:00,142825,19552370,0,Wh,202,20.0,False
2025-04-08T21:00:00+08:00,142825,19552478,0,Wh,202,20.0,False
2025-04-08T21:20:00+08:00,142825,19552795,0,Wh,202,20.0,False
2025-04-08T21:40:00+08:00,142825,19552872,0,Wh,202,20.0,False
2025-04-08T22:00:00+08:00,142825,19552921,0,Wh,202,20.0,False
2025-04-08T22:20:00+08:00,142825,19552970,0,Wh,202,20.0,False
2025-04-08T22:40:00+08:00,142825,19553011,0,Wh,202,20.0,False
2025-04-08T23:00:00+08:00,142825,19553055,0,Wh,202,20.0,False
2025-04-08T23:20:00+08:00,142825,19553102,0,Wh,202,20.0,False
2025-04-08T23:40:00+08:00,142825,19553138,0,Wh,202,20.0,False
2025-04-09T00:00:00+08:00,142825,19553184,0,Wh,202,20.0,False
2025-04-09T00:20:00+08:00,142825,19553229,0,Wh,202,20.0,False
2025-04-09T00:40:00+08:00,142825,19553260,0,Wh,202,20.0,False
2025-04-09T01:00:00+08:00,142825,19553301,0,Wh,202,20.0,False
2025-04-09T01:20:00+08:00,142825,19553343,0,Wh,202,20.0,False
2025-04-09T01:40:00+08:00,142825,19553375,0,Wh,202,20.0,False
2025-04-09T02:00:00+08:00,142825,19553413,0,Wh,202,20.0,False
2025-04-09T02:20:00+08:00,142825,19553456,0,Wh,202,20.0,False
2025-04-09T02:40:00+08:00,142825,19553492,0,Wh,202,20.0,False
2025-04-09T03:00:00+08:00,142825,19553530,0,Wh,202,20.0,False
2025-04-09T03:20:00+08:00,142825,19553576,0,Wh,202,20.0,False
2025-04-09T03:40:00+08:00,142825,19553613,0,Wh,202,20.0,False
2025-04-09T04:00:00+08:00,142825,19553646,0,Wh,202,20.0,False
2025-04-09T04:20:00+08:00,142825,19553688,0,Wh,202,20.0,False
2025-04-09T04:40:00+08:00,142825,19553726,0,Wh,202,20.0,False
2025-04-09T05:00:00+08:00,142825,19553754,0,Wh,202,20.0,False
2025-04-09T05:20:00+08:00,142825,19553795,0,Wh,202,20.0,False
2025-04-09T05:40:00+08:00,142825,19553836,0,Wh,202,20.0,False
2025-04-09T06:00:00+08:00,142825,19553865,0,Wh,202,20.0,False
2025-04-09T06:20:00+08:00,142825,19554090,0,Wh,202,20.0,False
2025-04-09T06:40:00+08:00,142825,19554156,0,Wh,202,20.0,False
2025-04-09T07:00:00+08:00,142825,19554700,0,Wh,202,20.0,False
2025-04-09T07:20:00+08:00,142825,19554738,0,Wh,202,20.0,False
2025-04-09T07:40:00+08:00,142825,19554780,0,Wh,202,20.0,False
2025-04-09T08:00:00+08:00,142825,19554818,0,Wh,202,20.0,False
2025-04-09T08:20:00+08:00,142825,19554845,0,Wh,202,20.0,False
2025-04-09T08:40:00+08:00,142825,19554885,0,Wh,202,20.0,False
2025-04-09T09:00:00+08:00,142825,19554927,0,Wh,202,20.0,False
2025-04-09T09:20:00+08:00,142825,19554956,0,Wh,202,20.0,False
2025-04-09T09:40:00+08:00,142825,19555121,0,Wh,202,20.0,False
2025-04-09T10:00:00+08:00,142825,19555154,0,Wh,202,20.0,False
2025-04-09T10:20:00+08:00,142825,19555179,0,Wh,202,20.0,False
2025-04-09T10:40:00+08:00,142825,19555202,0,Wh,202,20.0,False
2025-04-09T11:00:00+08:00,142825,19555267,0,Wh,202,20.0,False
2025-04-09T11:20:00+08:00,142825,19555293,0,Wh,202,20.0,False
2025-04-09T11:40:00+08:00,142825,19555326,0,Wh,202,20.0,False
2025-04-09T12:00:00+08:00,142825,19555363,0,Wh,202,20.0,False
2025-04-09T12:20:00+08:00,142825,19555381,0,Wh,202,20.0,False
2025-04-09T12:40:00+08:00,142825,19555409,0,Wh,202,20.0,False
2025-04-09T13:00:00+08:00,142825,19555442,0,Wh,202,20.0,False
2025-04-09T13:20:00+08:00,142825,19555467,0,Wh,202,20.0,False
2025-04-09T13:40:00+08:00,142825,19555490,0,Wh,202,20.0,False
2025-04-09T14:00:00+08:00,142825,19555523,0,Wh,202,20.0,False
2025-04-09T14:20:00+08:00,142825,19555553,0,Wh,202,20.0,False
2025-04-09T14:40:00+08:00,142825,19555572,0,Wh,202,20.0,False
2025-04-09T15:00:00+08:00,142825,19555604,0,Wh,202,20.0,False
2025-04-09T15:20:00+08:00,142825,19555637,0,Wh,202,20.0,False
2025-04-09T15:40:00+08:00,142825,19555655,0,Wh,202,20.0,False
2025-04-09T16:00:00+08:00,142825,19555686,0,Wh,202,20.0,False
2025-04-09T16:20:00+08:00,142825,19555719,0,Wh,202,20.0,False
2025-04-09T16:40:00+08:00,142825,19555740,0,Wh,202,20.0,False
2025-04-09T17:00:00+08:00,142825,19555769,0,Wh,202,20.0,False
2025-04-09T17:20:00+08:00,142825,19555803,0,Wh,202,20.0,False
2025-04-09T17:40:00+08:00,142825,19555976,0,Wh,202,20.0,False
2025-04-09T18:00:00+08:00,142825,19556663,0,Wh,202,20.0,False
2025-04-09T18:20:00+08:00,142825,19557579,0,Wh,202,20.0,False
2025-04-09T18:40:00+08:00,142825,19557615,0,Wh,202,20.0,False
2025-04-09T19:00:00+08:00,142825,19557659,0,Wh,202,20.0,False
2025-04-09T19:20:00+08:00,142825,19557702,0,Wh,202,20.0,False
2025-04-09T19:40:00+08:00,142825,19557746,0,Wh,202,20.0,False
2025-04-09T20:00:00+08:00,142825,19557955,0,Wh,202,20.0,False
2025-04-09T20:20:00+08:00,142825,19558187,0,Wh,202,20.0,False
2025-04-09T20:40:00+08:00,142825,19558317,0,Wh,202,20.0,False
2025-04-09T21:00:00+08:00,142825,19558447,0,Wh,202,20.0,False
2025-04-09T21:20:00+08:00,142825,19558563,0,Wh,202,20.0,False
2025-04-09T21:40:00+08:00,142825,19559305,0,Wh,202,20.0,False
2025-04-09T22:00:00+08:00,142825,19559347,0,Wh,202,20.0,False
2025-04-09T22:20:00+08:00,142825,19559392,0,Wh,202,20.0,False
2025-04-09T22:40:00+08:00,142825,19559427,0,Wh,202,20.0,False
2025-04-09T23:00:00+08:00,142825,19559465,0,Wh,202,20.0,False
2025-04-09T23:20:00+08:00,142825,19559511,0,Wh,202,20.0,False
2025-04-09T23:40:00+08:00,142825,19559551,0,Wh,202,20.0,False
2025-04-10T00:00:00+08:00,142825,19559581,0,Wh,202,20.0,False
2025-04-10T00:20:00+08:00,142825,19559624,0,Wh,202,20.0,False
2025-04-10T00:40:00+08:00,142825,19559665,0,Wh,202,20.0,False
2025-04-10T01:00:00+08:00,142825,19559690,0,Wh,202,20.0,False
2025-04-10T01:20:00+08:00,142825,19559726,0,Wh,202,20.0,False
2025-04-10T01:40:00+08:00,142825,19559767,0,Wh,202,20.0,False
2025-04-10T02:00:00+08:00,142825,19559798,0,Wh,202,20.0,False
2025-04-10T02:20:00+08:00,142825,19559828,0,Wh,202,20.0,False
2025-04-10T02:40:00+08:00,142825,19559869,0,Wh,202,20.0,False
2025-04-10T03:00:00+08:00,142825,19559908,0,Wh,202,20.0,False
2025-04-10T03:20:00+08:00,142825,19559933,0,Wh,202,20.0,False
2025-04-10T03:40:00+08:00,142825,19559972,0,Wh,202,20.0,False
2025-04-10T04:00:00+08:00,142825,19560015,0,Wh,202,20.0,False
2025-04-10T04:20:00+08:00,142825,19560045,0,Wh,202,20.0,False
2025-04-10T04:40:00+08:00,142825,19560075,0,Wh,202,20.0,False
2025-04-10T05:00:00+08:00,142825,19560116,0,Wh,202,20.0,False
2025-04-10T05:20:00+08:00,142825,19560155,0,Wh,202,20.0,False
2025-04-10T05:40:00+08:00,142825,19560179,0,Wh,202,20.0,False
2025-04-10T06:00:00+08:00,142825,19560221,0,Wh,202,20.0,False
2025-04-10T06:20:00+08:00,142825,19560351,0,Wh,202,20.0,False
2025-04-10T06:40:00+08:00,142825,19560474,0,Wh,202,20.0,False
2025-04-10T07:00:00+08:00,142825,19560514,0,Wh,202,20.0,False
2025-04-10T07:20:00+08:00,142825,19561248,0,Wh,202,20.0,False
2025-04-10T07:40:00+08:00,142825,19561289,0,Wh,202,20.0,False
2025-04-10T08:00:00+08:00,142825,19561359,0,Wh,202,20.0,False
2025-04-10T08:20:00+08:00,142825,19561411,0,Wh,202,20.0,False
2025-04-10T08:40:00+08:00,142825,19561580,0,Wh,202,20.0,False
2025-04-10T09:00:00+08:00,142825,19561639,0,Wh,202,20.0,False
2025-04-10T09:20:00+08:00,142825,19561663,0,Wh,202,20.0,False
2025-04-10T09:40:00+08:00,142825,19561701,0,Wh,202,20.0,False
2025-04-10T10:00:00+08:00,142825,19561821,0,Wh,202,20.0,False
2025-04-10T10:20:00+08:00,142825,19561875,0,Wh,202,20.0,False
2025-04-10T10:40:00+08:00,142825,19561907,0,Wh,202,20.0,False
2025-04-10T11:00:00+08:00,142825,19561947,0,Wh,202,20.0,False
2025-04-10T11:20:00+08:00,142825,19562011,0,Wh,202,20.0,False
2025-04-10T11:40:00+08:00,142825,19562287,0,Wh,202,20.0,False
2025-04-10T12:00:00+08:00,142825,19562337,0,Wh,202,20.0,False
2025-04-10T12:20:00+08:00,142825,19562840,0,Wh,202,20.0,False
2025-04-10T12:40:00+08:00,142825,19562955,0,Wh,202,20.0,False
2025-04-10T13:00:00+08:00,142825,19563137,0,Wh,202,20.0,False
2025-04-10T13:20:00+08:00,142825,19563163,0,Wh,202,20.0,False
2025-04-10T13:40:00+08:00,142825,19563180,0,Wh,202,20.0,False
2025-04-10T14:00:00+08:00,142825,19563211,0,Wh,202,20.0,False
2025-04-10T14:20:00+08:00,142825,19563242,0,Wh,202,20.0,False
2025-04-10T14:40:00+08:00,142825,19563259,0,Wh,202,20.0,False
2025-04-10T15:00:00+08:00,142825,19563285,0,Wh,202,20.0,False
2025-04-10T15:20:00+08:00,142825,19563317,0,Wh,202,20.0,False
2025-04-10T15:40:00+08:00,142825,19563339,0,Wh,202,20.0,False
2025-04-10T16:00:00+08:00,142825,19563361,0,Wh,202,20.0,False
2025-04-10T16:20:00+08:00,142825,19563392,0,Wh,202,20.0,False
2025-04-10T16:40:00+08:00,142825,19563420,0,Wh,202,20.0,False
2025-04-10T17:00:00+08:00,142825,19563438,0,Wh,202,20.0,False
2025-04-10T17:20:00+08:00,142825,19563861,0,Wh,202,20.0,False
2025-04-10T17:40:00+08:00,142825,19564080,0,Wh,202,20.0,False
2025-04-10T18:00:00+08:00,142825,19564745,0,Wh,202,20.0,False
2025-04-10T18:20:00+08:00,142825,19565103,0,Wh,202,20.0,False
2025-04-10T18:40:00+08:00,142825,19565176,0,Wh,202,20.0,False
2025-04-10T19:00:00+08:00,142825,19565236,0,Wh,202,20.0,False
2025-04-10T19:20:00+08:00,142825,19565309,0,Wh,202,20.0,False
2025-04-10T19:40:00+08:00,142825,19565384,0,Wh,202,20.0,False
2025-04-10T20:00:00+08:00,142825,19565728,0,Wh,202,20.0,False
2025-04-10T20:20:00+08:00,142825,19565840,0,Wh,202,20.0,False
2025-04-10T20:40:00+08:00,142825,19565913,0,Wh,202,20.0,False
2025-04-10T21:00:00+08:00,142825,19566384,0,Wh,202,20.0,False
2025-04-10T21:20:00+08:00,142825,19566819,0,Wh,202,20.0,False
2025-04-10T21:40:00+08:00,142825,19567543,0,Wh,202,20.0,False
2025-04-10T22:00:00+08:00,142825,19567576,0,Wh,202,20.0,False
2025-04-10T22:20:00+08:00,142825,19567619,0,Wh,202,20.0,False
2025-04-10T22:40:00+08:00,142825,19567659,0,Wh,202,20.0,False
2025-04-10T23:00:00+08:00,142825,19567688,0,Wh,202,20.0,False
2025-04-10T23:20:00+08:00,142825,19567731,0,Wh,202,20.0,False
2025-04-10T23:40:00+08:00,142825,19567776,0,Wh,202,20.0,False
2025-04-11T00:00:00+08:00,142825,19567804,0,Wh,202,20.0,False
2025-04-11T00:20:00+08:00,142825,19567842,0,Wh,202,20.0,False
2025-04-11T00:40:00+08:00,142825,19567885,0,Wh,202,20.0,False
2025-04-11T01:00:00+08:00,142825,19567919,0,Wh,202,20.0,False
2025-04-11T01:20:00+08:00,142825,19567950,0,Wh,202,20.0,False
2025-04-11T01:40:00+08:00,142825,19567990,0,Wh,202,20.0,False
2025-04-11T02:00:00+08:00,142825,19568030,0,Wh,202,20.0,False
2025-04-11T02:20:00+08:00,142825,19568054,0,Wh,202,20.0,False
2025-04-11T02:40:00+08:00,142825,19568092,0,Wh,202,20.0,False
2025-04-11T03:00:00+08:00,142825,19568134,0,Wh,202,20.0,False
2025-04-11T03:20:00+08:00,142825,19568169,0,Wh,202,20.0,False
2025-04-11T03:40:00+08:00,142825,19568205,0,Wh,202,20.0,False
2025-04-11T04:00:00+08:00,142825,19568245,0,Wh,202,20.0,False
2025-04-11T04:20:00+08:00,142825,19568287,0,Wh,202,20.0,False
2025-04-11T04:40:00+08:00,142825,19568312,0,Wh,202,20.0,False
2025-04-11T05:00:00+08:00,142825,19568348,0,Wh,202,20.0,False
2025-04-11T05:20:00+08:00,142825,19568389,0,Wh,202,20.0,False
2025-04-11T05:40:00+08:00,142825,19568422,0,Wh,202,20.0,False
2025-04-11T06:00:00+08:00,142825,19568448,0,Wh,202,20.0,False
2025-04-11T06:20:00+08:00,142825,19568629,0,Wh,202,20.0,False
2025-04-11T06:40:00+08:00,142825,19568677,0,Wh,202,20.0,False
2025-04-11T07:00:00+08:00,142825,19568710,0,Wh,202,20.0,False
2025-04-11T07:20:00+08:00,142825,19568752,0,Wh,202,20.0,False
2025-04-11T07:40:00+08:00,142825,19569396,0,Wh,202,20.0,False
2025-04-11T08:00:00+08:00,142825,19569481,0,Wh,202,20.0,False
2025-04-11T08:20:00+08:00,142825,19569548,0,Wh,202,20.0,False
2025-04-11T08:40:00+08:00,142825,19569603,0,Wh,202,20.0,False
2025-04-11T09:00:00+08:00,142825,19569640,0,Wh,202,20.0,False
2025-04-11T09:20:00+08:00,142825,19569664,0,Wh,202,20.0,False
2025-04-11T09:40:00+08:00,142825,19569696,0,Wh,202,20.0,False
2025-04-11T10:00:00+08:00,142825,19569727,0,Wh,202,20.0,False
2025-04-11T10:20:00+08:00,142825,19569751,0,Wh,202,20.0,False
2025-04-11T10:40:00+08:00,142825,19569782,0,Wh,202,20.0,False
2025-04-11T11:00:00+08:00,142825,19569812,0,Wh,202,20.0,False
2025-04-11T11:20:00+08:00,142825,19569830,0,Wh,202,20.0,False
2025-04-11T11:40:00+08:00,142825,19569855,0,Wh,202,20.0,False
2025-04-11T12:00:00+08:00,142825,19569886,0,Wh,202,20.0,False
2025-04-11T12:20:00+08:00,142825,19569913,0,Wh,202,20.0,False
2025-04-11T12:40:00+08:00,142825,19569927,0,Wh,202,20.0,False
2025-04-11T13:00:00+08:00,142825,19569957,0,Wh,202,20.0,False
2025-04-11T13:20:00+08:00,142825,19569988,0,Wh,202,20.0,False
2025-04-11T13:40:00+08:00,142825,19570008,0,Wh,202,20.0,False
2025-04-11T14:00:00+08:00,142825,19570028,0,Wh,202,20.0,False
2025-04-11T14:20:00+08:00,142825,19570059,0,Wh,202,20.0,False
2025-04-11T14:40:00+08:00,142825,19570089,0,Wh,202,20.0,False
2025-04-11T15:00:00+08:00,142825,19570104,0,Wh,202,20.0,False
2025-04-11T15:20:00+08:00,142825,19570130,0,Wh,202,20.0,False
2025-04-11T15:40:00+08:00,142825,19570161,0,Wh,202,20.0,False
2025-04-11T16:00:00+08:00,142825,19570186,0,Wh,202,20.0,False
2025-04-11T16:20:00+08:00,142825,19570203,0,Wh,202,20.0,False
2025-04-11T16:40:00+08:00,142825,19570234,0,Wh,202,20.0,False
2025-04-11T17:00:00+08:00,142825,19570265,0,Wh,202,20.0,False
2025-04-11T17:20:00+08:00,142825,19570285,0,Wh,202,20.0,False
2025-04-11T17:40:00+08:00,142825,19570332,0,Wh,202,20.0,False
2025-04-11T18:00:00+08:00,142825,19570394,0,Wh,202,20.0,False
2025-04-11T18:20:00+08:00,142825,19570459,0,Wh,202,20.0,False
2025-04-11T18:40:00+08:00,142825,19570531,0,Wh,202,20.0,False
2025-04-11T19:00:00+08:00,142825,19570608,0,Wh,202,20.0,False
2025-04-11T19:20:00+08:00,142825,19571007,0,Wh,202,20.0,False
2025-04-11T19:40:00+08:00,142825,19571368,0,Wh,202,20.0,False
2025-04-11T20:00:00+08:00,142825,19571444,0,Wh,202,20.0,False
2025-04-11T20:20:00+08:00,142825,19571521,0,Wh,202,20.0,False
2025-04-11T20:40:00+08:00,142825,19571590,0,Wh,202,20.0,False
2025-04-11T21:00:00+08:00,142825,19571882,0,Wh,202,20.0,False
2025-04-11T21:20:00+08:00,142825,19572377,0,Wh,202,20.0,False
2025-04-11T21:40:00+08:00,142825,19573000,0,Wh,202,20.0,False
2025-04-11T22:00:00+08:00,142825,19573299,0,Wh,202,20.0,False
2025-04-11T22:20:00+08:00,142825,19573449,0,Wh,202,20.0,False
2025-04-11T22:40:00+08:00,142825,19573579,0,Wh,202,20.0,False
2025-04-11T23:00:00+08:00,142825,19573693,0,Wh,202,20.0,False
2025-04-11T23:20:00+08:00,142825,19573775,0,Wh,202,20.0,False
2025-04-11T23:40:00+08:00,142825,19573851,0,Wh,202,20.0,False
2025-04-12T00:00:00+08:00,142825,19573988,0,Wh,202,20.0,False
2025-04-12T00:20:00+08:00,142825,19575280,0,Wh,202,20.0,False
2025-04-12T00:40:00+08:00,142825,19575589,0,Wh,202,20.0,False
2025-04-12T01:00:00+08:00,142825,19575787,0,Wh,202,20.0,False
2025-04-12T01:20:00+08:00,142825,19575842,0,Wh,202,20.0,False
2025-04-12T01:40:00+08:00,142825,19575890,0,Wh,202,20.0,False
2025-04-12T02:00:00+08:00,142825,19575931,0,Wh,202,20.0,False
2025-04-12T02:20:00+08:00,142825,19575977,0,Wh,202,20.0,False
2025-04-12T02:40:00+08:00,142825,19576018,0,Wh,202,20.0,False
2025-04-12T03:00:00+08:00,142825,19576057,0,Wh,202,20.0,False
2025-04-12T03:20:00+08:00,142825,19576098,0,Wh,202,20.0,False
2025-04-12T03:40:00+08:00,142825,19576137,0,Wh,202,20.0,False
2025-04-12T04:00:00+08:00,142825,19576190,0,Wh,202,20.0,False
2025-04-12T04:20:00+08:00,142825,19576237,0,Wh,202,20.0,False
2025-04-12T04:40:00+08:00,142825,19576264,0,Wh,202,20.0,False
2025-04-12T05:00:00+08:00,142825,19576306,0,Wh,202,20.0,False
2025-04-12T05:20:00+08:00,142825,19576352,0,Wh,202,20.0,False
2025-04-12T05:40:00+08:00,142825,19576390,0,Wh,202,20.0,False
2025-04-12T06:00:00+08:00,142825,19576432,0,Wh,202,20.0,False
2025-04-12T06:20:00+08:00,142825,19576475,0,Wh,202,20.0,False
2025-04-12T06:40:00+08:00,142825,19576508,0,Wh,202,20.0,False
2025-04-12T07:00:00+08:00,142825,19576538,0,Wh,202,20.0,False
2025-04-12T07:20:00+08:00,142825,19576579,0,Wh,202,20.0,False
2025-04-12T07:40:00+08:00,142825,19576620,0,Wh,202,20.0,False
2025-04-12T08:00:00+08:00,142825,19576653,0,Wh,202,20.0,False
2025-04-12T08:20:00+08:00,142825,19576780,0,Wh,202,20.0,False
2025-04-12T08:40:00+08:00,142825,19576821,0,Wh,202,20.0,False
2025-04-12T09:00:00+08:00,142825,19576858,0,Wh,202,20.0,False
2025-04-12T09:20:00+08:00,142825,19576897,0,Wh,202,20.0,False
2025-04-12T09:40:00+08:00,142825,19577406,0,Wh,202,20.0,False
2025-04-12T10:00:00+08:00,142825,19577579,0,Wh,202,20.0,False
2025-04-12T10:20:00+08:00,142825,19577852,0,Wh,202,20.0,False
2025-04-12T10:40:00+08:00,142825,19577956,0,Wh,202,20.0,False
2025-04-12T11:00:00+08:00,142825,19577984,0,Wh,202,20.0,False
2025-04-12T11:20:00+08:00,142825,19578327,0,Wh,202,20.0,False
2025-04-12T11:40:00+08:00,142825,19579106,0,Wh,202,20.0,False
2025-04-12T12:00:00+08:00,142825,19579165,0,Wh,202,20.0,False
2025-04-12T12:20:00+08:00,142825,19579216,0,Wh,202,20.0,False
2025-04-12T12:40:00+08:00,142825,19579278,0,Wh,202,20.0,False
2025-04-12T13:00:00+08:00,142825,19579423,0,Wh,202,20.0,False
2025-04-12T13:20:00+08:00,142825,19579515,0,Wh,202,20.0,False
2025-04-12T13:40:00+08:00,142825,19579977,0,Wh,202,20.0,False
2025-04-12T14:00:00+08:00,142825,19580032,0,Wh,202,20.0,False
2025-04-12T14:20:00+08:00,142825,19580055,0,Wh,202,20.0,False
2025-04-12T14:40:00+08:00,142825,19580089,0,Wh,202,20.0,False
2025-04-12T15:00:00+08:00,142825,19580127,0,Wh,202,20.0,False
2025-04-12T15:20:00+08:00,142825,19580301,0,Wh,202,20.0,False
2025-04-12T15:40:00+08:00,142825,19580818,0,Wh,202,20.0,False
2025-04-12T16:00:00+08:00,142825,19581265,0,Wh,202,20.0,False
2025-04-12T16:20:00+08:00,142825,19581693,0,Wh,202,20.0,False
2025-04-12T16:40:00+08:00,142825,19581828,0,Wh,202,20.0,False
2025-04-12T17:00:00+08:00,142825,19581911,0,Wh,202,20.0,False
2025-04-12T17:20:00+08:00,142825,19581973,0,Wh,202,20.0,False
2025-04-12T17:40:00+08:00,142825,19582825,0,Wh,202,20.0,False
2025-04-12T18:00:00+08:00,142825,19583827,0,Wh,202,20.0,False
2025-04-12T18:20:00+08:00,142825,19584203,0,Wh,202,20.0,False
2025-04-12T18:40:00+08:00,142825,19584284,0,Wh,202,20.0,False
2025-04-12T19:00:00+08:00,142825,19584386,0,Wh,202,20.0,False
2025-04-12T19:20:00+08:00,142825,19584467,0,Wh,202,20.0,False
2025-04-12T19:40:00+08:00,142825,19584606,0,Wh,202,20.0,False
2025-04-12T20:00:00+08:00,142825,19585189,0,Wh,202,20.0,False
2025-04-12T20:20:00+08:00,142825,19585285,0,Wh,202,20.0,False
2025-04-12T20:40:00+08:00,142825,19585392,0,Wh,202,20.0,False
2025-04-12T21:00:00+08:00,142825,19585568,0,Wh,202,20.0,False
2025-04-12T21:20:00+08:00,142825,19585743,0,Wh,202,20.0,False
2025-04-12T21:40:00+08:00,142825,19585855,0,Wh,202,20.0,False
2025-04-12T22:00:00+08:00,142825,19585923,0,Wh,202,20.0,False
2025-04-12T22:20:00+08:00,142825,19585998,0,Wh,202,20.0,False
2025-04-12T22:40:00+08:00,142825,19586063,0,Wh,202,20.0,False
2025-04-12T23:00:00+08:00,142825,19586113,0,Wh,202,20.0,False
2025-04-12T23:20:00+08:00,142825,19586156,0,Wh,202,20.0,False
2025-04-12T23:40:00+08:00,142825,19586197,0,Wh,202,20.0,False
2025-04-13T00:00:00+08:00,142825,19586226,0,Wh,202,20.0,False
2025-04-13T00:20:00+08:00,142825,19586267,0,Wh,202,20.0,False
2025-04-13T00:40:00+08:00,142825,19586307,0,Wh,202,20.0,False
2025-04-13T01:00:00+08:00,142825,19586333,0,Wh,202,20.0,False
2025-04-13T01:20:00+08:00,142825,19586374,0,Wh,202,20.0,False
2025-04-13T01:40:00+08:00,142825,19586416,0,Wh,202,20.0,False
2025-04-13T02:00:00+08:00,142825,19586447,0,Wh,202,20.0,False
2025-04-13T02:20:00+08:00,142825,19586486,0,Wh,202,20.0,False
2025-04-13T02:40:00+08:00,142825,19586529,0,Wh,202,20.0,False
2025-04-13T03:00:00+08:00,142825,19586564,0,Wh,202,20.0,False
2025-04-13T03:20:00+08:00,142825,19586598,0,Wh,202,20.0,False
2025-04-13T03:40:00+08:00,142825,19586644,0,Wh,202,20.0,False
2025-04-13T04:00:00+08:00,142825,19586681,0,Wh,202,20.0,False
2025-04-13T04:20:00+08:00,142825,19586710,0,Wh,202,20.0,False
2025-04-13T04:40:00+08:00,142825,19586752,0,Wh,202,20.0,False
2025-04-13T05:00:00+08:00,142825,19586793,0,Wh,202,20.0,False
2025-04-13T05:20:00+08:00,142825,19586819,0,Wh,202,20.0,False
2025-04-13T05:40:00+08:00,142825,19586861,0,Wh,202,20.0,False
2025-04-13T06:00:00+08:00,142825,19586903,0,Wh,202,20.0,False
2025-04-13T06:20:00+08:00,142825,19586932,0,Wh,202,20.0,False
2025-04-13T06:40:00+08:00,142825,19586967,0,Wh,202,20.0,False
2025-04-13T07:00:00+08:00,142825,19587008,0,Wh,202,20.0,False
2025-04-13T07:20:00+08:00,142825,19587040,0,Wh,202,20.0,False
2025-04-13T07:40:00+08:00,142825,19587071,0,Wh,202,20.0,False
2025-04-13T08:00:00+08:00,142825,19587111,0,Wh,202,20.0,False
2025-04-13T08:20:00+08:00,142825,19587277,0,Wh,202,20.0,False
2025-04-13T08:40:00+08:00,142825,19587303,0,Wh,202,20.0,False
2025-04-13T09:00:00+08:00,142825,19587344,0,Wh,202,20.0,False
2025-04-13T09:20:00+08:00,142825,19587383,0,Wh,202,20.0,False
2025-04-13T09:40:00+08:00,142825,19587681,0,Wh,202,20.0,False
2025-04-13T10:00:00+08:00,142825,19588068,0,Wh,202,20.0,False
2025-04-13T10:20:00+08:00,142825,19588111,0,Wh,202,20.0,False
2025-04-13T10:40:00+08:00,142825,19588609,0,Wh,202,20.0,False
2025-04-13T11:00:00+08:00,142825,19588773,0,Wh,202,20.0,False
2025-04-13T11:20:00+08:00,142825,19589099,0,Wh,202,20.0,False
2025-04-13T11:40:00+08:00,142825,19589145,0,Wh,202,20.0,False
2025-04-13T12:00:00+08:00,142825,19589203,0,Wh,202,20.0,False
2025-04-13T12:20:00+08:00,142825,19589263,0,Wh,202,20.0,False
2025-04-13T12:40:00+08:00,142825,19589308,0,Wh,202,20.0,False
2025-04-13T13:00:00+08:00,142825,19589364,0,Wh,202,20.0,False
2025-04-13T13:20:00+08:00,142825,19589641,0,Wh,202,20.0,False
2025-04-13T13:40:00+08:00,142825,19589769,0,Wh,202,20.0,False
2025-04-13T14:00:00+08:00,142825,19590235,0,Wh,202,20.0,False
2025-04-13T14:20:00+08:00,142825,19590675,0,Wh,202,20.0,False
2025-04-13T14:40:00+08:00,142825,19592244,0,Wh,202,20.0,False
2025-04-13T15:00:00+08:00,142825,19593590,0,Wh,202,20.0,False
2025-04-13T15:20:00+08:00,142825,19593924,0,Wh,202,20.0,False
2025-04-13T15:40:00+08:00,142825,19594010,0,Wh,202,20.0,False
2025-04-13T16:00:00+08:00,142825,19594081,0,Wh,202,20.0,False
2025-04-13T16:20:00+08:00,142825,19594166,0,Wh,202,20.0,False
2025-04-13T16:40:00+08:00,142825,19594254,0,Wh,202,20.0,False
2025-04-13T17:00:00+08:00,142825,19594336,0,Wh,202,20.0,False
2025-04-13T17:20:00+08:00,142825,19595362,0,Wh,202,20.0,False
2025-04-13T17:40:00+08:00,142825,19595708,0,Wh,202,20.0,False
2025-04-13T18:00:00+08:00,142825,19595779,0,Wh,202,20.0,False
2025-04-13T18:20:00+08:00,142825,19596326,0,Wh,202,20.0,False
2025-04-13T18:40:00+08:00,142825,19596908,0,Wh,202,20.0,False
2025-04-13T19:00:00+08:00,142825,19597121,0,Wh,202,20.0,False
2025-04-13T19:20:00+08:00,142825,19597185,0,Wh,202,20.0,False
2025-04-13T19:40:00+08:00,142825,19597623,0,Wh,202,20.0,False
2025-04-13T20:00:00+08:00,142825,19597795,0,Wh,202,20.0,False
2025-04-13T20:20:00+08:00,142825,19597866,0,Wh,202,20.0,False
2025-04-13T20:40:00+08:00,142825,19597920,0,Wh,202,20.0,False
2025-04-13T21:00:00+08:00,142825,19597980,0,Wh,202,20.0,False
2025-04-13T21:20:00+08:00,142825,19598041,0,Wh,202,20.0,False
2025-04-13T21:40:00+08:00,142825,19598135,0,Wh,202,20.0,False
2025-04-13T22:00:00+08:00,142825,19598405,0,Wh,202,20.0,False
2025-04-13T22:20:00+08:00,142825,19598511,0,Wh,202,20.0,False
2025-04-13T22:40:00+08:00,142825,19598605,0,Wh,202,20.0,False
2025-04-13T23:00:00+08:00,142825,19598679,0,Wh,202,20.0,False
2025-04-13T23:20:00+08:00,142825,19598727,0,Wh,202,20.0,False
2025-04-13T23:40:00+08:00,142825,19598778,0,Wh,202,20.0,False
2025-04-14T00:00:00+08:00,142825,19598839,0,Wh,202,20.0,False
2025-04-14T00:20:00+08:00,142825,19598884,0,Wh,202,20.0,False
2025-04-14T00:40:00+08:00,142825,19598931,0,Wh,202,20.0,False
2025-04-14T01:00:00+08:00,142825,19598991,0,Wh,202,20.0,False
2025-04-14T01:20:00+08:00,142825,19599035,0,Wh,202,20.0,False
2025-04-14T01:40:00+08:00,142825,19599076,0,Wh,202,20.0,False
2025-04-14T02:00:00+08:00,142825,19599134,0,Wh,202,20.0,False
2025-04-14T02:20:00+08:00,142825,19599177,0,Wh,202,20.0,False
2025-04-14T02:40:00+08:00,142825,19599215,0,Wh,202,20.0,False
2025-04-14T03:00:00+08:00,142825,19599274,0,Wh,202,20.0,False
2025-04-14T03:20:00+08:00,142825,19599324,0,Wh,202,20.0,False
2025-04-14T03:40:00+08:00,142825,19599361,0,Wh,202,20.0,False
2025-04-14T04:00:00+08:00,142825,19599421,0,Wh,202,20.0,False
2025-04-14T04:20:00+08:00,142825,19599468,0,Wh,202,20.0,False
2025-04-14T04:40:00+08:00,142825,19599504,0,Wh,202,20.0,False
2025-04-14T05:00:00+08:00,142825,19599562,0,Wh,202,20.0,False
2025-04-14T05:20:00+08:00,142825,19599603,0,Wh,202,20.0,False
2025-04-14T05:40:00+08:00,142825,19599647,0,Wh,202,20.0,False
2025-04-14T06:00:00+08:00,142825,19599703,0,Wh,202,20.0,False
2025-04-14T06:20:00+08:00,142825,19599736,0,Wh,202,20.0,False
2025-04-14T06:40:00+08:00,142825,19599938,0,Wh,202,20.0,False
2025-04-14T07:00:00+08:00,142825,19600048,0,Wh,202,20.0,False
2025-04-14T07:20:00+08:00,142825,19600742,0,Wh,202,20.0,False
2025-04-14T07:40:00+08:00,142825,19600833,0,Wh,202,20.0,False
2025-04-14T08:00:00+08:00,142825,19600979,0,Wh,202,20.0,False
2025-04-14T08:20:00+08:00,142825,19601045,0,Wh,202,20.0,False
2025-04-14T08:40:00+08:00,142825,19601489,0,Wh,202,20.0,False
2025-04-14T09:00:00+08:00,142825,19601560,0,Wh,202,20.0,False
2025-04-14T09:20:00+08:00,142825,19601929,0,Wh,202,20.0,False
2025-04-14T09:40:00+08:00,142825,19601990,0,Wh,202,20.0,False
2025-04-14T10:00:00+08:00,142825,19602045,0,Wh,202,20.0,False
2025-04-14T10:20:00+08:00,142825,19602081,0,Wh,202,20.0,False
2025-04-14T10:40:00+08:00,142825,19602142,0,Wh,202,20.0,False
2025-04-14T11:00:00+08:00,142825,19602188,0,Wh,202,20.0,False
2025-04-14T11:20:00+08:00,142825,19602261,0,Wh,202,20.0,False
2025-04-14T11:40:00+08:00,142825,19602372,0,Wh,202,20.0,False
2025-04-14T12:00:00+08:00,142825,19602448,0,Wh,202,20.0,False
2025-04-14T12:20:00+08:00,142825,19602489,0,Wh,202,20.0,False
2025-04-14T12:40:00+08:00,142825,19602557,0,Wh,202,20.0,False
2025-04-14T13:00:00+08:00,142825,19602613,0,Wh,202,20.0,False
2025-04-14T13:20:00+08:00,142825,19602628,0,Wh,202,20.0,False
2025-04-14T13:40:00+08:00,142825,19602735,0,Wh,202,20.0,False
2025-04-14T14:00:00+08:00,142825,19603088,0,Wh,202,20.0,False
2025-04-14T14:20:00+08:00,142825,19603387,0,Wh,202,20.0,False
2025-04-14T14:40:00+08:00,142825,19603414,0,Wh,202,20.0,False
2025-04-14T15:00:00+08:00,142825,19603443,0,Wh,202,20.0,False
2025-04-14T15:20:00+08:00,142825,19603523,0,Wh,202,20.0,False
2025-04-14T15:40:00+08:00,142825,19604494,0,Wh,202,20.0,False
2025-04-14T16:00:00+08:00,142825,19604525,0,Wh,202,20.0,False
2025-04-14T16:20:00+08:00,142825,19604550,0,Wh,202,20.0,False
2025-04-14T16:40:00+08:00,142825,19604581,0,Wh,202,20.0,False
2025-04-14T17:00:00+08:00,142825,19604688,0,Wh,202,20.0,False
2025-04-14T17:20:00+08:00,142825,19604762,0,Wh,202,20.0,False
2025-04-14T17:40:00+08:00,142825,19604794,0,Wh,202,20.0,False
2025-04-14T18:00:00+08:00,142825,19604832,0,Wh,202,20.0,False
2025-04-14T18:20:00+08:00,142825,19604859,0,Wh,202,20.0,False
2025-04-14T18:40:00+08:00,142825,19604891,0,Wh,202,20.0,False
2025-04-14T19:00:00+08:00,142825,19604929,0,Wh,202,20.0,False
2025-04-14T19:20:00+08:00,142825,19605072,0,Wh,202,20.0,False
2025-04-14T19:40:00+08:00,142825,19605160,0,Wh,202,20.0,False
2025-04-14T20:00:00+08:00,142825,19605243,0,Wh,202,20.0,False
2025-04-14T20:20:00+08:00,142825,19605324,0,Wh,202,20.0,False
2025-04-14T20:40:00+08:00,142825,19605417,0,Wh,202,20.0,False
2025-04-14T21:00:00+08:00,142825,19605785,0,Wh,202,20.0,False
2025-04-14T21:20:00+08:00,142825,19606002,0,Wh,202,20.0,False
2025-04-14T21:40:00+08:00,142825,19607168,0,Wh,202,20.0,False
2025-04-14T22:00:00+08:00,142825,19607485,0,Wh,202,20.0,False
2025-04-14T22:20:00+08:00,142825,19607508,0,Wh,202,20.0,False
2025-04-14T22:40:00+08:00,142825,19607538,0,Wh,202,20.0,False
2025-04-14T23:00:00+08:00,142825,19607572,0,Wh,202,20.0,False
2025-04-14T23:20:00+08:00,142825,19607605,0,Wh,202,20.0,False
2025-04-14T23:40:00+08:00,142825,19607640,0,Wh,202,20.0,False
2025-04-15T00:00:00+08:00,142825,19607681,0,Wh,202,20.0,False
